t,TWA,AWA,u,v,r,phi,p,delta,deltaMax,alpha,CL,CD,amaLoad,brailLee,brailWind,crewPos,crewPosX,shuntPhase
0.00000,,,1.00000,0.00000,0.00000,0.00000,0.00000,0.00000,,,,,0.00000,,,,,none
0.00417,-80.00005,-74.43323,1.00527,0.00623,0.00040,-0.00073,-0.35207,0.00000,30.00000,-105.56677,-0.74214,1.06874,0.00007,0.00000,0.00000,0.00000,0.00000,none
0.00833,-80.00019,-74.39552,1.01054,0.01243,0.00080,-0.00293,-0.70285,0.00000,30.00000,-105.60448,-0.74393,1.06864,0.00029,0.00000,0.00000,0.00000,0.00000,none
0.01250,-80.00043,-74.35789,1.01582,0.01862,0.00120,-0.00659,-1.05225,0.00000,30.00000,-105.64211,-0.74572,1.06854,0.00066,0.00000,0.00000,0.00000,0.00000,none
0.01667,-80.00076,-74.32032,1.02110,0.02477,0.00160,-0.01170,-1.40020,0.00000,30.00000,-105.67968,-0.74751,1.06845,0.00117,0.00000,0.00000,0.00000,0.00000,none
0.02083,-80.00119,-74.28284,1.02639,0.03090,0.00199,-0.01826,-1.74660,0.00000,30.00000,-105.71716,-0.74929,1.06835,0.00183,0.00000,0.00000,0.00000,0.00000,none
0.02500,-80.00172,-74.24543,1.03168,0.03700,0.00239,-0.02625,-2.09138,0.00000,30.00000,-105.75457,-0.75107,1.06825,0.00263,0.00000,0.00000,0.00000,0.00000,none
0.02917,-80.00233,-74.20810,1.03698,0.04308,0.00278,-0.03568,-2.43445,0.00000,30.00000,-105.79190,-0.75284,1.06816,0.00357,0.00000,0.00000,0.00000,0.00000,none
0.03333,-80.00305,-74.17085,1.04228,0.04912,0.00318,-0.04654,-2.77573,0.00000,30.00000,-105.82915,-0.75461,1.06806,0.00465,0.00000,0.00000,0.00000,0.00000,none
0.03750,-80.00385,-74.13369,1.04758,0.05514,0.00357,-0.05881,-3.11515,0.00000,30.00000,-105.86631,-0.75638,1.06797,0.00588,0.00000,0.00000,0.00000,0.00000,none
0.04167,-80.00475,-74.09661,1.05289,0.06113,0.00396,-0.07249,-3.45261,0.00000,30.00000,-105.90339,-0.75814,1.06787,0.00725,0.00000,0.00000,0.00000,0.00000,none
0.04583,-80.00574,-74.05961,1.05820,0.06709,0.00435,-0.08758,-3.78805,0.00000,30.00000,-105.94039,-0.75990,1.06778,0.00876,0.00000,0.00000,0.00000,0.00000,none
0.05000,-80.00683,-74.02271,1.06351,0.07302,0.00474,-0.10406,-4.12139,0.00000,30.00000,-105.97729,-0.76165,1.06769,0.01041,0.00000,0.00000,0.00000,0.00000,none
0.05417,-80.00801,-73.98588,1.06883,0.07892,0.00513,-0.12192,-4.45255,0.00000,30.00000,-106.01412,-0.76338,1.06758,0.01219,0.00000,0.00000,0.00000,0.00000,none
0.05833,-80.00928,-73.94915,1.07415,0.08478,0.00552,-0.14116,-4.78144,0.00000,30.00000,-106.05085,-0.76506,1.06747,0.01412,0.00000,0.00000,0.00000,0.00000,none
0.06250,-80.01064,-73.91251,1.07948,0.09061,0.00590,-0.16176,-5.10800,0.00000,30.00000,-106.08749,-0.76674,1.06736,0.01618,0.00000,0.00000,0.00000,0.00000,none
0.06667,-80.01210,-73.87596,1.08481,0.09641,0.00629,-0.18372,-5.43216,0.00000,30.00000,-106.12404,-0.76841,1.06724,0.01837,0.00000,0.00000,0.00000,0.00000,none
0.07083,-80.01364,-73.83949,1.09015,0.10218,0.00667,-0.20703,-5.75383,0.00000,30.00000,-106.16051,-0.77008,1.06713,0.02070,0.00000,0.00000,0.00000,0.00000,none
0.07500,-80.01528,-73.80311,1.09549,0.10791,0.00706,-0.23167,-6.07296,0.00000,30.00000,-106.19689,-0.77174,1.06702,0.02317,0.00000,0.00000,0.00000,0.00000,none
0.07917,-80.01701,-73.76681,1.10083,0.11360,0.00744,-0.25763,-6.38948,0.00000,30.00000,-106.23319,-0.77341,1.06691,0.02576,0.00000,0.00000,0.00000,0.00000,none
0.08333,-80.01883,-73.73059,1.10619,0.11926,0.00782,-0.28491,-6.70331,0.00000,30.00000,-106.26941,-0.77506,1.06679,0.02849,0.00000,0.00000,0.00000,0.00000,none
0.08750,-80.02075,-73.69445,1.11155,0.12489,0.00820,-0.31349,-7.01441,0.00000,30.00000,-106.30555,-0.77672,1.06668,0.03135,0.00000,0.00000,0.00000,0.00000,none
0.09167,-80.02275,-73.65839,1.11692,0.13047,0.00858,-0.34336,-7.32269,0.00000,30.00000,-106.34161,-0.77837,1.06657,0.03434,0.00000,0.00000,0.00000,0.00000,none
0.09583,-80.02485,-73.62240,1.12230,0.13602,0.00896,-0.37451,-7.62812,0.00000,30.00000,-106.37760,-0.78001,1.06646,0.03745,0.00000,0.00000,0.00000,0.00000,none
0.10000,-80.02703,-73.58648,1.12768,0.14154,0.00934,-0.40692,-7.93061,0.00000,30.00000,-106.41352,-0.78166,1.06635,0.04069,0.00000,0.00000,0.00000,0.00000,none
0.10417,-80.02931,-73.55063,1.13308,0.14701,0.00972,-0.44059,-8.23012,0.00000,30.00000,-106.44937,-0.78330,1.06624,0.04406,0.00000,0.00000,0.00000,0.00000,none
0.10833,-80.03167,-73.51484,1.13849,0.15244,0.01010,-0.47550,-8.52660,0.00000,30.00000,-106.48516,-0.78494,1.06613,0.04755,0.00000,0.00000,0.00000,0.00000,none
0.11250,-80.03413,-73.47910,1.14391,0.15784,0.01048,-0.51164,-8.81998,0.00000,30.00000,-106.52090,-0.78657,1.06602,0.05116,0.00000,0.00000,0.00000,0.00000,none
0.11667,-80.03667,-73.44343,1.14935,0.16320,0.01085,-0.54900,-9.11022,0.00000,30.00000,-106.55657,-0.78821,1.06591,0.05490,0.00000,0.00000,0.00000,0.00000,none
0.12083,-80.03931,-73.40784,1.15479,0.16851,0.01123,-0.58756,-9.39726,0.00000,30.00000,-106.59216,-0.78983,1.06580,0.05876,0.00000,0.00000,0.00000,0.00000,none
0.12500,-80.04204,-73.37234,1.16024,0.17379,0.01160,-0.62730,-9.68106,0.00000,30.00000,-106.62766,-0.79146,1.06569,0.06273,0.00000,0.00000,0.00000,0.00000,none
0.12917,-80.04485,-73.33693,1.16570,0.17902,0.01198,-0.66823,-9.96157,0.00000,30.00000,-106.66307,-0.79308,1.06559,0.06682,0.00000,0.00000,0.00000,0.00000,none
0.13333,-80.04775,-73.30162,1.17116,0.18421,0.01235,-0.71031,-10.23875,0.00000,30.00000,-106.69838,-0.79470,1.06548,0.07103,0.00000,0.00000,0.00000,0.00000,none
0.13750,-80.05075,-73.26640,1.17663,0.18936,0.01272,-0.75355,-10.51254,0.00000,30.00000,-106.73360,-0.79631,1.06537,0.07535,0.00000,0.00000,0.00000,0.00000,none
0.14167,-80.05383,-73.23128,1.18211,0.19447,0.01310,-0.79791,-10.78292,0.00000,30.00000,-106.76872,-0.79792,1.06526,0.07979,0.00000,0.00000,0.00000,0.00000,none
0.14583,-80.05700,-73.19625,1.18759,0.19954,0.01347,-0.84340,-11.04983,0.00000,30.00000,-106.80375,-0.79952,1.06516,0.08434,0.00000,0.00000,0.00000,0.00000,none
0.15000,-80.06026,-73.16133,1.19308,0.20456,0.01384,-0.88999,-11.31325,0.00000,30.00000,-106.83867,-0.80112,1.06505,0.08900,0.00000,0.00000,0.00000,0.00000,none
0.15417,-80.06361,-73.12650,1.19858,0.20954,0.01421,-0.93767,-11.57314,0.00000,30.00000,-106.87350,-0.80271,1.06495,0.09377,0.00000,0.00000,0.00000,0.00000,none
0.15833,-80.06705,-73.09177,1.20408,0.21447,0.01458,-0.98643,-11.82946,0.00000,30.00000,-106.90823,-0.80430,1.06484,0.09864,0.00000,0.00000,0.00000,0.00000,none
0.16250,-80.07057,-73.05714,1.20960,0.21936,0.01495,-1.03624,-12.08219,0.00000,30.00000,-106.94286,-0.80588,1.06474,0.10362,0.00000,0.00000,0.00000,0.00000,none
0.16667,-80.07419,-73.02261,1.21511,0.22421,0.01532,-1.08711,-12.33128,0.00000,30.00000,-106.97739,-0.80747,1.06463,0.10871,0.00000,0.00000,0.00000,0.00000,none
0.17083,-80.07789,-72.98818,1.22064,0.22901,0.01569,-1.13900,-12.57672,0.00000,30.00000,-107.01182,-0.80904,1.06453,0.11390,0.00000,0.00000,0.00000,0.00000,none
0.17500,-80.08168,-72.95386,1.22617,0.23377,0.01606,-1.19191,-12.81848,0.00000,30.00000,-107.04614,-0.81061,1.06443,0.11919,0.00000,0.00000,0.00000,0.00000,none
0.17917,-80.08556,-72.91963,1.23171,0.23849,0.01643,-1.24582,-13.05654,0.00000,30.00000,-107.08037,-0.81218,1.06432,0.12458,0.00000,0.00000,0.00000,0.00000,none
0.18333,-80.08952,-72.88551,1.23726,0.24315,0.01680,-1.30071,-13.29086,0.00000,30.00000,-107.11449,-0.81374,1.06422,0.13007,0.00000,0.00000,0.00000,0.00000,none
0.18750,-80.09358,-72.85150,1.24281,0.24778,0.01716,-1.35657,-13.52144,0.00000,30.00000,-107.14850,-0.81530,1.06412,0.13566,0.00000,0.00000,0.00000,0.00000,none
0.19167,-80.09772,-72.81759,1.24837,0.25235,0.01753,-1.41338,-13.74825,0.00000,30.00000,-107.18241,-0.81685,1.06402,0.14134,0.00000,0.00000,0.00000,0.00000,none
0.19583,-80.10195,-72.78378,1.25394,0.25688,0.01790,-1.47113,-13.97128,0.00000,30.00000,-107.21622,-0.81840,1.06392,0.14711,0.00000,0.00000,0.00000,0.00000,none
0.20000,-80.10626,-72.75009,1.25952,0.26137,0.01826,-1.52980,-14.19051,0.00000,30.00000,-107.24991,-0.81994,1.06382,0.15298,0.00000,0.00000,0.00000,0.00000,none
0.20417,-80.11067,-72.71649,1.26510,0.26581,0.01863,-1.58938,-14.40594,0.00000,30.00000,-107.28351,-0.82148,1.06372,0.15894,0.00000,0.00000,0.00000,0.00000,none
0.20833,-80.11516,-72.68301,1.27069,0.27020,0.01899,-1.64985,-14.61754,0.00000,30.00000,-107.31699,-0.82301,1.06362,0.16498,0.00000,0.00000,0.00000,0.00000,none
0.21250,-80.11973,-72.64966,1.27628,0.27455,0.01935,-1.71119,-14.82531,0.00000,30.00000,-107.35034,-0.82453,1.06352,0.17112,0.00000,0.00000,0.00000,0.00000,none
0.21667,-80.12440,-72.61648,1.28187,0.27885,0.01972,-1.77339,-15.02925,0.00000,30.00000,-107.38352,-0.82605,1.06342,0.17734,0.00000,0.00000,0.00000,0.00000,none
0.22083,-80.12915,-72.58346,1.28745,0.28310,0.02008,-1.83643,-15.22934,0.00000,30.00000,-107.41654,-0.82756,1.06332,0.18364,0.00000,0.00000,0.00000,0.00000,none
0.22500,-80.13398,-72.55061,1.29304,0.28731,0.02044,-1.90029,-15.42559,0.00000,30.00000,-107.44939,-0.82907,1.06322,0.19003,0.00000,0.00000,0.00000,0.00000,none
0.22917,-80.13891,-72.51794,1.29861,0.29147,0.02081,-1.96497,-15.61799,0.00000,30.00000,-107.48206,-0.83056,1.06313,0.19650,0.00000,0.00000,0.00000,0.00000,none
0.23333,-80.14392,-72.48544,1.30419,0.29559,0.02117,-2.03044,-15.80655,0.00000,30.00000,-107.51456,-0.83205,1.06303,0.20304,0.00000,0.00000,0.00000,0.00000,none
0.23750,-80.14902,-72.45311,1.30975,0.29965,0.02153,-2.09668,-15.99125,0.00000,30.00000,-107.54689,-0.83353,1.06294,0.20967,0.00000,0.00000,0.00000,0.00000,none
0.24167,-80.15420,-72.42097,1.31532,0.30368,0.02189,-2.16369,-16.17211,0.00000,30.00000,-107.57903,-0.83500,1.06284,0.21637,0.00000,0.00000,0.00000,0.00000,none
0.24583,-80.15947,-72.38901,1.32087,0.30765,0.02225,-2.23145,-16.34914,0.00000,30.00000,-107.61099,-0.83646,1.06275,0.22314,0.00000,0.00000,0.00000,0.00000,none
0.25000,-80.16482,-72.35724,1.32642,0.31158,0.02261,-2.29993,-16.52233,0.00000,30.00000,-107.64276,-0.83792,1.06266,0.22999,0.00000,0.00000,0.00000,0.00000,none
0.25417,-80.17026,-72.32565,1.33196,0.31546,0.02297,-2.36913,-16.69170,0.00000,30.00000,-107.67435,-0.83936,1.06257,0.23691,0.00000,0.00000,0.00000,0.00000,none
0.25833,-80.17579,-72.29426,1.33750,0.31930,0.02333,-2.43902,-16.85725,0.00000,30.00000,-107.70574,-0.84080,1.06247,0.24390,0.00000,0.00000,0.00000,0.00000,none
0.26250,-80.18140,-72.26305,1.34303,0.32309,0.02368,-2.50960,-17.01901,0.00000,30.00000,-107.73695,-0.84223,1.06238,0.25096,0.00000,0.00000,0.00000,0.00000,none
0.26667,-80.18709,-72.23204,1.34855,0.32683,0.02404,-2.58084,-17.17697,0.00000,30.00000,-107.76796,-0.84365,1.06229,0.25808,0.00000,0.00000,0.00000,0.00000,none
0.27083,-80.19288,-72.20123,1.35406,0.33053,0.02440,-2.65273,-17.33116,0.00000,30.00000,-107.79877,-0.84506,1.06220,0.26527,0.00000,0.00000,0.00000,0.00000,none
0.27500,-80.19874,-72.17061,1.35957,0.33418,0.02475,-2.72526,-17.48159,0.00000,30.00000,-107.82939,-0.84646,1.06212,0.27253,0.00000,0.00000,0.00000,0.00000,none
0.27917,-80.20469,-72.14019,1.36507,0.33778,0.02511,-2.79841,-17.62828,0.00000,30.00000,-107.85981,-0.84785,1.06203,0.27984,0.00000,0.00000,0.00000,0.00000,none
0.28333,-80.21073,-72.10997,1.37056,0.34134,0.02546,-2.87216,-17.77125,0.00000,30.00000,-107.89003,-0.84923,1.06194,0.28722,0.00000,0.00000,0.00000,0.00000,none
0.28750,-80.21685,-72.07996,1.37603,0.34486,0.02581,-2.94650,-17.91052,0.00000,30.00000,-107.92004,-0.85061,1.06185,0.29465,0.00000,0.00000,0.00000,0.00000,none
0.29167,-80.22306,-72.05014,1.38150,0.34833,0.02617,-3.02141,-18.04611,0.00000,30.00000,-107.94986,-0.85197,1.06177,0.30214,0.00000,0.00000,0.00000,0.00000,none
0.29583,-80.22934,-72.02053,1.38697,0.35175,0.02652,-3.09688,-18.17804,0.00000,30.00000,-107.97947,-0.85333,1.06168,0.30969,0.00000,0.00000,0.00000,0.00000,none
0.30000,-80.23572,-71.99112,1.39242,0.35513,0.02687,-3.17289,-18.30635,0.00000,30.00000,-108.00888,-0.85465,1.06159,0.31729,0.00000,0.00000,0.00000,0.00000,none
0.30417,-80.24217,-71.96193,1.39786,0.35846,0.02722,-3.24942,-18.43104,0.00000,30.00000,-108.03807,-0.85592,1.06148,0.32494,0.00000,0.00000,0.00000,0.00000,none
0.30833,-80.24871,-71.93294,1.40329,0.36175,0.02757,-3.32647,-18.55214,0.00000,30.00000,-108.06706,-0.85718,1.06138,0.33265,0.00000,0.00000,0.00000,0.00000,none
0.31250,-80.25534,-71.90416,1.40871,0.36499,0.02792,-3.40402,-18.66969,0.00000,30.00000,-108.09584,-0.85843,1.06127,0.34040,0.00000,0.00000,0.00000,0.00000,none
0.31667,-80.26204,-71.87560,1.41412,0.36819,0.02827,-3.48205,-18.78370,0.00000,30.00000,-108.12440,-0.85968,1.06117,0.34820,0.00000,0.00000,0.00000,0.00000,none
0.32083,-80.26883,-71.84724,1.41951,0.37135,0.02861,-3.56055,-18.89422,0.00000,30.00000,-108.15276,-0.86091,1.06106,0.35605,0.00000,0.00000,0.00000,0.00000,none
0.32500,-80.27571,-71.81910,1.42490,0.37446,0.02896,-3.63950,-19.00126,0.00000,30.00000,-108.18090,-0.86213,1.06096,0.36395,0.00000,0.00000,0.00000,0.00000,none
0.32917,-80.28266,-71.79117,1.43028,0.37753,0.02931,-3.71889,-19.10488,0.00000,30.00000,-108.20883,-0.86335,1.06085,0.37189,0.00000,0.00000,0.00000,0.00000,none
0.33333,-80.28970,-71.76345,1.43564,0.38055,0.02965,-3.79870,-19.20510,0.00000,30.00000,-108.23655,-0.86455,1.06075,0.37987,0.00000,0.00000,0.00000,0.00000,none
0.33750,-80.29682,-71.73595,1.44100,0.38353,0.02999,-3.87892,-19.30196,0.00000,30.00000,-108.26405,-0.86575,1.06065,0.38789,0.00000,0.00000,0.00000,0.00000,none
0.34167,-80.30402,-71.70865,1.44634,0.38647,0.03034,-3.95954,-19.39549,0.00000,30.00000,-108.29135,-0.86694,1.06055,0.39595,0.00000,0.00000,0.00000,0.00000,none
0.34583,-80.31130,-71.68157,1.45167,0.38937,0.03068,-4.04055,-19.48573,0.00000,30.00000,-108.31843,-0.86811,1.06045,0.40405,0.00000,0.00000,0.00000,0.00000,none
0.35000,-80.31867,-71.65469,1.45699,0.39222,0.03102,-4.12192,-19.57272,0.00000,30.00000,-108.34531,-0.86928,1.06035,0.41219,0.00000,0.00000,0.00000,0.00000,none
0.35417,-80.32611,-71.62803,1.46230,0.39503,0.03136,-4.20365,-19.65651,0.00000,30.00000,-108.37197,-0.87044,1.06026,0.42036,0.00000,0.00000,0.00000,0.00000,none
0.35833,-80.33364,-71.60158,1.46760,0.39780,0.03170,-4.28572,-19.73712,0.00000,30.00000,-108.39842,-0.87159,1.06016,0.42857,0.00000,0.00000,0.00000,0.00000,none
0.36250,-80.34125,-71.57533,1.47289,0.40053,0.03203,-4.36812,-19.81461,0.00000,30.00000,-108.42467,-0.87273,1.06006,0.43681,0.00000,0.00000,0.00000,0.00000,none
0.36667,-80.34894,-71.54929,1.47817,0.40322,0.03237,-4.45084,-19.88902,0.00000,30.00000,-108.45071,-0.87386,1.05997,0.44508,0.00000,0.00000,0.00000,0.00000,none
0.37083,-80.35670,-71.52346,1.48343,0.40587,0.03271,-4.53386,-19.96038,0.00000,30.00000,-108.47654,-0.87499,1.05987,0.45339,0.00000,0.00000,0.00000,0.00000,none
0.37500,-80.36455,-71.49783,1.48869,0.40848,0.03304,-4.61717,-20.02874,0.00000,30.00000,-108.50217,-0.87610,1.05978,0.46172,0.00000,0.00000,0.00000,0.00000,none
0.37917,-80.37248,-71.47241,1.49393,0.41104,0.03337,-4.70076,-20.09415,0.00000,30.00000,-108.52759,-0.87721,1.05969,0.47008,0.00000,0.00000,0.00000,0.00000,none
0.38333,-80.38049,-71.44720,1.49916,0.41357,0.03370,-4.78462,-20.15665,0.00000,30.00000,-108.55280,-0.87830,1.05960,0.47846,0.00000,0.00000,0.00000,0.00000,none
0.38750,-80.38857,-71.42218,1.50439,0.41606,0.03403,-4.86873,-20.21628,0.00000,30.00000,-108.57782,-0.87939,1.05950,0.48687,0.00000,0.00000,0.00000,0.00000,none
0.39167,-80.39674,-71.39737,1.50960,0.41851,0.03436,-4.95308,-20.27310,0.00000,30.00000,-108.60263,-0.88047,1.05941,0.49531,0.00000,0.00000,0.00000,0.00000,none
0.39583,-80.40498,-71.37275,1.51480,0.42092,0.03469,-5.03767,-20.32715,0.00000,30.00000,-108.62725,-0.88154,1.05932,0.50377,0.00000,0.00000,0.00000,0.00000,none
0.40000,-80.41330,-71.34834,1.52000,0.42329,0.03502,-5.12247,-20.37848,0.00000,30.00000,-108.65166,-0.88260,1.05924,0.51225,0.00000,0.00000,0.00000,0.00000,none
0.40417,-80.42170,-71.32412,1.52518,0.42563,0.03534,-5.20748,-20.42714,0.00000,30.00000,-108.67588,-0.88366,1.05915,0.52075,0.00000,0.00000,0.00000,0.00000,none
0.40833,-80.43017,-71.30009,1.53035,0.42792,0.03567,-5.29269,-20.47317,0.00000,30.00000,-108.69991,-0.88470,1.05906,0.52927,0.00000,0.00000,0.00000,0.00000,none
0.41250,-80.43873,-71.27626,1.53552,0.43018,0.03599,-5.37809,-20.51663,0.00000,30.00000,-108.72374,-0.88574,1.05898,0.53781,0.00000,0.00000,0.00000,0.00000,none
0.41667,-80.44736,-71.25262,1.54067,0.43241,0.03631,-5.46366,-20.55756,0.00000,30.00000,-108.74738,-0.88677,1.05889,0.54637,0.00000,0.00000,0.00000,0.00000,none
0.42083,-80.45606,-71.22917,1.54582,0.43459,0.03663,-5.54940,-20.59601,0.00000,30.00000,-108.77083,-0.88778,1.05880,0.55494,0.00000,0.00000,0.00000,0.00000,none
0.42500,-80.46485,-71.20591,1.55095,0.43674,0.03695,-5.63529,-20.63204,0.00000,30.00000,-108.79409,-0.88880,1.05872,0.56353,0.00000,0.00000,0.00000,0.00000,none
0.42917,-80.47371,-71.18284,1.55608,0.43886,0.03727,-5.72133,-20.66569,0.00000,30.00000,-108.81716,-0.88980,1.05864,0.57213,0.00000,0.00000,0.00000,0.00000,none
0.43333,-80.48264,-71.15995,1.56120,0.44094,0.03758,-5.80750,-20.69702,0.00000,30.00000,-108.84005,-0.89079,1.05856,0.58075,0.00000,0.00000,0.00000,0.00000,none
0.43750,-80.49165,-71.13724,1.56631,0.44298,0.03789,-5.89380,-20.72608,0.00000,30.00000,-108.86276,-0.89178,1.05847,0.58938,0.00000,0.00000,0.00000,0.00000,none
0.44167,-80.50073,-71.11471,1.57141,0.44499,0.03821,-5.98022,-20.75292,0.00000,30.00000,-108.88529,-0.89276,1.05839,0.59802,0.00000,0.00000,0.00000,0.00000,none
0.44583,-80.50989,-71.09236,1.57651,0.44697,0.03852,-6.06674,-20.77759,0.00000,30.00000,-108.90764,-0.89373,1.05831,0.60667,0.00000,0.00000,0.00000,0.00000,none
0.45000,-80.51912,-71.07019,1.58159,0.44891,0.03883,-6.15336,-20.80014,0.00000,30.00000,-108.92981,-0.89470,1.05823,0.61534,0.00000,0.00000,0.00000,0.00000,none
0.45417,-80.52843,-71.04819,1.58667,0.45082,0.03914,-6.24007,-20.82063,0.00000,30.00000,-108.95181,-0.89565,1.05815,0.62401,0.00000,0.00000,0.00000,0.00000,none
0.45833,-80.53781,-71.02637,1.59174,0.45269,0.03944,-6.32686,-20.83911,0.00000,30.00000,-108.97363,-0.89660,1.05808,0.63269,0.00000,0.00000,0.00000,0.00000,none
0.46250,-80.54726,-71.00471,1.59681,0.45454,0.03975,-6.41373,-20.85563,0.00000,30.00000,-108.99529,-0.89755,1.05800,0.64137,0.00000,0.00000,0.00000,0.00000,none
0.46667,-80.55679,-70.98322,1.60186,0.45635,0.04005,-6.50066,-20.87025,0.00000,30.00000,-109.01678,-0.89848,1.05792,0.65007,0.00000,0.00000,0.00000,0.00000,none
0.47083,-80.56639,-70.96190,1.60692,0.45812,0.04035,-6.58765,-20.88301,0.00000,30.00000,-109.03810,-0.89941,1.05784,0.65876,0.00000,0.00000,0.00000,0.00000,none
0.47500,-80.57605,-70.94074,1.61196,0.45987,0.04065,-6.67468,-20.89397,0.00000,30.00000,-109.05926,-0.90033,1.05777,0.66747,0.00000,0.00000,0.00000,0.00000,none
0.47917,-80.58579,-70.91975,1.61700,0.46159,0.04095,-6.76176,-20.90319,0.00000,30.00000,-109.08025,-0.90124,1.05769,0.67618,0.00000,0.00000,0.00000,0.00000,none
0.48333,-80.59561,-70.89891,1.62203,0.46327,0.04125,-6.84887,-20.91071,0.00000,30.00000,-109.10109,-0.90215,1.05762,0.68489,0.00000,0.00000,0.00000,0.00000,none
0.48750,-80.60549,-70.87823,1.62706,0.46492,0.04154,-6.93601,-20.91659,0.00000,30.00000,-109.12177,-0.90305,1.05755,0.69360,0.00000,0.00000,0.00000,0.00000,none
0.49167,-80.61544,-70.85770,1.63208,0.46655,0.04183,-7.02317,-20.92088,0.00000,30.00000,-109.14230,-0.90394,1.05747,0.70232,0.00000,0.00000,0.00000,0.00000,none
0.49583,-80.62546,-70.83733,1.63710,0.46814,0.04213,-7.11035,-20.92364,0.00000,30.00000,-109.16267,-0.90482,1.05740,0.71104,0.00000,0.00000,0.00000,0.00000,none
0.50000,-80.63555,-70.81710,1.64211,0.46971,0.04242,-7.19754,-20.92491,0.00000,30.00000,-109.18290,-0.90570,1.05733,0.71975,0.00000,0.00000,0.00000,0.00000,none
0.50417,-80.64571,-70.79703,1.64712,0.47124,0.04270,-7.28472,-20.92476,0.00000,30.00000,-109.20297,-0.90658,1.05726,0.72847,0.00000,0.00000,0.00000,0.00000,none
0.50833,-80.65594,-70.77710,1.65212,0.47275,0.04299,-7.37191,-20.92323,0.00000,30.00000,-109.22290,-0.90744,1.05719,0.73719,0.00000,0.00000,0.00000,0.00000,none
0.51250,-80.66624,-70.75731,1.65712,0.47423,0.04327,-7.45908,-20.92038,0.00000,30.00000,-109.24269,-0.90830,1.05712,0.74591,0.00000,0.00000,0.00000,0.00000,none
0.51667,-80.67660,-70.73767,1.66211,0.47568,0.04356,-7.54624,-20.91626,0.00000,30.00000,-109.26233,-0.90916,1.05705,0.75462,0.00000,0.00000,0.00000,0.00000,none
0.52083,-80.68704,-70.71816,1.66710,0.47710,0.04384,-7.63338,-20.91092,0.00000,30.00000,-109.28184,-0.91001,1.05698,0.76334,0.00000,0.00000,0.00000,0.00000,none
0.52500,-80.69753,-70.69879,1.67209,0.47850,0.04412,-7.72050,-20.90441,0.00000,30.00000,-109.30121,-0.91085,1.05691,0.77205,0.00000,0.00000,0.00000,0.00000,none
0.52917,-80.70810,-70.67955,1.67707,0.47986,0.04439,-7.80758,-20.89679,0.00000,30.00000,-109.32045,-0.91168,1.05684,0.78076,0.00000,0.00000,0.00000,0.00000,none
0.53333,-80.71873,-70.66045,1.68205,0.48121,0.04467,-7.89464,-20.88811,0.00000,30.00000,-109.33955,-0.91251,1.05677,0.78946,0.00000,0.00000,0.00000,0.00000,none
0.53750,-80.72943,-70.64147,1.68703,0.48252,0.04494,-7.98165,-20.87842,0.00000,30.00000,-109.35853,-0.91334,1.05671,0.79817,0.00000,0.00000,0.00000,0.00000,none
0.54167,-80.74019,-70.62262,1.69201,0.48381,0.04521,-8.06862,-20.86778,0.00000,30.00000,-109.37738,-0.91416,1.05664,0.80686,0.00000,0.00000,0.00000,0.00000,none
0.54583,-80.75101,-70.60390,1.69698,0.48508,0.04548,-8.15555,-20.85622,0.00000,30.00000,-109.39610,-0.91497,1.05658,0.81555,0.00000,0.00000,0.00000,0.00000,none
0.55000,-80.76190,-70.58530,1.70195,0.48632,0.04575,-8.24242,-20.84381,0.00000,30.00000,-109.41470,-0.91578,1.05651,0.82424,0.00000,0.00000,0.00000,0.00000,none
0.55417,-80.77286,-70.56682,1.70692,0.48753,0.04602,-8.32924,-20.83060,0.00000,30.00000,-109.43318,-0.91659,1.05644,0.83292,0.00000,0.00000,0.00000,0.00000,none
0.55833,-80.78387,-70.54846,1.71189,0.48872,0.04628,-8.41601,-20.81664,0.00000,30.00000,-109.45154,-0.91738,1.05638,0.84160,0.00000,0.00000,0.00000,0.00000,none
0.56250,-80.79495,-70.53022,1.71686,0.48989,0.04654,-8.50272,-20.80197,0.00000,30.00000,-109.46978,-0.91818,1.05632,0.85027,0.00000,0.00000,0.00000,0.00000,none
0.56667,-80.80610,-70.51209,1.72182,0.49103,0.04680,-8.58936,-20.78665,0.00000,30.00000,-109.48791,-0.91897,1.05625,0.85894,0.00000,0.00000,0.00000,0.00000,none
0.57083,-80.81730,-70.49407,1.72679,0.49215,0.04706,-8.67594,-20.77072,0.00000,30.00000,-109.50593,-0.91975,1.05619,0.86759,0.00000,0.00000,0.00000,0.00000,none
0.57500,-80.82857,-70.47616,1.73175,0.49324,0.04732,-8.76245,-20.75425,0.00000,30.00000,-109.52384,-0.92053,1.05613,0.87624,0.00000,0.00000,0.00000,0.00000,none
0.57917,-80.83989,-70.45836,1.73671,0.49431,0.04757,-8.84889,-20.73727,0.00000,30.00000,-109.54164,-0.92130,1.05607,0.88489,0.00000,0.00000,0.00000,0.00000,none
0.58333,-80.85128,-70.44066,1.74168,0.49536,0.04782,-8.93526,-20.71983,0.00000,30.00000,-109.55934,-0.92207,1.05600,0.89353,0.00000,0.00000,0.00000,0.00000,none
0.58750,-80.86273,-70.42307,1.74664,0.49639,0.04807,-9.02155,-20.70200,0.00000,30.00000,-109.57693,-0.92284,1.05594,0.90216,0.00000,0.00000,0.00000,0.00000,none
0.59167,-80.87423,-70.40558,1.75160,0.49740,0.04832,-9.10777,-20.68380,0.00000,30.00000,-109.59442,-0.92360,1.05588,0.91078,0.00000,0.00000,0.00000,0.00000,none
0.59583,-80.88580,-70.38819,1.75657,0.49838,0.04857,-9.19392,-20.66530,0.00000,30.00000,-109.61181,-0.92435,1.05582,0.91939,0.00000,0.00000,0.00000,0.00000,none
0.60000,-80.89742,-70.37089,1.76153,0.49934,0.04881,-9.27998,-20.64653,0.00000,30.00000,-109.62911,-0.92511,1.05576,0.92800,0.00000,0.00000,0.00000,0.00000,none
0.60417,-80.90910,-70.35369,1.76650,0.50028,0.04905,-9.36597,-20.62756,0.00000,30.00000,-109.64631,-0.92585,1.05570,0.93660,0.00000,0.00000,0.00000,0.00000,none
0.60833,-80.92084,-70.33659,1.77146,0.50120,0.04930,-9.45188,-20.60842,0.00000,30.00000,-109.66341,-0.92660,1.05564,0.94519,0.00000,0.00000,0.00000,0.00000,none
0.61250,-80.93264,-70.31958,1.77643,0.50210,0.04953,-9.53771,-20.58916,0.00000,30.00000,-109.68042,-0.92734,1.05558,0.95377,0.00000,0.00000,0.00000,0.00000,none
0.61667,-80.94449,-70.30265,1.78140,0.50298,0.04977,-9.62346,-20.56983,0.00000,30.00000,-109.69735,-0.92807,1.05552,0.96235,0.00000,0.00000,0.00000,0.00000,none
0.62083,-80.95640,-70.28581,1.78637,0.50384,0.05000,-9.70912,-20.55047,0.00000,30.00000,-109.71419,-0.92881,1.05547,0.97091,0.00000,0.00000,0.00000,0.00000,none
0.62500,-80.96837,-70.26906,1.79134,0.50468,0.05024,-9.79471,-20.53114,0.00000,30.00000,-109.73094,-0.92953,1.05541,0.97947,0.00000,0.00000,0.00000,0.00000,none
0.62917,-80.98039,-70.25240,1.79631,0.50551,0.05047,-9.88022,-20.51188,0.00000,30.00000,-109.74760,-0.93026,1.05535,0.98802,0.00000,0.00000,0.00000,0.00000,none
0.63333,-80.99246,-70.23581,1.80128,0.50631,0.05070,-9.96564,-20.49272,0.00000,30.00000,-109.76419,-0.93098,1.05529,0.99656,0.00000,0.00000,0.00000,0.00000,none
0.63750,-81.00459,-70.21931,1.80626,0.50709,0.05092,-10.05099,-20.47373,0.00000,30.00000,-109.78069,-0.93170,1.05524,1.00510,0.00000,0.00000,0.00000,0.00000,none
0.64167,-81.01678,-70.20288,1.81124,0.50786,0.05115,-10.13626,-20.45491,0.00000,30.00000,-109.79712,-0.93241,1.05518,1.01363,0.00000,0.00000,0.00000,0.00000,none
0.64583,-81.02901,-70.18652,1.81622,0.50860,0.05137,-10.22145,-20.43626,0.00000,30.00000,-109.81348,-0.93312,1.05512,1.02214,0.00000,0.00000,0.00000,0.00000,none
0.65000,-81.04130,-70.17023,1.82121,0.50933,0.05159,-10.30656,-20.41780,0.00000,30.00000,-109.82977,-0.93383,1.05507,1.03066,0.00000,0.00000,0.00000,0.00000,none
0.65417,-81.05365,-70.15401,1.82620,0.51004,0.05181,-10.39160,-20.39951,0.00000,30.00000,-109.84599,-0.93454,1.05501,1.03916,0.00000,0.00000,0.00000,0.00000,none
0.65833,-81.06604,-70.13785,1.83119,0.51074,0.05202,-10.47656,-20.38139,0.00000,30.00000,-109.86215,-0.93524,1.05496,1.04766,0.00000,0.00000,0.00000,0.00000,none
0.66250,-81.07848,-70.12176,1.83619,0.51141,0.05223,-10.56144,-20.36346,0.00000,30.00000,-109.87824,-0.93594,1.05490,1.05614,0.00000,0.00000,0.00000,0.00000,none
0.66667,-81.09098,-70.10574,1.84119,0.51207,0.05244,-10.64625,-20.34570,0.00000,30.00000,-109.89426,-0.93664,1.05485,1.06463,0.00000,0.00000,0.00000,0.00000,none
0.67083,-81.10352,-70.08977,1.84619,0.51271,0.05265,-10.73099,-20.32812,0.00000,30.00000,-109.91023,-0.93733,1.05479,1.07310,0.00000,0.00000,0.00000,0.00000,none
0.67500,-81.11612,-70.07387,1.85120,0.51334,0.05286,-10.81565,-20.31072,0.00000,30.00000,-109.92613,-0.93802,1.05474,1.08157,0.00000,0.00000,0.00000,0.00000,none
0.67917,-81.12876,-70.05802,1.85622,0.51395,0.05306,-10.90024,-20.29350,0.00000,30.00000,-109.94198,-0.93871,1.05468,1.09002,0.00000,0.00000,0.00000,0.00000,none
0.68333,-81.14145,-70.04223,1.86124,0.51454,0.05326,-10.98477,-20.27646,0.00000,30.00000,-109.95777,-0.93940,1.05463,1.09848,0.00000,0.00000,0.00000,0.00000,none
0.68750,-81.15419,-70.02649,1.86626,0.51512,0.05346,-11.06922,-20.25959,0.00000,30.00000,-109.97351,-0.94008,1.05457,1.10692,0.00000,0.00000,0.00000,0.00000,none
0.69167,-81.16698,-70.01081,1.87129,0.51568,0.05366,-11.15360,-20.24290,0.00000,30.00000,-109.98919,-0.94076,1.05452,1.11536,0.00000,0.00000,0.00000,0.00000,none
0.69583,-81.17981,-69.99518,1.87632,0.51623,0.05385,-11.23791,-20.22639,0.00000,30.00000,-110.00482,-0.94143,1.05446,1.12379,0.00000,0.00000,0.00000,0.00000,none
0.70000,-81.19269,-69.97960,1.88136,0.51676,0.05405,-11.32215,-20.21006,0.00000,30.00000,-110.02040,-0.94206,1.05439,1.13221,0.00000,0.00000,0.00000,0.00000,none
0.70417,-81.20562,-69.96407,1.88640,0.51728,0.05424,-11.40632,-20.19389,0.00000,30.00000,-110.03593,-0.94270,1.05432,1.14063,0.00000,0.00000,0.00000,0.00000,none
0.70833,-81.21859,-69.94859,1.89145,0.51778,0.05442,-11.49043,-20.17790,0.00000,30.00000,-110.05141,-0.94333,1.05425,1.14904,0.00000,0.00000,0.00000,0.00000,none
0.71250,-81.23160,-69.93316,1.89650,0.51827,0.05461,-11.57447,-20.16207,0.00000,30.00000,-110.06684,-0.94396,1.05418,1.15745,0.00000,0.00000,0.00000,0.00000,none
0.71667,-81.24466,-69.91778,1.90155,0.51874,0.05479,-11.65845,-20.14642,0.00000,30.00000,-110.08222,-0.94458,1.05411,1.16584,0.00000,0.00000,0.00000,0.00000,none
0.72083,-81.25776,-69.90244,1.90662,0.51920,0.05497,-11.74236,-20.13094,0.00000,30.00000,-110.09756,-0.94521,1.05404,1.17424,0.00000,0.00000,0.00000,0.00000,none
0.72500,-81.27091,-69.88715,1.91168,0.51965,0.05515,-11.82621,-20.11563,0.00000,30.00000,-110.11285,-0.94583,1.05398,1.18262,0.00000,0.00000,0.00000,0.00000,none
0.72917,-81.28410,-69.87191,1.91675,0.52008,0.05533,-11.90999,-20.10050,0.00000,30.00000,-110.12809,-0.94645,1.05391,1.19100,0.00000,0.00000,0.00000,0.00000,none
0.73333,-81.29733,-69.85670,1.92183,0.52050,0.05550,-11.99371,-20.08553,0.00000,30.00000,-110.14330,-0.94707,1.05384,1.19937,0.00000,0.00000,0.00000,0.00000,none
0.73750,-81.31060,-69.84153,1.92691,0.52090,0.05567,-12.07737,-20.07074,0.00000,30.00000,-110.15847,-0.94769,1.05377,1.20774,0.00000,0.00000,0.00000,0.00000,none
0.74167,-81.32391,-69.82641,1.93200,0.52129,0.05584,-12.16097,-20.05612,0.00000,30.00000,-110.17359,-0.94830,1.05370,1.21610,0.00000,0.00000,0.00000,0.00000,none
0.74583,-81.33726,-69.81132,1.93709,0.52167,0.05601,-12.24451,-20.04167,0.00000,30.00000,-110.18868,-0.94892,1.05363,1.22445,0.00000,0.00000,0.00000,0.00000,none
0.75000,-81.35065,-69.79627,1.94219,0.52204,0.05618,-12.32798,-20.02739,0.00000,30.00000,-110.20373,-0.94953,1.05357,1.23280,0.00000,0.00000,0.00000,0.00000,none
0.75417,-81.36408,-69.78126,1.94729,0.52239,0.05634,-12.41140,-20.01329,0.00000,30.00000,-110.21874,-0.95014,1.05350,1.24114,0.00000,0.00000,0.00000,0.00000,none
0.75833,-81.37755,-69.76628,1.95240,0.52273,0.05650,-12.49476,-19.99936,0.00000,30.00000,-110.23372,-0.95075,1.05343,1.24948,0.00000,0.00000,0.00000,0.00000,none
0.76250,-81.39106,-69.75133,1.95752,0.52306,0.05666,-12.57806,-19.98560,0.00000,30.00000,-110.24867,-0.95136,1.05337,1.25781,0.00000,0.00000,0.00000,0.00000,none
0.76667,-81.40460,-69.73642,1.96264,0.52338,0.05682,-12.66131,-19.97201,0.00000,30.00000,-110.26358,-0.95197,1.05330,1.26613,0.00000,0.00000,0.00000,0.00000,none
0.77083,-81.41819,-69.72154,1.96776,0.52368,0.05697,-12.74450,-19.95860,0.00000,30.00000,-110.27846,-0.95258,1.05323,1.27445,0.00000,0.00000,0.00000,0.00000,none
0.77500,-81.43180,-69.70669,1.97290,0.52397,0.05712,-12.82763,-19.94536,0.00000,30.00000,-110.29331,-0.95318,1.05317,1.28276,0.00000,0.00000,0.00000,0.00000,none
0.77917,-81.44546,-69.69187,1.97803,0.52426,0.05727,-12.91071,-19.93229,0.00000,30.00000,-110.30813,-0.95378,1.05310,1.29107,0.00000,0.00000,0.00000,0.00000,none
0.78333,-81.45915,-69.67708,1.98318,0.52453,0.05742,-12.99373,-19.91940,0.00000,30.00000,-110.32292,-0.95439,1.05303,1.29937,0.00000,0.00000,0.00000,0.00000,none
0.78750,-81.47287,-69.66232,1.98832,0.52479,0.05756,-13.07670,-19.90667,0.00000,30.00000,-110.33768,-0.95499,1.05297,1.30767,0.00000,0.00000,0.00000,0.00000,none
0.79167,-81.48663,-69.64759,1.99348,0.52503,0.05771,-13.15962,-19.89413,0.00000,30.00000,-110.35241,-0.95559,1.05290,1.31596,0.00000,0.00000,0.00000,0.00000,none
0.79583,-81.50043,-69.63288,1.99864,0.52527,0.05785,-13.24249,-19.88175,0.00000,30.00000,-110.36712,-0.95619,1.05283,1.32425,0.00000,0.00000,0.00000,0.00000,none
0.80000,-81.51425,-69.61820,2.00380,0.52550,0.05799,-13.32530,-19.86955,0.00000,30.00000,-110.38180,-0.95679,1.05277,1.33253,0.00000,0.00000,0.00000,0.00000,none
0.80417,-81.52811,-69.60354,2.00898,0.52571,0.05813,-13.40807,-19.85752,0.00000,30.00000,-110.39646,-0.95738,1.05270,1.34081,0.00000,0.00000,0.00000,0.00000,none
0.80833,-81.54201,-69.58891,2.01415,0.52592,0.05826,-13.49078,-19.84566,0.00000,30.00000,-110.41109,-0.95798,1.05264,1.34908,0.00000,0.00000,0.00000,0.00000,none
0.81250,-81.55593,-69.57430,2.01934,0.52611,0.05839,-13.57345,-19.83397,0.00000,30.00000,-110.42570,-0.95857,1.05257,1.35734,0.00000,0.00000,0.00000,0.00000,none
0.81667,-81.56989,-69.55971,2.02453,0.52630,0.05852,-13.65607,-19.82246,0.00000,30.00000,-110.44029,-0.95917,1.05251,1.36561,0.00000,0.00000,0.00000,0.00000,none
0.82083,-81.58388,-69.54515,2.02972,0.52648,0.05865,-13.73864,-19.81113,0.00000,30.00000,-110.45485,-0.95976,1.05244,1.37386,0.00000,0.00000,0.00000,0.00000,none
0.82500,-81.59789,-69.53060,2.03492,0.52664,0.05878,-13.82116,-19.79996,0.00000,30.00000,-110.46940,-0.96035,1.05238,1.38212,0.00000,0.00000,0.00000,0.00000,none
0.82917,-81.61194,-69.51608,2.04013,0.52680,0.05890,-13.90364,-19.78897,0.00000,30.00000,-110.48392,-0.96095,1.05231,1.39036,0.00000,0.00000,0.00000,0.00000,none
0.83333,-81.62602,-69.50158,2.04534,0.52694,0.05903,-13.98607,-19.77815,0.00000,30.00000,-110.49842,-0.96154,1.05225,1.39861,0.00000,0.00000,0.00000,0.00000,none
0.83750,-81.64012,-69.48710,2.05055,0.52708,0.05915,-14.06845,-19.76750,0.00000,30.00000,-110.51290,-0.96213,1.05218,1.40685,0.00000,0.00000,0.00000,0.00000,none
0.84167,-81.65426,-69.47263,2.05578,0.52721,0.05927,-14.15080,-19.75703,0.00000,30.00000,-110.52737,-0.96271,1.05212,1.41508,0.00000,0.00000,0.00000,0.00000,none
0.84583,-81.66842,-69.45819,2.06101,0.52733,0.05938,-14.23310,-19.74673,0.00000,30.00000,-110.54181,-0.96330,1.05206,1.42331,0.00000,0.00000,0.00000,0.00000,none
0.85000,-81.68261,-69.44376,2.06624,0.52744,0.05950,-14.31535,-19.73660,0.00000,30.00000,-110.55624,-0.96389,1.05199,1.43154,0.00000,0.00000,0.00000,0.00000,none
0.85417,-81.69683,-69.42935,2.07148,0.52754,0.05961,-14.39757,-19.72665,0.00000,30.00000,-110.57065,-0.96448,1.05193,1.43976,0.00000,0.00000,0.00000,0.00000,none
0.85833,-81.71107,-69.41496,2.07672,0.52763,0.05972,-14.47974,-19.71686,0.00000,30.00000,-110.58504,-0.96506,1.05186,1.44797,0.00000,0.00000,0.00000,0.00000,none
0.86250,-81.72534,-69.40058,2.08198,0.52771,0.05983,-14.56187,-19.70725,0.00000,30.00000,-110.59942,-0.96565,1.05180,1.45619,0.00000,0.00000,0.00000,0.00000,none
0.86667,-81.73964,-69.38622,2.08723,0.52779,0.05993,-14.64397,-19.69782,0.00000,30.00000,-110.61378,-0.96623,1.05174,1.46440,0.00000,0.00000,0.00000,0.00000,none
0.87083,-81.75396,-69.37188,2.09249,0.52785,0.06004,-14.72602,-19.68855,0.00000,30.00000,-110.62812,-0.96682,1.05167,1.47260,0.00000,0.00000,0.00000,0.00000,none
0.87500,-81.76830,-69.35755,2.09776,0.52791,0.06014,-14.80804,-19.67946,0.00000,30.00000,-110.64245,-0.96740,1.05161,1.48080,0.00000,0.00000,0.00000,0.00000,none
0.87917,-81.78267,-69.34323,2.10303,0.52796,0.06024,-14.89002,-19.67054,0.00000,30.00000,-110.65677,-0.96799,1.05154,1.48900,0.00000,0.00000,0.00000,0.00000,none
0.88333,-81.79707,-69.32893,2.10831,0.52800,0.06034,-14.97196,-19.66179,0.00000,30.00000,-110.67107,-0.96857,1.05148,1.49720,0.00000,0.00000,0.00000,0.00000,none
0.88750,-81.81148,-69.31465,2.11359,0.52804,0.06044,-15.05387,-19.65321,0.00000,30.00000,-110.68535,-0.96915,1.05142,1.50539,0.00000,0.00000,0.00000,0.00000,none
0.89167,-81.82592,-69.30038,2.11888,0.52806,0.06053,-15.13574,-19.64481,0.00000,30.00000,-110.69962,-0.96973,1.05136,1.51357,0.00000,0.00000,0.00000,0.00000,none
0.89583,-81.84038,-69.28612,2.12417,0.52808,0.06063,-15.21757,-19.63658,0.00000,30.00000,-110.71388,-0.97031,1.05129,1.52176,0.00000,0.00000,0.00000,0.00000,none
0.90000,-81.85487,-69.27188,2.12946,0.52809,0.06072,-15.29938,-19.62851,0.00000,30.00000,-110.72812,-0.97089,1.05123,1.52994,0.00000,0.00000,0.00000,0.00000,none
0.90417,-81.86937,-69.25765,2.13477,0.52810,0.06081,-15.38115,-19.62062,0.00000,30.00000,-110.74235,-0.97147,1.05117,1.53811,0.00000,0.00000,0.00000,0.00000,none
0.90833,-81.88390,-69.24343,2.14007,0.52809,0.06089,-15.46288,-19.61291,0.00000,30.00000,-110.75657,-0.97205,1.05110,1.54629,0.00000,0.00000,0.00000,0.00000,none
0.91250,-81.89845,-69.22922,2.14538,0.52808,0.06098,-15.54459,-19.60536,0.00000,30.00000,-110.77078,-0.97263,1.05104,1.55446,0.00000,0.00000,0.00000,0.00000,none
0.91667,-81.91302,-69.21503,2.15070,0.52806,0.06106,-15.62626,-19.59798,0.00000,30.00000,-110.78497,-0.97321,1.05098,1.56263,0.00000,0.00000,0.00000,0.00000,none
0.92083,-81.92761,-69.20085,2.15602,0.52804,0.06115,-15.70790,-19.59077,0.00000,30.00000,-110.79915,-0.97379,1.05092,1.57079,0.00000,0.00000,0.00000,0.00000,none
0.92500,-81.94221,-69.18668,2.16135,0.52800,0.06123,-15.78952,-19.58374,0.00000,30.00000,-110.81332,-0.97436,1.05085,1.57895,0.00000,0.00000,0.00000,0.00000,none
0.92917,-81.95684,-69.17253,2.16667,0.52796,0.06131,-15.87110,-19.57687,0.00000,30.00000,-110.82747,-0.97494,1.05079,1.58711,0.00000,0.00000,0.00000,0.00000,none
0.93333,-81.97148,-69.15839,2.17201,0.52792,0.06138,-15.95266,-19.57018,0.00000,30.00000,-110.84161,-0.97552,1.05073,1.59527,0.00000,0.00000,0.00000,0.00000,none
0.93750,-81.98615,-69.14426,2.17735,0.52787,0.06146,-16.03419,-19.56365,0.00000,30.00000,-110.85574,-0.97609,1.05067,1.60342,0.00000,0.00000,0.00000,0.00000,none
0.94167,-82.00083,-69.13014,2.18269,0.52781,0.06153,-16.11569,-19.55730,0.00000,30.00000,-110.86986,-0.97667,1.05060,1.61157,0.00000,0.00000,0.00000,0.00000,none
0.94583,-82.01553,-69.11603,2.18803,0.52774,0.06160,-16.19716,-19.55111,0.00000,30.00000,-110.88397,-0.97724,1.05054,1.61972,0.00000,0.00000,0.00000,0.00000,none
0.95000,-82.03024,-69.10193,2.19338,0.52767,0.06167,-16.27861,-19.54509,0.00000,30.00000,-110.89807,-0.97781,1.05048,1.62786,0.00000,0.00000,0.00000,0.00000,none
0.95417,-82.04497,-69.08785,2.19874,0.52759,0.06174,-16.36004,-19.53925,0.00000,30.00000,-110.91215,-0.97839,1.05042,1.63600,0.00000,0.00000,0.00000,0.00000,none
0.95833,-82.05972,-69.07378,2.20409,0.52750,0.06181,-16.44144,-19.53357,0.00000,30.00000,-110.92622,-0.97896,1.05036,1.64414,0.00000,0.00000,0.00000,0.00000,none
0.96250,-82.07448,-69.05971,2.20945,0.52741,0.06187,-16.52282,-19.52806,0.00000,30.00000,-110.94029,-0.97953,1.05029,1.65228,0.00000,0.00000,0.00000,0.00000,none
0.96667,-82.08926,-69.04567,2.21482,0.52731,0.06194,-16.60418,-19.52272,0.00000,30.00000,-110.95433,-0.98011,1.05023,1.66042,0.00000,0.00000,0.00000,0.00000,none
0.97083,-82.10406,-69.03163,2.22019,0.52721,0.06200,-16.68551,-19.51754,0.00000,30.00000,-110.96837,-0.98068,1.05017,1.66855,0.00000,0.00000,0.00000,0.00000,none
0.97500,-82.11886,-69.01760,2.22556,0.52710,0.06206,-16.76682,-19.51253,0.00000,30.00000,-110.98240,-0.98125,1.05011,1.67668,0.00000,0.00000,0.00000,0.00000,none
0.97917,-82.13369,-69.00359,2.23093,0.52699,0.06212,-16.84811,-19.50770,0.00000,30.00000,-110.99641,-0.98182,1.05005,1.68481,0.00000,0.00000,0.00000,0.00000,none
0.98333,-82.14852,-68.98959,2.23631,0.52686,0.06217,-16.92939,-19.50302,0.00000,30.00000,-111.01041,-0.98239,1.04999,1.69294,0.00000,0.00000,0.00000,0.00000,none
0.98750,-82.16337,-68.97560,2.24169,0.52674,0.06223,-17.01064,-19.49852,0.00000,30.00000,-111.02440,-0.98296,1.04993,1.70106,0.00000,0.00000,0.00000,0.00000,none
0.99167,-82.17823,-68.96162,2.24707,0.52661,0.06228,-17.09187,-19.49418,0.00000,30.00000,-111.03838,-0.98353,1.04986,1.70919,0.00000,0.00000,0.00000,0.00000,none
0.99583,-82.19311,-68.94765,2.25246,0.52647,0.06233,-17.17309,-19.49001,0.00000,30.00000,-111.05235,-0.98410,1.04980,1.71731,0.00000,0.00000,0.00000,0.00000,none
1.00000,-82.20800,-68.93370,2.25785,0.52632,0.06239,-17.25429,-19.48600,0.00000,30.00000,-111.06630,-0.98467,1.04974,1.72543,0.00000,0.00000,0.00000,0.00000,none
1.00417,-82.22290,-68.91975,2.26324,0.52617,0.06243,-17.33548,-19.48216,0.00000,30.00000,-111.08025,-0.98524,1.04968,1.73355,0.00000,0.00000,0.00000,0.00000,none
1.00833,-82.23781,-68.90582,2.26863,0.52602,0.06248,-17.41664,-19.47848,0.00000,30.00000,-111.09418,-0.98580,1.04962,1.74166,0.00000,0.00000,0.00000,0.00000,none
1.01250,-82.25273,-68.89191,2.27403,0.52586,0.06253,-17.49780,-19.47497,0.00000,30.00000,-111.10809,-0.98637,1.04956,1.74978,0.00000,0.00000,0.00000,0.00000,none
1.01667,-82.26766,-68.87800,2.27943,0.52569,0.06257,-17.57894,-19.47163,0.00000,30.00000,-111.12200,-0.98694,1.04950,1.75789,0.00000,0.00000,0.00000,0.00000,none
1.02083,-82.28261,-68.86411,2.28483,0.52552,0.06262,-17.66006,-19.46845,0.00000,30.00000,-111.13589,-0.98750,1.04944,1.76601,0.00000,0.00000,0.00000,0.00000,none
1.02500,-82.29756,-68.85023,2.29023,0.52535,0.06266,-17.74117,-19.46543,0.00000,30.00000,-111.14977,-0.98807,1.04938,1.77412,0.00000,0.00000,0.00000,0.00000,none
1.02917,-82.31252,-68.83637,2.29564,0.52517,0.06270,-17.82227,-19.46257,0.00000,30.00000,-111.16363,-0.98863,1.04932,1.78223,0.00000,0.00000,0.00000,0.00000,none
1.03333,-82.32750,-68.82251,2.30104,0.52498,0.06274,-17.90336,-19.45988,0.00000,30.00000,-111.17749,-0.98920,1.04926,1.79034,0.00000,0.00000,0.00000,0.00000,none
1.03750,-82.34248,-68.80868,2.30645,0.52479,0.06277,-17.98444,-19.45735,0.00000,30.00000,-111.19132,-0.98976,1.04920,1.79844,0.00000,0.00000,0.00000,0.00000,none
1.04167,-82.35747,-68.79485,2.31186,0.52460,0.06281,-18.06551,-19.45498,0.00000,30.00000,-111.20515,-0.99032,1.04914,1.80655,0.00000,0.00000,0.00000,0.00000,none
1.04583,-82.37247,-68.78104,2.31727,0.52440,0.06285,-18.14656,-19.45278,0.00000,30.00000,-111.21896,-0.99089,1.04908,1.81466,0.00000,0.00000,0.00000,0.00000,none
1.05000,-82.38747,-68.76724,2.32268,0.52419,0.06288,-18.22761,-19.45074,0.00000,30.00000,-111.23276,-0.99145,1.04902,1.82276,0.00000,0.00000,0.00000,0.00000,none
1.05417,-82.40249,-68.75346,2.32810,0.52398,0.06291,-18.30865,-19.44885,0.00000,30.00000,-111.24654,-0.99201,1.04896,1.83087,0.00000,0.00000,0.00000,0.00000,none
1.05833,-82.41751,-68.73970,2.33351,0.52377,0.06294,-18.38969,-19.44713,0.00000,30.00000,-111.26030,-0.99257,1.04890,1.83897,0.00000,0.00000,0.00000,0.00000,none
1.06250,-82.43254,-68.72594,2.33892,0.52355,0.06297,-18.47071,-19.44557,0.00000,30.00000,-111.27406,-0.99313,1.04884,1.84707,0.00000,0.00000,0.00000,0.00000,none
1.06667,-82.44758,-68.71221,2.34434,0.52333,0.06300,-18.55173,-19.44417,0.00000,30.00000,-111.28779,-0.99369,1.04878,1.85517,0.00000,0.00000,0.00000,0.00000,none
1.07083,-82.46262,-68.69849,2.34976,0.52310,0.06303,-18.63275,-19.44293,0.00000,30.00000,-111.30151,-0.99425,1.04872,1.86327,0.00000,0.00000,0.00000,0.00000,none
1.07500,-82.47767,-68.68478,2.35517,0.52287,0.06305,-18.71376,-19.44184,0.00000,30.00000,-111.31522,-0.99481,1.04866,1.87138,0.00000,0.00000,0.00000,0.00000,none
1.07917,-82.49273,-68.67109,2.36059,0.52263,0.06307,-18.79476,-19.44092,0.00000,30.00000,-111.32891,-0.99536,1.04860,1.87948,0.00000,0.00000,0.00000,0.00000,none
1.08333,-82.50779,-68.65742,2.36601,0.52239,0.06310,-18.87577,-19.44015,0.00000,30.00000,-111.34258,-0.99592,1.04854,1.88758,0.00000,0.00000,0.00000,0.00000,none
1.08750,-82.52285,-68.64376,2.37143,0.52215,0.06312,-18.95676,-19.43954,0.00000,30.00000,-111.35624,-0.99648,1.04848,1.89568,0.00000,0.00000,0.00000,0.00000,none
1.09167,-82.53792,-68.63012,2.37684,0.52190,0.06314,-19.03776,-19.43909,0.00000,30.00000,-111.36988,-0.99703,1.04842,1.90378,0.00000,0.00000,0.00000,0.00000,none
1.09583,-82.55300,-68.61650,2.38226,0.52165,0.06316,-19.11876,-19.43879,0.00000,30.00000,-111.38350,-0.99759,1.04837,1.91188,0.00000,0.00000,0.00000,0.00000,none
1.10000,-82.56808,-68.60290,2.38768,0.52139,0.06318,-19.19975,-19.43865,0.00000,30.00000,-111.39710,-0.99814,1.04831,1.91998,0.00000,0.00000,0.00000,0.00000,none
1.10417,-82.58316,-68.58931,2.39309,0.52113,0.06319,-19.28075,-19.43866,0.00000,30.00000,-111.41069,-0.99870,1.04825,1.92807,0.00000,0.00000,0.00000,0.00000,none
1.10833,-82.59825,-68.57574,2.39851,0.52086,0.06321,-19.36174,-19.43883,0.00000,30.00000,-111.42426,-0.99925,1.04819,1.93617,0.00000,0.00000,0.00000,0.00000,none
1.11250,-82.61334,-68.56219,2.40392,0.52059,0.06322,-19.44274,-19.43915,0.00000,30.00000,-111.43781,-0.99980,1.04813,1.94427,0.00000,0.00000,0.00000,0.00000,none
1.11667,-82.62844,-68.54866,2.40934,0.52032,0.06324,-19.52373,-19.43963,0.00000,30.00000,-111.45134,-1.00035,1.04807,1.95237,0.00000,0.00000,0.00000,0.00000,none
1.12083,-82.64354,-68.53515,2.41475,0.52004,0.06325,-19.60473,-19.44026,0.00000,30.00000,-111.46485,-1.00090,1.04802,1.96047,0.00000,0.00000,0.00000,0.00000,none
1.12500,-82.65864,-68.52166,2.42016,0.51976,0.06326,-19.68574,-19.44104,0.00000,30.00000,-111.47834,-1.00145,1.04796,1.96857,0.00000,0.00000,0.00000,0.00000,none
1.12917,-82.67374,-68.50819,2.42558,0.51948,0.06327,-19.76674,-19.44198,0.00000,30.00000,-111.49181,-1.00200,1.04790,1.97667,0.00000,0.00000,0.00000,0.00000,none
1.13333,-82.68884,-68.49473,2.43099,0.51919,0.06328,-19.84775,-19.44307,0.00000,30.00000,-111.50527,-1.00255,1.04784,1.98478,0.00000,0.00000,0.00000,0.00000,none
1.13750,-82.70395,-68.48130,2.43639,0.51890,0.06328,-19.92877,-19.44430,0.00000,30.00000,-111.51870,-1.00309,1.04778,1.99288,0.00000,0.00000,0.00000,0.00000,none
1.14167,-82.71906,-68.46789,2.44180,0.51860,0.06329,-20.00979,-19.44569,0.00000,30.00000,-111.53211,-1.00364,1.04773,2.00098,0.00000,0.00000,0.00000,0.00000,none
1.14583,-82.73417,-68.45454,2.44720,0.51830,0.06329,-20.09082,-19.44723,0.00000,30.00000,-111.54546,-1.00419,1.04767,2.00908,0.00000,0.00000,0.00000,0.00000,none
1.15000,-82.74928,-68.44125,2.45259,0.51800,0.06330,-20.17185,-19.44892,0.00000,30.00000,-111.55875,-1.00473,1.04761,2.01718,0.00000,0.00000,0.00000,0.00000,none
1.15417,-82.76439,-68.42802,2.45797,0.51769,0.06330,-20.25289,-19.45075,0.00000,30.00000,-111.57198,-1.00527,1.04756,2.02529,0.00000,0.00000,0.00000,0.00000,none
1.15833,-82.77950,-68.41485,2.46334,0.51738,0.06330,-20.33394,-19.45273,0.00000,30.00000,-111.58515,-1.00580,1.04750,2.03339,0.00000,0.00000,0.00000,0.00000,none
1.16250,-82.79462,-68.40175,2.46870,0.51707,0.06330,-20.41500,-19.45486,0.00000,30.00000,-111.59825,-1.00634,1.04744,2.04150,0.00000,0.00000,0.00000,0.00000,none
1.16667,-82.80973,-68.38871,2.47404,0.51675,0.06330,-20.49606,-19.45713,0.00000,30.00000,-111.61129,-1.00687,1.04739,2.04961,0.00000,0.00000,0.00000,0.00000,none
1.17083,-82.82484,-68.37573,2.47938,0.51643,0.06330,-20.57714,-19.45954,0.00000,30.00000,-111.62427,-1.00740,1.04733,2.05771,0.00000,0.00000,0.00000,0.00000,none
1.17500,-82.83995,-68.36281,2.48471,0.51611,0.06330,-20.65823,-19.46210,0.00000,30.00000,-111.63719,-1.00792,1.04728,2.06582,0.00000,0.00000,0.00000,0.00000,none
1.17917,-82.85507,-68.34996,2.49003,0.51578,0.06330,-20.73932,-19.46480,0.00000,30.00000,-111.65004,-1.00844,1.04722,2.07393,0.00000,0.00000,0.00000,0.00000,none
1.18333,-82.87018,-68.33717,2.49534,0.51545,0.06329,-20.82043,-19.46764,0.00000,30.00000,-111.66283,-1.00897,1.04717,2.08204,0.00000,0.00000,0.00000,0.00000,none
1.18750,-82.88529,-68.32445,2.50064,0.51512,0.06329,-20.90155,-19.47062,0.00000,30.00000,-111.67555,-1.00948,1.04711,2.09016,0.00000,0.00000,0.00000,0.00000,none
1.19167,-82.90040,-68.31179,2.50593,0.51478,0.06328,-20.98269,-19.47373,0.00000,30.00000,-111.68821,-1.01000,1.04706,2.09827,0.00000,0.00000,0.00000,0.00000,none
1.19583,-82.91550,-68.29919,2.51120,0.51444,0.06328,-21.06384,-19.47699,0.00000,30.00000,-111.70081,-1.01051,1.04701,2.10638,0.00000,0.00000,0.00000,0.00000,none
1.20000,-82.93061,-68.28665,2.51647,0.51410,0.06327,-21.14500,-19.48038,0.00000,30.00000,-111.71335,-1.01102,1.04695,2.11450,0.00000,0.00000,0.00000,0.00000,none
1.20417,-82.94571,-68.27418,2.52173,0.51375,0.06326,-21.22617,-19.48390,0.00000,30.00000,-111.72582,-1.01153,1.04690,2.12262,0.00000,0.00000,0.00000,0.00000,none
1.20833,-82.96081,-68.26177,2.52697,0.51340,0.06325,-21.30736,-19.48756,0.00000,30.00000,-111.73823,-1.01204,1.04685,2.13074,0.00000,0.00000,0.00000,0.00000,none
1.21250,-82.97591,-68.24943,2.53221,0.51305,0.06324,-21.38857,-19.49135,0.00000,30.00000,-111.75057,-1.01254,1.04680,2.13886,0.00000,0.00000,0.00000,0.00000,none
1.21667,-82.99100,-68.23714,2.53743,0.51270,0.06323,-21.46979,-19.49527,0.00000,30.00000,-111.76286,-1.01304,1.04674,2.14698,0.00000,0.00000,0.00000,0.00000,none
1.22083,-83.00610,-68.22493,2.54265,0.51234,0.06321,-21.55103,-19.49933,0.00000,30.00000,-111.77507,-1.01354,1.04669,2.15510,0.00000,0.00000,0.00000,0.00000,none
1.22500,-83.02119,-68.21277,2.54785,0.51198,0.06320,-21.63229,-19.50351,0.00000,30.00000,-111.78723,-1.01403,1.04664,2.16323,0.00000,0.00000,0.00000,0.00000,none
1.22917,-83.03627,-68.20068,2.55304,0.51162,0.06319,-21.71356,-19.50783,0.00000,30.00000,-111.79932,-1.01453,1.04659,2.17136,0.00000,0.00000,0.00000,0.00000,none
1.23333,-83.05136,-68.18865,2.55822,0.51125,0.06317,-21.79485,-19.51227,0.00000,30.00000,-111.81135,-1.01502,1.04654,2.17949,0.00000,0.00000,0.00000,0.00000,none
1.23750,-83.06644,-68.17669,2.56339,0.51088,0.06316,-21.87616,-19.51684,0.00000,30.00000,-111.82331,-1.01550,1.04649,2.18762,0.00000,0.00000,0.00000,0.00000,none
1.24167,-83.08151,-68.16479,2.56855,0.51051,0.06314,-21.95749,-19.52153,0.00000,30.00000,-111.83521,-1.01599,1.04644,2.19575,0.00000,0.00000,0.00000,0.00000,none
1.24583,-83.09658,-68.15295,2.57369,0.51013,0.06312,-22.03884,-19.52635,0.00000,30.00000,-111.84705,-1.01647,1.04639,2.20388,0.00000,0.00000,0.00000,0.00000,none
1.25000,-83.11165,-68.14118,2.57883,0.50976,0.06310,-22.12021,-19.53129,0.00000,30.00000,-111.85882,-1.01695,1.04634,2.21202,0.00000,0.00000,0.00000,0.00000,none
1.25417,-83.12671,-68.12947,2.58395,0.50938,0.06308,-22.20160,-19.53635,0.00000,30.00000,-111.87053,-1.01743,1.04629,2.22016,0.00000,0.00000,0.00000,0.00000,none
1.25833,-83.14177,-68.11782,2.58906,0.50899,0.06306,-22.28301,-19.54153,0.00000,30.00000,-111.88218,-1.01790,1.04624,2.22830,0.00000,0.00000,0.00000,0.00000,none
1.26250,-83.15682,-68.10624,2.59416,0.50861,0.06304,-22.36445,-19.54684,0.00000,30.00000,-111.89376,-1.01837,1.04619,2.23644,0.00000,0.00000,0.00000,0.00000,none
1.26667,-83.17187,-68.09472,2.59925,0.50822,0.06302,-22.44591,-19.55226,0.00000,30.00000,-111.90528,-1.01884,1.04614,2.24459,0.00000,0.00000,0.00000,0.00000,none
1.27083,-83.18691,-68.08326,2.60433,0.50783,0.06300,-22.52738,-19.55780,0.00000,30.00000,-111.91674,-1.01931,1.04610,2.25274,0.00000,0.00000,0.00000,0.00000,none
1.27500,-83.20195,-68.07187,2.60940,0.50743,0.06297,-22.60889,-19.56346,0.00000,30.00000,-111.92813,-1.01977,1.04605,2.26089,0.00000,0.00000,0.00000,0.00000,none
1.27917,-83.21698,-68.06055,2.61445,0.50704,0.06295,-22.69041,-19.56923,0.00000,30.00000,-111.93945,-1.02023,1.04600,2.26904,0.00000,0.00000,0.00000,0.00000,none
1.28333,-83.23201,-68.04928,2.61949,0.50664,0.06293,-22.77196,-19.57512,0.00000,30.00000,-111.95072,-1.02069,1.04595,2.27720,0.00000,0.00000,0.00000,0.00000,none
1.28750,-83.24703,-68.03808,2.62452,0.50624,0.06290,-22.85354,-19.58112,0.00000,30.00000,-111.96192,-1.02115,1.04591,2.28535,0.00000,0.00000,0.00000,0.00000,none
1.29167,-83.26204,-68.02695,2.62954,0.50584,0.06287,-22.93514,-19.58723,0.00000,30.00000,-111.97305,-1.02160,1.04586,2.29351,0.00000,0.00000,0.00000,0.00000,none
1.29583,-83.27705,-68.01588,2.63455,0.50543,0.06285,-23.01677,-19.59345,0.00000,30.00000,-111.98412,-1.02205,1.04581,2.30168,0.00000,0.00000,0.00000,0.00000,none
1.30000,-83.29205,-68.00487,2.63954,0.50502,0.06282,-23.09842,-19.59979,0.00000,30.00000,-111.99513,-1.02250,1.04577,2.30984,0.00000,0.00000,0.00000,0.00000,none
1.30417,-83.30704,-67.99392,2.64453,0.50461,0.06279,-23.18010,-19.60623,0.00000,30.00000,-112.00608,-1.02293,1.04571,2.31801,0.00000,0.00000,0.00000,0.00000,none
1.30833,-83.32203,-67.98305,2.64950,0.50420,0.06276,-23.26180,-19.61277,0.00000,30.00000,-112.01695,-1.02334,1.04565,2.32618,0.00000,0.00000,0.00000,0.00000,none
1.31250,-83.33701,-67.97224,2.65446,0.50378,0.06273,-23.34354,-19.61942,0.00000,30.00000,-112.02776,-1.02374,1.04559,2.33435,0.00000,0.00000,0.00000,0.00000,none
1.31667,-83.35198,-67.96149,2.65940,0.50337,0.06270,-23.42530,-19.62616,0.00000,30.00000,-112.03851,-1.02414,1.04553,2.34253,0.00000,0.00000,0.00000,0.00000,none
1.32083,-83.36694,-67.95081,2.66433,0.50294,0.06267,-23.50709,-19.63300,0.00000,30.00000,-112.04919,-1.02454,1.04547,2.35071,0.00000,0.00000,0.00000,0.00000,none
1.32500,-83.38190,-67.94020,2.66925,0.50252,0.06264,-23.58891,-19.63994,0.00000,30.00000,-112.05980,-1.02494,1.04541,2.35889,0.00000,0.00000,0.00000,0.00000,none
1.32917,-83.39685,-67.92965,2.67416,0.50210,0.06261,-23.67076,-19.64697,0.00000,30.00000,-112.07035,-1.02534,1.04535,2.36708,0.00000,0.00000,0.00000,0.00000,none
1.33333,-83.41179,-67.91917,2.67906,0.50167,0.06257,-23.75263,-19.65409,0.00000,30.00000,-112.08083,-1.02573,1.04529,2.37526,0.00000,0.00000,0.00000,0.00000,none
1.33750,-83.42673,-67.90875,2.68394,0.50124,0.06254,-23.83454,-19.66131,0.00000,30.00000,-112.09125,-1.02612,1.04523,2.38345,0.00000,0.00000,0.00000,0.00000,none
1.34167,-83.44165,-67.89840,2.68881,0.50081,0.06250,-23.91648,-19.66862,0.00000,30.00000,-112.10160,-1.02651,1.04518,2.39165,0.00000,0.00000,0.00000,0.00000,none
1.34583,-83.45657,-67.88812,2.69366,0.50037,0.06247,-23.99845,-19.67602,0.00000,30.00000,-112.11188,-1.02689,1.04512,2.39984,0.00000,0.00000,0.00000,0.00000,none
1.35000,-83.47148,-67.87790,2.69851,0.49994,0.06243,-24.08044,-19.68352,0.00000,30.00000,-112.12210,-1.02728,1.04506,2.40804,0.00000,0.00000,0.00000,0.00000,none
1.35417,-83.48638,-67.86775,2.70334,0.49950,0.06240,-24.16247,-19.69110,0.00000,30.00000,-112.13225,-1.02766,1.04500,2.41625,0.00000,0.00000,0.00000,0.00000,none
1.35833,-83.50127,-67.85766,2.70815,0.49906,0.06236,-24.24454,-19.69877,0.00000,30.00000,-112.14234,-1.02804,1.04495,2.42445,0.00000,0.00000,0.00000,0.00000,none
1.36250,-83.51616,-67.84764,2.71296,0.49862,0.06232,-24.32663,-19.70652,0.00000,30.00000,-112.15236,-1.02841,1.04489,2.43266,0.00000,0.00000,0.00000,0.00000,none
1.36667,-83.53103,-67.83769,2.71775,0.49817,0.06228,-24.40876,-19.71436,0.00000,30.00000,-112.16231,-1.02878,1.04484,2.44088,0.00000,0.00000,0.00000,0.00000,none
1.37083,-83.54589,-67.82780,2.72253,0.49772,0.06224,-24.49092,-19.72229,0.00000,30.00000,-112.17220,-1.02915,1.04478,2.44909,0.00000,0.00000,0.00000,0.00000,none
1.37500,-83.56075,-67.81798,2.72729,0.49727,0.06220,-24.57311,-19.73030,0.00000,30.00000,-112.18202,-1.02952,1.04473,2.45731,0.00000,0.00000,0.00000,0.00000,none
1.37917,-83.57559,-67.80822,2.73205,0.49682,0.06216,-24.65534,-19.73839,0.00000,30.00000,-112.19178,-1.02989,1.04467,2.46553,0.00000,0.00000,0.00000,0.00000,none
1.38333,-83.59043,-67.79853,2.73678,0.49637,0.06212,-24.73760,-19.74657,0.00000,30.00000,-112.20147,-1.03025,1.04462,2.47376,0.00000,0.00000,0.00000,0.00000,none
1.38750,-83.60526,-67.78891,2.74151,0.49591,0.06208,-24.81989,-19.75482,0.00000,30.00000,-112.21109,-1.03061,1.04456,2.48199,0.00000,0.00000,0.00000,0.00000,none
1.39167,-83.62007,-67.77935,2.74622,0.49545,0.06204,-24.90222,-19.76316,0.00000,30.00000,-112.22065,-1.03097,1.04451,2.49022,0.00000,0.00000,0.00000,0.00000,none
1.39583,-83.63488,-67.76986,2.75092,0.49500,0.06200,-24.98458,-19.77157,0.00000,30.00000,-112.23014,-1.03133,1.04446,2.49846,0.00000,0.00000,0.00000,0.00000,none
1.40000,-83.64967,-67.76043,2.75561,0.49453,0.06195,-25.06698,-19.78006,0.00000,30.00000,-112.23957,-1.03168,1.04440,2.50670,0.00000,0.00000,0.00000,0.00000,none
1.40417,-83.66446,-67.75107,2.76028,0.49407,0.06191,-25.14942,-19.78862,0.00000,30.00000,-112.24893,-1.03203,1.04435,2.51494,0.00000,0.00000,0.00000,0.00000,none
1.40833,-83.67923,-67.74177,2.76494,0.49360,0.06187,-25.23189,-19.79727,0.00000,30.00000,-112.25823,-1.03238,1.04430,2.52319,0.00000,0.00000,0.00000,0.00000,none
1.41250,-83.69400,-67.73254,2.76958,0.49314,0.06182,-25.31440,-19.80598,0.00000,30.00000,-112.26746,-1.03273,1.04425,2.53144,0.00000,0.00000,0.00000,0.00000,none
1.41667,-83.70875,-67.72338,2.77422,0.49267,0.06178,-25.39694,-19.81477,0.00000,30.00000,-112.27662,-1.03307,1.04420,2.53969,0.00000,0.00000,0.00000,0.00000,none
1.42083,-83.72349,-67.71428,2.77883,0.49220,0.06173,-25.47952,-19.82363,0.00000,30.00000,-112.28572,-1.03341,1.04415,2.54795,0.00000,0.00000,0.00000,0.00000,none
1.42500,-83.73823,-67.70524,2.78344,0.49172,0.06168,-25.56214,-19.83256,0.00000,30.00000,-112.29476,-1.03375,1.04410,2.55621,0.00000,0.00000,0.00000,0.00000,none
1.42917,-83.75295,-67.69627,2.78803,0.49125,0.06164,-25.64479,-19.84156,0.00000,30.00000,-112.30373,-1.03408,1.04405,2.56448,0.00000,0.00000,0.00000,0.00000,none
1.43333,-83.76766,-67.68737,2.79261,0.49077,0.06159,-25.72748,-19.85063,0.00000,30.00000,-112.31263,-1.03442,1.04400,2.57275,0.00000,0.00000,0.00000,0.00000,none
1.43750,-83.78235,-67.67853,2.79717,0.49029,0.06154,-25.81021,-19.85977,0.00000,30.00000,-112.32147,-1.03475,1.04395,2.58102,0.00000,0.00000,0.00000,0.00000,none
1.44167,-83.79704,-67.66976,2.80172,0.48981,0.06149,-25.89298,-19.86897,0.00000,30.00000,-112.33024,-1.03508,1.04390,2.58930,0.00000,0.00000,0.00000,0.00000,none
1.44583,-83.81172,-67.66106,2.80626,0.48933,0.06144,-25.97579,-19.87824,0.00000,30.00000,-112.33894,-1.03540,1.04385,2.59758,0.00000,0.00000,0.00000,0.00000,none
1.45000,-83.82638,-67.65242,2.81078,0.48884,0.06140,-26.05863,-19.88758,0.00000,30.00000,-112.34758,-1.03573,1.04380,2.60586,0.00000,0.00000,0.00000,0.00000,none
1.45417,-83.84103,-67.64384,2.81529,0.48836,0.06135,-26.14152,-19.89697,0.00000,30.00000,-112.35616,-1.03605,1.04376,2.61415,0.00000,0.00000,0.00000,0.00000,none
1.45833,-83.85567,-67.63533,2.81979,0.48787,0.06129,-26.22444,-19.90643,0.00000,30.00000,-112.36467,-1.03637,1.04371,2.62244,0.00000,0.00000,0.00000,0.00000,none
1.46250,-83.87030,-67.62688,2.82427,0.48738,0.06124,-26.30740,-19.91596,0.00000,30.00000,-112.37312,-1.03669,1.04366,2.63074,0.00000,0.00000,0.00000,0.00000,none
1.46667,-83.88491,-67.61850,2.82874,0.48689,0.06119,-26.39041,-19.92554,0.00000,30.00000,-112.38150,-1.03700,1.04361,2.63904,0.00000,0.00000,0.00000,0.00000,none
1.47083,-83.89951,-67.61019,2.83319,0.48640,0.06114,-26.47345,-19.93518,0.00000,30.00000,-112.38981,-1.03731,1.04357,2.64735,0.00000,0.00000,0.00000,0.00000,none
1.47500,-83.91410,-67.60194,2.83763,0.48590,0.06109,-26.55653,-19.94488,0.00000,30.00000,-112.39806,-1.03762,1.04352,2.65565,0.00000,0.00000,0.00000,0.00000,none
1.47917,-83.92868,-67.59375,2.84206,0.48541,0.06104,-26.63966,-19.95463,0.00000,30.00000,-112.40625,-1.03793,1.04348,2.66397,0.00000,0.00000,0.00000,0.00000,none
1.48333,-83.94324,-67.58563,2.84647,0.48491,0.06098,-26.72282,-19.96445,0.00000,30.00000,-112.41437,-1.03823,1.04343,2.67228,0.00000,0.00000,0.00000,0.00000,none
1.48750,-83.95780,-67.57758,2.85087,0.48441,0.06093,-26.80603,-19.97431,0.00000,30.00000,-112.42242,-1.03853,1.04339,2.68060,0.00000,0.00000,0.00000,0.00000,none
1.49167,-83.97234,-67.56959,2.85525,0.48391,0.06087,-26.88928,-19.98423,0.00000,30.00000,-112.43041,-1.03883,1.04334,2.68893,0.00000,0.00000,0.00000,0.00000,none
1.49583,-83.98686,-67.56166,2.85962,0.48340,0.06082,-26.97256,-19.99421,0.00000,30.00000,-112.43834,-1.03913,1.04330,2.69726,0.00000,0.00000,0.00000,0.00000,none
1.50000,-84.00137,-67.55380,2.86398,0.48290,0.06076,-27.05589,-20.00423,0.00000,30.00000,-112.44620,-1.03942,1.04325,2.70559,0.00000,0.00000,0.00000,0.00000,none
1.50417,-84.01587,-67.54601,2.86832,0.48239,0.06071,-27.13927,-20.01431,0.00000,30.00000,-112.45399,-1.03972,1.04321,2.71393,0.00000,0.00000,0.00000,0.00000,none
1.50833,-84.03036,-67.53828,2.87265,0.48188,0.06065,-27.22268,-20.02444,0.00000,30.00000,-112.46172,-1.04001,1.04317,2.72227,0.00000,0.00000,0.00000,0.00000,none
1.51250,-84.04483,-67.53061,2.87697,0.48137,0.06060,-27.30614,-20.03461,0.00000,30.00000,-112.46939,-1.04029,1.04313,2.73061,0.00000,0.00000,0.00000,0.00000,none
1.51667,-84.05929,-67.52301,2.88127,0.48086,0.06054,-27.38964,-20.04484,0.00000,30.00000,-112.47699,-1.04058,1.04308,2.73896,0.00000,0.00000,0.00000,0.00000,none
1.52083,-84.07374,-67.51547,2.88555,0.48035,0.06048,-27.47318,-20.05511,0.00000,30.00000,-112.48453,-1.04086,1.04304,2.74732,0.00000,0.00000,0.00000,0.00000,none
1.52500,-84.08817,-67.50800,2.88982,0.47984,0.06042,-27.55676,-20.06542,0.00000,30.00000,-112.49200,-1.04114,1.04300,2.75568,0.00000,0.00000,0.00000,0.00000,none
1.52917,-84.10259,-67.50059,2.89408,0.47932,0.06037,-27.64039,-20.07578,0.00000,30.00000,-112.49941,-1.04142,1.04296,2.76404,0.00000,0.00000,0.00000,0.00000,none
1.53333,-84.11699,-67.49324,2.89833,0.47880,0.06031,-27.72406,-20.08618,0.00000,30.00000,-112.50676,-1.04169,1.04292,2.77241,0.00000,0.00000,0.00000,0.00000,none
1.53750,-84.13138,-67.48596,2.90256,0.47828,0.06025,-27.80777,-20.09663,0.00000,30.00000,-112.51404,-1.04197,1.04288,2.78078,0.00000,0.00000,0.00000,0.00000,none
1.54167,-84.14576,-67.47875,2.90677,0.47776,0.06019,-27.89153,-20.10712,0.00000,30.00000,-112.52125,-1.04224,1.04284,2.78915,0.00000,0.00000,0.00000,0.00000,none
1.54583,-84.16012,-67.47159,2.91097,0.47724,0.06013,-27.97533,-20.11765,0.00000,30.00000,-112.52841,-1.04251,1.04280,2.79753,0.00000,0.00000,0.00000,0.00000,none
1.55000,-84.17447,-67.46451,2.91516,0.47672,0.06007,-28.05918,-20.12821,0.00000,30.00000,-112.53549,-1.04277,1.04276,2.80592,0.00000,0.00000,0.00000,0.00000,none
1.55417,-84.18880,-67.45748,2.91933,0.47619,0.06001,-28.14307,-20.13882,0.00000,30.00000,-112.54252,-1.04304,1.04272,2.81431,0.00000,0.00000,0.00000,0.00000,none
1.55833,-84.20312,-67.45052,2.92349,0.47567,0.05995,-28.22700,-20.14946,0.00000,30.00000,-112.54948,-1.04330,1.04268,2.82270,0.00000,0.00000,0.00000,0.00000,none
1.56250,-84.21742,-67.44363,2.92764,0.47514,0.05989,-28.31098,-20.16014,0.00000,30.00000,-112.55637,-1.04355,1.04264,2.83110,0.00000,0.00000,0.00000,0.00000,none
1.56667,-84.23171,-67.43679,2.93177,0.47461,0.05982,-28.39500,-20.17086,0.00000,30.00000,-112.56321,-1.04381,1.04261,2.83950,0.00000,0.00000,0.00000,0.00000,none
1.57083,-84.24599,-67.43002,2.93588,0.47408,0.05976,-28.47907,-20.18161,0.00000,30.00000,-112.56998,-1.04406,1.04257,2.84791,0.00000,0.00000,0.00000,0.00000,none
1.57500,-84.26025,-67.42332,2.93998,0.47355,0.05970,-28.56318,-20.19239,0.00000,30.00000,-112.57668,-1.04432,1.04253,2.85632,0.00000,0.00000,0.00000,0.00000,none
1.57917,-84.27449,-67.41668,2.94407,0.47301,0.05964,-28.64734,-20.20321,0.00000,30.00000,-112.58332,-1.04456,1.04249,2.86473,0.00000,0.00000,0.00000,0.00000,none
1.58333,-84.28872,-67.41010,2.94815,0.47248,0.05957,-28.73154,-20.21405,0.00000,30.00000,-112.58990,-1.04481,1.04246,2.87315,0.00000,0.00000,0.00000,0.00000,none
1.58750,-84.30294,-67.40358,2.95220,0.47194,0.05951,-28.81579,-20.22493,0.00000,30.00000,-112.59642,-1.04506,1.04242,2.88158,0.00000,0.00000,0.00000,0.00000,none
1.59167,-84.31713,-67.39713,2.95625,0.47140,0.05944,-28.90008,-20.23583,0.00000,30.00000,-112.60287,-1.04530,1.04239,2.89001,0.00000,0.00000,0.00000,0.00000,none
1.59583,-84.33132,-67.39074,2.96028,0.47086,0.05938,-28.98442,-20.24677,0.00000,30.00000,-112.60926,-1.04554,1.04235,2.89844,0.00000,0.00000,0.00000,0.00000,none
1.60000,-84.34549,-67.38442,2.96429,0.47032,0.05932,-29.06881,-20.25773,0.00000,30.00000,-112.61558,-1.04577,1.04232,2.90688,0.00000,0.00000,0.00000,0.00000,none
1.60417,-84.35964,-67.37816,2.96830,0.46978,0.05925,-29.15324,-20.26872,0.00000,30.00000,-112.62184,-1.04601,1.04228,2.91532,0.00000,0.00000,0.00000,0.00000,none
1.60833,-84.37378,-67.37196,2.97228,0.46924,0.05918,-29.23771,-20.27973,0.00000,30.00000,-112.62804,-1.04624,1.04225,2.92377,0.00000,0.00000,0.00000,0.00000,none
1.61250,-84.38790,-67.36582,2.97626,0.46869,0.05912,-29.32224,-20.29077,0.00000,30.00000,-112.63418,-1.04647,1.04221,2.93222,0.00000,0.00000,0.00000,0.00000,none
1.61667,-84.40200,-67.35975,2.98021,0.46815,0.05905,-29.40680,-20.30183,0.00000,30.00000,-112.64025,-1.04670,1.04218,2.94068,0.00000,0.00000,0.00000,0.00000,none
1.62083,-84.41609,-67.35374,2.98416,0.46760,0.05899,-29.49142,-20.31291,0.00000,30.00000,-112.64626,-1.04692,1.04215,2.94914,0.00000,0.00000,0.00000,0.00000,none
1.62500,-84.43017,-67.34779,2.98809,0.46705,0.05892,-29.57608,-20.32401,0.00000,30.00000,-112.65221,-1.04715,1.04211,2.95761,0.00000,0.00000,0.00000,0.00000,none
1.62917,-84.44423,-67.34191,2.99200,0.46650,0.05885,-29.66078,-20.33514,0.00000,30.00000,-112.65809,-1.04737,1.04208,2.96608,0.00000,0.00000,0.00000,0.00000,none
1.63333,-84.45827,-67.33609,2.99590,0.46595,0.05879,-29.74554,-20.34628,0.00000,30.00000,-112.66391,-1.04759,1.04205,2.97455,0.00000,0.00000,0.00000,0.00000,none
1.63750,-84.47229,-67.33033,2.99979,0.46540,0.05872,-29.83034,-20.35744,0.00000,30.00000,-112.66967,-1.04780,1.04202,2.98303,0.00000,0.00000,0.00000,0.00000,none
1.64167,-84.48630,-67.32463,3.00366,0.46484,0.05865,-29.91518,-20.36862,0.00000,30.00000,-112.67537,-1.04801,1.04199,2.99152,0.00000,0.00000,0.00000,0.00000,none
1.64583,-84.50030,-67.31900,3.00752,0.46429,0.05858,-30.00008,-20.37982,0.00000,30.00000,-112.68100,-1.04823,1.04195,3.00001,0.00000,0.00000,0.00000,0.00000,none
1.65000,-84.51427,-67.31343,3.01136,0.46373,0.05851,-30.08502,-20.39160,0.00000,30.00000,-112.68657,-1.04843,1.04192,3.00850,0.00000,0.00000,0.00000,0.00000,none
1.65417,-84.52823,-67.30792,3.01519,0.46317,0.05844,-30.17001,-20.40455,0.00000,30.00000,-112.69208,-1.04864,1.04189,3.01700,0.00000,0.00000,0.00000,0.00000,none
1.65833,-84.54218,-67.30248,3.01900,0.46261,0.05837,-30.25505,-20.41864,0.00000,30.00000,-112.69752,-1.04885,1.04186,3.02551,0.00000,0.00000,0.00000,0.00000,none
1.66250,-84.55611,-67.29709,3.02280,0.46205,0.05830,-30.34016,-20.43388,0.00000,30.00000,-112.70291,-1.04905,1.04183,3.03402,0.00000,0.00000,0.00000,0.00000,none
1.66667,-84.57002,-67.29177,3.02658,0.46149,0.05823,-30.42534,-20.45027,0.00000,30.00000,-112.70823,-1.04925,1.04180,3.04253,0.00000,0.00000,0.00000,0.00000,none
1.67083,-84.58391,-67.28651,3.03035,0.46093,0.05816,-30.51058,-20.46778,0.00000,30.00000,-112.71349,-1.04944,1.04178,3.05106,0.00000,0.00000,0.00000,0.00000,none
1.67500,-84.59779,-67.28131,3.03411,0.46036,0.05809,-30.59591,-20.48643,0.00000,30.00000,-112.71869,-1.04964,1.04175,3.05959,0.00000,0.00000,0.00000,0.00000,none
1.67917,-84.61165,-67.27618,3.03785,0.45980,0.05802,-30.68131,-20.50620,0.00000,30.00000,-112.72382,-1.04983,1.04172,3.06813,0.00000,0.00000,0.00000,0.00000,none
1.68333,-84.62549,-67.27110,3.04157,0.45923,0.05795,-30.76679,-20.52709,0.00000,30.00000,-112.72890,-1.05002,1.04169,3.07668,0.00000,0.00000,0.00000,0.00000,none
1.68750,-84.63932,-67.26609,3.04529,0.45866,0.05788,-30.85237,-20.54910,0.00000,30.00000,-112.73391,-1.05021,1.04166,3.08524,0.00000,0.00000,0.00000,0.00000,none
1.69167,-84.65313,-67.26114,3.04898,0.45809,0.05781,-30.93804,-20.57221,0.00000,30.00000,-112.73886,-1.05039,1.04164,3.09380,0.00000,0.00000,0.00000,0.00000,none
1.69583,-84.66692,-67.25626,3.05267,0.45752,0.05774,-31.02380,-20.59643,0.00000,30.00000,-112.74374,-1.05058,1.04161,3.10238,0.00000,0.00000,0.00000,0.00000,none
1.70000,-84.68070,-67.25143,3.05633,0.45695,0.05767,-31.10967,-20.62174,0.00000,30.00000,-112.74857,-1.05076,1.04158,3.11097,0.00000,0.00000,0.00000,0.00000,none
1.70417,-84.69445,-67.24667,3.05999,0.45638,0.05759,-31.19565,-20.64815,0.00000,30.00000,-112.75333,-1.05094,1.04156,3.11957,0.00000,0.00000,0.00000,0.00000,none
1.70833,-84.70820,-67.24196,3.06363,0.45581,0.05752,-31.28174,-20.67565,0.00000,30.00000,-112.75804,-1.05111,1.04153,3.12817,0.00000,0.00000,0.00000,0.00000,none
1.71250,-84.72192,-67.23732,3.06725,0.45523,0.05745,-31.36795,-20.70423,0.00000,30.00000,-112.76268,-1.05129,1.04150,3.13680,0.00000,0.00000,0.00000,0.00000,none
1.71667,-84.73563,-67.23274,3.07086,0.45465,0.05738,-31.45428,-20.73389,0.00000,30.00000,-112.76726,-1.05146,1.04148,3.14543,0.00000,0.00000,0.00000,0.00000,none
1.72083,-84.74931,-67.22822,3.07445,0.45408,0.05730,-31.54074,-20.76462,0.00000,30.00000,-112.77178,-1.05163,1.04145,3.15407,0.00000,0.00000,0.00000,0.00000,none
1.72500,-84.76299,-67.22377,3.07803,0.45350,0.05723,-31.62732,-20.79643,0.00000,30.00000,-112.77623,-1.05180,1.04143,3.16273,0.00000,0.00000,0.00000,0.00000,none
1.72917,-84.77664,-67.21937,3.08160,0.45292,0.05716,-31.71404,-20.82929,0.00000,30.00000,-112.78063,-1.05196,1.04141,3.17140,0.00000,0.00000,0.00000,0.00000,none
1.73333,-84.79027,-67.21504,3.08515,0.45234,0.05708,-31.80090,-20.86322,0.00000,30.00000,-112.78496,-1.05212,1.04138,3.18009,0.00000,0.00000,0.00000,0.00000,none
1.73750,-84.80389,-67.21077,3.08869,0.45175,0.05701,-31.88790,-20.89820,0.00000,30.00000,-112.78923,-1.05228,1.04136,3.18879,0.00000,0.00000,0.00000,0.00000,none
1.74167,-84.81749,-67.20656,3.09221,0.45117,0.05693,-31.97505,-20.93423,0.00000,30.00000,-112.79344,-1.05244,1.04133,3.19751,0.00000,0.00000,0.00000,0.00000,none
1.74583,-84.83108,-67.20241,3.09572,0.45058,0.05686,-32.06236,-20.97131,0.00000,30.00000,-112.79759,-1.05260,1.04131,3.20624,0.00000,0.00000,0.00000,0.00000,none
1.75000,-84.84464,-67.19832,3.09921,0.45000,0.05678,-32.14981,-21.00942,0.00000,30.00000,-112.80168,-1.05275,1.04129,3.21498,0.00000,0.00000,0.00000,0.00000,none
1.75417,-84.85819,-67.19430,3.10269,0.44941,0.05671,-32.23744,-21.04858,0.00000,30.00000,-112.80570,-1.05290,1.04127,3.22374,0.00000,0.00000,0.00000,0.00000,none
1.75833,-84.87172,-67.19033,3.10615,0.44882,0.05663,-32.32522,-21.08877,0.00000,30.00000,-112.80967,-1.05305,1.04125,3.23252,0.00000,0.00000,0.00000,0.00000,none
1.76250,-84.88523,-67.18643,3.10960,0.44823,0.05656,-32.41318,-21.12998,0.00000,30.00000,-112.81357,-1.05320,1.04122,3.24132,0.00000,0.00000,0.00000,0.00000,none
1.76667,-84.89872,-67.18258,3.11303,0.44764,0.05648,-32.50131,-21.17222,0.00000,30.00000,-112.81742,-1.05334,1.04120,3.25013,0.00000,0.00000,0.00000,0.00000,none
1.77083,-84.91220,-67.17880,3.11645,0.44704,0.05640,-32.58961,-21.21548,0.00000,30.00000,-112.82120,-1.05348,1.04118,3.25896,0.00000,0.00000,0.00000,0.00000,none
1.77500,-84.92565,-67.17508,3.11985,0.44645,0.05633,-32.67810,-21.25976,0.00000,30.00000,-112.82492,-1.05362,1.04116,3.26781,0.00000,0.00000,0.00000,0.00000,none
1.77917,-84.93909,-67.17143,3.12324,0.44586,0.05625,-32.76678,-21.30505,0.00000,30.00000,-112.82857,-1.05376,1.04114,3.27668,0.00000,0.00000,0.00000,0.00000,none
1.78333,-84.95251,-67.16783,3.12662,0.44526,0.05618,-32.85565,-21.35134,0.00000,30.00000,-112.83217,-1.05389,1.04112,3.28556,0.00000,0.00000,0.00000,0.00000,none
1.78750,-84.96591,-67.16429,3.12998,0.44466,0.05610,-32.94471,-21.39864,0.00000,30.00000,-112.83571,-1.05403,1.04110,3.29447,0.00000,0.00000,0.00000,0.00000,none
1.79167,-84.97930,-67.16082,3.13332,0.44406,0.05602,-33.03397,-21.44693,0.00000,30.00000,-112.83918,-1.05416,1.04108,3.30340,0.00000,0.00000,0.00000,0.00000,none
1.79583,-84.99266,-67.15740,3.13665,0.44346,0.05594,-33.12343,-21.49622,0.00000,30.00000,-112.84260,-1.05428,1.04106,3.31234,0.00000,0.00000,0.00000,0.00000,none
1.80000,-85.00601,-67.15405,3.13997,0.44286,0.05587,-33.21311,-21.54651,0.00000,30.00000,-112.84595,-1.05441,1.04105,3.32131,0.00000,0.00000,0.00000,0.00000,none
1.80417,-85.01933,-67.15076,3.14327,0.44226,0.05579,-33.30299,-21.59777,0.00000,30.00000,-112.84924,-1.05453,1.04103,3.33030,0.00000,0.00000,0.00000,0.00000,none
1.80833,-85.03264,-67.14753,3.14655,0.44165,0.05571,-33.39309,-21.65003,0.00000,30.00000,-112.85247,-1.05465,1.04101,3.33931,0.00000,0.00000,0.00000,0.00000,none
1.81250,-85.04593,-67.14439,3.14982,0.44105,0.05563,-33.48341,-21.70326,0.00000,30.00000,-112.85561,-1.05477,1.04099,3.34834,0.00000,0.00000,0.00000,0.00000,none
1.81667,-85.05921,-67.14132,3.15307,0.44044,0.05555,-33.57395,-21.75746,0.00000,30.00000,-112.85868,-1.05489,1.04098,3.35740,0.00000,0.00000,0.00000,0.00000,none
1.82083,-85.07246,-67.13834,3.15630,0.43983,0.05548,-33.66472,-21.81264,0.00000,30.00000,-112.86166,-1.05500,1.04096,3.36647,0.00000,0.00000,0.00000,0.00000,none
1.82500,-85.08569,-67.13544,3.15951,0.43922,0.05540,-33.75572,-21.86878,0.00000,30.00000,-112.86456,-1.05511,1.04094,3.37557,0.00000,0.00000,0.00000,0.00000,none
1.82917,-85.09891,-67.13262,3.16270,0.43861,0.05532,-33.84696,-21.92589,0.00000,30.00000,-112.86738,-1.05521,1.04093,3.38470,0.00000,0.00000,0.00000,0.00000,none
1.83333,-85.11211,-67.12989,3.16587,0.43800,0.05524,-33.93844,-21.98396,0.00000,30.00000,-112.87011,-1.05531,1.04091,3.39384,0.00000,0.00000,0.00000,0.00000,none
1.83750,-85.12528,-67.12723,3.16902,0.43738,0.05516,-34.03016,-22.04298,0.00000,30.00000,-112.87277,-1.05541,1.04090,3.40302,0.00000,0.00000,0.00000,0.00000,none
1.84167,-85.13844,-67.12466,3.17216,0.43677,0.05508,-34.12213,-22.10295,0.00000,30.00000,-112.87534,-1.05551,1.04088,3.41221,0.00000,0.00000,0.00000,0.00000,none
1.84583,-85.15158,-67.12217,3.17527,0.43615,0.05500,-34.21436,-22.16387,0.00000,30.00000,-112.87783,-1.05560,1.04087,3.42144,0.00000,0.00000,0.00000,0.00000,none
1.85000,-85.16470,-67.11975,3.17837,0.43553,0.05492,-34.30683,-22.22573,0.00000,30.00000,-112.88025,-1.05569,1.04086,3.43068,0.00000,0.00000,0.00000,0.00000,none
1.85417,-85.17781,-67.11742,3.18145,0.43491,0.05484,-34.39957,-22.28853,0.00000,30.00000,-112.88258,-1.05578,1.04085,3.43996,0.00000,0.00000,0.00000,0.00000,none
1.85833,-85.19089,-67.11517,3.18451,0.43429,0.05476,-34.49257,-22.35227,0.00000,30.00000,-112.88483,-1.05587,1.04083,3.44926,0.00000,0.00000,0.00000,0.00000,none
1.86250,-85.20395,-67.11299,3.18755,0.43367,0.05468,-34.58584,-22.41694,0.00000,30.00000,-112.88701,-1.05595,1.04082,3.45858,0.00000,0.00000,0.00000,0.00000,none
1.86667,-85.21700,-67.11090,3.19057,0.43304,0.05460,-34.67938,-22.48254,0.00000,30.00000,-112.88910,-1.05603,1.04081,3.46794,0.00000,0.00000,0.00000,0.00000,none
1.87083,-85.23002,-67.10889,3.19358,0.43242,0.05452,-34.77320,-22.54907,0.00000,30.00000,-112.89111,-1.05610,1.04080,3.47732,0.00000,0.00000,0.00000,0.00000,none
1.87500,-85.24303,-67.10695,3.19656,0.43179,0.05444,-34.86729,-22.61651,0.00000,30.00000,-112.89305,-1.05617,1.04079,3.48673,0.00000,0.00000,0.00000,0.00000,none
1.87917,-85.25601,-67.10510,3.19953,0.43116,0.05436,-34.96167,-22.68488,0.00000,30.00000,-112.89490,-1.05624,1.04078,3.49617,0.00000,0.00000,0.00000,0.00000,none
1.88333,-85.26898,-67.10332,3.20248,0.43053,0.05427,-35.05633,-22.75415,0.00000,30.00000,-112.89668,-1.05631,1.04077,3.50563,0.00000,0.00000,0.00000,0.00000,none
1.88750,-85.28193,-67.10162,3.20541,0.42990,0.05419,-35.15129,-22.82434,0.00000,30.00000,-112.89838,-1.05637,1.04076,3.51513,0.00000,0.00000,0.00000,0.00000,none
1.89167,-85.29485,-67.10001,3.20832,0.42927,0.05411,-35.24654,-22.89543,0.00000,30.00000,-112.89999,-1.05643,1.04075,3.52465,0.00000,0.00000,0.00000,0.00000,none
1.89583,-85.30776,-67.09847,3.21121,0.42863,0.05403,-35.34209,-22.96743,0.00000,30.00000,-112.90153,-1.05649,1.04074,3.53421,0.00000,0.00000,0.00000,0.00000,none
1.90000,-85.32065,-67.09700,3.21409,0.42800,0.05395,-35.43794,-23.04032,0.00000,30.00000,-112.90300,-1.05655,1.04073,3.54379,0.00000,0.00000,0.00000,0.00000,none
1.90417,-85.33352,-67.09562,3.21695,0.42736,0.05387,-35.53409,-23.11412,0.00000,30.00000,-112.90438,-1.05660,1.04073,3.55341,0.00000,0.00000,0.00000,0.00000,none
1.90833,-85.34637,-67.09431,3.21978,0.42672,0.05378,-35.63055,-23.18880,0.00000,30.00000,-112.90569,-1.05665,1.04072,3.56306,0.00000,0.00000,0.00000,0.00000,none
1.91250,-85.35920,-67.09308,3.22260,0.42608,0.05370,-35.72733,-23.26437,0.00000,30.00000,-112.90692,-1.05669,1.04071,3.57273,0.00000,0.00000,0.00000,0.00000,none
1.91667,-85.37201,-67.09193,3.22541,0.42543,0.05362,-35.82442,-23.34083,0.00000,30.00000,-112.90807,-1.05674,1.04071,3.58244,0.00000,0.00000,0.00000,0.00000,none
1.92083,-85.38480,-67.09086,3.22819,0.42479,0.05353,-35.92184,-23.41817,0.00000,30.00000,-112.90914,-1.05678,1.04070,3.59218,0.00000,0.00000,0.00000,0.00000,none
1.92500,-85.39757,-67.08987,3.23096,0.42414,0.05345,-36.01958,-23.49639,0.00000,30.00000,-112.91013,-1.05681,1.04069,3.60196,0.00000,0.00000,0.00000,0.00000,none
1.92917,-85.41032,-67.08895,3.23370,0.42350,0.05337,-36.11764,-23.57548,0.00000,30.00000,-112.91105,-1.05685,1.04069,3.61176,0.00000,0.00000,0.00000,0.00000,none
1.93333,-85.42305,-67.08811,3.23643,0.42285,0.05329,-36.21604,-23.65544,0.00000,30.00000,-112.91189,-1.05688,1.04068,3.62160,0.00000,0.00000,0.00000,0.00000,none
1.93750,-85.43576,-67.08734,3.23914,0.42220,0.05320,-36.31477,-23.73627,0.00000,30.00000,-112.91266,-1.05691,1.04068,3.63148,0.00000,0.00000,0.00000,0.00000,none
1.94167,-85.44846,-67.08665,3.24184,0.42154,0.05312,-36.41384,-23.81797,0.00000,30.00000,-112.91335,-1.05694,1.04068,3.64138,0.00000,0.00000,0.00000,0.00000,none
1.94583,-85.46113,-67.08604,3.24451,0.42089,0.05303,-36.51326,-23.90053,0.00000,30.00000,-112.91396,-1.05696,1.04067,3.65133,0.00000,0.00000,0.00000,0.00000,none
1.95000,-85.47378,-67.08551,3.24717,0.42023,0.05295,-36.61302,-23.98394,0.00000,30.00000,-112.91449,-1.05698,1.04067,3.66130,0.00000,0.00000,0.00000,0.00000,none
1.95417,-85.48641,-67.08505,3.24981,0.41958,0.05287,-36.71313,-24.06821,0.00000,30.00000,-112.91495,-1.05700,1.04067,3.67131,0.00000,0.00000,0.00000,0.00000,none
1.95833,-85.49902,-67.08467,3.25243,0.41892,0.05278,-36.81359,-24.15333,0.00000,30.00000,-112.91533,-1.05701,1.04067,3.68136,0.00000,0.00000,0.00000,0.00000,none
1.96250,-85.51161,-67.08437,3.25503,0.41826,0.05270,-36.91440,-24.23929,0.00000,30.00000,-112.91563,-1.05702,1.04066,3.69144,0.00000,0.00000,0.00000,0.00000,none
1.96667,-85.52418,-67.08414,3.25762,0.41759,0.05261,-37.01558,-24.32610,0.00000,30.00000,-112.91586,-1.05703,1.04066,3.70156,0.00000,0.00000,0.00000,0.00000,none
1.97083,-85.53673,-67.08398,3.26018,0.41693,0.05253,-37.11712,-24.41375,0.00000,30.00000,-112.91602,-1.05704,1.04066,3.71171,0.00000,0.00000,0.00000,0.00000,none
1.97500,-85.54926,-67.08391,3.26273,0.41626,0.05244,-37.21903,-24.50223,0.00000,30.00000,-112.91609,-1.05704,1.04066,3.72190,0.00000,0.00000,0.00000,0.00000,none
1.97917,-85.56177,-67.08391,3.26526,0.41559,0.05236,-37.32131,-24.59155,0.00000,30.00000,-112.91609,-1.05704,1.04066,3.73213,0.00000,0.00000,0.00000,0.00000,none
1.98333,-85.57426,-67.08398,3.26778,0.41492,0.05227,-37.42396,-24.68169,0.00000,30.00000,-112.91602,-1.05704,1.04066,3.74240,0.00000,0.00000,0.00000,0.00000,none
1.98750,-85.58673,-67.08413,3.27027,0.41425,0.05219,-37.52699,-24.77267,0.00000,30.00000,-112.91587,-1.05703,1.04066,3.75270,0.00000,0.00000,0.00000,0.00000,none
1.99167,-85.59917,-67.08436,3.27275,0.41358,0.05210,-37.63040,-24.86446,0.00000,30.00000,-112.91564,-1.05702,1.04066,3.76304,0.00000,0.00000,0.00000,0.00000,none
1.99583,-85.61160,-67.08466,3.27521,0.41290,0.05201,-37.73420,-24.95708,0.00000,30.00000,-112.91534,-1.05701,1.04067,3.77342,0.00000,0.00000,0.00000,0.00000,none
2.00000,-85.62401,-67.08504,3.27765,0.41222,0.05193,-37.83838,-25.05051,0.00000,30.00000,-112.91496,-1.05700,1.04067,3.78384,0.00000,0.00000,0.00000,0.00000,none
2.00417,-85.63640,-67.08549,3.28007,0.41154,0.05184,-37.94295,-25.14475,0.00000,30.00000,-112.91451,-1.05698,1.04067,3.79430,0.00000,0.00000,0.00000,0.00000,none
2.00833,-85.64876,-67.08602,3.28248,0.41086,0.05176,-38.04792,-25.23980,0.00000,30.00000,-112.91398,-1.05696,1.04067,3.80479,0.00000,0.00000,0.00000,0.00000,none
2.01250,-85.66111,-67.08663,3.28487,0.41018,0.05167,-38.15328,-25.33565,0.00000,30.00000,-112.91337,-1.05694,1.04068,3.81533,0.00000,0.00000,0.00000,0.00000,none
2.01667,-85.67343,-67.08731,3.28724,0.40949,0.05158,-38.25905,-25.43231,0.00000,30.00000,-112.91269,-1.05691,1.04068,3.82591,0.00000,0.00000,0.00000,0.00000,none
2.02083,-85.68574,-67.08806,3.28959,0.40880,0.05150,-38.36522,-25.52976,0.00000,30.00000,-112.91194,-1.05688,1.04068,3.83652,0.00000,0.00000,0.00000,0.00000,none
2.02500,-85.69802,-67.08890,3.29192,0.40811,0.05141,-38.47180,-25.62801,0.00000,30.00000,-112.91110,-1.05685,1.04069,3.84718,0.00000,0.00000,0.00000,0.00000,none
2.02917,-85.71028,-67.08980,3.29424,0.40742,0.05132,-38.57879,-25.72705,0.00000,30.00000,-112.91020,-1.05682,1.04069,3.85788,0.00000,0.00000,0.00000,0.00000,none
2.03333,-85.72252,-67.09078,3.29654,0.40673,0.05123,-38.68619,-25.82687,0.00000,30.00000,-112.90922,-1.05678,1.04070,3.86862,0.00000,0.00000,0.00000,0.00000,none
2.03750,-85.73474,-67.09184,3.29882,0.40603,0.05115,-38.79401,-25.92748,0.00000,30.00000,-112.90816,-1.05674,1.04070,3.87940,0.00000,0.00000,0.00000,0.00000,none
2.04167,-85.74694,-67.09297,3.30108,0.40534,0.05106,-38.90226,-26.02887,0.00000,30.00000,-112.90703,-1.05670,1.04071,3.89023,0.00000,0.00000,0.00000,0.00000,none
2.04583,-85.75912,-67.09418,3.30332,0.40464,0.05097,-39.01092,-26.13103,0.00000,30.00000,-112.90582,-1.05665,1.04072,3.90109,0.00000,0.00000,0.00000,0.00000,none
2.05000,-85.77128,-67.09546,3.30555,0.40393,0.05088,-39.12002,-26.23396,0.00000,30.00000,-112.90454,-1.05661,1.04072,3.91200,0.00000,0.00000,0.00000,0.00000,none
2.05417,-85.78342,-67.09682,3.30776,0.40323,0.05079,-39.22954,-26.33767,0.00000,30.00000,-112.90318,-1.05655,1.04073,3.92295,0.00000,0.00000,0.00000,0.00000,none
2.05833,-85.79553,-67.09825,3.30995,0.40252,0.05071,-39.33950,-26.44213,0.00000,30.00000,-112.90175,-1.05650,1.04074,3.93395,0.00000,0.00000,0.00000,0.00000,none
2.06250,-85.80763,-67.09976,3.31212,0.40181,0.05062,-39.44989,-26.54736,0.00000,30.00000,-112.90024,-1.05644,1.04075,3.94499,0.00000,0.00000,0.00000,0.00000,none
2.06667,-85.81970,-67.10134,3.31428,0.40110,0.05053,-39.56073,-26.65335,0.00000,30.00000,-112.89866,-1.05638,1.04076,3.95607,0.00000,0.00000,0.00000,0.00000,none
2.07083,-85.83175,-67.10300,3.31642,0.40039,0.05044,-39.67200,-26.76009,0.00000,30.00000,-112.89700,-1.05632,1.04077,3.96720,0.00000,0.00000,0.00000,0.00000,none
2.07500,-85.84378,-67.10473,3.31854,0.39967,0.05035,-39.78373,-26.86757,0.00000,30.00000,-112.89527,-1.05626,1.04078,3.97837,0.00000,0.00000,0.00000,0.00000,none
2.07917,-85.85579,-67.10654,3.32064,0.39896,0.05026,-39.89590,-26.97581,0.00000,30.00000,-112.89346,-1.05619,1.04079,3.98959,0.00000,0.00000,0.00000,0.00000,none
2.08333,-85.86778,-67.10842,3.32272,0.39824,0.05017,-40.00853,-27.08478,0.00000,30.00000,-112.89158,-1.05612,1.04080,4.00085,0.00000,0.00000,0.00000,0.00000,none
2.08750,-85.87975,-67.11038,3.32479,0.39751,0.05008,-40.12161,-27.19449,0.00000,30.00000,-112.88962,-1.05605,1.04081,4.01216,0.00000,0.00000,0.00000,0.00000,none
2.09167,-85.89169,-67.11241,3.32684,0.39679,0.04999,-40.23515,-27.30494,0.00000,30.00000,-112.88759,-1.05597,1.04082,4.02351,0.00000,0.00000,0.00000,0.00000,none
2.09583,-85.90362,-67.11452,3.32887,0.39606,0.04990,-40.34915,-27.41611,0.00000,30.00000,-112.88548,-1.05589,1.04083,4.03492,0.00000,0.00000,0.00000,0.00000,none
2.10000,-85.91552,-67.11670,3.33088,0.39533,0.04981,-40.46362,-27.52801,0.00000,30.00000,-112.88330,-1.05581,1.04084,4.04636,0.00000,0.00000,0.00000,0.00000,none
2.10417,-85.92740,-67.11896,3.33287,0.39460,0.04972,-40.57855,-27.64063,0.00000,30.00000,-112.88104,-1.05572,1.04085,4.05786,0.00000,0.00000,0.00000,0.00000,none
2.10833,-85.93926,-67.12129,3.33485,0.39387,0.04963,-40.69396,-27.75397,0.00000,30.00000,-112.87871,-1.05564,1.04087,4.06940,0.00000,0.00000,0.00000,0.00000,none
2.11250,-85.95110,-67.12370,3.33681,0.39313,0.04954,-40.80984,-27.86802,0.00000,30.00000,-112.87630,-1.05555,1.04088,4.08098,0.00000,0.00000,0.00000,0.00000,none
2.11667,-85.96292,-67.12619,3.33875,0.39239,0.04945,-40.92619,-27.98278,0.00000,30.00000,-112.87381,-1.05545,1.04089,4.09262,0.00000,0.00000,0.00000,0.00000,none
2.12083,-85.97471,-67.12875,3.34067,0.39165,0.04936,-41.04303,-28.09824,0.00000,30.00000,-112.87125,-1.05536,1.04091,4.10430,0.00000,0.00000,0.00000,0.00000,none
2.12500,-85.98648,-67.13138,3.34258,0.39091,0.04927,-41.16034,-28.21440,0.00000,30.00000,-112.86862,-1.05526,1.04092,4.11603,0.00000,0.00000,0.00000,0.00000,none
2.12917,-85.99824,-67.13409,3.34446,0.39016,0.04918,-41.27815,-28.33126,0.00000,30.00000,-112.86591,-1.05516,1.04094,4.12781,0.00000,0.00000,0.00000,0.00000,none
2.13333,-86.00997,-67.13688,3.34633,0.38941,0.04909,-41.39644,-28.44880,0.00000,30.00000,-112.86312,-1.05505,1.04095,4.13964,0.00000,0.00000,0.00000,0.00000,none
2.13750,-86.02167,-67.13974,3.34818,0.38866,0.04900,-41.51522,-28.56704,0.00000,30.00000,-112.86026,-1.05495,1.04097,4.15152,0.00000,0.00000,0.00000,0.00000,none
2.14167,-86.03336,-67.14268,3.35002,0.38791,0.04890,-41.63450,-28.68596,0.00000,30.00000,-112.85732,-1.05484,1.04098,4.16345,0.00000,0.00000,0.00000,0.00000,none
2.14583,-86.04502,-67.14569,3.35183,0.38715,0.04881,-41.75427,-28.80555,0.00000,30.00000,-112.85431,-1.05472,1.04100,4.17543,0.00000,0.00000,0.00000,0.00000,none
2.15000,-86.05667,-67.14878,3.35363,0.38639,0.04872,-41.87455,-28.92582,0.00000,30.00000,-112.85122,-1.05461,1.04102,4.18745,0.00000,0.00000,0.00000,0.00000,none
2.15417,-86.06829,-67.15195,3.35541,0.38563,0.04863,-41.99532,-29.04675,0.00000,30.00000,-112.84805,-1.05449,1.04103,4.19953,0.00000,0.00000,0.00000,0.00000,none
2.15833,-86.07988,-67.15519,3.35717,0.38487,0.04853,-42.11660,-29.16835,0.00000,30.00000,-112.84481,-1.05437,1.04105,4.21166,0.00000,0.00000,0.00000,0.00000,none
2.16250,-86.09146,-67.15850,3.35891,0.38410,0.04844,-42.23839,-29.29061,0.00000,30.00000,-112.84150,-1.05424,1.04107,4.22384,0.00000,0.00000,0.00000,0.00000,none
2.16667,-86.10301,-67.16190,3.36064,0.38333,0.04835,-42.36069,-29.41352,0.00000,30.00000,-112.83810,-1.05411,1.04109,4.23607,0.00000,0.00000,0.00000,0.00000,none
2.17083,-86.11454,-67.16537,3.36234,0.38256,0.04826,-42.48351,-29.53708,0.00000,30.00000,-112.83463,-1.05398,1.04111,4.24835,0.00000,0.00000,0.00000,0.00000,none
2.17500,-86.12605,-67.16891,3.36403,0.38179,0.04816,-42.60684,-29.66128,0.00000,30.00000,-112.83109,-1.05385,1.04113,4.26068,0.00000,0.00000,0.00000,0.00000,none
2.17917,-86.13754,-67.17253,3.36570,0.38101,0.04807,-42.73068,-29.78612,0.00000,30.00000,-112.82747,-1.05372,1.04115,4.27307,0.00000,0.00000,0.00000,0.00000,none
2.18333,-86.14900,-67.17623,3.36735,0.38023,0.04798,-42.85505,-29.91160,0.00000,30.00000,-112.82377,-1.05358,1.04117,4.28551,0.00000,0.00000,0.00000,0.00000,none
2.18750,-86.16045,-67.18000,3.36899,0.37945,0.04788,-42.97995,-30.03770,0.00000,30.00000,-112.82000,-1.05344,1.04119,4.29799,0.00000,0.00000,0.00000,0.00000,none
2.19167,-86.17187,-67.18385,3.37060,0.37866,0.04779,-43.10537,-30.16443,0.00000,30.00000,-112.81615,-1.05329,1.04121,4.31054,0.00000,0.00000,0.00000,0.00000,none
2.19583,-86.18326,-67.18778,3.37220,0.37787,0.04769,-43.23132,-30.29178,0.00000,30.00000,-112.81222,-1.05314,1.04123,4.32313,0.00000,0.00000,0.00000,0.00000,none
2.20000,-86.19464,-67.19179,3.37378,0.37708,0.04760,-43.35780,-30.41974,0.00000,30.00000,-112.80821,-1.05299,1.04125,4.33578,0.00000,0.00000,0.00000,0.00000,none
2.20417,-86.20599,-67.19587,3.37534,0.37629,0.04751,-43.48482,-30.54830,0.00000,30.00000,-112.80413,-1.05284,1.04128,4.34848,0.00000,0.00000,0.00000,0.00000,none
2.20833,-86.21732,-67.20002,3.37689,0.37549,0.04741,-43.61237,-30.67747,0.00000,30.00000,-112.79998,-1.05269,1.04130,4.36124,0.00000,0.00000,0.00000,0.00000,none
2.21250,-86.22863,-67.20426,3.37841,0.37469,0.04732,-43.74047,-30.80724,0.00000,30.00000,-112.79574,-1.05253,1.04132,4.37405,0.00000,0.00000,0.00000,0.00000,none
2.21667,-86.23991,-67.20857,3.37992,0.37389,0.04722,-43.86910,-30.93759,0.00000,30.00000,-112.79143,-1.05237,1.04135,4.38691,0.00000,0.00000,0.00000,0.00000,none
2.22083,-86.25118,-67.21296,3.38140,0.37309,0.04713,-43.99828,-31.06853,0.00000,30.00000,-112.78704,-1.05220,1.04137,4.39983,0.00000,0.00000,0.00000,0.00000,none
2.22500,-86.26242,-67.21742,3.38287,0.37228,0.04703,-44.12801,-31.20005,0.00000,30.00000,-112.78258,-1.05203,1.04139,4.41280,0.00000,0.00000,0.00000,0.00000,none
2.22917,-86.27363,-67.22197,3.38433,0.37147,0.04694,-44.25828,-31.33214,0.00000,30.00000,-112.77803,-1.05186,1.04142,4.42583,0.00000,0.00000,0.00000,0.00000,none
2.23333,-86.28483,-67.22659,3.38576,0.37066,0.04684,-44.38911,-31.46480,0.00000,30.00000,-112.77341,-1.05169,1.04145,4.43891,0.00000,0.00000,0.00000,0.00000,none
2.23750,-86.29600,-67.23129,3.38717,0.36984,0.04674,-44.52049,-31.59803,0.00000,30.00000,-112.76871,-1.05151,1.04147,4.45205,0.00000,0.00000,0.00000,0.00000,none
2.24167,-86.30714,-67.23607,3.38857,0.36902,0.04665,-44.65242,-31.73180,0.00000,30.00000,-112.76393,-1.05133,1.04150,4.46524,0.00000,0.00000,0.00000,0.00000,none
2.24583,-86.31827,-67.24092,3.38995,0.36820,0.04655,-44.78492,-31.86613,0.00000,30.00000,-112.75908,-1.05115,1.04152,4.47849,0.00000,0.00000,0.00000,0.00000,none
2.25000,-86.32937,-67.24585,3.39130,0.36737,0.04646,-44.91798,-32.00100,0.00000,30.00000,-112.75415,-1.05097,1.04155,4.49180,0.00000,0.00000,0.00000,0.00000,none
2.25417,-86.34045,-67.25086,3.39265,0.36654,0.04636,-45.05160,-32.13640,0.00000,30.00000,-112.74914,-1.05078,1.04158,4.50516,0.00000,0.00000,0.00000,0.00000,none
2.25833,-86.35151,-67.25595,3.39397,0.36571,0.04626,-45.18578,-32.27234,0.00000,30.00000,-112.74405,-1.05059,1.04161,4.51858,0.00000,0.00000,0.00000,0.00000,none
2.26250,-86.36254,-67.26112,3.39527,0.36488,0.04616,-45.32053,-32.40880,0.00000,30.00000,-112.73888,-1.05040,1.04164,4.53205,0.00000,0.00000,0.00000,0.00000,none
2.26667,-86.37355,-67.26637,3.39655,0.36404,0.04607,-45.45585,-32.54578,0.00000,30.00000,-112.73363,-1.05020,1.04166,4.54559,0.00000,0.00000,0.00000,0.00000,none
2.27083,-86.38453,-67.27169,3.39782,0.36320,0.04597,-45.59175,-32.68326,0.00000,30.00000,-112.72831,-1.05000,1.04169,4.55917,0.00000,0.00000,0.00000,0.00000,none
2.27500,-86.39550,-67.27710,3.39907,0.36236,0.04587,-45.72822,-32.82125,0.00000,30.00000,-112.72290,-1.04980,1.04172,4.57282,0.00000,0.00000,0.00000,0.00000,none
2.27917,-86.40644,-67.28258,3.40030,0.36151,0.04577,-45.86526,-32.95974,0.00000,30.00000,-112.71742,-1.04959,1.04175,4.58653,0.00000,0.00000,0.00000,0.00000,none
2.28333,-86.41735,-67.28814,3.40151,0.36066,0.04568,-46.00288,-33.09872,0.00000,30.00000,-112.71186,-1.04938,1.04178,4.60029,0.00000,0.00000,0.00000,0.00000,none
2.28750,-86.42825,-67.29378,3.40270,0.35981,0.04558,-46.14108,-33.23818,0.00000,30.00000,-112.70622,-1.04917,1.04182,4.61411,0.00000,0.00000,0.00000,0.00000,none
2.29167,-86.43912,-67.29950,3.40387,0.35895,0.04548,-46.27987,-33.37811,0.00000,30.00000,-112.70050,-1.04896,1.04185,4.62799,0.00000,0.00000,0.00000,0.00000,none
2.29583,-86.44996,-67.30530,3.40502,0.35809,0.04538,-46.41923,-33.51852,0.00000,30.00000,-112.69470,-1.04874,1.04188,4.64192,0.00000,0.00000,0.00000,0.00000,none
2.30000,-86.46078,-67.31118,3.40616,0.35723,0.04528,-46.55919,-33.65938,0.00000,30.00000,-112.68882,-1.04852,1.04191,4.65592,0.00000,0.00000,0.00000,0.00000,none
2.30417,-86.47158,-67.31714,3.40727,0.35636,0.04518,-46.69973,-33.80070,0.00000,30.00000,-112.68286,-1.04830,1.04194,4.66997,0.00000,0.00000,0.00000,0.00000,none
2.30833,-86.48236,-67.32318,3.40837,0.35550,0.04509,-46.84086,-33.94247,0.00000,30.00000,-112.67682,-1.04807,1.04198,4.68409,0.00000,0.00000,0.00000,0.00000,none
2.31250,-86.49311,-67.32930,3.40945,0.35462,0.04499,-46.98258,-34.08467,0.00000,30.00000,-112.67070,-1.04784,1.04201,4.69826,0.00000,0.00000,0.00000,0.00000,none
2.31667,-86.50384,-67.33550,3.41050,0.35375,0.04489,-47.12490,-34.22730,0.00000,30.00000,-112.66450,-1.04761,1.04205,4.71249,0.00000,0.00000,0.00000,0.00000,none
2.32083,-86.51454,-67.34179,3.41154,0.35287,0.04479,-47.26781,-34.37036,0.00000,30.00000,-112.65821,-1.04737,1.04208,4.72678,0.00000,0.00000,0.00000,0.00000,none
2.32500,-86.52522,-67.34815,3.41256,0.35199,0.04469,-47.41132,-34.51383,0.00000,30.00000,-112.65185,-1.04713,1.04212,4.74113,0.00000,0.00000,0.00000,0.00000,none
2.32917,-86.53588,-67.35459,3.41356,0.35110,0.04459,-47.55543,-34.65771,0.00000,30.00000,-112.64541,-1.04689,1.04215,4.75554,0.00000,0.00000,0.00000,0.00000,none
2.33333,-86.54651,-67.36111,3.41455,0.35022,0.04449,-47.70014,-34.80198,0.00000,30.00000,-112.63889,-1.04665,1.04219,4.77001,0.00000,0.00000,0.00000,0.00000,none
2.33750,-86.55712,-67.36772,3.41551,0.34933,0.04439,-47.84545,-34.94665,0.00000,30.00000,-112.63228,-1.04640,1.04222,4.78454,0.00000,0.00000,0.00000,0.00000,none
2.34167,-86.56770,-67.37440,3.41645,0.34843,0.04429,-47.99136,-35.09169,0.00000,30.00000,-112.62560,-1.04615,1.04226,4.79914,0.00000,0.00000,0.00000,0.00000,none
2.34583,-86.57826,-67.38117,3.41738,0.34753,0.04418,-48.13788,-35.23712,0.00000,30.00000,-112.61883,-1.04590,1.04230,4.81379,0.00000,0.00000,0.00000,0.00000,none
2.35000,-86.58880,-67.38802,3.41828,0.34663,0.04408,-48.28500,-35.38290,0.00000,30.00000,-112.61198,-1.04564,1.04234,4.82850,0.00000,0.00000,0.00000,0.00000,none
2.35417,-86.59931,-67.39495,3.41917,0.34573,0.04398,-48.43273,-35.52904,0.00000,30.00000,-112.60505,-1.04538,1.04237,4.84327,0.00000,0.00000,0.00000,0.00000,none
2.35833,-86.60980,-67.40197,3.42003,0.34482,0.04388,-48.58108,-35.67553,0.00000,30.00000,-112.59803,-1.04512,1.04241,4.85811,0.00000,0.00000,0.00000,0.00000,none
2.36250,-86.62026,-67.40906,3.42088,0.34391,0.04378,-48.73003,-35.82236,0.00000,30.00000,-112.59094,-1.04485,1.04245,4.87300,0.00000,0.00000,0.00000,0.00000,none
2.36667,-86.63070,-67.41624,3.42171,0.34300,0.04368,-48.87960,-35.96951,0.00000,30.00000,-112.58376,-1.04458,1.04249,4.88796,0.00000,0.00000,0.00000,0.00000,none
2.37083,-86.64112,-67.42350,3.42251,0.34208,0.04357,-49.02978,-36.11699,0.00000,30.00000,-112.57650,-1.04431,1.04253,4.90298,0.00000,0.00000,0.00000,0.00000,none
2.37500,-86.65151,-67.43084,3.42330,0.34116,0.04347,-49.18057,-36.26477,0.00000,30.00000,-112.56916,-1.04403,1.04257,4.91806,0.00000,0.00000,0.00000,0.00000,none
2.37917,-86.66187,-67.43827,3.42407,0.34024,0.04337,-49.33198,-36.41286,0.00000,30.00000,-112.56173,-1.04376,1.04261,4.93320,0.00000,0.00000,0.00000,0.00000,none
2.38333,-86.67221,-67.44578,3.42482,0.33931,0.04327,-49.48401,-36.56123,0.00000,30.00000,-112.55422,-1.04347,1.04266,4.94840,0.00000,0.00000,0.00000,0.00000,none
2.38750,-86.68253,-67.45337,3.42555,0.33838,0.04316,-49.63666,-36.70989,0.00000,30.00000,-112.54663,-1.04319,1.04270,4.96367,0.00000,0.00000,0.00000,0.00000,none
2.39167,-86.69282,-67.46105,3.42626,0.33745,0.04306,-49.78993,-36.85882,0.00000,30.00000,-112.53895,-1.04290,1.04274,4.97899,0.00000,0.00000,0.00000,0.00000,none
2.39583,-86.70309,-67.46881,3.42695,0.33651,0.04296,-49.94382,-37.00801,0.00000,30.00000,-112.53119,-1.04261,1.04278,4.99438,0.00000,0.00000,0.00000,0.00000,none
2.40000,-86.71333,-67.47665,3.42762,0.33557,0.04285,-50.09833,-37.15746,0.00000,30.00000,-112.52335,-1.04232,1.04283,5.00983,0.00000,0.00000,0.00000,0.00000,none
2.40417,-86.72355,-67.48458,3.42827,0.33463,0.04275,-50.25347,-37.30714,0.00000,30.00000,-112.51542,-1.04202,1.04287,5.02535,0.00000,0.00000,0.00000,0.00000,none
2.40833,-86.73375,-67.49259,3.42890,0.33368,0.04265,-50.40922,-37.45705,0.00000,30.00000,-112.50741,-1.04172,1.04291,5.04092,0.00000,0.00000,0.00000,0.00000,none
2.41250,-86.74392,-67.50068,3.42950,0.33273,0.04254,-50.56561,-37.60719,0.00000,30.00000,-112.49932,-1.04142,1.04296,5.05656,0.00000,0.00000,0.00000,0.00000,none
2.41667,-86.75406,-67.50886,3.43009,0.33178,0.04244,-50.72262,-37.75754,0.00000,30.00000,-112.49114,-1.04111,1.04300,5.07226,0.00000,0.00000,0.00000,0.00000,none
2.42083,-86.76418,-67.51713,3.43066,0.33082,0.04233,-50.88025,-37.90808,0.00000,30.00000,-112.48287,-1.04080,1.04305,5.08803,0.00000,0.00000,0.00000,0.00000,none
2.42500,-86.77427,-67.52548,3.43121,0.32986,0.04223,-51.03852,-38.05881,0.00000,30.00000,-112.47452,-1.04049,1.04310,5.10385,0.00000,0.00000,0.00000,0.00000,none
2.42917,-86.78434,-67.53391,3.43174,0.32889,0.04213,-51.19741,-38.20972,0.00000,30.00000,-112.46609,-1.04017,1.04314,5.11974,0.00000,0.00000,0.00000,0.00000,none
2.43333,-86.79439,-67.54243,3.43225,0.32793,0.04202,-51.35693,-38.36080,0.00000,30.00000,-112.45757,-1.03985,1.04319,5.13569,0.00000,0.00000,0.00000,0.00000,none
2.43750,-86.80441,-67.55104,3.43274,0.32696,0.04192,-51.51708,-38.51203,0.00000,30.00000,-112.44896,-1.03953,1.04324,5.15171,0.00000,0.00000,0.00000,0.00000,none
2.44167,-86.81440,-67.55973,3.43321,0.32598,0.04181,-51.67787,-38.66340,0.00000,30.00000,-112.44027,-1.03920,1.04329,5.16779,0.00000,0.00000,0.00000,0.00000,none
2.44583,-86.82437,-67.56851,3.43366,0.32501,0.04170,-51.83928,-38.81490,0.00000,30.00000,-112.43149,-1.03887,1.04334,5.18393,0.00000,0.00000,0.00000,0.00000,none
2.45000,-86.83431,-67.57737,3.43409,0.32403,0.04160,-52.00132,-38.96652,0.00000,30.00000,-112.42263,-1.03854,1.04339,5.20013,0.00000,0.00000,0.00000,0.00000,none
2.45417,-86.84423,-67.58632,3.43450,0.32304,0.04149,-52.16400,-39.11826,0.00000,30.00000,-112.41368,-1.03821,1.04344,5.21640,0.00000,0.00000,0.00000,0.00000,none
2.45833,-86.85412,-67.59535,3.43488,0.32206,0.04139,-52.32731,-39.27008,0.00000,30.00000,-112.40465,-1.03787,1.04349,5.23273,0.00000,0.00000,0.00000,0.00000,none
2.46250,-86.86399,-67.60448,3.43525,0.32107,0.04128,-52.49125,-39.42199,0.00000,30.00000,-112.39552,-1.03753,1.04354,5.24913,0.00000,0.00000,0.00000,0.00000,none
2.46667,-86.87383,-67.61369,3.43560,0.32007,0.04117,-52.65583,-39.57397,0.00000,30.00000,-112.38631,-1.03718,1.04359,5.26558,0.00000,0.00000,0.00000,0.00000,none
2.47083,-86.88365,-67.62298,3.43592,0.31908,0.04107,-52.82103,-39.72601,0.00000,30.00000,-112.37702,-1.03683,1.04364,5.28210,0.00000,0.00000,0.00000,0.00000,none
2.47500,-86.89344,-67.63237,3.43623,0.31808,0.04096,-52.98688,-39.87810,0.00000,30.00000,-112.36763,-1.03648,1.04369,5.29869,0.00000,0.00000,0.00000,0.00000,none
2.47917,-86.90321,-67.64184,3.43651,0.31707,0.04085,-53.15335,-40.03022,0.00000,30.00000,-112.35816,-1.03613,1.04374,5.31534,0.00000,0.00000,0.00000,0.00000,none
2.48333,-86.91295,-67.65139,3.43677,0.31606,0.04075,-53.32046,-40.18236,0.00000,30.00000,-112.34861,-1.03577,1.04380,5.33205,0.00000,0.00000,0.00000,0.00000,none
2.48750,-86.92266,-67.66104,3.43702,0.31505,0.04064,-53.48821,-40.33451,0.00000,30.00000,-112.33896,-1.03541,1.04385,5.34882,0.00000,0.00000,0.00000,0.00000,none
2.49167,-86.93235,-67.67077,3.43724,0.31404,0.04053,-53.65658,-40.48665,0.00000,30.00000,-112.32923,-1.03504,1.04391,5.36566,0.00000,0.00000,0.00000,0.00000,none
2.49583,-86.94201,-67.68060,3.43744,0.31302,0.04042,-53.82559,-40.63877,0.00000,30.00000,-112.31940,-1.03467,1.04396,5.38256,0.00000,0.00000,0.00000,0.00000,none
2.50000,-86.95165,-67.69051,3.43762,0.31201,0.04032,-53.99524,-40.79086,0.00000,30.00000,-112.30949,-1.03430,1.04401,5.39952,0.00000,0.00000,0.00000,0.00000,none
2.50417,-86.96126,-67.70050,3.43778,0.31098,0.04021,-54.16552,-40.94290,0.00000,30.00000,-112.29950,-1.03393,1.04407,5.41655,0.00000,0.00000,0.00000,0.00000,none
2.50833,-86.97085,-67.71059,3.43792,0.30996,0.04010,-54.33643,-41.09488,0.00000,30.00000,-112.28941,-1.03355,1.04413,5.43364,0.00000,0.00000,0.00000,0.00000,none
2.51250,-86.98041,-67.72077,3.43803,0.30893,0.03999,-54.50798,-41.24679,0.00000,30.00000,-112.27923,-1.03317,1.04418,5.45080,0.00000,0.00000,0.00000,0.00000,none
2.51667,-86.98994,-67.73103,3.43813,0.30789,0.03988,-54.68015,-41.39861,0.00000,30.00000,-112.26897,-1.03278,1.04424,5.46802,0.00000,0.00000,0.00000,0.00000,none
2.52083,-86.99945,-67.74139,3.43820,0.30686,0.03977,-54.85296,-41.55033,0.00000,30.00000,-112.25861,-1.03239,1.04430,5.48530,0.00000,0.00000,0.00000,0.00000,none
2.52500,-87.00893,-67.75183,3.43826,0.30582,0.03966,-55.02641,-41.70193,0.00000,30.00000,-112.24817,-1.03200,1.04436,5.50264,0.00000,0.00000,0.00000,0.00000,none
2.52917,-87.01839,-67.76236,3.43829,0.30478,0.03956,-55.20048,-41.85339,0.00000,30.00000,-112.23764,-1.03161,1.04442,5.52005,0.00000,0.00000,0.00000,0.00000,none
2.53333,-87.02782,-67.77299,3.43830,0.30373,0.03945,-55.37518,-42.00471,0.00000,30.00000,-112.22701,-1.03121,1.04448,5.53752,0.00000,0.00000,0.00000,0.00000,none
2.53750,-87.03722,-67.78370,3.43829,0.30268,0.03934,-55.55052,-42.15587,0.00000,30.00000,-112.21630,-1.03081,1.04453,5.55505,0.00000,0.00000,0.00000,0.00000,none
2.54167,-87.04660,-67.79450,3.43826,0.30163,0.03923,-55.72648,-42.30686,0.00000,30.00000,-112.20550,-1.03040,1.04460,5.57265,0.00000,0.00000,0.00000,0.00000,none
2.54583,-87.05595,-67.80539,3.43820,0.30058,0.03912,-55.90308,-42.45765,0.00000,30.00000,-112.19461,-1.02999,1.04466,5.59031,0.00000,0.00000,0.00000,0.00000,none
2.55000,-87.06528,-67.81638,3.43813,0.29952,0.03901,-56.08030,-42.60823,0.00000,30.00000,-112.18362,-1.02958,1.04472,5.60803,0.00000,0.00000,0.00000,0.00000,none
2.55417,-87.07458,-67.82745,3.43803,0.29846,0.03890,-56.25814,-42.75859,0.00000,30.00000,-112.17255,-1.02917,1.04478,5.62581,0.00000,0.00000,0.00000,0.00000,none
2.55833,-87.08385,-67.83862,3.43792,0.29739,0.03879,-56.43662,-42.90871,0.00000,30.00000,-112.16138,-1.02875,1.04484,5.64366,0.00000,0.00000,0.00000,0.00000,none
2.56250,-87.09310,-67.84987,3.43778,0.29633,0.03868,-56.61572,-43.05857,0.00000,30.00000,-112.15013,-1.02833,1.04490,5.66157,0.00000,0.00000,0.00000,0.00000,none
2.56667,-87.10232,-67.86122,3.43761,0.29526,0.03857,-56.79544,-43.20817,0.00000,30.00000,-112.13878,-1.02790,1.04497,5.67954,0.00000,0.00000,0.00000,0.00000,none
2.57083,-87.11151,-67.87266,3.43743,0.29418,0.03846,-56.97578,-43.35748,0.00000,30.00000,-112.12734,-1.02747,1.04503,5.69758,0.00000,0.00000,0.00000,0.00000,none
2.57500,-87.12068,-67.88419,3.43723,0.29311,0.03835,-57.15675,-43.50649,0.00000,30.00000,-112.11581,-1.02704,1.04510,5.71568,0.00000,0.00000,0.00000,0.00000,none
2.57917,-87.12982,-67.89581,3.43700,0.29203,0.03823,-57.33834,-43.65517,0.00000,30.00000,-112.10419,-1.02661,1.04516,5.73383,0.00000,0.00000,0.00000,0.00000,none
2.58333,-87.13894,-67.90752,3.43675,0.29095,0.03812,-57.52054,-43.80352,0.00000,30.00000,-112.09248,-1.02617,1.04523,5.75205,0.00000,0.00000,0.00000,0.00000,none
2.58750,-87.14803,-67.91932,3.43648,0.28986,0.03801,-57.70337,-43.95152,0.00000,30.00000,-112.08068,-1.02572,1.04529,5.77034,0.00000,0.00000,0.00000,0.00000,none
2.59167,-87.15709,-67.93122,3.43619,0.28878,0.03790,-57.88680,-44.09914,0.00000,30.00000,-112.06878,-1.02528,1.04536,5.78868,0.00000,0.00000,0.00000,0.00000,none
2.59583,-87.16612,-67.94321,3.43587,0.28769,0.03779,-58.07086,-44.24638,0.00000,30.00000,-112.05679,-1.02483,1.04543,5.80709,0.00000,0.00000,0.00000,0.00000,none
2.60000,-87.17513,-67.95529,3.43554,0.28659,0.03768,-58.25552,-44.39322,0.00000,30.00000,-112.04471,-1.02438,1.04550,5.82555,0.00000,0.00000,0.00000,0.00000,none
2.60417,-87.18411,-67.96746,3.43518,0.28550,0.03757,-58.44080,-44.53963,0.00000,30.00000,-112.03254,-1.02392,1.04556,5.84408,0.00000,0.00000,0.00000,0.00000,none
2.60833,-87.19307,-67.97973,3.43480,0.28440,0.03745,-58.62669,-44.68560,0.00000,30.00000,-112.02027,-1.02346,1.04563,5.86267,0.00000,0.00000,0.00000,0.00000,none
2.61250,-87.20200,-67.99209,3.43439,0.28330,0.03734,-58.81318,-44.83111,0.00000,30.00000,-112.00791,-1.02300,1.04570,5.88132,0.00000,0.00000,0.00000,0.00000,none
2.61667,-87.21090,-68.00454,3.43397,0.28220,0.03723,-59.00028,-44.97615,0.00000,30.00000,-111.99546,-1.02252,1.04577,5.90003,0.00000,0.00000,0.00000,0.00000,none
2.62083,-87.21977,-68.01709,3.43352,0.28109,0.03712,-59.18798,-45.12069,0.00000,30.00000,-111.98291,-1.02200,1.04582,5.91880,0.00000,0.00000,0.00000,0.00000,none
2.62500,-87.22862,-68.02973,3.43305,0.27998,0.03701,-59.37628,-45.26472,0.00000,30.00000,-111.97027,-1.02149,1.04587,5.93763,0.00000,0.00000,0.00000,0.00000,none
2.62917,-87.23744,-68.04246,3.43256,0.27887,0.03689,-59.56519,-45.40821,0.00000,30.00000,-111.95754,-1.02097,1.04592,5.95652,0.00000,0.00000,0.00000,0.00000,none
2.63333,-87.24624,-68.05529,3.43204,0.27776,0.03678,-59.75469,-45.55114,0.00000,30.00000,-111.94471,-1.02045,1.04598,5.97547,0.00000,0.00000,0.00000,0.00000,none
2.63750,-87.25500,-68.06822,3.43150,0.27664,0.03667,-59.94478,-45.69350,0.00000,30.00000,-111.93178,-1.01992,1.04603,5.99448,0.00000,0.00000,0.00000,0.00000,none
2.64167,-87.26374,-68.08124,3.43094,0.27552,0.03656,-60.13546,-45.83528,0.00000,30.00000,-111.91876,-1.01939,1.04609,6.01355,0.00000,0.00000,0.00000,0.00000,none
2.64583,-87.27246,-68.09435,3.43036,0.27440,0.03644,-60.32674,-45.97644,0.00000,30.00000,-111.90565,-1.01886,1.04614,6.03267,0.00000,0.00000,0.00000,0.00000,none
2.65000,-87.28114,-68.10756,3.42975,0.27328,0.03633,-60.51860,-46.11697,0.00000,30.00000,-111.89244,-1.01832,1.04620,6.05186,0.00000,0.00000,0.00000,0.00000,none
2.65417,-87.28980,-68.12086,3.42912,0.27215,0.03622,-60.71105,-46.25685,0.00000,30.00000,-111.87914,-1.01778,1.04625,6.07110,0.00000,0.00000,0.00000,0.00000,none
2.65833,-87.29844,-68.13426,3.42847,0.27102,0.03611,-60.90407,-46.39607,0.00000,30.00000,-111.86574,-1.01723,1.04631,6.09041,0.00000,0.00000,0.00000,0.00000,none
2.66250,-87.30704,-68.14776,3.42779,0.26989,0.03599,-61.09768,-46.53459,0.00000,30.00000,-111.85224,-1.01668,1.04637,6.10977,0.00000,0.00000,0.00000,0.00000,none
2.66667,-87.31562,-68.16135,3.42710,0.26876,0.03588,-61.29186,-46.67241,0.00000,30.00000,-111.83865,-1.01613,1.04642,6.12919,0.00000,0.00000,0.00000,0.00000,none
2.67083,-87.32417,-68.17504,3.42637,0.26763,0.03577,-61.48661,-46.80950,0.00000,30.00000,-111.82496,-1.01557,1.04648,6.14866,0.00000,0.00000,0.00000,0.00000,none
2.67500,-87.33270,-68.18882,3.42563,0.26649,0.03565,-61.68194,-46.94585,0.00000,30.00000,-111.81118,-1.01501,1.04654,6.16819,0.00000,0.00000,0.00000,0.00000,none
2.67917,-87.34120,-68.20270,3.42486,0.26535,0.03554,-61.87783,-47.08142,0.00000,30.00000,-111.79730,-1.01444,1.04660,6.18778,0.00000,0.00000,0.00000,0.00000,none
2.68333,-87.34967,-68.21667,3.42407,0.26421,0.03543,-62.07428,-47.21621,0.00000,30.00000,-111.78333,-1.01387,1.04666,6.20743,0.00000,0.00000,0.00000,0.00000,none
2.68750,-87.35811,-68.23074,3.42326,0.26307,0.03531,-62.27130,-47.35019,0.00000,30.00000,-111.76926,-1.01330,1.04672,6.22713,0.00000,0.00000,0.00000,0.00000,none
2.69167,-87.36653,-68.24491,3.42242,0.26192,0.03520,-62.46887,-47.48334,0.00000,30.00000,-111.75509,-1.01272,1.04678,6.24689,0.00000,0.00000,0.00000,0.00000,none
2.69583,-87.37492,-68.25917,3.42156,0.26077,0.03509,-62.66699,-47.61565,0.00000,30.00000,-111.74083,-1.01214,1.04684,6.26670,0.00000,0.00000,0.00000,0.00000,none
2.70000,-87.38328,-68.27353,3.42068,0.25963,0.03497,-62.86566,-47.74708,0.00000,30.00000,-111.72647,-1.01156,1.04690,6.28657,0.00000,0.00000,0.00000,0.00000,none
2.70417,-87.39162,-68.28798,3.41977,0.25848,0.03486,-63.06488,-47.87762,0.00000,30.00000,-111.71202,-1.01097,1.04696,6.30649,0.00000,0.00000,0.00000,0.00000,none
2.70833,-87.39993,-68.30253,3.41884,0.25732,0.03475,-63.26464,-48.00724,0.00000,30.00000,-111.69747,-1.01038,1.04702,6.32646,0.00000,0.00000,0.00000,0.00000,none
2.71250,-87.40821,-68.31718,3.41789,0.25617,0.03463,-63.46494,-48.13594,0.00000,30.00000,-111.68282,-1.00978,1.04708,6.34649,0.00000,0.00000,0.00000,0.00000,none
2.71667,-87.41646,-68.33193,3.41691,0.25502,0.03452,-63.66577,-48.26367,0.00000,30.00000,-111.66807,-1.00918,1.04715,6.36658,0.00000,0.00000,0.00000,0.00000,none
2.72083,-87.42469,-68.34677,3.41591,0.25386,0.03440,-63.86713,-48.39043,0.00000,30.00000,-111.65323,-1.00858,1.04721,6.38671,0.00000,0.00000,0.00000,0.00000,none
2.72500,-87.43289,-68.36170,3.41489,0.25270,0.03429,-64.06902,-48.51620,0.00000,30.00000,-111.63830,-1.00797,1.04727,6.40690,0.00000,0.00000,0.00000,0.00000,none
2.72917,-87.44106,-68.37673,3.41384,0.25154,0.03418,-64.27144,-48.64094,0.00000,30.00000,-111.62327,-1.00735,1.04734,6.42714,0.00000,0.00000,0.00000,0.00000,none
2.73333,-87.44921,-68.39186,3.41277,0.25038,0.03406,-64.47436,-48.76464,0.00000,30.00000,-111.60814,-1.00674,1.04740,6.44744,0.00000,0.00000,0.00000,0.00000,none
2.73750,-87.45732,-68.40709,3.41168,0.24922,0.03395,-64.67781,-48.88727,0.00000,30.00000,-111.59291,-1.00612,1.04747,6.46778,0.00000,0.00000,0.00000,0.00000,none
2.74167,-87.46542,-68.42241,3.41056,0.24806,0.03384,-64.88176,-49.00882,0.00000,30.00000,-111.57759,-1.00549,1.04753,6.48818,0.00000,0.00000,0.00000,0.00000,none
2.74583,-87.47348,-68.43783,3.40942,0.24689,0.03372,-65.08621,-49.12926,0.00000,30.00000,-111.56217,-1.00487,1.04760,6.50862,0.00000,0.00000,0.00000,0.00000,none
2.75000,-87.47348,-68.68419,3.36240,0.24349,0.03326,-65.08621,-48.45163,0.00000,30.00000,-111.31581,-0.99483,1.04866,6.50862,0.00000,0.00000,0.00000,0.00000,none
2.75417,-87.47348,-68.92779,3.31602,0.24013,0.03280,-65.08621,-47.78334,0.00000,30.00000,-111.07221,-0.98491,1.04972,6.50862,0.00000,0.00000,0.00000,0.00000,none
2.75833,-87.47348,-69.16866,3.27028,0.23682,0.03235,-65.08621,-47.12427,0.00000,30.00000,-110.83134,-0.97510,1.05077,6.50862,0.00000,0.00000,0.00000,0.00000,none
2.76250,-87.47348,-69.40679,3.22517,0.23355,0.03190,-65.08621,-46.47429,0.00000,30.00000,-110.59321,-0.96540,1.05183,6.50862,0.00000,0.00000,0.00000,0.00000,none
2.76667,-87.47348,-69.64222,3.18069,0.23033,0.03146,-65.08621,-45.83328,0.00000,30.00000,-110.35778,-0.95581,1.05288,6.50862,0.00000,0.00000,0.00000,0.00000,none
2.77083,-87.47348,-69.87495,3.13682,0.22715,0.03103,-65.08621,-45.20111,0.00000,30.00000,-110.12505,-0.94633,1.05392,6.50862,0.00000,0.00000,0.00000,0.00000,none
2.77500,-87.47348,-70.10501,3.09355,0.22402,0.03060,-65.08621,-44.57765,0.00000,30.00000,-109.89499,-0.93667,1.05484,6.50862,0.00000,0.00000,0.00000,0.00000,none
2.77917,-87.47348,-70.33240,3.05088,0.22093,0.03018,-65.08621,-43.96280,0.00000,30.00000,-109.66760,-0.92678,1.05563,6.50862,0.00000,0.00000,0.00000,0.00000,none
2.78333,-87.47348,-70.55715,3.00880,0.21788,0.02976,-65.08621,-43.35642,0.00000,30.00000,-109.44285,-0.91701,1.05641,6.50862,0.00000,0.00000,0.00000,0.00000,none
2.78750,-87.47348,-70.77927,2.96730,0.21488,0.02935,-65.08621,-42.75841,0.00000,30.00000,-109.22073,-0.90735,1.05719,6.50862,0.00000,0.00000,0.00000,0.00000,none
2.79167,-87.47348,-70.99878,2.92638,0.21191,0.02894,-65.08621,-42.16865,0.00000,30.00000,-109.00122,-0.89780,1.05798,6.50862,0.00000,0.00000,0.00000,0.00000,none
2.79583,-87.47348,-71.21570,2.88601,0.20899,0.02855,-65.08621,-41.58702,0.00000,30.00000,-108.78430,-0.88837,1.05876,6.50862,0.00000,0.00000,0.00000,0.00000,none
2.80000,-87.47348,-71.43006,2.84621,0.20611,0.02815,-65.08621,-41.01342,0.00000,30.00000,-108.56994,-0.87905,1.05953,6.50862,0.00000,0.00000,0.00000,0.00000,none
2.80417,-87.47348,-71.64186,2.80695,0.20327,0.02776,-65.08621,-40.44773,0.00000,30.00000,-108.35814,-0.86984,1.06031,6.50862,0.00000,0.00000,0.00000,0.00000,none
2.80833,-87.47348,-71.85113,2.76823,0.20046,0.02738,-65.08621,-39.88984,0.00000,30.00000,-108.14887,-0.86074,1.06108,6.50862,0.00000,0.00000,0.00000,0.00000,none
2.81250,-87.47348,-72.05788,2.73005,0.19770,0.02700,-65.08621,-39.33964,0.00000,30.00000,-107.94212,-0.85162,1.06179,6.50862,0.00000,0.00000,0.00000,0.00000,none
2.81667,-87.47348,-72.26215,2.69240,0.19497,0.02663,-65.08621,-38.79703,0.00000,30.00000,-107.73785,-0.84227,1.06238,6.50862,0.00000,0.00000,0.00000,0.00000,none
2.82083,-87.47348,-72.46394,2.65526,0.19228,0.02626,-65.08621,-38.26191,0.00000,30.00000,-107.53606,-0.83303,1.06297,6.50862,0.00000,0.00000,0.00000,0.00000,none
2.82500,-87.47348,-72.66328,2.61864,0.18963,0.02590,-65.08621,-37.73417,0.00000,30.00000,-107.33672,-0.82391,1.06356,6.50862,0.00000,0.00000,0.00000,0.00000,none
2.82917,-87.47348,-72.86019,2.58252,0.18701,0.02554,-65.08621,-37.21370,0.00000,30.00000,-107.13981,-0.81490,1.06415,6.50862,0.00000,0.00000,0.00000,0.00000,none
2.83333,-87.47348,-73.05469,2.54690,0.18443,0.02519,-65.08621,-36.70042,0.00000,30.00000,-106.94531,-0.80600,1.06473,6.50862,0.00000,0.00000,0.00000,0.00000,none
2.83750,-87.47348,-73.24681,2.51177,0.18189,0.02484,-65.08621,-36.19422,0.00000,30.00000,-106.75319,-0.79720,1.06531,6.50862,0.00000,0.00000,0.00000,0.00000,none
2.84167,-87.47348,-73.43655,2.47712,0.17938,0.02450,-65.08621,-35.69499,0.00000,30.00000,-106.56345,-0.78852,1.06589,6.50862,0.00000,0.00000,0.00000,0.00000,none
2.84583,-87.47348,-73.62395,2.44296,0.17691,0.02416,-65.08621,-35.20266,0.00000,30.00000,-106.37605,-0.77994,1.06647,6.50862,0.00000,0.00000,0.00000,0.00000,none
2.85000,-87.47348,-73.80903,2.40926,0.17447,0.02383,-65.08621,-34.71711,0.00000,30.00000,-106.19097,-0.77147,1.06704,6.50862,0.00000,0.00000,0.00000,0.00000,none
2.85417,-87.47348,-73.99180,2.37603,0.17206,0.02350,-65.08621,-34.23826,0.00000,30.00000,-106.00820,-0.76311,1.06760,6.50862,0.00000,0.00000,0.00000,0.00000,none
2.85833,-87.47348,-74.17230,2.34326,0.16969,0.02318,-65.08621,-33.76602,0.00000,30.00000,-105.82770,-0.75454,1.06807,6.50862,0.00000,0.00000,0.00000,0.00000,none
2.86250,-87.47348,-74.35053,2.31094,0.16735,0.02286,-65.08621,-33.30029,0.00000,30.00000,-105.64947,-0.74607,1.06852,6.50862,0.00000,0.00000,0.00000,0.00000,none
2.86667,-87.47348,-74.52653,2.27906,0.16504,0.02254,-65.08621,-32.84098,0.00000,30.00000,-105.47347,-0.73771,1.06898,6.50862,0.00000,0.00000,0.00000,0.00000,none
2.87083,-87.47348,-74.70031,2.24763,0.16276,0.02223,-65.08621,-32.38801,0.00000,30.00000,-105.29969,-0.72945,1.06943,6.50862,0.00000,0.00000,0.00000,0.00000,none
2.87500,-87.47348,-74.87190,2.21663,0.16052,0.02192,-65.08621,-31.94128,0.00000,30.00000,-105.12810,-0.72129,1.06988,6.50862,0.00000,0.00000,0.00000,0.00000,none
2.87917,-87.47348,-75.04132,2.18605,0.15830,0.02162,-65.08621,-31.50072,0.00000,30.00000,-104.95868,-0.71324,1.07033,6.50862,0.00000,0.00000,0.00000,0.00000,none
2.88333,-87.47348,-75.20859,2.15590,0.15612,0.02132,-65.08621,-31.06624,0.00000,30.00000,-104.79141,-0.70529,1.07077,6.50862,0.00000,0.00000,0.00000,0.00000,none
2.88750,-87.47348,-75.37373,2.12617,0.15397,0.02103,-65.08621,-30.63774,0.00000,30.00000,-104.62627,-0.69744,1.07121,6.50862,0.00000,0.00000,0.00000,0.00000,none
2.89167,-87.47348,-75.53677,2.09684,0.15184,0.02074,-65.08621,-30.21516,0.00000,30.00000,-104.46323,-0.68969,1.07165,6.50862,0.00000,0.00000,0.00000,0.00000,none
2.89583,-87.47348,-75.69772,2.06792,0.14975,0.02045,-65.08621,-29.79841,0.00000,30.00000,-104.30228,-0.68204,1.07208,6.50862,0.00000,0.00000,0.00000,0.00000,none
2.90000,-87.47348,-75.85661,2.03940,0.14768,0.02017,-65.08621,-29.38740,0.00000,30.00000,-104.14339,-0.67448,1.07251,6.50862,0.00000,0.00000,0.00000,0.00000,none
2.90417,-87.47348,-76.01347,2.01127,0.14565,0.01989,-65.08621,-28.98206,0.00000,30.00000,-103.98653,-0.66701,1.07293,6.50862,0.00000,0.00000,0.00000,0.00000,none
2.90833,-87.47348,-76.16830,1.98353,0.14364,0.01962,-65.08621,-28.58232,0.00000,30.00000,-103.83170,-0.65948,1.07330,6.50862,0.00000,0.00000,0.00000,0.00000,none
2.91250,-87.47348,-76.32114,1.95617,0.14166,0.01935,-65.08621,-28.18808,0.00000,30.00000,-103.67886,-0.65204,1.07367,6.50862,0.00000,0.00000,0.00000,0.00000,none
2.91667,-87.47348,-76.47201,1.92919,0.13970,0.01908,-65.08621,-27.79929,0.00000,30.00000,-103.52799,-0.64470,1.07403,6.50862,0.00000,0.00000,0.00000,0.00000,none
2.92083,-87.47348,-76.62093,1.90258,0.13778,0.01882,-65.08621,-27.41586,0.00000,30.00000,-103.37907,-0.63746,1.07439,6.50862,0.00000,0.00000,0.00000,0.00000,none
2.92500,-87.47348,-76.76791,1.87633,0.13588,0.01856,-65.08621,-27.03771,0.00000,30.00000,-103.23209,-0.63031,1.07475,6.50862,0.00000,0.00000,0.00000,0.00000,none
2.92917,-87.47348,-76.91299,1.85045,0.13400,0.01830,-65.08621,-26.66478,0.00000,30.00000,-103.08701,-0.62325,1.07511,6.50862,0.00000,0.00000,0.00000,0.00000,none
2.93333,-87.47348,-77.05617,1.82493,0.13215,0.01805,-65.08621,-26.29700,0.00000,30.00000,-102.94383,-0.61628,1.07546,6.50862,0.00000,0.00000,0.00000,0.00000,none
2.93750,-87.47348,-77.19750,1.79976,0.13033,0.01780,-65.08621,-25.93429,0.00000,30.00000,-102.80250,-0.60941,1.07580,6.50862,0.00000,0.00000,0.00000,0.00000,none
2.94167,-87.47348,-77.33697,1.77494,0.12853,0.01756,-65.08621,-25.57658,0.00000,30.00000,-102.66303,-0.60262,1.07615,6.50862,0.00000,0.00000,0.00000,0.00000,none
2.94583,-87.47348,-77.47462,1.75046,0.12676,0.01731,-65.08621,-25.22381,0.00000,30.00000,-102.52538,-0.59593,1.07649,6.50862,0.00000,0.00000,0.00000,0.00000,none
2.95000,-87.47348,-77.61047,1.72631,0.12501,0.01707,-65.08621,-24.87590,0.00000,30.00000,-102.38953,-0.58932,1.07682,6.50862,0.00000,0.00000,0.00000,0.00000,none
2.95417,-87.47348,-77.74454,1.70250,0.12329,0.01684,-65.08621,-24.53279,0.00000,30.00000,-102.25546,-0.58279,1.07715,6.50862,0.00000,0.00000,0.00000,0.00000,none
2.95833,-87.47348,-77.87684,1.67902,0.12159,0.01661,-65.08621,-24.19441,0.00000,30.00000,-102.12316,-0.57636,1.07748,6.50862,0.00000,0.00000,0.00000,0.00000,none
2.96250,-87.47348,-78.00741,1.65586,0.11991,0.01638,-65.08621,-23.86070,0.00000,30.00000,-101.99259,-0.57000,1.07780,6.50862,0.00000,0.00000,0.00000,0.00000,none
2.96667,-87.47348,-78.13625,1.63302,0.11826,0.01615,-65.08621,-23.53159,0.00000,30.00000,-101.86375,-0.56365,1.07810,6.50862,0.00000,0.00000,0.00000,0.00000,none
2.97083,-87.47348,-78.26340,1.61050,0.11662,0.01593,-65.08621,-23.20702,0.00000,30.00000,-101.73660,-0.55738,1.07839,6.50862,0.00000,0.00000,0.00000,0.00000,none
2.97500,-87.47348,-78.38886,1.58828,0.11502,0.01571,-65.08621,-22.88693,0.00000,30.00000,-101.61114,-0.55120,1.07868,6.50862,0.00000,0.00000,0.00000,0.00000,none
2.97917,-87.47348,-78.51266,1.56638,0.11343,0.01549,-65.08621,-22.57125,0.00000,30.00000,-101.48734,-0.54509,1.07897,6.50862,0.00000,0.00000,0.00000,0.00000,none
2.98333,-87.47348,-78.63483,1.54477,0.11186,0.01528,-65.08621,-22.25993,0.00000,30.00000,-101.36517,-0.53907,1.07925,6.50862,0.00000,0.00000,0.00000,0.00000,none
2.98750,-87.47348,-78.75537,1.52346,0.11032,0.01507,-65.08621,-21.95290,0.00000,30.00000,-101.24463,-0.53313,1.07953,6.50862,0.00000,0.00000,0.00000,0.00000,none
2.99167,-87.47348,-78.87432,1.50245,0.10880,0.01486,-65.08621,-21.65011,0.00000,30.00000,-101.12568,-0.52726,1.07980,6.50862,0.00000,0.00000,0.00000,0.00000,none
2.99583,-87.47348,-78.99168,1.48173,0.10730,0.01466,-65.08621,-21.35149,0.00000,30.00000,-101.00832,-0.52148,1.08008,6.50862,0.00000,0.00000,0.00000,0.00000,none
3.00000,-87.47348,-79.10748,1.46129,0.10582,0.01445,-65.08621,-21.05699,0.00000,30.00000,-100.89252,-0.51577,1.08034,6.50862,0.00000,0.00000,0.00000,0.00000,none
3.00417,-87.47348,-79.22173,1.44114,0.10436,0.01425,-65.08621,-20.76656,0.00000,30.00000,-100.77827,-0.51014,1.08061,6.50862,0.00000,0.00000,0.00000,0.00000,none
3.00833,-87.47348,-79.33447,1.42126,0.10292,0.01406,-65.08621,-20.48012,0.00000,30.00000,-100.66553,-0.50458,1.08087,6.50862,0.00000,0.00000,0.00000,0.00000,none
3.01250,-87.47348,-79.44569,1.40166,0.10150,0.01386,-65.08621,-20.19764,0.00000,30.00000,-100.55431,-0.49909,1.08112,6.50862,0.00000,0.00000,0.00000,0.00000,none
3.01667,-87.47348,-79.55544,1.38232,0.10010,0.01367,-65.08621,-19.91906,0.00000,30.00000,-100.44456,-0.49368,1.08137,6.50862,0.00000,0.00000,0.00000,0.00000,none
3.02083,-87.47348,-79.66371,1.36326,0.09872,0.01348,-65.08621,-19.64432,0.00000,30.00000,-100.33629,-0.48835,1.08162,6.50862,0.00000,0.00000,0.00000,0.00000,none
3.02500,-87.47348,-79.77053,1.34445,0.09736,0.01330,-65.08621,-19.37337,0.00000,30.00000,-100.22947,-0.48308,1.08187,6.50862,0.00000,0.00000,0.00000,0.00000,none
3.02917,-87.47348,-79.87592,1.32591,0.09602,0.01311,-65.08621,-19.10615,0.00000,30.00000,-100.12408,-0.47788,1.08211,6.50862,0.00000,0.00000,0.00000,0.00000,none
3.03333,-87.47348,-79.97990,1.30762,0.09469,0.01293,-65.08621,-18.84262,0.00000,30.00000,-100.02010,-0.47276,1.08234,6.50862,0.00000,0.00000,0.00000,0.00000,none
3.03750,-87.47348,-80.08248,1.28958,0.09339,0.01276,-65.08621,-18.58273,0.00000,30.00000,-99.91752,-0.46770,1.08258,6.50862,0.00000,0.00000,0.00000,0.00000,none
3.04167,-87.47348,-80.18368,1.27180,0.09210,0.01258,-65.08621,-18.32642,0.00000,30.00000,-99.81632,-0.46271,1.08281,6.50862,0.00000,0.00000,0.00000,0.00000,none
3.04583,-87.47348,-80.28353,1.25426,0.09083,0.01241,-65.08621,-18.07365,0.00000,30.00000,-99.71647,-0.45779,1.08303,6.50862,0.00000,0.00000,0.00000,0.00000,none
3.05000,-87.47348,-80.38202,1.23696,0.08957,0.01223,-65.08621,-17.82436,0.00000,30.00000,-99.61798,-0.45293,1.08325,6.50862,0.00000,0.00000,0.00000,0.00000,none
3.05417,-87.47348,-80.47919,1.21990,0.08834,0.01207,-65.08621,-17.57851,0.00000,30.00000,-99.52081,-0.44814,1.08347,6.50862,0.00000,0.00000,0.00000,0.00000,none
3.05833,-87.47348,-80.57506,1.20307,0.08712,0.01190,-65.08621,-17.33605,0.00000,30.00000,-99.42494,-0.44342,1.08369,6.50862,0.00000,0.00000,0.00000,0.00000,none
3.06250,-87.47348,-80.66962,1.18648,0.08592,0.01174,-65.08621,-17.09694,0.00000,30.00000,-99.33038,-0.43875,1.08390,6.50862,0.00000,0.00000,0.00000,0.00000,none
3.06667,-87.47348,-80.76292,1.17011,0.08473,0.01157,-65.08621,-16.86112,0.00000,30.00000,-99.23708,-0.43415,1.08410,6.50862,0.00000,0.00000,0.00000,0.00000,none
3.07083,-87.47348,-80.85495,1.15397,0.08356,0.01141,-65.08621,-16.62856,0.00000,30.00000,-99.14505,-0.42962,1.08431,6.50862,0.00000,0.00000,0.00000,0.00000,none
3.07500,-87.47348,-80.94573,1.13805,0.08241,0.01126,-65.08621,-16.39920,0.00000,30.00000,-99.05427,-0.42514,1.08451,6.50862,0.00000,0.00000,0.00000,0.00000,none
3.07917,-87.47348,-81.03529,1.12236,0.08128,0.01110,-65.08621,-16.17301,0.00000,30.00000,-98.96471,-0.42073,1.08471,6.50862,0.00000,0.00000,0.00000,0.00000,none
3.08333,-87.47348,-81.12364,1.10688,0.08015,0.01095,-65.08621,-15.94994,0.00000,30.00000,-98.87636,-0.41637,1.08490,6.50862,0.00000,0.00000,0.00000,0.00000,none
3.08750,-87.47348,-81.21079,1.09161,0.07905,0.01080,-65.08621,-15.72994,0.00000,30.00000,-98.78921,-0.41207,1.08509,6.50862,0.00000,0.00000,0.00000,0.00000,none
3.09167,-87.47348,-81.29676,1.07655,0.07796,0.01065,-65.08621,-15.51298,0.00000,30.00000,-98.70324,-0.40784,1.08528,6.50862,0.00000,0.00000,0.00000,0.00000,none
3.09583,-87.47348,-81.38156,1.06170,0.07688,0.01050,-65.08621,-15.29901,0.00000,30.00000,-98.61844,-0.40366,1.08546,6.50862,0.00000,0.00000,0.00000,0.00000,none
3.10000,-87.47348,-81.46522,1.04706,0.07582,0.01036,-65.08621,-15.08799,0.00000,30.00000,-98.53478,-0.39953,1.08564,6.50862,0.00000,0.00000,0.00000,0.00000,none
3.10417,-87.47348,-81.54774,1.03262,0.07478,0.01021,-65.08621,-14.87989,0.00000,30.00000,-98.45226,-0.39546,1.08582,6.50862,0.00000,0.00000,0.00000,0.00000,none
3.10833,-87.47348,-81.62913,1.01838,0.07375,0.01007,-65.08621,-14.67465,0.00000,30.00000,-98.37087,-0.39145,1.08599,6.50862,0.00000,0.00000,0.00000,0.00000,none
3.11250,-87.47348,-81.70943,1.00433,0.07273,0.00993,-65.08621,-14.47224,0.00000,30.00000,-98.29057,-0.38749,1.08616,6.50862,0.00000,0.00000,0.00000,0.00000,none
3.11667,-87.47348,-81.78863,0.99048,0.07173,0.00980,-65.08621,-14.27263,0.00000,30.00000,-98.21137,-0.38359,1.08633,6.50862,0.00000,0.00000,0.00000,0.00000,none
3.12083,-87.47348,-81.86675,0.97682,0.07074,0.00966,-65.08621,-14.07577,0.00000,30.00000,-98.13325,-0.37974,1.08649,6.50862,0.00000,0.00000,0.00000,0.00000,none
3.12500,-87.47348,-81.94381,0.96334,0.06976,0.00953,-65.08621,-13.88162,0.00000,30.00000,-98.05619,-0.37594,1.08666,6.50862,0.00000,0.00000,0.00000,0.00000,none
3.12917,-87.47348,-82.01982,0.95006,0.06880,0.00940,-65.08621,-13.69016,0.00000,30.00000,-97.98018,-0.37220,1.08682,6.50862,0.00000,0.00000,0.00000,0.00000,none
3.13333,-87.47348,-82.09480,0.93695,0.06785,0.00927,-65.08621,-13.50133,0.00000,30.00000,-97.90520,-0.36854,1.08698,6.50862,0.00000,0.00000,0.00000,0.00000,none
3.13750,-87.47348,-82.16875,0.92403,0.06691,0.00914,-65.08621,-13.31511,0.00000,30.00000,-97.83125,-0.36493,1.08714,6.50862,0.00000,0.00000,0.00000,0.00000,none
3.14167,-87.47348,-82.24170,0.91128,0.06599,0.00901,-65.08621,-13.13145,0.00000,30.00000,-97.75830,-0.36137,1.08729,6.50862,0.00000,0.00000,0.00000,0.00000,none
3.14583,-87.47348,-82.31365,0.89871,0.06508,0.00889,-65.08621,-12.95033,0.00000,30.00000,-97.68635,-0.35786,1.08745,6.50862,0.00000,0.00000,0.00000,0.00000,none
3.15000,-87.47348,-82.38462,0.88632,0.06418,0.00877,-65.08621,-12.77171,0.00000,30.00000,-97.61538,-0.35439,1.08760,6.50862,0.00000,0.00000,0.00000,0.00000,none
3.15417,-87.47348,-82.45462,0.87409,0.06330,0.00865,-65.08621,-12.59555,0.00000,30.00000,-97.54538,-0.35097,1.08774,6.50862,0.00000,0.00000,0.00000,0.00000,none
3.15833,-87.47348,-82.52367,0.86204,0.06242,0.00853,-65.08621,-12.42182,0.00000,30.00000,-97.47633,-0.34760,1.08789,6.50862,0.00000,0.00000,0.00000,0.00000,none
3.16250,-87.47348,-82.59177,0.85015,0.06156,0.00841,-65.08621,-12.25049,0.00000,30.00000,-97.40823,-0.34428,1.08803,6.50862,0.00000,0.00000,0.00000,0.00000,none
3.16667,-87.47348,-82.65895,0.83842,0.06071,0.00829,-65.08621,-12.08152,0.00000,30.00000,-97.34105,-0.34100,1.08817,6.50862,0.00000,0.00000,0.00000,0.00000,none
3.17083,-87.47348,-82.72520,0.82686,0.05988,0.00818,-65.08621,-11.91488,0.00000,30.00000,-97.27480,-0.33776,1.08831,6.50862,0.00000,0.00000,0.00000,0.00000,none
3.17500,-87.47348,-82.79055,0.81545,0.05905,0.00807,-65.08621,-11.75054,0.00000,30.00000,-97.20945,-0.33457,1.08844,6.50862,0.00000,0.00000,0.00000,0.00000,none
3.17917,-87.47348,-82.85501,0.80420,0.05824,0.00795,-65.08621,-11.58847,0.00000,30.00000,-97.14499,-0.33143,1.08857,6.50862,0.00000,0.00000,0.00000,0.00000,none
3.18333,-87.47348,-82.91858,0.79311,0.05743,0.00784,-65.08621,-11.42863,0.00000,30.00000,-97.08142,-0.32832,1.08870,6.50862,0.00000,0.00000,0.00000,0.00000,none
3.18750,-87.47348,-82.98129,0.78217,0.05664,0.00774,-65.08621,-11.27100,0.00000,30.00000,-97.01871,-0.32526,1.08883,6.50862,0.00000,0.00000,0.00000,0.00000,none
3.19167,-87.47348,-83.04313,0.77138,0.05586,0.00763,-65.08621,-11.11554,0.00000,30.00000,-96.95687,-0.32224,1.08895,6.50862,0.00000,0.00000,0.00000,0.00000,none
3.19583,-87.47348,-83.10413,0.76074,0.05509,0.00752,-65.08621,-10.96222,0.00000,30.00000,-96.89587,-0.31927,1.08907,6.50862,0.00000,0.00000,0.00000,0.00000,none
3.20000,-87.47348,-83.16430,0.75025,0.05433,0.00742,-65.08621,-10.81102,0.00000,30.00000,-96.83570,-0.31633,1.08919,6.50862,0.00000,0.00000,0.00000,0.00000,none
3.20417,-87.47348,-83.22364,0.73990,0.05358,0.00732,-65.08621,-10.66190,0.00000,30.00000,-96.77636,-0.31343,1.08931,6.50862,0.00000,0.00000,0.00000,0.00000,none
3.20833,-87.47348,-83.28217,0.72970,0.05284,0.00722,-65.08621,-10.51485,0.00000,30.00000,-96.71783,-0.31058,1.08943,6.50862,0.00000,0.00000,0.00000,0.00000,none
3.21250,-87.47348,-83.33989,0.71963,0.05211,0.00712,-65.08621,-10.36982,0.00000,30.00000,-96.66011,-0.30776,1.08954,6.50862,0.00000,0.00000,0.00000,0.00000,none
3.21667,-87.47348,-83.39683,0.70971,0.05139,0.00702,-65.08621,-10.22679,0.00000,30.00000,-96.60317,-0.30498,1.08965,6.50862,0.00000,0.00000,0.00000,0.00000,none
3.22083,-87.47348,-83.45298,0.69992,0.05068,0.00692,-65.08621,-10.08573,0.00000,30.00000,-96.54702,-0.30224,1.08976,6.50862,0.00000,0.00000,0.00000,0.00000,none
3.22500,-87.47348,-83.50837,0.69027,0.04999,0.00683,-65.08621,-9.94662,0.00000,30.00000,-96.49163,-0.29953,1.08986,6.50862,0.00000,0.00000,0.00000,0.00000,none
3.22917,-87.47348,-83.56299,0.68074,0.04930,0.00673,-65.08621,-9.80943,0.00000,30.00000,-96.43701,-0.29687,1.08997,6.50862,0.00000,0.00000,0.00000,0.00000,none
3.23333,-87.47348,-83.61687,0.67135,0.04862,0.00664,-65.08621,-9.67413,0.00000,30.00000,-96.38313,-0.29424,1.09007,6.50862,0.00000,0.00000,0.00000,0.00000,none
3.23750,-87.47348,-83.67000,0.66209,0.04795,0.00655,-65.08621,-9.54069,0.00000,30.00000,-96.33000,-0.29164,1.09017,6.50862,0.00000,0.00000,0.00000,0.00000,none
3.24167,-87.47348,-83.72241,0.65296,0.04728,0.00646,-65.08621,-9.40910,0.00000,30.00000,-96.27759,-0.28908,1.09027,6.50862,0.00000,0.00000,0.00000,0.00000,none
3.24583,-87.47348,-83.77410,0.64396,0.04663,0.00637,-65.08621,-9.27932,0.00000,30.00000,-96.22590,-0.28656,1.09037,6.50862,0.00000,0.00000,0.00000,0.00000,none
3.25000,-87.47348,-83.82507,0.63507,0.04599,0.00628,-65.08621,-9.15133,0.00000,30.00000,-96.17493,-0.28407,1.09046,6.50862,0.00000,0.00000,0.00000,0.00000,none
3.25417,-87.47348,-83.87535,0.62631,0.04535,0.00619,-65.08621,-9.02511,0.00000,30.00000,-96.12465,-0.28162,1.09056,6.50862,0.00000,0.00000,0.00000,0.00000,none
3.25833,-87.47348,-83.92494,0.61768,0.04473,0.00611,-65.08621,-8.90063,0.00000,30.00000,-96.07506,-0.27920,1.09065,6.50862,0.00000,0.00000,0.00000,0.00000,none
3.26250,-87.47348,-83.97385,0.60916,0.04411,0.00603,-65.08621,-8.77786,0.00000,30.00000,-96.02615,-0.27681,1.09074,6.50862,0.00000,0.00000,0.00000,0.00000,none
3.26667,-87.47348,-84.02208,0.60075,0.04350,0.00594,-65.08621,-8.65679,0.00000,30.00000,-95.97792,-0.27448,1.09083,6.50862,0.00000,0.00000,0.00000,0.00000,none
3.27083,-87.47348,-84.06965,0.59247,0.04290,0.00586,-65.08621,-8.53739,0.00000,30.00000,-95.93035,-0.27221,1.09092,6.50862,0.00000,0.00000,0.00000,0.00000,none
3.27500,-87.47348,-84.11657,0.58430,0.04231,0.00578,-65.08621,-8.41963,0.00000,30.00000,-95.88343,-0.26997,1.09101,6.50862,0.00000,0.00000,0.00000,0.00000,none
3.27917,-87.47348,-84.16284,0.57624,0.04173,0.00570,-65.08621,-8.30350,0.00000,30.00000,-95.83716,-0.26776,1.09110,6.50862,0.00000,0.00000,0.00000,0.00000,none
3.28333,-87.47348,-84.20848,0.56829,0.04115,0.00562,-65.08621,-8.18897,0.00000,30.00000,-95.79152,-0.26559,1.09119,6.50862,0.00000,0.00000,0.00000,0.00000,none
3.28750,-87.47348,-84.25349,0.56045,0.04059,0.00554,-65.08621,-8.07602,0.00000,30.00000,-95.74651,-0.26344,1.09127,6.50862,0.00000,0.00000,0.00000,0.00000,none
3.29167,-87.47348,-84.29788,0.55272,0.04003,0.00547,-65.08621,-7.96463,0.00000,30.00000,-95.70212,-0.26132,1.09136,6.50862,0.00000,0.00000,0.00000,0.00000,none
3.29583,-87.47348,-84.34166,0.54510,0.03947,0.00539,-65.08621,-7.85477,0.00000,30.00000,-95.65834,-0.25923,1.09144,6.50862,0.00000,0.00000,0.00000,0.00000,none
3.30000,-87.47348,-84.38484,0.53758,0.03893,0.00532,-65.08621,-7.74643,0.00000,30.00000,-95.61516,-0.25717,1.09152,6.50862,0.00000,0.00000,0.00000,0.00000,none
3.30417,-87.47348,-84.42742,0.53016,0.03839,0.00524,-65.08621,-7.63959,0.00000,30.00000,-95.57258,-0.25514,1.09160,6.50862,0.00000,0.00000,0.00000,0.00000,none
3.30833,-87.47348,-84.46942,0.52285,0.03786,0.00517,-65.08621,-7.53422,0.00000,30.00000,-95.53058,-0.25313,1.09168,6.50862,0.00000,0.00000,0.00000,0.00000,none
3.31250,-87.47348,-84.51084,0.51564,0.03734,0.00510,-65.08621,-7.43030,0.00000,30.00000,-95.48916,-0.25116,1.09175,6.50862,0.00000,0.00000,0.00000,0.00000,none
3.31667,-87.47348,-84.55169,0.50853,0.03683,0.00503,-65.08621,-7.32781,0.00000,30.00000,-95.44831,-0.24921,1.09183,6.50862,0.00000,0.00000,0.00000,0.00000,none
3.32083,-87.47348,-84.59198,0.50151,0.03632,0.00496,-65.08621,-7.22674,0.00000,30.00000,-95.40802,-0.24729,1.09190,6.50862,0.00000,0.00000,0.00000,0.00000,none
3.32500,-87.47348,-84.63172,0.49460,0.03582,0.00489,-65.08621,-7.12706,0.00000,30.00000,-95.36828,-0.24539,1.09197,6.50862,0.00000,0.00000,0.00000,0.00000,none
3.32917,-87.47348,-84.67090,0.48777,0.03532,0.00482,-65.08621,-7.02876,0.00000,30.00000,-95.32910,-0.24352,1.09204,6.50862,0.00000,0.00000,0.00000,0.00000,none
3.33333,-87.47348,-84.70955,0.48105,0.03484,0.00476,-65.08621,-6.93181,0.00000,30.00000,-95.29045,-0.24168,1.09211,6.50862,0.00000,0.00000,0.00000,0.00000,none
3.33750,-87.47348,-84.74767,0.47441,0.03435,0.00469,-65.08621,-6.83620,0.00000,30.00000,-95.25233,-0.23986,1.09218,6.50862,0.00000,0.00000,0.00000,0.00000,none
3.34167,-87.47348,-84.78526,0.46787,0.03388,0.00463,-65.08621,-6.74191,0.00000,30.00000,-95.21474,-0.23806,1.09224,6.50862,0.00000,0.00000,0.00000,0.00000,none
3.34583,-87.47348,-84.82233,0.46142,0.03341,0.00456,-65.08621,-6.64892,0.00000,30.00000,-95.17767,-0.23629,1.09231,6.50862,0.00000,0.00000,0.00000,0.00000,none
3.35000,-87.47348,-84.85889,0.45505,0.03295,0.00450,-65.08621,-6.55722,0.00000,30.00000,-95.14111,-0.23455,1.09237,6.50862,0.00000,0.00000,0.00000,0.00000,none
3.35417,-87.47348,-84.89495,0.44877,0.03250,0.00444,-65.08621,-6.46677,0.00000,30.00000,-95.10505,-0.23283,1.09244,6.50862,0.00000,0.00000,0.00000,0.00000,none
3.35833,-87.47348,-84.93052,0.44258,0.03205,0.00438,-65.08621,-6.37758,0.00000,30.00000,-95.06948,-0.23113,1.09250,6.50862,0.00000,0.00000,0.00000,0.00000,none
3.36250,-87.47348,-84.96559,0.43648,0.03161,0.00432,-65.08621,-6.28961,0.00000,30.00000,-95.03441,-0.22946,1.09256,6.50862,0.00000,0.00000,0.00000,0.00000,none
3.36667,-87.47348,-85.00018,0.43046,0.03117,0.00426,-65.08621,-6.20286,0.00000,30.00000,-94.99982,-0.22781,1.09262,6.50862,0.00000,0.00000,0.00000,0.00000,none
3.37083,-87.47348,-85.03429,0.42452,0.03074,0.00420,-65.08621,-6.11730,0.00000,30.00000,-94.96571,-0.22618,1.09267,6.50862,0.00000,0.00000,0.00000,0.00000,none
3.37500,-87.47348,-85.06794,0.41867,0.03032,0.00414,-65.08621,-6.03293,0.00000,30.00000,-94.93206,-0.22458,1.09273,6.50862,0.00000,0.00000,0.00000,0.00000,none
3.37917,-87.47348,-85.10112,0.41289,0.02990,0.00408,-65.08621,-5.94972,0.00000,30.00000,-94.89888,-0.22299,1.09279,6.50862,0.00000,0.00000,0.00000,0.00000,none
3.38333,-87.47348,-85.13384,0.40720,0.02949,0.00403,-65.08621,-5.86765,0.00000,30.00000,-94.86616,-0.22143,1.09284,6.50862,0.00000,0.00000,0.00000,0.00000,none
3.38750,-87.47348,-85.16611,0.40158,0.02908,0.00397,-65.08621,-5.78672,0.00000,30.00000,-94.83389,-0.21989,1.09290,6.50862,0.00000,0.00000,0.00000,0.00000,none
3.39167,-87.47348,-85.19794,0.39604,0.02868,0.00392,-65.08621,-5.70691,0.00000,30.00000,-94.80206,-0.21837,1.09295,6.50862,0.00000,0.00000,0.00000,0.00000,none
3.39583,-87.47348,-85.22933,0.39058,0.02828,0.00386,-65.08621,-5.62819,0.00000,30.00000,-94.77067,-0.21687,1.09300,6.50862,0.00000,0.00000,0.00000,0.00000,none
3.40000,-87.47348,-85.26028,0.38519,0.02789,0.00381,-65.08621,-5.55056,0.00000,30.00000,-94.73972,-0.21540,1.09305,6.50862,0.00000,0.00000,0.00000,0.00000,none
3.40417,-87.47348,-85.29081,0.37988,0.02751,0.00376,-65.08621,-5.47400,0.00000,30.00000,-94.70919,-0.21394,1.09310,6.50862,0.00000,0.00000,0.00000,0.00000,none
3.40833,-87.47348,-85.32092,0.37464,0.02713,0.00371,-65.08621,-5.39850,0.00000,30.00000,-94.67908,-0.21250,1.09315,6.50862,0.00000,0.00000,0.00000,0.00000,none
3.41250,-87.47348,-85.35061,0.36947,0.02676,0.00365,-65.08621,-5.32404,0.00000,30.00000,-94.64939,-0.21109,1.09320,6.50862,0.00000,0.00000,0.00000,0.00000,none
3.41667,-87.47348,-85.37990,0.36438,0.02639,0.00360,-65.08621,-5.25061,0.00000,30.00000,-94.62010,-0.20969,1.09324,6.50862,0.00000,0.00000,0.00000,0.00000,none
3.42083,-87.47348,-85.40878,0.35935,0.02602,0.00355,-65.08621,-5.17819,0.00000,30.00000,-94.59122,-0.20831,1.09329,6.50862,0.00000,0.00000,0.00000,0.00000,none
3.42500,-87.47348,-85.43726,0.35439,0.02566,0.00351,-65.08621,-5.10676,0.00000,30.00000,-94.56274,-0.20695,1.09333,6.50862,0.00000,0.00000,0.00000,0.00000,none
3.42917,-87.47348,-85.46535,0.34951,0.02531,0.00346,-65.08621,-5.03633,0.00000,30.00000,-94.53465,-0.20561,1.09338,6.50862,0.00000,0.00000,0.00000,0.00000,none
3.43333,-87.47348,-85.49305,0.34469,0.02496,0.00341,-65.08621,-4.96686,0.00000,30.00000,-94.50695,-0.20429,1.09342,6.50862,0.00000,0.00000,0.00000,0.00000,none
3.43750,-87.47348,-85.52037,0.33993,0.02462,0.00336,-65.08621,-4.89835,0.00000,30.00000,-94.47963,-0.20299,1.09347,6.50862,0.00000,0.00000,0.00000,0.00000,none
3.44167,-87.47348,-85.54732,0.33524,0.02428,0.00332,-65.08621,-4.83079,0.00000,30.00000,-94.45268,-0.20170,1.09351,6.50862,0.00000,0.00000,0.00000,0.00000,none
3.44583,-87.47348,-85.57389,0.33062,0.02394,0.00327,-65.08621,-4.76416,0.00000,30.00000,-94.42611,-0.20043,1.09355,6.50862,0.00000,0.00000,0.00000,0.00000,none
3.45000,-87.47348,-85.60010,0.32606,0.02361,0.00323,-65.08621,-4.69845,0.00000,30.00000,-94.39990,-0.19918,1.09359,6.50862,0.00000,0.00000,0.00000,0.00000,none
3.45417,-87.47348,-85.62594,0.32156,0.02329,0.00318,-65.08621,-4.63364,0.00000,30.00000,-94.37406,-0.19795,1.09363,6.50862,0.00000,0.00000,0.00000,0.00000,none
3.45833,-87.47348,-85.65143,0.31713,0.02296,0.00314,-65.08621,-4.56973,0.00000,30.00000,-94.34857,-0.19673,1.09367,6.50862,0.00000,0.00000,0.00000,0.00000,none
3.46250,-87.47348,-85.67657,0.31275,0.02265,0.00309,-65.08621,-4.50670,0.00000,30.00000,-94.32343,-0.19553,1.09371,6.50862,0.00000,0.00000,0.00000,0.00000,none
3.46667,-87.47348,-85.70136,0.30844,0.02234,0.00305,-65.08621,-4.44454,0.00000,30.00000,-94.29864,-0.19435,1.09374,6.50862,0.00000,0.00000,0.00000,0.00000,none
3.47083,-87.47348,-85.72581,0.30418,0.02203,0.00301,-65.08621,-4.38324,0.00000,30.00000,-94.27419,-0.19318,1.09378,6.50862,0.00000,0.00000,0.00000,0.00000,none
3.47500,-87.47348,-85.74992,0.29999,0.02172,0.00297,-65.08621,-4.32278,0.00000,30.00000,-94.25008,-0.19203,1.09382,6.50862,0.00000,0.00000,0.00000,0.00000,none
3.47917,-87.47348,-85.77370,0.29585,0.02142,0.00293,-65.08621,-4.26316,0.00000,30.00000,-94.22630,-0.19090,1.09385,6.50862,0.00000,0.00000,0.00000,0.00000,none
3.48333,-87.47348,-85.79715,0.29177,0.02113,0.00289,-65.08621,-4.20436,0.00000,30.00000,-94.20285,-0.18978,1.09389,6.50862,0.00000,0.00000,0.00000,0.00000,none
3.48750,-87.47348,-85.82027,0.28775,0.02084,0.00285,-65.08621,-4.14637,0.00000,30.00000,-94.17973,-0.18868,1.09392,6.50862,0.00000,0.00000,0.00000,0.00000,none
3.49167,-87.47348,-85.84308,0.28378,0.02055,0.00281,-65.08621,-4.08918,0.00000,30.00000,-94.15692,-0.18759,1.09396,6.50862,0.00000,0.00000,0.00000,0.00000,none
3.49583,-87.47348,-85.86558,0.27986,0.02027,0.00277,-65.08621,-4.03278,0.00000,30.00000,-94.13442,-0.18651,1.09399,6.50862,0.00000,0.00000,0.00000,0.00000,none
3.50000,-87.47348,-85.88776,0.27600,0.01999,0.00273,-65.08621,-3.97715,0.00000,30.00000,-94.11224,-0.18546,1.09402,6.50862,0.00000,0.00000,0.00000,0.00000,none
3.50417,-87.47348,-85.90964,0.27220,0.01971,0.00269,-65.08621,-3.92230,0.00000,30.00000,-94.09036,-0.18441,1.09405,6.50862,0.00000,0.00000,0.00000,0.00000,none
3.50833,-87.47348,-85.93121,0.26844,0.01944,0.00266,-65.08621,-3.86820,0.00000,30.00000,-94.06879,-0.18338,1.09408,6.50862,0.00000,0.00000,0.00000,0.00000,none
3.51250,-87.47348,-85.95249,0.26474,0.01917,0.00262,-65.08621,-3.81484,0.00000,30.00000,-94.04751,-0.18237,1.09411,6.50862,0.00000,0.00000,0.00000,0.00000,none
3.51667,-87.47348,-85.97348,0.26109,0.01891,0.00258,-65.08621,-3.76222,0.00000,30.00000,-94.02652,-0.18137,1.09414,6.50862,0.00000,0.00000,0.00000,0.00000,none
3.52083,-87.47348,-85.99417,0.25749,0.01865,0.00255,-65.08621,-3.71033,0.00000,30.00000,-94.00583,-0.18038,1.09417,6.50862,0.00000,0.00000,0.00000,0.00000,none
3.52500,-87.47348,-86.01458,0.25393,0.01839,0.00251,-65.08621,-3.65916,0.00000,30.00000,-93.98542,-0.17943,1.09421,6.50862,0.00000,0.00000,0.00000,0.00000,none
3.52917,-87.47348,-86.03471,0.25043,0.01814,0.00248,-65.08621,-3.60869,0.00000,30.00000,-93.96529,-0.17850,1.09424,6.50862,0.00000,0.00000,0.00000,0.00000,none
3.53333,-87.47348,-86.05456,0.24698,0.01788,0.00244,-65.08621,-3.55891,0.00000,30.00000,-93.94544,-0.17759,1.09427,6.50862,0.00000,0.00000,0.00000,0.00000,none
3.53750,-87.47348,-86.07414,0.24357,0.01764,0.00241,-65.08621,-3.50982,0.00000,30.00000,-93.92586,-0.17668,1.09430,6.50862,0.00000,0.00000,0.00000,0.00000,none
3.54167,-87.47348,-86.09344,0.24021,0.01739,0.00238,-65.08621,-3.46141,0.00000,30.00000,-93.90656,-0.17579,1.09433,6.50862,0.00000,0.00000,0.00000,0.00000,none
3.54583,-87.47348,-86.11248,0.23690,0.01716,0.00234,-65.08621,-3.41367,0.00000,30.00000,-93.88752,-0.17492,1.09436,6.50862,0.00000,0.00000,0.00000,0.00000,none
3.55000,-87.47348,-86.13126,0.23363,0.01692,0.00231,-65.08621,-3.36659,0.00000,30.00000,-93.86874,-0.17405,1.09438,6.50862,0.00000,0.00000,0.00000,0.00000,none
3.55417,-87.47348,-86.14978,0.23041,0.01669,0.00228,-65.08621,-3.32015,0.00000,30.00000,-93.85022,-0.17320,1.09441,6.50862,0.00000,0.00000,0.00000,0.00000,none
3.55833,-87.47348,-86.16804,0.22723,0.01645,0.00225,-65.08621,-3.27436,0.00000,30.00000,-93.83196,-0.17236,1.09444,6.50862,0.00000,0.00000,0.00000,0.00000,none
3.56250,-87.47348,-86.18605,0.22410,0.01623,0.00222,-65.08621,-3.22919,0.00000,30.00000,-93.81395,-0.17153,1.09447,6.50862,0.00000,0.00000,0.00000,0.00000,none
3.56667,-87.47348,-86.20382,0.22101,0.01600,0.00219,-65.08621,-3.18465,0.00000,30.00000,-93.79618,-0.17071,1.09449,6.50862,0.00000,0.00000,0.00000,0.00000,none
3.57083,-87.47348,-86.22133,0.21796,0.01578,0.00216,-65.08621,-3.14073,0.00000,30.00000,-93.77867,-0.16990,1.09452,6.50862,0.00000,0.00000,0.00000,0.00000,none
3.57500,-87.47348,-86.23861,0.21495,0.01557,0.00213,-65.08621,-3.09741,0.00000,30.00000,-93.76139,-0.16910,1.09454,6.50862,0.00000,0.00000,0.00000,0.00000,none
3.57917,-87.47348,-86.25565,0.21199,0.01535,0.00210,-65.08621,-3.05469,0.00000,30.00000,-93.74435,-0.16832,1.09457,6.50862,0.00000,0.00000,0.00000,0.00000,none
3.58333,-87.47348,-86.27245,0.20906,0.01514,0.00207,-65.08621,-3.01255,0.00000,30.00000,-93.72755,-0.16754,1.09459,6.50862,0.00000,0.00000,0.00000,0.00000,none
3.58750,-87.47348,-86.28902,0.20618,0.01493,0.00204,-65.08621,-2.97100,0.00000,30.00000,-93.71098,-0.16678,1.09462,6.50862,0.00000,0.00000,0.00000,0.00000,none
3.59167,-87.47348,-86.30536,0.20333,0.01472,0.00201,-65.08621,-2.93002,0.00000,30.00000,-93.69464,-0.16603,1.09464,6.50862,0.00000,0.00000,0.00000,0.00000,none
3.59583,-87.47348,-86.32148,0.20053,0.01452,0.00198,-65.08621,-2.88961,0.00000,30.00000,-93.67852,-0.16529,1.09467,6.50862,0.00000,0.00000,0.00000,0.00000,none
3.60000,-87.47348,-86.33737,0.19776,0.01432,0.00196,-65.08621,-2.84975,0.00000,30.00000,-93.66263,-0.16455,1.09469,6.50862,0.00000,0.00000,0.00000,0.00000,none
3.60417,-87.47348,-86.35305,0.19504,0.01412,0.00193,-65.08621,-2.81045,0.00000,30.00000,-93.64695,-0.16383,1.09471,6.50862,0.00000,0.00000,0.00000,0.00000,none
3.60833,-87.47348,-86.36851,0.19235,0.01393,0.00190,-65.08621,-2.77168,0.00000,30.00000,-93.63149,-0.16312,1.09473,6.50862,0.00000,0.00000,0.00000,0.00000,none
3.61250,-87.47348,-86.38375,0.18969,0.01374,0.00188,-65.08621,-2.73345,0.00000,30.00000,-93.61625,-0.16242,1.09475,6.50862,0.00000,0.00000,0.00000,0.00000,none
3.61667,-87.47348,-86.39879,0.18708,0.01355,0.00185,-65.08621,-2.69575,0.00000,30.00000,-93.60121,-0.16172,1.09478,6.50862,0.00000,0.00000,0.00000,0.00000,none
3.62083,-87.47348,-86.41361,0.18450,0.01336,0.00182,-65.08621,-2.65857,0.00000,30.00000,-93.58639,-0.16104,1.09480,6.50862,0.00000,0.00000,0.00000,0.00000,none
3.62500,-87.47348,-86.42824,0.18195,0.01318,0.00180,-65.08621,-2.62190,0.00000,30.00000,-93.57176,-0.16037,1.09482,6.50862,0.00000,0.00000,0.00000,0.00000,none
3.62917,-87.47348,-86.44266,0.17944,0.01299,0.00177,-65.08621,-2.58574,0.00000,30.00000,-93.55734,-0.15970,1.09484,6.50862,0.00000,0.00000,0.00000,0.00000,none
3.63333,-87.47348,-86.45688,0.17697,0.01282,0.00175,-65.08621,-2.55007,0.00000,30.00000,-93.54312,-0.15905,1.09486,6.50862,0.00000,0.00000,0.00000,0.00000,none
3.63750,-87.47348,-86.47091,0.17453,0.01264,0.00173,-65.08621,-2.51490,0.00000,30.00000,-93.52909,-0.15840,1.09488,6.50862,0.00000,0.00000,0.00000,0.00000,none
3.64167,-87.47348,-86.48474,0.17212,0.01246,0.00170,-65.08621,-2.48021,0.00000,30.00000,-93.51526,-0.15776,1.09490,6.50862,0.00000,0.00000,0.00000,0.00000,none
3.64583,-87.47348,-86.49838,0.16975,0.01229,0.00168,-65.08621,-2.44600,0.00000,30.00000,-93.50162,-0.15713,1.09491,6.50862,0.00000,0.00000,0.00000,0.00000,none
3.65000,-87.47348,-86.51183,0.16740,0.01212,0.00166,-65.08621,-2.41226,0.00000,30.00000,-93.48817,-0.15651,1.09493,6.50862,0.00000,0.00000,0.00000,0.00000,none
3.65417,-87.47348,-86.52510,0.16509,0.01196,0.00163,-65.08621,-2.37899,0.00000,30.00000,-93.47490,-0.15590,1.09495,6.50862,0.00000,0.00000,0.00000,0.00000,none
3.65833,-87.47348,-86.53818,0.16282,0.01179,0.00161,-65.08621,-2.34618,0.00000,30.00000,-93.46182,-0.15530,1.09497,6.50862,0.00000,0.00000,0.00000,0.00000,none
3.66250,-87.47348,-86.55109,0.16057,0.01163,0.00159,-65.08621,-2.31382,0.00000,30.00000,-93.44891,-0.15470,1.09499,6.50862,0.00000,0.00000,0.00000,0.00000,none
3.66667,-87.47348,-86.56381,0.15836,0.01147,0.00157,-65.08621,-2.28190,0.00000,30.00000,-93.43619,-0.15412,1.09500,6.50862,0.00000,0.00000,0.00000,0.00000,none
3.67083,-87.47348,-86.57636,0.15617,0.01131,0.00154,-65.08621,-2.25043,0.00000,30.00000,-93.42364,-0.15354,1.09502,6.50862,0.00000,0.00000,0.00000,0.00000,none
3.67500,-87.47348,-86.58874,0.15402,0.01115,0.00152,-65.08621,-2.21939,0.00000,30.00000,-93.41126,-0.15297,1.09504,6.50862,0.00000,0.00000,0.00000,0.00000,none
3.67917,-87.47348,-86.60095,0.15189,0.01100,0.00150,-65.08621,-2.18878,0.00000,30.00000,-93.39905,-0.15241,1.09505,6.50862,0.00000,0.00000,0.00000,0.00000,none
3.68333,-87.47348,-86.61299,0.14980,0.01085,0.00148,-65.08621,-2.15859,0.00000,30.00000,-93.38701,-0.15185,1.09507,6.50862,0.00000,0.00000,0.00000,0.00000,none
3.68750,-87.47348,-86.62486,0.14773,0.01070,0.00146,-65.08621,-2.12882,0.00000,30.00000,-93.37514,-0.15130,1.09509,6.50862,0.00000,0.00000,0.00000,0.00000,none
3.69167,-87.47348,-86.63657,0.14570,0.01055,0.00144,-65.08621,-2.09945,0.00000,30.00000,-93.36343,-0.15076,1.09510,6.50862,0.00000,0.00000,0.00000,0.00000,none
3.69583,-87.47348,-86.64811,0.14369,0.01041,0.00142,-65.08621,-2.07050,0.00000,30.00000,-93.35189,-0.15023,1.09512,6.50862,0.00000,0.00000,0.00000,0.00000,none
3.70000,-87.47348,-86.65950,0.14170,0.01026,0.00140,-65.08621,-2.04194,0.00000,30.00000,-93.34050,-0.14971,1.09513,6.50862,0.00000,0.00000,0.00000,0.00000,none
3.70417,-87.47348,-86.67073,0.13975,0.01012,0.00138,-65.08621,-2.01377,0.00000,30.00000,-93.32927,-0.14919,1.09515,6.50862,0.00000,0.00000,0.00000,0.00000,none
3.70833,-87.47348,-86.68181,0.13782,0.00998,0.00136,-65.08621,-1.98600,0.00000,30.00000,-93.31819,-0.14868,1.09516,6.50862,0.00000,0.00000,0.00000,0.00000,none
3.71250,-87.47348,-86.69273,0.13592,0.00984,0.00134,-65.08621,-1.95861,0.00000,30.00000,-93.30727,-0.14818,1.09518,6.50862,0.00000,0.00000,0.00000,0.00000,none
3.71667,-87.47348,-86.70350,0.13405,0.00971,0.00133,-65.08621,-1.93159,0.00000,30.00000,-93.29650,-0.14768,1.09519,6.50862,0.00000,0.00000,0.00000,0.00000,none
3.72083,-87.47348,-86.71412,0.13220,0.00957,0.00131,-65.08621,-1.90495,0.00000,30.00000,-93.28588,-0.14719,1.09520,6.50862,0.00000,0.00000,0.00000,0.00000,none
3.72500,-87.47348,-86.72460,0.13037,0.00944,0.00129,-65.08621,-1.87867,0.00000,30.00000,-93.27540,-0.14671,1.09522,6.50862,0.00000,0.00000,0.00000,0.00000,none
3.72917,-87.47348,-86.73493,0.12858,0.00931,0.00127,-65.08621,-1.85276,0.00000,30.00000,-93.26507,-0.14623,1.09523,6.50862,0.00000,0.00000,0.00000,0.00000,none
3.73333,-87.47348,-86.74512,0.12680,0.00918,0.00125,-65.08621,-1.82721,0.00000,30.00000,-93.25488,-0.14576,1.09524,6.50862,0.00000,0.00000,0.00000,0.00000,none
3.73750,-87.47348,-86.75517,0.12505,0.00906,0.00124,-65.08621,-1.80200,0.00000,30.00000,-93.24483,-0.14530,1.09526,6.50862,0.00000,0.00000,0.00000,0.00000,none
3.74167,-87.47348,-86.76508,0.12333,0.00893,0.00122,-65.08621,-1.77715,0.00000,30.00000,-93.23492,-0.14484,1.09527,6.50862,0.00000,0.00000,0.00000,0.00000,none
3.74583,-87.47348,-86.77485,0.12163,0.00881,0.00120,-65.08621,-1.75264,0.00000,30.00000,-93.22515,-0.14439,1.09528,6.50862,0.00000,0.00000,0.00000,0.00000,none
3.75000,-87.47348,-86.78449,0.11995,0.00869,0.00119,-65.08621,-1.72846,0.00000,30.00000,-93.21551,-0.14395,1.09530,6.50862,0.00000,0.00000,0.00000,0.00000,none
3.75417,-87.47348,-86.79400,0.11830,0.00857,0.00117,-65.08621,-1.70462,0.00000,30.00000,-93.20600,-0.14351,1.09531,6.50862,0.00000,0.00000,0.00000,0.00000,none
3.75833,-87.47348,-86.80337,0.11666,0.00845,0.00115,-65.08621,-1.68111,0.00000,30.00000,-93.19663,-0.14308,1.09532,6.50862,0.00000,0.00000,0.00000,0.00000,none
3.76250,-87.47348,-86.81261,0.11505,0.00833,0.00114,-65.08621,-1.65792,0.00000,30.00000,-93.18739,-0.14265,1.09533,6.50862,0.00000,0.00000,0.00000,0.00000,none
3.76667,-87.47348,-86.82173,0.11347,0.00822,0.00112,-65.08621,-1.63506,0.00000,30.00000,-93.17827,-0.14223,1.09534,6.50862,0.00000,0.00000,0.00000,0.00000,none
3.77083,-87.47348,-86.83072,0.11190,0.00810,0.00111,-65.08621,-1.61250,0.00000,30.00000,-93.16928,-0.14182,1.09535,6.50862,0.00000,0.00000,0.00000,0.00000,none
3.77500,-87.47348,-86.83959,0.11036,0.00799,0.00109,-65.08621,-1.59026,0.00000,30.00000,-93.16041,-0.14141,1.09537,6.50862,0.00000,0.00000,0.00000,0.00000,none
3.77917,-87.47348,-86.84834,0.10884,0.00788,0.00108,-65.08621,-1.56833,0.00000,30.00000,-93.15166,-0.14101,1.09538,6.50862,0.00000,0.00000,0.00000,0.00000,none
3.78333,-87.47348,-86.85696,0.10734,0.00777,0.00106,-65.08621,-1.54670,0.00000,30.00000,-93.14304,-0.14061,1.09539,6.50862,0.00000,0.00000,0.00000,0.00000,none
3.78750,-87.47348,-86.86547,0.10586,0.00767,0.00105,-65.08621,-1.52536,0.00000,30.00000,-93.13453,-0.14022,1.09540,6.50862,0.00000,0.00000,0.00000,0.00000,none
3.79167,-87.47348,-86.87385,0.10440,0.00756,0.00103,-65.08621,-1.50432,0.00000,30.00000,-93.12615,-0.13983,1.09541,6.50862,0.00000,0.00000,0.00000,0.00000,none
3.79583,-87.47348,-86.88213,0.10296,0.00746,0.00102,-65.08621,-1.48358,0.00000,30.00000,-93.11787,-0.13945,1.09542,6.50862,0.00000,0.00000,0.00000,0.00000,none
3.80000,-87.47348,-86.89028,0.10154,0.00735,0.00100,-65.08621,-1.46311,0.00000,30.00000,-93.10972,-0.13907,1.09543,6.50862,0.00000,0.00000,0.00000,0.00000,none
3.80417,-87.47348,-86.89833,0.10014,0.00725,0.00099,-65.08621,-1.44293,0.00000,30.00000,-93.10167,-0.13870,1.09544,6.50862,0.00000,0.00000,0.00000,0.00000,none
3.80833,-87.47348,-86.90627,0.09875,0.00715,0.00098,-65.08621,-1.42303,0.00000,30.00000,-93.09373,-0.13834,1.09545,6.50862,0.00000,0.00000,0.00000,0.00000,none
3.81250,-87.47348,-86.91409,0.09739,0.00705,0.00096,-65.08621,-1.40340,0.00000,30.00000,-93.08591,-0.13798,1.09546,6.50862,0.00000,0.00000,0.00000,0.00000,none
3.81667,-87.47348,-86.92181,0.09605,0.00696,0.00095,-65.08621,-1.38405,0.00000,30.00000,-93.07819,-0.13762,1.09547,6.50862,0.00000,0.00000,0.00000,0.00000,none
3.82083,-87.47348,-86.92942,0.09472,0.00686,0.00094,-65.08621,-1.36496,0.00000,30.00000,-93.07058,-0.13727,1.09548,6.50862,0.00000,0.00000,0.00000,0.00000,none
3.82500,-87.47348,-86.93692,0.09342,0.00676,0.00092,-65.08621,-1.34613,0.00000,30.00000,-93.06308,-0.13692,1.09549,6.50862,0.00000,0.00000,0.00000,0.00000,none
3.82917,-87.47348,-86.94433,0.09213,0.00667,0.00091,-65.08621,-1.32756,0.00000,30.00000,-93.05567,-0.13658,1.09550,6.50862,0.00000,0.00000,0.00000,0.00000,none
3.83333,-87.47348,-86.95163,0.09086,0.00658,0.00090,-65.08621,-1.30925,0.00000,30.00000,-93.04837,-0.13625,1.09550,6.50862,0.00000,0.00000,0.00000,0.00000,none
3.83750,-87.47348,-86.95883,0.08960,0.00649,0.00089,-65.08621,-1.29119,0.00000,30.00000,-93.04117,-0.13591,1.09551,6.50862,0.00000,0.00000,0.00000,0.00000,none
3.84167,-87.47348,-86.96593,0.08837,0.00640,0.00087,-65.08621,-1.27338,0.00000,30.00000,-93.03407,-0.13559,1.09552,6.50862,0.00000,0.00000,0.00000,0.00000,none
3.84583,-87.47348,-86.97293,0.08715,0.00631,0.00086,-65.08621,-1.25582,0.00000,30.00000,-93.02707,-0.13526,1.09553,6.50862,0.00000,0.00000,0.00000,0.00000,none
3.85000,-87.47348,-86.97983,0.08595,0.00622,0.00085,-65.08621,-1.23850,0.00000,30.00000,-93.02017,-0.13495,1.09554,6.50862,0.00000,0.00000,0.00000,0.00000,none
3.85417,-87.47348,-86.98664,0.08476,0.00614,0.00084,-65.08621,-1.22142,0.00000,30.00000,-93.01336,-0.13463,1.09555,6.50862,0.00000,0.00000,0.00000,0.00000,none
3.85833,-87.47348,-86.99336,0.08359,0.00605,0.00083,-65.08621,-1.20457,0.00000,30.00000,-93.00664,-0.13432,1.09555,6.50862,0.00000,0.00000,0.00000,0.00000,none
3.86250,-87.47348,-86.99998,0.08244,0.00597,0.00082,-65.08621,-1.18795,0.00000,30.00000,-93.00002,-0.13402,1.09556,6.50862,0.00000,0.00000,0.00000,0.00000,none
3.86667,-87.47348,-87.00651,0.08130,0.00589,0.00080,-65.08621,-1.17157,0.00000,30.00000,-92.99349,-0.13372,1.09557,6.50862,0.00000,0.00000,0.00000,0.00000,none
3.87083,-87.47348,-87.01296,0.08018,0.00581,0.00079,-65.08621,-1.15541,0.00000,30.00000,-92.98704,-0.13342,1.09558,6.50862,0.00000,0.00000,0.00000,0.00000,none
3.87500,-87.47348,-87.01931,0.07908,0.00573,0.00078,-65.08621,-1.13947,0.00000,30.00000,-92.98069,-0.13313,1.09559,6.50862,0.00000,0.00000,0.00000,0.00000,none
3.87917,-87.47348,-87.02558,0.07799,0.00565,0.00077,-65.08621,-1.12376,0.00000,30.00000,-92.97442,-0.13284,1.09559,6.50862,0.00000,0.00000,0.00000,0.00000,none
3.88333,-87.47348,-87.03175,0.07691,0.00557,0.00076,-65.08621,-1.10826,0.00000,30.00000,-92.96825,-0.13255,1.09560,6.50862,0.00000,0.00000,0.00000,0.00000,none
3.88750,-87.47348,-87.03785,0.07585,0.00549,0.00075,-65.08621,-1.09297,0.00000,30.00000,-92.96215,-0.13227,1.09561,6.50862,0.00000,0.00000,0.00000,0.00000,none
3.89167,-87.47348,-87.04386,0.07480,0.00542,0.00074,-65.08621,-1.07790,0.00000,30.00000,-92.95614,-0.13200,1.09562,6.50862,0.00000,0.00000,0.00000,0.00000,none
3.89583,-87.47348,-87.04978,0.07377,0.00534,0.00073,-65.08621,-1.06303,0.00000,30.00000,-92.95022,-0.13172,1.09562,6.50862,0.00000,0.00000,0.00000,0.00000,none
3.90000,-87.47348,-87.05563,0.07275,0.00527,0.00072,-65.08621,-1.04837,0.00000,30.00000,-92.94437,-0.13145,1.09563,6.50862,0.00000,0.00000,0.00000,0.00000,none
3.90417,-87.47348,-87.06139,0.07175,0.00520,0.00071,-65.08621,-1.03391,0.00000,30.00000,-92.93861,-0.13119,1.09564,6.50862,0.00000,0.00000,0.00000,0.00000,none
3.90833,-87.47348,-87.06708,0.07076,0.00512,0.00070,-65.08621,-1.01965,0.00000,30.00000,-92.93292,-0.13093,1.09564,6.50862,0.00000,0.00000,0.00000,0.00000,none
3.91250,-87.47348,-87.07268,0.06978,0.00505,0.00069,-65.08621,-1.00558,0.00000,30.00000,-92.92732,-0.13067,1.09565,6.50862,0.00000,0.00000,0.00000,0.00000,none
3.91667,-87.47348,-87.07821,0.06882,0.00498,0.00068,-65.08621,-0.99171,0.00000,30.00000,-92.92179,-0.13041,1.09566,6.50862,0.00000,0.00000,0.00000,0.00000,none
3.92083,-87.47348,-87.08367,0.06787,0.00491,0.00067,-65.08621,-0.97803,0.00000,30.00000,-92.91633,-0.13016,1.09566,6.50862,0.00000,0.00000,0.00000,0.00000,none
3.92500,-87.47348,-87.08904,0.06694,0.00485,0.00066,-65.08621,-0.96454,0.00000,30.00000,-92.91096,-0.12991,1.09567,6.50862,0.00000,0.00000,0.00000,0.00000,none
3.92917,-87.47348,-87.09435,0.06601,0.00478,0.00065,-65.08621,-0.95124,0.00000,30.00000,-92.90565,-0.12967,1.09567,6.50862,0.00000,0.00000,0.00000,0.00000,none
3.93333,-87.47348,-87.09958,0.06510,0.00471,0.00064,-65.08621,-0.93812,0.00000,30.00000,-92.90042,-0.12943,1.09568,6.50862,0.00000,0.00000,0.00000,0.00000,none
3.93750,-87.47348,-87.10474,0.06420,0.00465,0.00064,-65.08621,-0.92518,0.00000,30.00000,-92.89526,-0.12919,1.09569,6.50862,0.00000,0.00000,0.00000,0.00000,none
3.94167,-87.47348,-87.10982,0.06332,0.00459,0.00063,-65.08621,-0.91242,0.00000,30.00000,-92.89018,-0.12896,1.09569,6.50862,0.00000,0.00000,0.00000,0.00000,none
3.94583,-87.47348,-87.11484,0.06245,0.00452,0.00062,-65.08621,-0.89983,0.00000,30.00000,-92.88516,-0.12872,1.09570,6.50862,0.00000,0.00000,0.00000,0.00000,none
3.95000,-87.47348,-87.11979,0.06158,0.00446,0.00061,-65.08621,-0.88742,0.00000,30.00000,-92.88021,-0.12850,1.09570,6.50862,0.00000,0.00000,0.00000,0.00000,none
3.95417,-87.47348,-87.12467,0.06073,0.00440,0.00060,-65.08621,-0.87518,0.00000,30.00000,-92.87533,-0.12827,1.09571,6.50862,0.00000,0.00000,0.00000,0.00000,none
3.95833,-87.47348,-87.12948,0.05990,0.00434,0.00059,-65.08621,-0.86311,0.00000,30.00000,-92.87052,-0.12805,1.09572,6.50862,0.00000,0.00000,0.00000,0.00000,none
3.96250,-87.47348,-87.13422,0.05907,0.00428,0.00058,-65.08621,-0.85121,0.00000,30.00000,-92.86578,-0.12783,1.09572,6.50862,0.00000,0.00000,0.00000,0.00000,none
3.96667,-87.47348,-87.13890,0.05826,0.00422,0.00058,-65.08621,-0.83947,0.00000,30.00000,-92.86110,-0.12762,1.09573,6.50862,0.00000,0.00000,0.00000,0.00000,none
3.97083,-87.47348,-87.14352,0.05745,0.00416,0.00057,-65.08621,-0.82789,0.00000,30.00000,-92.85648,-0.12740,1.09573,6.50862,0.00000,0.00000,0.00000,0.00000,none
3.97500,-87.47348,-87.14807,0.05666,0.00410,0.00056,-65.08621,-0.81647,0.00000,30.00000,-92.85193,-0.12719,1.09574,6.50862,0.00000,0.00000,0.00000,0.00000,none
3.97917,-87.47348,-87.15256,0.05588,0.00405,0.00055,-65.08621,-0.80521,0.00000,30.00000,-92.84744,-0.12699,1.09574,6.50862,0.00000,0.00000,0.00000,0.00000,none
3.98333,-87.47348,-87.15699,0.05511,0.00399,0.00055,-65.08621,-0.79410,0.00000,30.00000,-92.84301,-0.12678,1.09575,6.50862,0.00000,0.00000,0.00000,0.00000,none
3.98750,-87.47348,-87.16135,0.05435,0.00394,0.00054,-65.08621,-0.78315,0.00000,30.00000,-92.83865,-0.12658,1.09575,6.50862,0.00000,0.00000,0.00000,0.00000,none
3.99167,-87.47348,-87.16566,0.05360,0.00388,0.00053,-65.08621,-0.77235,0.00000,30.00000,-92.83434,-0.12638,1.09576,6.50862,0.00000,0.00000,0.00000,0.00000,none
3.99583,-87.47348,-87.16990,0.05286,0.00383,0.00052,-65.08621,-0.76169,0.00000,30.00000,-92.83010,-0.12619,1.09576,6.50862,0.00000,0.00000,0.00000,0.00000,none
4.00000,-87.47348,-87.17409,0.05213,0.00378,0.00052,-65.08621,-0.75119,0.00000,30.00000,-92.82591,-0.12599,1.09577,6.50862,0.00000,0.00000,0.00000,0.00000,none
4.00417,-87.47348,-87.17822,0.05141,0.00372,0.00051,-65.08621,-0.74083,0.00000,30.00000,-92.82178,-0.12580,1.09577,6.50862,0.00000,0.00000,0.00000,0.00000,none
4.00833,-87.47348,-87.18229,0.05070,0.00367,0.00050,-65.08621,-0.73061,0.00000,30.00000,-92.81771,-0.12562,1.09578,6.50862,0.00000,0.00000,0.00000,0.00000,none
4.01250,-87.47348,-87.18631,0.05000,0.00362,0.00049,-65.08621,-0.72053,0.00000,30.00000,-92.81369,-0.12543,1.09578,6.50862,0.00000,0.00000,0.00000,0.00000,none
4.01667,-87.47348,-87.19027,0.04931,0.00357,0.00049,-65.08621,-0.71059,0.00000,30.00000,-92.80973,-0.12525,1.09578,6.50862,0.00000,0.00000,0.00000,0.00000,none
4.02083,-87.47348,-87.19418,0.04863,0.00352,0.00048,-65.08621,-0.70079,0.00000,30.00000,-92.80582,-0.12507,1.09579,6.50862,0.00000,0.00000,0.00000,0.00000,none
4.02500,-87.47348,-87.19803,0.04796,0.00347,0.00047,-65.08621,-0.69113,0.00000,30.00000,-92.80197,-0.12489,1.09579,6.50862,0.00000,0.00000,0.00000,0.00000,none
4.02917,-87.47348,-87.20183,0.04730,0.00343,0.00047,-65.08621,-0.68159,0.00000,30.00000,-92.79817,-0.12472,1.09580,6.50862,0.00000,0.00000,0.00000,0.00000,none
4.03333,-87.47348,-87.20558,0.04665,0.00338,0.00046,-65.08621,-0.67219,0.00000,30.00000,-92.79442,-0.12454,1.09580,6.50862,0.00000,0.00000,0.00000,0.00000,none
4.03750,-87.47348,-87.20927,0.04600,0.00333,0.00046,-65.08621,-0.66292,0.00000,30.00000,-92.79073,-0.12437,1.09581,6.50862,0.00000,0.00000,0.00000,0.00000,none
4.04167,-87.47348,-87.21292,0.04537,0.00329,0.00045,-65.08621,-0.65378,0.00000,30.00000,-92.78708,-0.12420,1.09581,6.50862,0.00000,0.00000,0.00000,0.00000,none
4.04583,-87.47348,-87.21651,0.04474,0.00324,0.00044,-65.08621,-0.64476,0.00000,30.00000,-92.78349,-0.12404,1.09581,6.50862,0.00000,0.00000,0.00000,0.00000,none
4.05000,-87.47348,-87.22006,0.04413,0.00320,0.00044,-65.08621,-0.63587,0.00000,30.00000,-92.77994,-0.12388,1.09582,6.50862,0.00000,0.00000,0.00000,0.00000,none
4.05417,-87.47348,-87.22355,0.04352,0.00315,0.00043,-65.08621,-0.62710,0.00000,30.00000,-92.77645,-0.12371,1.09582,6.50862,0.00000,0.00000,0.00000,0.00000,none
4.05833,-87.47348,-87.22700,0.04292,0.00311,0.00042,-65.08621,-0.61845,0.00000,30.00000,-92.77300,-0.12356,1.09583,6.50862,0.00000,0.00000,0.00000,0.00000,none
4.06250,-87.47348,-87.23040,0.04233,0.00307,0.00042,-65.08621,-0.60992,0.00000,30.00000,-92.76960,-0.12340,1.09583,6.50862,0.00000,0.00000,0.00000,0.00000,none
4.06667,-87.47348,-87.23375,0.04174,0.00302,0.00041,-65.08621,-0.60150,0.00000,30.00000,-92.76625,-0.12324,1.09583,6.50862,0.00000,0.00000,0.00000,0.00000,none
4.07083,-87.47348,-87.23706,0.04117,0.00298,0.00041,-65.08621,-0.59321,0.00000,30.00000,-92.76294,-0.12309,1.09584,6.50862,0.00000,0.00000,0.00000,0.00000,none
4.07500,-87.47348,-87.24032,0.04060,0.00294,0.00040,-65.08621,-0.58503,0.00000,30.00000,-92.75968,-0.12294,1.09584,6.50862,0.00000,0.00000,0.00000,0.00000,none
4.07917,-87.47348,-87.24354,0.04004,0.00290,0.00040,-65.08621,-0.57696,0.00000,30.00000,-92.75646,-0.12279,1.09584,6.50862,0.00000,0.00000,0.00000,0.00000,none
4.08333,-87.47348,-87.24671,0.03949,0.00286,0.00039,-65.08621,-0.56900,0.00000,30.00000,-92.75329,-0.12265,1.09585,6.50862,0.00000,0.00000,0.00000,0.00000,none
4.08750,-87.47348,-87.24984,0.03894,0.00282,0.00039,-65.08621,-0.56115,0.00000,30.00000,-92.75016,-0.12250,1.09585,6.50862,0.00000,0.00000,0.00000,0.00000,none
4.09167,-87.47348,-87.25292,0.03840,0.00278,0.00038,-65.08621,-0.55341,0.00000,30.00000,-92.74708,-0.12236,1.09585,6.50862,0.00000,0.00000,0.00000,0.00000,none
4.09583,-87.47348,-87.25597,0.03788,0.00274,0.00037,-65.08621,-0.54578,0.00000,30.00000,-92.74403,-0.12222,1.09586,6.50862,0.00000,0.00000,0.00000,0.00000,none
4.10000,-87.47348,-87.25897,0.03735,0.00270,0.00037,-65.08621,-0.53825,0.00000,30.00000,-92.74103,-0.12208,1.09586,6.50862,0.00000,0.00000,0.00000,0.00000,none
4.10417,-87.47348,-87.26193,0.03684,0.00267,0.00036,-65.08621,-0.53082,0.00000,30.00000,-92.73807,-0.12195,1.09586,6.50862,0.00000,0.00000,0.00000,0.00000,none
4.10833,-87.47348,-87.26484,0.03633,0.00263,0.00036,-65.08621,-0.52350,0.00000,30.00000,-92.73516,-0.12181,1.09587,6.50862,0.00000,0.00000,0.00000,0.00000,none
4.11250,-87.47348,-87.26772,0.03583,0.00259,0.00035,-65.08621,-0.51628,0.00000,30.00000,-92.73228,-0.12168,1.09587,6.50862,0.00000,0.00000,0.00000,0.00000,none
4.11667,-87.47348,-87.27056,0.03533,0.00256,0.00035,-65.08621,-0.50916,0.00000,30.00000,-92.72944,-0.12155,1.09587,6.50862,0.00000,0.00000,0.00000,0.00000,none
4.12083,-87.47348,-87.27336,0.03485,0.00252,0.00034,-65.08621,-0.50214,0.00000,30.00000,-92.72664,-0.12142,1.09588,6.50862,0.00000,0.00000,0.00000,0.00000,none
4.12500,-87.47348,-87.27612,0.03437,0.00249,0.00034,-65.08621,-0.49521,0.00000,30.00000,-92.72388,-0.12129,1.09588,6.50862,0.00000,0.00000,0.00000,0.00000,none
4.12917,-87.47348,-87.27884,0.03389,0.00245,0.00034,-65.08621,-0.48838,0.00000,30.00000,-92.72116,-0.12117,1.09588,6.50862,0.00000,0.00000,0.00000,0.00000,none
4.13333,-87.47348,-87.28153,0.03342,0.00242,0.00033,-65.08621,-0.48165,0.00000,30.00000,-92.71847,-0.12104,1.09589,6.50862,0.00000,0.00000,0.00000,0.00000,none
4.13750,-87.47348,-87.28417,0.03296,0.00239,0.00033,-65.08621,-0.47500,0.00000,30.00000,-92.71583,-0.12092,1.09589,6.50862,0.00000,0.00000,0.00000,0.00000,none
4.14167,-87.47348,-87.28679,0.03251,0.00235,0.00032,-65.08621,-0.46845,0.00000,30.00000,-92.71321,-0.12080,1.09589,6.50862,0.00000,0.00000,0.00000,0.00000,none
4.14583,-87.47348,-87.28936,0.03206,0.00232,0.00032,-65.08621,-0.46199,0.00000,30.00000,-92.71064,-0.12068,1.09590,6.50862,0.00000,0.00000,0.00000,0.00000,none
4.15000,-87.47348,-87.29190,0.03162,0.00229,0.00031,-65.08621,-0.45562,0.00000,30.00000,-92.70810,-0.12056,1.09590,6.50862,0.00000,0.00000,0.00000,0.00000,none
4.15417,-87.47348,-87.29441,0.03118,0.00226,0.00031,-65.08621,-0.44933,0.00000,30.00000,-92.70559,-0.12045,1.09590,6.50862,0.00000,0.00000,0.00000,0.00000,none
4.15833,-87.47348,-87.29688,0.03075,0.00223,0.00030,-65.08621,-0.44314,0.00000,30.00000,-92.70312,-0.12034,1.09590,6.50862,0.00000,0.00000,0.00000,0.00000,none
4.16250,-87.47348,-87.29931,0.03033,0.00220,0.00030,-65.08621,-0.43702,0.00000,30.00000,-92.70069,-0.12022,1.09591,6.50862,0.00000,0.00000,0.00000,0.00000,none
4.16667,-87.47348,-87.30171,0.02991,0.00217,0.00030,-65.08621,-0.43100,0.00000,30.00000,-92.69829,-0.12011,1.09591,6.50862,0.00000,0.00000,0.00000,0.00000,none
4.17083,-87.47348,-87.30408,0.02950,0.00214,0.00029,-65.08621,-0.42505,0.00000,30.00000,-92.69592,-0.12000,1.09591,6.50862,0.00000,0.00000,0.00000,0.00000,none
4.17500,-87.47348,-87.30642,0.02909,0.00211,0.00029,-65.08621,-0.41919,0.00000,30.00000,-92.69358,-0.11990,1.09591,6.50862,0.00000,0.00000,0.00000,0.00000,none
4.17917,-87.47348,-87.30872,0.02869,0.00208,0.00028,-65.08621,-0.41341,0.00000,30.00000,-92.69128,-0.11979,1.09592,6.50862,0.00000,0.00000,0.00000,0.00000,none
4.18333,-87.47348,-87.31100,0.02829,0.00205,0.00028,-65.08621,-0.40770,0.00000,30.00000,-92.68900,-0.11968,1.09592,6.50862,0.00000,0.00000,0.00000,0.00000,none
4.18750,-87.47348,-87.31324,0.02790,0.00202,0.00028,-65.08621,-0.40208,0.00000,30.00000,-92.68676,-0.11958,1.09592,6.50862,0.00000,0.00000,0.00000,0.00000,none
4.19167,-87.47348,-87.31545,0.02752,0.00199,0.00027,-65.08621,-0.39654,0.00000,30.00000,-92.68455,-0.11948,1.09592,6.50862,0.00000,0.00000,0.00000,0.00000,none
4.19583,-87.47348,-87.31763,0.02714,0.00197,0.00027,-65.08621,-0.39107,0.00000,30.00000,-92.68237,-0.11938,1.09593,6.50862,0.00000,0.00000,0.00000,0.00000,none
4.20000,-87.47348,-87.31978,0.02676,0.00194,0.00026,-65.08621,-0.38567,0.00000,30.00000,-92.68022,-0.11928,1.09593,6.50862,0.00000,0.00000,0.00000,0.00000,none
4.20417,-87.47348,-87.32190,0.02640,0.00191,0.00026,-65.08621,-0.38035,0.00000,30.00000,-92.67810,-0.11918,1.09593,6.50862,0.00000,0.00000,0.00000,0.00000,none
4.20833,-87.47348,-87.32399,0.02603,0.00189,0.00026,-65.08621,-0.37511,0.00000,30.00000,-92.67601,-0.11909,1.09593,6.50862,0.00000,0.00000,0.00000,0.00000,none
4.21250,-87.47348,-87.32605,0.02567,0.00186,0.00025,-65.08621,-0.36993,0.00000,30.00000,-92.67395,-0.11899,1.09594,6.50862,0.00000,0.00000,0.00000,0.00000,none
4.21667,-87.47348,-87.32809,0.02532,0.00183,0.00025,-65.08621,-0.36483,0.00000,30.00000,-92.67191,-0.11890,1.09594,6.50862,0.00000,0.00000,0.00000,0.00000,none
4.22083,-87.47348,-87.33009,0.02497,0.00181,0.00025,-65.08621,-0.35980,0.00000,30.00000,-92.66991,-0.11880,1.09594,6.50862,0.00000,0.00000,0.00000,0.00000,none
4.22500,-87.47348,-87.33207,0.02462,0.00178,0.00024,-65.08621,-0.35484,0.00000,30.00000,-92.66793,-0.11871,1.09594,6.50862,0.00000,0.00000,0.00000,0.00000,none
4.22917,-87.47348,-87.33402,0.02428,0.00176,0.00024,-65.08621,-0.34994,0.00000,30.00000,-92.66598,-0.11862,1.09594,6.50862,0.00000,0.00000,0.00000,0.00000,none
4.23333,-87.47348,-87.33594,0.02395,0.00173,0.00024,-65.08621,-0.34511,0.00000,30.00000,-92.66406,-0.11854,1.09595,6.50862,0.00000,0.00000,0.00000,0.00000,none
4.23750,-87.47348,-87.33784,0.02362,0.00171,0.00023,-65.08621,-0.34035,0.00000,30.00000,-92.66216,-0.11845,1.09595,6.50862,0.00000,0.00000,0.00000,0.00000,none
4.24167,-87.47348,-87.33971,0.02329,0.00169,0.00023,-65.08621,-0.33566,0.00000,30.00000,-92.66029,-0.11836,1.09595,6.50862,0.00000,0.00000,0.00000,0.00000,none
4.24583,-87.47348,-87.34156,0.02297,0.00166,0.00023,-65.08621,-0.33103,0.00000,30.00000,-92.65844,-0.11828,1.09595,6.50862,0.00000,0.00000,0.00000,0.00000,none
4.25000,-87.47348,-87.34338,0.02266,0.00164,0.00022,-65.08621,-0.32646,0.00000,30.00000,-92.65662,-0.11819,1.09595,6.50862,0.00000,0.00000,0.00000,0.00000,none
4.25417,-87.47348,-87.34517,0.02234,0.00162,0.00022,-65.08621,-0.32196,0.00000,30.00000,-92.65483,-0.11811,1.09596,6.50862,0.00000,0.00000,0.00000,0.00000,none
4.25833,-87.47348,-87.34694,0.02203,0.00160,0.00022,-65.08621,-0.31752,0.00000,30.00000,-92.65306,-0.11803,1.09596,6.50862,0.00000,0.00000,0.00000,0.00000,none
4.26250,-87.47348,-87.34869,0.02173,0.00157,0.00021,-65.08621,-0.31314,0.00000,30.00000,-92.65131,-0.11795,1.09596,6.50862,0.00000,0.00000,0.00000,0.00000,none
4.26667,-87.47348,-87.35041,0.02143,0.00155,0.00021,-65.08621,-0.30882,0.00000,30.00000,-92.64959,-0.11787,1.09596,6.50862,0.00000,0.00000,0.00000,0.00000,none
4.27083,-87.47348,-87.35210,0.02114,0.00153,0.00021,-65.08621,-0.30456,0.00000,30.00000,-92.64790,-0.11779,1.09596,6.50862,0.00000,0.00000,0.00000,0.00000,none
4.27500,-87.47348,-87.35378,0.02084,0.00151,0.00021,-65.08621,-0.30036,0.00000,30.00000,-92.64622,-0.11771,1.09597,6.50862,0.00000,0.00000,0.00000,0.00000,none
4.27917,-87.47348,-87.35543,0.02056,0.00149,0.00020,-65.08621,-0.29622,0.00000,30.00000,-92.64457,-0.11764,1.09597,6.50862,0.00000,0.00000,0.00000,0.00000,none
4.28333,-87.47348,-87.35706,0.02027,0.00147,0.00020,-65.08621,-0.29213,0.00000,30.00000,-92.64294,-0.11756,1.09597,6.50862,0.00000,0.00000,0.00000,0.00000,none
4.28750,-87.47348,-87.35866,0.01999,0.00145,0.00020,-65.08621,-0.28810,0.00000,30.00000,-92.64134,-0.11749,1.09597,6.50862,0.00000,0.00000,0.00000,0.00000,none
4.29167,-87.47348,-87.36025,0.01972,0.00143,0.00020,-65.08621,-0.28413,0.00000,30.00000,-92.63975,-0.11742,1.09597,6.50862,0.00000,0.00000,0.00000,0.00000,none
4.29583,-87.47348,-87.36181,0.01945,0.00141,0.00019,-65.08621,-0.28021,0.00000,30.00000,-92.63819,-0.11734,1.09597,6.50862,0.00000,0.00000,0.00000,0.00000,none
4.30000,-87.47348,-87.36335,0.01918,0.00139,0.00019,-65.08621,-0.27635,0.00000,30.00000,-92.63665,-0.11727,1.09598,6.50862,0.00000,0.00000,0.00000,0.00000,none
4.30417,-87.47348,-87.36487,0.01891,0.00137,0.00019,-65.08621,-0.27253,0.00000,30.00000,-92.63513,-0.11720,1.09598,6.50862,0.00000,0.00000,0.00000,0.00000,none
4.30833,-87.47348,-87.36637,0.01865,0.00135,0.00018,-65.08621,-0.26878,0.00000,30.00000,-92.63363,-0.11713,1.09598,6.50862,0.00000,0.00000,0.00000,0.00000,none
4.31250,-87.47348,-87.36784,0.01839,0.00133,0.00018,-65.08621,-0.26507,0.00000,30.00000,-92.63216,-0.11707,1.09598,6.50862,0.00000,0.00000,0.00000,0.00000,none
4.31667,-87.47348,-87.36930,0.01814,0.00131,0.00018,-65.08621,-0.26141,0.00000,30.00000,-92.63070,-0.11700,1.09598,6.50862,0.00000,0.00000,0.00000,0.00000,none
4.32083,-87.47348,-87.37074,0.01789,0.00130,0.00018,-65.08621,-0.25781,0.00000,30.00000,-92.62926,-0.11693,1.09598,6.50862,0.00000,0.00000,0.00000,0.00000,none
4.32500,-87.47348,-87.37216,0.01764,0.00128,0.00017,-65.08621,-0.25425,0.00000,30.00000,-92.62784,-0.11687,1.09598,6.50862,0.00000,0.00000,0.00000,0.00000,none
4.32917,-87.47348,-87.37355,0.01740,0.00126,0.00017,-65.08621,-0.25074,0.00000,30.00000,-92.62645,-0.11680,1.09599,6.50862,0.00000,0.00000,0.00000,0.00000,none
4.33333,-87.47348,-87.37493,0.01716,0.00124,0.00017,-65.08621,-0.24729,0.00000,30.00000,-92.62507,-0.11674,1.09599,6.50862,0.00000,0.00000,0.00000,0.00000,none
4.33750,-87.47348,-87.37629,0.01692,0.00123,0.00017,-65.08621,-0.24387,0.00000,30.00000,-92.62371,-0.11668,1.09599,6.50862,0.00000,0.00000,0.00000,0.00000,none
4.34167,-87.47348,-87.37763,0.01669,0.00121,0.00017,-65.08621,-0.24051,0.00000,30.00000,-92.62237,-0.11661,1.09599,6.50862,0.00000,0.00000,0.00000,0.00000,none
4.34583,-87.47348,-87.37895,0.01646,0.00119,0.00016,-65.08621,-0.23719,0.00000,30.00000,-92.62105,-0.11655,1.09599,6.50862,0.00000,0.00000,0.00000,0.00000,none
4.35000,-87.47348,-87.38026,0.01623,0.00118,0.00016,-65.08621,-0.23392,0.00000,30.00000,-92.61974,-0.11649,1.09599,6.50862,0.00000,0.00000,0.00000,0.00000,none
4.35417,-87.47348,-87.38154,0.01601,0.00116,0.00016,-65.08621,-0.23070,0.00000,30.00000,-92.61846,-0.11643,1.09599,6.50862,0.00000,0.00000,0.00000,0.00000,none
4.35833,-87.47348,-87.38281,0.01579,0.00114,0.00016,-65.08621,-0.22751,0.00000,30.00000,-92.61719,-0.11638,1.09600,6.50862,0.00000,0.00000,0.00000,0.00000,none
4.36250,-87.47348,-87.38406,0.01557,0.00113,0.00015,-65.08621,-0.22438,0.00000,30.00000,-92.61594,-0.11632,1.09600,6.50862,0.00000,0.00000,0.00000,0.00000,none
4.36667,-87.47348,-87.38530,0.01536,0.00111,0.00015,-65.08621,-0.22128,0.00000,30.00000,-92.61470,-0.11626,1.09600,6.50862,0.00000,0.00000,0.00000,0.00000,none
4.37083,-87.47348,-87.38651,0.01514,0.00110,0.00015,-65.08621,-0.21823,0.00000,30.00000,-92.61349,-0.11620,1.09600,6.50862,0.00000,0.00000,0.00000,0.00000,none
4.37500,-87.47348,-87.38771,0.01494,0.00108,0.00015,-65.08621,-0.21522,0.00000,30.00000,-92.61229,-0.11615,1.09600,6.50862,0.00000,0.00000,0.00000,0.00000,none
4.37917,-87.47348,-87.38889,0.01473,0.00107,0.00015,-65.08621,-0.21225,0.00000,30.00000,-92.61111,-0.11610,1.09600,6.50862,0.00000,0.00000,0.00000,0.00000,none
4.38333,-87.47348,-87.39006,0.01453,0.00105,0.00014,-65.08621,-0.20932,0.00000,30.00000,-92.60994,-0.11604,1.09600,6.50862,0.00000,0.00000,0.00000,0.00000,none
4.38750,-87.47348,-87.39121,0.01433,0.00104,0.00014,-65.08621,-0.20644,0.00000,30.00000,-92.60879,-0.11599,1.09600,6.50862,0.00000,0.00000,0.00000,0.00000,none
4.39167,-87.47348,-87.39235,0.01413,0.00102,0.00014,-65.08621,-0.20359,0.00000,30.00000,-92.60765,-0.11594,1.09601,6.50862,0.00000,0.00000,0.00000,0.00000,none
4.39583,-87.47348,-87.39347,0.01393,0.00101,0.00014,-65.08621,-0.20078,0.00000,30.00000,-92.60653,-0.11588,1.09601,6.50862,0.00000,0.00000,0.00000,0.00000,none
4.40000,-87.47348,-87.39457,0.01374,0.00100,0.00014,-65.08621,-0.19801,0.00000,30.00000,-92.60543,-0.11583,1.09601,6.50862,0.00000,0.00000,0.00000,0.00000,none
4.40417,-87.47348,-87.39566,0.01355,0.00098,0.00013,-65.08621,-0.19528,0.00000,30.00000,-92.60434,-0.11578,1.09601,6.50862,0.00000,0.00000,0.00000,0.00000,none
4.40833,-87.47348,-87.39673,0.01336,0.00097,0.00013,-65.08621,-0.19259,0.00000,30.00000,-92.60327,-0.11573,1.09601,6.50862,0.00000,0.00000,0.00000,0.00000,none
4.41250,-87.47348,-87.39779,0.01318,0.00095,0.00013,-65.08621,-0.18993,0.00000,30.00000,-92.60221,-0.11569,1.09601,6.50862,0.00000,0.00000,0.00000,0.00000,none
4.41667,-87.47348,-87.39883,0.01300,0.00094,0.00013,-65.08621,-0.18731,0.00000,30.00000,-92.60117,-0.11564,1.09601,6.50862,0.00000,0.00000,0.00000,0.00000,none
4.42083,-87.47348,-87.39986,0.01282,0.00093,0.00013,-65.08621,-0.18473,0.00000,30.00000,-92.60014,-0.11559,1.09601,6.50862,0.00000,0.00000,0.00000,0.00000,none
4.42500,-87.47348,-87.40088,0.01264,0.00092,0.00013,-65.08621,-0.18218,0.00000,30.00000,-92.59912,-0.11554,1.09602,6.50862,0.00000,0.00000,0.00000,0.00000,none
4.42917,-87.47348,-87.40188,0.01247,0.00090,0.00012,-65.08621,-0.17967,0.00000,30.00000,-92.59812,-0.11550,1.09602,6.50862,0.00000,0.00000,0.00000,0.00000,none
4.43333,-87.47348,-87.40287,0.01230,0.00089,0.00012,-65.08621,-0.17719,0.00000,30.00000,-92.59713,-0.11545,1.09602,6.50862,0.00000,0.00000,0.00000,0.00000,none
4.43750,-87.47348,-87.40384,0.01213,0.00088,0.00012,-65.08621,-0.17474,0.00000,30.00000,-92.59616,-0.11541,1.09602,6.50862,0.00000,0.00000,0.00000,0.00000,none
4.44167,-87.47348,-87.40480,0.01196,0.00087,0.00012,-65.08621,-0.17233,0.00000,30.00000,-92.59520,-0.11536,1.09602,6.50862,0.00000,0.00000,0.00000,0.00000,none
4.44583,-87.47348,-87.40575,0.01179,0.00085,0.00012,-65.08621,-0.16996,0.00000,30.00000,-92.59425,-0.11532,1.09602,6.50862,0.00000,0.00000,0.00000,0.00000,none
4.45000,-87.47348,-87.40668,0.01163,0.00084,0.00012,-65.08621,-0.16761,0.00000,30.00000,-92.59332,-0.11528,1.09602,6.50862,0.00000,0.00000,0.00000,0.00000,none
4.45417,-87.47348,-87.40761,0.01147,0.00083,0.00011,-65.08621,-0.16530,0.00000,30.00000,-92.59239,-0.11523,1.09602,6.50862,0.00000,0.00000,0.00000,0.00000,none
4.45833,-87.47348,-87.40851,0.01131,0.00082,0.00011,-65.08621,-0.16302,0.00000,30.00000,-92.59149,-0.11519,1.09602,6.50862,0.00000,0.00000,0.00000,0.00000,none
4.46250,-87.47348,-87.40941,0.01116,0.00081,0.00011,-65.08621,-0.16077,0.00000,30.00000,-92.59059,-0.11515,1.09602,6.50862,0.00000,0.00000,0.00000,0.00000,none
4.46667,-87.47348,-87.41029,0.01100,0.00080,0.00011,-65.08621,-0.15855,0.00000,30.00000,-92.58971,-0.11511,1.09603,6.50862,0.00000,0.00000,0.00000,0.00000,none
4.47083,-87.47348,-87.41117,0.01085,0.00079,0.00011,-65.08621,-0.15637,0.00000,30.00000,-92.58883,-0.11507,1.09603,6.50862,0.00000,0.00000,0.00000,0.00000,none
4.47500,-87.47348,-87.41203,0.01070,0.00077,0.00011,-65.08621,-0.15421,0.00000,30.00000,-92.58797,-0.11503,1.09603,6.50862,0.00000,0.00000,0.00000,0.00000,none
4.47917,-87.47348,-87.41287,0.01055,0.00076,0.00010,-65.08621,-0.15208,0.00000,30.00000,-92.58713,-0.11499,1.09603,6.50862,0.00000,0.00000,0.00000,0.00000,none
4.48333,-87.47348,-87.41371,0.01041,0.00075,0.00010,-65.08621,-0.14999,0.00000,30.00000,-92.58629,-0.11495,1.09603,6.50862,0.00000,0.00000,0.00000,0.00000,none
4.48750,-87.47348,-87.41453,0.01027,0.00074,0.00010,-65.08621,-0.14792,0.00000,30.00000,-92.58547,-0.11491,1.09603,6.50862,0.00000,0.00000,0.00000,0.00000,none
4.49167,-87.47348,-87.41535,0.01012,0.00073,0.00010,-65.08621,-0.14588,0.00000,30.00000,-92.58465,-0.11488,1.09603,6.50862,0.00000,0.00000,0.00000,0.00000,none
4.49583,-87.47348,-87.41615,0.00998,0.00072,0.00010,-65.08621,-0.14387,0.00000,30.00000,-92.58385,-0.11484,1.09603,6.50862,0.00000,0.00000,0.00000,0.00000,none
4.50000,-87.47348,-87.41694,0.00985,0.00071,0.00000,-65.08621,-0.14188,0.00000,30.00000,-92.58306,-0.11480,1.09603,6.50862,0.00000,0.00000,0.00000,0.00000,none
4.50417,-87.47348,-87.41772,0.00971,0.00070,0.00000,-65.08621,-0.13992,0.00000,30.00000,-92.58228,-0.11477,1.09603,6.50862,0.00000,0.00000,0.00000,0.00000,none
4.50833,-87.47348,-87.41849,0.00958,0.00069,0.00000,-65.08621,-0.13799,0.00000,30.00000,-92.58151,-0.11473,1.09603,6.50862,0.00000,0.00000,0.00000,0.00000,none
4.51250,-87.47348,-87.41925,0.00944,0.00068,0.00000,-65.08621,-0.13609,0.00000,30.00000,-92.58075,-0.11470,1.09603,6.50862,0.00000,0.00000,0.00000,0.00000,none
4.51667,-87.47348,-87.41999,0.00931,0.00067,0.00000,-65.08621,-0.13421,0.00000,30.00000,-92.58001,-0.11466,1.09604,6.50862,0.00000,0.00000,0.00000,0.00000,none
4.52083,-87.47348,-87.42073,0.00919,0.00067,0.00000,-65.08621,-0.13236,0.00000,30.00000,-92.57927,-0.11463,1.09604,6.50862,0.00000,0.00000,0.00000,0.00000,none
4.52500,-87.47348,-87.42146,0.00906,0.00066,0.00000,-65.08621,-0.13054,0.00000,30.00000,-92.57854,-0.11459,1.09604,6.50862,0.00000,0.00000,0.00000,0.00000,none
4.52917,-87.47348,-87.42218,0.00893,0.00065,0.00000,-65.08621,-0.12874,0.00000,30.00000,-92.57782,-0.11456,1.09604,6.50862,0.00000,0.00000,0.00000,0.00000,none
4.53333,-87.47348,-87.42288,0.00881,0.00064,0.00000,-65.08621,-0.12696,0.00000,30.00000,-92.57712,-0.11453,1.09604,6.50862,0.00000,0.00000,0.00000,0.00000,none
4.53750,-87.47348,-87.42358,0.00869,0.00063,0.00000,-65.08621,-0.12521,0.00000,30.00000,-92.57642,-0.11450,1.09604,6.50862,0.00000,0.00000,0.00000,0.00000,none
4.54167,-87.47348,-87.42427,0.00857,0.00062,0.00000,-65.08621,-0.12348,0.00000,30.00000,-92.57573,-0.11446,1.09604,6.50862,0.00000,0.00000,0.00000,0.00000,none
4.54583,-87.47348,-87.42495,0.00845,0.00061,0.00000,-65.08621,-0.12178,0.00000,30.00000,-92.57505,-0.11443,1.09604,6.50862,0.00000,0.00000,0.00000,0.00000,none
4.55000,-87.47348,-87.42562,0.00833,0.00060,0.00000,-65.08621,-0.12010,0.00000,30.00000,-92.57438,-0.11440,1.09604,6.50862,0.00000,0.00000,0.00000,0.00000,none
4.55417,-87.47348,-87.42628,0.00822,0.00060,0.00000,-65.08621,-0.11844,0.00000,30.00000,-92.57372,-0.11437,1.09604,6.50862,0.00000,0.00000,0.00000,0.00000,none
4.55833,-87.47348,-87.42693,0.00811,0.00059,0.00000,-65.08621,-0.11681,0.00000,30.00000,-92.57307,-0.11434,1.09604,6.50862,0.00000,0.00000,0.00000,0.00000,none
4.56250,-87.47348,-87.42757,0.00799,0.00058,0.00000,-65.08621,-0.11520,0.00000,30.00000,-92.57243,-0.11431,1.09604,6.50862,0.00000,0.00000,0.00000,0.00000,none
4.56667,-87.47348,-87.42821,0.00788,0.00057,0.00000,-65.08621,-0.11361,0.00000,30.00000,-92.57179,-0.11428,1.09604,6.50862,0.00000,0.00000,0.00000,0.00000,none
4.57083,-87.47348,-87.42883,0.00778,0.00056,0.00000,-65.08621,-0.11204,0.00000,30.00000,-92.57117,-0.11425,1.09604,6.50862,0.00000,0.00000,0.00000,0.00000,none
4.57500,-87.47348,-87.42945,0.00767,0.00056,0.00000,-65.08621,-0.11050,0.00000,30.00000,-92.57055,-0.11423,1.09605,6.50862,0.00000,0.00000,0.00000,0.00000,none
4.57917,-87.47348,-87.43005,0.00756,0.00055,0.00000,-65.08621,-0.10897,0.00000,30.00000,-92.56995,-0.11420,1.09605,6.50862,0.00000,0.00000,0.00000,0.00000,none
4.58333,-87.47348,-87.43065,0.00746,0.00054,0.00000,-65.08621,-0.10747,0.00000,30.00000,-92.56935,-0.11417,1.09605,6.50862,0.00000,0.00000,0.00000,0.00000,none
4.58750,-87.47348,-87.43124,0.00736,0.00053,0.00000,-65.08621,-0.10599,0.00000,30.00000,-92.56876,-0.11414,1.09605,6.50862,0.00000,0.00000,0.00000,0.00000,none
4.59167,-87.47348,-87.43183,0.00725,0.00053,0.00000,-65.08621,-0.10453,0.00000,30.00000,-92.56817,-0.11412,1.09605,6.50862,0.00000,0.00000,0.00000,0.00000,none
4.59583,-87.47348,-87.43240,0.00715,0.00052,0.00000,-65.08621,-0.10308,0.00000,30.00000,-92.56760,-0.11409,1.09605,6.50862,0.00000,0.00000,0.00000,0.00000,none
4.60000,-87.47348,-87.43297,0.00706,0.00051,0.00000,-65.08621,-0.10166,0.00000,30.00000,-92.56703,-0.11406,1.09605,6.50862,0.00000,0.00000,0.00000,0.00000,none
4.60417,-87.47348,-87.43353,0.00696,0.00050,0.00000,-65.08621,-0.10026,0.00000,30.00000,-92.56647,-0.11404,1.09605,6.50862,0.00000,0.00000,0.00000,0.00000,none
4.60833,-87.47348,-87.43408,0.00686,0.00050,0.00000,-65.08621,-0.09888,0.00000,30.00000,-92.56592,-0.11401,1.09605,6.50862,0.00000,0.00000,0.00000,0.00000,none
4.61250,-87.47348,-87.43462,0.00677,0.00049,0.00000,-65.08621,-0.09751,0.00000,30.00000,-92.56538,-0.11399,1.09605,6.50862,0.00000,0.00000,0.00000,0.00000,none
4.61667,-87.47348,-87.43516,0.00667,0.00048,0.00000,-65.08621,-0.09617,0.00000,30.00000,-92.56484,-0.11396,1.09605,6.50862,0.00000,0.00000,0.00000,0.00000,none
4.62083,-87.47348,-87.43568,0.00658,0.00048,0.00000,-65.08621,-0.09484,0.00000,30.00000,-92.56432,-0.11394,1.09605,6.50862,0.00000,0.00000,0.00000,0.00000,none
4.62500,-87.47348,-87.43621,0.00649,0.00047,0.00000,-65.08621,-0.09353,0.00000,30.00000,-92.56379,-0.11391,1.09605,6.50862,0.00000,0.00000,0.00000,0.00000,none
4.62917,-87.47348,-87.43672,0.00640,0.00046,0.00000,-65.08621,-0.09224,0.00000,30.00000,-92.56328,-0.11389,1.09605,6.50862,0.00000,0.00000,0.00000,0.00000,none
4.63333,-87.47348,-87.43723,0.00631,0.00046,0.00000,-65.08621,-0.09097,0.00000,30.00000,-92.56277,-0.11387,1.09605,6.50862,0.00000,0.00000,0.00000,0.00000,none
4.63750,-87.47348,-87.43773,0.00623,0.00045,0.00000,-65.08621,-0.08972,0.00000,30.00000,-92.56227,-0.11384,1.09605,6.50862,0.00000,0.00000,0.00000,0.00000,none
4.64167,-87.47348,-87.43822,0.00614,0.00044,0.00000,-65.08621,-0.08848,0.00000,30.00000,-92.56178,-0.11382,1.09605,6.50862,0.00000,0.00000,0.00000,0.00000,none
4.64583,-87.47348,-87.43871,0.00606,0.00044,0.00000,-65.08621,-0.08726,0.00000,30.00000,-92.56129,-0.11380,1.09605,6.50862,0.00000,0.00000,0.00000,0.00000,none
4.65000,-87.47348,-87.43919,0.00597,0.00043,0.00000,-65.08621,-0.08606,0.00000,30.00000,-92.56081,-0.11378,1.09606,6.50862,0.00000,0.00000,0.00000,0.00000,none
4.65417,-87.47348,-87.43966,0.00589,0.00043,0.00000,-65.08621,-0.08487,0.00000,30.00000,-92.56034,-0.11376,1.09606,6.50862,0.00000,0.00000,0.00000,0.00000,none
4.65833,-87.47348,-87.44013,0.00581,0.00042,0.00000,-65.08621,-0.08370,0.00000,30.00000,-92.55987,-0.11373,1.09606,6.50862,0.00000,0.00000,0.00000,0.00000,none
4.66250,-87.47348,-87.44059,0.00573,0.00041,0.00000,-65.08621,-0.08254,0.00000,30.00000,-92.55941,-0.11371,1.09606,6.50862,0.00000,0.00000,0.00000,0.00000,none
4.66667,-87.47348,-87.44104,0.00565,0.00041,0.00000,-65.08621,-0.08140,0.00000,30.00000,-92.55896,-0.11369,1.09606,6.50862,0.00000,0.00000,0.00000,0.00000,none
4.67083,-87.47348,-87.44149,0.00557,0.00040,0.00000,-65.08621,-0.08028,0.00000,30.00000,-92.55851,-0.11367,1.09606,6.50862,0.00000,0.00000,0.00000,0.00000,none
4.67500,-87.47348,-87.44193,0.00549,0.00040,0.00000,-65.08621,-0.07917,0.00000,30.00000,-92.55807,-0.11365,1.09606,6.50862,0.00000,0.00000,0.00000,0.00000,none
4.67917,-87.47348,-87.44236,0.00542,0.00039,0.00000,-65.08621,-0.07808,0.00000,30.00000,-92.55764,-0.11363,1.09606,6.50862,0.00000,0.00000,0.00000,0.00000,none
4.68333,-87.47348,-87.44279,0.00534,0.00039,0.00000,-65.08621,-0.07701,0.00000,30.00000,-92.55721,-0.11361,1.09606,6.50862,0.00000,0.00000,0.00000,0.00000,none
4.68750,-87.47348,-87.44322,0.00527,0.00038,0.00000,-65.08621,-0.07594,0.00000,30.00000,-92.55678,-0.11359,1.09606,6.50862,0.00000,0.00000,0.00000,0.00000,none
4.69167,-87.47348,-87.44363,0.00520,0.00038,0.00000,-65.08621,-0.07490,0.00000,30.00000,-92.55637,-0.11357,1.09606,6.50862,0.00000,0.00000,0.00000,0.00000,none
4.69583,-87.47348,-87.44404,0.00513,0.00037,0.00000,-65.08621,-0.07386,0.00000,30.00000,-92.55596,-0.11355,1.09606,6.50862,0.00000,0.00000,0.00000,0.00000,none
4.70000,-87.47348,-87.44445,0.00506,0.00037,0.00000,-65.08621,-0.07284,0.00000,30.00000,-92.55555,-0.11353,1.09606,6.50862,0.00000,0.00000,0.00000,0.00000,none
4.70417,-87.47348,-87.44485,0.00499,0.00036,0.00000,-65.08621,-0.07184,0.00000,30.00000,-92.55515,-0.11352,1.09606,6.50862,0.00000,0.00000,0.00000,0.00000,none
4.70833,-87.47348,-87.44525,0.00492,0.00036,0.00000,-65.08621,-0.07085,0.00000,30.00000,-92.55475,-0.11350,1.09606,6.50862,0.00000,0.00000,0.00000,0.00000,none
4.71250,-87.47348,-87.44564,0.00485,0.00035,0.00000,-65.08621,-0.06987,0.00000,30.00000,-92.55436,-0.11348,1.09606,6.50862,0.00000,0.00000,0.00000,0.00000,none
4.71667,-87.47348,-87.44602,0.00478,0.00035,0.00000,-65.08621,-0.06891,0.00000,30.00000,-92.55398,-0.11346,1.09606,6.50862,0.00000,0.00000,0.00000,0.00000,none
4.72083,-87.47348,-87.44640,0.00472,0.00034,0.00000,-65.08621,-0.06796,0.00000,30.00000,-92.55360,-0.11345,1.09606,6.50862,0.00000,0.00000,0.00000,0.00000,none
4.72500,-87.47348,-87.44677,0.00465,0.00034,0.00000,-65.08621,-0.06702,0.00000,30.00000,-92.55323,-0.11343,1.09606,6.50862,0.00000,0.00000,0.00000,0.00000,none
4.72917,-87.47348,-87.44714,0.00459,0.00033,0.00000,-65.08621,-0.06610,0.00000,30.00000,-92.55286,-0.11341,1.09606,6.50862,0.00000,0.00000,0.00000,0.00000,none
4.73333,-87.47348,-87.44750,0.00452,0.00033,0.00000,-65.08621,-0.06518,0.00000,30.00000,-92.55250,-0.11339,1.09606,6.50862,0.00000,0.00000,0.00000,0.00000,none
4.73750,-87.47348,-87.44786,0.00446,0.00032,0.00000,-65.08621,-0.06428,0.00000,30.00000,-92.55214,-0.11338,1.09606,6.50862,0.00000,0.00000,0.00000,0.00000,none
4.74167,-87.47348,-87.44822,0.00440,0.00032,0.00000,-65.08621,-0.06340,0.00000,30.00000,-92.55178,-0.11336,1.09606,6.50862,0.00000,0.00000,0.00000,0.00000,none
4.74583,-87.47348,-87.44856,0.00434,0.00031,0.00000,-65.08621,-0.06252,0.00000,30.00000,-92.55144,-0.11335,1.09607,6.50862,0.00000,0.00000,0.00000,0.00000,none
4.75000,-87.47348,-87.44891,0.00428,0.00031,0.00000,-65.08621,-0.06166,0.00000,30.00000,-92.55109,-0.11333,1.09607,6.50862,0.00000,0.00000,0.00000,0.00000,none
4.75417,-87.47348,-87.44925,0.00422,0.00031,0.00000,-65.08621,-0.06081,0.00000,30.00000,-92.55075,-0.11331,1.09607,6.50862,0.00000,0.00000,0.00000,0.00000,none
4.75833,-87.47348,-87.44958,0.00416,0.00030,0.00000,-65.08621,-0.05997,0.00000,30.00000,-92.55042,-0.11330,1.09607,6.50862,0.00000,0.00000,0.00000,0.00000,none
4.76250,-87.47348,-87.44991,0.00410,0.00030,0.00000,-65.08621,-0.05914,0.00000,30.00000,-92.55009,-0.11328,1.09607,6.50862,0.00000,0.00000,0.00000,0.00000,none
4.76667,-87.47348,-87.45024,0.00405,0.00029,0.00000,-65.08621,-0.05833,0.00000,30.00000,-92.54976,-0.11327,1.09607,6.50862,0.00000,0.00000,0.00000,0.00000,none
4.77083,-87.47348,-87.45056,0.00399,0.00029,0.00000,-65.08621,-0.05752,0.00000,30.00000,-92.54944,-0.11325,1.09607,6.50862,0.00000,0.00000,0.00000,0.00000,none
4.77500,-87.47348,-87.45087,0.00394,0.00029,0.00000,-65.08621,-0.05673,0.00000,30.00000,-92.54913,-0.11324,1.09607,6.50862,0.00000,0.00000,0.00000,0.00000,none
4.77917,-87.47348,-87.45118,0.00388,0.00028,0.00000,-65.08621,-0.05595,0.00000,30.00000,-92.54882,-0.11322,1.09607,6.50862,0.00000,0.00000,0.00000,0.00000,none
4.78333,-87.47348,-87.45149,0.00383,0.00028,0.00000,-65.08621,-0.05518,0.00000,30.00000,-92.54851,-0.11321,1.09607,6.50862,0.00000,0.00000,0.00000,0.00000,none
4.78750,-87.47348,-87.45179,0.00378,0.00027,0.00000,-65.08621,-0.05442,0.00000,30.00000,-92.54821,-0.11320,1.09607,6.50862,0.00000,0.00000,0.00000,0.00000,none
4.79167,-87.47348,-87.45209,0.00372,0.00027,0.00000,-65.08621,-0.05367,0.00000,30.00000,-92.54791,-0.11318,1.09607,6.50862,0.00000,0.00000,0.00000,0.00000,none
4.79583,-87.47348,-87.45239,0.00367,0.00027,0.00000,-65.08621,-0.05293,0.00000,30.00000,-92.54761,-0.11317,1.09607,6.50862,0.00000,0.00000,0.00000,0.00000,none
4.80000,-87.47348,-87.45268,0.00362,0.00026,0.00000,-65.08621,-0.05220,0.00000,30.00000,-92.54732,-0.11316,1.09607,6.50862,0.00000,0.00000,0.00000,0.00000,none
4.80417,-87.47348,-87.45297,0.00357,0.00026,0.00000,-65.08621,-0.05148,0.00000,30.00000,-92.54703,-0.11314,1.09607,6.50862,0.00000,0.00000,0.00000,0.00000,none
4.80833,-87.47348,-87.45325,0.00352,0.00026,0.00000,-65.08621,-0.05077,0.00000,30.00000,-92.54675,-0.11313,1.09607,6.50862,0.00000,0.00000,0.00000,0.00000,none
4.81250,-87.47348,-87.45353,0.00347,0.00025,0.00000,-65.08621,-0.05006,0.00000,30.00000,-92.54647,-0.11312,1.09607,6.50862,0.00000,0.00000,0.00000,0.00000,none
4.81667,-87.47348,-87.45380,0.00343,0.00025,0.00000,-65.08621,-0.04937,0.00000,30.00000,-92.54620,-0.11310,1.09607,6.50862,0.00000,0.00000,0.00000,0.00000,none
4.82083,-87.47348,-87.45408,0.00338,0.00024,0.00000,-65.08621,-0.04869,0.00000,30.00000,-92.54592,-0.11309,1.09607,6.50862,0.00000,0.00000,0.00000,0.00000,none
4.82500,-87.47348,-87.45434,0.00333,0.00024,0.00000,-65.08621,-0.04802,0.00000,30.00000,-92.54566,-0.11308,1.09607,6.50862,0.00000,0.00000,0.00000,0.00000,none
4.82917,-87.47348,-87.45461,0.00329,0.00024,0.00000,-65.08621,-0.04736,0.00000,30.00000,-92.54539,-0.11307,1.09607,6.50862,0.00000,0.00000,0.00000,0.00000,none
4.83333,-87.47348,-87.45487,0.00324,0.00023,0.00000,-65.08621,-0.04671,0.00000,30.00000,-92.54513,-0.11305,1.09607,6.50862,0.00000,0.00000,0.00000,0.00000,none
4.83750,-87.47348,-87.45512,0.00320,0.00023,0.00000,-65.08621,-0.04606,0.00000,30.00000,-92.54488,-0.11304,1.09607,6.50862,0.00000,0.00000,0.00000,0.00000,none
4.84167,-87.47348,-87.45538,0.00315,0.00023,0.00000,-65.08621,-0.04543,0.00000,30.00000,-92.54462,-0.11303,1.09607,6.50862,0.00000,0.00000,0.00000,0.00000,none
4.84583,-87.47348,-87.45563,0.00311,0.00023,0.00000,-65.08621,-0.04480,0.00000,30.00000,-92.54437,-0.11302,1.09607,6.50862,0.00000,0.00000,0.00000,0.00000,none
4.85000,-87.47348,-87.45587,0.00307,0.00022,0.00000,-65.08621,-0.04418,0.00000,30.00000,-92.54413,-0.11301,1.09607,6.50862,0.00000,0.00000,0.00000,0.00000,none
4.85417,-87.47348,-87.45612,0.00302,0.00022,0.00000,-65.08621,-0.04357,0.00000,30.00000,-92.54388,-0.11300,1.09607,6.50862,0.00000,0.00000,0.00000,0.00000,none
4.85833,-87.47348,-87.45636,0.00298,0.00022,0.00000,-65.08621,-0.04297,0.00000,30.00000,-92.54364,-0.11299,1.09607,6.50862,0.00000,0.00000,0.00000,0.00000,none
4.86250,-87.47348,-87.45659,0.00294,0.00021,0.00000,-65.08621,-0.04238,0.00000,30.00000,-92.54341,-0.11298,1.09607,6.50862,0.00000,0.00000,0.00000,0.00000,none
4.86667,-87.47348,-87.45682,0.00290,0.00021,0.00000,-65.08621,-0.04179,0.00000,30.00000,-92.54318,-0.11296,1.09607,6.50862,0.00000,0.00000,0.00000,0.00000,none
4.87083,-87.47348,-87.45705,0.00286,0.00021,0.00000,-65.08621,-0.04122,0.00000,30.00000,-92.54295,-0.11295,1.09607,6.50862,0.00000,0.00000,0.00000,0.00000,none
4.87500,-87.47348,-87.45728,0.00282,0.00020,0.00000,-65.08621,-0.04065,0.00000,30.00000,-92.54272,-0.11294,1.09607,6.50862,0.00000,0.00000,0.00000,0.00000,none
4.87917,-87.47348,-87.45750,0.00278,0.00020,0.00000,-65.08621,-0.04009,0.00000,30.00000,-92.54250,-0.11293,1.09607,6.50862,0.00000,0.00000,0.00000,0.00000,none
4.88333,-87.47348,-87.45772,0.00274,0.00020,0.00000,-65.08621,-0.03954,0.00000,30.00000,-92.54228,-0.11292,1.09607,6.50862,0.00000,0.00000,0.00000,0.00000,none
4.88750,-87.47348,-87.45794,0.00271,0.00020,0.00000,-65.08621,-0.03899,0.00000,30.00000,-92.54206,-0.11291,1.09607,6.50862,0.00000,0.00000,0.00000,0.00000,none
4.89167,-87.47348,-87.45816,0.00267,0.00019,0.00000,-65.08621,-0.03845,0.00000,30.00000,-92.54184,-0.11290,1.09608,6.50862,0.00000,0.00000,0.00000,0.00000,none
4.89583,-87.47348,-87.45837,0.00263,0.00019,0.00000,-65.08621,-0.03792,0.00000,30.00000,-92.54163,-0.11289,1.09608,6.50862,0.00000,0.00000,0.00000,0.00000,none
4.90000,-87.47348,-87.45858,0.00260,0.00019,0.00000,-65.08621,-0.03740,0.00000,30.00000,-92.54142,-0.11288,1.09608,6.50862,0.00000,0.00000,0.00000,0.00000,none
4.90417,-87.47348,-87.45878,0.00256,0.00019,0.00000,-65.08621,-0.03688,0.00000,30.00000,-92.54122,-0.11287,1.09608,6.50862,0.00000,0.00000,0.00000,0.00000,none
4.90833,-87.47348,-87.45898,0.00252,0.00018,0.00000,-65.08621,-0.03637,0.00000,30.00000,-92.54102,-0.11287,1.09608,6.50862,0.00000,0.00000,0.00000,0.00000,none
4.91250,-87.47348,-87.45918,0.00249,0.00018,0.00000,-65.08621,-0.03587,0.00000,30.00000,-92.54082,-0.11286,1.09608,6.50862,0.00000,0.00000,0.00000,0.00000,none
4.91667,-87.47348,-87.45938,0.00246,0.00018,0.00000,-65.08621,-0.03538,0.00000,30.00000,-92.54062,-0.11285,1.09608,6.50862,0.00000,0.00000,0.00000,0.00000,none
4.92083,-87.47348,-87.45958,0.00242,0.00018,0.00000,-65.08621,-0.03489,0.00000,30.00000,-92.54042,-0.11284,1.09608,6.50862,0.00000,0.00000,0.00000,0.00000,none
4.92500,-87.47348,-87.45977,0.00239,0.00017,0.00000,-65.08621,-0.03441,0.00000,30.00000,-92.54023,-0.11283,1.09608,6.50862,0.00000,0.00000,0.00000,0.00000,none
4.92917,-87.47348,-87.45996,0.00235,0.00017,0.00000,-65.08621,-0.03393,0.00000,30.00000,-92.54004,-0.11282,1.09608,6.50862,0.00000,0.00000,0.00000,0.00000,none
4.93333,-87.47348,-87.46014,0.00232,0.00017,0.00000,-65.08621,-0.03347,0.00000,30.00000,-92.53986,-0.11281,1.09608,6.50862,0.00000,0.00000,0.00000,0.00000,none
4.93750,-87.47348,-87.46033,0.00229,0.00017,0.00000,-65.08621,-0.03300,0.00000,30.00000,-92.53967,-0.11280,1.09608,6.50862,0.00000,0.00000,0.00000,0.00000,none
4.94167,-87.47348,-87.46051,0.00226,0.00016,0.00000,-65.08621,-0.03255,0.00000,30.00000,-92.53949,-0.11279,1.09608,6.50862,0.00000,0.00000,0.00000,0.00000,none
4.94583,-87.47348,-87.46069,0.00223,0.00016,0.00000,-65.08621,-0.03210,0.00000,30.00000,-92.53931,-0.11279,1.09608,6.50862,0.00000,0.00000,0.00000,0.00000,none
4.95000,-87.47348,-87.46086,0.00220,0.00016,0.00000,-65.08621,-0.03166,0.00000,30.00000,-92.53914,-0.11278,1.09608,6.50862,0.00000,0.00000,0.00000,0.00000,none
4.95417,-87.47348,-87.46104,0.00217,0.00016,0.00000,-65.08621,-0.03122,0.00000,30.00000,-92.53896,-0.11277,1.09608,6.50862,0.00000,0.00000,0.00000,0.00000,none
4.95833,-87.47348,-87.46121,0.00214,0.00015,0.00000,-65.08621,-0.03079,0.00000,30.00000,-92.53879,-0.11276,1.09608,6.50862,0.00000,0.00000,0.00000,0.00000,none
4.96250,-87.47348,-87.46138,0.00211,0.00015,0.00000,-65.08621,-0.03037,0.00000,30.00000,-92.53862,-0.11275,1.09608,6.50862,0.00000,0.00000,0.00000,0.00000,none
4.96667,-87.47348,-87.46155,0.00208,0.00015,0.00000,-65.08621,-0.02995,0.00000,30.00000,-92.53845,-0.11275,1.09608,6.50862,0.00000,0.00000,0.00000,0.00000,none
4.97083,-87.47348,-87.46171,0.00205,0.00015,0.00000,-65.08621,-0.02953,0.00000,30.00000,-92.53829,-0.11274,1.09608,6.50862,0.00000,0.00000,0.00000,0.00000,none
4.97500,-87.47348,-87.46187,0.00202,0.00015,0.00000,-65.08621,-0.02913,0.00000,30.00000,-92.53813,-0.11273,1.09608,6.50862,0.00000,0.00000,0.00000,0.00000,none
4.97917,-87.47348,-87.46203,0.00199,0.00014,0.00000,-65.08621,-0.02872,0.00000,30.00000,-92.53797,-0.11272,1.09608,6.50862,0.00000,0.00000,0.00000,0.00000,none
4.98333,-87.47348,-87.46219,0.00197,0.00014,0.00000,-65.08621,-0.02833,0.00000,30.00000,-92.53781,-0.11272,1.09608,6.50862,0.00000,0.00000,0.00000,0.00000,none
4.98750,-87.47348,-87.46235,0.00194,0.00014,0.00000,-65.08621,-0.02794,0.00000,30.00000,-92.53765,-0.11271,1.09608,6.50862,0.00000,0.00000,0.00000,0.00000,none
4.99167,-87.47348,-87.46250,0.00191,0.00014,0.00000,-65.08621,-0.02755,0.00000,30.00000,-92.53750,-0.11270,1.09608,6.50862,0.00000,0.00000,0.00000,0.00000,none
4.99583,-87.47348,-87.46265,0.00189,0.00014,0.00000,-65.08621,-0.02717,0.00000,30.00000,-92.53735,-0.11270,1.09608,6.50862,0.00000,0.00000,0.00000,0.00000,none
5.00000,-87.47348,-87.46280,0.00186,0.00013,0.00000,-65.08621,-0.02680,0.00000,30.00000,-92.53720,-0.11269,1.09608,6.50862,0.00000,0.00000,0.00000,0.00000,none
5.00417,-87.47348,-87.46295,0.00183,0.00013,0.00000,-65.08621,-0.02643,0.00000,30.00000,-92.53705,-0.11268,1.09608,6.50862,0.00000,0.00000,0.00000,0.00000,none
5.00833,-87.47348,-87.46309,0.00181,0.00013,0.00000,-65.08621,-0.02606,0.00000,30.00000,-92.53691,-0.11268,1.09608,6.50862,0.00000,0.00000,0.00000,0.00000,none
5.01250,-87.47348,-87.46324,0.00178,0.00013,0.00000,-65.08621,-0.02570,0.00000,30.00000,-92.53676,-0.11267,1.09608,6.50862,0.00000,0.00000,0.00000,0.00000,none
5.01667,-87.47348,-87.46338,0.00176,0.00013,0.00000,-65.08621,-0.02535,0.00000,30.00000,-92.53662,-0.11266,1.09608,6.50862,0.00000,0.00000,0.00000,0.00000,none
5.02083,-87.47348,-87.46352,0.00173,0.00013,0.00000,-65.08621,-0.02500,0.00000,30.00000,-92.53648,-0.11266,1.09608,6.50862,0.00000,0.00000,0.00000,0.00000,none
5.02500,-87.47348,-87.46365,0.00171,0.00012,0.00000,-65.08621,-0.02466,0.00000,30.00000,-92.53635,-0.11265,1.09608,6.50862,0.00000,0.00000,0.00000,0.00000,none
5.02917,-87.47348,-87.46379,0.00169,0.00012,0.00000,-65.08621,-0.02432,0.00000,30.00000,-92.53621,-0.11264,1.09608,6.50862,0.00000,0.00000,0.00000,0.00000,none
5.03333,-87.47348,-87.46392,0.00166,0.00012,0.00000,-65.08621,-0.02398,0.00000,30.00000,-92.53608,-0.11264,1.09608,6.50862,0.00000,0.00000,0.00000,0.00000,none
5.03750,-87.47348,-87.46406,0.00164,0.00012,0.00000,-65.08621,-0.02365,0.00000,30.00000,-92.53594,-0.11263,1.09608,6.50862,0.00000,0.00000,0.00000,0.00000,none
5.04167,-87.47348,-87.46419,0.00162,0.00012,0.00000,-65.08621,-0.02332,0.00000,30.00000,-92.53581,-0.11263,1.09608,6.50862,0.00000,0.00000,0.00000,0.00000,none
5.04583,-87.47348,-87.46431,0.00160,0.00012,0.00000,-65.08621,-0.02300,0.00000,30.00000,-92.53569,-0.11262,1.09608,6.50862,0.00000,0.00000,0.00000,0.00000,none
5.05000,-87.47348,-87.46444,0.00157,0.00011,0.00000,-65.08621,-0.02268,0.00000,30.00000,-92.53556,-0.11261,1.09608,6.50862,0.00000,0.00000,0.00000,0.00000,none
5.05417,-87.47348,-87.46456,0.00155,0.00011,0.00000,-65.08621,-0.02237,0.00000,30.00000,-92.53544,-0.11261,1.09608,6.50862,0.00000,0.00000,0.00000,0.00000,none
5.05833,-87.47348,-87.46469,0.00153,0.00011,0.00000,-65.08621,-0.02206,0.00000,30.00000,-92.53531,-0.11260,1.09608,6.50862,0.00000,0.00000,0.00000,0.00000,none
5.06250,-87.47348,-87.46481,0.00151,0.00011,0.00000,-65.08621,-0.02176,0.00000,30.00000,-92.53519,-0.11260,1.09608,6.50862,0.00000,0.00000,0.00000,0.00000,none
5.06667,-87.47348,-87.46493,0.00149,0.00011,0.00000,-65.08621,-0.02146,0.00000,30.00000,-92.53507,-0.11259,1.09608,6.50862,0.00000,0.00000,0.00000,0.00000,none
5.07083,-87.47348,-87.46505,0.00147,0.00011,0.00000,-65.08621,-0.02116,0.00000,30.00000,-92.53495,-0.11259,1.09608,6.50862,0.00000,0.00000,0.00000,0.00000,none
5.07500,-87.47348,-87.46516,0.00145,0.00010,0.00000,-65.08621,-0.02087,0.00000,30.00000,-92.53484,-0.11258,1.09608,6.50862,0.00000,0.00000,0.00000,0.00000,none
5.07917,-87.47348,-87.46528,0.00143,0.00010,0.00000,-65.08621,-0.02058,0.00000,30.00000,-92.53472,-0.11258,1.09608,6.50862,0.00000,0.00000,0.00000,0.00000,none
5.08333,-87.47348,-87.46539,0.00141,0.00010,0.00000,-65.08621,-0.02030,0.00000,30.00000,-92.53461,-0.11257,1.09608,6.50862,0.00000,0.00000,0.00000,0.00000,none
5.08750,-87.47348,-87.46550,0.00139,0.00010,0.00000,-65.08621,-0.02002,0.00000,30.00000,-92.53450,-0.11256,1.09608,6.50862,0.00000,0.00000,0.00000,0.00000,none
5.09167,-87.47348,-87.46561,0.00137,0.00010,0.00000,-65.08621,-0.01974,0.00000,30.00000,-92.53439,-0.11256,1.09608,6.50862,0.00000,0.00000,0.00000,0.00000,none
5.09583,-87.47348,-87.46575,0.00135,0.00000,0.00000,-65.08621,-0.01947,0.00000,30.00000,-92.53425,-0.11255,1.09608,6.50862,0.00000,0.00000,0.00000,0.00000,none
5.10000,-87.47348,-87.46585,0.00133,0.00000,0.00000,-65.08621,-0.01920,0.00000,30.00000,-92.53415,-0.11255,1.09608,6.50862,0.00000,0.00000,0.00000,0.00000,none
5.10417,-87.47348,-87.46596,0.00131,0.00000,0.00000,-65.08621,-0.01894,0.00000,30.00000,-92.53404,-0.11254,1.09608,6.50862,0.00000,0.00000,0.00000,0.00000,none
5.10833,-87.47348,-87.46606,0.00130,0.00000,0.00000,-65.08621,-0.01868,0.00000,30.00000,-92.53394,-0.11254,1.09608,6.50862,0.00000,0.00000,0.00000,0.00000,none
5.11250,-87.47348,-87.46616,0.00128,0.00000,0.00000,-65.08621,-0.01842,0.00000,30.00000,-92.53384,-0.11253,1.09608,6.50862,0.00000,0.00000,0.00000,0.00000,none
5.11667,-87.47348,-87.46626,0.00126,0.00000,0.00000,-65.08621,-0.01816,0.00000,30.00000,-92.53374,-0.11253,1.09608,6.50862,0.00000,0.00000,0.00000,0.00000,none
5.12083,-87.47348,-87.46636,0.00124,0.00000,0.00000,-65.08621,-0.01791,0.00000,30.00000,-92.53364,-0.11253,1.09608,6.50862,0.00000,0.00000,0.00000,0.00000,none
5.12500,-87.47348,-87.46646,0.00123,0.00000,0.00000,-65.08621,-0.01767,0.00000,30.00000,-92.53354,-0.11252,1.09608,6.50862,0.00000,0.00000,0.00000,0.00000,none
5.12917,-87.47348,-87.46656,0.00121,0.00000,0.00000,-65.08621,-0.01742,0.00000,30.00000,-92.53344,-0.11252,1.09608,6.50862,0.00000,0.00000,0.00000,0.00000,none
5.13333,-87.47348,-87.46665,0.00119,0.00000,0.00000,-65.08621,-0.01718,0.00000,30.00000,-92.53335,-0.11251,1.09608,6.50862,0.00000,0.00000,0.00000,0.00000,none
5.13750,-87.47348,-87.46675,0.00118,0.00000,0.00000,-65.08621,-0.01695,0.00000,30.00000,-92.53325,-0.11251,1.09608,6.50862,0.00000,0.00000,0.00000,0.00000,none
5.14167,-87.47348,-87.46684,0.00116,0.00000,0.00000,-65.08621,-0.01671,0.00000,30.00000,-92.53316,-0.11250,1.09608,6.50862,0.00000,0.00000,0.00000,0.00000,none
5.14583,-87.47348,-87.46693,0.00114,0.00000,0.00000,-65.08621,-0.01648,0.00000,30.00000,-92.53307,-0.11250,1.09608,6.50862,0.00000,0.00000,0.00000,0.00000,none
5.15000,-87.47348,-87.46702,0.00113,0.00000,0.00000,-65.08621,-0.01625,0.00000,30.00000,-92.53298,-0.11249,1.09608,6.50862,0.00000,0.00000,0.00000,0.00000,none
5.15417,-87.47348,-87.46711,0.00111,0.00000,0.00000,-65.08621,-0.01603,0.00000,30.00000,-92.53289,-0.11249,1.09608,6.50862,0.00000,0.00000,0.00000,0.00000,none
5.15833,-87.47348,-87.46720,0.00110,0.00000,0.00000,-65.08621,-0.01581,0.00000,30.00000,-92.53280,-0.11249,1.09608,6.50862,0.00000,0.00000,0.00000,0.00000,none
5.16250,-87.47348,-87.46729,0.00108,0.00000,0.00000,-65.08621,-0.01559,0.00000,30.00000,-92.53271,-0.11248,1.09608,6.50862,0.00000,0.00000,0.00000,0.00000,none
5.16667,-87.47348,-87.46737,0.00107,0.00000,0.00000,-65.08621,-0.01538,0.00000,30.00000,-92.53263,-0.11248,1.09608,6.50862,0.00000,0.00000,0.00000,0.00000,none
5.17083,-87.47348,-87.46746,0.00105,0.00000,0.00000,-65.08621,-0.01516,0.00000,30.00000,-92.53254,-0.11247,1.09608,6.50862,0.00000,0.00000,0.00000,0.00000,none
5.17500,-87.47348,-87.46754,0.00104,0.00000,0.00000,-65.08621,-0.01495,0.00000,30.00000,-92.53246,-0.11247,1.09608,6.50862,0.00000,0.00000,0.00000,0.00000,none
5.17917,-87.47348,-87.46762,0.00102,0.00000,0.00000,-65.08621,-0.01475,0.00000,30.00000,-92.53238,-0.11247,1.09608,6.50862,0.00000,0.00000,0.00000,0.00000,none
5.18333,-87.47348,-87.46770,0.00101,0.00000,0.00000,-65.08621,-0.01454,0.00000,30.00000,-92.53230,-0.11246,1.09608,6.50862,0.00000,0.00000,0.00000,0.00000,none
5.18750,-87.47348,-87.46778,0.00100,0.00000,0.00000,-65.08621,-0.01434,0.00000,30.00000,-92.53222,-0.11246,1.09608,6.50862,0.00000,0.00000,0.00000,0.00000,none
5.19167,-87.47348,-87.46786,0.00098,0.00000,0.00000,-65.08621,-0.01415,0.00000,30.00000,-92.53214,-0.11246,1.09609,6.50862,0.00000,0.00000,0.00000,0.00000,none
5.19583,-87.47348,-87.46794,0.00097,0.00000,0.00000,-65.08621,-0.01395,0.00000,30.00000,-92.53206,-0.11245,1.09609,6.50862,0.00000,0.00000,0.00000,0.00000,none
5.20000,-87.47348,-87.46801,0.00095,0.00000,0.00000,-65.08621,-0.01376,0.00000,30.00000,-92.53199,-0.11245,1.09609,6.50862,0.00000,0.00000,0.00000,0.00000,none
5.20417,-87.47348,-87.46809,0.00094,0.00000,0.00000,-65.08621,-0.01357,0.00000,30.00000,-92.53191,-0.11245,1.09609,6.50862,0.00000,0.00000,0.00000,0.00000,none
5.20833,-87.47348,-87.46816,0.00093,0.00000,0.00000,-65.08621,-0.01338,0.00000,30.00000,-92.53184,-0.11244,1.09609,6.50862,0.00000,0.00000,0.00000,0.00000,none
5.21250,-87.47348,-87.46824,0.00092,0.00000,0.00000,-65.08621,-0.01320,0.00000,30.00000,-92.53176,-0.11244,1.09609,6.50862,0.00000,0.00000,0.00000,0.00000,none
5.21667,-87.47348,-87.46831,0.00090,0.00000,0.00000,-65.08621,-0.01301,0.00000,30.00000,-92.53169,-0.11244,1.09609,6.50862,0.00000,0.00000,0.00000,0.00000,none
5.22083,-87.47348,-87.46838,0.00089,0.00000,0.00000,-65.08621,-0.01284,0.00000,30.00000,-92.53162,-0.11243,1.09609,6.50862,0.00000,0.00000,0.00000,0.00000,none
5.22500,-87.47348,-87.46845,0.00088,0.00000,0.00000,-65.08621,-0.01266,0.00000,30.00000,-92.53155,-0.11243,1.09609,6.50862,0.00000,0.00000,0.00000,0.00000,none
5.22917,-87.47348,-87.46852,0.00087,0.00000,0.00000,-65.08621,-0.01248,0.00000,30.00000,-92.53148,-0.11243,1.09609,6.50862,0.00000,0.00000,0.00000,0.00000,none
5.23333,-87.47348,-87.46859,0.00085,0.00000,0.00000,-65.08621,-0.01231,0.00000,30.00000,-92.53141,-0.11242,1.09609,6.50862,0.00000,0.00000,0.00000,0.00000,none
5.23750,-87.47348,-87.46866,0.00084,0.00000,0.00000,-65.08621,-0.01214,0.00000,30.00000,-92.53134,-0.11242,1.09609,6.50862,0.00000,0.00000,0.00000,0.00000,none
5.24167,-87.47348,-87.46872,0.00083,0.00000,0.00000,-65.08621,-0.01197,0.00000,30.00000,-92.53128,-0.11242,1.09609,6.50862,0.00000,0.00000,0.00000,0.00000,none
5.24583,-87.47348,-87.46879,0.00082,0.00000,0.00000,-65.08621,-0.01181,0.00000,30.00000,-92.53121,-0.11241,1.09609,6.50862,0.00000,0.00000,0.00000,0.00000,none
5.25000,-87.47348,-87.46885,0.00081,0.00000,0.00000,-65.08621,-0.01165,0.00000,30.00000,-92.53115,-0.11241,1.09609,6.50862,0.00000,0.00000,0.00000,0.00000,none
5.25417,-87.47348,-87.46892,0.00080,0.00000,0.00000,-65.08621,-0.01149,0.00000,30.00000,-92.53108,-0.11241,1.09609,6.50862,0.00000,0.00000,0.00000,0.00000,none
5.25833,-87.47348,-87.46898,0.00079,0.00000,0.00000,-65.08621,-0.01133,0.00000,30.00000,-92.53102,-0.11240,1.09609,6.50862,0.00000,0.00000,0.00000,0.00000,none
5.26250,-87.47348,-87.46904,0.00078,0.00000,0.00000,-65.08621,-0.01117,0.00000,30.00000,-92.53096,-0.11240,1.09609,6.50862,0.00000,0.00000,0.00000,0.00000,none
5.26667,-87.47348,-87.46910,0.00076,0.00000,0.00000,-65.08621,-0.01102,0.00000,30.00000,-92.53090,-0.11240,1.09609,6.50862,0.00000,0.00000,0.00000,0.00000,none
5.27083,-87.47348,-87.46916,0.00075,0.00000,0.00000,-65.08621,-0.01086,0.00000,30.00000,-92.53084,-0.11240,1.09609,6.50862,0.00000,0.00000,0.00000,0.00000,none
5.27500,-87.47348,-87.46922,0.00074,0.00000,0.00000,-65.08621,-0.01072,0.00000,30.00000,-92.53078,-0.11239,1.09609,6.50862,0.00000,0.00000,0.00000,0.00000,none
5.27917,-87.47348,-87.46928,0.00073,0.00000,0.00000,-65.08621,-0.01057,0.00000,30.00000,-92.53072,-0.11239,1.09609,6.50862,0.00000,0.00000,0.00000,0.00000,none
5.28333,-87.47348,-87.46934,0.00072,0.00000,0.00000,-65.08621,-0.01042,0.00000,30.00000,-92.53066,-0.11239,1.09609,6.50862,0.00000,0.00000,0.00000,0.00000,none
5.28750,-87.47348,-87.46940,0.00071,0.00000,0.00000,-65.08621,-0.01028,0.00000,30.00000,-92.53060,-0.11239,1.09609,6.50862,0.00000,0.00000,0.00000,0.00000,none
5.29167,-87.47348,-87.46945,0.00070,0.00000,0.00000,-65.08621,-0.01014,0.00000,30.00000,-92.53055,-0.11238,1.09609,6.50862,0.00000,0.00000,0.00000,0.00000,none
5.29583,-87.47348,-87.46951,0.00069,0.00000,0.00000,-65.08621,-0.01000,0.00000,30.00000,-92.53049,-0.11238,1.09609,6.50862,0.00000,0.00000,0.00000,0.00000,none
5.30000,-87.47348,-87.46956,0.00068,0.00000,0.00000,-65.08621,-0.00986,0.00000,30.00000,-92.53044,-0.11238,1.09609,6.50862,0.00000,0.00000,0.00000,0.00000,none
5.30417,-87.47348,-87.46962,0.00067,0.00000,0.00000,-65.08621,-0.00972,0.00000,30.00000,-92.53038,-0.11238,1.09609,6.50862,0.00000,0.00000,0.00000,0.00000,none
5.30833,-87.47348,-87.46967,0.00067,0.00000,0.00000,-65.08621,-0.00959,0.00000,30.00000,-92.53033,-0.11237,1.09609,6.50862,0.00000,0.00000,0.00000,0.00000,none
5.31250,-87.47348,-87.46972,0.00066,0.00000,0.00000,-65.08621,-0.00946,0.00000,30.00000,-92.53028,-0.11237,1.09609,6.50862,0.00000,0.00000,0.00000,0.00000,none
5.31667,-87.47348,-87.46978,0.00065,0.00000,0.00000,-65.08621,-0.00933,0.00000,30.00000,-92.53022,-0.11237,1.09609,6.50862,0.00000,0.00000,0.00000,0.00000,none
5.32083,-87.47348,-87.46983,0.00064,0.00000,0.00000,-65.08621,-0.00920,0.00000,30.00000,-92.53017,-0.11237,1.09609,6.50862,0.00000,0.00000,0.00000,0.00000,none
5.32500,-87.47348,-87.46988,0.00063,0.00000,0.00000,-65.08621,-0.00907,0.00000,30.00000,-92.53012,-0.11236,1.09609,6.50862,0.00000,0.00000,0.00000,0.00000,none
5.32917,-87.47348,-87.46993,0.00062,0.00000,0.00000,-65.08621,-0.00895,0.00000,30.00000,-92.53007,-0.11236,1.09609,6.50862,0.00000,0.00000,0.00000,0.00000,none
5.33333,-87.47348,-87.46998,0.00061,0.00000,0.00000,-65.08621,-0.00882,0.00000,30.00000,-92.53002,-0.11236,1.09609,6.50862,0.00000,0.00000,0.00000,0.00000,none
5.33750,-87.47348,-87.47002,0.00060,0.00000,0.00000,-65.08621,-0.00870,0.00000,30.00000,-92.52998,-0.11236,1.09609,6.50862,0.00000,0.00000,0.00000,0.00000,none
5.34167,-87.47348,-87.47007,0.00060,0.00000,0.00000,-65.08621,-0.00858,0.00000,30.00000,-92.52993,-0.11235,1.09609,6.50862,0.00000,0.00000,0.00000,0.00000,none
5.34583,-87.47348,-87.47012,0.00059,0.00000,0.00000,-65.08621,-0.00846,0.00000,30.00000,-92.52988,-0.11235,1.09609,6.50862,0.00000,0.00000,0.00000,0.00000,none
5.35000,-87.47348,-87.47016,0.00058,0.00000,0.00000,-65.08621,-0.00834,0.00000,30.00000,-92.52984,-0.11235,1.09609,6.50862,0.00000,0.00000,0.00000,0.00000,none
5.35417,-87.47348,-87.47021,0.00057,0.00000,0.00000,-65.08621,-0.00823,0.00000,30.00000,-92.52979,-0.11235,1.09609,6.50862,0.00000,0.00000,0.00000,0.00000,none
5.35833,-87.47348,-87.47026,0.00056,0.00000,0.00000,-65.08621,-0.00812,0.00000,30.00000,-92.52974,-0.11235,1.09609,6.50862,0.00000,0.00000,0.00000,0.00000,none
5.36250,-87.47348,-87.47030,0.00056,0.00000,0.00000,-65.08621,-0.00800,0.00000,30.00000,-92.52970,-0.11234,1.09609,6.50862,0.00000,0.00000,0.00000,0.00000,none
5.36667,-87.47348,-87.47034,0.00055,0.00000,0.00000,-65.08621,-0.00789,0.00000,30.00000,-92.52966,-0.11234,1.09609,6.50862,0.00000,0.00000,0.00000,0.00000,none
5.37083,-87.47348,-87.47039,0.00054,0.00000,0.00000,-65.08621,-0.00779,0.00000,30.00000,-92.52961,-0.11234,1.09609,6.50862,0.00000,0.00000,0.00000,0.00000,none
5.37500,-87.47348,-87.47043,0.00053,0.00000,0.00000,-65.08621,-0.00768,0.00000,30.00000,-92.52957,-0.11234,1.09609,6.50862,0.00000,0.00000,0.00000,0.00000,none
5.37917,-87.47348,-87.47047,0.00053,0.00000,0.00000,-65.08621,-0.00757,0.00000,30.00000,-92.52953,-0.11234,1.09609,6.50862,0.00000,0.00000,0.00000,0.00000,none
5.38333,-87.47348,-87.47051,0.00052,0.00000,0.00000,-65.08621,-0.00747,0.00000,30.00000,-92.52949,-0.11233,1.09609,6.50862,0.00000,0.00000,0.00000,0.00000,none
5.38750,-87.47348,-87.47055,0.00051,0.00000,0.00000,-65.08621,-0.00736,0.00000,30.00000,-92.52945,-0.11233,1.09609,6.50862,0.00000,0.00000,0.00000,0.00000,none
5.39167,-87.47348,-87.47059,0.00050,0.00000,0.00000,-65.08621,-0.00726,0.00000,30.00000,-92.52941,-0.11233,1.09609,6.50862,0.00000,0.00000,0.00000,0.00000,none
5.39583,-87.47348,-87.47063,0.00050,0.00000,0.00000,-65.08621,-0.00716,0.00000,30.00000,-92.52937,-0.11233,1.09609,6.50862,0.00000,0.00000,0.00000,0.00000,none
5.40000,-87.47348,-87.47067,0.00049,0.00000,0.00000,-65.08621,-0.00706,0.00000,30.00000,-92.52933,-0.11233,1.09609,6.50862,0.00000,0.00000,0.00000,0.00000,none
5.40417,-87.47348,-87.47071,0.00048,0.00000,0.00000,-65.08621,-0.00697,0.00000,30.00000,-92.52929,-0.11232,1.09609,6.50862,0.00000,0.00000,0.00000,0.00000,none
5.40833,-87.47348,-87.47075,0.00048,0.00000,0.00000,-65.08621,-0.00687,0.00000,30.00000,-92.52925,-0.11232,1.09609,6.50862,0.00000,0.00000,0.00000,0.00000,none
5.41250,-87.47348,-87.47079,0.00047,0.00000,0.00000,-65.08621,-0.00678,0.00000,30.00000,-92.52921,-0.11232,1.09609,6.50862,0.00000,0.00000,0.00000,0.00000,none
5.41667,-87.47348,-87.47083,0.00046,0.00000,0.00000,-65.08621,-0.00668,0.00000,30.00000,-92.52917,-0.11232,1.09609,6.50862,0.00000,0.00000,0.00000,0.00000,none
5.42083,-87.47348,-87.47086,0.00046,0.00000,0.00000,-65.08621,-0.00659,0.00000,30.00000,-92.52914,-0.11232,1.09609,6.50862,0.00000,0.00000,0.00000,0.00000,none
5.42500,-87.47348,-87.47090,0.00045,0.00000,0.00000,-65.08621,-0.00650,0.00000,30.00000,-92.52910,-0.11232,1.09609,6.50862,0.00000,0.00000,0.00000,0.00000,none
5.42917,-87.47348,-87.47093,0.00044,0.00000,0.00000,-65.08621,-0.00641,0.00000,30.00000,-92.52907,-0.11231,1.09609,6.50862,0.00000,0.00000,0.00000,0.00000,none
5.43333,-87.47348,-87.47097,0.00044,0.00000,0.00000,-65.08621,-0.00632,0.00000,30.00000,-92.52903,-0.11231,1.09609,6.50862,0.00000,0.00000,0.00000,0.00000,none
5.43750,-87.47348,-87.47100,0.00043,0.00000,0.00000,-65.08621,-0.00623,0.00000,30.00000,-92.52900,-0.11231,1.09609,6.50862,0.00000,0.00000,0.00000,0.00000,none
5.44167,-87.47348,-87.47104,0.00043,0.00000,0.00000,-65.08621,-0.00615,0.00000,30.00000,-92.52896,-0.11231,1.09609,6.50862,0.00000,0.00000,0.00000,0.00000,none
5.44583,-87.47348,-87.47107,0.00042,0.00000,0.00000,-65.08621,-0.00606,0.00000,30.00000,-92.52893,-0.11231,1.09609,6.50862,0.00000,0.00000,0.00000,0.00000,none
5.45000,-87.47348,-87.47110,0.00041,0.00000,0.00000,-65.08621,-0.00598,0.00000,30.00000,-92.52890,-0.11231,1.09609,6.50862,0.00000,0.00000,0.00000,0.00000,none
5.45417,-87.47348,-87.47114,0.00041,0.00000,0.00000,-65.08621,-0.00590,0.00000,30.00000,-92.52886,-0.11231,1.09609,6.50862,0.00000,0.00000,0.00000,0.00000,none
5.45833,-87.47348,-87.47117,0.00040,0.00000,0.00000,-65.08621,-0.00582,0.00000,30.00000,-92.52883,-0.11230,1.09609,6.50862,0.00000,0.00000,0.00000,0.00000,none
5.46250,-87.47348,-87.47120,0.00040,0.00000,0.00000,-65.08621,-0.00574,0.00000,30.00000,-92.52880,-0.11230,1.09609,6.50862,0.00000,0.00000,0.00000,0.00000,none
5.46667,-87.47348,-87.47123,0.00039,0.00000,0.00000,-65.08621,-0.00566,0.00000,30.00000,-92.52877,-0.11230,1.09609,6.50862,0.00000,0.00000,0.00000,0.00000,none
5.47083,-87.47348,-87.47126,0.00039,0.00000,0.00000,-65.08621,0.00000,0.00000,30.00000,-92.52874,-0.11230,1.09609,6.50862,0.00000,0.00000,0.00000,0.00000,none
5.47500,-87.47348,-87.47129,0.00038,0.00000,0.00000,-65.08621,0.00000,0.00000,30.00000,-92.52871,-0.11230,1.09609,6.50862,0.00000,0.00000,0.00000,0.00000,none
5.47917,-87.47348,-87.47132,0.00038,0.00000,0.00000,-65.08621,0.00000,0.00000,30.00000,-92.52868,-0.11230,1.09609,6.50862,0.00000,0.00000,0.00000,0.00000,none
5.48333,-87.47348,-87.47135,0.00037,0.00000,0.00000,-65.08621,0.00000,0.00000,30.00000,-92.52865,-0.11230,1.09609,6.50862,0.00000,0.00000,0.00000,0.00000,none
5.48750,-87.47348,-87.47138,0.00037,0.00000,0.00000,-65.08621,0.00000,0.00000,30.00000,-92.52862,-0.11229,1.09609,6.50862,0.00000,0.00000,0.00000,0.00000,none
5.49167,-87.47348,-87.47141,0.00036,0.00000,0.00000,-65.08621,0.00000,0.00000,30.00000,-92.52859,-0.11229,1.09609,6.50862,0.00000,0.00000,0.00000,0.00000,none
5.49583,-87.47348,-87.47144,0.00036,0.00000,0.00000,-65.08621,0.00000,0.00000,30.00000,-92.52856,-0.11229,1.09609,6.50862,0.00000,0.00000,0.00000,0.00000,none
5.50000,-87.47348,-87.47147,0.00035,0.00000,0.00000,-65.08621,0.00000,0.00000,30.00000,-92.52853,-0.11229,1.09609,6.50862,0.00000,0.00000,0.00000,0.00000,none
5.50417,-87.47348,-87.47150,0.00035,0.00000,0.00000,-65.08621,0.00000,0.00000,30.00000,-92.52850,-0.11229,1.09609,6.50862,0.00000,0.00000,0.00000,0.00000,none
5.50833,-87.47348,-87.47152,0.00034,0.00000,0.00000,-65.08621,0.00000,0.00000,30.00000,-92.52848,-0.11229,1.09609,6.50862,0.00000,0.00000,0.00000,0.00000,none
5.51250,-87.47348,-87.47155,0.00034,0.00000,0.00000,-65.08621,0.00000,0.00000,30.00000,-92.52845,-0.11229,1.09609,6.50862,0.00000,0.00000,0.00000,0.00000,none
5.51667,-87.47348,-87.47158,0.00033,0.00000,0.00000,-65.08621,0.00000,0.00000,30.00000,-92.52842,-0.11228,1.09609,6.50862,0.00000,0.00000,0.00000,0.00000,none
5.52083,-87.47348,-87.47160,0.00033,0.00000,0.00000,-65.08621,0.00000,0.00000,30.00000,-92.52840,-0.11228,1.09609,6.50862,0.00000,0.00000,0.00000,0.00000,none
5.52500,-87.47348,-87.47163,0.00032,0.00000,0.00000,-65.08621,0.00000,0.00000,30.00000,-92.52837,-0.11228,1.09609,6.50862,0.00000,0.00000,0.00000,0.00000,none
5.52917,-87.47348,-87.47166,0.00032,0.00000,0.00000,-65.08621,0.00000,0.00000,30.00000,-92.52834,-0.11228,1.09609,6.50862,0.00000,0.00000,0.00000,0.00000,none
5.53333,-87.47348,-87.47168,0.00031,0.00000,0.00000,-65.08621,0.00000,0.00000,30.00000,-92.52832,-0.11228,1.09609,6.50862,0.00000,0.00000,0.00000,0.00000,none
5.53750,-87.47348,-87.47171,0.00031,0.00000,0.00000,-65.08621,0.00000,0.00000,30.00000,-92.52829,-0.11228,1.09609,6.50862,0.00000,0.00000,0.00000,0.00000,none
5.54167,-87.47348,-87.47173,0.00031,0.00000,0.00000,-65.08621,0.00000,0.00000,30.00000,-92.52827,-0.11228,1.09609,6.50862,0.00000,0.00000,0.00000,0.00000,none
5.54583,-87.47348,-87.47175,0.00030,0.00000,0.00000,-65.08621,0.00000,0.00000,30.00000,-92.52825,-0.11228,1.09609,6.50862,0.00000,0.00000,0.00000,0.00000,none
5.55000,-87.47348,-87.47178,0.00030,0.00000,0.00000,-65.08621,0.00000,0.00000,30.00000,-92.52822,-0.11228,1.09609,6.50862,0.00000,0.00000,0.00000,0.00000,none
5.55417,-87.47348,-87.47180,0.00029,0.00000,0.00000,-65.08621,0.00000,0.00000,30.00000,-92.52820,-0.11227,1.09609,6.50862,0.00000,0.00000,0.00000,0.00000,none
5.55833,-87.47348,-87.47182,0.00029,0.00000,0.00000,-65.08621,0.00000,0.00000,30.00000,-92.52818,-0.11227,1.09609,6.50862,0.00000,0.00000,0.00000,0.00000,none
5.56250,-87.47348,-87.47185,0.00029,0.00000,0.00000,-65.08621,0.00000,0.00000,30.00000,-92.52815,-0.11227,1.09609,6.50862,0.00000,0.00000,0.00000,0.00000,none
5.56667,-87.47348,-87.47187,0.00028,0.00000,0.00000,-65.08621,0.00000,0.00000,30.00000,-92.52813,-0.11227,1.09609,6.50862,0.00000,0.00000,0.00000,0.00000,none
5.57083,-87.47348,-87.47189,0.00028,0.00000,0.00000,-65.08621,0.00000,0.00000,30.00000,-92.52811,-0.11227,1.09609,6.50862,0.00000,0.00000,0.00000,0.00000,none
5.57500,-87.47348,-87.47191,0.00027,0.00000,0.00000,-65.08621,0.00000,0.00000,30.00000,-92.52809,-0.11227,1.09609,6.50862,0.00000,0.00000,0.00000,0.00000,none
5.57917,-87.47348,-87.47194,0.00027,0.00000,0.00000,-65.08621,0.00000,0.00000,30.00000,-92.52806,-0.11227,1.09609,6.50862,0.00000,0.00000,0.00000,0.00000,none
5.58333,-87.47348,-87.47196,0.00027,0.00000,0.00000,-65.08621,0.00000,0.00000,30.00000,-92.52804,-0.11227,1.09609,6.50862,0.00000,0.00000,0.00000,0.00000,none
5.58750,-87.47348,-87.47198,0.00026,0.00000,0.00000,-65.08621,0.00000,0.00000,30.00000,-92.52802,-0.11227,1.09609,6.50862,0.00000,0.00000,0.00000,0.00000,none
5.59167,-87.47348,-87.47200,0.00026,0.00000,0.00000,-65.08621,0.00000,0.00000,30.00000,-92.52800,-0.11227,1.09609,6.50862,0.00000,0.00000,0.00000,0.00000,none
5.59583,-87.47348,-87.47202,0.00026,0.00000,0.00000,-65.08621,0.00000,0.00000,30.00000,-92.52798,-0.11226,1.09609,6.50862,0.00000,0.00000,0.00000,0.00000,none
5.60000,-87.47348,-87.47204,0.00025,0.00000,0.00000,-65.08621,0.00000,0.00000,30.00000,-92.52796,-0.11226,1.09609,6.50862,0.00000,0.00000,0.00000,0.00000,none
5.60417,-87.47348,-87.47206,0.00025,0.00000,0.00000,-65.08621,0.00000,0.00000,30.00000,-92.52794,-0.11226,1.09609,6.50862,0.00000,0.00000,0.00000,0.00000,none
5.60833,-87.47348,-87.47208,0.00024,0.00000,0.00000,-65.08621,0.00000,0.00000,30.00000,-92.52792,-0.11226,1.09609,6.50862,0.00000,0.00000,0.00000,0.00000,none
5.61250,-87.47348,-87.47210,0.00024,0.00000,0.00000,-65.08621,0.00000,0.00000,30.00000,-92.52790,-0.11226,1.09609,6.50862,0.00000,0.00000,0.00000,0.00000,none
5.61667,-87.47348,-87.47212,0.00024,0.00000,0.00000,-65.08621,0.00000,0.00000,30.00000,-92.52788,-0.11226,1.09609,6.50862,0.00000,0.00000,0.00000,0.00000,none
5.62083,-87.47348,-87.47214,0.00023,0.00000,0.00000,-65.08621,0.00000,0.00000,30.00000,-92.52786,-0.11226,1.09609,6.50862,0.00000,0.00000,0.00000,0.00000,none
5.62500,-87.47348,-87.47215,0.00023,0.00000,0.00000,-65.08621,0.00000,0.00000,30.00000,-92.52785,-0.11226,1.09609,6.50862,0.00000,0.00000,0.00000,0.00000,none
5.62917,-87.47348,-87.47217,0.00023,0.00000,0.00000,-65.08621,0.00000,0.00000,30.00000,-92.52783,-0.11226,1.09609,6.50862,0.00000,0.00000,0.00000,0.00000,none
5.63333,-87.47348,-87.47219,0.00023,0.00000,0.00000,-65.08621,0.00000,0.00000,30.00000,-92.52781,-0.11226,1.09609,6.50862,0.00000,0.00000,0.00000,0.00000,none
5.63750,-87.47348,-87.47221,0.00022,0.00000,0.00000,-65.08621,0.00000,0.00000,30.00000,-92.52779,-0.11226,1.09609,6.50862,0.00000,0.00000,0.00000,0.00000,none
5.64167,-87.47348,-87.47223,0.00022,0.00000,0.00000,-65.08621,0.00000,0.00000,30.00000,-92.52777,-0.11225,1.09609,6.50862,0.00000,0.00000,0.00000,0.00000,none
5.64583,-87.47348,-87.47224,0.00022,0.00000,0.00000,-65.08621,0.00000,0.00000,30.00000,-92.52776,-0.11225,1.09609,6.50862,0.00000,0.00000,0.00000,0.00000,none
5.65000,-87.47348,-87.47226,0.00021,0.00000,0.00000,-65.08621,0.00000,0.00000,30.00000,-92.52774,-0.11225,1.09609,6.50862,0.00000,0.00000,0.00000,0.00000,none
5.65417,-87.47348,-87.47228,0.00021,0.00000,0.00000,-65.08621,0.00000,0.00000,30.00000,-92.52772,-0.11225,1.09609,6.50862,0.00000,0.00000,0.00000,0.00000,none
5.65833,-87.47348,-87.47229,0.00021,0.00000,0.00000,-65.08621,0.00000,0.00000,30.00000,-92.52771,-0.11225,1.09609,6.50862,0.00000,0.00000,0.00000,0.00000,none
5.66250,-87.47348,-87.47231,0.00020,0.00000,0.00000,-65.08621,0.00000,0.00000,30.00000,-92.52769,-0.11225,1.09609,6.50862,0.00000,0.00000,0.00000,0.00000,none
5.66667,-87.47348,-87.47233,0.00020,0.00000,0.00000,-65.08621,0.00000,0.00000,30.00000,-92.52767,-0.11225,1.09609,6.50862,0.00000,0.00000,0.00000,0.00000,none
5.67083,-87.47348,-87.47234,0.00020,0.00000,0.00000,-65.08621,0.00000,0.00000,30.00000,-92.52766,-0.11225,1.09609,6.50862,0.00000,0.00000,0.00000,0.00000,none
5.67500,-87.47348,-87.47236,0.00020,0.00000,0.00000,-65.08621,0.00000,0.00000,30.00000,-92.52764,-0.11225,1.09609,6.50862,0.00000,0.00000,0.00000,0.00000,none
5.67917,-87.47348,-87.47237,0.00019,0.00000,0.00000,-65.08621,0.00000,0.00000,30.00000,-92.52763,-0.11225,1.09609,6.50862,0.00000,0.00000,0.00000,0.00000,none
5.68333,-87.47348,-87.47239,0.00019,0.00000,0.00000,-65.08621,0.00000,0.00000,30.00000,-92.52761,-0.11225,1.09609,6.50862,0.00000,0.00000,0.00000,0.00000,none
5.68750,-87.47348,-87.47240,0.00019,0.00000,0.00000,-65.08621,0.00000,0.00000,30.00000,-92.52760,-0.11225,1.09609,6.50862,0.00000,0.00000,0.00000,0.00000,none
5.69167,-87.47348,-87.47242,0.00019,0.00000,0.00000,-65.08621,0.00000,0.00000,30.00000,-92.52758,-0.11225,1.09609,6.50862,0.00000,0.00000,0.00000,0.00000,none
5.69583,-87.47348,-87.47243,0.00018,0.00000,0.00000,-65.08621,0.00000,0.00000,30.00000,-92.52757,-0.11225,1.09609,6.50862,0.00000,0.00000,0.00000,0.00000,none
5.70000,-87.47348,-87.47245,0.00018,0.00000,0.00000,-65.08621,0.00000,0.00000,30.00000,-92.52755,-0.11224,1.09609,6.50862,0.00000,0.00000,0.00000,0.00000,none
5.70417,-87.47348,-87.47246,0.00018,0.00000,0.00000,-65.08621,0.00000,0.00000,30.00000,-92.52754,-0.11224,1.09609,6.50862,0.00000,0.00000,0.00000,0.00000,none
5.70833,-87.47348,-87.47248,0.00018,0.00000,0.00000,-65.08621,0.00000,0.00000,30.00000,-92.52752,-0.11224,1.09609,6.50862,0.00000,0.00000,0.00000,0.00000,none
5.71250,-87.47348,-87.47249,0.00017,0.00000,0.00000,-65.08621,0.00000,0.00000,30.00000,-92.52751,-0.11224,1.09609,6.50862,0.00000,0.00000,0.00000,0.00000,none
5.71667,-87.47348,-87.47250,0.00017,0.00000,0.00000,-65.08621,0.00000,0.00000,30.00000,-92.52750,-0.11224,1.09609,6.50862,0.00000,0.00000,0.00000,0.00000,none
5.72083,-87.47348,-87.47252,0.00017,0.00000,0.00000,-65.08621,0.00000,0.00000,30.00000,-92.52748,-0.11224,1.09609,6.50862,0.00000,0.00000,0.00000,0.00000,none
5.72500,-87.47348,-87.47253,0.00017,0.00000,0.00000,-65.08621,0.00000,0.00000,30.00000,-92.52747,-0.11224,1.09609,6.50862,0.00000,0.00000,0.00000,0.00000,none
5.72917,-87.47348,-87.47254,0.00016,0.00000,0.00000,-65.08621,0.00000,0.00000,30.00000,-92.52746,-0.11224,1.09609,6.50862,0.00000,0.00000,0.00000,0.00000,none
5.73333,-87.47348,-87.47256,0.00016,0.00000,0.00000,-65.08621,0.00000,0.00000,30.00000,-92.52744,-0.11224,1.09609,6.50862,0.00000,0.00000,0.00000,0.00000,none
5.73750,-87.47348,-87.47257,0.00016,0.00000,0.00000,-65.08621,0.00000,0.00000,30.00000,-92.52743,-0.11224,1.09609,6.50862,0.00000,0.00000,0.00000,0.00000,none
5.74167,-87.47348,-87.47258,0.00016,0.00000,0.00000,-65.08621,0.00000,0.00000,30.00000,-92.52742,-0.11224,1.09609,6.50862,0.00000,0.00000,0.00000,0.00000,none
5.74583,-87.47348,-87.47259,0.00015,0.00000,0.00000,-65.08621,0.00000,0.00000,30.00000,-92.52741,-0.11224,1.09609,6.50862,0.00000,0.00000,0.00000,0.00000,none
5.75000,-87.47348,-87.47261,0.00015,0.00000,0.00000,-65.08621,0.00000,0.00000,30.00000,-92.52739,-0.11224,1.09609,6.50862,0.00000,0.00000,0.00000,0.00000,none
5.75417,-87.47348,-87.47262,0.00015,0.00000,0.00000,-65.08621,0.00000,0.00000,30.00000,-92.52738,-0.11224,1.09609,6.50862,0.00000,0.00000,0.00000,0.00000,none
5.75833,-87.47348,-87.47263,0.00015,0.00000,0.00000,-65.08621,0.00000,0.00000,30.00000,-92.52737,-0.11224,1.09609,6.50862,0.00000,0.00000,0.00000,0.00000,none
5.76250,-87.47348,-87.47264,0.00015,0.00000,0.00000,-65.08621,0.00000,0.00000,30.00000,-92.52736,-0.11224,1.09609,6.50862,0.00000,0.00000,0.00000,0.00000,none
5.76667,-87.47348,-87.47265,0.00014,0.00000,0.00000,-65.08621,0.00000,0.00000,30.00000,-92.52735,-0.11224,1.09609,6.50862,0.00000,0.00000,0.00000,0.00000,none
5.77083,-87.47348,-87.47266,0.00014,0.00000,0.00000,-65.08621,0.00000,0.00000,30.00000,-92.52734,-0.11223,1.09609,6.50862,0.00000,0.00000,0.00000,0.00000,none
5.77500,-87.47348,-87.47268,0.00014,0.00000,0.00000,-65.08621,0.00000,0.00000,30.00000,-92.52732,-0.11223,1.09609,6.50862,0.00000,0.00000,0.00000,0.00000,none
5.77917,-87.47348,-87.47269,0.00014,0.00000,0.00000,-65.08621,0.00000,0.00000,30.00000,-92.52731,-0.11223,1.09609,6.50862,0.00000,0.00000,0.00000,0.00000,none
5.78333,-87.47348,-87.47270,0.00014,0.00000,0.00000,-65.08621,0.00000,0.00000,30.00000,-92.52730,-0.11223,1.09609,6.50862,0.00000,0.00000,0.00000,0.00000,none
5.78750,-87.47348,-87.47271,0.00013,0.00000,0.00000,-65.08621,0.00000,0.00000,30.00000,-92.52729,-0.11223,1.09609,6.50862,0.00000,0.00000,0.00000,0.00000,none
5.79167,-87.47348,-87.47272,0.00013,0.00000,0.00000,-65.08621,0.00000,0.00000,30.00000,-92.52728,-0.11223,1.09609,6.50862,0.00000,0.00000,0.00000,0.00000,none
5.79583,-87.47348,-87.47273,0.00013,0.00000,0.00000,-65.08621,0.00000,0.00000,30.00000,-92.52727,-0.11223,1.09609,6.50862,0.00000,0.00000,0.00000,0.00000,none
5.80000,-87.47348,-87.47274,0.00013,0.00000,0.00000,-65.08621,0.00000,0.00000,30.00000,-92.52726,-0.11223,1.09609,6.50862,0.00000,0.00000,0.00000,0.00000,none
5.80417,-87.47348,-87.47275,0.00013,0.00000,0.00000,-65.08621,0.00000,0.00000,30.00000,-92.52725,-0.11223,1.09609,6.50862,0.00000,0.00000,0.00000,0.00000,none
5.80833,-87.47348,-87.47276,0.00013,0.00000,0.00000,-65.08621,0.00000,0.00000,30.00000,-92.52724,-0.11223,1.09609,6.50862,0.00000,0.00000,0.00000,0.00000,none
5.81250,-87.47348,-87.47277,0.00012,0.00000,0.00000,-65.08621,0.00000,0.00000,30.00000,-92.52723,-0.11223,1.09609,6.50862,0.00000,0.00000,0.00000,0.00000,none
5.81667,-87.47348,-87.47278,0.00012,0.00000,0.00000,-65.08621,0.00000,0.00000,30.00000,-92.52722,-0.11223,1.09609,6.50862,0.00000,0.00000,0.00000,0.00000,none
5.82083,-87.47348,-87.47279,0.00012,0.00000,0.00000,-65.08621,0.00000,0.00000,30.00000,-92.52721,-0.11223,1.09609,6.50862,0.00000,0.00000,0.00000,0.00000,none
5.82500,-87.47348,-87.47280,0.00012,0.00000,0.00000,-65.08621,0.00000,0.00000,30.00000,-92.52720,-0.11223,1.09609,6.50862,0.00000,0.00000,0.00000,0.00000,none
5.82917,-87.47348,-87.47281,0.00012,0.00000,0.00000,-65.08621,0.00000,0.00000,30.00000,-92.52719,-0.11223,1.09609,6.50862,0.00000,0.00000,0.00000,0.00000,none
5.83333,-87.47348,-87.47282,0.00012,0.00000,0.00000,-65.08621,0.00000,0.00000,30.00000,-92.52718,-0.11223,1.09609,6.50862,0.00000,0.00000,0.00000,0.00000,none
5.83750,-87.47348,-87.47283,0.00011,0.00000,0.00000,-65.08621,0.00000,0.00000,30.00000,-92.52717,-0.11223,1.09609,6.50862,0.00000,0.00000,0.00000,0.00000,none
5.84167,-87.47348,-87.47284,0.00011,0.00000,0.00000,-65.08621,0.00000,0.00000,30.00000,-92.52716,-0.11223,1.09609,6.50862,0.00000,0.00000,0.00000,0.00000,none
5.84583,-87.47348,-87.47284,0.00011,0.00000,0.00000,-65.08621,0.00000,0.00000,30.00000,-92.52716,-0.11223,1.09609,6.50862,0.00000,0.00000,0.00000,0.00000,none
5.85000,-87.47348,-87.47285,0.00011,0.00000,0.00000,-65.08621,0.00000,0.00000,30.00000,-92.52715,-0.11223,1.09609,6.50862,0.00000,0.00000,0.00000,0.00000,none
5.85417,-87.47348,-87.47286,0.00011,0.00000,0.00000,-65.08621,0.00000,0.00000,30.00000,-92.52714,-0.11223,1.09609,6.50862,0.00000,0.00000,0.00000,0.00000,none
5.85833,-87.47348,-87.47287,0.00011,0.00000,0.00000,-65.08621,0.00000,0.00000,30.00000,-92.52713,-0.11223,1.09609,6.50862,0.00000,0.00000,0.00000,0.00000,none
5.86250,-87.47348,-87.47288,0.00010,0.00000,0.00000,-65.08621,0.00000,0.00000,30.00000,-92.52712,-0.11222,1.09609,6.50862,0.00000,0.00000,0.00000,0.00000,none
5.86667,-87.47348,-87.47289,0.00010,0.00000,0.00000,-65.08621,0.00000,0.00000,30.00000,-92.52711,-0.11222,1.09609,6.50862,0.00000,0.00000,0.00000,0.00000,none
5.87083,-87.47348,-87.47290,0.00010,0.00000,0.00000,-65.08621,0.00000,0.00000,30.00000,-92.52710,-0.11222,1.09609,6.50862,0.00000,0.00000,0.00000,0.00000,none
5.87500,-87.47348,-87.47290,0.00010,0.00000,0.00000,-65.08621,0.00000,0.00000,30.00000,-92.52710,-0.11222,1.09609,6.50862,0.00000,0.00000,0.00000,0.00000,none
5.87917,-87.47348,-87.47291,0.00010,0.00000,0.00000,-65.08621,0.00000,0.00000,30.00000,-92.52709,-0.11222,1.09609,6.50862,0.00000,0.00000,0.00000,0.00000,none
5.88333,-87.47348,-87.47348,0.00000,0.00000,0.00000,-65.08621,0.00000,0.00000,30.00000,-92.52652,-0.11220,1.09609,6.50862,0.00000,0.00000,0.00000,0.00000,none
5.88750,-87.47348,-87.47348,0.00000,0.00000,0.00000,-65.08621,0.00000,0.00000,30.00000,-92.52652,-0.11220,1.09609,6.50862,0.00000,0.00000,0.00000,0.00000,none
5.89167,-87.47348,-87.47348,0.00000,0.00000,0.00000,-65.08621,0.00000,0.00000,30.00000,-92.52652,-0.11220,1.09609,6.50862,0.00000,0.00000,0.00000,0.00000,none
5.89583,-87.47348,-87.47348,0.00000,0.00000,0.00000,-65.08621,0.00000,0.00000,30.00000,-92.52652,-0.11220,1.09609,6.50862,0.00000,0.00000,0.00000,0.00000,none
5.90000,-87.47348,-87.47348,0.00000,0.00000,0.00000,-65.08621,0.00000,0.00000,30.00000,-92.52652,-0.11220,1.09609,6.50862,0.00000,0.00000,0.00000,0.00000,none
5.90417,-87.47348,-87.47348,0.00000,0.00000,0.00000,-65.08621,0.00000,0.00000,30.00000,-92.52652,-0.11220,1.09609,6.50862,0.00000,0.00000,0.00000,0.00000,none
5.90833,-87.47348,-87.47348,0.00000,0.00000,0.00000,-65.08621,0.00000,0.00000,30.00000,-92.52652,-0.11220,1.09609,6.50862,0.00000,0.00000,0.00000,0.00000,none
5.91250,-87.47348,-87.47348,0.00000,0.00000,0.00000,-65.08621,0.00000,0.00000,30.00000,-92.52652,-0.11220,1.09609,6.50862,0.00000,0.00000,0.00000,0.00000,none
5.91667,-87.47348,-87.47348,0.00000,0.00000,0.00000,-65.08621,0.00000,0.00000,30.00000,-92.52652,-0.11220,1.09609,6.50862,0.00000,0.00000,0.00000,0.00000,none
5.92083,-87.47348,-87.47348,0.00000,0.00000,0.00000,-65.08621,0.00000,0.00000,30.00000,-92.52652,-0.11220,1.09609,6.50862,0.00000,0.00000,0.00000,0.00000,none
5.92500,-87.47348,-87.47348,0.00000,0.00000,0.00000,-65.08621,0.00000,0.00000,30.00000,-92.52652,-0.11220,1.09609,6.50862,0.00000,0.00000,0.00000,0.00000,none
5.92917,-87.47348,-87.47348,0.00000,0.00000,0.00000,-65.08621,0.00000,0.00000,30.00000,-92.52652,-0.11220,1.09609,6.50862,0.00000,0.00000,0.00000,0.00000,none
5.93333,-87.47348,-87.47348,0.00000,0.00000,0.00000,-65.08621,0.00000,0.00000,30.00000,-92.52652,-0.11220,1.09609,6.50862,0.00000,0.00000,0.00000,0.00000,none
5.93750,-87.47348,-87.47348,0.00000,0.00000,0.00000,-65.08621,0.00000,0.00000,30.00000,-92.52652,-0.11220,1.09609,6.50862,0.00000,0.00000,0.00000,0.00000,none
5.94167,-87.47348,-87.47348,0.00000,0.00000,0.00000,-65.08621,0.00000,0.00000,30.00000,-92.52652,-0.11220,1.09609,6.50862,0.00000,0.00000,0.00000,0.00000,none
5.94583,-87.47348,-87.47348,0.00000,0.00000,0.00000,-65.08621,0.00000,0.00000,30.00000,-92.52652,-0.11220,1.09609,6.50862,0.00000,0.00000,0.00000,0.00000,none
5.95000,-87.47348,-87.47348,0.00000,0.00000,0.00000,-65.08621,0.00000,0.00000,30.00000,-92.52652,-0.11220,1.09609,6.50862,0.00000,0.00000,0.00000,0.00000,none
5.95417,-87.47348,-87.47348,0.00000,0.00000,0.00000,-65.08621,0.00000,0.00000,30.00000,-92.52652,-0.11220,1.09609,6.50862,0.00000,0.00000,0.00000,0.00000,none
5.95833,-87.47348,-87.47348,0.00000,0.00000,0.00000,-65.08621,0.00000,0.00000,30.00000,-92.52652,-0.11220,1.09609,6.50862,0.00000,0.00000,0.00000,0.00000,none
5.96250,-87.47348,-87.47348,0.00000,0.00000,0.00000,-65.08621,0.00000,0.00000,30.00000,-92.52652,-0.11220,1.09609,6.50862,0.00000,0.00000,0.00000,0.00000,none
5.96667,-87.47348,-87.47348,0.00000,0.00000,0.00000,-65.08621,0.00000,0.00000,30.00000,-92.52652,-0.11220,1.09609,6.50862,0.00000,0.00000,0.00000,0.00000,none
5.97083,-87.47348,-87.47348,0.00000,0.00000,0.00000,-65.08621,0.00000,0.00000,30.00000,-92.52652,-0.11220,1.09609,6.50862,0.00000,0.00000,0.00000,0.00000,none
5.97500,-87.47348,-87.47348,0.00000,0.00000,0.00000,-65.08621,0.00000,0.00000,30.00000,-92.52652,-0.11220,1.09609,6.50862,0.00000,0.00000,0.00000,0.00000,none
5.97917,-87.47348,-87.47348,0.00000,0.00000,0.00000,-65.08621,0.00000,0.00000,30.00000,-92.52652,-0.11220,1.09609,6.50862,0.00000,0.00000,0.00000,0.00000,none
5.98333,-87.47348,-87.47348,0.00000,0.00000,0.00000,-65.08621,0.00000,0.00000,30.00000,-92.52652,-0.11220,1.09609,6.50862,0.00000,0.00000,0.00000,0.00000,none
5.98750,-87.47348,-87.47348,0.00000,0.00000,0.00000,-65.08621,0.00000,0.00000,30.00000,-92.52652,-0.11220,1.09609,6.50862,0.00000,0.00000,0.00000,0.00000,none
5.99167,-87.47348,-87.47348,0.00000,0.00000,0.00000,-65.08621,0.00000,0.00000,30.00000,-92.52652,-0.11220,1.09609,6.50862,0.00000,0.00000,0.00000,0.00000,none
5.99583,-87.47348,-87.47348,0.00000,0.00000,0.00000,-65.08621,0.00000,0.00000,30.00000,-92.52652,-0.11220,1.09609,6.50862,0.00000,0.00000,0.00000,0.00000,none
6.00000,-87.47348,-87.47348,0.00000,0.00000,0.00000,-65.08621,0.00000,0.00000,30.00000,-92.52652,-0.11220,1.09609,6.50862,0.00000,0.00000,0.00000,0.00000,none
6.00417,-87.47348,-87.47348,0.00000,0.00000,0.00000,-65.08621,0.00000,0.00000,30.00000,-92.52652,-0.11220,1.09609,6.50862,0.00000,0.00000,0.00000,0.00000,none
6.00833,-87.47348,-87.47348,0.00000,0.00000,0.00000,-65.08621,0.00000,0.00000,30.00000,-92.52652,-0.11220,1.09609,6.50862,0.00000,0.00000,0.00000,0.00000,none
6.01250,-87.47348,-87.47348,0.00000,0.00000,0.00000,-65.08621,0.00000,0.00000,30.00000,-92.52652,-0.11220,1.09609,6.50862,0.00000,0.00000,0.00000,0.00000,none
6.01667,-87.47348,-87.47348,0.00000,0.00000,0.00000,-65.08621,0.00000,0.00000,30.00000,-92.52652,-0.11220,1.09609,6.50862,0.00000,0.00000,0.00000,0.00000,none
6.02083,-87.47348,-87.47348,0.00000,0.00000,0.00000,-65.08621,0.00000,0.00000,30.00000,-92.52652,-0.11220,1.09609,6.50862,0.00000,0.00000,0.00000,0.00000,none
6.02500,-87.47348,-87.47348,0.00000,0.00000,0.00000,-65.08621,0.00000,0.00000,30.00000,-92.52652,-0.11220,1.09609,6.50862,0.00000,0.00000,0.00000,0.00000,none
6.02917,-87.47348,-87.47348,0.00000,0.00000,0.00000,-65.08621,0.00000,0.00000,30.00000,-92.52652,-0.11220,1.09609,6.50862,0.00000,0.00000,0.00000,0.00000,none
6.03333,-87.47348,-87.47348,0.00000,0.00000,0.00000,-65.08621,0.00000,0.00000,30.00000,-92.52652,-0.11220,1.09609,6.50862,0.00000,0.00000,0.00000,0.00000,none
6.03750,-87.47348,-87.47348,0.00000,0.00000,0.00000,-65.08621,0.00000,0.00000,30.00000,-92.52652,-0.11220,1.09609,6.50862,0.00000,0.00000,0.00000,0.00000,none
6.04167,-87.47348,-87.47348,0.00000,0.00000,0.00000,-65.08621,0.00000,0.00000,30.00000,-92.52652,-0.11220,1.09609,6.50862,0.00000,0.00000,0.00000,0.00000,none
6.04583,-87.47348,-87.47348,0.00000,0.00000,0.00000,-65.08621,0.00000,0.00000,30.00000,-92.52652,-0.11220,1.09609,6.50862,0.00000,0.00000,0.00000,0.00000,none
6.05000,-87.47348,-87.47348,0.00000,0.00000,0.00000,-65.08621,0.00000,0.00000,30.00000,-92.52652,-0.11220,1.09609,6.50862,0.00000,0.00000,0.00000,0.00000,none
6.05417,-87.47348,-87.47348,0.00000,0.00000,0.00000,-65.08621,0.00000,0.00000,30.00000,-92.52652,-0.11220,1.09609,6.50862,0.00000,0.00000,0.00000,0.00000,none
6.05833,-87.47348,-87.47348,0.00000,0.00000,0.00000,-65.08621,0.00000,0.00000,30.00000,-92.52652,-0.11220,1.09609,6.50862,0.00000,0.00000,0.00000,0.00000,none
6.06250,-87.47348,-87.47348,0.00000,0.00000,0.00000,-65.08621,0.00000,0.00000,30.00000,-92.52652,-0.11220,1.09609,6.50862,0.00000,0.00000,0.00000,0.00000,none
6.06667,-87.47348,-87.47348,0.00000,0.00000,0.00000,-65.08621,0.00000,0.00000,30.00000,-92.52652,-0.11220,1.09609,6.50862,0.00000,0.00000,0.00000,0.00000,none
6.07083,-87.47348,-87.47348,0.00000,0.00000,0.00000,-65.08621,0.00000,0.00000,30.00000,-92.52652,-0.11220,1.09609,6.50862,0.00000,0.00000,0.00000,0.00000,none
6.07500,-87.47348,-87.47348,0.00000,0.00000,0.00000,-65.08621,0.00000,0.00000,30.00000,-92.52652,-0.11220,1.09609,6.50862,0.00000,0.00000,0.00000,0.00000,none
6.07917,-87.47348,-87.47348,0.00000,0.00000,0.00000,-65.08621,0.00000,0.00000,30.00000,-92.52652,-0.11220,1.09609,6.50862,0.00000,0.00000,0.00000,0.00000,none
6.08333,-87.47348,-87.47348,0.00000,0.00000,0.00000,-65.08621,0.00000,0.00000,30.00000,-92.52652,-0.11220,1.09609,6.50862,0.00000,0.00000,0.00000,0.00000,none
6.08750,-87.47348,-87.47348,0.00000,0.00000,0.00000,-65.08621,0.00000,0.00000,30.00000,-92.52652,-0.11220,1.09609,6.50862,0.00000,0.00000,0.00000,0.00000,none
6.09167,-87.47348,-87.47348,0.00000,0.00000,0.00000,-65.08621,0.00000,0.00000,30.00000,-92.52652,-0.11220,1.09609,6.50862,0.00000,0.00000,0.00000,0.00000,none
6.09583,-87.47348,-87.47348,0.00000,0.00000,0.00000,-65.08621,0.00000,0.00000,30.00000,-92.52652,-0.11220,1.09609,6.50862,0.00000,0.00000,0.00000,0.00000,none
6.10000,-87.47348,-87.47348,0.00000,0.00000,0.00000,-65.08621,0.00000,0.00000,30.00000,-92.52652,-0.11220,1.09609,6.50862,0.00000,0.00000,0.00000,0.00000,none
6.10417,-87.47348,-87.47348,0.00000,0.00000,0.00000,-65.08621,0.00000,0.00000,30.00000,-92.52652,-0.11220,1.09609,6.50862,0.00000,0.00000,0.00000,0.00000,none
6.10833,-87.47348,-87.47348,0.00000,0.00000,0.00000,-65.08621,0.00000,0.00000,30.00000,-92.52652,-0.11220,1.09609,6.50862,0.00000,0.00000,0.00000,0.00000,none
6.11250,-87.47348,-87.47348,0.00000,0.00000,0.00000,-65.08621,0.00000,0.00000,30.00000,-92.52652,-0.11220,1.09609,6.50862,0.00000,0.00000,0.00000,0.00000,none
6.11667,-87.47348,-87.47348,0.00000,0.00000,0.00000,-65.08621,0.00000,0.00000,30.00000,-92.52652,-0.11220,1.09609,6.50862,0.00000,0.00000,0.00000,0.00000,none
6.12083,-87.47348,-87.47348,0.00000,0.00000,0.00000,-65.08621,0.00000,0.00000,30.00000,-92.52652,-0.11220,1.09609,6.50862,0.00000,0.00000,0.00000,0.00000,none
6.12500,-87.47348,-87.47348,0.00000,0.00000,0.00000,-65.08621,0.00000,0.00000,30.00000,-92.52652,-0.11220,1.09609,6.50862,0.00000,0.00000,0.00000,0.00000,none
6.12917,-87.47348,-87.47348,0.00000,0.00000,0.00000,-65.08621,0.00000,0.00000,30.00000,-92.52652,-0.11220,1.09609,6.50862,0.00000,0.00000,0.00000,0.00000,none
6.13333,-87.47348,-87.47348,0.00000,0.00000,0.00000,-65.08621,0.00000,0.00000,30.00000,-92.52652,-0.11220,1.09609,6.50862,0.00000,0.00000,0.00000,0.00000,none
6.13750,-87.47348,-87.47348,0.00000,0.00000,0.00000,-65.08621,0.00000,0.00000,30.00000,-92.52652,-0.11220,1.09609,6.50862,0.00000,0.00000,0.00000,0.00000,none
6.14167,-87.47348,-87.47348,0.00000,0.00000,0.00000,-65.08621,0.00000,0.00000,30.00000,-92.52652,-0.11220,1.09609,6.50862,0.00000,0.00000,0.00000,0.00000,none
6.14583,-87.47348,-87.47348,0.00000,0.00000,0.00000,-65.08621,0.00000,0.00000,30.00000,-92.52652,-0.11220,1.09609,6.50862,0.00000,0.00000,0.00000,0.00000,none
6.15000,-87.47348,-87.47348,0.00000,0.00000,0.00000,-65.08621,0.00000,0.00000,30.00000,-92.52652,-0.11220,1.09609,6.50862,0.00000,0.00000,0.00000,0.00000,none
6.15417,-87.47348,-87.47348,0.00000,0.00000,0.00000,-65.08621,0.00000,0.00000,30.00000,-92.52652,-0.11220,1.09609,6.50862,0.00000,0.00000,0.00000,0.00000,none
6.15833,-87.47348,-87.47348,0.00000,0.00000,0.00000,-65.08621,0.00000,0.00000,30.00000,-92.52652,-0.11220,1.09609,6.50862,0.00000,0.00000,0.00000,0.00000,none
6.16250,-87.47348,-87.47348,0.00000,0.00000,0.00000,-65.08621,0.00000,0.00000,30.00000,-92.52652,-0.11220,1.09609,6.50862,0.00000,0.00000,0.00000,0.00000,none
6.16667,-87.47348,-87.47348,0.00000,0.00000,0.00000,-65.08621,0.00000,0.00000,30.00000,-92.52652,-0.11220,1.09609,6.50862,0.00000,0.00000,0.00000,0.00000,none
6.17083,-87.47348,-87.47348,0.00000,0.00000,0.00000,-65.08621,0.00000,0.00000,30.00000,-92.52652,-0.11220,1.09609,6.50862,0.00000,0.00000,0.00000,0.00000,none
6.17500,-87.47348,-87.47348,0.00000,0.00000,0.00000,-65.08621,0.00000,0.00000,30.00000,-92.52652,-0.11220,1.09609,6.50862,0.00000,0.00000,0.00000,0.00000,none
6.17917,-87.47348,-87.47348,0.00000,0.00000,0.00000,-65.08621,0.00000,0.00000,30.00000,-92.52652,-0.11220,1.09609,6.50862,0.00000,0.00000,0.00000,0.00000,none
6.18333,-87.47348,-87.47348,0.00000,0.00000,0.00000,-65.08621,0.00000,0.00000,30.00000,-92.52652,-0.11220,1.09609,6.50862,0.00000,0.00000,0.00000,0.00000,none
6.18750,-87.47348,-87.47348,0.00000,0.00000,0.00000,-65.08621,0.00000,0.00000,30.00000,-92.52652,-0.11220,1.09609,6.50862,0.00000,0.00000,0.00000,0.00000,none
6.19167,-87.47348,-87.47348,0.00000,0.00000,0.00000,-65.08621,0.00000,0.00000,30.00000,-92.52652,-0.11220,1.09609,6.50862,0.00000,0.00000,0.00000,0.00000,none
6.19583,-87.47348,-87.47348,0.00000,0.00000,0.00000,-65.08621,0.00000,0.00000,30.00000,-92.52652,-0.11220,1.09609,6.50862,0.00000,0.00000,0.00000,0.00000,none
6.20000,-87.47348,-87.47348,0.00000,0.00000,0.00000,-65.08621,0.00000,0.00000,30.00000,-92.52652,-0.11220,1.09609,6.50862,0.00000,0.00000,0.00000,0.00000,none
6.20417,-87.47348,-87.47348,0.00000,0.00000,0.00000,-65.08621,0.00000,0.00000,30.00000,-92.52652,-0.11220,1.09609,6.50862,0.00000,0.00000,0.00000,0.00000,none
6.20833,-87.47348,-87.47348,0.00000,0.00000,0.00000,-65.08621,0.00000,0.00000,30.00000,-92.52652,-0.11220,1.09609,6.50862,0.00000,0.00000,0.00000,0.00000,none
6.21250,-87.47348,-87.47348,0.00000,0.00000,0.00000,-65.08621,0.00000,0.00000,30.00000,-92.52652,-0.11220,1.09609,6.50862,0.00000,0.00000,0.00000,0.00000,none
6.21667,-87.47348,-87.47348,0.00000,0.00000,0.00000,-65.08621,0.00000,0.00000,30.00000,-92.52652,-0.11220,1.09609,6.50862,0.00000,0.00000,0.00000,0.00000,none
6.22083,-87.47348,-87.47348,0.00000,0.00000,0.00000,-65.08621,0.00000,0.00000,30.00000,-92.52652,-0.11220,1.09609,6.50862,0.00000,0.00000,0.00000,0.00000,none
6.22500,-87.47348,-87.47348,0.00000,0.00000,0.00000,-65.08621,0.00000,0.00000,30.00000,-92.52652,-0.11220,1.09609,6.50862,0.00000,0.00000,0.00000,0.00000,none
6.22917,-87.47348,-87.47348,0.00000,0.00000,0.00000,-65.08621,0.00000,0.00000,30.00000,-92.52652,-0.11220,1.09609,6.50862,0.00000,0.00000,0.00000,0.00000,none
6.23333,-87.47348,-87.47348,0.00000,0.00000,0.00000,-65.08621,0.00000,0.00000,30.00000,-92.52652,-0.11220,1.09609,6.50862,0.00000,0.00000,0.00000,0.00000,none
6.23750,-87.47348,-87.47348,0.00000,0.00000,0.00000,-65.08621,0.00000,0.00000,30.00000,-92.52652,-0.11220,1.09609,6.50862,0.00000,0.00000,0.00000,0.00000,none
6.24167,-87.47348,-87.47348,0.00000,0.00000,0.00000,-65.08621,0.00000,0.00000,30.00000,-92.52652,-0.11220,1.09609,6.50862,0.00000,0.00000,0.00000,0.00000,none
6.24583,-87.47348,-87.47348,0.00000,0.00000,0.00000,-65.08621,0.00000,0.00000,30.00000,-92.52652,-0.11220,1.09609,6.50862,0.00000,0.00000,0.00000,0.00000,none
6.25000,-87.47348,-87.47348,0.00000,0.00000,0.00000,-65.08621,0.00000,0.00000,30.00000,-92.52652,-0.11220,1.09609,6.50862,0.00000,0.00000,0.00000,0.00000,none
6.25417,-87.47348,-87.47348,0.00000,0.00000,0.00000,-65.08621,0.00000,0.00000,30.00000,-92.52652,-0.11220,1.09609,6.50862,0.00000,0.00000,0.00000,0.00000,none
6.25833,-87.47348,-87.47348,0.00000,0.00000,0.00000,-65.08621,0.00000,0.00000,30.00000,-92.52652,-0.11220,1.09609,6.50862,0.00000,0.00000,0.00000,0.00000,none
6.26250,-87.47348,-87.47348,0.00000,0.00000,0.00000,-65.08621,0.00000,0.00000,30.00000,-92.52652,-0.11220,1.09609,6.50862,0.00000,0.00000,0.00000,0.00000,none
6.26667,-87.47348,-87.47348,0.00000,0.00000,0.00000,-65.08621,0.00000,0.00000,30.00000,-92.52652,-0.11220,1.09609,6.50862,0.00000,0.00000,0.00000,0.00000,none
6.27083,-87.47348,-87.47348,0.00000,0.00000,0.00000,-65.08621,0.00000,0.00000,30.00000,-92.52652,-0.11220,1.09609,6.50862,0.00000,0.00000,0.00000,0.00000,none
6.27500,-87.47348,-87.47348,0.00000,0.00000,0.00000,-65.08621,0.00000,0.00000,30.00000,-92.52652,-0.11220,1.09609,6.50862,0.00000,0.00000,0.00000,0.00000,none
6.27917,-87.47348,-87.47348,0.00000,0.00000,0.00000,-65.08621,0.00000,0.00000,30.00000,-92.52652,-0.11220,1.09609,6.50862,0.00000,0.00000,0.00000,0.00000,none
6.28333,-87.47348,-87.47348,0.00000,0.00000,0.00000,-65.08621,0.00000,0.00000,30.00000,-92.52652,-0.11220,1.09609,6.50862,0.00000,0.00000,0.00000,0.00000,none
6.28750,-87.47348,-87.47348,0.00000,0.00000,0.00000,-65.08621,0.00000,0.00000,30.00000,-92.52652,-0.11220,1.09609,6.50862,0.00000,0.00000,0.00000,0.00000,none
6.29167,-87.47348,-87.47348,0.00000,0.00000,0.00000,-65.08621,0.00000,0.00000,30.00000,-92.52652,-0.11220,1.09609,6.50862,0.00000,0.00000,0.00000,0.00000,none
6.29583,-87.47348,-87.47348,0.00000,0.00000,0.00000,-65.08621,0.00000,0.00000,30.00000,-92.52652,-0.11220,1.09609,6.50862,0.00000,0.00000,0.00000,0.00000,none
6.30000,-87.47348,-87.47348,0.00000,0.00000,0.00000,-65.08621,0.00000,0.00000,30.00000,-92.52652,-0.11220,1.09609,6.50862,0.00000,0.00000,0.00000,0.00000,none
6.30417,-87.47348,-87.47348,0.00000,0.00000,0.00000,-65.08621,0.00000,0.00000,30.00000,-92.52652,-0.11220,1.09609,6.50862,0.00000,0.00000,0.00000,0.00000,none
6.30833,-87.47348,-87.47348,0.00000,0.00000,0.00000,-65.08621,0.00000,0.00000,30.00000,-92.52652,-0.11220,1.09609,6.50862,0.00000,0.00000,0.00000,0.00000,none
6.31250,-87.47348,-87.47348,0.00000,0.00000,0.00000,-65.08621,0.00000,0.00000,30.00000,-92.52652,-0.11220,1.09609,6.50862,0.00000,0.00000,0.00000,0.00000,none
6.31667,-87.47348,-87.47348,0.00000,0.00000,0.00000,-65.08621,0.00000,0.00000,30.00000,-92.52652,-0.11220,1.09609,6.50862,0.00000,0.00000,0.00000,0.00000,none
6.32083,-87.47348,-87.47348,0.00000,0.00000,0.00000,-65.08621,0.00000,0.00000,30.00000,-92.52652,-0.11220,1.09609,6.50862,0.00000,0.00000,0.00000,0.00000,none
6.32500,-87.47348,-87.47348,0.00000,0.00000,0.00000,-65.08621,0.00000,0.00000,30.00000,-92.52652,-0.11220,1.09609,6.50862,0.00000,0.00000,0.00000,0.00000,none
6.32917,-87.47348,-87.47348,0.00000,0.00000,0.00000,-65.08621,0.00000,0.00000,30.00000,-92.52652,-0.11220,1.09609,6.50862,0.00000,0.00000,0.00000,0.00000,none
6.33333,-87.47348,-87.47348,0.00000,0.00000,0.00000,-65.08621,0.00000,0.00000,30.00000,-92.52652,-0.11220,1.09609,6.50862,0.00000,0.00000,0.00000,0.00000,none
6.33750,-87.47348,-87.47348,0.00000,0.00000,0.00000,-65.08621,0.00000,0.00000,30.00000,-92.52652,-0.11220,1.09609,6.50862,0.00000,0.00000,0.00000,0.00000,none
6.34167,-87.47348,-87.47348,0.00000,0.00000,0.00000,-65.08621,0.00000,0.00000,30.00000,-92.52652,-0.11220,1.09609,6.50862,0.00000,0.00000,0.00000,0.00000,none
6.34583,-87.47348,-87.47348,0.00000,0.00000,0.00000,-65.08621,0.00000,0.00000,30.00000,-92.52652,-0.11220,1.09609,6.50862,0.00000,0.00000,0.00000,0.00000,none
6.35000,-87.47348,-87.47348,0.00000,0.00000,0.00000,-65.08621,0.00000,0.00000,30.00000,-92.52652,-0.11220,1.09609,6.50862,0.00000,0.00000,0.00000,0.00000,none
6.35417,-87.47348,-87.47348,0.00000,0.00000,0.00000,-65.08621,0.00000,0.00000,30.00000,-92.52652,-0.11220,1.09609,6.50862,0.00000,0.00000,0.00000,0.00000,none
6.35833,-87.47348,-87.47348,0.00000,0.00000,0.00000,-65.08621,0.00000,0.00000,30.00000,-92.52652,-0.11220,1.09609,6.50862,0.00000,0.00000,0.00000,0.00000,none
6.36250,-87.47348,-87.47348,0.00000,0.00000,0.00000,-65.08621,0.00000,0.00000,30.00000,-92.52652,-0.11220,1.09609,6.50862,0.00000,0.00000,0.00000,0.00000,none
6.36667,-87.47348,-87.47348,0.00000,0.00000,0.00000,-65.08621,0.00000,0.00000,30.00000,-92.52652,-0.11220,1.09609,6.50862,0.00000,0.00000,0.00000,0.00000,none
6.37083,-87.47348,-87.47348,0.00000,0.00000,0.00000,-65.08621,0.00000,0.00000,30.00000,-92.52652,-0.11220,1.09609,6.50862,0.00000,0.00000,0.00000,0.00000,none
6.37500,-87.47348,-87.47348,0.00000,0.00000,0.00000,-65.08621,0.00000,0.00000,30.00000,-92.52652,-0.11220,1.09609,6.50862,0.00000,0.00000,0.00000,0.00000,none
6.37917,-87.47348,-87.47348,0.00000,0.00000,0.00000,-65.08621,0.00000,0.00000,30.00000,-92.52652,-0.11220,1.09609,6.50862,0.00000,0.00000,0.00000,0.00000,none
6.38333,-87.47348,-87.47348,0.00000,0.00000,0.00000,-65.08621,0.00000,0.00000,30.00000,-92.52652,-0.11220,1.09609,6.50862,0.00000,0.00000,0.00000,0.00000,none
6.38750,-87.47348,-87.47348,0.00000,0.00000,0.00000,-65.08621,0.00000,0.00000,30.00000,-92.52652,-0.11220,1.09609,6.50862,0.00000,0.00000,0.00000,0.00000,none
6.39167,-87.47348,-87.47348,0.00000,0.00000,0.00000,-65.08621,0.00000,0.00000,30.00000,-92.52652,-0.11220,1.09609,6.50862,0.00000,0.00000,0.00000,0.00000,none
6.39583,-87.47348,-87.47348,0.00000,0.00000,0.00000,-65.08621,0.00000,0.00000,30.00000,-92.52652,-0.11220,1.09609,6.50862,0.00000,0.00000,0.00000,0.00000,none
6.40000,-87.47348,-87.47348,0.00000,0.00000,0.00000,-65.08621,0.00000,0.00000,30.00000,-92.52652,-0.11220,1.09609,6.50862,0.00000,0.00000,0.00000,0.00000,none
6.40417,-87.47348,-87.47348,0.00000,0.00000,0.00000,-65.08621,0.00000,0.00000,30.00000,-92.52652,-0.11220,1.09609,6.50862,0.00000,0.00000,0.00000,0.00000,none
6.40833,-87.47348,-87.47348,0.00000,0.00000,0.00000,-65.08621,0.00000,0.00000,30.00000,-92.52652,-0.11220,1.09609,6.50862,0.00000,0.00000,0.00000,0.00000,none
6.41250,-87.47348,-87.47348,0.00000,0.00000,0.00000,-65.08621,0.00000,0.00000,30.00000,-92.52652,-0.11220,1.09609,6.50862,0.00000,0.00000,0.00000,0.00000,none
6.41667,-87.47348,-87.47348,0.00000,0.00000,0.00000,-65.08621,0.00000,0.00000,30.00000,-92.52652,-0.11220,1.09609,6.50862,0.00000,0.00000,0.00000,0.00000,none
6.42083,-87.47348,-87.47348,0.00000,0.00000,0.00000,-65.08621,0.00000,0.00000,30.00000,-92.52652,-0.11220,1.09609,6.50862,0.00000,0.00000,0.00000,0.00000,none
6.42500,-87.47348,-87.47348,0.00000,0.00000,0.00000,-65.08621,0.00000,0.00000,30.00000,-92.52652,-0.11220,1.09609,6.50862,0.00000,0.00000,0.00000,0.00000,none
6.42917,-87.47348,-87.47348,0.00000,0.00000,0.00000,-65.08621,0.00000,0.00000,30.00000,-92.52652,-0.11220,1.09609,6.50862,0.00000,0.00000,0.00000,0.00000,none
6.43333,-87.47348,-87.47348,0.00000,0.00000,0.00000,-65.08621,0.00000,0.00000,30.00000,-92.52652,-0.11220,1.09609,6.50862,0.00000,0.00000,0.00000,0.00000,none
6.43750,-87.47348,-87.47348,0.00000,0.00000,0.00000,-65.08621,0.00000,0.00000,30.00000,-92.52652,-0.11220,1.09609,6.50862,0.00000,0.00000,0.00000,0.00000,none
6.44167,-87.47348,-87.47348,0.00000,0.00000,0.00000,-65.08621,0.00000,0.00000,30.00000,-92.52652,-0.11220,1.09609,6.50862,0.00000,0.00000,0.00000,0.00000,none
6.44583,-87.47348,-87.47348,0.00000,0.00000,0.00000,-65.08621,0.00000,0.00000,30.00000,-92.52652,-0.11220,1.09609,6.50862,0.00000,0.00000,0.00000,0.00000,none
6.45000,-87.47348,-87.47348,0.00000,0.00000,0.00000,-65.08621,0.00000,0.00000,30.00000,-92.52652,-0.11220,1.09609,6.50862,0.00000,0.00000,0.00000,0.00000,none
6.45417,-87.47348,-87.47348,0.00000,0.00000,0.00000,-65.08621,0.00000,0.00000,30.00000,-92.52652,-0.11220,1.09609,6.50862,0.00000,0.00000,0.00000,0.00000,none
6.45833,-87.47348,-87.47348,0.00000,0.00000,0.00000,-65.08621,0.00000,0.00000,30.00000,-92.52652,-0.11220,1.09609,6.50862,0.00000,0.00000,0.00000,0.00000,none
6.46250,-87.47348,-87.47348,0.00000,0.00000,0.00000,-65.08621,0.00000,0.00000,30.00000,-92.52652,-0.11220,1.09609,6.50862,0.00000,0.00000,0.00000,0.00000,none
6.46667,-87.47348,-87.47348,0.00000,0.00000,0.00000,-65.08621,0.00000,0.00000,30.00000,-92.52652,-0.11220,1.09609,6.50862,0.00000,0.00000,0.00000,0.00000,none
6.47083,-87.47348,-87.47348,0.00000,0.00000,0.00000,-65.08621,0.00000,0.00000,30.00000,-92.52652,-0.11220,1.09609,6.50862,0.00000,0.00000,0.00000,0.00000,none
6.47500,-87.47348,-87.47348,0.00000,0.00000,0.00000,-65.08621,0.00000,0.00000,30.00000,-92.52652,-0.11220,1.09609,6.50862,0.00000,0.00000,0.00000,0.00000,none
6.47917,-87.47348,-87.47348,0.00000,0.00000,0.00000,-65.08621,0.00000,0.00000,30.00000,-92.52652,-0.11220,1.09609,6.50862,0.00000,0.00000,0.00000,0.00000,none
6.48333,-87.47348,-87.47348,0.00000,0.00000,0.00000,-65.08621,0.00000,0.00000,30.00000,-92.52652,-0.11220,1.09609,6.50862,0.00000,0.00000,0.00000,0.00000,none
6.48750,-87.47348,-87.47348,0.00000,0.00000,0.00000,-65.08621,0.00000,0.00000,30.00000,-92.52652,-0.11220,1.09609,6.50862,0.00000,0.00000,0.00000,0.00000,none
6.49167,-87.47348,-87.47348,0.00000,0.00000,0.00000,-65.08621,0.00000,0.00000,30.00000,-92.52652,-0.11220,1.09609,6.50862,0.00000,0.00000,0.00000,0.00000,none
6.49583,-87.47348,-87.47348,0.00000,0.00000,0.00000,-65.08621,0.00000,0.00000,30.00000,-92.52652,-0.11220,1.09609,6.50862,0.00000,0.00000,0.00000,0.00000,none
6.50000,-87.47348,-87.47348,0.00000,0.00000,0.00000,-65.08621,0.00000,0.00000,30.00000,-92.52652,-0.11220,1.09609,6.50862,0.00000,0.00000,0.00000,0.00000,none
6.50417,-87.47348,-87.47348,0.00000,0.00000,0.00000,-65.08621,0.00000,0.00000,30.00000,-92.52652,-0.11220,1.09609,6.50862,0.00000,0.00000,0.00000,0.00000,none
6.50833,-87.47348,-87.47348,0.00000,0.00000,0.00000,-65.08621,0.00000,0.00000,30.00000,-92.52652,-0.11220,1.09609,6.50862,0.00000,0.00000,0.00000,0.00000,none
6.51250,-87.47348,-87.47348,0.00000,0.00000,0.00000,-65.08621,0.00000,0.00000,30.00000,-92.52652,-0.11220,1.09609,6.50862,0.00000,0.00000,0.00000,0.00000,none
6.51667,-87.47348,-87.47348,0.00000,0.00000,0.00000,-65.08621,0.00000,0.00000,30.00000,-92.52652,-0.11220,1.09609,6.50862,0.00000,0.00000,0.00000,0.00000,none
6.52083,-87.47348,-87.47348,0.00000,0.00000,0.00000,-65.08621,0.00000,0.00000,30.00000,-92.52652,-0.11220,1.09609,6.50862,0.00000,0.00000,0.00000,0.00000,none
6.52500,-87.47348,-87.47348,0.00000,0.00000,0.00000,-65.08621,0.00000,0.00000,30.00000,-92.52652,-0.11220,1.09609,6.50862,0.00000,0.00000,0.00000,0.00000,none
6.52917,-87.47348,-87.47348,0.00000,0.00000,0.00000,-65.08621,0.00000,0.00000,30.00000,-92.52652,-0.11220,1.09609,6.50862,0.00000,0.00000,0.00000,0.00000,none
6.53333,-87.47348,-87.47348,0.00000,0.00000,0.00000,-65.08621,0.00000,0.00000,30.00000,-92.52652,-0.11220,1.09609,6.50862,0.00000,0.00000,0.00000,0.00000,none
6.53750,-87.47348,-87.47348,0.00000,0.00000,0.00000,-65.08621,0.00000,0.00000,30.00000,-92.52652,-0.11220,1.09609,6.50862,0.00000,0.00000,0.00000,0.00000,none
6.54167,-87.47348,-87.47348,0.00000,0.00000,0.00000,-65.08621,0.00000,0.00000,30.00000,-92.52652,-0.11220,1.09609,6.50862,0.00000,0.00000,0.00000,0.00000,none
6.54583,-87.47348,-87.47348,0.00000,0.00000,0.00000,-65.08621,0.00000,0.00000,30.00000,-92.52652,-0.11220,1.09609,6.50862,0.00000,0.00000,0.00000,0.00000,none
6.55000,-87.47348,-87.47348,0.00000,0.00000,0.00000,-65.08621,0.00000,0.00000,30.00000,-92.52652,-0.11220,1.09609,6.50862,0.00000,0.00000,0.00000,0.00000,none
6.55417,-87.47348,-87.47348,0.00000,0.00000,0.00000,-65.08621,0.00000,0.00000,30.00000,-92.52652,-0.11220,1.09609,6.50862,0.00000,0.00000,0.00000,0.00000,none
6.55833,-87.47348,-87.47348,0.00000,0.00000,0.00000,-65.08621,0.00000,0.00000,30.00000,-92.52652,-0.11220,1.09609,6.50862,0.00000,0.00000,0.00000,0.00000,none
6.56250,-87.47348,-87.47348,0.00000,0.00000,0.00000,-65.08621,0.00000,0.00000,30.00000,-92.52652,-0.11220,1.09609,6.50862,0.00000,0.00000,0.00000,0.00000,none
6.56667,-87.47348,-87.47348,0.00000,0.00000,0.00000,-65.08621,0.00000,0.00000,30.00000,-92.52652,-0.11220,1.09609,6.50862,0.00000,0.00000,0.00000,0.00000,none
6.57083,-87.47348,-87.47348,0.00000,0.00000,0.00000,-65.08621,0.00000,0.00000,30.00000,-92.52652,-0.11220,1.09609,6.50862,0.00000,0.00000,0.00000,0.00000,none
6.57500,-87.47348,-87.47348,0.00000,0.00000,0.00000,-65.08621,0.00000,0.00000,30.00000,-92.52652,-0.11220,1.09609,6.50862,0.00000,0.00000,0.00000,0.00000,none
6.57917,-87.47348,-87.47348,0.00000,0.00000,0.00000,-65.08621,0.00000,0.00000,30.00000,-92.52652,-0.11220,1.09609,6.50862,0.00000,0.00000,0.00000,0.00000,none
6.58333,-87.47348,-87.47348,0.00000,0.00000,0.00000,-65.08621,0.00000,0.00000,30.00000,-92.52652,-0.11220,1.09609,6.50862,0.00000,0.00000,0.00000,0.00000,none
6.58750,-87.47348,-87.47348,0.00000,0.00000,0.00000,-65.08621,0.00000,0.00000,30.00000,-92.52652,-0.11220,1.09609,6.50862,0.00000,0.00000,0.00000,0.00000,none
6.59167,-87.47348,-87.47348,0.00000,0.00000,0.00000,-65.08621,0.00000,0.00000,30.00000,-92.52652,-0.11220,1.09609,6.50862,0.00000,0.00000,0.00000,0.00000,none
6.59583,-87.47348,-87.47348,0.00000,0.00000,0.00000,-65.08621,0.00000,0.00000,30.00000,-92.52652,-0.11220,1.09609,6.50862,0.00000,0.00000,0.00000,0.00000,none
6.60000,-87.47348,-87.47348,0.00000,0.00000,0.00000,-65.08621,0.00000,0.00000,30.00000,-92.52652,-0.11220,1.09609,6.50862,0.00000,0.00000,0.00000,0.00000,none
6.60417,-87.47348,-87.47348,0.00000,0.00000,0.00000,-65.08621,0.00000,0.00000,30.00000,-92.52652,-0.11220,1.09609,6.50862,0.00000,0.00000,0.00000,0.00000,none
6.60833,-87.47348,-87.47348,0.00000,0.00000,0.00000,-65.08621,0.00000,0.00000,30.00000,-92.52652,-0.11220,1.09609,6.50862,0.00000,0.00000,0.00000,0.00000,none
6.61250,-87.47348,-87.47348,0.00000,0.00000,0.00000,-65.08621,0.00000,0.00000,30.00000,-92.52652,-0.11220,1.09609,6.50862,0.00000,0.00000,0.00000,0.00000,none
6.61667,-87.47348,-87.47348,0.00000,0.00000,0.00000,-65.08621,0.00000,0.00000,30.00000,-92.52652,-0.11220,1.09609,6.50862,0.00000,0.00000,0.00000,0.00000,none
6.62083,-87.47348,-87.47348,0.00000,0.00000,0.00000,-65.08621,0.00000,0.00000,30.00000,-92.52652,-0.11220,1.09609,6.50862,0.00000,0.00000,0.00000,0.00000,none
6.62500,-87.47348,-87.47348,0.00000,0.00000,0.00000,-65.08621,0.00000,0.00000,30.00000,-92.52652,-0.11220,1.09609,6.50862,0.00000,0.00000,0.00000,0.00000,none
6.62917,-87.47348,-87.47348,0.00000,0.00000,0.00000,-65.08621,0.00000,0.00000,30.00000,-92.52652,-0.11220,1.09609,6.50862,0.00000,0.00000,0.00000,0.00000,none
6.63333,-87.47348,-87.47348,0.00000,0.00000,0.00000,-65.08621,0.00000,0.00000,30.00000,-92.52652,-0.11220,1.09609,6.50862,0.00000,0.00000,0.00000,0.00000,none
6.63750,-87.47348,-87.47348,0.00000,0.00000,0.00000,-65.08621,0.00000,0.00000,30.00000,-92.52652,-0.11220,1.09609,6.50862,0.00000,0.00000,0.00000,0.00000,none
6.64167,-87.47348,-87.47348,0.00000,0.00000,0.00000,-65.08621,0.00000,0.00000,30.00000,-92.52652,-0.11220,1.09609,6.50862,0.00000,0.00000,0.00000,0.00000,none
6.64583,-87.47348,-87.47348,0.00000,0.00000,0.00000,-65.08621,0.00000,0.00000,30.00000,-92.52652,-0.11220,1.09609,6.50862,0.00000,0.00000,0.00000,0.00000,none
6.65000,-87.47348,-87.47348,0.00000,0.00000,0.00000,-65.08621,0.00000,0.00000,30.00000,-92.52652,-0.11220,1.09609,6.50862,0.00000,0.00000,0.00000,0.00000,none
6.65417,-87.47348,-87.47348,0.00000,0.00000,0.00000,-65.08621,0.00000,0.00000,30.00000,-92.52652,-0.11220,1.09609,6.50862,0.00000,0.00000,0.00000,0.00000,none
6.65833,-87.47348,-87.47348,0.00000,0.00000,0.00000,-65.08621,0.00000,0.00000,30.00000,-92.52652,-0.11220,1.09609,6.50862,0.00000,0.00000,0.00000,0.00000,none
6.66250,-87.47348,-87.47348,0.00000,0.00000,0.00000,-65.08621,0.00000,0.00000,30.00000,-92.52652,-0.11220,1.09609,6.50862,0.00000,0.00000,0.00000,0.00000,none
6.66667,-87.47348,-87.47348,0.00000,0.00000,0.00000,-65.08621,0.00000,0.00000,30.00000,-92.52652,-0.11220,1.09609,6.50862,0.00000,0.00000,0.00000,0.00000,none
6.67083,-87.47348,-87.47348,0.00000,0.00000,0.00000,-65.08621,0.00000,0.00000,30.00000,-92.52652,-0.11220,1.09609,6.50862,0.00000,0.00000,0.00000,0.00000,none
6.67500,-87.47348,-87.47348,0.00000,0.00000,0.00000,-65.08621,0.00000,0.00000,30.00000,-92.52652,-0.11220,1.09609,6.50862,0.00000,0.00000,0.00000,0.00000,none
6.67917,-87.47348,-87.47348,0.00000,0.00000,0.00000,-65.08621,0.00000,0.00000,30.00000,-92.52652,-0.11220,1.09609,6.50862,0.00000,0.00000,0.00000,0.00000,none
6.68333,-87.47348,-87.47348,0.00000,0.00000,0.00000,-65.08621,0.00000,0.00000,30.00000,-92.52652,-0.11220,1.09609,6.50862,0.00000,0.00000,0.00000,0.00000,none
6.68750,-87.47348,-87.47348,0.00000,0.00000,0.00000,-65.08621,0.00000,0.00000,30.00000,-92.52652,-0.11220,1.09609,6.50862,0.00000,0.00000,0.00000,0.00000,none
6.69167,-87.47348,-87.47348,0.00000,0.00000,0.00000,-65.08621,0.00000,0.00000,30.00000,-92.52652,-0.11220,1.09609,6.50862,0.00000,0.00000,0.00000,0.00000,none
6.69583,-87.47348,-87.47348,0.00000,0.00000,0.00000,-65.08621,0.00000,0.00000,30.00000,-92.52652,-0.11220,1.09609,6.50862,0.00000,0.00000,0.00000,0.00000,none
6.70000,-87.47348,-87.47348,0.00000,0.00000,0.00000,-65.08621,0.00000,0.00000,30.00000,-92.52652,-0.11220,1.09609,6.50862,0.00000,0.00000,0.00000,0.00000,none
6.70417,-87.47348,-87.47348,0.00000,0.00000,0.00000,-65.08621,0.00000,0.00000,30.00000,-92.52652,-0.11220,1.09609,6.50862,0.00000,0.00000,0.00000,0.00000,none
6.70833,-87.47348,-87.47348,0.00000,0.00000,0.00000,-65.08621,0.00000,0.00000,30.00000,-92.52652,-0.11220,1.09609,6.50862,0.00000,0.00000,0.00000,0.00000,none
6.71250,-87.47348,-87.47348,0.00000,0.00000,0.00000,-65.08621,0.00000,0.00000,30.00000,-92.52652,-0.11220,1.09609,6.50862,0.00000,0.00000,0.00000,0.00000,none
6.71667,-87.47348,-87.47348,0.00000,0.00000,0.00000,-65.08621,0.00000,0.00000,30.00000,-92.52652,-0.11220,1.09609,6.50862,0.00000,0.00000,0.00000,0.00000,none
6.72083,-87.47348,-87.47348,0.00000,0.00000,0.00000,-65.08621,0.00000,0.00000,30.00000,-92.52652,-0.11220,1.09609,6.50862,0.00000,0.00000,0.00000,0.00000,none
6.72500,-87.47348,-87.47348,0.00000,0.00000,0.00000,-65.08621,0.00000,0.00000,30.00000,-92.52652,-0.11220,1.09609,6.50862,0.00000,0.00000,0.00000,0.00000,none
6.72917,-87.47348,-87.47348,0.00000,0.00000,0.00000,-65.08621,0.00000,0.00000,30.00000,-92.52652,-0.11220,1.09609,6.50862,0.00000,0.00000,0.00000,0.00000,none
6.73333,-87.47348,-87.47348,0.00000,0.00000,0.00000,-65.08621,0.00000,0.00000,30.00000,-92.52652,-0.11220,1.09609,6.50862,0.00000,0.00000,0.00000,0.00000,none
6.73750,-87.47348,-87.47348,0.00000,0.00000,0.00000,-65.08621,0.00000,0.00000,30.00000,-92.52652,-0.11220,1.09609,6.50862,0.00000,0.00000,0.00000,0.00000,none
6.74167,-87.47348,-87.47348,0.00000,0.00000,0.00000,-65.08621,0.00000,0.00000,30.00000,-92.52652,-0.11220,1.09609,6.50862,0.00000,0.00000,0.00000,0.00000,none
6.74583,-87.47348,-87.47348,0.00000,0.00000,0.00000,-65.08621,0.00000,0.00000,30.00000,-92.52652,-0.11220,1.09609,6.50862,0.00000,0.00000,0.00000,0.00000,none
6.75000,-87.47348,-87.47348,0.00000,0.00000,0.00000,-65.08621,0.00000,0.00000,30.00000,-92.52652,-0.11220,1.09609,6.50862,0.00000,0.00000,0.00000,0.00000,none
6.75417,-87.47348,-87.47348,0.00000,0.00000,0.00000,-65.08621,0.00000,0.00000,30.00000,-92.52652,-0.11220,1.09609,6.50862,0.00000,0.00000,0.00000,0.00000,none
6.75833,-87.47348,-87.47348,0.00000,0.00000,0.00000,-65.08621,0.00000,0.00000,30.00000,-92.52652,-0.11220,1.09609,6.50862,0.00000,0.00000,0.00000,0.00000,none
6.76250,-87.47348,-87.47348,0.00000,0.00000,0.00000,-65.08621,0.00000,0.00000,30.00000,-92.52652,-0.11220,1.09609,6.50862,0.00000,0.00000,0.00000,0.00000,none
6.76667,-87.47348,-87.47348,0.00000,0.00000,0.00000,-65.08621,0.00000,0.00000,30.00000,-92.52652,-0.11220,1.09609,6.50862,0.00000,0.00000,0.00000,0.00000,none
6.77083,-87.47348,-87.47348,0.00000,0.00000,0.00000,-65.08621,0.00000,0.00000,30.00000,-92.52652,-0.11220,1.09609,6.50862,0.00000,0.00000,0.00000,0.00000,none
6.77500,-87.47348,-87.47348,0.00000,0.00000,0.00000,-65.08621,0.00000,0.00000,30.00000,-92.52652,-0.11220,1.09609,6.50862,0.00000,0.00000,0.00000,0.00000,none
6.77917,-87.47348,-87.47348,0.00000,0.00000,0.00000,-65.08621,0.00000,0.00000,30.00000,-92.52652,-0.11220,1.09609,6.50862,0.00000,0.00000,0.00000,0.00000,none
6.78333,-87.47348,-87.47348,0.00000,0.00000,0.00000,-65.08621,0.00000,0.00000,30.00000,-92.52652,-0.11220,1.09609,6.50862,0.00000,0.00000,0.00000,0.00000,none
6.78750,-87.47348,-87.47348,0.00000,0.00000,0.00000,-65.08621,0.00000,0.00000,30.00000,-92.52652,-0.11220,1.09609,6.50862,0.00000,0.00000,0.00000,0.00000,none
6.79167,-87.47348,-87.47348,0.00000,0.00000,0.00000,-65.08621,0.00000,0.00000,30.00000,-92.52652,-0.11220,1.09609,6.50862,0.00000,0.00000,0.00000,0.00000,none
6.79583,-87.47348,-87.47348,0.00000,0.00000,0.00000,-65.08621,0.00000,0.00000,30.00000,-92.52652,-0.11220,1.09609,6.50862,0.00000,0.00000,0.00000,0.00000,none
6.80000,-87.47348,-87.47348,0.00000,0.00000,0.00000,-65.08621,0.00000,0.00000,30.00000,-92.52652,-0.11220,1.09609,6.50862,0.00000,0.00000,0.00000,0.00000,none
6.80417,-87.47348,-87.47348,0.00000,0.00000,0.00000,-65.08621,0.00000,0.00000,30.00000,-92.52652,-0.11220,1.09609,6.50862,0.00000,0.00000,0.00000,0.00000,none
6.80833,-87.47348,-87.47348,0.00000,0.00000,0.00000,-65.08621,0.00000,0.00000,30.00000,-92.52652,-0.11220,1.09609,6.50862,0.00000,0.00000,0.00000,0.00000,none
6.81250,-87.47348,-87.47348,0.00000,0.00000,0.00000,-65.08621,0.00000,0.00000,30.00000,-92.52652,-0.11220,1.09609,6.50862,0.00000,0.00000,0.00000,0.00000,none
6.81667,-87.47348,-87.47348,0.00000,0.00000,0.00000,-65.08621,0.00000,0.00000,30.00000,-92.52652,-0.11220,1.09609,6.50862,0.00000,0.00000,0.00000,0.00000,none
6.82083,-87.47348,-87.47348,0.00000,0.00000,0.00000,-65.08621,0.00000,0.00000,30.00000,-92.52652,-0.11220,1.09609,6.50862,0.00000,0.00000,0.00000,0.00000,none
6.82500,-87.47348,-87.47348,0.00000,0.00000,0.00000,-65.08621,0.00000,0.00000,30.00000,-92.52652,-0.11220,1.09609,6.50862,0.00000,0.00000,0.00000,0.00000,none
6.82917,-87.47348,-87.47348,0.00000,0.00000,0.00000,-65.08621,0.00000,0.00000,30.00000,-92.52652,-0.11220,1.09609,6.50862,0.00000,0.00000,0.00000,0.00000,none
6.83333,-87.47348,-87.47348,0.00000,0.00000,0.00000,-65.08621,0.00000,0.00000,30.00000,-92.52652,-0.11220,1.09609,6.50862,0.00000,0.00000,0.00000,0.00000,none
6.83750,-87.47348,-87.47348,0.00000,0.00000,0.00000,-65.08621,0.00000,0.00000,30.00000,-92.52652,-0.11220,1.09609,6.50862,0.00000,0.00000,0.00000,0.00000,none
6.84167,-87.47348,-87.47348,0.00000,0.00000,0.00000,-65.08621,0.00000,0.00000,30.00000,-92.52652,-0.11220,1.09609,6.50862,0.00000,0.00000,0.00000,0.00000,none
6.84583,-87.47348,-87.47348,0.00000,0.00000,0.00000,-65.08621,0.00000,0.00000,30.00000,-92.52652,-0.11220,1.09609,6.50862,0.00000,0.00000,0.00000,0.00000,none
6.85000,-87.47348,-87.47348,0.00000,0.00000,0.00000,-65.08621,0.00000,0.00000,30.00000,-92.52652,-0.11220,1.09609,6.50862,0.00000,0.00000,0.00000,0.00000,none
6.85417,-87.47348,-87.47348,0.00000,0.00000,0.00000,-65.08621,0.00000,0.00000,30.00000,-92.52652,-0.11220,1.09609,6.50862,0.00000,0.00000,0.00000,0.00000,none
6.85833,-87.47348,-87.47348,0.00000,0.00000,0.00000,-65.08621,0.00000,0.00000,30.00000,-92.52652,-0.11220,1.09609,6.50862,0.00000,0.00000,0.00000,0.00000,none
6.86250,-87.47348,-87.47348,0.00000,0.00000,0.00000,-65.08621,0.00000,0.00000,30.00000,-92.52652,-0.11220,1.09609,6.50862,0.00000,0.00000,0.00000,0.00000,none
6.86667,-87.47348,-87.47348,0.00000,0.00000,0.00000,-65.08621,0.00000,0.00000,30.00000,-92.52652,-0.11220,1.09609,6.50862,0.00000,0.00000,0.00000,0.00000,none
6.87083,-87.47348,-87.47348,0.00000,0.00000,0.00000,-65.08621,0.00000,0.00000,30.00000,-92.52652,-0.11220,1.09609,6.50862,0.00000,0.00000,0.00000,0.00000,none
6.87500,-87.47348,-87.47348,0.00000,0.00000,0.00000,-65.08621,0.00000,0.00000,30.00000,-92.52652,-0.11220,1.09609,6.50862,0.00000,0.00000,0.00000,0.00000,none
6.87917,-87.47348,-87.47348,0.00000,0.00000,0.00000,-65.08621,0.00000,0.00000,30.00000,-92.52652,-0.11220,1.09609,6.50862,0.00000,0.00000,0.00000,0.00000,none
6.88333,-87.47348,-87.47348,0.00000,0.00000,0.00000,-65.08621,0.00000,0.00000,30.00000,-92.52652,-0.11220,1.09609,6.50862,0.00000,0.00000,0.00000,0.00000,none
6.88750,-87.47348,-87.47348,0.00000,0.00000,0.00000,-65.08621,0.00000,0.00000,30.00000,-92.52652,-0.11220,1.09609,6.50862,0.00000,0.00000,0.00000,0.00000,none
6.89167,-87.47348,-87.47348,0.00000,0.00000,0.00000,-65.08621,0.00000,0.00000,30.00000,-92.52652,-0.11220,1.09609,6.50862,0.00000,0.00000,0.00000,0.00000,none
6.89583,-87.47348,-87.47348,0.00000,0.00000,0.00000,-65.08621,0.00000,0.00000,30.00000,-92.52652,-0.11220,1.09609,6.50862,0.00000,0.00000,0.00000,0.00000,none
6.90000,-87.47348,-87.47348,0.00000,0.00000,0.00000,-65.08621,0.00000,0.00000,30.00000,-92.52652,-0.11220,1.09609,6.50862,0.00000,0.00000,0.00000,0.00000,none
6.90417,-87.47348,-87.47348,0.00000,0.00000,0.00000,-65.08621,0.00000,0.00000,30.00000,-92.52652,-0.11220,1.09609,6.50862,0.00000,0.00000,0.00000,0.00000,none
6.90833,-87.47348,-87.47348,0.00000,0.00000,0.00000,-65.08621,0.00000,0.00000,30.00000,-92.52652,-0.11220,1.09609,6.50862,0.00000,0.00000,0.00000,0.00000,none
6.91250,-87.47348,-87.47348,0.00000,0.00000,0.00000,-65.08621,0.00000,0.00000,30.00000,-92.52652,-0.11220,1.09609,6.50862,0.00000,0.00000,0.00000,0.00000,none
6.91667,-87.47348,-87.47348,0.00000,0.00000,0.00000,-65.08621,0.00000,0.00000,30.00000,-92.52652,-0.11220,1.09609,6.50862,0.00000,0.00000,0.00000,0.00000,none
6.92083,-87.47348,-87.47348,0.00000,0.00000,0.00000,-65.08621,0.00000,0.00000,30.00000,-92.52652,-0.11220,1.09609,6.50862,0.00000,0.00000,0.00000,0.00000,none
6.92500,-87.47348,-87.47348,0.00000,0.00000,0.00000,-65.08621,0.00000,0.00000,30.00000,-92.52652,-0.11220,1.09609,6.50862,0.00000,0.00000,0.00000,0.00000,none
6.92917,-87.47348,-87.47348,0.00000,0.00000,0.00000,-65.08621,0.00000,0.00000,30.00000,-92.52652,-0.11220,1.09609,6.50862,0.00000,0.00000,0.00000,0.00000,none
6.93333,-87.47348,-87.47348,0.00000,0.00000,0.00000,-65.08621,0.00000,0.00000,30.00000,-92.52652,-0.11220,1.09609,6.50862,0.00000,0.00000,0.00000,0.00000,none
6.93750,-87.47348,-87.47348,0.00000,0.00000,0.00000,-65.08621,0.00000,0.00000,30.00000,-92.52652,-0.11220,1.09609,6.50862,0.00000,0.00000,0.00000,0.00000,none
6.94167,-87.47348,-87.47348,0.00000,0.00000,0.00000,-65.08621,0.00000,0.00000,30.00000,-92.52652,-0.11220,1.09609,6.50862,0.00000,0.00000,0.00000,0.00000,none
6.94583,-87.47348,-87.47348,0.00000,0.00000,0.00000,-65.08621,0.00000,0.00000,30.00000,-92.52652,-0.11220,1.09609,6.50862,0.00000,0.00000,0.00000,0.00000,none
6.95000,-87.47348,-87.47348,0.00000,0.00000,0.00000,-65.08621,0.00000,0.00000,30.00000,-92.52652,-0.11220,1.09609,6.50862,0.00000,0.00000,0.00000,0.00000,none
6.95417,-87.47348,-87.47348,0.00000,0.00000,0.00000,-65.08621,0.00000,0.00000,30.00000,-92.52652,-0.11220,1.09609,6.50862,0.00000,0.00000,0.00000,0.00000,none
6.95833,-87.47348,-87.47348,0.00000,0.00000,0.00000,-65.08621,0.00000,0.00000,30.00000,-92.52652,-0.11220,1.09609,6.50862,0.00000,0.00000,0.00000,0.00000,none
6.96250,-87.47348,-87.47348,0.00000,0.00000,0.00000,-65.08621,0.00000,0.00000,30.00000,-92.52652,-0.11220,1.09609,6.50862,0.00000,0.00000,0.00000,0.00000,none
6.96667,-87.47348,-87.47348,0.00000,0.00000,0.00000,-65.08621,0.00000,0.00000,30.00000,-92.52652,-0.11220,1.09609,6.50862,0.00000,0.00000,0.00000,0.00000,none
6.97083,-87.47348,-87.47348,0.00000,0.00000,0.00000,-65.08621,0.00000,0.00000,30.00000,-92.52652,-0.11220,1.09609,6.50862,0.00000,0.00000,0.00000,0.00000,none
6.97500,-87.47348,-87.47348,0.00000,0.00000,0.00000,-65.08621,0.00000,0.00000,30.00000,-92.52652,-0.11220,1.09609,6.50862,0.00000,0.00000,0.00000,0.00000,none
6.97917,-87.47348,-87.47348,0.00000,0.00000,0.00000,-65.08621,0.00000,0.00000,30.00000,-92.52652,-0.11220,1.09609,6.50862,0.00000,0.00000,0.00000,0.00000,none
6.98333,-87.47348,-87.47348,0.00000,0.00000,0.00000,-65.08621,0.00000,0.00000,30.00000,-92.52652,-0.11220,1.09609,6.50862,0.00000,0.00000,0.00000,0.00000,none
6.98750,-87.47348,-87.47348,0.00000,0.00000,0.00000,-65.08621,0.00000,0.00000,30.00000,-92.52652,-0.11220,1.09609,6.50862,0.00000,0.00000,0.00000,0.00000,none
6.99167,-87.47348,-87.47348,0.00000,0.00000,0.00000,-65.08621,0.00000,0.00000,30.00000,-92.52652,-0.11220,1.09609,6.50862,0.00000,0.00000,0.00000,0.00000,none
6.99583,-87.47348,-87.47348,0.00000,0.00000,0.00000,-65.08621,0.00000,0.00000,30.00000,-92.52652,-0.11220,1.09609,6.50862,0.00000,0.00000,0.00000,0.00000,none
7.00000,-87.47348,-87.47348,0.00000,0.00000,0.00000,-65.08621,0.00000,0.00000,30.00000,-92.52652,-0.11220,1.09609,6.50862,0.00000,0.00000,0.00000,0.00000,none
7.00417,-87.47348,-87.47348,0.00000,0.00000,0.00000,-65.08621,0.00000,0.00000,30.00000,-92.52652,-0.11220,1.09609,6.50862,0.00000,0.00000,0.00000,0.00000,none
7.00833,-87.47348,-87.47348,0.00000,0.00000,0.00000,-65.08621,0.00000,0.00000,30.00000,-92.52652,-0.11220,1.09609,6.50862,0.00000,0.00000,0.00000,0.00000,none
7.01250,-87.47348,-87.47348,0.00000,0.00000,0.00000,-65.08621,0.00000,0.00000,30.00000,-92.52652,-0.11220,1.09609,6.50862,0.00000,0.00000,0.00000,0.00000,none
7.01667,-87.47348,-87.47348,0.00000,0.00000,0.00000,-65.08621,0.00000,0.00000,30.00000,-92.52652,-0.11220,1.09609,6.50862,0.00000,0.00000,0.00000,0.00000,none
7.02083,-87.47348,-87.47348,0.00000,0.00000,0.00000,-65.08621,0.00000,0.00000,30.00000,-92.52652,-0.11220,1.09609,6.50862,0.00000,0.00000,0.00000,0.00000,none
7.02500,-87.47348,-87.47348,0.00000,0.00000,0.00000,-65.08621,0.00000,0.00000,30.00000,-92.52652,-0.11220,1.09609,6.50862,0.00000,0.00000,0.00000,0.00000,none
7.02917,-87.47348,-87.47348,0.00000,0.00000,0.00000,-65.08621,0.00000,0.00000,30.00000,-92.52652,-0.11220,1.09609,6.50862,0.00000,0.00000,0.00000,0.00000,none
7.03333,-87.47348,-87.47348,0.00000,0.00000,0.00000,-65.08621,0.00000,0.00000,30.00000,-92.52652,-0.11220,1.09609,6.50862,0.00000,0.00000,0.00000,0.00000,none
7.03750,-87.47348,-87.47348,0.00000,0.00000,0.00000,-65.08621,0.00000,0.00000,30.00000,-92.52652,-0.11220,1.09609,6.50862,0.00000,0.00000,0.00000,0.00000,none
7.04167,-87.47348,-87.47348,0.00000,0.00000,0.00000,-65.08621,0.00000,0.00000,30.00000,-92.52652,-0.11220,1.09609,6.50862,0.00000,0.00000,0.00000,0.00000,none
7.04583,-87.47348,-87.47348,0.00000,0.00000,0.00000,-65.08621,0.00000,0.00000,30.00000,-92.52652,-0.11220,1.09609,6.50862,0.00000,0.00000,0.00000,0.00000,none
7.05000,-87.47348,-87.47348,0.00000,0.00000,0.00000,-65.08621,0.00000,0.00000,30.00000,-92.52652,-0.11220,1.09609,6.50862,0.00000,0.00000,0.00000,0.00000,none
7.05417,-87.47348,-87.47348,0.00000,0.00000,0.00000,-65.08621,0.00000,0.00000,30.00000,-92.52652,-0.11220,1.09609,6.50862,0.00000,0.00000,0.00000,0.00000,none
7.05833,-87.47348,-87.47348,0.00000,0.00000,0.00000,-65.08621,0.00000,0.00000,30.00000,-92.52652,-0.11220,1.09609,6.50862,0.00000,0.00000,0.00000,0.00000,none
7.06250,-87.47348,-87.47348,0.00000,0.00000,0.00000,-65.08621,0.00000,0.00000,30.00000,-92.52652,-0.11220,1.09609,6.50862,0.00000,0.00000,0.00000,0.00000,none
7.06667,-87.47348,-87.47348,0.00000,0.00000,0.00000,-65.08621,0.00000,0.00000,30.00000,-92.52652,-0.11220,1.09609,6.50862,0.00000,0.00000,0.00000,0.00000,none
7.07083,-87.47348,-87.47348,0.00000,0.00000,0.00000,-65.08621,0.00000,0.00000,30.00000,-92.52652,-0.11220,1.09609,6.50862,0.00000,0.00000,0.00000,0.00000,none
7.07500,-87.47348,-87.47348,0.00000,0.00000,0.00000,-65.08621,0.00000,0.00000,30.00000,-92.52652,-0.11220,1.09609,6.50862,0.00000,0.00000,0.00000,0.00000,none
7.07917,-87.47348,-87.47348,0.00000,0.00000,0.00000,-65.08621,0.00000,0.00000,30.00000,-92.52652,-0.11220,1.09609,6.50862,0.00000,0.00000,0.00000,0.00000,none
7.08333,-87.47348,-87.47348,0.00000,0.00000,0.00000,-65.08621,0.00000,0.00000,30.00000,-92.52652,-0.11220,1.09609,6.50862,0.00000,0.00000,0.00000,0.00000,none
7.08750,-87.47348,-87.47348,0.00000,0.00000,0.00000,-65.08621,0.00000,0.00000,30.00000,-92.52652,-0.11220,1.09609,6.50862,0.00000,0.00000,0.00000,0.00000,none
7.09167,-87.47348,-87.47348,0.00000,0.00000,0.00000,-65.08621,0.00000,0.00000,30.00000,-92.52652,-0.11220,1.09609,6.50862,0.00000,0.00000,0.00000,0.00000,none
7.09583,-87.47348,-87.47348,0.00000,0.00000,0.00000,-65.08621,0.00000,0.00000,30.00000,-92.52652,-0.11220,1.09609,6.50862,0.00000,0.00000,0.00000,0.00000,none
7.10000,-87.47348,-87.47348,0.00000,0.00000,0.00000,-65.08621,0.00000,0.00000,30.00000,-92.52652,-0.11220,1.09609,6.50862,0.00000,0.00000,0.00000,0.00000,none
7.10417,-87.47348,-87.47348,0.00000,0.00000,0.00000,-65.08621,0.00000,0.00000,30.00000,-92.52652,-0.11220,1.09609,6.50862,0.00000,0.00000,0.00000,0.00000,none
7.10833,-87.47348,-87.47348,0.00000,0.00000,0.00000,-65.08621,0.00000,0.00000,30.00000,-92.52652,-0.11220,1.09609,6.50862,0.00000,0.00000,0.00000,0.00000,none
7.11250,-87.47348,-87.47348,0.00000,0.00000,0.00000,-65.08621,0.00000,0.00000,30.00000,-92.52652,-0.11220,1.09609,6.50862,0.00000,0.00000,0.00000,0.00000,none
7.11667,-87.47348,-87.47348,0.00000,0.00000,0.00000,-65.08621,0.00000,0.00000,30.00000,-92.52652,-0.11220,1.09609,6.50862,0.00000,0.00000,0.00000,0.00000,none
7.12083,-87.47348,-87.47348,0.00000,0.00000,0.00000,-65.08621,0.00000,0.00000,30.00000,-92.52652,-0.11220,1.09609,6.50862,0.00000,0.00000,0.00000,0.00000,none
7.12500,-87.47348,-87.47348,0.00000,0.00000,0.00000,-65.08621,0.00000,0.00000,30.00000,-92.52652,-0.11220,1.09609,6.50862,0.00000,0.00000,0.00000,0.00000,none
7.12917,-87.47348,-87.47348,0.00000,0.00000,0.00000,-65.08621,0.00000,0.00000,30.00000,-92.52652,-0.11220,1.09609,6.50862,0.00000,0.00000,0.00000,0.00000,none
7.13333,-87.47348,-87.47348,0.00000,0.00000,0.00000,-65.08621,0.00000,0.00000,30.00000,-92.52652,-0.11220,1.09609,6.50862,0.00000,0.00000,0.00000,0.00000,none
7.13750,-87.47348,-87.47348,0.00000,0.00000,0.00000,-65.08621,0.00000,0.00000,30.00000,-92.52652,-0.11220,1.09609,6.50862,0.00000,0.00000,0.00000,0.00000,none
7.14167,-87.47348,-87.47348,0.00000,0.00000,0.00000,-65.08621,0.00000,0.00000,30.00000,-92.52652,-0.11220,1.09609,6.50862,0.00000,0.00000,0.00000,0.00000,none
7.14583,-87.47348,-87.47348,0.00000,0.00000,0.00000,-65.08621,0.00000,0.00000,30.00000,-92.52652,-0.11220,1.09609,6.50862,0.00000,0.00000,0.00000,0.00000,none
7.15000,-87.47348,-87.47348,0.00000,0.00000,0.00000,-65.08621,0.00000,0.00000,30.00000,-92.52652,-0.11220,1.09609,6.50862,0.00000,0.00000,0.00000,0.00000,none
7.15417,-87.47348,-87.47348,0.00000,0.00000,0.00000,-65.08621,0.00000,0.00000,30.00000,-92.52652,-0.11220,1.09609,6.50862,0.00000,0.00000,0.00000,0.00000,none
7.15833,-87.47348,-87.47348,0.00000,0.00000,0.00000,-65.08621,0.00000,0.00000,30.00000,-92.52652,-0.11220,1.09609,6.50862,0.00000,0.00000,0.00000,0.00000,none
7.16250,-87.47348,-87.47348,0.00000,0.00000,0.00000,-65.08621,0.00000,0.00000,30.00000,-92.52652,-0.11220,1.09609,6.50862,0.00000,0.00000,0.00000,0.00000,none
7.16667,-87.47348,-87.47348,0.00000,0.00000,0.00000,-65.08621,0.00000,0.00000,30.00000,-92.52652,-0.11220,1.09609,6.50862,0.00000,0.00000,0.00000,0.00000,none
7.17083,-87.47348,-87.47348,0.00000,0.00000,0.00000,-65.08621,0.00000,0.00000,30.00000,-92.52652,-0.11220,1.09609,6.50862,0.00000,0.00000,0.00000,0.00000,none
7.17500,-87.47348,-87.47348,0.00000,0.00000,0.00000,-65.08621,0.00000,0.00000,30.00000,-92.52652,-0.11220,1.09609,6.50862,0.00000,0.00000,0.00000,0.00000,none
7.17917,-87.47348,-87.47348,0.00000,0.00000,0.00000,-65.08621,0.00000,0.00000,30.00000,-92.52652,-0.11220,1.09609,6.50862,0.00000,0.00000,0.00000,0.00000,none
7.18333,-87.47348,-87.47348,0.00000,0.00000,0.00000,-65.08621,0.00000,0.00000,30.00000,-92.52652,-0.11220,1.09609,6.50862,0.00000,0.00000,0.00000,0.00000,none
7.18750,-87.47348,-87.47348,0.00000,0.00000,0.00000,-65.08621,0.00000,0.00000,30.00000,-92.52652,-0.11220,1.09609,6.50862,0.00000,0.00000,0.00000,0.00000,none
7.19167,-87.47348,-87.47348,0.00000,0.00000,0.00000,-65.08621,0.00000,0.00000,30.00000,-92.52652,-0.11220,1.09609,6.50862,0.00000,0.00000,0.00000,0.00000,none
7.19583,-87.47348,-87.47348,0.00000,0.00000,0.00000,-65.08621,0.00000,0.00000,30.00000,-92.52652,-0.11220,1.09609,6.50862,0.00000,0.00000,0.00000,0.00000,none
7.20000,-87.47348,-87.47348,0.00000,0.00000,0.00000,-65.08621,0.00000,0.00000,30.00000,-92.52652,-0.11220,1.09609,6.50862,0.00000,0.00000,0.00000,0.00000,none
7.20417,-87.47348,-87.47348,0.00000,0.00000,0.00000,-65.08621,0.00000,0.00000,30.00000,-92.52652,-0.11220,1.09609,6.50862,0.00000,0.00000,0.00000,0.00000,none
7.20833,-87.47348,-87.47348,0.00000,0.00000,0.00000,-65.08621,0.00000,0.00000,30.00000,-92.52652,-0.11220,1.09609,6.50862,0.00000,0.00000,0.00000,0.00000,none
7.21250,-87.47348,-87.47348,0.00000,0.00000,0.00000,-65.08621,0.00000,0.00000,30.00000,-92.52652,-0.11220,1.09609,6.50862,0.00000,0.00000,0.00000,0.00000,none
7.21667,-87.47348,-87.47348,0.00000,0.00000,0.00000,-65.08621,0.00000,0.00000,30.00000,-92.52652,-0.11220,1.09609,6.50862,0.00000,0.00000,0.00000,0.00000,none
7.22083,-87.47348,-87.47348,0.00000,0.00000,0.00000,-65.08621,0.00000,0.00000,30.00000,-92.52652,-0.11220,1.09609,6.50862,0.00000,0.00000,0.00000,0.00000,none
7.22500,-87.47348,-87.47348,0.00000,0.00000,0.00000,-65.08621,0.00000,0.00000,30.00000,-92.52652,-0.11220,1.09609,6.50862,0.00000,0.00000,0.00000,0.00000,none
7.22917,-87.47348,-87.47348,0.00000,0.00000,0.00000,-65.08621,0.00000,0.00000,30.00000,-92.52652,-0.11220,1.09609,6.50862,0.00000,0.00000,0.00000,0.00000,none
7.23333,-87.47348,-87.47348,0.00000,0.00000,0.00000,-65.08621,0.00000,0.00000,30.00000,-92.52652,-0.11220,1.09609,6.50862,0.00000,0.00000,0.00000,0.00000,none
7.23750,-87.47348,-87.47348,0.00000,0.00000,0.00000,-65.08621,0.00000,0.00000,30.00000,-92.52652,-0.11220,1.09609,6.50862,0.00000,0.00000,0.00000,0.00000,none
7.24167,-87.47348,-87.47348,0.00000,0.00000,0.00000,-65.08621,0.00000,0.00000,30.00000,-92.52652,-0.11220,1.09609,6.50862,0.00000,0.00000,0.00000,0.00000,none
7.24583,-87.47348,-87.47348,0.00000,0.00000,0.00000,-65.08621,0.00000,0.00000,30.00000,-92.52652,-0.11220,1.09609,6.50862,0.00000,0.00000,0.00000,0.00000,none
7.25000,-87.47348,-87.47348,0.00000,0.00000,0.00000,-65.08621,0.00000,0.00000,30.00000,-92.52652,-0.11220,1.09609,6.50862,0.00000,0.00000,0.00000,0.00000,none
7.25417,-87.47348,-87.47348,0.00000,0.00000,0.00000,-65.08621,0.00000,0.00000,30.00000,-92.52652,-0.11220,1.09609,6.50862,0.00000,0.00000,0.00000,0.00000,none
7.25833,-87.47348,-87.47348,0.00000,0.00000,0.00000,-65.08621,0.00000,0.00000,30.00000,-92.52652,-0.11220,1.09609,6.50862,0.00000,0.00000,0.00000,0.00000,none
7.26250,-87.47348,-87.47348,0.00000,0.00000,0.00000,-65.08621,0.00000,0.00000,30.00000,-92.52652,-0.11220,1.09609,6.50862,0.00000,0.00000,0.00000,0.00000,none
7.26667,-87.47348,-87.47348,0.00000,0.00000,0.00000,-65.08621,0.00000,0.00000,30.00000,-92.52652,-0.11220,1.09609,6.50862,0.00000,0.00000,0.00000,0.00000,none
7.27083,-87.47348,-87.47348,0.00000,0.00000,0.00000,-65.08621,0.00000,0.00000,30.00000,-92.52652,-0.11220,1.09609,6.50862,0.00000,0.00000,0.00000,0.00000,none
7.27500,-87.47348,-87.47348,0.00000,0.00000,0.00000,-65.08621,0.00000,0.00000,30.00000,-92.52652,-0.11220,1.09609,6.50862,0.00000,0.00000,0.00000,0.00000,none
7.27917,-87.47348,-87.47348,0.00000,0.00000,0.00000,-65.08621,0.00000,0.00000,30.00000,-92.52652,-0.11220,1.09609,6.50862,0.00000,0.00000,0.00000,0.00000,none
7.28333,-87.47348,-87.47348,0.00000,0.00000,0.00000,-65.08621,0.00000,0.00000,30.00000,-92.52652,-0.11220,1.09609,6.50862,0.00000,0.00000,0.00000,0.00000,none
7.28750,-87.47348,-87.47348,0.00000,0.00000,0.00000,-65.08621,0.00000,0.00000,30.00000,-92.52652,-0.11220,1.09609,6.50862,0.00000,0.00000,0.00000,0.00000,none
7.29167,-87.47348,-87.47348,0.00000,0.00000,0.00000,-65.08621,0.00000,0.00000,30.00000,-92.52652,-0.11220,1.09609,6.50862,0.00000,0.00000,0.00000,0.00000,none
7.29583,-87.47348,-87.47348,0.00000,0.00000,0.00000,-65.08621,0.00000,0.00000,30.00000,-92.52652,-0.11220,1.09609,6.50862,0.00000,0.00000,0.00000,0.00000,none
7.30000,-87.47348,-87.47348,0.00000,0.00000,0.00000,-65.08621,0.00000,0.00000,30.00000,-92.52652,-0.11220,1.09609,6.50862,0.00000,0.00000,0.00000,0.00000,none
7.30417,-87.47348,-87.47348,0.00000,0.00000,0.00000,-65.08621,0.00000,0.00000,30.00000,-92.52652,-0.11220,1.09609,6.50862,0.00000,0.00000,0.00000,0.00000,none
7.30833,-87.47348,-87.47348,0.00000,0.00000,0.00000,-65.08621,0.00000,0.00000,30.00000,-92.52652,-0.11220,1.09609,6.50862,0.00000,0.00000,0.00000,0.00000,none
7.31250,-87.47348,-87.47348,0.00000,0.00000,0.00000,-65.08621,0.00000,0.00000,30.00000,-92.52652,-0.11220,1.09609,6.50862,0.00000,0.00000,0.00000,0.00000,none
7.31667,-87.47348,-87.47348,0.00000,0.00000,0.00000,-65.08621,0.00000,0.00000,30.00000,-92.52652,-0.11220,1.09609,6.50862,0.00000,0.00000,0.00000,0.00000,none
7.32083,-87.47348,-87.47348,0.00000,0.00000,0.00000,-65.08621,0.00000,0.00000,30.00000,-92.52652,-0.11220,1.09609,6.50862,0.00000,0.00000,0.00000,0.00000,none
7.32500,-87.47348,-87.47348,0.00000,0.00000,0.00000,-65.08621,0.00000,0.00000,30.00000,-92.52652,-0.11220,1.09609,6.50862,0.00000,0.00000,0.00000,0.00000,none
7.32917,-87.47348,-87.47348,0.00000,0.00000,0.00000,-65.08621,0.00000,0.00000,30.00000,-92.52652,-0.11220,1.09609,6.50862,0.00000,0.00000,0.00000,0.00000,none
7.33333,-87.47348,-87.47348,0.00000,0.00000,0.00000,-65.08621,0.00000,0.00000,30.00000,-92.52652,-0.11220,1.09609,6.50862,0.00000,0.00000,0.00000,0.00000,none
7.33750,-87.47348,-87.47348,0.00000,0.00000,0.00000,-65.08621,0.00000,0.00000,30.00000,-92.52652,-0.11220,1.09609,6.50862,0.00000,0.00000,0.00000,0.00000,none
7.34167,-87.47348,-87.47348,0.00000,0.00000,0.00000,-65.08621,0.00000,0.00000,30.00000,-92.52652,-0.11220,1.09609,6.50862,0.00000,0.00000,0.00000,0.00000,none
7.34583,-87.47348,-87.47348,0.00000,0.00000,0.00000,-65.08621,0.00000,0.00000,30.00000,-92.52652,-0.11220,1.09609,6.50862,0.00000,0.00000,0.00000,0.00000,none
7.35000,-87.47348,-87.47348,0.00000,0.00000,0.00000,-65.08621,0.00000,0.00000,30.00000,-92.52652,-0.11220,1.09609,6.50862,0.00000,0.00000,0.00000,0.00000,none
7.35417,-87.47348,-87.47348,0.00000,0.00000,0.00000,-65.08621,0.00000,0.00000,30.00000,-92.52652,-0.11220,1.09609,6.50862,0.00000,0.00000,0.00000,0.00000,none
7.35833,-87.47348,-87.47348,0.00000,0.00000,0.00000,-65.08621,0.00000,0.00000,30.00000,-92.52652,-0.11220,1.09609,6.50862,0.00000,0.00000,0.00000,0.00000,none
7.36250,-87.47348,-87.47348,0.00000,0.00000,0.00000,-65.08621,0.00000,0.00000,30.00000,-92.52652,-0.11220,1.09609,6.50862,0.00000,0.00000,0.00000,0.00000,none
7.36667,-87.47348,-87.47348,0.00000,0.00000,0.00000,-65.08621,0.00000,0.00000,30.00000,-92.52652,-0.11220,1.09609,6.50862,0.00000,0.00000,0.00000,0.00000,none
7.37083,-87.47348,-87.47348,0.00000,0.00000,0.00000,-65.08621,0.00000,0.00000,30.00000,-92.52652,-0.11220,1.09609,6.50862,0.00000,0.00000,0.00000,0.00000,none
7.37500,-87.47348,-87.47348,0.00000,0.00000,0.00000,-65.08621,0.00000,0.00000,30.00000,-92.52652,-0.11220,1.09609,6.50862,0.00000,0.00000,0.00000,0.00000,none
7.37917,-87.47348,-87.47348,0.00000,0.00000,0.00000,-65.08621,0.00000,0.00000,30.00000,-92.52652,-0.11220,1.09609,6.50862,0.00000,0.00000,0.00000,0.00000,none
7.38333,-87.47348,-87.47348,0.00000,0.00000,0.00000,-65.08621,0.00000,0.00000,30.00000,-92.52652,-0.11220,1.09609,6.50862,0.00000,0.00000,0.00000,0.00000,none
7.38750,-87.47348,-87.47348,0.00000,0.00000,0.00000,-65.08621,0.00000,0.00000,30.00000,-92.52652,-0.11220,1.09609,6.50862,0.00000,0.00000,0.00000,0.00000,none
7.39167,-87.47348,-87.47348,0.00000,0.00000,0.00000,-65.08621,0.00000,0.00000,30.00000,-92.52652,-0.11220,1.09609,6.50862,0.00000,0.00000,0.00000,0.00000,none
7.39583,-87.47348,-87.47348,0.00000,0.00000,0.00000,-65.08621,0.00000,0.00000,30.00000,-92.52652,-0.11220,1.09609,6.50862,0.00000,0.00000,0.00000,0.00000,none
7.40000,-87.47348,-87.47348,0.00000,0.00000,0.00000,-65.08621,0.00000,0.00000,30.00000,-92.52652,-0.11220,1.09609,6.50862,0.00000,0.00000,0.00000,0.00000,none
7.40417,-87.47348,-87.47348,0.00000,0.00000,0.00000,-65.08621,0.00000,0.00000,30.00000,-92.52652,-0.11220,1.09609,6.50862,0.00000,0.00000,0.00000,0.00000,none
7.40833,-87.47348,-87.47348,0.00000,0.00000,0.00000,-65.08621,0.00000,0.00000,30.00000,-92.52652,-0.11220,1.09609,6.50862,0.00000,0.00000,0.00000,0.00000,none
7.41250,-87.47348,-87.47348,0.00000,0.00000,0.00000,-65.08621,0.00000,0.00000,30.00000,-92.52652,-0.11220,1.09609,6.50862,0.00000,0.00000,0.00000,0.00000,none
7.41667,-87.47348,-87.47348,0.00000,0.00000,0.00000,-65.08621,0.00000,0.00000,30.00000,-92.52652,-0.11220,1.09609,6.50862,0.00000,0.00000,0.00000,0.00000,none
7.42083,-87.47348,-87.47348,0.00000,0.00000,0.00000,-65.08621,0.00000,0.00000,30.00000,-92.52652,-0.11220,1.09609,6.50862,0.00000,0.00000,0.00000,0.00000,none
7.42500,-87.47348,-87.47348,0.00000,0.00000,0.00000,-65.08621,0.00000,0.00000,30.00000,-92.52652,-0.11220,1.09609,6.50862,0.00000,0.00000,0.00000,0.00000,none
7.42917,-87.47348,-87.47348,0.00000,0.00000,0.00000,-65.08621,0.00000,0.00000,30.00000,-92.52652,-0.11220,1.09609,6.50862,0.00000,0.00000,0.00000,0.00000,none
7.43333,-87.47348,-87.47348,0.00000,0.00000,0.00000,-65.08621,0.00000,0.00000,30.00000,-92.52652,-0.11220,1.09609,6.50862,0.00000,0.00000,0.00000,0.00000,none
7.43750,-87.47348,-87.47348,0.00000,0.00000,0.00000,-65.08621,0.00000,0.00000,30.00000,-92.52652,-0.11220,1.09609,6.50862,0.00000,0.00000,0.00000,0.00000,none
7.44167,-87.47348,-87.47348,0.00000,0.00000,0.00000,-65.08621,0.00000,0.00000,30.00000,-92.52652,-0.11220,1.09609,6.50862,0.00000,0.00000,0.00000,0.00000,none
7.44583,-87.47348,-87.47348,0.00000,0.00000,0.00000,-65.08621,0.00000,0.00000,30.00000,-92.52652,-0.11220,1.09609,6.50862,0.00000,0.00000,0.00000,0.00000,none
7.45000,-87.47348,-87.47348,0.00000,0.00000,0.00000,-65.08621,0.00000,0.00000,30.00000,-92.52652,-0.11220,1.09609,6.50862,0.00000,0.00000,0.00000,0.00000,none
7.45417,-87.47348,-87.47348,0.00000,0.00000,0.00000,-65.08621,0.00000,0.00000,30.00000,-92.52652,-0.11220,1.09609,6.50862,0.00000,0.00000,0.00000,0.00000,none
7.45833,-87.47348,-87.47348,0.00000,0.00000,0.00000,-65.08621,0.00000,0.00000,30.00000,-92.52652,-0.11220,1.09609,6.50862,0.00000,0.00000,0.00000,0.00000,none
7.46250,-87.47348,-87.47348,0.00000,0.00000,0.00000,-65.08621,0.00000,0.00000,30.00000,-92.52652,-0.11220,1.09609,6.50862,0.00000,0.00000,0.00000,0.00000,none
7.46667,-87.47348,-87.47348,0.00000,0.00000,0.00000,-65.08621,0.00000,0.00000,30.00000,-92.52652,-0.11220,1.09609,6.50862,0.00000,0.00000,0.00000,0.00000,none
7.47083,-87.47348,-87.47348,0.00000,0.00000,0.00000,-65.08621,0.00000,0.00000,30.00000,-92.52652,-0.11220,1.09609,6.50862,0.00000,0.00000,0.00000,0.00000,none
7.47500,-87.47348,-87.47348,0.00000,0.00000,0.00000,-65.08621,0.00000,0.00000,30.00000,-92.52652,-0.11220,1.09609,6.50862,0.00000,0.00000,0.00000,0.00000,none
7.47917,-87.47348,-87.47348,0.00000,0.00000,0.00000,-65.08621,0.00000,0.00000,30.00000,-92.52652,-0.11220,1.09609,6.50862,0.00000,0.00000,0.00000,0.00000,none
7.48333,-87.47348,-87.47348,0.00000,0.00000,0.00000,-65.08621,0.00000,0.00000,30.00000,-92.52652,-0.11220,1.09609,6.50862,0.00000,0.00000,0.00000,0.00000,none
7.48750,-87.47348,-87.47348,0.00000,0.00000,0.00000,-65.08621,0.00000,0.00000,30.00000,-92.52652,-0.11220,1.09609,6.50862,0.00000,0.00000,0.00000,0.00000,none
7.49167,-87.47348,-87.47348,0.00000,0.00000,0.00000,-65.08621,0.00000,0.00000,30.00000,-92.52652,-0.11220,1.09609,6.50862,0.00000,0.00000,0.00000,0.00000,none
7.49583,-87.47348,-87.47348,0.00000,0.00000,0.00000,-65.08621,0.00000,0.00000,30.00000,-92.52652,-0.11220,1.09609,6.50862,0.00000,0.00000,0.00000,0.00000,none
7.50000,-87.47348,-87.47348,0.00000,0.00000,0.00000,-65.08621,0.00000,0.00000,30.00000,-92.52652,-0.11220,1.09609,6.50862,0.00000,0.00000,0.00000,0.00000,none
7.50417,-87.47348,-87.47348,0.00000,0.00000,0.00000,-65.08621,0.00000,0.00000,30.00000,-92.52652,-0.11220,1.09609,6.50862,0.00000,0.00000,0.00000,0.00000,none
7.50833,-87.47348,-87.47348,0.00000,0.00000,0.00000,-65.08621,0.00000,0.00000,30.00000,-92.52652,-0.11220,1.09609,6.50862,0.00000,0.00000,0.00000,0.00000,none
7.51250,-87.47348,-87.47348,0.00000,0.00000,0.00000,-65.08621,0.00000,0.00000,30.00000,-92.52652,-0.11220,1.09609,6.50862,0.00000,0.00000,0.00000,0.00000,none
7.51667,-87.47348,-87.47348,0.00000,0.00000,0.00000,-65.08621,0.00000,0.00000,30.00000,-92.52652,-0.11220,1.09609,6.50862,0.00000,0.00000,0.00000,0.00000,none
7.52083,-87.47348,-87.47348,0.00000,0.00000,0.00000,-65.08621,0.00000,0.00000,30.00000,-92.52652,-0.11220,1.09609,6.50862,0.00000,0.00000,0.00000,0.00000,none
7.52500,-87.47348,-87.47348,0.00000,0.00000,0.00000,-65.08621,0.00000,0.00000,30.00000,-92.52652,-0.11220,1.09609,6.50862,0.00000,0.00000,0.00000,0.00000,none
7.52917,-87.47348,-87.47348,0.00000,0.00000,0.00000,-65.08621,0.00000,0.00000,30.00000,-92.52652,-0.11220,1.09609,6.50862,0.00000,0.00000,0.00000,0.00000,none
7.53333,-87.47348,-87.47348,0.00000,0.00000,0.00000,-65.08621,0.00000,0.00000,30.00000,-92.52652,-0.11220,1.09609,6.50862,0.00000,0.00000,0.00000,0.00000,none
7.53750,-87.47348,-87.47348,0.00000,0.00000,0.00000,-65.08621,0.00000,0.00000,30.00000,-92.52652,-0.11220,1.09609,6.50862,0.00000,0.00000,0.00000,0.00000,none
7.54167,-87.47348,-87.47348,0.00000,0.00000,0.00000,-65.08621,0.00000,0.00000,30.00000,-92.52652,-0.11220,1.09609,6.50862,0.00000,0.00000,0.00000,0.00000,none
7.54583,-87.47348,-87.47348,0.00000,0.00000,0.00000,-65.08621,0.00000,0.00000,30.00000,-92.52652,-0.11220,1.09609,6.50862,0.00000,0.00000,0.00000,0.00000,none
7.55000,-87.47348,-87.47348,0.00000,0.00000,0.00000,-65.08621,0.00000,0.00000,30.00000,-92.52652,-0.11220,1.09609,6.50862,0.00000,0.00000,0.00000,0.00000,none
7.55417,-87.47348,-87.47348,0.00000,0.00000,0.00000,-65.08621,0.00000,0.00000,30.00000,-92.52652,-0.11220,1.09609,6.50862,0.00000,0.00000,0.00000,0.00000,none
7.55833,-87.47348,-87.47348,0.00000,0.00000,0.00000,-65.08621,0.00000,0.00000,30.00000,-92.52652,-0.11220,1.09609,6.50862,0.00000,0.00000,0.00000,0.00000,none
7.56250,-87.47348,-87.47348,0.00000,0.00000,0.00000,-65.08621,0.00000,0.00000,30.00000,-92.52652,-0.11220,1.09609,6.50862,0.00000,0.00000,0.00000,0.00000,none
7.56667,-87.47348,-87.47348,0.00000,0.00000,0.00000,-65.08621,0.00000,0.00000,30.00000,-92.52652,-0.11220,1.09609,6.50862,0.00000,0.00000,0.00000,0.00000,none
7.57083,-87.47348,-87.47348,0.00000,0.00000,0.00000,-65.08621,0.00000,0.00000,30.00000,-92.52652,-0.11220,1.09609,6.50862,0.00000,0.00000,0.00000,0.00000,none
7.57500,-87.47348,-87.47348,0.00000,0.00000,0.00000,-65.08621,0.00000,0.00000,30.00000,-92.52652,-0.11220,1.09609,6.50862,0.00000,0.00000,0.00000,0.00000,none
7.57917,-87.47348,-87.47348,0.00000,0.00000,0.00000,-65.08621,0.00000,0.00000,30.00000,-92.52652,-0.11220,1.09609,6.50862,0.00000,0.00000,0.00000,0.00000,none
7.58333,-87.47348,-87.47348,0.00000,0.00000,0.00000,-65.08621,0.00000,0.00000,30.00000,-92.52652,-0.11220,1.09609,6.50862,0.00000,0.00000,0.00000,0.00000,none
7.58750,-87.47348,-87.47348,0.00000,0.00000,0.00000,-65.08621,0.00000,0.00000,30.00000,-92.52652,-0.11220,1.09609,6.50862,0.00000,0.00000,0.00000,0.00000,none
7.59167,-87.47348,-87.47348,0.00000,0.00000,0.00000,-65.08621,0.00000,0.00000,30.00000,-92.52652,-0.11220,1.09609,6.50862,0.00000,0.00000,0.00000,0.00000,none
7.59583,-87.47348,-87.47348,0.00000,0.00000,0.00000,-65.08621,0.00000,0.00000,30.00000,-92.52652,-0.11220,1.09609,6.50862,0.00000,0.00000,0.00000,0.00000,none
7.60000,-87.47348,-87.47348,0.00000,0.00000,0.00000,-65.08621,0.00000,0.00000,30.00000,-92.52652,-0.11220,1.09609,6.50862,0.00000,0.00000,0.00000,0.00000,none
7.60417,-87.47348,-87.47348,0.00000,0.00000,0.00000,-65.08621,0.00000,0.00000,30.00000,-92.52652,-0.11220,1.09609,6.50862,0.00000,0.00000,0.00000,0.00000,none
7.60833,-87.47348,-87.47348,0.00000,0.00000,0.00000,-65.08621,0.00000,0.00000,30.00000,-92.52652,-0.11220,1.09609,6.50862,0.00000,0.00000,0.00000,0.00000,none
7.61250,-87.47348,-87.47348,0.00000,0.00000,0.00000,-65.08621,0.00000,0.00000,30.00000,-92.52652,-0.11220,1.09609,6.50862,0.00000,0.00000,0.00000,0.00000,none
7.61667,-87.47348,-87.47348,0.00000,0.00000,0.00000,-65.08621,0.00000,0.00000,30.00000,-92.52652,-0.11220,1.09609,6.50862,0.00000,0.00000,0.00000,0.00000,none
7.62083,-87.47348,-87.47348,0.00000,0.00000,0.00000,-65.08621,0.00000,0.00000,30.00000,-92.52652,-0.11220,1.09609,6.50862,0.00000,0.00000,0.00000,0.00000,none
7.62500,-87.47348,-87.47348,0.00000,0.00000,0.00000,-65.08621,0.00000,0.00000,30.00000,-92.52652,-0.11220,1.09609,6.50862,0.00000,0.00000,0.00000,0.00000,none
7.62917,-87.47348,-87.47348,0.00000,0.00000,0.00000,-65.08621,0.00000,0.00000,30.00000,-92.52652,-0.11220,1.09609,6.50862,0.00000,0.00000,0.00000,0.00000,none
7.63333,-87.47348,-87.47348,0.00000,0.00000,0.00000,-65.08621,0.00000,0.00000,30.00000,-92.52652,-0.11220,1.09609,6.50862,0.00000,0.00000,0.00000,0.00000,none
7.63750,-87.47348,-87.47348,0.00000,0.00000,0.00000,-65.08621,0.00000,0.00000,30.00000,-92.52652,-0.11220,1.09609,6.50862,0.00000,0.00000,0.00000,0.00000,none
7.64167,-87.47348,-87.47348,0.00000,0.00000,0.00000,-65.08621,0.00000,0.00000,30.00000,-92.52652,-0.11220,1.09609,6.50862,0.00000,0.00000,0.00000,0.00000,none
7.64583,-87.47348,-87.47348,0.00000,0.00000,0.00000,-65.08621,0.00000,0.00000,30.00000,-92.52652,-0.11220,1.09609,6.50862,0.00000,0.00000,0.00000,0.00000,none
7.65000,-87.47348,-87.47348,0.00000,0.00000,0.00000,-65.08621,0.00000,0.00000,30.00000,-92.52652,-0.11220,1.09609,6.50862,0.00000,0.00000,0.00000,0.00000,none
7.65417,-87.47348,-87.47348,0.00000,0.00000,0.00000,-65.08621,0.00000,0.00000,30.00000,-92.52652,-0.11220,1.09609,6.50862,0.00000,0.00000,0.00000,0.00000,none
7.65833,-87.47348,-87.47348,0.00000,0.00000,0.00000,-65.08621,0.00000,0.00000,30.00000,-92.52652,-0.11220,1.09609,6.50862,0.00000,0.00000,0.00000,0.00000,none
7.66250,-87.47348,-87.47348,0.00000,0.00000,0.00000,-65.08621,0.00000,0.00000,30.00000,-92.52652,-0.11220,1.09609,6.50862,0.00000,0.00000,0.00000,0.00000,none
7.66667,-87.47348,-87.47348,0.00000,0.00000,0.00000,-65.08621,0.00000,0.00000,30.00000,-92.52652,-0.11220,1.09609,6.50862,0.00000,0.00000,0.00000,0.00000,none
7.67083,-87.47348,-87.47348,0.00000,0.00000,0.00000,-65.08621,0.00000,0.00000,30.00000,-92.52652,-0.11220,1.09609,6.50862,0.00000,0.00000,0.00000,0.00000,none
7.67500,-87.47348,-87.47348,0.00000,0.00000,0.00000,-65.08621,0.00000,0.00000,30.00000,-92.52652,-0.11220,1.09609,6.50862,0.00000,0.00000,0.00000,0.00000,none
7.67917,-87.47348,-87.47348,0.00000,0.00000,0.00000,-65.08621,0.00000,0.00000,30.00000,-92.52652,-0.11220,1.09609,6.50862,0.00000,0.00000,0.00000,0.00000,none
7.68333,-87.47348,-87.47348,0.00000,0.00000,0.00000,-65.08621,0.00000,0.00000,30.00000,-92.52652,-0.11220,1.09609,6.50862,0.00000,0.00000,0.00000,0.00000,none
7.68750,-87.47348,-87.47348,0.00000,0.00000,0.00000,-65.08621,0.00000,0.00000,30.00000,-92.52652,-0.11220,1.09609,6.50862,0.00000,0.00000,0.00000,0.00000,none
7.69167,-87.47348,-87.47348,0.00000,0.00000,0.00000,-65.08621,0.00000,0.00000,30.00000,-92.52652,-0.11220,1.09609,6.50862,0.00000,0.00000,0.00000,0.00000,none
7.69583,-87.47348,-87.47348,0.00000,0.00000,0.00000,-65.08621,0.00000,0.00000,30.00000,-92.52652,-0.11220,1.09609,6.50862,0.00000,0.00000,0.00000,0.00000,none
7.70000,-87.47348,-87.47348,0.00000,0.00000,0.00000,-65.08621,0.00000,0.00000,30.00000,-92.52652,-0.11220,1.09609,6.50862,0.00000,0.00000,0.00000,0.00000,none
7.70417,-87.47348,-87.47348,0.00000,0.00000,0.00000,-65.08621,0.00000,0.00000,30.00000,-92.52652,-0.11220,1.09609,6.50862,0.00000,0.00000,0.00000,0.00000,none
7.70833,-87.47348,-87.47348,0.00000,0.00000,0.00000,-65.08621,0.00000,0.00000,30.00000,-92.52652,-0.11220,1.09609,6.50862,0.00000,0.00000,0.00000,0.00000,none
7.71250,-87.47348,-87.47348,0.00000,0.00000,0.00000,-65.08621,0.00000,0.00000,30.00000,-92.52652,-0.11220,1.09609,6.50862,0.00000,0.00000,0.00000,0.00000,none
7.71667,-87.47348,-87.47348,0.00000,0.00000,0.00000,-65.08621,0.00000,0.00000,30.00000,-92.52652,-0.11220,1.09609,6.50862,0.00000,0.00000,0.00000,0.00000,none
7.72083,-87.47348,-87.47348,0.00000,0.00000,0.00000,-65.08621,0.00000,0.00000,30.00000,-92.52652,-0.11220,1.09609,6.50862,0.00000,0.00000,0.00000,0.00000,none
7.72500,-87.47348,-87.47348,0.00000,0.00000,0.00000,-65.08621,0.00000,0.00000,30.00000,-92.52652,-0.11220,1.09609,6.50862,0.00000,0.00000,0.00000,0.00000,none
7.72917,-87.47348,-87.47348,0.00000,0.00000,0.00000,-65.08621,0.00000,0.00000,30.00000,-92.52652,-0.11220,1.09609,6.50862,0.00000,0.00000,0.00000,0.00000,none
7.73333,-87.47348,-87.47348,0.00000,0.00000,0.00000,-65.08621,0.00000,0.00000,30.00000,-92.52652,-0.11220,1.09609,6.50862,0.00000,0.00000,0.00000,0.00000,none
7.73750,-87.47348,-87.47348,0.00000,0.00000,0.00000,-65.08621,0.00000,0.00000,30.00000,-92.52652,-0.11220,1.09609,6.50862,0.00000,0.00000,0.00000,0.00000,none
7.74167,-87.47348,-87.47348,0.00000,0.00000,0.00000,-65.08621,0.00000,0.00000,30.00000,-92.52652,-0.11220,1.09609,6.50862,0.00000,0.00000,0.00000,0.00000,none
7.74583,-87.47348,-87.47348,0.00000,0.00000,0.00000,-65.08621,0.00000,0.00000,30.00000,-92.52652,-0.11220,1.09609,6.50862,0.00000,0.00000,0.00000,0.00000,none
7.75000,-87.47348,-87.47348,0.00000,0.00000,0.00000,-65.08621,0.00000,0.00000,30.00000,-92.52652,-0.11220,1.09609,6.50862,0.00000,0.00000,0.00000,0.00000,none
7.75417,-87.47348,-87.47348,0.00000,0.00000,0.00000,-65.08621,0.00000,0.00000,30.00000,-92.52652,-0.11220,1.09609,6.50862,0.00000,0.00000,0.00000,0.00000,none
7.75833,-87.47348,-87.47348,0.00000,0.00000,0.00000,-65.08621,0.00000,0.00000,30.00000,-92.52652,-0.11220,1.09609,6.50862,0.00000,0.00000,0.00000,0.00000,none
7.76250,-87.47348,-87.47348,0.00000,0.00000,0.00000,-65.08621,0.00000,0.00000,30.00000,-92.52652,-0.11220,1.09609,6.50862,0.00000,0.00000,0.00000,0.00000,none
7.76667,-87.47348,-87.47348,0.00000,0.00000,0.00000,-65.08621,0.00000,0.00000,30.00000,-92.52652,-0.11220,1.09609,6.50862,0.00000,0.00000,0.00000,0.00000,none
7.77083,-87.47348,-87.47348,0.00000,0.00000,0.00000,-65.08621,0.00000,0.00000,30.00000,-92.52652,-0.11220,1.09609,6.50862,0.00000,0.00000,0.00000,0.00000,none
7.77500,-87.47348,-87.47348,0.00000,0.00000,0.00000,-65.08621,0.00000,0.00000,30.00000,-92.52652,-0.11220,1.09609,6.50862,0.00000,0.00000,0.00000,0.00000,none
7.77917,-87.47348,-87.47348,0.00000,0.00000,0.00000,-65.08621,0.00000,0.00000,30.00000,-92.52652,-0.11220,1.09609,6.50862,0.00000,0.00000,0.00000,0.00000,none
7.78333,-87.47348,-87.47348,0.00000,0.00000,0.00000,-65.08621,0.00000,0.00000,30.00000,-92.52652,-0.11220,1.09609,6.50862,0.00000,0.00000,0.00000,0.00000,none
7.78750,-87.47348,-87.47348,0.00000,0.00000,0.00000,-65.08621,0.00000,0.00000,30.00000,-92.52652,-0.11220,1.09609,6.50862,0.00000,0.00000,0.00000,0.00000,none
7.79167,-87.47348,-87.47348,0.00000,0.00000,0.00000,-65.08621,0.00000,0.00000,30.00000,-92.52652,-0.11220,1.09609,6.50862,0.00000,0.00000,0.00000,0.00000,none
7.79583,-87.47348,-87.47348,0.00000,0.00000,0.00000,-65.08621,0.00000,0.00000,30.00000,-92.52652,-0.11220,1.09609,6.50862,0.00000,0.00000,0.00000,0.00000,none
7.80000,-87.47348,-87.47348,0.00000,0.00000,0.00000,-65.08621,0.00000,0.00000,30.00000,-92.52652,-0.11220,1.09609,6.50862,0.00000,0.00000,0.00000,0.00000,none
7.80417,-87.47348,-87.47348,0.00000,0.00000,0.00000,-65.08621,0.00000,0.00000,30.00000,-92.52652,-0.11220,1.09609,6.50862,0.00000,0.00000,0.00000,0.00000,none
7.80833,-87.47348,-87.47348,0.00000,0.00000,0.00000,-65.08621,0.00000,0.00000,30.00000,-92.52652,-0.11220,1.09609,6.50862,0.00000,0.00000,0.00000,0.00000,none
7.81250,-87.47348,-87.47348,0.00000,0.00000,0.00000,-65.08621,0.00000,0.00000,30.00000,-92.52652,-0.11220,1.09609,6.50862,0.00000,0.00000,0.00000,0.00000,none
7.81667,-87.47348,-87.47348,0.00000,0.00000,0.00000,-65.08621,0.00000,0.00000,30.00000,-92.52652,-0.11220,1.09609,6.50862,0.00000,0.00000,0.00000,0.00000,none
7.82083,-87.47348,-87.47348,0.00000,0.00000,0.00000,-65.08621,0.00000,0.00000,30.00000,-92.52652,-0.11220,1.09609,6.50862,0.00000,0.00000,0.00000,0.00000,none
7.82500,-87.47348,-87.47348,0.00000,0.00000,0.00000,-65.08621,0.00000,0.00000,30.00000,-92.52652,-0.11220,1.09609,6.50862,0.00000,0.00000,0.00000,0.00000,none
7.82917,-87.47348,-87.47348,0.00000,0.00000,0.00000,-65.08621,0.00000,0.00000,30.00000,-92.52652,-0.11220,1.09609,6.50862,0.00000,0.00000,0.00000,0.00000,none
7.83333,-87.47348,-87.47348,0.00000,0.00000,0.00000,-65.08621,0.00000,0.00000,30.00000,-92.52652,-0.11220,1.09609,6.50862,0.00000,0.00000,0.00000,0.00000,none
7.83750,-87.47348,-87.47348,0.00000,0.00000,0.00000,-65.08621,0.00000,0.00000,30.00000,-92.52652,-0.11220,1.09609,6.50862,0.00000,0.00000,0.00000,0.00000,none
7.84167,-87.47348,-87.47348,0.00000,0.00000,0.00000,-65.08621,0.00000,0.00000,30.00000,-92.52652,-0.11220,1.09609,6.50862,0.00000,0.00000,0.00000,0.00000,none
7.84583,-87.47348,-87.47348,0.00000,0.00000,0.00000,-65.08621,0.00000,0.00000,30.00000,-92.52652,-0.11220,1.09609,6.50862,0.00000,0.00000,0.00000,0.00000,none
7.85000,-87.47348,-87.47348,0.00000,0.00000,0.00000,-65.08621,0.00000,0.00000,30.00000,-92.52652,-0.11220,1.09609,6.50862,0.00000,0.00000,0.00000,0.00000,none
7.85417,-87.47348,-87.47348,0.00000,0.00000,0.00000,-65.08621,0.00000,0.00000,30.00000,-92.52652,-0.11220,1.09609,6.50862,0.00000,0.00000,0.00000,0.00000,none
7.85833,-87.47348,-87.47348,0.00000,0.00000,0.00000,-65.08621,0.00000,0.00000,30.00000,-92.52652,-0.11220,1.09609,6.50862,0.00000,0.00000,0.00000,0.00000,none
7.86250,-87.47348,-87.47348,0.00000,0.00000,0.00000,-65.08621,0.00000,0.00000,30.00000,-92.52652,-0.11220,1.09609,6.50862,0.00000,0.00000,0.00000,0.00000,none
7.86667,-87.47348,-87.47348,0.00000,0.00000,0.00000,-65.08621,0.00000,0.00000,30.00000,-92.52652,-0.11220,1.09609,6.50862,0.00000,0.00000,0.00000,0.00000,none
7.87083,-87.47348,-87.47348,0.00000,0.00000,0.00000,-65.08621,0.00000,0.00000,30.00000,-92.52652,-0.11220,1.09609,6.50862,0.00000,0.00000,0.00000,0.00000,none
7.87500,-87.47348,-87.47348,0.00000,0.00000,0.00000,-65.08621,0.00000,0.00000,30.00000,-92.52652,-0.11220,1.09609,6.50862,0.00000,0.00000,0.00000,0.00000,none
7.87917,-87.47348,-87.47348,0.00000,0.00000,0.00000,-65.08621,0.00000,0.00000,30.00000,-92.52652,-0.11220,1.09609,6.50862,0.00000,0.00000,0.00000,0.00000,none
7.88333,-87.47348,-87.47348,0.00000,0.00000,0.00000,-65.08621,0.00000,0.00000,30.00000,-92.52652,-0.11220,1.09609,6.50862,0.00000,0.00000,0.00000,0.00000,none
7.88750,-87.47348,-87.47348,0.00000,0.00000,0.00000,-65.08621,0.00000,0.00000,30.00000,-92.52652,-0.11220,1.09609,6.50862,0.00000,0.00000,0.00000,0.00000,none
7.89167,-87.47348,-87.47348,0.00000,0.00000,0.00000,-65.08621,0.00000,0.00000,30.00000,-92.52652,-0.11220,1.09609,6.50862,0.00000,0.00000,0.00000,0.00000,none
7.89583,-87.47348,-87.47348,0.00000,0.00000,0.00000,-65.08621,0.00000,0.00000,30.00000,-92.52652,-0.11220,1.09609,6.50862,0.00000,0.00000,0.00000,0.00000,none
7.90000,-87.47348,-87.47348,0.00000,0.00000,0.00000,-65.08621,0.00000,0.00000,30.00000,-92.52652,-0.11220,1.09609,6.50862,0.00000,0.00000,0.00000,0.00000,none
7.90417,-87.47348,-87.47348,0.00000,0.00000,0.00000,-65.08621,0.00000,0.00000,30.00000,-92.52652,-0.11220,1.09609,6.50862,0.00000,0.00000,0.00000,0.00000,none
7.90833,-87.47348,-87.47348,0.00000,0.00000,0.00000,-65.08621,0.00000,0.00000,30.00000,-92.52652,-0.11220,1.09609,6.50862,0.00000,0.00000,0.00000,0.00000,none
7.91250,-87.47348,-87.47348,0.00000,0.00000,0.00000,-65.08621,0.00000,0.00000,30.00000,-92.52652,-0.11220,1.09609,6.50862,0.00000,0.00000,0.00000,0.00000,none
7.91667,-87.47348,-87.47348,0.00000,0.00000,0.00000,-65.08621,0.00000,0.00000,30.00000,-92.52652,-0.11220,1.09609,6.50862,0.00000,0.00000,0.00000,0.00000,none
7.92083,-87.47348,-87.47348,0.00000,0.00000,0.00000,-65.08621,0.00000,0.00000,30.00000,-92.52652,-0.11220,1.09609,6.50862,0.00000,0.00000,0.00000,0.00000,none
7.92500,-87.47348,-87.47348,0.00000,0.00000,0.00000,-65.08621,0.00000,0.00000,30.00000,-92.52652,-0.11220,1.09609,6.50862,0.00000,0.00000,0.00000,0.00000,none
7.92917,-87.47348,-87.47348,0.00000,0.00000,0.00000,-65.08621,0.00000,0.00000,30.00000,-92.52652,-0.11220,1.09609,6.50862,0.00000,0.00000,0.00000,0.00000,none
7.93333,-87.47348,-87.47348,0.00000,0.00000,0.00000,-65.08621,0.00000,0.00000,30.00000,-92.52652,-0.11220,1.09609,6.50862,0.00000,0.00000,0.00000,0.00000,none
7.93750,-87.47348,-87.47348,0.00000,0.00000,0.00000,-65.08621,0.00000,0.00000,30.00000,-92.52652,-0.11220,1.09609,6.50862,0.00000,0.00000,0.00000,0.00000,none
7.94167,-87.47348,-87.47348,0.00000,0.00000,0.00000,-65.08621,0.00000,0.00000,30.00000,-92.52652,-0.11220,1.09609,6.50862,0.00000,0.00000,0.00000,0.00000,none
7.94583,-87.47348,-87.47348,0.00000,0.00000,0.00000,-65.08621,0.00000,0.00000,30.00000,-92.52652,-0.11220,1.09609,6.50862,0.00000,0.00000,0.00000,0.00000,none
7.95000,-87.47348,-87.47348,0.00000,0.00000,0.00000,-65.08621,0.00000,0.00000,30.00000,-92.52652,-0.11220,1.09609,6.50862,0.00000,0.00000,0.00000,0.00000,none
7.95417,-87.47348,-87.47348,0.00000,0.00000,0.00000,-65.08621,0.00000,0.00000,30.00000,-92.52652,-0.11220,1.09609,6.50862,0.00000,0.00000,0.00000,0.00000,none
7.95833,-87.47348,-87.47348,0.00000,0.00000,0.00000,-65.08621,0.00000,0.00000,30.00000,-92.52652,-0.11220,1.09609,6.50862,0.00000,0.00000,0.00000,0.00000,none
7.96250,-87.47348,-87.47348,0.00000,0.00000,0.00000,-65.08621,0.00000,0.00000,30.00000,-92.52652,-0.11220,1.09609,6.50862,0.00000,0.00000,0.00000,0.00000,none
7.96667,-87.47348,-87.47348,0.00000,0.00000,0.00000,-65.08621,0.00000,0.00000,30.00000,-92.52652,-0.11220,1.09609,6.50862,0.00000,0.00000,0.00000,0.00000,none
7.97083,-87.47348,-87.47348,0.00000,0.00000,0.00000,-65.08621,0.00000,0.00000,30.00000,-92.52652,-0.11220,1.09609,6.50862,0.00000,0.00000,0.00000,0.00000,none
7.97500,-87.47348,-87.47348,0.00000,0.00000,0.00000,-65.08621,0.00000,0.00000,30.00000,-92.52652,-0.11220,1.09609,6.50862,0.00000,0.00000,0.00000,0.00000,none
7.97917,-87.47348,-87.47348,0.00000,0.00000,0.00000,-65.08621,0.00000,0.00000,30.00000,-92.52652,-0.11220,1.09609,6.50862,0.00000,0.00000,0.00000,0.00000,none
7.98333,-87.47348,-87.47348,0.00000,0.00000,0.00000,-65.08621,0.00000,0.00000,30.00000,-92.52652,-0.11220,1.09609,6.50862,0.00000,0.00000,0.00000,0.00000,none
7.98750,-87.47348,-87.47348,0.00000,0.00000,0.00000,-65.08621,0.00000,0.00000,30.00000,-92.52652,-0.11220,1.09609,6.50862,0.00000,0.00000,0.00000,0.00000,none
7.99167,-87.47348,-87.47348,0.00000,0.00000,0.00000,-65.08621,0.00000,0.00000,30.00000,-92.52652,-0.11220,1.09609,6.50862,0.00000,0.00000,0.00000,0.00000,none
7.99583,-87.47348,-87.47348,0.00000,0.00000,0.00000,-65.08621,0.00000,0.00000,30.00000,-92.52652,-0.11220,1.09609,6.50862,0.00000,0.00000,0.00000,0.00000,none
8.00000,-87.47348,-87.47348,0.00000,0.00000,0.00000,-65.08621,0.00000,0.00000,30.00000,-92.52652,-0.11220,1.09609,6.50862,0.00000,0.00000,0.00000,0.00000,none
8.00417,-87.47348,-87.47348,0.00000,0.00000,0.00000,-65.08621,0.00000,0.00000,30.00000,-92.52652,-0.11220,1.09609,6.50862,0.00000,0.00000,0.00000,0.00000,none
8.00833,-87.47348,-87.47348,0.00000,0.00000,0.00000,-65.08621,0.00000,0.00000,30.00000,-92.52652,-0.11220,1.09609,6.50862,0.00000,0.00000,0.00000,0.00000,none
8.01250,-87.47348,-87.47348,0.00000,0.00000,0.00000,-65.08621,0.00000,0.00000,30.00000,-92.52652,-0.11220,1.09609,6.50862,0.00000,0.00000,0.00000,0.00000,none
8.01667,-87.47348,-87.47348,0.00000,0.00000,0.00000,-65.08621,0.00000,0.00000,30.00000,-92.52652,-0.11220,1.09609,6.50862,0.00000,0.00000,0.00000,0.00000,none
8.02083,-87.47348,-87.47348,0.00000,0.00000,0.00000,-65.08621,0.00000,0.00000,30.00000,-92.52652,-0.11220,1.09609,6.50862,0.00000,0.00000,0.00000,0.00000,none
8.02500,-87.47348,-87.47348,0.00000,0.00000,0.00000,-65.08621,0.00000,0.00000,30.00000,-92.52652,-0.11220,1.09609,6.50862,0.00000,0.00000,0.00000,0.00000,none
8.02917,-87.47348,-87.47348,0.00000,0.00000,0.00000,-65.08621,0.00000,0.00000,30.00000,-92.52652,-0.11220,1.09609,6.50862,0.00000,0.00000,0.00000,0.00000,none
8.03333,-87.47348,-87.47348,0.00000,0.00000,0.00000,-65.08621,0.00000,0.00000,30.00000,-92.52652,-0.11220,1.09609,6.50862,0.00000,0.00000,0.00000,0.00000,none
8.03750,-87.47348,-87.47348,0.00000,0.00000,0.00000,-65.08621,0.00000,0.00000,30.00000,-92.52652,-0.11220,1.09609,6.50862,0.00000,0.00000,0.00000,0.00000,none
8.04167,-87.47348,-87.47348,0.00000,0.00000,0.00000,-65.08621,0.00000,0.00000,30.00000,-92.52652,-0.11220,1.09609,6.50862,0.00000,0.00000,0.00000,0.00000,none
8.04583,-87.47348,-87.47348,0.00000,0.00000,0.00000,-65.08621,0.00000,0.00000,30.00000,-92.52652,-0.11220,1.09609,6.50862,0.00000,0.00000,0.00000,0.00000,none
8.05000,-87.47348,-87.47348,0.00000,0.00000,0.00000,-65.08621,0.00000,0.00000,30.00000,-92.52652,-0.11220,1.09609,6.50862,0.00000,0.00000,0.00000,0.00000,none
8.05417,-87.47348,-87.47348,0.00000,0.00000,0.00000,-65.08621,0.00000,0.00000,30.00000,-92.52652,-0.11220,1.09609,6.50862,0.00000,0.00000,0.00000,0.00000,none
8.05833,-87.47348,-87.47348,0.00000,0.00000,0.00000,-65.08621,0.00000,0.00000,30.00000,-92.52652,-0.11220,1.09609,6.50862,0.00000,0.00000,0.00000,0.00000,none
8.06250,-87.47348,-87.47348,0.00000,0.00000,0.00000,-65.08621,0.00000,0.00000,30.00000,-92.52652,-0.11220,1.09609,6.50862,0.00000,0.00000,0.00000,0.00000,none
8.06667,-87.47348,-87.47348,0.00000,0.00000,0.00000,-65.08621,0.00000,0.00000,30.00000,-92.52652,-0.11220,1.09609,6.50862,0.00000,0.00000,0.00000,0.00000,none
8.07083,-87.47348,-87.47348,0.00000,0.00000,0.00000,-65.08621,0.00000,0.00000,30.00000,-92.52652,-0.11220,1.09609,6.50862,0.00000,0.00000,0.00000,0.00000,none
8.07500,-87.47348,-87.47348,0.00000,0.00000,0.00000,-65.08621,0.00000,0.00000,30.00000,-92.52652,-0.11220,1.09609,6.50862,0.00000,0.00000,0.00000,0.00000,none
8.07917,-87.47348,-87.47348,0.00000,0.00000,0.00000,-65.08621,0.00000,0.00000,30.00000,-92.52652,-0.11220,1.09609,6.50862,0.00000,0.00000,0.00000,0.00000,none
8.08333,-87.47348,-87.47348,0.00000,0.00000,0.00000,-65.08621,0.00000,0.00000,30.00000,-92.52652,-0.11220,1.09609,6.50862,0.00000,0.00000,0.00000,0.00000,none
8.08750,-87.47348,-87.47348,0.00000,0.00000,0.00000,-65.08621,0.00000,0.00000,30.00000,-92.52652,-0.11220,1.09609,6.50862,0.00000,0.00000,0.00000,0.00000,none
8.09167,-87.47348,-87.47348,0.00000,0.00000,0.00000,-65.08621,0.00000,0.00000,30.00000,-92.52652,-0.11220,1.09609,6.50862,0.00000,0.00000,0.00000,0.00000,none
8.09583,-87.47348,-87.47348,0.00000,0.00000,0.00000,-65.08621,0.00000,0.00000,30.00000,-92.52652,-0.11220,1.09609,6.50862,0.00000,0.00000,0.00000,0.00000,none
8.10000,-87.47348,-87.47348,0.00000,0.00000,0.00000,-65.08621,0.00000,0.00000,30.00000,-92.52652,-0.11220,1.09609,6.50862,0.00000,0.00000,0.00000,0.00000,none
8.10417,-87.47348,-87.47348,0.00000,0.00000,0.00000,-65.08621,0.00000,0.00000,30.00000,-92.52652,-0.11220,1.09609,6.50862,0.00000,0.00000,0.00000,0.00000,none
8.10833,-87.47348,-87.47348,0.00000,0.00000,0.00000,-65.08621,0.00000,0.00000,30.00000,-92.52652,-0.11220,1.09609,6.50862,0.00000,0.00000,0.00000,0.00000,none
8.11250,-87.47348,-87.47348,0.00000,0.00000,0.00000,-65.08621,0.00000,0.00000,30.00000,-92.52652,-0.11220,1.09609,6.50862,0.00000,0.00000,0.00000,0.00000,none
8.11667,-87.47348,-87.47348,0.00000,0.00000,0.00000,-65.08621,0.00000,0.00000,30.00000,-92.52652,-0.11220,1.09609,6.50862,0.00000,0.00000,0.00000,0.00000,none
8.12083,-87.47348,-87.47348,0.00000,0.00000,0.00000,-65.08621,0.00000,0.00000,30.00000,-92.52652,-0.11220,1.09609,6.50862,0.00000,0.00000,0.00000,0.00000,none
8.12500,-87.47348,-87.47348,0.00000,0.00000,0.00000,-65.08621,0.00000,0.00000,30.00000,-92.52652,-0.11220,1.09609,6.50862,0.00000,0.00000,0.00000,0.00000,none
8.12917,-87.47348,-87.47348,0.00000,0.00000,0.00000,-65.08621,0.00000,0.00000,30.00000,-92.52652,-0.11220,1.09609,6.50862,0.00000,0.00000,0.00000,0.00000,none
8.13333,-87.47348,-87.47348,0.00000,0.00000,0.00000,-65.08621,0.00000,0.00000,30.00000,-92.52652,-0.11220,1.09609,6.50862,0.00000,0.00000,0.00000,0.00000,none
8.13750,-87.47348,-87.47348,0.00000,0.00000,0.00000,-65.08621,0.00000,0.00000,30.00000,-92.52652,-0.11220,1.09609,6.50862,0.00000,0.00000,0.00000,0.00000,none
8.14167,-87.47348,-87.47348,0.00000,0.00000,0.00000,-65.08621,0.00000,0.00000,30.00000,-92.52652,-0.11220,1.09609,6.50862,0.00000,0.00000,0.00000,0.00000,none
8.14583,-87.47348,-87.47348,0.00000,0.00000,0.00000,-65.08621,0.00000,0.00000,30.00000,-92.52652,-0.11220,1.09609,6.50862,0.00000,0.00000,0.00000,0.00000,none
8.15000,-87.47348,-87.47348,0.00000,0.00000,0.00000,-65.08621,0.00000,0.00000,30.00000,-92.52652,-0.11220,1.09609,6.50862,0.00000,0.00000,0.00000,0.00000,none
8.15417,-87.47348,-87.47348,0.00000,0.00000,0.00000,-65.08621,0.00000,0.00000,30.00000,-92.52652,-0.11220,1.09609,6.50862,0.00000,0.00000,0.00000,0.00000,none
8.15833,-87.47348,-87.47348,0.00000,0.00000,0.00000,-65.08621,0.00000,0.00000,30.00000,-92.52652,-0.11220,1.09609,6.50862,0.00000,0.00000,0.00000,0.00000,none
8.16250,-87.47348,-87.47348,0.00000,0.00000,0.00000,-65.08621,0.00000,0.00000,30.00000,-92.52652,-0.11220,1.09609,6.50862,0.00000,0.00000,0.00000,0.00000,none
8.16667,-87.47348,-87.47348,0.00000,0.00000,0.00000,-65.08621,0.00000,0.00000,30.00000,-92.52652,-0.11220,1.09609,6.50862,0.00000,0.00000,0.00000,0.00000,none
8.17083,-87.47348,-87.47348,0.00000,0.00000,0.00000,-65.08621,0.00000,0.00000,30.00000,-92.52652,-0.11220,1.09609,6.50862,0.00000,0.00000,0.00000,0.00000,none
8.17500,-87.47348,-87.47348,0.00000,0.00000,0.00000,-65.08621,0.00000,0.00000,30.00000,-92.52652,-0.11220,1.09609,6.50862,0.00000,0.00000,0.00000,0.00000,none
8.17917,-87.47348,-87.47348,0.00000,0.00000,0.00000,-65.08621,0.00000,0.00000,30.00000,-92.52652,-0.11220,1.09609,6.50862,0.00000,0.00000,0.00000,0.00000,none
8.18333,-87.47348,-87.47348,0.00000,0.00000,0.00000,-65.08621,0.00000,0.00000,30.00000,-92.52652,-0.11220,1.09609,6.50862,0.00000,0.00000,0.00000,0.00000,none
8.18750,-87.47348,-87.47348,0.00000,0.00000,0.00000,-65.08621,0.00000,0.00000,30.00000,-92.52652,-0.11220,1.09609,6.50862,0.00000,0.00000,0.00000,0.00000,none
8.19167,-87.47348,-87.47348,0.00000,0.00000,0.00000,-65.08621,0.00000,0.00000,30.00000,-92.52652,-0.11220,1.09609,6.50862,0.00000,0.00000,0.00000,0.00000,none
8.19583,-87.47348,-87.47348,0.00000,0.00000,0.00000,-65.08621,0.00000,0.00000,30.00000,-92.52652,-0.11220,1.09609,6.50862,0.00000,0.00000,0.00000,0.00000,none
8.20000,-87.47348,-87.47348,0.00000,0.00000,0.00000,-65.08621,0.00000,0.00000,30.00000,-92.52652,-0.11220,1.09609,6.50862,0.00000,0.00000,0.00000,0.00000,none
8.20417,-87.47348,-87.47348,0.00000,0.00000,0.00000,-65.08621,0.00000,0.00000,30.00000,-92.52652,-0.11220,1.09609,6.50862,0.00000,0.00000,0.00000,0.00000,none
8.20833,-87.47348,-87.47348,0.00000,0.00000,0.00000,-65.08621,0.00000,0.00000,30.00000,-92.52652,-0.11220,1.09609,6.50862,0.00000,0.00000,0.00000,0.00000,none
8.21250,-87.47348,-87.47348,0.00000,0.00000,0.00000,-65.08621,0.00000,0.00000,30.00000,-92.52652,-0.11220,1.09609,6.50862,0.00000,0.00000,0.00000,0.00000,none
8.21667,-87.47348,-87.47348,0.00000,0.00000,0.00000,-65.08621,0.00000,0.00000,30.00000,-92.52652,-0.11220,1.09609,6.50862,0.00000,0.00000,0.00000,0.00000,none
8.22083,-87.47348,-87.47348,0.00000,0.00000,0.00000,-65.08621,0.00000,0.00000,30.00000,-92.52652,-0.11220,1.09609,6.50862,0.00000,0.00000,0.00000,0.00000,none
8.22500,-87.47348,-87.47348,0.00000,0.00000,0.00000,-65.08621,0.00000,0.00000,30.00000,-92.52652,-0.11220,1.09609,6.50862,0.00000,0.00000,0.00000,0.00000,none
8.22917,-87.47348,-87.47348,0.00000,0.00000,0.00000,-65.08621,0.00000,0.00000,30.00000,-92.52652,-0.11220,1.09609,6.50862,0.00000,0.00000,0.00000,0.00000,none
8.23333,-87.47348,-87.47348,0.00000,0.00000,0.00000,-65.08621,0.00000,0.00000,30.00000,-92.52652,-0.11220,1.09609,6.50862,0.00000,0.00000,0.00000,0.00000,none
8.23750,-87.47348,-87.47348,0.00000,0.00000,0.00000,-65.08621,0.00000,0.00000,30.00000,-92.52652,-0.11220,1.09609,6.50862,0.00000,0.00000,0.00000,0.00000,none
8.24167,-87.47348,-87.47348,0.00000,0.00000,0.00000,-65.08621,0.00000,0.00000,30.00000,-92.52652,-0.11220,1.09609,6.50862,0.00000,0.00000,0.00000,0.00000,none
8.24583,-87.47348,-87.47348,0.00000,0.00000,0.00000,-65.08621,0.00000,0.00000,30.00000,-92.52652,-0.11220,1.09609,6.50862,0.00000,0.00000,0.00000,0.00000,none
8.25000,-87.47348,-87.47348,0.00000,0.00000,0.00000,-65.08621,0.00000,0.00000,30.00000,-92.52652,-0.11220,1.09609,6.50862,0.00000,0.00000,0.00000,0.00000,none
8.25417,-87.47348,-87.47348,0.00000,0.00000,0.00000,-65.08621,0.00000,0.00000,30.00000,-92.52652,-0.11220,1.09609,6.50862,0.00000,0.00000,0.00000,0.00000,none
8.25833,-87.47348,-87.47348,0.00000,0.00000,0.00000,-65.08621,0.00000,0.00000,30.00000,-92.52652,-0.11220,1.09609,6.50862,0.00000,0.00000,0.00000,0.00000,none
8.26250,-87.47348,-87.47348,0.00000,0.00000,0.00000,-65.08621,0.00000,0.00000,30.00000,-92.52652,-0.11220,1.09609,6.50862,0.00000,0.00000,0.00000,0.00000,none
8.26667,-87.47348,-87.47348,0.00000,0.00000,0.00000,-65.08621,0.00000,0.00000,30.00000,-92.52652,-0.11220,1.09609,6.50862,0.00000,0.00000,0.00000,0.00000,none
8.27083,-87.47348,-87.47348,0.00000,0.00000,0.00000,-65.08621,0.00000,0.00000,30.00000,-92.52652,-0.11220,1.09609,6.50862,0.00000,0.00000,0.00000,0.00000,none
8.27500,-87.47348,-87.47348,0.00000,0.00000,0.00000,-65.08621,0.00000,0.00000,30.00000,-92.52652,-0.11220,1.09609,6.50862,0.00000,0.00000,0.00000,0.00000,none
8.27917,-87.47348,-87.47348,0.00000,0.00000,0.00000,-65.08621,0.00000,0.00000,30.00000,-92.52652,-0.11220,1.09609,6.50862,0.00000,0.00000,0.00000,0.00000,none
8.28333,-87.47348,-87.47348,0.00000,0.00000,0.00000,-65.08621,0.00000,0.00000,30.00000,-92.52652,-0.11220,1.09609,6.50862,0.00000,0.00000,0.00000,0.00000,none
8.28750,-87.47348,-87.47348,0.00000,0.00000,0.00000,-65.08621,0.00000,0.00000,30.00000,-92.52652,-0.11220,1.09609,6.50862,0.00000,0.00000,0.00000,0.00000,none
8.29167,-87.47348,-87.47348,0.00000,0.00000,0.00000,-65.08621,0.00000,0.00000,30.00000,-92.52652,-0.11220,1.09609,6.50862,0.00000,0.00000,0.00000,0.00000,none
8.29583,-87.47348,-87.47348,0.00000,0.00000,0.00000,-65.08621,0.00000,0.00000,30.00000,-92.52652,-0.11220,1.09609,6.50862,0.00000,0.00000,0.00000,0.00000,none
8.30000,-87.47348,-87.47348,0.00000,0.00000,0.00000,-65.08621,0.00000,0.00000,30.00000,-92.52652,-0.11220,1.09609,6.50862,0.00000,0.00000,0.00000,0.00000,none
8.30417,-87.47348,-87.47348,0.00000,0.00000,0.00000,-65.08621,0.00000,0.00000,30.00000,-92.52652,-0.11220,1.09609,6.50862,0.00000,0.00000,0.00000,0.00000,none
8.30833,-87.47348,-87.47348,0.00000,0.00000,0.00000,-65.08621,0.00000,0.00000,30.00000,-92.52652,-0.11220,1.09609,6.50862,0.00000,0.00000,0.00000,0.00000,none
8.31250,-87.47348,-87.47348,0.00000,0.00000,0.00000,-65.08621,0.00000,0.00000,30.00000,-92.52652,-0.11220,1.09609,6.50862,0.00000,0.00000,0.00000,0.00000,none
8.31667,-87.47348,-87.47348,0.00000,0.00000,0.00000,-65.08621,0.00000,0.00000,30.00000,-92.52652,-0.11220,1.09609,6.50862,0.00000,0.00000,0.00000,0.00000,none
8.32083,-87.47348,-87.47348,0.00000,0.00000,0.00000,-65.08621,0.00000,0.00000,30.00000,-92.52652,-0.11220,1.09609,6.50862,0.00000,0.00000,0.00000,0.00000,none
8.32500,-87.47348,-87.47348,0.00000,0.00000,0.00000,-65.08621,0.00000,0.00000,30.00000,-92.52652,-0.11220,1.09609,6.50862,0.00000,0.00000,0.00000,0.00000,none
8.32917,-87.47348,-87.47348,0.00000,0.00000,0.00000,-65.08621,0.00000,0.00000,30.00000,-92.52652,-0.11220,1.09609,6.50862,0.00000,0.00000,0.00000,0.00000,none
8.33333,-87.47348,-87.47348,0.00000,0.00000,0.00000,-65.08621,0.00000,0.00000,30.00000,-92.52652,-0.11220,1.09609,6.50862,0.00000,0.00000,0.00000,0.00000,none
8.33750,-87.47348,-87.47348,0.00000,0.00000,0.00000,-65.08621,0.00000,0.00000,30.00000,-92.52652,-0.11220,1.09609,6.50862,0.00000,0.00000,0.00000,0.00000,none
8.34167,-87.47348,-87.47348,0.00000,0.00000,0.00000,-65.08621,0.00000,0.00000,30.00000,-92.52652,-0.11220,1.09609,6.50862,0.00000,0.00000,0.00000,0.00000,none
8.34583,-87.47348,-87.47348,0.00000,0.00000,0.00000,-65.08621,0.00000,0.00000,30.00000,-92.52652,-0.11220,1.09609,6.50862,0.00000,0.00000,0.00000,0.00000,none
8.35000,-87.47348,-87.47348,0.00000,0.00000,0.00000,-65.08621,0.00000,0.00000,30.00000,-92.52652,-0.11220,1.09609,6.50862,0.00000,0.00000,0.00000,0.00000,none
8.35417,-87.47348,-87.47348,0.00000,0.00000,0.00000,-65.08621,0.00000,0.00000,30.00000,-92.52652,-0.11220,1.09609,6.50862,0.00000,0.00000,0.00000,0.00000,none
8.35833,-87.47348,-87.47348,0.00000,0.00000,0.00000,-65.08621,0.00000,0.00000,30.00000,-92.52652,-0.11220,1.09609,6.50862,0.00000,0.00000,0.00000,0.00000,none
8.36250,-87.47348,-87.47348,0.00000,0.00000,0.00000,-65.08621,0.00000,0.00000,30.00000,-92.52652,-0.11220,1.09609,6.50862,0.00000,0.00000,0.00000,0.00000,none
8.36667,-87.47348,-87.47348,0.00000,0.00000,0.00000,-65.08621,0.00000,0.00000,30.00000,-92.52652,-0.11220,1.09609,6.50862,0.00000,0.00000,0.00000,0.00000,none
8.37083,-87.47348,-87.47348,0.00000,0.00000,0.00000,-65.08621,0.00000,0.00000,30.00000,-92.52652,-0.11220,1.09609,6.50862,0.00000,0.00000,0.00000,0.00000,none
8.37500,-87.47348,-87.47348,0.00000,0.00000,0.00000,-65.08621,0.00000,0.00000,30.00000,-92.52652,-0.11220,1.09609,6.50862,0.00000,0.00000,0.00000,0.00000,none
8.37917,-87.47348,-87.47348,0.00000,0.00000,0.00000,-65.08621,0.00000,0.00000,30.00000,-92.52652,-0.11220,1.09609,6.50862,0.00000,0.00000,0.00000,0.00000,none
8.38333,-87.47348,-87.47348,0.00000,0.00000,0.00000,-65.08621,0.00000,0.00000,30.00000,-92.52652,-0.11220,1.09609,6.50862,0.00000,0.00000,0.00000,0.00000,none
8.38750,-87.47348,-87.47348,0.00000,0.00000,0.00000,-65.08621,0.00000,0.00000,30.00000,-92.52652,-0.11220,1.09609,6.50862,0.00000,0.00000,0.00000,0.00000,none
8.39167,-87.47348,-87.47348,0.00000,0.00000,0.00000,-65.08621,0.00000,0.00000,30.00000,-92.52652,-0.11220,1.09609,6.50862,0.00000,0.00000,0.00000,0.00000,none
8.39583,-87.47348,-87.47348,0.00000,0.00000,0.00000,-65.08621,0.00000,0.00000,30.00000,-92.52652,-0.11220,1.09609,6.50862,0.00000,0.00000,0.00000,0.00000,none
8.40000,-87.47348,-87.47348,0.00000,0.00000,0.00000,-65.08621,0.00000,0.00000,30.00000,-92.52652,-0.11220,1.09609,6.50862,0.00000,0.00000,0.00000,0.00000,none
8.40417,-87.47348,-87.47348,0.00000,0.00000,0.00000,-65.08621,0.00000,0.00000,30.00000,-92.52652,-0.11220,1.09609,6.50862,0.00000,0.00000,0.00000,0.00000,none
8.40833,-87.47348,-87.47348,0.00000,0.00000,0.00000,-65.08621,0.00000,0.00000,30.00000,-92.52652,-0.11220,1.09609,6.50862,0.00000,0.00000,0.00000,0.00000,none
8.41250,-87.47348,-87.47348,0.00000,0.00000,0.00000,-65.08621,0.00000,0.00000,30.00000,-92.52652,-0.11220,1.09609,6.50862,0.00000,0.00000,0.00000,0.00000,none
8.41667,-87.47348,-87.47348,0.00000,0.00000,0.00000,-65.08621,0.00000,0.00000,30.00000,-92.52652,-0.11220,1.09609,6.50862,0.00000,0.00000,0.00000,0.00000,none
8.42083,-87.47348,-87.47348,0.00000,0.00000,0.00000,-65.08621,0.00000,0.00000,30.00000,-92.52652,-0.11220,1.09609,6.50862,0.00000,0.00000,0.00000,0.00000,none
8.42500,-87.47348,-87.47348,0.00000,0.00000,0.00000,-65.08621,0.00000,0.00000,30.00000,-92.52652,-0.11220,1.09609,6.50862,0.00000,0.00000,0.00000,0.00000,none
8.42917,-87.47348,-87.47348,0.00000,0.00000,0.00000,-65.08621,0.00000,0.00000,30.00000,-92.52652,-0.11220,1.09609,6.50862,0.00000,0.00000,0.00000,0.00000,none
8.43333,-87.47348,-87.47348,0.00000,0.00000,0.00000,-65.08621,0.00000,0.00000,30.00000,-92.52652,-0.11220,1.09609,6.50862,0.00000,0.00000,0.00000,0.00000,none
8.43750,-87.47348,-87.47348,0.00000,0.00000,0.00000,-65.08621,0.00000,0.00000,30.00000,-92.52652,-0.11220,1.09609,6.50862,0.00000,0.00000,0.00000,0.00000,none
8.44167,-87.47348,-87.47348,0.00000,0.00000,0.00000,-65.08621,0.00000,0.00000,30.00000,-92.52652,-0.11220,1.09609,6.50862,0.00000,0.00000,0.00000,0.00000,none
8.44583,-87.47348,-87.47348,0.00000,0.00000,0.00000,-65.08621,0.00000,0.00000,30.00000,-92.52652,-0.11220,1.09609,6.50862,0.00000,0.00000,0.00000,0.00000,none
8.45000,-87.47348,-87.47348,0.00000,0.00000,0.00000,-65.08621,0.00000,0.00000,30.00000,-92.52652,-0.11220,1.09609,6.50862,0.00000,0.00000,0.00000,0.00000,none
8.45417,-87.47348,-87.47348,0.00000,0.00000,0.00000,-65.08621,0.00000,0.00000,30.00000,-92.52652,-0.11220,1.09609,6.50862,0.00000,0.00000,0.00000,0.00000,none
8.45833,-87.47348,-87.47348,0.00000,0.00000,0.00000,-65.08621,0.00000,0.00000,30.00000,-92.52652,-0.11220,1.09609,6.50862,0.00000,0.00000,0.00000,0.00000,none
8.46250,-87.47348,-87.47348,0.00000,0.00000,0.00000,-65.08621,0.00000,0.00000,30.00000,-92.52652,-0.11220,1.09609,6.50862,0.00000,0.00000,0.00000,0.00000,none
8.46667,-87.47348,-87.47348,0.00000,0.00000,0.00000,-65.08621,0.00000,0.00000,30.00000,-92.52652,-0.11220,1.09609,6.50862,0.00000,0.00000,0.00000,0.00000,none
8.47083,-87.47348,-87.47348,0.00000,0.00000,0.00000,-65.08621,0.00000,0.00000,30.00000,-92.52652,-0.11220,1.09609,6.50862,0.00000,0.00000,0.00000,0.00000,none
8.47500,-87.47348,-87.47348,0.00000,0.00000,0.00000,-65.08621,0.00000,0.00000,30.00000,-92.52652,-0.11220,1.09609,6.50862,0.00000,0.00000,0.00000,0.00000,none
8.47917,-87.47348,-87.47348,0.00000,0.00000,0.00000,-65.08621,0.00000,0.00000,30.00000,-92.52652,-0.11220,1.09609,6.50862,0.00000,0.00000,0.00000,0.00000,none
8.48333,-87.47348,-87.47348,0.00000,0.00000,0.00000,-65.08621,0.00000,0.00000,30.00000,-92.52652,-0.11220,1.09609,6.50862,0.00000,0.00000,0.00000,0.00000,none
8.48750,-87.47348,-87.47348,0.00000,0.00000,0.00000,-65.08621,0.00000,0.00000,30.00000,-92.52652,-0.11220,1.09609,6.50862,0.00000,0.00000,0.00000,0.00000,none
8.49167,-87.47348,-87.47348,0.00000,0.00000,0.00000,-65.08621,0.00000,0.00000,30.00000,-92.52652,-0.11220,1.09609,6.50862,0.00000,0.00000,0.00000,0.00000,none
8.49583,-87.47348,-87.47348,0.00000,0.00000,0.00000,-65.08621,0.00000,0.00000,30.00000,-92.52652,-0.11220,1.09609,6.50862,0.00000,0.00000,0.00000,0.00000,none
8.50000,-87.47348,-87.47348,0.00000,0.00000,0.00000,-65.08621,0.00000,0.00000,30.00000,-92.52652,-0.11220,1.09609,6.50862,0.00000,0.00000,0.00000,0.00000,none
8.50417,-87.47348,-87.47348,0.00000,0.00000,0.00000,-65.08621,0.00000,0.00000,30.00000,-92.52652,-0.11220,1.09609,6.50862,0.00000,0.00000,0.00000,0.00000,none
8.50833,-87.47348,-87.47348,0.00000,0.00000,0.00000,-65.08621,0.00000,0.00000,30.00000,-92.52652,-0.11220,1.09609,6.50862,0.00000,0.00000,0.00000,0.00000,none
8.51250,-87.47348,-87.47348,0.00000,0.00000,0.00000,-65.08621,0.00000,0.00000,30.00000,-92.52652,-0.11220,1.09609,6.50862,0.00000,0.00000,0.00000,0.00000,none
8.51667,-87.47348,-87.47348,0.00000,0.00000,0.00000,-65.08621,0.00000,0.00000,30.00000,-92.52652,-0.11220,1.09609,6.50862,0.00000,0.00000,0.00000,0.00000,none
8.52083,-87.47348,-87.47348,0.00000,0.00000,0.00000,-65.08621,0.00000,0.00000,30.00000,-92.52652,-0.11220,1.09609,6.50862,0.00000,0.00000,0.00000,0.00000,none
8.52500,-87.47348,-87.47348,0.00000,0.00000,0.00000,-65.08621,0.00000,0.00000,30.00000,-92.52652,-0.11220,1.09609,6.50862,0.00000,0.00000,0.00000,0.00000,none
8.52917,-87.47348,-87.47348,0.00000,0.00000,0.00000,-65.08621,0.00000,0.00000,30.00000,-92.52652,-0.11220,1.09609,6.50862,0.00000,0.00000,0.00000,0.00000,none
8.53333,-87.47348,-87.47348,0.00000,0.00000,0.00000,-65.08621,0.00000,0.00000,30.00000,-92.52652,-0.11220,1.09609,6.50862,0.00000,0.00000,0.00000,0.00000,none
8.53750,-87.47348,-87.47348,0.00000,0.00000,0.00000,-65.08621,0.00000,0.00000,30.00000,-92.52652,-0.11220,1.09609,6.50862,0.00000,0.00000,0.00000,0.00000,none
8.54167,-87.47348,-87.47348,0.00000,0.00000,0.00000,-65.08621,0.00000,0.00000,30.00000,-92.52652,-0.11220,1.09609,6.50862,0.00000,0.00000,0.00000,0.00000,none
8.54583,-87.47348,-87.47348,0.00000,0.00000,0.00000,-65.08621,0.00000,0.00000,30.00000,-92.52652,-0.11220,1.09609,6.50862,0.00000,0.00000,0.00000,0.00000,none
8.55000,-87.47348,-87.47348,0.00000,0.00000,0.00000,-65.08621,0.00000,0.00000,30.00000,-92.52652,-0.11220,1.09609,6.50862,0.00000,0.00000,0.00000,0.00000,none
8.55417,-87.47348,-87.47348,0.00000,0.00000,0.00000,-65.08621,0.00000,0.00000,30.00000,-92.52652,-0.11220,1.09609,6.50862,0.00000,0.00000,0.00000,0.00000,none
8.55833,-87.47348,-87.47348,0.00000,0.00000,0.00000,-65.08621,0.00000,0.00000,30.00000,-92.52652,-0.11220,1.09609,6.50862,0.00000,0.00000,0.00000,0.00000,none
8.56250,-87.47348,-87.47348,0.00000,0.00000,0.00000,-65.08621,0.00000,0.00000,30.00000,-92.52652,-0.11220,1.09609,6.50862,0.00000,0.00000,0.00000,0.00000,none
8.56667,-87.47348,-87.47348,0.00000,0.00000,0.00000,-65.08621,0.00000,0.00000,30.00000,-92.52652,-0.11220,1.09609,6.50862,0.00000,0.00000,0.00000,0.00000,none
8.57083,-87.47348,-87.47348,0.00000,0.00000,0.00000,-65.08621,0.00000,0.00000,30.00000,-92.52652,-0.11220,1.09609,6.50862,0.00000,0.00000,0.00000,0.00000,none
8.57500,-87.47348,-87.47348,0.00000,0.00000,0.00000,-65.08621,0.00000,0.00000,30.00000,-92.52652,-0.11220,1.09609,6.50862,0.00000,0.00000,0.00000,0.00000,none
8.57917,-87.47348,-87.47348,0.00000,0.00000,0.00000,-65.08621,0.00000,0.00000,30.00000,-92.52652,-0.11220,1.09609,6.50862,0.00000,0.00000,0.00000,0.00000,none
8.58333,-87.47348,-87.47348,0.00000,0.00000,0.00000,-65.08621,0.00000,0.00000,30.00000,-92.52652,-0.11220,1.09609,6.50862,0.00000,0.00000,0.00000,0.00000,none
8.58750,-87.47348,-87.47348,0.00000,0.00000,0.00000,-65.08621,0.00000,0.00000,30.00000,-92.52652,-0.11220,1.09609,6.50862,0.00000,0.00000,0.00000,0.00000,none
8.59167,-87.47348,-87.47348,0.00000,0.00000,0.00000,-65.08621,0.00000,0.00000,30.00000,-92.52652,-0.11220,1.09609,6.50862,0.00000,0.00000,0.00000,0.00000,none
8.59583,-87.47348,-87.47348,0.00000,0.00000,0.00000,-65.08621,0.00000,0.00000,30.00000,-92.52652,-0.11220,1.09609,6.50862,0.00000,0.00000,0.00000,0.00000,none
8.60000,-87.47348,-87.47348,0.00000,0.00000,0.00000,-65.08621,0.00000,0.00000,30.00000,-92.52652,-0.11220,1.09609,6.50862,0.00000,0.00000,0.00000,0.00000,none
8.60417,-87.47348,-87.47348,0.00000,0.00000,0.00000,-65.08621,0.00000,0.00000,30.00000,-92.52652,-0.11220,1.09609,6.50862,0.00000,0.00000,0.00000,0.00000,none
8.60833,-87.47348,-87.47348,0.00000,0.00000,0.00000,-65.08621,0.00000,0.00000,30.00000,-92.52652,-0.11220,1.09609,6.50862,0.00000,0.00000,0.00000,0.00000,none
8.61250,-87.47348,-87.47348,0.00000,0.00000,0.00000,-65.08621,0.00000,0.00000,30.00000,-92.52652,-0.11220,1.09609,6.50862,0.00000,0.00000,0.00000,0.00000,none
8.61667,-87.47348,-87.47348,0.00000,0.00000,0.00000,-65.08621,0.00000,0.00000,30.00000,-92.52652,-0.11220,1.09609,6.50862,0.00000,0.00000,0.00000,0.00000,none
8.62083,-87.47348,-87.47348,0.00000,0.00000,0.00000,-65.08621,0.00000,0.00000,30.00000,-92.52652,-0.11220,1.09609,6.50862,0.00000,0.00000,0.00000,0.00000,none
8.62500,-87.47348,-87.47348,0.00000,0.00000,0.00000,-65.08621,0.00000,0.00000,30.00000,-92.52652,-0.11220,1.09609,6.50862,0.00000,0.00000,0.00000,0.00000,none
8.62917,-87.47348,-87.47348,0.00000,0.00000,0.00000,-65.08621,0.00000,0.00000,30.00000,-92.52652,-0.11220,1.09609,6.50862,0.00000,0.00000,0.00000,0.00000,none
8.63333,-87.47348,-87.47348,0.00000,0.00000,0.00000,-65.08621,0.00000,0.00000,30.00000,-92.52652,-0.11220,1.09609,6.50862,0.00000,0.00000,0.00000,0.00000,none
8.63750,-87.47348,-87.47348,0.00000,0.00000,0.00000,-65.08621,0.00000,0.00000,30.00000,-92.52652,-0.11220,1.09609,6.50862,0.00000,0.00000,0.00000,0.00000,none
8.64167,-87.47348,-87.47348,0.00000,0.00000,0.00000,-65.08621,0.00000,0.00000,30.00000,-92.52652,-0.11220,1.09609,6.50862,0.00000,0.00000,0.00000,0.00000,none
8.64583,-87.47348,-87.47348,0.00000,0.00000,0.00000,-65.08621,0.00000,0.00000,30.00000,-92.52652,-0.11220,1.09609,6.50862,0.00000,0.00000,0.00000,0.00000,none
8.65000,-87.47348,-87.47348,0.00000,0.00000,0.00000,-65.08621,0.00000,0.00000,30.00000,-92.52652,-0.11220,1.09609,6.50862,0.00000,0.00000,0.00000,0.00000,none
8.65417,-87.47348,-87.47348,0.00000,0.00000,0.00000,-65.08621,0.00000,0.00000,30.00000,-92.52652,-0.11220,1.09609,6.50862,0.00000,0.00000,0.00000,0.00000,none
8.65833,-87.47348,-87.47348,0.00000,0.00000,0.00000,-65.08621,0.00000,0.00000,30.00000,-92.52652,-0.11220,1.09609,6.50862,0.00000,0.00000,0.00000,0.00000,none
8.66250,-87.47348,-87.47348,0.00000,0.00000,0.00000,-65.08621,0.00000,0.00000,30.00000,-92.52652,-0.11220,1.09609,6.50862,0.00000,0.00000,0.00000,0.00000,none
8.66667,-87.47348,-87.47348,0.00000,0.00000,0.00000,-65.08621,0.00000,0.00000,30.00000,-92.52652,-0.11220,1.09609,6.50862,0.00000,0.00000,0.00000,0.00000,none
8.67083,-87.47348,-87.47348,0.00000,0.00000,0.00000,-65.08621,0.00000,0.00000,30.00000,-92.52652,-0.11220,1.09609,6.50862,0.00000,0.00000,0.00000,0.00000,none
8.67500,-87.47348,-87.47348,0.00000,0.00000,0.00000,-65.08621,0.00000,0.00000,30.00000,-92.52652,-0.11220,1.09609,6.50862,0.00000,0.00000,0.00000,0.00000,none
8.67917,-87.47348,-87.47348,0.00000,0.00000,0.00000,-65.08621,0.00000,0.00000,30.00000,-92.52652,-0.11220,1.09609,6.50862,0.00000,0.00000,0.00000,0.00000,none
8.68333,-87.47348,-87.47348,0.00000,0.00000,0.00000,-65.08621,0.00000,0.00000,30.00000,-92.52652,-0.11220,1.09609,6.50862,0.00000,0.00000,0.00000,0.00000,none
8.68750,-87.47348,-87.47348,0.00000,0.00000,0.00000,-65.08621,0.00000,0.00000,30.00000,-92.52652,-0.11220,1.09609,6.50862,0.00000,0.00000,0.00000,0.00000,none
8.69167,-87.47348,-87.47348,0.00000,0.00000,0.00000,-65.08621,0.00000,0.00000,30.00000,-92.52652,-0.11220,1.09609,6.50862,0.00000,0.00000,0.00000,0.00000,none
8.69583,-87.47348,-87.47348,0.00000,0.00000,0.00000,-65.08621,0.00000,0.00000,30.00000,-92.52652,-0.11220,1.09609,6.50862,0.00000,0.00000,0.00000,0.00000,none
8.70000,-87.47348,-87.47348,0.00000,0.00000,0.00000,-65.08621,0.00000,0.00000,30.00000,-92.52652,-0.11220,1.09609,6.50862,0.00000,0.00000,0.00000,0.00000,none
8.70417,-87.47348,-87.47348,0.00000,0.00000,0.00000,-65.08621,0.00000,0.00000,30.00000,-92.52652,-0.11220,1.09609,6.50862,0.00000,0.00000,0.00000,0.00000,none
8.70833,-87.47348,-87.47348,0.00000,0.00000,0.00000,-65.08621,0.00000,0.00000,30.00000,-92.52652,-0.11220,1.09609,6.50862,0.00000,0.00000,0.00000,0.00000,none
8.71250,-87.47348,-87.47348,0.00000,0.00000,0.00000,-65.08621,0.00000,0.00000,30.00000,-92.52652,-0.11220,1.09609,6.50862,0.00000,0.00000,0.00000,0.00000,none
8.71667,-87.47348,-87.47348,0.00000,0.00000,0.00000,-65.08621,0.00000,0.00000,30.00000,-92.52652,-0.11220,1.09609,6.50862,0.00000,0.00000,0.00000,0.00000,none
8.72083,-87.47348,-87.47348,0.00000,0.00000,0.00000,-65.08621,0.00000,0.00000,30.00000,-92.52652,-0.11220,1.09609,6.50862,0.00000,0.00000,0.00000,0.00000,none
8.72500,-87.47348,-87.47348,0.00000,0.00000,0.00000,-65.08621,0.00000,0.00000,30.00000,-92.52652,-0.11220,1.09609,6.50862,0.00000,0.00000,0.00000,0.00000,none
8.72917,-87.47348,-87.47348,0.00000,0.00000,0.00000,-65.08621,0.00000,0.00000,30.00000,-92.52652,-0.11220,1.09609,6.50862,0.00000,0.00000,0.00000,0.00000,none
8.73333,-87.47348,-87.47348,0.00000,0.00000,0.00000,-65.08621,0.00000,0.00000,30.00000,-92.52652,-0.11220,1.09609,6.50862,0.00000,0.00000,0.00000,0.00000,none
8.73750,-87.47348,-87.47348,0.00000,0.00000,0.00000,-65.08621,0.00000,0.00000,30.00000,-92.52652,-0.11220,1.09609,6.50862,0.00000,0.00000,0.00000,0.00000,none
8.74167,-87.47348,-87.47348,0.00000,0.00000,0.00000,-65.08621,0.00000,0.00000,30.00000,-92.52652,-0.11220,1.09609,6.50862,0.00000,0.00000,0.00000,0.00000,none
8.74583,-87.47348,-87.47348,0.00000,0.00000,0.00000,-65.08621,0.00000,0.00000,30.00000,-92.52652,-0.11220,1.09609,6.50862,0.00000,0.00000,0.00000,0.00000,none
8.75000,-87.47348,-87.47348,0.00000,0.00000,0.00000,-65.08621,0.00000,0.00000,30.00000,-92.52652,-0.11220,1.09609,6.50862,0.00000,0.00000,0.00000,0.00000,none
8.75417,-87.47348,-87.47348,0.00000,0.00000,0.00000,-65.08621,0.00000,0.00000,30.00000,-92.52652,-0.11220,1.09609,6.50862,0.00000,0.00000,0.00000,0.00000,none
8.75833,-87.47348,-87.47348,0.00000,0.00000,0.00000,-65.08621,0.00000,0.00000,30.00000,-92.52652,-0.11220,1.09609,6.50862,0.00000,0.00000,0.00000,0.00000,none
8.76250,-87.47348,-87.47348,0.00000,0.00000,0.00000,-65.08621,0.00000,0.00000,30.00000,-92.52652,-0.11220,1.09609,6.50862,0.00000,0.00000,0.00000,0.00000,none
8.76667,-87.47348,-87.47348,0.00000,0.00000,0.00000,-65.08621,0.00000,0.00000,30.00000,-92.52652,-0.11220,1.09609,6.50862,0.00000,0.00000,0.00000,0.00000,none
8.77083,-87.47348,-87.47348,0.00000,0.00000,0.00000,-65.08621,0.00000,0.00000,30.00000,-92.52652,-0.11220,1.09609,6.50862,0.00000,0.00000,0.00000,0.00000,none
8.77500,-87.47348,-87.47348,0.00000,0.00000,0.00000,-65.08621,0.00000,0.00000,30.00000,-92.52652,-0.11220,1.09609,6.50862,0.00000,0.00000,0.00000,0.00000,none
8.77917,-87.47348,-87.47348,0.00000,0.00000,0.00000,-65.08621,0.00000,0.00000,30.00000,-92.52652,-0.11220,1.09609,6.50862,0.00000,0.00000,0.00000,0.00000,none
8.78333,-87.47348,-87.47348,0.00000,0.00000,0.00000,-65.08621,0.00000,0.00000,30.00000,-92.52652,-0.11220,1.09609,6.50862,0.00000,0.00000,0.00000,0.00000,none
8.78750,-87.47348,-87.47348,0.00000,0.00000,0.00000,-65.08621,0.00000,0.00000,30.00000,-92.52652,-0.11220,1.09609,6.50862,0.00000,0.00000,0.00000,0.00000,none
8.79167,-87.47348,-87.47348,0.00000,0.00000,0.00000,-65.08621,0.00000,0.00000,30.00000,-92.52652,-0.11220,1.09609,6.50862,0.00000,0.00000,0.00000,0.00000,none
8.79583,-87.47348,-87.47348,0.00000,0.00000,0.00000,-65.08621,0.00000,0.00000,30.00000,-92.52652,-0.11220,1.09609,6.50862,0.00000,0.00000,0.00000,0.00000,none
8.80000,-87.47348,-87.47348,0.00000,0.00000,0.00000,-65.08621,0.00000,0.00000,30.00000,-92.52652,-0.11220,1.09609,6.50862,0.00000,0.00000,0.00000,0.00000,none
8.80417,-87.47348,-87.47348,0.00000,0.00000,0.00000,-65.08621,0.00000,0.00000,30.00000,-92.52652,-0.11220,1.09609,6.50862,0.00000,0.00000,0.00000,0.00000,none
8.80833,-87.47348,-87.47348,0.00000,0.00000,0.00000,-65.08621,0.00000,0.00000,30.00000,-92.52652,-0.11220,1.09609,6.50862,0.00000,0.00000,0.00000,0.00000,none
8.81250,-87.47348,-87.47348,0.00000,0.00000,0.00000,-65.08621,0.00000,0.00000,30.00000,-92.52652,-0.11220,1.09609,6.50862,0.00000,0.00000,0.00000,0.00000,none
8.81667,-87.47348,-87.47348,0.00000,0.00000,0.00000,-65.08621,0.00000,0.00000,30.00000,-92.52652,-0.11220,1.09609,6.50862,0.00000,0.00000,0.00000,0.00000,none
8.82083,-87.47348,-87.47348,0.00000,0.00000,0.00000,-65.08621,0.00000,0.00000,30.00000,-92.52652,-0.11220,1.09609,6.50862,0.00000,0.00000,0.00000,0.00000,none
8.82500,-87.47348,-87.47348,0.00000,0.00000,0.00000,-65.08621,0.00000,0.00000,30.00000,-92.52652,-0.11220,1.09609,6.50862,0.00000,0.00000,0.00000,0.00000,none
8.82917,-87.47348,-87.47348,0.00000,0.00000,0.00000,-65.08621,0.00000,0.00000,30.00000,-92.52652,-0.11220,1.09609,6.50862,0.00000,0.00000,0.00000,0.00000,none
8.83333,-87.47348,-87.47348,0.00000,0.00000,0.00000,-65.08621,0.00000,0.00000,30.00000,-92.52652,-0.11220,1.09609,6.50862,0.00000,0.00000,0.00000,0.00000,none
8.83750,-87.47348,-87.47348,0.00000,0.00000,0.00000,-65.08621,0.00000,0.00000,30.00000,-92.52652,-0.11220,1.09609,6.50862,0.00000,0.00000,0.00000,0.00000,none
8.84167,-87.47348,-87.47348,0.00000,0.00000,0.00000,-65.08621,0.00000,0.00000,30.00000,-92.52652,-0.11220,1.09609,6.50862,0.00000,0.00000,0.00000,0.00000,none
8.84583,-87.47348,-87.47348,0.00000,0.00000,0.00000,-65.08621,0.00000,0.00000,30.00000,-92.52652,-0.11220,1.09609,6.50862,0.00000,0.00000,0.00000,0.00000,none
8.85000,-87.47348,-87.47348,0.00000,0.00000,0.00000,-65.08621,0.00000,0.00000,30.00000,-92.52652,-0.11220,1.09609,6.50862,0.00000,0.00000,0.00000,0.00000,none
8.85417,-87.47348,-87.47348,0.00000,0.00000,0.00000,-65.08621,0.00000,0.00000,30.00000,-92.52652,-0.11220,1.09609,6.50862,0.00000,0.00000,0.00000,0.00000,none
8.85833,-87.47348,-87.47348,0.00000,0.00000,0.00000,-65.08621,0.00000,0.00000,30.00000,-92.52652,-0.11220,1.09609,6.50862,0.00000,0.00000,0.00000,0.00000,none
8.86250,-87.47348,-87.47348,0.00000,0.00000,0.00000,-65.08621,0.00000,0.00000,30.00000,-92.52652,-0.11220,1.09609,6.50862,0.00000,0.00000,0.00000,0.00000,none
8.86667,-87.47348,-87.47348,0.00000,0.00000,0.00000,-65.08621,0.00000,0.00000,30.00000,-92.52652,-0.11220,1.09609,6.50862,0.00000,0.00000,0.00000,0.00000,none
8.87083,-87.47348,-87.47348,0.00000,0.00000,0.00000,-65.08621,0.00000,0.00000,30.00000,-92.52652,-0.11220,1.09609,6.50862,0.00000,0.00000,0.00000,0.00000,none
8.87500,-87.47348,-87.47348,0.00000,0.00000,0.00000,-65.08621,0.00000,0.00000,30.00000,-92.52652,-0.11220,1.09609,6.50862,0.00000,0.00000,0.00000,0.00000,none
8.87917,-87.47348,-87.47348,0.00000,0.00000,0.00000,-65.08621,0.00000,0.00000,30.00000,-92.52652,-0.11220,1.09609,6.50862,0.00000,0.00000,0.00000,0.00000,none
8.88333,-87.47348,-87.47348,0.00000,0.00000,0.00000,-65.08621,0.00000,0.00000,30.00000,-92.52652,-0.11220,1.09609,6.50862,0.00000,0.00000,0.00000,0.00000,none
8.88750,-87.47348,-87.47348,0.00000,0.00000,0.00000,-65.08621,0.00000,0.00000,30.00000,-92.52652,-0.11220,1.09609,6.50862,0.00000,0.00000,0.00000,0.00000,none
8.89167,-87.47348,-87.47348,0.00000,0.00000,0.00000,-65.08621,0.00000,0.00000,30.00000,-92.52652,-0.11220,1.09609,6.50862,0.00000,0.00000,0.00000,0.00000,none
8.89583,-87.47348,-87.47348,0.00000,0.00000,0.00000,-65.08621,0.00000,0.00000,30.00000,-92.52652,-0.11220,1.09609,6.50862,0.00000,0.00000,0.00000,0.00000,none
8.90000,-87.47348,-87.47348,0.00000,0.00000,0.00000,-65.08621,0.00000,0.00000,30.00000,-92.52652,-0.11220,1.09609,6.50862,0.00000,0.00000,0.00000,0.00000,none
8.90417,-87.47348,-87.47348,0.00000,0.00000,0.00000,-65.08621,0.00000,0.00000,30.00000,-92.52652,-0.11220,1.09609,6.50862,0.00000,0.00000,0.00000,0.00000,none
8.90833,-87.47348,-87.47348,0.00000,0.00000,0.00000,-65.08621,0.00000,0.00000,30.00000,-92.52652,-0.11220,1.09609,6.50862,0.00000,0.00000,0.00000,0.00000,none
8.91250,-87.47348,-87.47348,0.00000,0.00000,0.00000,-65.08621,0.00000,0.00000,30.00000,-92.52652,-0.11220,1.09609,6.50862,0.00000,0.00000,0.00000,0.00000,none
8.91667,-87.47348,-87.47348,0.00000,0.00000,0.00000,-65.08621,0.00000,0.00000,30.00000,-92.52652,-0.11220,1.09609,6.50862,0.00000,0.00000,0.00000,0.00000,none
8.92083,-87.47348,-87.47348,0.00000,0.00000,0.00000,-65.08621,0.00000,0.00000,30.00000,-92.52652,-0.11220,1.09609,6.50862,0.00000,0.00000,0.00000,0.00000,none
8.92500,-87.47348,-87.47348,0.00000,0.00000,0.00000,-65.08621,0.00000,0.00000,30.00000,-92.52652,-0.11220,1.09609,6.50862,0.00000,0.00000,0.00000,0.00000,none
8.92917,-87.47348,-87.47348,0.00000,0.00000,0.00000,-65.08621,0.00000,0.00000,30.00000,-92.52652,-0.11220,1.09609,6.50862,0.00000,0.00000,0.00000,0.00000,none
8.93333,-87.47348,-87.47348,0.00000,0.00000,0.00000,-65.08621,0.00000,0.00000,30.00000,-92.52652,-0.11220,1.09609,6.50862,0.00000,0.00000,0.00000,0.00000,none
8.93750,-87.47348,-87.47348,0.00000,0.00000,0.00000,-65.08621,0.00000,0.00000,30.00000,-92.52652,-0.11220,1.09609,6.50862,0.00000,0.00000,0.00000,0.00000,none
8.94167,-87.47348,-87.47348,0.00000,0.00000,0.00000,-65.08621,0.00000,0.00000,30.00000,-92.52652,-0.11220,1.09609,6.50862,0.00000,0.00000,0.00000,0.00000,none
8.94583,-87.47348,-87.47348,0.00000,0.00000,0.00000,-65.08621,0.00000,0.00000,30.00000,-92.52652,-0.11220,1.09609,6.50862,0.00000,0.00000,0.00000,0.00000,none
8.95000,-87.47348,-87.47348,0.00000,0.00000,0.00000,-65.08621,0.00000,0.00000,30.00000,-92.52652,-0.11220,1.09609,6.50862,0.00000,0.00000,0.00000,0.00000,none
8.95417,-87.47348,-87.47348,0.00000,0.00000,0.00000,-65.08621,0.00000,0.00000,30.00000,-92.52652,-0.11220,1.09609,6.50862,0.00000,0.00000,0.00000,0.00000,none
8.95833,-87.47348,-87.47348,0.00000,0.00000,0.00000,-65.08621,0.00000,0.00000,30.00000,-92.52652,-0.11220,1.09609,6.50862,0.00000,0.00000,0.00000,0.00000,none
8.96250,-87.47348,-87.47348,0.00000,0.00000,0.00000,-65.08621,0.00000,0.00000,30.00000,-92.52652,-0.11220,1.09609,6.50862,0.00000,0.00000,0.00000,0.00000,none
8.96667,-87.47348,-87.47348,0.00000,0.00000,0.00000,-65.08621,0.00000,0.00000,30.00000,-92.52652,-0.11220,1.09609,6.50862,0.00000,0.00000,0.00000,0.00000,none
8.97083,-87.47348,-87.47348,0.00000,0.00000,0.00000,-65.08621,0.00000,0.00000,30.00000,-92.52652,-0.11220,1.09609,6.50862,0.00000,0.00000,0.00000,0.00000,none
8.97500,-87.47348,-87.47348,0.00000,0.00000,0.00000,-65.08621,0.00000,0.00000,30.00000,-92.52652,-0.11220,1.09609,6.50862,0.00000,0.00000,0.00000,0.00000,none
8.97917,-87.47348,-87.47348,0.00000,0.00000,0.00000,-65.08621,0.00000,0.00000,30.00000,-92.52652,-0.11220,1.09609,6.50862,0.00000,0.00000,0.00000,0.00000,none
8.98333,-87.47348,-87.47348,0.00000,0.00000,0.00000,-65.08621,0.00000,0.00000,30.00000,-92.52652,-0.11220,1.09609,6.50862,0.00000,0.00000,0.00000,0.00000,none
8.98750,-87.47348,-87.47348,0.00000,0.00000,0.00000,-65.08621,0.00000,0.00000,30.00000,-92.52652,-0.11220,1.09609,6.50862,0.00000,0.00000,0.00000,0.00000,none
8.99167,-87.47348,-87.47348,0.00000,0.00000,0.00000,-65.08621,0.00000,0.00000,30.00000,-92.52652,-0.11220,1.09609,6.50862,0.00000,0.00000,0.00000,0.00000,none
8.99583,-87.47348,-87.47348,0.00000,0.00000,0.00000,-65.08621,0.00000,0.00000,30.00000,-92.52652,-0.11220,1.09609,6.50862,0.00000,0.00000,0.00000,0.00000,none
9.00000,-87.47348,-87.47348,0.00000,0.00000,0.00000,-65.08621,0.00000,0.00000,30.00000,-92.52652,-0.11220,1.09609,6.50862,0.00000,0.00000,0.00000,0.00000,none
9.00417,-87.47348,-87.47348,0.00000,0.00000,0.00000,-65.08621,0.00000,0.00000,30.00000,-92.52652,-0.11220,1.09609,6.50862,0.00000,0.00000,0.00000,0.00000,none
9.00833,-87.47348,-87.47348,0.00000,0.00000,0.00000,-65.08621,0.00000,0.00000,30.00000,-92.52652,-0.11220,1.09609,6.50862,0.00000,0.00000,0.00000,0.00000,none
9.01250,-87.47348,-87.47348,0.00000,0.00000,0.00000,-65.08621,0.00000,0.00000,30.00000,-92.52652,-0.11220,1.09609,6.50862,0.00000,0.00000,0.00000,0.00000,none
9.01667,-87.47348,-87.47348,0.00000,0.00000,0.00000,-65.08621,0.00000,0.00000,30.00000,-92.52652,-0.11220,1.09609,6.50862,0.00000,0.00000,0.00000,0.00000,none
9.02083,-87.47348,-87.47348,0.00000,0.00000,0.00000,-65.08621,0.00000,0.00000,30.00000,-92.52652,-0.11220,1.09609,6.50862,0.00000,0.00000,0.00000,0.00000,none
9.02500,-87.47348,-87.47348,0.00000,0.00000,0.00000,-65.08621,0.00000,0.00000,30.00000,-92.52652,-0.11220,1.09609,6.50862,0.00000,0.00000,0.00000,0.00000,none
9.02917,-87.47348,-87.47348,0.00000,0.00000,0.00000,-65.08621,0.00000,0.00000,30.00000,-92.52652,-0.11220,1.09609,6.50862,0.00000,0.00000,0.00000,0.00000,none
9.03333,-87.47348,-87.47348,0.00000,0.00000,0.00000,-65.08621,0.00000,0.00000,30.00000,-92.52652,-0.11220,1.09609,6.50862,0.00000,0.00000,0.00000,0.00000,none
9.03750,-87.47348,-87.47348,0.00000,0.00000,0.00000,-65.08621,0.00000,0.00000,30.00000,-92.52652,-0.11220,1.09609,6.50862,0.00000,0.00000,0.00000,0.00000,none
9.04167,-87.47348,-87.47348,0.00000,0.00000,0.00000,-65.08621,0.00000,0.00000,30.00000,-92.52652,-0.11220,1.09609,6.50862,0.00000,0.00000,0.00000,0.00000,none
9.04583,-87.47348,-87.47348,0.00000,0.00000,0.00000,-65.08621,0.00000,0.00000,30.00000,-92.52652,-0.11220,1.09609,6.50862,0.00000,0.00000,0.00000,0.00000,none
9.05000,-87.47348,-87.47348,0.00000,0.00000,0.00000,-65.08621,0.00000,0.00000,30.00000,-92.52652,-0.11220,1.09609,6.50862,0.00000,0.00000,0.00000,0.00000,none
9.05417,-87.47348,-87.47348,0.00000,0.00000,0.00000,-65.08621,0.00000,0.00000,30.00000,-92.52652,-0.11220,1.09609,6.50862,0.00000,0.00000,0.00000,0.00000,none
9.05833,-87.47348,-87.47348,0.00000,0.00000,0.00000,-65.08621,0.00000,0.00000,30.00000,-92.52652,-0.11220,1.09609,6.50862,0.00000,0.00000,0.00000,0.00000,none
9.06250,-87.47348,-87.47348,0.00000,0.00000,0.00000,-65.08621,0.00000,0.00000,30.00000,-92.52652,-0.11220,1.09609,6.50862,0.00000,0.00000,0.00000,0.00000,none
9.06667,-87.47348,-87.47348,0.00000,0.00000,0.00000,-65.08621,0.00000,0.00000,30.00000,-92.52652,-0.11220,1.09609,6.50862,0.00000,0.00000,0.00000,0.00000,none
9.07083,-87.47348,-87.47348,0.00000,0.00000,0.00000,-65.08621,0.00000,0.00000,30.00000,-92.52652,-0.11220,1.09609,6.50862,0.00000,0.00000,0.00000,0.00000,none
9.07500,-87.47348,-87.47348,0.00000,0.00000,0.00000,-65.08621,0.00000,0.00000,30.00000,-92.52652,-0.11220,1.09609,6.50862,0.00000,0.00000,0.00000,0.00000,none
9.07917,-87.47348,-87.47348,0.00000,0.00000,0.00000,-65.08621,0.00000,0.00000,30.00000,-92.52652,-0.11220,1.09609,6.50862,0.00000,0.00000,0.00000,0.00000,none
9.08333,-87.47348,-87.47348,0.00000,0.00000,0.00000,-65.08621,0.00000,0.00000,30.00000,-92.52652,-0.11220,1.09609,6.50862,0.00000,0.00000,0.00000,0.00000,none
9.08750,-87.47348,-87.47348,0.00000,0.00000,0.00000,-65.08621,0.00000,0.00000,30.00000,-92.52652,-0.11220,1.09609,6.50862,0.00000,0.00000,0.00000,0.00000,none
9.09167,-87.47348,-87.47348,0.00000,0.00000,0.00000,-65.08621,0.00000,0.00000,30.00000,-92.52652,-0.11220,1.09609,6.50862,0.00000,0.00000,0.00000,0.00000,none
9.09583,-87.47348,-87.47348,0.00000,0.00000,0.00000,-65.08621,0.00000,0.00000,30.00000,-92.52652,-0.11220,1.09609,6.50862,0.00000,0.00000,0.00000,0.00000,none
9.10000,-87.47348,-87.47348,0.00000,0.00000,0.00000,-65.08621,0.00000,0.00000,30.00000,-92.52652,-0.11220,1.09609,6.50862,0.00000,0.00000,0.00000,0.00000,none
9.10417,-87.47348,-87.47348,0.00000,0.00000,0.00000,-65.08621,0.00000,0.00000,30.00000,-92.52652,-0.11220,1.09609,6.50862,0.00000,0.00000,0.00000,0.00000,none
9.10833,-87.47348,-87.47348,0.00000,0.00000,0.00000,-65.08621,0.00000,0.00000,30.00000,-92.52652,-0.11220,1.09609,6.50862,0.00000,0.00000,0.00000,0.00000,none
9.11250,-87.47348,-87.47348,0.00000,0.00000,0.00000,-65.08621,0.00000,0.00000,30.00000,-92.52652,-0.11220,1.09609,6.50862,0.00000,0.00000,0.00000,0.00000,none
9.11667,-87.47348,-87.47348,0.00000,0.00000,0.00000,-65.08621,0.00000,0.00000,30.00000,-92.52652,-0.11220,1.09609,6.50862,0.00000,0.00000,0.00000,0.00000,none
9.12083,-87.47348,-87.47348,0.00000,0.00000,0.00000,-65.08621,0.00000,0.00000,30.00000,-92.52652,-0.11220,1.09609,6.50862,0.00000,0.00000,0.00000,0.00000,none
9.12500,-87.47348,-87.47348,0.00000,0.00000,0.00000,-65.08621,0.00000,0.00000,30.00000,-92.52652,-0.11220,1.09609,6.50862,0.00000,0.00000,0.00000,0.00000,none
9.12917,-87.47348,-87.47348,0.00000,0.00000,0.00000,-65.08621,0.00000,0.00000,30.00000,-92.52652,-0.11220,1.09609,6.50862,0.00000,0.00000,0.00000,0.00000,none
9.13333,-87.47348,-87.47348,0.00000,0.00000,0.00000,-65.08621,0.00000,0.00000,30.00000,-92.52652,-0.11220,1.09609,6.50862,0.00000,0.00000,0.00000,0.00000,none
9.13750,-87.47348,-87.47348,0.00000,0.00000,0.00000,-65.08621,0.00000,0.00000,30.00000,-92.52652,-0.11220,1.09609,6.50862,0.00000,0.00000,0.00000,0.00000,none
9.14167,-87.47348,-87.47348,0.00000,0.00000,0.00000,-65.08621,0.00000,0.00000,30.00000,-92.52652,-0.11220,1.09609,6.50862,0.00000,0.00000,0.00000,0.00000,none
9.14583,-87.47348,-87.47348,0.00000,0.00000,0.00000,-65.08621,0.00000,0.00000,30.00000,-92.52652,-0.11220,1.09609,6.50862,0.00000,0.00000,0.00000,0.00000,none
9.15000,-87.47348,-87.47348,0.00000,0.00000,0.00000,-65.08621,0.00000,0.00000,30.00000,-92.52652,-0.11220,1.09609,6.50862,0.00000,0.00000,0.00000,0.00000,none
9.15417,-87.47348,-87.47348,0.00000,0.00000,0.00000,-65.08621,0.00000,0.00000,30.00000,-92.52652,-0.11220,1.09609,6.50862,0.00000,0.00000,0.00000,0.00000,none
9.15833,-87.47348,-87.47348,0.00000,0.00000,0.00000,-65.08621,0.00000,0.00000,30.00000,-92.52652,-0.11220,1.09609,6.50862,0.00000,0.00000,0.00000,0.00000,none
9.16250,-87.47348,-87.47348,0.00000,0.00000,0.00000,-65.08621,0.00000,0.00000,30.00000,-92.52652,-0.11220,1.09609,6.50862,0.00000,0.00000,0.00000,0.00000,none
9.16667,-87.47348,-87.47348,0.00000,0.00000,0.00000,-65.08621,0.00000,0.00000,30.00000,-92.52652,-0.11220,1.09609,6.50862,0.00000,0.00000,0.00000,0.00000,none
9.17083,-87.47348,-87.47348,0.00000,0.00000,0.00000,-65.08621,0.00000,0.00000,30.00000,-92.52652,-0.11220,1.09609,6.50862,0.00000,0.00000,0.00000,0.00000,none
9.17500,-87.47348,-87.47348,0.00000,0.00000,0.00000,-65.08621,0.00000,0.00000,30.00000,-92.52652,-0.11220,1.09609,6.50862,0.00000,0.00000,0.00000,0.00000,none
9.17917,-87.47348,-87.47348,0.00000,0.00000,0.00000,-65.08621,0.00000,0.00000,30.00000,-92.52652,-0.11220,1.09609,6.50862,0.00000,0.00000,0.00000,0.00000,none
9.18333,-87.47348,-87.47348,0.00000,0.00000,0.00000,-65.08621,0.00000,0.00000,30.00000,-92.52652,-0.11220,1.09609,6.50862,0.00000,0.00000,0.00000,0.00000,none
9.18750,-87.47348,-87.47348,0.00000,0.00000,0.00000,-65.08621,0.00000,0.00000,30.00000,-92.52652,-0.11220,1.09609,6.50862,0.00000,0.00000,0.00000,0.00000,none
9.19167,-87.47348,-87.47348,0.00000,0.00000,0.00000,-65.08621,0.00000,0.00000,30.00000,-92.52652,-0.11220,1.09609,6.50862,0.00000,0.00000,0.00000,0.00000,none
9.19583,-87.47348,-87.47348,0.00000,0.00000,0.00000,-65.08621,0.00000,0.00000,30.00000,-92.52652,-0.11220,1.09609,6.50862,0.00000,0.00000,0.00000,0.00000,none
9.20000,-87.47348,-87.47348,0.00000,0.00000,0.00000,-65.08621,0.00000,0.00000,30.00000,-92.52652,-0.11220,1.09609,6.50862,0.00000,0.00000,0.00000,0.00000,none
9.20417,-87.47348,-87.47348,0.00000,0.00000,0.00000,-65.08621,0.00000,0.00000,30.00000,-92.52652,-0.11220,1.09609,6.50862,0.00000,0.00000,0.00000,0.00000,none
9.20833,-87.47348,-87.47348,0.00000,0.00000,0.00000,-65.08621,0.00000,0.00000,30.00000,-92.52652,-0.11220,1.09609,6.50862,0.00000,0.00000,0.00000,0.00000,none
9.21250,-87.47348,-87.47348,0.00000,0.00000,0.00000,-65.08621,0.00000,0.00000,30.00000,-92.52652,-0.11220,1.09609,6.50862,0.00000,0.00000,0.00000,0.00000,none
9.21667,-87.47348,-87.47348,0.00000,0.00000,0.00000,-65.08621,0.00000,0.00000,30.00000,-92.52652,-0.11220,1.09609,6.50862,0.00000,0.00000,0.00000,0.00000,none
9.22083,-87.47348,-87.47348,0.00000,0.00000,0.00000,-65.08621,0.00000,0.00000,30.00000,-92.52652,-0.11220,1.09609,6.50862,0.00000,0.00000,0.00000,0.00000,none
9.22500,-87.47348,-87.47348,0.00000,0.00000,0.00000,-65.08621,0.00000,0.00000,30.00000,-92.52652,-0.11220,1.09609,6.50862,0.00000,0.00000,0.00000,0.00000,none
9.22917,-87.47348,-87.47348,0.00000,0.00000,0.00000,-65.08621,0.00000,0.00000,30.00000,-92.52652,-0.11220,1.09609,6.50862,0.00000,0.00000,0.00000,0.00000,none
9.23333,-87.47348,-87.47348,0.00000,0.00000,0.00000,-65.08621,0.00000,0.00000,30.00000,-92.52652,-0.11220,1.09609,6.50862,0.00000,0.00000,0.00000,0.00000,none
9.23750,-87.47348,-87.47348,0.00000,0.00000,0.00000,-65.08621,0.00000,0.00000,30.00000,-92.52652,-0.11220,1.09609,6.50862,0.00000,0.00000,0.00000,0.00000,none
9.24167,-87.47348,-87.47348,0.00000,0.00000,0.00000,-65.08621,0.00000,0.00000,30.00000,-92.52652,-0.11220,1.09609,6.50862,0.00000,0.00000,0.00000,0.00000,none
9.24583,-87.47348,-87.47348,0.00000,0.00000,0.00000,-65.08621,0.00000,0.00000,30.00000,-92.52652,-0.11220,1.09609,6.50862,0.00000,0.00000,0.00000,0.00000,none
9.25000,-87.47348,-87.47348,0.00000,0.00000,0.00000,-65.08621,0.00000,0.00000,30.00000,-92.52652,-0.11220,1.09609,6.50862,0.00000,0.00000,0.00000,0.00000,none
9.25417,-87.47348,-87.47348,0.00000,0.00000,0.00000,-65.08621,0.00000,0.00000,30.00000,-92.52652,-0.11220,1.09609,6.50862,0.00000,0.00000,0.00000,0.00000,none
9.25833,-87.47348,-87.47348,0.00000,0.00000,0.00000,-65.08621,0.00000,0.00000,30.00000,-92.52652,-0.11220,1.09609,6.50862,0.00000,0.00000,0.00000,0.00000,none
9.26250,-87.47348,-87.47348,0.00000,0.00000,0.00000,-65.08621,0.00000,0.00000,30.00000,-92.52652,-0.11220,1.09609,6.50862,0.00000,0.00000,0.00000,0.00000,none
9.26667,-87.47348,-87.47348,0.00000,0.00000,0.00000,-65.08621,0.00000,0.00000,30.00000,-92.52652,-0.11220,1.09609,6.50862,0.00000,0.00000,0.00000,0.00000,none
9.27083,-87.47348,-87.47348,0.00000,0.00000,0.00000,-65.08621,0.00000,0.00000,30.00000,-92.52652,-0.11220,1.09609,6.50862,0.00000,0.00000,0.00000,0.00000,none
9.27500,-87.47348,-87.47348,0.00000,0.00000,0.00000,-65.08621,0.00000,0.00000,30.00000,-92.52652,-0.11220,1.09609,6.50862,0.00000,0.00000,0.00000,0.00000,none
9.27917,-87.47348,-87.47348,0.00000,0.00000,0.00000,-65.08621,0.00000,0.00000,30.00000,-92.52652,-0.11220,1.09609,6.50862,0.00000,0.00000,0.00000,0.00000,none
9.28333,-87.47348,-87.47348,0.00000,0.00000,0.00000,-65.08621,0.00000,0.00000,30.00000,-92.52652,-0.11220,1.09609,6.50862,0.00000,0.00000,0.00000,0.00000,none
9.28750,-87.47348,-87.47348,0.00000,0.00000,0.00000,-65.08621,0.00000,0.00000,30.00000,-92.52652,-0.11220,1.09609,6.50862,0.00000,0.00000,0.00000,0.00000,none
9.29167,-87.47348,-87.47348,0.00000,0.00000,0.00000,-65.08621,0.00000,0.00000,30.00000,-92.52652,-0.11220,1.09609,6.50862,0.00000,0.00000,0.00000,0.00000,none
9.29583,-87.47348,-87.47348,0.00000,0.00000,0.00000,-65.08621,0.00000,0.00000,30.00000,-92.52652,-0.11220,1.09609,6.50862,0.00000,0.00000,0.00000,0.00000,none
9.30000,-87.47348,-87.47348,0.00000,0.00000,0.00000,-65.08621,0.00000,0.00000,30.00000,-92.52652,-0.11220,1.09609,6.50862,0.00000,0.00000,0.00000,0.00000,none
9.30417,-87.47348,-87.47348,0.00000,0.00000,0.00000,-65.08621,0.00000,0.00000,30.00000,-92.52652,-0.11220,1.09609,6.50862,0.00000,0.00000,0.00000,0.00000,none
9.30833,-87.47348,-87.47348,0.00000,0.00000,0.00000,-65.08621,0.00000,0.00000,30.00000,-92.52652,-0.11220,1.09609,6.50862,0.00000,0.00000,0.00000,0.00000,none
9.31250,-87.47348,-87.47348,0.00000,0.00000,0.00000,-65.08621,0.00000,0.00000,30.00000,-92.52652,-0.11220,1.09609,6.50862,0.00000,0.00000,0.00000,0.00000,none
9.31667,-87.47348,-87.47348,0.00000,0.00000,0.00000,-65.08621,0.00000,0.00000,30.00000,-92.52652,-0.11220,1.09609,6.50862,0.00000,0.00000,0.00000,0.00000,none
9.32083,-87.47348,-87.47348,0.00000,0.00000,0.00000,-65.08621,0.00000,0.00000,30.00000,-92.52652,-0.11220,1.09609,6.50862,0.00000,0.00000,0.00000,0.00000,none
9.32500,-87.47348,-87.47348,0.00000,0.00000,0.00000,-65.08621,0.00000,0.00000,30.00000,-92.52652,-0.11220,1.09609,6.50862,0.00000,0.00000,0.00000,0.00000,none
9.32917,-87.47348,-87.47348,0.00000,0.00000,0.00000,-65.08621,0.00000,0.00000,30.00000,-92.52652,-0.11220,1.09609,6.50862,0.00000,0.00000,0.00000,0.00000,none
9.33333,-87.47348,-87.47348,0.00000,0.00000,0.00000,-65.08621,0.00000,0.00000,30.00000,-92.52652,-0.11220,1.09609,6.50862,0.00000,0.00000,0.00000,0.00000,none
9.33750,-87.47348,-87.47348,0.00000,0.00000,0.00000,-65.08621,0.00000,0.00000,30.00000,-92.52652,-0.11220,1.09609,6.50862,0.00000,0.00000,0.00000,0.00000,none
9.34167,-87.47348,-87.47348,0.00000,0.00000,0.00000,-65.08621,0.00000,0.00000,30.00000,-92.52652,-0.11220,1.09609,6.50862,0.00000,0.00000,0.00000,0.00000,none
9.34583,-87.47348,-87.47348,0.00000,0.00000,0.00000,-65.08621,0.00000,0.00000,30.00000,-92.52652,-0.11220,1.09609,6.50862,0.00000,0.00000,0.00000,0.00000,none
9.35000,-87.47348,-87.47348,0.00000,0.00000,0.00000,-65.08621,0.00000,0.00000,30.00000,-92.52652,-0.11220,1.09609,6.50862,0.00000,0.00000,0.00000,0.00000,none
9.35417,-87.47348,-87.47348,0.00000,0.00000,0.00000,-65.08621,0.00000,0.00000,30.00000,-92.52652,-0.11220,1.09609,6.50862,0.00000,0.00000,0.00000,0.00000,none
9.35833,-87.47348,-87.47348,0.00000,0.00000,0.00000,-65.08621,0.00000,0.00000,30.00000,-92.52652,-0.11220,1.09609,6.50862,0.00000,0.00000,0.00000,0.00000,none
9.36250,-87.47348,-87.47348,0.00000,0.00000,0.00000,-65.08621,0.00000,0.00000,30.00000,-92.52652,-0.11220,1.09609,6.50862,0.00000,0.00000,0.00000,0.00000,none
9.36667,-87.47348,-87.47348,0.00000,0.00000,0.00000,-65.08621,0.00000,0.00000,30.00000,-92.52652,-0.11220,1.09609,6.50862,0.00000,0.00000,0.00000,0.00000,none
9.37083,-87.47348,-87.47348,0.00000,0.00000,0.00000,-65.08621,0.00000,0.00000,30.00000,-92.52652,-0.11220,1.09609,6.50862,0.00000,0.00000,0.00000,0.00000,none
9.37500,-87.47348,-87.47348,0.00000,0.00000,0.00000,-65.08621,0.00000,0.00000,30.00000,-92.52652,-0.11220,1.09609,6.50862,0.00000,0.00000,0.00000,0.00000,none
9.37917,-87.47348,-87.47348,0.00000,0.00000,0.00000,-65.08621,0.00000,0.00000,30.00000,-92.52652,-0.11220,1.09609,6.50862,0.00000,0.00000,0.00000,0.00000,none
9.38333,-87.47348,-87.47348,0.00000,0.00000,0.00000,-65.08621,0.00000,0.00000,30.00000,-92.52652,-0.11220,1.09609,6.50862,0.00000,0.00000,0.00000,0.00000,none
9.38750,-87.47348,-87.47348,0.00000,0.00000,0.00000,-65.08621,0.00000,0.00000,30.00000,-92.52652,-0.11220,1.09609,6.50862,0.00000,0.00000,0.00000,0.00000,none
9.39167,-87.47348,-87.47348,0.00000,0.00000,0.00000,-65.08621,0.00000,0.00000,30.00000,-92.52652,-0.11220,1.09609,6.50862,0.00000,0.00000,0.00000,0.00000,none
9.39583,-87.47348,-87.47348,0.00000,0.00000,0.00000,-65.08621,0.00000,0.00000,30.00000,-92.52652,-0.11220,1.09609,6.50862,0.00000,0.00000,0.00000,0.00000,none
9.40000,-87.47348,-87.47348,0.00000,0.00000,0.00000,-65.08621,0.00000,0.00000,30.00000,-92.52652,-0.11220,1.09609,6.50862,0.00000,0.00000,0.00000,0.00000,none
9.40417,-87.47348,-87.47348,0.00000,0.00000,0.00000,-65.08621,0.00000,0.00000,30.00000,-92.52652,-0.11220,1.09609,6.50862,0.00000,0.00000,0.00000,0.00000,none
9.40833,-87.47348,-87.47348,0.00000,0.00000,0.00000,-65.08621,0.00000,0.00000,30.00000,-92.52652,-0.11220,1.09609,6.50862,0.00000,0.00000,0.00000,0.00000,none
9.41250,-87.47348,-87.47348,0.00000,0.00000,0.00000,-65.08621,0.00000,0.00000,30.00000,-92.52652,-0.11220,1.09609,6.50862,0.00000,0.00000,0.00000,0.00000,none
9.41667,-87.47348,-87.47348,0.00000,0.00000,0.00000,-65.08621,0.00000,0.00000,30.00000,-92.52652,-0.11220,1.09609,6.50862,0.00000,0.00000,0.00000,0.00000,none
9.42083,-87.47348,-87.47348,0.00000,0.00000,0.00000,-65.08621,0.00000,0.00000,30.00000,-92.52652,-0.11220,1.09609,6.50862,0.00000,0.00000,0.00000,0.00000,none
9.42500,-87.47348,-87.47348,0.00000,0.00000,0.00000,-65.08621,0.00000,0.00000,30.00000,-92.52652,-0.11220,1.09609,6.50862,0.00000,0.00000,0.00000,0.00000,none
9.42917,-87.47348,-87.47348,0.00000,0.00000,0.00000,-65.08621,0.00000,0.00000,30.00000,-92.52652,-0.11220,1.09609,6.50862,0.00000,0.00000,0.00000,0.00000,none
9.43333,-87.47348,-87.47348,0.00000,0.00000,0.00000,-65.08621,0.00000,0.00000,30.00000,-92.52652,-0.11220,1.09609,6.50862,0.00000,0.00000,0.00000,0.00000,none
9.43750,-87.47348,-87.47348,0.00000,0.00000,0.00000,-65.08621,0.00000,0.00000,30.00000,-92.52652,-0.11220,1.09609,6.50862,0.00000,0.00000,0.00000,0.00000,none
9.44167,-87.47348,-87.47348,0.00000,0.00000,0.00000,-65.08621,0.00000,0.00000,30.00000,-92.52652,-0.11220,1.09609,6.50862,0.00000,0.00000,0.00000,0.00000,none
9.44583,-87.47348,-87.47348,0.00000,0.00000,0.00000,-65.08621,0.00000,0.00000,30.00000,-92.52652,-0.11220,1.09609,6.50862,0.00000,0.00000,0.00000,0.00000,none
9.45000,-87.47348,-87.47348,0.00000,0.00000,0.00000,-65.08621,0.00000,0.00000,30.00000,-92.52652,-0.11220,1.09609,6.50862,0.00000,0.00000,0.00000,0.00000,none
9.45417,-87.47348,-87.47348,0.00000,0.00000,0.00000,-65.08621,0.00000,0.00000,30.00000,-92.52652,-0.11220,1.09609,6.50862,0.00000,0.00000,0.00000,0.00000,none
9.45833,-87.47348,-87.47348,0.00000,0.00000,0.00000,-65.08621,0.00000,0.00000,30.00000,-92.52652,-0.11220,1.09609,6.50862,0.00000,0.00000,0.00000,0.00000,none
9.46250,-87.47348,-87.47348,0.00000,0.00000,0.00000,-65.08621,0.00000,0.00000,30.00000,-92.52652,-0.11220,1.09609,6.50862,0.00000,0.00000,0.00000,0.00000,none
9.46667,-87.47348,-87.47348,0.00000,0.00000,0.00000,-65.08621,0.00000,0.00000,30.00000,-92.52652,-0.11220,1.09609,6.50862,0.00000,0.00000,0.00000,0.00000,none
9.47083,-87.47348,-87.47348,0.00000,0.00000,0.00000,-65.08621,0.00000,0.00000,30.00000,-92.52652,-0.11220,1.09609,6.50862,0.00000,0.00000,0.00000,0.00000,none
9.47500,-87.47348,-87.47348,0.00000,0.00000,0.00000,-65.08621,0.00000,0.00000,30.00000,-92.52652,-0.11220,1.09609,6.50862,0.00000,0.00000,0.00000,0.00000,none
9.47917,-87.47348,-87.47348,0.00000,0.00000,0.00000,-65.08621,0.00000,0.00000,30.00000,-92.52652,-0.11220,1.09609,6.50862,0.00000,0.00000,0.00000,0.00000,none
9.48333,-87.47348,-87.47348,0.00000,0.00000,0.00000,-65.08621,0.00000,0.00000,30.00000,-92.52652,-0.11220,1.09609,6.50862,0.00000,0.00000,0.00000,0.00000,none
9.48750,-87.47348,-87.47348,0.00000,0.00000,0.00000,-65.08621,0.00000,0.00000,30.00000,-92.52652,-0.11220,1.09609,6.50862,0.00000,0.00000,0.00000,0.00000,none
9.49167,-87.47348,-87.47348,0.00000,0.00000,0.00000,-65.08621,0.00000,0.00000,30.00000,-92.52652,-0.11220,1.09609,6.50862,0.00000,0.00000,0.00000,0.00000,none
9.49583,-87.47348,-87.47348,0.00000,0.00000,0.00000,-65.08621,0.00000,0.00000,30.00000,-92.52652,-0.11220,1.09609,6.50862,0.00000,0.00000,0.00000,0.00000,none
9.50000,-87.47348,-87.47348,0.00000,0.00000,0.00000,-65.08621,0.00000,0.00000,30.00000,-92.52652,-0.11220,1.09609,6.50862,0.00000,0.00000,0.00000,0.00000,none
9.50417,-87.47348,-87.47348,0.00000,0.00000,0.00000,-65.08621,0.00000,0.00000,30.00000,-92.52652,-0.11220,1.09609,6.50862,0.00000,0.00000,0.00000,0.00000,none
9.50833,-87.47348,-87.47348,0.00000,0.00000,0.00000,-65.08621,0.00000,0.00000,30.00000,-92.52652,-0.11220,1.09609,6.50862,0.00000,0.00000,0.00000,0.00000,none
9.51250,-87.47348,-87.47348,0.00000,0.00000,0.00000,-65.08621,0.00000,0.00000,30.00000,-92.52652,-0.11220,1.09609,6.50862,0.00000,0.00000,0.00000,0.00000,none
9.51667,-87.47348,-87.47348,0.00000,0.00000,0.00000,-65.08621,0.00000,0.00000,30.00000,-92.52652,-0.11220,1.09609,6.50862,0.00000,0.00000,0.00000,0.00000,none
9.52083,-87.47348,-87.47348,0.00000,0.00000,0.00000,-65.08621,0.00000,0.00000,30.00000,-92.52652,-0.11220,1.09609,6.50862,0.00000,0.00000,0.00000,0.00000,none
9.52500,-87.47348,-87.47348,0.00000,0.00000,0.00000,-65.08621,0.00000,0.00000,30.00000,-92.52652,-0.11220,1.09609,6.50862,0.00000,0.00000,0.00000,0.00000,none
9.52917,-87.47348,-87.47348,0.00000,0.00000,0.00000,-65.08621,0.00000,0.00000,30.00000,-92.52652,-0.11220,1.09609,6.50862,0.00000,0.00000,0.00000,0.00000,none
9.53333,-87.47348,-87.47348,0.00000,0.00000,0.00000,-65.08621,0.00000,0.00000,30.00000,-92.52652,-0.11220,1.09609,6.50862,0.00000,0.00000,0.00000,0.00000,none
9.53750,-87.47348,-87.47348,0.00000,0.00000,0.00000,-65.08621,0.00000,0.00000,30.00000,-92.52652,-0.11220,1.09609,6.50862,0.00000,0.00000,0.00000,0.00000,none
9.54167,-87.47348,-87.47348,0.00000,0.00000,0.00000,-65.08621,0.00000,0.00000,30.00000,-92.52652,-0.11220,1.09609,6.50862,0.00000,0.00000,0.00000,0.00000,none
9.54583,-87.47348,-87.47348,0.00000,0.00000,0.00000,-65.08621,0.00000,0.00000,30.00000,-92.52652,-0.11220,1.09609,6.50862,0.00000,0.00000,0.00000,0.00000,none
9.55000,-87.47348,-87.47348,0.00000,0.00000,0.00000,-65.08621,0.00000,0.00000,30.00000,-92.52652,-0.11220,1.09609,6.50862,0.00000,0.00000,0.00000,0.00000,none
9.55417,-87.47348,-87.47348,0.00000,0.00000,0.00000,-65.08621,0.00000,0.00000,30.00000,-92.52652,-0.11220,1.09609,6.50862,0.00000,0.00000,0.00000,0.00000,none
9.55833,-87.47348,-87.47348,0.00000,0.00000,0.00000,-65.08621,0.00000,0.00000,30.00000,-92.52652,-0.11220,1.09609,6.50862,0.00000,0.00000,0.00000,0.00000,none
9.56250,-87.47348,-87.47348,0.00000,0.00000,0.00000,-65.08621,0.00000,0.00000,30.00000,-92.52652,-0.11220,1.09609,6.50862,0.00000,0.00000,0.00000,0.00000,none
9.56667,-87.47348,-87.47348,0.00000,0.00000,0.00000,-65.08621,0.00000,0.00000,30.00000,-92.52652,-0.11220,1.09609,6.50862,0.00000,0.00000,0.00000,0.00000,none
9.57083,-87.47348,-87.47348,0.00000,0.00000,0.00000,-65.08621,0.00000,0.00000,30.00000,-92.52652,-0.11220,1.09609,6.50862,0.00000,0.00000,0.00000,0.00000,none
9.57500,-87.47348,-87.47348,0.00000,0.00000,0.00000,-65.08621,0.00000,0.00000,30.00000,-92.52652,-0.11220,1.09609,6.50862,0.00000,0.00000,0.00000,0.00000,none
9.57917,-87.47348,-87.47348,0.00000,0.00000,0.00000,-65.08621,0.00000,0.00000,30.00000,-92.52652,-0.11220,1.09609,6.50862,0.00000,0.00000,0.00000,0.00000,none
9.58333,-87.47348,-87.47348,0.00000,0.00000,0.00000,-65.08621,0.00000,0.00000,30.00000,-92.52652,-0.11220,1.09609,6.50862,0.00000,0.00000,0.00000,0.00000,none
9.58750,-87.47348,-87.47348,0.00000,0.00000,0.00000,-65.08621,0.00000,0.00000,30.00000,-92.52652,-0.11220,1.09609,6.50862,0.00000,0.00000,0.00000,0.00000,none
9.59167,-87.47348,-87.47348,0.00000,0.00000,0.00000,-65.08621,0.00000,0.00000,30.00000,-92.52652,-0.11220,1.09609,6.50862,0.00000,0.00000,0.00000,0.00000,none
9.59583,-87.47348,-87.47348,0.00000,0.00000,0.00000,-65.08621,0.00000,0.00000,30.00000,-92.52652,-0.11220,1.09609,6.50862,0.00000,0.00000,0.00000,0.00000,none
9.60000,-87.47348,-87.47348,0.00000,0.00000,0.00000,-65.08621,0.00000,0.00000,30.00000,-92.52652,-0.11220,1.09609,6.50862,0.00000,0.00000,0.00000,0.00000,none
9.60417,-87.47348,-87.47348,0.00000,0.00000,0.00000,-65.08621,0.00000,0.00000,30.00000,-92.52652,-0.11220,1.09609,6.50862,0.00000,0.00000,0.00000,0.00000,none
9.60833,-87.47348,-87.47348,0.00000,0.00000,0.00000,-65.08621,0.00000,0.00000,30.00000,-92.52652,-0.11220,1.09609,6.50862,0.00000,0.00000,0.00000,0.00000,none
9.61250,-87.47348,-87.47348,0.00000,0.00000,0.00000,-65.08621,0.00000,0.00000,30.00000,-92.52652,-0.11220,1.09609,6.50862,0.00000,0.00000,0.00000,0.00000,none
9.61667,-87.47348,-87.47348,0.00000,0.00000,0.00000,-65.08621,0.00000,0.00000,30.00000,-92.52652,-0.11220,1.09609,6.50862,0.00000,0.00000,0.00000,0.00000,none
9.62083,-87.47348,-87.47348,0.00000,0.00000,0.00000,-65.08621,0.00000,0.00000,30.00000,-92.52652,-0.11220,1.09609,6.50862,0.00000,0.00000,0.00000,0.00000,none
9.62500,-87.47348,-87.47348,0.00000,0.00000,0.00000,-65.08621,0.00000,0.00000,30.00000,-92.52652,-0.11220,1.09609,6.50862,0.00000,0.00000,0.00000,0.00000,none
9.62917,-87.47348,-87.47348,0.00000,0.00000,0.00000,-65.08621,0.00000,0.00000,30.00000,-92.52652,-0.11220,1.09609,6.50862,0.00000,0.00000,0.00000,0.00000,none
9.63333,-87.47348,-87.47348,0.00000,0.00000,0.00000,-65.08621,0.00000,0.00000,30.00000,-92.52652,-0.11220,1.09609,6.50862,0.00000,0.00000,0.00000,0.00000,none
9.63750,-87.47348,-87.47348,0.00000,0.00000,0.00000,-65.08621,0.00000,0.00000,30.00000,-92.52652,-0.11220,1.09609,6.50862,0.00000,0.00000,0.00000,0.00000,none
9.64167,-87.47348,-87.47348,0.00000,0.00000,0.00000,-65.08621,0.00000,0.00000,30.00000,-92.52652,-0.11220,1.09609,6.50862,0.00000,0.00000,0.00000,0.00000,none
9.64583,-87.47348,-87.47348,0.00000,0.00000,0.00000,-65.08621,0.00000,0.00000,30.00000,-92.52652,-0.11220,1.09609,6.50862,0.00000,0.00000,0.00000,0.00000,none
9.65000,-87.47348,-87.47348,0.00000,0.00000,0.00000,-65.08621,0.00000,0.00000,30.00000,-92.52652,-0.11220,1.09609,6.50862,0.00000,0.00000,0.00000,0.00000,none
9.65417,-87.47348,-87.47348,0.00000,0.00000,0.00000,-65.08621,0.00000,0.00000,30.00000,-92.52652,-0.11220,1.09609,6.50862,0.00000,0.00000,0.00000,0.00000,none
9.65833,-87.47348,-87.47348,0.00000,0.00000,0.00000,-65.08621,0.00000,0.00000,30.00000,-92.52652,-0.11220,1.09609,6.50862,0.00000,0.00000,0.00000,0.00000,none
9.66250,-87.47348,-87.47348,0.00000,0.00000,0.00000,-65.08621,0.00000,0.00000,30.00000,-92.52652,-0.11220,1.09609,6.50862,0.00000,0.00000,0.00000,0.00000,none
9.66667,-87.47348,-87.47348,0.00000,0.00000,0.00000,-65.08621,0.00000,0.00000,30.00000,-92.52652,-0.11220,1.09609,6.50862,0.00000,0.00000,0.00000,0.00000,none
9.67083,-87.47348,-87.47348,0.00000,0.00000,0.00000,-65.08621,0.00000,0.00000,30.00000,-92.52652,-0.11220,1.09609,6.50862,0.00000,0.00000,0.00000,0.00000,none
9.67500,-87.47348,-87.47348,0.00000,0.00000,0.00000,-65.08621,0.00000,0.00000,30.00000,-92.52652,-0.11220,1.09609,6.50862,0.00000,0.00000,0.00000,0.00000,none
9.67917,-87.47348,-87.47348,0.00000,0.00000,0.00000,-65.08621,0.00000,0.00000,30.00000,-92.52652,-0.11220,1.09609,6.50862,0.00000,0.00000,0.00000,0.00000,none
9.68333,-87.47348,-87.47348,0.00000,0.00000,0.00000,-65.08621,0.00000,0.00000,30.00000,-92.52652,-0.11220,1.09609,6.50862,0.00000,0.00000,0.00000,0.00000,none
9.68750,-87.47348,-87.47348,0.00000,0.00000,0.00000,-65.08621,0.00000,0.00000,30.00000,-92.52652,-0.11220,1.09609,6.50862,0.00000,0.00000,0.00000,0.00000,none
9.69167,-87.47348,-87.47348,0.00000,0.00000,0.00000,-65.08621,0.00000,0.00000,30.00000,-92.52652,-0.11220,1.09609,6.50862,0.00000,0.00000,0.00000,0.00000,none
9.69583,-87.47348,-87.47348,0.00000,0.00000,0.00000,-65.08621,0.00000,0.00000,30.00000,-92.52652,-0.11220,1.09609,6.50862,0.00000,0.00000,0.00000,0.00000,none
9.70000,-87.47348,-87.47348,0.00000,0.00000,0.00000,-65.08621,0.00000,0.00000,30.00000,-92.52652,-0.11220,1.09609,6.50862,0.00000,0.00000,0.00000,0.00000,none
9.70417,-87.47348,-87.47348,0.00000,0.00000,0.00000,-65.08621,0.00000,0.00000,30.00000,-92.52652,-0.11220,1.09609,6.50862,0.00000,0.00000,0.00000,0.00000,none
9.70833,-87.47348,-87.47348,0.00000,0.00000,0.00000,-65.08621,0.00000,0.00000,30.00000,-92.52652,-0.11220,1.09609,6.50862,0.00000,0.00000,0.00000,0.00000,none
9.71250,-87.47348,-87.47348,0.00000,0.00000,0.00000,-65.08621,0.00000,0.00000,30.00000,-92.52652,-0.11220,1.09609,6.50862,0.00000,0.00000,0.00000,0.00000,none
9.71667,-87.47348,-87.47348,0.00000,0.00000,0.00000,-65.08621,0.00000,0.00000,30.00000,-92.52652,-0.11220,1.09609,6.50862,0.00000,0.00000,0.00000,0.00000,none
9.72083,-87.47348,-87.47348,0.00000,0.00000,0.00000,-65.08621,0.00000,0.00000,30.00000,-92.52652,-0.11220,1.09609,6.50862,0.00000,0.00000,0.00000,0.00000,none
9.72500,-87.47348,-87.47348,0.00000,0.00000,0.00000,-65.08621,0.00000,0.00000,30.00000,-92.52652,-0.11220,1.09609,6.50862,0.00000,0.00000,0.00000,0.00000,none
9.72917,-87.47348,-87.47348,0.00000,0.00000,0.00000,-65.08621,0.00000,0.00000,30.00000,-92.52652,-0.11220,1.09609,6.50862,0.00000,0.00000,0.00000,0.00000,none
9.73333,-87.47348,-87.47348,0.00000,0.00000,0.00000,-65.08621,0.00000,0.00000,30.00000,-92.52652,-0.11220,1.09609,6.50862,0.00000,0.00000,0.00000,0.00000,none
9.73750,-87.47348,-87.47348,0.00000,0.00000,0.00000,-65.08621,0.00000,0.00000,30.00000,-92.52652,-0.11220,1.09609,6.50862,0.00000,0.00000,0.00000,0.00000,none
9.74167,-87.47348,-87.47348,0.00000,0.00000,0.00000,-65.08621,0.00000,0.00000,30.00000,-92.52652,-0.11220,1.09609,6.50862,0.00000,0.00000,0.00000,0.00000,none
9.74583,-87.47348,-87.47348,0.00000,0.00000,0.00000,-65.08621,0.00000,0.00000,30.00000,-92.52652,-0.11220,1.09609,6.50862,0.00000,0.00000,0.00000,0.00000,none
9.75000,-87.47348,-87.47348,0.00000,0.00000,0.00000,-65.08621,0.00000,0.00000,30.00000,-92.52652,-0.11220,1.09609,6.50862,0.00000,0.00000,0.00000,0.00000,none
9.75417,-87.47348,-87.47348,0.00000,0.00000,0.00000,-65.08621,0.00000,0.00000,30.00000,-92.52652,-0.11220,1.09609,6.50862,0.00000,0.00000,0.00000,0.00000,none
9.75833,-87.47348,-87.47348,0.00000,0.00000,0.00000,-65.08621,0.00000,0.00000,30.00000,-92.52652,-0.11220,1.09609,6.50862,0.00000,0.00000,0.00000,0.00000,none
9.76250,-87.47348,-87.47348,0.00000,0.00000,0.00000,-65.08621,0.00000,0.00000,30.00000,-92.52652,-0.11220,1.09609,6.50862,0.00000,0.00000,0.00000,0.00000,none
9.76667,-87.47348,-87.47348,0.00000,0.00000,0.00000,-65.08621,0.00000,0.00000,30.00000,-92.52652,-0.11220,1.09609,6.50862,0.00000,0.00000,0.00000,0.00000,none
9.77083,-87.47348,-87.47348,0.00000,0.00000,0.00000,-65.08621,0.00000,0.00000,30.00000,-92.52652,-0.11220,1.09609,6.50862,0.00000,0.00000,0.00000,0.00000,none
9.77500,-87.47348,-87.47348,0.00000,0.00000,0.00000,-65.08621,0.00000,0.00000,30.00000,-92.52652,-0.11220,1.09609,6.50862,0.00000,0.00000,0.00000,0.00000,none
9.77917,-87.47348,-87.47348,0.00000,0.00000,0.00000,-65.08621,0.00000,0.00000,30.00000,-92.52652,-0.11220,1.09609,6.50862,0.00000,0.00000,0.00000,0.00000,none
9.78333,-87.47348,-87.47348,0.00000,0.00000,0.00000,-65.08621,0.00000,0.00000,30.00000,-92.52652,-0.11220,1.09609,6.50862,0.00000,0.00000,0.00000,0.00000,none
9.78750,-87.47348,-87.47348,0.00000,0.00000,0.00000,-65.08621,0.00000,0.00000,30.00000,-92.52652,-0.11220,1.09609,6.50862,0.00000,0.00000,0.00000,0.00000,none
9.79167,-87.47348,-87.47348,0.00000,0.00000,0.00000,-65.08621,0.00000,0.00000,30.00000,-92.52652,-0.11220,1.09609,6.50862,0.00000,0.00000,0.00000,0.00000,none
9.79583,-87.47348,-87.47348,0.00000,0.00000,0.00000,-65.08621,0.00000,0.00000,30.00000,-92.52652,-0.11220,1.09609,6.50862,0.00000,0.00000,0.00000,0.00000,none
9.80000,-87.47348,-87.47348,0.00000,0.00000,0.00000,-65.08621,0.00000,0.00000,30.00000,-92.52652,-0.11220,1.09609,6.50862,0.00000,0.00000,0.00000,0.00000,none
9.80417,-87.47348,-87.47348,0.00000,0.00000,0.00000,-65.08621,0.00000,0.00000,30.00000,-92.52652,-0.11220,1.09609,6.50862,0.00000,0.00000,0.00000,0.00000,none
9.80833,-87.47348,-87.47348,0.00000,0.00000,0.00000,-65.08621,0.00000,0.00000,30.00000,-92.52652,-0.11220,1.09609,6.50862,0.00000,0.00000,0.00000,0.00000,none
9.81250,-87.47348,-87.47348,0.00000,0.00000,0.00000,-65.08621,0.00000,0.00000,30.00000,-92.52652,-0.11220,1.09609,6.50862,0.00000,0.00000,0.00000,0.00000,none
9.81667,-87.47348,-87.47348,0.00000,0.00000,0.00000,-65.08621,0.00000,0.00000,30.00000,-92.52652,-0.11220,1.09609,6.50862,0.00000,0.00000,0.00000,0.00000,none
9.82083,-87.47348,-87.47348,0.00000,0.00000,0.00000,-65.08621,0.00000,0.00000,30.00000,-92.52652,-0.11220,1.09609,6.50862,0.00000,0.00000,0.00000,0.00000,none
9.82500,-87.47348,-87.47348,0.00000,0.00000,0.00000,-65.08621,0.00000,0.00000,30.00000,-92.52652,-0.11220,1.09609,6.50862,0.00000,0.00000,0.00000,0.00000,none
9.82917,-87.47348,-87.47348,0.00000,0.00000,0.00000,-65.08621,0.00000,0.00000,30.00000,-92.52652,-0.11220,1.09609,6.50862,0.00000,0.00000,0.00000,0.00000,none
9.83333,-87.47348,-87.47348,0.00000,0.00000,0.00000,-65.08621,0.00000,0.00000,30.00000,-92.52652,-0.11220,1.09609,6.50862,0.00000,0.00000,0.00000,0.00000,none
9.83750,-87.47348,-87.47348,0.00000,0.00000,0.00000,-65.08621,0.00000,0.00000,30.00000,-92.52652,-0.11220,1.09609,6.50862,0.00000,0.00000,0.00000,0.00000,none
9.84167,-87.47348,-87.47348,0.00000,0.00000,0.00000,-65.08621,0.00000,0.00000,30.00000,-92.52652,-0.11220,1.09609,6.50862,0.00000,0.00000,0.00000,0.00000,none
9.84583,-87.47348,-87.47348,0.00000,0.00000,0.00000,-65.08621,0.00000,0.00000,30.00000,-92.52652,-0.11220,1.09609,6.50862,0.00000,0.00000,0.00000,0.00000,none
9.85000,-87.47348,-87.47348,0.00000,0.00000,0.00000,-65.08621,0.00000,0.00000,30.00000,-92.52652,-0.11220,1.09609,6.50862,0.00000,0.00000,0.00000,0.00000,none
9.85417,-87.47348,-87.47348,0.00000,0.00000,0.00000,-65.08621,0.00000,0.00000,30.00000,-92.52652,-0.11220,1.09609,6.50862,0.00000,0.00000,0.00000,0.00000,none
9.85833,-87.47348,-87.47348,0.00000,0.00000,0.00000,-65.08621,0.00000,0.00000,30.00000,-92.52652,-0.11220,1.09609,6.50862,0.00000,0.00000,0.00000,0.00000,none
9.86250,-87.47348,-87.47348,0.00000,0.00000,0.00000,-65.08621,0.00000,0.00000,30.00000,-92.52652,-0.11220,1.09609,6.50862,0.00000,0.00000,0.00000,0.00000,none
9.86667,-87.47348,-87.47348,0.00000,0.00000,0.00000,-65.08621,0.00000,0.00000,30.00000,-92.52652,-0.11220,1.09609,6.50862,0.00000,0.00000,0.00000,0.00000,none
9.87083,-87.47348,-87.47348,0.00000,0.00000,0.00000,-65.08621,0.00000,0.00000,30.00000,-92.52652,-0.11220,1.09609,6.50862,0.00000,0.00000,0.00000,0.00000,none
9.87500,-87.47348,-87.47348,0.00000,0.00000,0.00000,-65.08621,0.00000,0.00000,30.00000,-92.52652,-0.11220,1.09609,6.50862,0.00000,0.00000,0.00000,0.00000,none
9.87917,-87.47348,-87.47348,0.00000,0.00000,0.00000,-65.08621,0.00000,0.00000,30.00000,-92.52652,-0.11220,1.09609,6.50862,0.00000,0.00000,0.00000,0.00000,none
9.88333,-87.47348,-87.47348,0.00000,0.00000,0.00000,-65.08621,0.00000,0.00000,30.00000,-92.52652,-0.11220,1.09609,6.50862,0.00000,0.00000,0.00000,0.00000,none
9.88750,-87.47348,-87.47348,0.00000,0.00000,0.00000,-65.08621,0.00000,0.00000,30.00000,-92.52652,-0.11220,1.09609,6.50862,0.00000,0.00000,0.00000,0.00000,none
9.89167,-87.47348,-87.47348,0.00000,0.00000,0.00000,-65.08621,0.00000,0.00000,30.00000,-92.52652,-0.11220,1.09609,6.50862,0.00000,0.00000,0.00000,0.00000,none
9.89583,-87.47348,-87.47348,0.00000,0.00000,0.00000,-65.08621,0.00000,0.00000,30.00000,-92.52652,-0.11220,1.09609,6.50862,0.00000,0.00000,0.00000,0.00000,none
9.90000,-87.47348,-87.47348,0.00000,0.00000,0.00000,-65.08621,0.00000,0.00000,30.00000,-92.52652,-0.11220,1.09609,6.50862,0.00000,0.00000,0.00000,0.00000,none
9.90417,-87.47348,-87.47348,0.00000,0.00000,0.00000,-65.08621,0.00000,0.00000,30.00000,-92.52652,-0.11220,1.09609,6.50862,0.00000,0.00000,0.00000,0.00000,none
9.90833,-87.47348,-87.47348,0.00000,0.00000,0.00000,-65.08621,0.00000,0.00000,30.00000,-92.52652,-0.11220,1.09609,6.50862,0.00000,0.00000,0.00000,0.00000,none
9.91250,-87.47348,-87.47348,0.00000,0.00000,0.00000,-65.08621,0.00000,0.00000,30.00000,-92.52652,-0.11220,1.09609,6.50862,0.00000,0.00000,0.00000,0.00000,none
9.91667,-87.47348,-87.47348,0.00000,0.00000,0.00000,-65.08621,0.00000,0.00000,30.00000,-92.52652,-0.11220,1.09609,6.50862,0.00000,0.00000,0.00000,0.00000,none
9.92083,-87.47348,-87.47348,0.00000,0.00000,0.00000,-65.08621,0.00000,0.00000,30.00000,-92.52652,-0.11220,1.09609,6.50862,0.00000,0.00000,0.00000,0.00000,none
9.92500,-87.47348,-87.47348,0.00000,0.00000,0.00000,-65.08621,0.00000,0.00000,30.00000,-92.52652,-0.11220,1.09609,6.50862,0.00000,0.00000,0.00000,0.00000,none
9.92917,-87.47348,-87.47348,0.00000,0.00000,0.00000,-65.08621,0.00000,0.00000,30.00000,-92.52652,-0.11220,1.09609,6.50862,0.00000,0.00000,0.00000,0.00000,none
9.93333,-87.47348,-87.47348,0.00000,0.00000,0.00000,-65.08621,0.00000,0.00000,30.00000,-92.52652,-0.11220,1.09609,6.50862,0.00000,0.00000,0.00000,0.00000,none
9.93750,-87.47348,-87.47348,0.00000,0.00000,0.00000,-65.08621,0.00000,0.00000,30.00000,-92.52652,-0.11220,1.09609,6.50862,0.00000,0.00000,0.00000,0.00000,none
9.94167,-87.47348,-87.47348,0.00000,0.00000,0.00000,-65.08621,0.00000,0.00000,30.00000,-92.52652,-0.11220,1.09609,6.50862,0.00000,0.00000,0.00000,0.00000,none
9.94583,-87.47348,-87.47348,0.00000,0.00000,0.00000,-65.08621,0.00000,0.00000,30.00000,-92.52652,-0.11220,1.09609,6.50862,0.00000,0.00000,0.00000,0.00000,none
9.95000,-87.47348,-87.47348,0.00000,0.00000,0.00000,-65.08621,0.00000,0.00000,30.00000,-92.52652,-0.11220,1.09609,6.50862,0.00000,0.00000,0.00000,0.00000,none
9.95417,-87.47348,-87.47348,0.00000,0.00000,0.00000,-65.08621,0.00000,0.00000,30.00000,-92.52652,-0.11220,1.09609,6.50862,0.00000,0.00000,0.00000,0.00000,none
9.95833,-87.47348,-87.47348,0.00000,0.00000,0.00000,-65.08621,0.00000,0.00000,30.00000,-92.52652,-0.11220,1.09609,6.50862,0.00000,0.00000,0.00000,0.00000,none
9.96250,-87.47348,-87.47348,0.00000,0.00000,0.00000,-65.08621,0.00000,0.00000,30.00000,-92.52652,-0.11220,1.09609,6.50862,0.00000,0.00000,0.00000,0.00000,none
9.96667,-87.47348,-87.47348,0.00000,0.00000,0.00000,-65.08621,0.00000,0.00000,30.00000,-92.52652,-0.11220,1.09609,6.50862,0.00000,0.00000,0.00000,0.00000,none
9.97083,-87.47348,-87.47348,0.00000,0.00000,0.00000,-65.08621,0.00000,0.00000,30.00000,-92.52652,-0.11220,1.09609,6.50862,0.00000,0.00000,0.00000,0.00000,none
9.97500,-87.47348,-87.47348,0.00000,0.00000,0.00000,-65.08621,0.00000,0.00000,30.00000,-92.52652,-0.11220,1.09609,6.50862,0.00000,0.00000,0.00000,0.00000,none
9.97917,-87.47348,-87.47348,0.00000,0.00000,0.00000,-65.08621,0.00000,0.00000,30.00000,-92.52652,-0.11220,1.09609,6.50862,0.00000,0.00000,0.00000,0.00000,none
9.98333,-87.47348,-87.47348,0.00000,0.00000,0.00000,-65.08621,0.00000,0.00000,30.00000,-92.52652,-0.11220,1.09609,6.50862,0.00000,0.00000,0.00000,0.00000,none
9.98750,-87.47348,-87.47348,0.00000,0.00000,0.00000,-65.08621,0.00000,0.00000,30.00000,-92.52652,-0.11220,1.09609,6.50862,0.00000,0.00000,0.00000,0.00000,none
9.99167,-87.47348,-87.47348,0.00000,0.00000,0.00000,-65.08621,0.00000,0.00000,30.00000,-92.52652,-0.11220,1.09609,6.50862,0.00000,0.00000,0.00000,0.00000,none
9.99583,-87.47348,-87.47348,0.00000,0.00000,0.00000,-65.08621,0.00000,0.00000,30.00000,-92.52652,-0.11220,1.09609,6.50862,0.00000,0.00000,0.00000,0.00000,none
10.00000,-87.47348,-87.47348,0.00000,0.00000,0.00000,-65.08621,0.00000,0.00000,30.00000,-92.52652,-0.11220,1.09609,6.50862,0.00000,0.00000,0.00000,0.00000,none
10.00417,-87.47348,-87.47348,0.00000,0.00000,0.00000,-65.08621,0.00000,0.00000,30.00000,-92.52652,-0.11220,1.09609,6.50862,0.00000,0.00000,0.00000,0.00000,none
10.00833,-87.47348,-87.47348,0.00000,0.00000,0.00000,-65.08621,0.00000,0.00000,30.00000,-92.52652,-0.11220,1.09609,6.50862,0.00000,0.00000,0.00000,0.00000,none
10.01250,-87.47348,-87.47348,0.00000,0.00000,0.00000,-65.08621,0.00000,0.00000,30.00000,-92.52652,-0.11220,1.09609,6.50862,0.00000,0.00000,0.00000,0.00000,none
10.01667,-87.47348,-87.47348,0.00000,0.00000,0.00000,-65.08621,0.00000,0.00000,30.00000,-92.52652,-0.11220,1.09609,6.50862,0.00000,0.00000,0.00000,0.00000,none
10.02083,-87.47348,-87.47348,0.00000,0.00000,0.00000,-65.08621,0.00000,0.00000,30.00000,-92.52652,-0.11220,1.09609,6.50862,0.00000,0.00000,0.00000,0.00000,none
10.02500,-87.47348,-87.47348,0.00000,0.00000,0.00000,-65.08621,0.00000,0.00000,30.00000,-92.52652,-0.11220,1.09609,6.50862,0.00000,0.00000,0.00000,0.00000,none
10.02917,-87.47348,-87.47348,0.00000,0.00000,0.00000,-65.08621,0.00000,0.00000,30.00000,-92.52652,-0.11220,1.09609,6.50862,0.00000,0.00000,0.00000,0.00000,none
10.03333,-87.47348,-87.47348,0.00000,0.00000,0.00000,-65.08621,0.00000,0.00000,30.00000,-92.52652,-0.11220,1.09609,6.50862,0.00000,0.00000,0.00000,0.00000,none
10.03750,-87.47348,-87.47348,0.00000,0.00000,0.00000,-65.08621,0.00000,0.00000,30.00000,-92.52652,-0.11220,1.09609,6.50862,0.00000,0.00000,0.00000,0.00000,none
10.04167,-87.47348,-87.47348,0.00000,0.00000,0.00000,-65.08621,0.00000,0.00000,30.00000,-92.52652,-0.11220,1.09609,6.50862,0.00000,0.00000,0.00000,0.00000,none
10.04583,-87.47348,-87.47348,0.00000,0.00000,0.00000,-65.08621,0.00000,0.00000,30.00000,-92.52652,-0.11220,1.09609,6.50862,0.00000,0.00000,0.00000,0.00000,none
10.05000,-87.47348,-87.47348,0.00000,0.00000,0.00000,-65.08621,0.00000,0.00000,30.00000,-92.52652,-0.11220,1.09609,6.50862,0.00000,0.00000,0.00000,0.00000,none
10.05417,-87.47348,-87.47348,0.00000,0.00000,0.00000,-65.08621,0.00000,0.00000,30.00000,-92.52652,-0.11220,1.09609,6.50862,0.00000,0.00000,0.00000,0.00000,none
10.05833,-87.47348,-87.47348,0.00000,0.00000,0.00000,-65.08621,0.00000,0.00000,30.00000,-92.52652,-0.11220,1.09609,6.50862,0.00000,0.00000,0.00000,0.00000,none
10.06250,-87.47348,-87.47348,0.00000,0.00000,0.00000,-65.08621,0.00000,0.00000,30.00000,-92.52652,-0.11220,1.09609,6.50862,0.00000,0.00000,0.00000,0.00000,none
10.06667,-87.47348,-87.47348,0.00000,0.00000,0.00000,-65.08621,0.00000,0.00000,30.00000,-92.52652,-0.11220,1.09609,6.50862,0.00000,0.00000,0.00000,0.00000,none
10.07083,-87.47348,-87.47348,0.00000,0.00000,0.00000,-65.08621,0.00000,0.00000,30.00000,-92.52652,-0.11220,1.09609,6.50862,0.00000,0.00000,0.00000,0.00000,none
10.07500,-87.47348,-87.47348,0.00000,0.00000,0.00000,-65.08621,0.00000,0.00000,30.00000,-92.52652,-0.11220,1.09609,6.50862,0.00000,0.00000,0.00000,0.00000,none
10.07917,-87.47348,-87.47348,0.00000,0.00000,0.00000,-65.08621,0.00000,0.00000,30.00000,-92.52652,-0.11220,1.09609,6.50862,0.00000,0.00000,0.00000,0.00000,none
10.08333,-87.47348,-87.47348,0.00000,0.00000,0.00000,-65.08621,0.00000,0.00000,30.00000,-92.52652,-0.11220,1.09609,6.50862,0.00000,0.00000,0.00000,0.00000,none
10.08750,-87.47348,-87.47348,0.00000,0.00000,0.00000,-65.08621,0.00000,0.00000,30.00000,-92.52652,-0.11220,1.09609,6.50862,0.00000,0.00000,0.00000,0.00000,none
10.09167,-87.47348,-87.47348,0.00000,0.00000,0.00000,-65.08621,0.00000,0.00000,30.00000,-92.52652,-0.11220,1.09609,6.50862,0.00000,0.00000,0.00000,0.00000,none
10.09583,-87.47348,-87.47348,0.00000,0.00000,0.00000,-65.08621,0.00000,0.00000,30.00000,-92.52652,-0.11220,1.09609,6.50862,0.00000,0.00000,0.00000,0.00000,none
10.10000,-87.47348,-87.47348,0.00000,0.00000,0.00000,-65.08621,0.00000,0.00000,30.00000,-92.52652,-0.11220,1.09609,6.50862,0.00000,0.00000,0.00000,0.00000,none
10.10417,-87.47348,-87.47348,0.00000,0.00000,0.00000,-65.08621,0.00000,0.00000,30.00000,-92.52652,-0.11220,1.09609,6.50862,0.00000,0.00000,0.00000,0.00000,none
10.10833,-87.47348,-87.47348,0.00000,0.00000,0.00000,-65.08621,0.00000,0.00000,30.00000,-92.52652,-0.11220,1.09609,6.50862,0.00000,0.00000,0.00000,0.00000,none
10.11250,-87.47348,-87.47348,0.00000,0.00000,0.00000,-65.08621,0.00000,0.00000,30.00000,-92.52652,-0.11220,1.09609,6.50862,0.00000,0.00000,0.00000,0.00000,none
10.11667,-87.47348,-87.47348,0.00000,0.00000,0.00000,-65.08621,0.00000,0.00000,30.00000,-92.52652,-0.11220,1.09609,6.50862,0.00000,0.00000,0.00000,0.00000,none
10.12083,-87.47348,-87.47348,0.00000,0.00000,0.00000,-65.08621,0.00000,0.00000,30.00000,-92.52652,-0.11220,1.09609,6.50862,0.00000,0.00000,0.00000,0.00000,none
10.12500,-87.47348,-87.47348,0.00000,0.00000,0.00000,-65.08621,0.00000,0.00000,30.00000,-92.52652,-0.11220,1.09609,6.50862,0.00000,0.00000,0.00000,0.00000,none
10.12917,-87.47348,-87.47348,0.00000,0.00000,0.00000,-65.08621,0.00000,0.00000,30.00000,-92.52652,-0.11220,1.09609,6.50862,0.00000,0.00000,0.00000,0.00000,none
10.13333,-87.47348,-87.47348,0.00000,0.00000,0.00000,-65.08621,0.00000,0.00000,30.00000,-92.52652,-0.11220,1.09609,6.50862,0.00000,0.00000,0.00000,0.00000,none
10.13750,-87.47348,-87.47348,0.00000,0.00000,0.00000,-65.08621,0.00000,0.00000,30.00000,-92.52652,-0.11220,1.09609,6.50862,0.00000,0.00000,0.00000,0.00000,none
10.14167,-87.47348,-87.47348,0.00000,0.00000,0.00000,-65.08621,0.00000,0.00000,30.00000,-92.52652,-0.11220,1.09609,6.50862,0.00000,0.00000,0.00000,0.00000,none
10.14583,-87.47348,-87.47348,0.00000,0.00000,0.00000,-65.08621,0.00000,0.00000,30.00000,-92.52652,-0.11220,1.09609,6.50862,0.00000,0.00000,0.00000,0.00000,none
10.15000,-87.47348,-87.47348,0.00000,0.00000,0.00000,-65.08621,0.00000,0.00000,30.00000,-92.52652,-0.11220,1.09609,6.50862,0.00000,0.00000,0.00000,0.00000,none
10.15417,-87.47348,-87.47348,0.00000,0.00000,0.00000,-65.08621,0.00000,0.00000,30.00000,-92.52652,-0.11220,1.09609,6.50862,0.00000,0.00000,0.00000,0.00000,none
10.15833,-87.47348,-87.47348,0.00000,0.00000,0.00000,-65.08621,0.00000,0.00000,30.00000,-92.52652,-0.11220,1.09609,6.50862,0.00000,0.00000,0.00000,0.00000,none
10.16250,-87.47348,-87.47348,0.00000,0.00000,0.00000,-65.08621,0.00000,0.00000,30.00000,-92.52652,-0.11220,1.09609,6.50862,0.00000,0.00000,0.00000,0.00000,none
10.16667,-87.47348,-87.47348,0.00000,0.00000,0.00000,-65.08621,0.00000,0.00000,30.00000,-92.52652,-0.11220,1.09609,6.50862,0.00000,0.00000,0.00000,0.00000,none
10.17083,-87.47348,-87.47348,0.00000,0.00000,0.00000,-65.08621,0.00000,0.00000,30.00000,-92.52652,-0.11220,1.09609,6.50862,0.00000,0.00000,0.00000,0.00000,none
10.17500,-87.47348,-87.47348,0.00000,0.00000,0.00000,-65.08621,0.00000,0.00000,30.00000,-92.52652,-0.11220,1.09609,6.50862,0.00000,0.00000,0.00000,0.00000,none
10.17917,-87.47348,-87.47348,0.00000,0.00000,0.00000,-65.08621,0.00000,0.00000,30.00000,-92.52652,-0.11220,1.09609,6.50862,0.00000,0.00000,0.00000,0.00000,none
10.18333,-87.47348,-87.47348,0.00000,0.00000,0.00000,-65.08621,0.00000,0.00000,30.00000,-92.52652,-0.11220,1.09609,6.50862,0.00000,0.00000,0.00000,0.00000,none
10.18750,-87.47348,-87.47348,0.00000,0.00000,0.00000,-65.08621,0.00000,0.00000,30.00000,-92.52652,-0.11220,1.09609,6.50862,0.00000,0.00000,0.00000,0.00000,none
10.19167,-87.47348,-87.47348,0.00000,0.00000,0.00000,-65.08621,0.00000,0.00000,30.00000,-92.52652,-0.11220,1.09609,6.50862,0.00000,0.00000,0.00000,0.00000,none
10.19583,-87.47348,-87.47348,0.00000,0.00000,0.00000,-65.08621,0.00000,0.00000,30.00000,-92.52652,-0.11220,1.09609,6.50862,0.00000,0.00000,0.00000,0.00000,none
10.20000,-87.47348,-87.47348,0.00000,0.00000,0.00000,-65.08621,0.00000,0.00000,30.00000,-92.52652,-0.11220,1.09609,6.50862,0.00000,0.00000,0.00000,0.00000,none
10.20417,-87.47348,-87.47348,0.00000,0.00000,0.00000,-65.08621,0.00000,0.00000,30.00000,-92.52652,-0.11220,1.09609,6.50862,0.00000,0.00000,0.00000,0.00000,none
10.20833,-87.47348,-87.47348,0.00000,0.00000,0.00000,-65.08621,0.00000,0.00000,30.00000,-92.52652,-0.11220,1.09609,6.50862,0.00000,0.00000,0.00000,0.00000,none
10.21250,-87.47348,-87.47348,0.00000,0.00000,0.00000,-65.08621,0.00000,0.00000,30.00000,-92.52652,-0.11220,1.09609,6.50862,0.00000,0.00000,0.00000,0.00000,none
10.21667,-87.47348,-87.47348,0.00000,0.00000,0.00000,-65.08621,0.00000,0.00000,30.00000,-92.52652,-0.11220,1.09609,6.50862,0.00000,0.00000,0.00000,0.00000,none
10.22083,-87.47348,-87.47348,0.00000,0.00000,0.00000,-65.08621,0.00000,0.00000,30.00000,-92.52652,-0.11220,1.09609,6.50862,0.00000,0.00000,0.00000,0.00000,none
10.22500,-87.47348,-87.47348,0.00000,0.00000,0.00000,-65.08621,0.00000,0.00000,30.00000,-92.52652,-0.11220,1.09609,6.50862,0.00000,0.00000,0.00000,0.00000,none
10.22917,-87.47348,-87.47348,0.00000,0.00000,0.00000,-65.08621,0.00000,0.00000,30.00000,-92.52652,-0.11220,1.09609,6.50862,0.00000,0.00000,0.00000,0.00000,none
10.23333,-87.47348,-87.47348,0.00000,0.00000,0.00000,-65.08621,0.00000,0.00000,30.00000,-92.52652,-0.11220,1.09609,6.50862,0.00000,0.00000,0.00000,0.00000,none
10.23750,-87.47348,-87.47348,0.00000,0.00000,0.00000,-65.08621,0.00000,0.00000,30.00000,-92.52652,-0.11220,1.09609,6.50862,0.00000,0.00000,0.00000,0.00000,none
10.24167,-87.47348,-87.47348,0.00000,0.00000,0.00000,-65.08621,0.00000,0.00000,30.00000,-92.52652,-0.11220,1.09609,6.50862,0.00000,0.00000,0.00000,0.00000,none
10.24583,-87.47348,-87.47348,0.00000,0.00000,0.00000,-65.08621,0.00000,0.00000,30.00000,-92.52652,-0.11220,1.09609,6.50862,0.00000,0.00000,0.00000,0.00000,none
10.25000,-87.47348,-87.47348,0.00000,0.00000,0.00000,-65.08621,0.00000,0.00000,30.00000,-92.52652,-0.11220,1.09609,6.50862,0.00000,0.00000,0.00000,0.00000,none
10.25417,-87.47348,-87.47348,0.00000,0.00000,0.00000,-65.08621,0.00000,0.00000,30.00000,-92.52652,-0.11220,1.09609,6.50862,0.00000,0.00000,0.00000,0.00000,none
10.25833,-87.47348,-87.47348,0.00000,0.00000,0.00000,-65.08621,0.00000,0.00000,30.00000,-92.52652,-0.11220,1.09609,6.50862,0.00000,0.00000,0.00000,0.00000,none
10.26250,-87.47348,-87.47348,0.00000,0.00000,0.00000,-65.08621,0.00000,0.00000,30.00000,-92.52652,-0.11220,1.09609,6.50862,0.00000,0.00000,0.00000,0.00000,none
10.26667,-87.47348,-87.47348,0.00000,0.00000,0.00000,-65.08621,0.00000,0.00000,30.00000,-92.52652,-0.11220,1.09609,6.50862,0.00000,0.00000,0.00000,0.00000,none
10.27083,-87.47348,-87.47348,0.00000,0.00000,0.00000,-65.08621,0.00000,0.00000,30.00000,-92.52652,-0.11220,1.09609,6.50862,0.00000,0.00000,0.00000,0.00000,none
10.27500,-87.47348,-87.47348,0.00000,0.00000,0.00000,-65.08621,0.00000,0.00000,30.00000,-92.52652,-0.11220,1.09609,6.50862,0.00000,0.00000,0.00000,0.00000,none
10.27917,-87.47348,-87.47348,0.00000,0.00000,0.00000,-65.08621,0.00000,0.00000,30.00000,-92.52652,-0.11220,1.09609,6.50862,0.00000,0.00000,0.00000,0.00000,none
10.28333,-87.47348,-87.47348,0.00000,0.00000,0.00000,-65.08621,0.00000,0.00000,30.00000,-92.52652,-0.11220,1.09609,6.50862,0.00000,0.00000,0.00000,0.00000,none
10.28750,-87.47348,-87.47348,0.00000,0.00000,0.00000,-65.08621,0.00000,0.00000,30.00000,-92.52652,-0.11220,1.09609,6.50862,0.00000,0.00000,0.00000,0.00000,none
10.29167,-87.47348,-87.47348,0.00000,0.00000,0.00000,-65.08621,0.00000,0.00000,30.00000,-92.52652,-0.11220,1.09609,6.50862,0.00000,0.00000,0.00000,0.00000,none
10.29583,-87.47348,-87.47348,0.00000,0.00000,0.00000,-65.08621,0.00000,0.00000,30.00000,-92.52652,-0.11220,1.09609,6.50862,0.00000,0.00000,0.00000,0.00000,none
10.30000,-87.47348,-87.47348,0.00000,0.00000,0.00000,-65.08621,0.00000,0.00000,30.00000,-92.52652,-0.11220,1.09609,6.50862,0.00000,0.00000,0.00000,0.00000,none
10.30417,-87.47348,-87.47348,0.00000,0.00000,0.00000,-65.08621,0.00000,0.00000,30.00000,-92.52652,-0.11220,1.09609,6.50862,0.00000,0.00000,0.00000,0.00000,none
10.30833,-87.47348,-87.47348,0.00000,0.00000,0.00000,-65.08621,0.00000,0.00000,30.00000,-92.52652,-0.11220,1.09609,6.50862,0.00000,0.00000,0.00000,0.00000,none
10.31250,-87.47348,-87.47348,0.00000,0.00000,0.00000,-65.08621,0.00000,0.00000,30.00000,-92.52652,-0.11220,1.09609,6.50862,0.00000,0.00000,0.00000,0.00000,none
10.31667,-87.47348,-87.47348,0.00000,0.00000,0.00000,-65.08621,0.00000,0.00000,30.00000,-92.52652,-0.11220,1.09609,6.50862,0.00000,0.00000,0.00000,0.00000,none
10.32083,-87.47348,-87.47348,0.00000,0.00000,0.00000,-65.08621,0.00000,0.00000,30.00000,-92.52652,-0.11220,1.09609,6.50862,0.00000,0.00000,0.00000,0.00000,none
10.32500,-87.47348,-87.47348,0.00000,0.00000,0.00000,-65.08621,0.00000,0.00000,30.00000,-92.52652,-0.11220,1.09609,6.50862,0.00000,0.00000,0.00000,0.00000,none
10.32917,-87.47348,-87.47348,0.00000,0.00000,0.00000,-65.08621,0.00000,0.00000,30.00000,-92.52652,-0.11220,1.09609,6.50862,0.00000,0.00000,0.00000,0.00000,none
10.33333,-87.47348,-87.47348,0.00000,0.00000,0.00000,-65.08621,0.00000,0.00000,30.00000,-92.52652,-0.11220,1.09609,6.50862,0.00000,0.00000,0.00000,0.00000,none
10.33750,-87.47348,-87.47348,0.00000,0.00000,0.00000,-65.08621,0.00000,0.00000,30.00000,-92.52652,-0.11220,1.09609,6.50862,0.00000,0.00000,0.00000,0.00000,none
10.34167,-87.47348,-87.47348,0.00000,0.00000,0.00000,-65.08621,0.00000,0.00000,30.00000,-92.52652,-0.11220,1.09609,6.50862,0.00000,0.00000,0.00000,0.00000,none
10.34583,-87.47348,-87.47348,0.00000,0.00000,0.00000,-65.08621,0.00000,0.00000,30.00000,-92.52652,-0.11220,1.09609,6.50862,0.00000,0.00000,0.00000,0.00000,none
10.35000,-87.47348,-87.47348,0.00000,0.00000,0.00000,-65.08621,0.00000,0.00000,30.00000,-92.52652,-0.11220,1.09609,6.50862,0.00000,0.00000,0.00000,0.00000,none
10.35417,-87.47348,-87.47348,0.00000,0.00000,0.00000,-65.08621,0.00000,0.00000,30.00000,-92.52652,-0.11220,1.09609,6.50862,0.00000,0.00000,0.00000,0.00000,none
10.35833,-87.47348,-87.47348,0.00000,0.00000,0.00000,-65.08621,0.00000,0.00000,30.00000,-92.52652,-0.11220,1.09609,6.50862,0.00000,0.00000,0.00000,0.00000,none
10.36250,-87.47348,-87.47348,0.00000,0.00000,0.00000,-65.08621,0.00000,0.00000,30.00000,-92.52652,-0.11220,1.09609,6.50862,0.00000,0.00000,0.00000,0.00000,none
10.36667,-87.47348,-87.47348,0.00000,0.00000,0.00000,-65.08621,0.00000,0.00000,30.00000,-92.52652,-0.11220,1.09609,6.50862,0.00000,0.00000,0.00000,0.00000,none
10.37083,-87.47348,-87.47348,0.00000,0.00000,0.00000,-65.08621,0.00000,0.00000,30.00000,-92.52652,-0.11220,1.09609,6.50862,0.00000,0.00000,0.00000,0.00000,none
10.37500,-87.47348,-87.47348,0.00000,0.00000,0.00000,-65.08621,0.00000,0.00000,30.00000,-92.52652,-0.11220,1.09609,6.50862,0.00000,0.00000,0.00000,0.00000,none
10.37917,-87.47348,-87.47348,0.00000,0.00000,0.00000,-65.08621,0.00000,0.00000,30.00000,-92.52652,-0.11220,1.09609,6.50862,0.00000,0.00000,0.00000,0.00000,none
10.38333,-87.47348,-87.47348,0.00000,0.00000,0.00000,-65.08621,0.00000,0.00000,30.00000,-92.52652,-0.11220,1.09609,6.50862,0.00000,0.00000,0.00000,0.00000,none
10.38750,-87.47348,-87.47348,0.00000,0.00000,0.00000,-65.08621,0.00000,0.00000,30.00000,-92.52652,-0.11220,1.09609,6.50862,0.00000,0.00000,0.00000,0.00000,none
10.39167,-87.47348,-87.47348,0.00000,0.00000,0.00000,-65.08621,0.00000,0.00000,30.00000,-92.52652,-0.11220,1.09609,6.50862,0.00000,0.00000,0.00000,0.00000,none
10.39583,-87.47348,-87.47348,0.00000,0.00000,0.00000,-65.08621,0.00000,0.00000,30.00000,-92.52652,-0.11220,1.09609,6.50862,0.00000,0.00000,0.00000,0.00000,none
10.40000,-87.47348,-87.47348,0.00000,0.00000,0.00000,-65.08621,0.00000,0.00000,30.00000,-92.52652,-0.11220,1.09609,6.50862,0.00000,0.00000,0.00000,0.00000,none
10.40417,-87.47348,-87.47348,0.00000,0.00000,0.00000,-65.08621,0.00000,0.00000,30.00000,-92.52652,-0.11220,1.09609,6.50862,0.00000,0.00000,0.00000,0.00000,none
10.40833,-87.47348,-87.47348,0.00000,0.00000,0.00000,-65.08621,0.00000,0.00000,30.00000,-92.52652,-0.11220,1.09609,6.50862,0.00000,0.00000,0.00000,0.00000,none
10.41250,-87.47348,-87.47348,0.00000,0.00000,0.00000,-65.08621,0.00000,0.00000,30.00000,-92.52652,-0.11220,1.09609,6.50862,0.00000,0.00000,0.00000,0.00000,none
10.41667,-87.47348,-87.47348,0.00000,0.00000,0.00000,-65.08621,0.00000,0.00000,30.00000,-92.52652,-0.11220,1.09609,6.50862,0.00000,0.00000,0.00000,0.00000,none
10.42083,-87.47348,-87.47348,0.00000,0.00000,0.00000,-65.08621,0.00000,0.00000,30.00000,-92.52652,-0.11220,1.09609,6.50862,0.00000,0.00000,0.00000,0.00000,none
10.42500,-87.47348,-87.47348,0.00000,0.00000,0.00000,-65.08621,0.00000,0.00000,30.00000,-92.52652,-0.11220,1.09609,6.50862,0.00000,0.00000,0.00000,0.00000,none
10.42917,-87.47348,-87.47348,0.00000,0.00000,0.00000,-65.08621,0.00000,0.00000,30.00000,-92.52652,-0.11220,1.09609,6.50862,0.00000,0.00000,0.00000,0.00000,none
10.43333,-87.47348,-87.47348,0.00000,0.00000,0.00000,-65.08621,0.00000,0.00000,30.00000,-92.52652,-0.11220,1.09609,6.50862,0.00000,0.00000,0.00000,0.00000,none
10.43750,-87.47348,-87.47348,0.00000,0.00000,0.00000,-65.08621,0.00000,0.00000,30.00000,-92.52652,-0.11220,1.09609,6.50862,0.00000,0.00000,0.00000,0.00000,none
10.44167,-87.47348,-87.47348,0.00000,0.00000,0.00000,-65.08621,0.00000,0.00000,30.00000,-92.52652,-0.11220,1.09609,6.50862,0.00000,0.00000,0.00000,0.00000,none
10.44583,-87.47348,-87.47348,0.00000,0.00000,0.00000,-65.08621,0.00000,0.00000,30.00000,-92.52652,-0.11220,1.09609,6.50862,0.00000,0.00000,0.00000,0.00000,none
10.45000,-87.47348,-87.47348,0.00000,0.00000,0.00000,-65.08621,0.00000,0.00000,30.00000,-92.52652,-0.11220,1.09609,6.50862,0.00000,0.00000,0.00000,0.00000,none
10.45417,-87.47348,-87.47348,0.00000,0.00000,0.00000,-65.08621,0.00000,0.00000,30.00000,-92.52652,-0.11220,1.09609,6.50862,0.00000,0.00000,0.00000,0.00000,none
10.45833,-87.47348,-87.47348,0.00000,0.00000,0.00000,-65.08621,0.00000,0.00000,30.00000,-92.52652,-0.11220,1.09609,6.50862,0.00000,0.00000,0.00000,0.00000,none
10.46250,-87.47348,-87.47348,0.00000,0.00000,0.00000,-65.08621,0.00000,0.00000,30.00000,-92.52652,-0.11220,1.09609,6.50862,0.00000,0.00000,0.00000,0.00000,none
10.46667,-87.47348,-87.47348,0.00000,0.00000,0.00000,-65.08621,0.00000,0.00000,30.00000,-92.52652,-0.11220,1.09609,6.50862,0.00000,0.00000,0.00000,0.00000,none
10.47083,-87.47348,-87.47348,0.00000,0.00000,0.00000,-65.08621,0.00000,0.00000,30.00000,-92.52652,-0.11220,1.09609,6.50862,0.00000,0.00000,0.00000,0.00000,none
10.47500,-87.47348,-87.47348,0.00000,0.00000,0.00000,-65.08621,0.00000,0.00000,30.00000,-92.52652,-0.11220,1.09609,6.50862,0.00000,0.00000,0.00000,0.00000,none
10.47917,-87.47348,-87.47348,0.00000,0.00000,0.00000,-65.08621,0.00000,0.00000,30.00000,-92.52652,-0.11220,1.09609,6.50862,0.00000,0.00000,0.00000,0.00000,none
10.48333,-87.47348,-87.47348,0.00000,0.00000,0.00000,-65.08621,0.00000,0.00000,30.00000,-92.52652,-0.11220,1.09609,6.50862,0.00000,0.00000,0.00000,0.00000,none
10.48750,-87.47348,-87.47348,0.00000,0.00000,0.00000,-65.08621,0.00000,0.00000,30.00000,-92.52652,-0.11220,1.09609,6.50862,0.00000,0.00000,0.00000,0.00000,none
10.49167,-87.47348,-87.47348,0.00000,0.00000,0.00000,-65.08621,0.00000,0.00000,30.00000,-92.52652,-0.11220,1.09609,6.50862,0.00000,0.00000,0.00000,0.00000,none
10.49583,-87.47348,-87.47348,0.00000,0.00000,0.00000,-65.08621,0.00000,0.00000,30.00000,-92.52652,-0.11220,1.09609,6.50862,0.00000,0.00000,0.00000,0.00000,none
10.50000,-87.47348,-87.47348,0.00000,0.00000,0.00000,-65.08621,0.00000,0.00000,30.00000,-92.52652,-0.11220,1.09609,6.50862,0.00000,0.00000,0.00000,0.00000,none
10.50417,-87.47348,-87.47348,0.00000,0.00000,0.00000,-65.08621,0.00000,0.00000,30.00000,-92.52652,-0.11220,1.09609,6.50862,0.00000,0.00000,0.00000,0.00000,none
10.50833,-87.47348,-87.47348,0.00000,0.00000,0.00000,-65.08621,0.00000,0.00000,30.00000,-92.52652,-0.11220,1.09609,6.50862,0.00000,0.00000,0.00000,0.00000,none
10.51250,-87.47348,-87.47348,0.00000,0.00000,0.00000,-65.08621,0.00000,0.00000,30.00000,-92.52652,-0.11220,1.09609,6.50862,0.00000,0.00000,0.00000,0.00000,none
10.51667,-87.47348,-87.47348,0.00000,0.00000,0.00000,-65.08621,0.00000,0.00000,30.00000,-92.52652,-0.11220,1.09609,6.50862,0.00000,0.00000,0.00000,0.00000,none
10.52083,-87.47348,-87.47348,0.00000,0.00000,0.00000,-65.08621,0.00000,0.00000,30.00000,-92.52652,-0.11220,1.09609,6.50862,0.00000,0.00000,0.00000,0.00000,none
10.52500,-87.47348,-87.47348,0.00000,0.00000,0.00000,-65.08621,0.00000,0.00000,30.00000,-92.52652,-0.11220,1.09609,6.50862,0.00000,0.00000,0.00000,0.00000,none
10.52917,-87.47348,-87.47348,0.00000,0.00000,0.00000,-65.08621,0.00000,0.00000,30.00000,-92.52652,-0.11220,1.09609,6.50862,0.00000,0.00000,0.00000,0.00000,none
10.53333,-87.47348,-87.47348,0.00000,0.00000,0.00000,-65.08621,0.00000,0.00000,30.00000,-92.52652,-0.11220,1.09609,6.50862,0.00000,0.00000,0.00000,0.00000,none
10.53750,-87.47348,-87.47348,0.00000,0.00000,0.00000,-65.08621,0.00000,0.00000,30.00000,-92.52652,-0.11220,1.09609,6.50862,0.00000,0.00000,0.00000,0.00000,none
10.54167,-87.47348,-87.47348,0.00000,0.00000,0.00000,-65.08621,0.00000,0.00000,30.00000,-92.52652,-0.11220,1.09609,6.50862,0.00000,0.00000,0.00000,0.00000,none
10.54583,-87.47348,-87.47348,0.00000,0.00000,0.00000,-65.08621,0.00000,0.00000,30.00000,-92.52652,-0.11220,1.09609,6.50862,0.00000,0.00000,0.00000,0.00000,none
10.55000,-87.47348,-87.47348,0.00000,0.00000,0.00000,-65.08621,0.00000,0.00000,30.00000,-92.52652,-0.11220,1.09609,6.50862,0.00000,0.00000,0.00000,0.00000,none
10.55417,-87.47348,-87.47348,0.00000,0.00000,0.00000,-65.08621,0.00000,0.00000,30.00000,-92.52652,-0.11220,1.09609,6.50862,0.00000,0.00000,0.00000,0.00000,none
10.55833,-87.47348,-87.47348,0.00000,0.00000,0.00000,-65.08621,0.00000,0.00000,30.00000,-92.52652,-0.11220,1.09609,6.50862,0.00000,0.00000,0.00000,0.00000,none
10.56250,-87.47348,-87.47348,0.00000,0.00000,0.00000,-65.08621,0.00000,0.00000,30.00000,-92.52652,-0.11220,1.09609,6.50862,0.00000,0.00000,0.00000,0.00000,none
10.56667,-87.47348,-87.47348,0.00000,0.00000,0.00000,-65.08621,0.00000,0.00000,30.00000,-92.52652,-0.11220,1.09609,6.50862,0.00000,0.00000,0.00000,0.00000,none
10.57083,-87.47348,-87.47348,0.00000,0.00000,0.00000,-65.08621,0.00000,0.00000,30.00000,-92.52652,-0.11220,1.09609,6.50862,0.00000,0.00000,0.00000,0.00000,none
10.57500,-87.47348,-87.47348,0.00000,0.00000,0.00000,-65.08621,0.00000,0.00000,30.00000,-92.52652,-0.11220,1.09609,6.50862,0.00000,0.00000,0.00000,0.00000,none
10.57917,-87.47348,-87.47348,0.00000,0.00000,0.00000,-65.08621,0.00000,0.00000,30.00000,-92.52652,-0.11220,1.09609,6.50862,0.00000,0.00000,0.00000,0.00000,none
10.58333,-87.47348,-87.47348,0.00000,0.00000,0.00000,-65.08621,0.00000,0.00000,30.00000,-92.52652,-0.11220,1.09609,6.50862,0.00000,0.00000,0.00000,0.00000,none
10.58750,-87.47348,-87.47348,0.00000,0.00000,0.00000,-65.08621,0.00000,0.00000,30.00000,-92.52652,-0.11220,1.09609,6.50862,0.00000,0.00000,0.00000,0.00000,none
10.59167,-87.47348,-87.47348,0.00000,0.00000,0.00000,-65.08621,0.00000,0.00000,30.00000,-92.52652,-0.11220,1.09609,6.50862,0.00000,0.00000,0.00000,0.00000,none
10.59583,-87.47348,-87.47348,0.00000,0.00000,0.00000,-65.08621,0.00000,0.00000,30.00000,-92.52652,-0.11220,1.09609,6.50862,0.00000,0.00000,0.00000,0.00000,none
10.60000,-87.47348,-87.47348,0.00000,0.00000,0.00000,-65.08621,0.00000,0.00000,30.00000,-92.52652,-0.11220,1.09609,6.50862,0.00000,0.00000,0.00000,0.00000,none
10.60417,-87.47348,-87.47348,0.00000,0.00000,0.00000,-65.08621,0.00000,0.00000,30.00000,-92.52652,-0.11220,1.09609,6.50862,0.00000,0.00000,0.00000,0.00000,none
10.60833,-87.47348,-87.47348,0.00000,0.00000,0.00000,-65.08621,0.00000,0.00000,30.00000,-92.52652,-0.11220,1.09609,6.50862,0.00000,0.00000,0.00000,0.00000,none
10.61250,-87.47348,-87.47348,0.00000,0.00000,0.00000,-65.08621,0.00000,0.00000,30.00000,-92.52652,-0.11220,1.09609,6.50862,0.00000,0.00000,0.00000,0.00000,none
10.61667,-87.47348,-87.47348,0.00000,0.00000,0.00000,-65.08621,0.00000,0.00000,30.00000,-92.52652,-0.11220,1.09609,6.50862,0.00000,0.00000,0.00000,0.00000,none
10.62083,-87.47348,-87.47348,0.00000,0.00000,0.00000,-65.08621,0.00000,0.00000,30.00000,-92.52652,-0.11220,1.09609,6.50862,0.00000,0.00000,0.00000,0.00000,none
10.62500,-87.47348,-87.47348,0.00000,0.00000,0.00000,-65.08621,0.00000,0.00000,30.00000,-92.52652,-0.11220,1.09609,6.50862,0.00000,0.00000,0.00000,0.00000,none
10.62917,-87.47348,-87.47348,0.00000,0.00000,0.00000,-65.08621,0.00000,0.00000,30.00000,-92.52652,-0.11220,1.09609,6.50862,0.00000,0.00000,0.00000,0.00000,none
10.63333,-87.47348,-87.47348,0.00000,0.00000,0.00000,-65.08621,0.00000,0.00000,30.00000,-92.52652,-0.11220,1.09609,6.50862,0.00000,0.00000,0.00000,0.00000,none
10.63750,-87.47348,-87.47348,0.00000,0.00000,0.00000,-65.08621,0.00000,0.00000,30.00000,-92.52652,-0.11220,1.09609,6.50862,0.00000,0.00000,0.00000,0.00000,none
10.64167,-87.47348,-87.47348,0.00000,0.00000,0.00000,-65.08621,0.00000,0.00000,30.00000,-92.52652,-0.11220,1.09609,6.50862,0.00000,0.00000,0.00000,0.00000,none
10.64583,-87.47348,-87.47348,0.00000,0.00000,0.00000,-65.08621,0.00000,0.00000,30.00000,-92.52652,-0.11220,1.09609,6.50862,0.00000,0.00000,0.00000,0.00000,none
10.65000,-87.47348,-87.47348,0.00000,0.00000,0.00000,-65.08621,0.00000,0.00000,30.00000,-92.52652,-0.11220,1.09609,6.50862,0.00000,0.00000,0.00000,0.00000,none
10.65417,-87.47348,-87.47348,0.00000,0.00000,0.00000,-65.08621,0.00000,0.00000,30.00000,-92.52652,-0.11220,1.09609,6.50862,0.00000,0.00000,0.00000,0.00000,none
10.65833,-87.47348,-87.47348,0.00000,0.00000,0.00000,-65.08621,0.00000,0.00000,30.00000,-92.52652,-0.11220,1.09609,6.50862,0.00000,0.00000,0.00000,0.00000,none
10.66250,-87.47348,-87.47348,0.00000,0.00000,0.00000,-65.08621,0.00000,0.00000,30.00000,-92.52652,-0.11220,1.09609,6.50862,0.00000,0.00000,0.00000,0.00000,none
10.66667,-87.47348,-87.47348,0.00000,0.00000,0.00000,-65.08621,0.00000,0.00000,30.00000,-92.52652,-0.11220,1.09609,6.50862,0.00000,0.00000,0.00000,0.00000,none
10.67083,-87.47348,-87.47348,0.00000,0.00000,0.00000,-65.08621,0.00000,0.00000,30.00000,-92.52652,-0.11220,1.09609,6.50862,0.00000,0.00000,0.00000,0.00000,none
10.67500,-87.47348,-87.47348,0.00000,0.00000,0.00000,-65.08621,0.00000,0.00000,30.00000,-92.52652,-0.11220,1.09609,6.50862,0.00000,0.00000,0.00000,0.00000,none
10.67917,-87.47348,-87.47348,0.00000,0.00000,0.00000,-65.08621,0.00000,0.00000,30.00000,-92.52652,-0.11220,1.09609,6.50862,0.00000,0.00000,0.00000,0.00000,none
10.68333,-87.47348,-87.47348,0.00000,0.00000,0.00000,-65.08621,0.00000,0.00000,30.00000,-92.52652,-0.11220,1.09609,6.50862,0.00000,0.00000,0.00000,0.00000,none
10.68750,-87.47348,-87.47348,0.00000,0.00000,0.00000,-65.08621,0.00000,0.00000,30.00000,-92.52652,-0.11220,1.09609,6.50862,0.00000,0.00000,0.00000,0.00000,none
10.69167,-87.47348,-87.47348,0.00000,0.00000,0.00000,-65.08621,0.00000,0.00000,30.00000,-92.52652,-0.11220,1.09609,6.50862,0.00000,0.00000,0.00000,0.00000,none
10.69583,-87.47348,-87.47348,0.00000,0.00000,0.00000,-65.08621,0.00000,0.00000,30.00000,-92.52652,-0.11220,1.09609,6.50862,0.00000,0.00000,0.00000,0.00000,none
10.70000,-87.47348,-87.47348,0.00000,0.00000,0.00000,-65.08621,0.00000,0.00000,30.00000,-92.52652,-0.11220,1.09609,6.50862,0.00000,0.00000,0.00000,0.00000,none
10.70417,-87.47348,-87.47348,0.00000,0.00000,0.00000,-65.08621,0.00000,0.00000,30.00000,-92.52652,-0.11220,1.09609,6.50862,0.00000,0.00000,0.00000,0.00000,none
10.70833,-87.47348,-87.47348,0.00000,0.00000,0.00000,-65.08621,0.00000,0.00000,30.00000,-92.52652,-0.11220,1.09609,6.50862,0.00000,0.00000,0.00000,0.00000,none
10.71250,-87.47348,-87.47348,0.00000,0.00000,0.00000,-65.08621,0.00000,0.00000,30.00000,-92.52652,-0.11220,1.09609,6.50862,0.00000,0.00000,0.00000,0.00000,none
10.71667,-87.47348,-87.47348,0.00000,0.00000,0.00000,-65.08621,0.00000,0.00000,30.00000,-92.52652,-0.11220,1.09609,6.50862,0.00000,0.00000,0.00000,0.00000,none
10.72083,-87.47348,-87.47348,0.00000,0.00000,0.00000,-65.08621,0.00000,0.00000,30.00000,-92.52652,-0.11220,1.09609,6.50862,0.00000,0.00000,0.00000,0.00000,none
10.72500,-87.47348,-87.47348,0.00000,0.00000,0.00000,-65.08621,0.00000,0.00000,30.00000,-92.52652,-0.11220,1.09609,6.50862,0.00000,0.00000,0.00000,0.00000,none
10.72917,-87.47348,-87.47348,0.00000,0.00000,0.00000,-65.08621,0.00000,0.00000,30.00000,-92.52652,-0.11220,1.09609,6.50862,0.00000,0.00000,0.00000,0.00000,none
10.73333,-87.47348,-87.47348,0.00000,0.00000,0.00000,-65.08621,0.00000,0.00000,30.00000,-92.52652,-0.11220,1.09609,6.50862,0.00000,0.00000,0.00000,0.00000,none
10.73750,-87.47348,-87.47348,0.00000,0.00000,0.00000,-65.08621,0.00000,0.00000,30.00000,-92.52652,-0.11220,1.09609,6.50862,0.00000,0.00000,0.00000,0.00000,none
10.74167,-87.47348,-87.47348,0.00000,0.00000,0.00000,-65.08621,0.00000,0.00000,30.00000,-92.52652,-0.11220,1.09609,6.50862,0.00000,0.00000,0.00000,0.00000,none
10.74583,-87.47348,-87.47348,0.00000,0.00000,0.00000,-65.08621,0.00000,0.00000,30.00000,-92.52652,-0.11220,1.09609,6.50862,0.00000,0.00000,0.00000,0.00000,none
10.75000,-87.47348,-87.47348,0.00000,0.00000,0.00000,-65.08621,0.00000,0.00000,30.00000,-92.52652,-0.11220,1.09609,6.50862,0.00000,0.00000,0.00000,0.00000,none
10.75417,-87.47348,-87.47348,0.00000,0.00000,0.00000,-65.08621,0.00000,0.00000,30.00000,-92.52652,-0.11220,1.09609,6.50862,0.00000,0.00000,0.00000,0.00000,none
10.75833,-87.47348,-87.47348,0.00000,0.00000,0.00000,-65.08621,0.00000,0.00000,30.00000,-92.52652,-0.11220,1.09609,6.50862,0.00000,0.00000,0.00000,0.00000,none
10.76250,-87.47348,-87.47348,0.00000,0.00000,0.00000,-65.08621,0.00000,0.00000,30.00000,-92.52652,-0.11220,1.09609,6.50862,0.00000,0.00000,0.00000,0.00000,none
10.76667,-87.47348,-87.47348,0.00000,0.00000,0.00000,-65.08621,0.00000,0.00000,30.00000,-92.52652,-0.11220,1.09609,6.50862,0.00000,0.00000,0.00000,0.00000,none
10.77083,-87.47348,-87.47348,0.00000,0.00000,0.00000,-65.08621,0.00000,0.00000,30.00000,-92.52652,-0.11220,1.09609,6.50862,0.00000,0.00000,0.00000,0.00000,none
10.77500,-87.47348,-87.47348,0.00000,0.00000,0.00000,-65.08621,0.00000,0.00000,30.00000,-92.52652,-0.11220,1.09609,6.50862,0.00000,0.00000,0.00000,0.00000,none
10.77917,-87.47348,-87.47348,0.00000,0.00000,0.00000,-65.08621,0.00000,0.00000,30.00000,-92.52652,-0.11220,1.09609,6.50862,0.00000,0.00000,0.00000,0.00000,none
10.78333,-87.47348,-87.47348,0.00000,0.00000,0.00000,-65.08621,0.00000,0.00000,30.00000,-92.52652,-0.11220,1.09609,6.50862,0.00000,0.00000,0.00000,0.00000,none
10.78750,-87.47348,-87.47348,0.00000,0.00000,0.00000,-65.08621,0.00000,0.00000,30.00000,-92.52652,-0.11220,1.09609,6.50862,0.00000,0.00000,0.00000,0.00000,none
10.79167,-87.47348,-87.47348,0.00000,0.00000,0.00000,-65.08621,0.00000,0.00000,30.00000,-92.52652,-0.11220,1.09609,6.50862,0.00000,0.00000,0.00000,0.00000,none
10.79583,-87.47348,-87.47348,0.00000,0.00000,0.00000,-65.08621,0.00000,0.00000,30.00000,-92.52652,-0.11220,1.09609,6.50862,0.00000,0.00000,0.00000,0.00000,none
10.80000,-87.47348,-87.47348,0.00000,0.00000,0.00000,-65.08621,0.00000,0.00000,30.00000,-92.52652,-0.11220,1.09609,6.50862,0.00000,0.00000,0.00000,0.00000,none
10.80417,-87.47348,-87.47348,0.00000,0.00000,0.00000,-65.08621,0.00000,0.00000,30.00000,-92.52652,-0.11220,1.09609,6.50862,0.00000,0.00000,0.00000,0.00000,none
10.80833,-87.47348,-87.47348,0.00000,0.00000,0.00000,-65.08621,0.00000,0.00000,30.00000,-92.52652,-0.11220,1.09609,6.50862,0.00000,0.00000,0.00000,0.00000,none
10.81250,-87.47348,-87.47348,0.00000,0.00000,0.00000,-65.08621,0.00000,0.00000,30.00000,-92.52652,-0.11220,1.09609,6.50862,0.00000,0.00000,0.00000,0.00000,none
10.81667,-87.47348,-87.47348,0.00000,0.00000,0.00000,-65.08621,0.00000,0.00000,30.00000,-92.52652,-0.11220,1.09609,6.50862,0.00000,0.00000,0.00000,0.00000,none
10.82083,-87.47348,-87.47348,0.00000,0.00000,0.00000,-65.08621,0.00000,0.00000,30.00000,-92.52652,-0.11220,1.09609,6.50862,0.00000,0.00000,0.00000,0.00000,none
10.82500,-87.47348,-87.47348,0.00000,0.00000,0.00000,-65.08621,0.00000,0.00000,30.00000,-92.52652,-0.11220,1.09609,6.50862,0.00000,0.00000,0.00000,0.00000,none
10.82917,-87.47348,-87.47348,0.00000,0.00000,0.00000,-65.08621,0.00000,0.00000,30.00000,-92.52652,-0.11220,1.09609,6.50862,0.00000,0.00000,0.00000,0.00000,none
10.83333,-87.47348,-87.47348,0.00000,0.00000,0.00000,-65.08621,0.00000,0.00000,30.00000,-92.52652,-0.11220,1.09609,6.50862,0.00000,0.00000,0.00000,0.00000,none
10.83750,-87.47348,-87.47348,0.00000,0.00000,0.00000,-65.08621,0.00000,0.00000,30.00000,-92.52652,-0.11220,1.09609,6.50862,0.00000,0.00000,0.00000,0.00000,none
10.84167,-87.47348,-87.47348,0.00000,0.00000,0.00000,-65.08621,0.00000,0.00000,30.00000,-92.52652,-0.11220,1.09609,6.50862,0.00000,0.00000,0.00000,0.00000,none
10.84583,-87.47348,-87.47348,0.00000,0.00000,0.00000,-65.08621,0.00000,0.00000,30.00000,-92.52652,-0.11220,1.09609,6.50862,0.00000,0.00000,0.00000,0.00000,none
10.85000,-87.47348,-87.47348,0.00000,0.00000,0.00000,-65.08621,0.00000,0.00000,30.00000,-92.52652,-0.11220,1.09609,6.50862,0.00000,0.00000,0.00000,0.00000,none
10.85417,-87.47348,-87.47348,0.00000,0.00000,0.00000,-65.08621,0.00000,0.00000,30.00000,-92.52652,-0.11220,1.09609,6.50862,0.00000,0.00000,0.00000,0.00000,none
10.85833,-87.47348,-87.47348,0.00000,0.00000,0.00000,-65.08621,0.00000,0.00000,30.00000,-92.52652,-0.11220,1.09609,6.50862,0.00000,0.00000,0.00000,0.00000,none
10.86250,-87.47348,-87.47348,0.00000,0.00000,0.00000,-65.08621,0.00000,0.00000,30.00000,-92.52652,-0.11220,1.09609,6.50862,0.00000,0.00000,0.00000,0.00000,none
10.86667,-87.47348,-87.47348,0.00000,0.00000,0.00000,-65.08621,0.00000,0.00000,30.00000,-92.52652,-0.11220,1.09609,6.50862,0.00000,0.00000,0.00000,0.00000,none
10.87083,-87.47348,-87.47348,0.00000,0.00000,0.00000,-65.08621,0.00000,0.00000,30.00000,-92.52652,-0.11220,1.09609,6.50862,0.00000,0.00000,0.00000,0.00000,none
10.87500,-87.47348,-87.47348,0.00000,0.00000,0.00000,-65.08621,0.00000,0.00000,30.00000,-92.52652,-0.11220,1.09609,6.50862,0.00000,0.00000,0.00000,0.00000,none
10.87917,-87.47348,-87.47348,0.00000,0.00000,0.00000,-65.08621,0.00000,0.00000,30.00000,-92.52652,-0.11220,1.09609,6.50862,0.00000,0.00000,0.00000,0.00000,none
10.88333,-87.47348,-87.47348,0.00000,0.00000,0.00000,-65.08621,0.00000,0.00000,30.00000,-92.52652,-0.11220,1.09609,6.50862,0.00000,0.00000,0.00000,0.00000,none
10.88750,-87.47348,-87.47348,0.00000,0.00000,0.00000,-65.08621,0.00000,0.00000,30.00000,-92.52652,-0.11220,1.09609,6.50862,0.00000,0.00000,0.00000,0.00000,none
10.89167,-87.47348,-87.47348,0.00000,0.00000,0.00000,-65.08621,0.00000,0.00000,30.00000,-92.52652,-0.11220,1.09609,6.50862,0.00000,0.00000,0.00000,0.00000,none
10.89583,-87.47348,-87.47348,0.00000,0.00000,0.00000,-65.08621,0.00000,0.00000,30.00000,-92.52652,-0.11220,1.09609,6.50862,0.00000,0.00000,0.00000,0.00000,none
10.90000,-87.47348,-87.47348,0.00000,0.00000,0.00000,-65.08621,0.00000,0.00000,30.00000,-92.52652,-0.11220,1.09609,6.50862,0.00000,0.00000,0.00000,0.00000,none
10.90417,-87.47348,-87.47348,0.00000,0.00000,0.00000,-65.08621,0.00000,0.00000,30.00000,-92.52652,-0.11220,1.09609,6.50862,0.00000,0.00000,0.00000,0.00000,none
10.90833,-87.47348,-87.47348,0.00000,0.00000,0.00000,-65.08621,0.00000,0.00000,30.00000,-92.52652,-0.11220,1.09609,6.50862,0.00000,0.00000,0.00000,0.00000,none
10.91250,-87.47348,-87.47348,0.00000,0.00000,0.00000,-65.08621,0.00000,0.00000,30.00000,-92.52652,-0.11220,1.09609,6.50862,0.00000,0.00000,0.00000,0.00000,none
10.91667,-87.47348,-87.47348,0.00000,0.00000,0.00000,-65.08621,0.00000,0.00000,30.00000,-92.52652,-0.11220,1.09609,6.50862,0.00000,0.00000,0.00000,0.00000,none
10.92083,-87.47348,-87.47348,0.00000,0.00000,0.00000,-65.08621,0.00000,0.00000,30.00000,-92.52652,-0.11220,1.09609,6.50862,0.00000,0.00000,0.00000,0.00000,none
10.92500,-87.47348,-87.47348,0.00000,0.00000,0.00000,-65.08621,0.00000,0.00000,30.00000,-92.52652,-0.11220,1.09609,6.50862,0.00000,0.00000,0.00000,0.00000,none
10.92917,-87.47348,-87.47348,0.00000,0.00000,0.00000,-65.08621,0.00000,0.00000,30.00000,-92.52652,-0.11220,1.09609,6.50862,0.00000,0.00000,0.00000,0.00000,none
10.93333,-87.47348,-87.47348,0.00000,0.00000,0.00000,-65.08621,0.00000,0.00000,30.00000,-92.52652,-0.11220,1.09609,6.50862,0.00000,0.00000,0.00000,0.00000,none
10.93750,-87.47348,-87.47348,0.00000,0.00000,0.00000,-65.08621,0.00000,0.00000,30.00000,-92.52652,-0.11220,1.09609,6.50862,0.00000,0.00000,0.00000,0.00000,none
10.94167,-87.47348,-87.47348,0.00000,0.00000,0.00000,-65.08621,0.00000,0.00000,30.00000,-92.52652,-0.11220,1.09609,6.50862,0.00000,0.00000,0.00000,0.00000,none
10.94583,-87.47348,-87.47348,0.00000,0.00000,0.00000,-65.08621,0.00000,0.00000,30.00000,-92.52652,-0.11220,1.09609,6.50862,0.00000,0.00000,0.00000,0.00000,none
10.95000,-87.47348,-87.47348,0.00000,0.00000,0.00000,-65.08621,0.00000,0.00000,30.00000,-92.52652,-0.11220,1.09609,6.50862,0.00000,0.00000,0.00000,0.00000,none
10.95417,-87.47348,-87.47348,0.00000,0.00000,0.00000,-65.08621,0.00000,0.00000,30.00000,-92.52652,-0.11220,1.09609,6.50862,0.00000,0.00000,0.00000,0.00000,none
10.95833,-87.47348,-87.47348,0.00000,0.00000,0.00000,-65.08621,0.00000,0.00000,30.00000,-92.52652,-0.11220,1.09609,6.50862,0.00000,0.00000,0.00000,0.00000,none
10.96250,-87.47348,-87.47348,0.00000,0.00000,0.00000,-65.08621,0.00000,0.00000,30.00000,-92.52652,-0.11220,1.09609,6.50862,0.00000,0.00000,0.00000,0.00000,none
10.96667,-87.47348,-87.47348,0.00000,0.00000,0.00000,-65.08621,0.00000,0.00000,30.00000,-92.52652,-0.11220,1.09609,6.50862,0.00000,0.00000,0.00000,0.00000,none
10.97083,-87.47348,-87.47348,0.00000,0.00000,0.00000,-65.08621,0.00000,0.00000,30.00000,-92.52652,-0.11220,1.09609,6.50862,0.00000,0.00000,0.00000,0.00000,none
10.97500,-87.47348,-87.47348,0.00000,0.00000,0.00000,-65.08621,0.00000,0.00000,30.00000,-92.52652,-0.11220,1.09609,6.50862,0.00000,0.00000,0.00000,0.00000,none
10.97917,-87.47348,-87.47348,0.00000,0.00000,0.00000,-65.08621,0.00000,0.00000,30.00000,-92.52652,-0.11220,1.09609,6.50862,0.00000,0.00000,0.00000,0.00000,none
10.98333,-87.47348,-87.47348,0.00000,0.00000,0.00000,-65.08621,0.00000,0.00000,30.00000,-92.52652,-0.11220,1.09609,6.50862,0.00000,0.00000,0.00000,0.00000,none
10.98750,-87.47348,-87.47348,0.00000,0.00000,0.00000,-65.08621,0.00000,0.00000,30.00000,-92.52652,-0.11220,1.09609,6.50862,0.00000,0.00000,0.00000,0.00000,none
10.99167,-87.47348,-87.47348,0.00000,0.00000,0.00000,-65.08621,0.00000,0.00000,30.00000,-92.52652,-0.11220,1.09609,6.50862,0.00000,0.00000,0.00000,0.00000,none
10.99583,-87.47348,-87.47348,0.00000,0.00000,0.00000,-65.08621,0.00000,0.00000,30.00000,-92.52652,-0.11220,1.09609,6.50862,0.00000,0.00000,0.00000,0.00000,none
11.00000,-87.47348,-87.47348,0.00000,0.00000,0.00000,-65.08621,0.00000,0.00000,30.00000,-92.52652,-0.11220,1.09609,6.50862,0.00000,0.00000,0.00000,0.00000,none
11.00417,-87.47348,-87.47348,0.00000,0.00000,0.00000,-65.08621,0.00000,0.00000,30.00000,-92.52652,-0.11220,1.09609,6.50862,0.00000,0.00000,0.00000,0.00000,none
11.00833,-87.47348,-87.47348,0.00000,0.00000,0.00000,-65.08621,0.00000,0.00000,30.00000,-92.52652,-0.11220,1.09609,6.50862,0.00000,0.00000,0.00000,0.00000,none
11.01250,-87.47348,-87.47348,0.00000,0.00000,0.00000,-65.08621,0.00000,0.00000,30.00000,-92.52652,-0.11220,1.09609,6.50862,0.00000,0.00000,0.00000,0.00000,none
11.01667,-87.47348,-87.47348,0.00000,0.00000,0.00000,-65.08621,0.00000,0.00000,30.00000,-92.52652,-0.11220,1.09609,6.50862,0.00000,0.00000,0.00000,0.00000,none
11.02083,-87.47348,-87.47348,0.00000,0.00000,0.00000,-65.08621,0.00000,0.00000,30.00000,-92.52652,-0.11220,1.09609,6.50862,0.00000,0.00000,0.00000,0.00000,none
11.02500,-87.47348,-87.47348,0.00000,0.00000,0.00000,-65.08621,0.00000,0.00000,30.00000,-92.52652,-0.11220,1.09609,6.50862,0.00000,0.00000,0.00000,0.00000,none
11.02917,-87.47348,-87.47348,0.00000,0.00000,0.00000,-65.08621,0.00000,0.00000,30.00000,-92.52652,-0.11220,1.09609,6.50862,0.00000,0.00000,0.00000,0.00000,none
11.03333,-87.47348,-87.47348,0.00000,0.00000,0.00000,-65.08621,0.00000,0.00000,30.00000,-92.52652,-0.11220,1.09609,6.50862,0.00000,0.00000,0.00000,0.00000,none
11.03750,-87.47348,-87.47348,0.00000,0.00000,0.00000,-65.08621,0.00000,0.00000,30.00000,-92.52652,-0.11220,1.09609,6.50862,0.00000,0.00000,0.00000,0.00000,none
11.04167,-87.47348,-87.47348,0.00000,0.00000,0.00000,-65.08621,0.00000,0.00000,30.00000,-92.52652,-0.11220,1.09609,6.50862,0.00000,0.00000,0.00000,0.00000,none
11.04583,-87.47348,-87.47348,0.00000,0.00000,0.00000,-65.08621,0.00000,0.00000,30.00000,-92.52652,-0.11220,1.09609,6.50862,0.00000,0.00000,0.00000,0.00000,none
11.05000,-87.47348,-87.47348,0.00000,0.00000,0.00000,-65.08621,0.00000,0.00000,30.00000,-92.52652,-0.11220,1.09609,6.50862,0.00000,0.00000,0.00000,0.00000,none
11.05417,-87.47348,-87.47348,0.00000,0.00000,0.00000,-65.08621,0.00000,0.00000,30.00000,-92.52652,-0.11220,1.09609,6.50862,0.00000,0.00000,0.00000,0.00000,none
11.05833,-87.47348,-87.47348,0.00000,0.00000,0.00000,-65.08621,0.00000,0.00000,30.00000,-92.52652,-0.11220,1.09609,6.50862,0.00000,0.00000,0.00000,0.00000,none
11.06250,-87.47348,-87.47348,0.00000,0.00000,0.00000,-65.08621,0.00000,0.00000,30.00000,-92.52652,-0.11220,1.09609,6.50862,0.00000,0.00000,0.00000,0.00000,none
11.06667,-87.47348,-87.47348,0.00000,0.00000,0.00000,-65.08621,0.00000,0.00000,30.00000,-92.52652,-0.11220,1.09609,6.50862,0.00000,0.00000,0.00000,0.00000,none
11.07083,-87.47348,-87.47348,0.00000,0.00000,0.00000,-65.08621,0.00000,0.00000,30.00000,-92.52652,-0.11220,1.09609,6.50862,0.00000,0.00000,0.00000,0.00000,none
11.07500,-87.47348,-87.47348,0.00000,0.00000,0.00000,-65.08621,0.00000,0.00000,30.00000,-92.52652,-0.11220,1.09609,6.50862,0.00000,0.00000,0.00000,0.00000,none
11.07917,-87.47348,-87.47348,0.00000,0.00000,0.00000,-65.08621,0.00000,0.00000,30.00000,-92.52652,-0.11220,1.09609,6.50862,0.00000,0.00000,0.00000,0.00000,none
11.08333,-87.47348,-87.47348,0.00000,0.00000,0.00000,-65.08621,0.00000,0.00000,30.00000,-92.52652,-0.11220,1.09609,6.50862,0.00000,0.00000,0.00000,0.00000,none
11.08750,-87.47348,-87.47348,0.00000,0.00000,0.00000,-65.08621,0.00000,0.00000,30.00000,-92.52652,-0.11220,1.09609,6.50862,0.00000,0.00000,0.00000,0.00000,none
11.09167,-87.47348,-87.47348,0.00000,0.00000,0.00000,-65.08621,0.00000,0.00000,30.00000,-92.52652,-0.11220,1.09609,6.50862,0.00000,0.00000,0.00000,0.00000,none
11.09583,-87.47348,-87.47348,0.00000,0.00000,0.00000,-65.08621,0.00000,0.00000,30.00000,-92.52652,-0.11220,1.09609,6.50862,0.00000,0.00000,0.00000,0.00000,none
11.10000,-87.47348,-87.47348,0.00000,0.00000,0.00000,-65.08621,0.00000,0.00000,30.00000,-92.52652,-0.11220,1.09609,6.50862,0.00000,0.00000,0.00000,0.00000,none
11.10417,-87.47348,-87.47348,0.00000,0.00000,0.00000,-65.08621,0.00000,0.00000,30.00000,-92.52652,-0.11220,1.09609,6.50862,0.00000,0.00000,0.00000,0.00000,none
11.10833,-87.47348,-87.47348,0.00000,0.00000,0.00000,-65.08621,0.00000,0.00000,30.00000,-92.52652,-0.11220,1.09609,6.50862,0.00000,0.00000,0.00000,0.00000,none
11.11250,-87.47348,-87.47348,0.00000,0.00000,0.00000,-65.08621,0.00000,0.00000,30.00000,-92.52652,-0.11220,1.09609,6.50862,0.00000,0.00000,0.00000,0.00000,none
11.11667,-87.47348,-87.47348,0.00000,0.00000,0.00000,-65.08621,0.00000,0.00000,30.00000,-92.52652,-0.11220,1.09609,6.50862,0.00000,0.00000,0.00000,0.00000,none
11.12083,-87.47348,-87.47348,0.00000,0.00000,0.00000,-65.08621,0.00000,0.00000,30.00000,-92.52652,-0.11220,1.09609,6.50862,0.00000,0.00000,0.00000,0.00000,none
11.12500,-87.47348,-87.47348,0.00000,0.00000,0.00000,-65.08621,0.00000,0.00000,30.00000,-92.52652,-0.11220,1.09609,6.50862,0.00000,0.00000,0.00000,0.00000,none
11.12917,-87.47348,-87.47348,0.00000,0.00000,0.00000,-65.08621,0.00000,0.00000,30.00000,-92.52652,-0.11220,1.09609,6.50862,0.00000,0.00000,0.00000,0.00000,none
11.13333,-87.47348,-87.47348,0.00000,0.00000,0.00000,-65.08621,0.00000,0.00000,30.00000,-92.52652,-0.11220,1.09609,6.50862,0.00000,0.00000,0.00000,0.00000,none
11.13750,-87.47348,-87.47348,0.00000,0.00000,0.00000,-65.08621,0.00000,0.00000,30.00000,-92.52652,-0.11220,1.09609,6.50862,0.00000,0.00000,0.00000,0.00000,none
11.14167,-87.47348,-87.47348,0.00000,0.00000,0.00000,-65.08621,0.00000,0.00000,30.00000,-92.52652,-0.11220,1.09609,6.50862,0.00000,0.00000,0.00000,0.00000,none
11.14583,-87.47348,-87.47348,0.00000,0.00000,0.00000,-65.08621,0.00000,0.00000,30.00000,-92.52652,-0.11220,1.09609,6.50862,0.00000,0.00000,0.00000,0.00000,none
11.15000,-87.47348,-87.47348,0.00000,0.00000,0.00000,-65.08621,0.00000,0.00000,30.00000,-92.52652,-0.11220,1.09609,6.50862,0.00000,0.00000,0.00000,0.00000,none
11.15417,-87.47348,-87.47348,0.00000,0.00000,0.00000,-65.08621,0.00000,0.00000,30.00000,-92.52652,-0.11220,1.09609,6.50862,0.00000,0.00000,0.00000,0.00000,none
11.15833,-87.47348,-87.47348,0.00000,0.00000,0.00000,-65.08621,0.00000,0.00000,30.00000,-92.52652,-0.11220,1.09609,6.50862,0.00000,0.00000,0.00000,0.00000,none
11.16250,-87.47348,-87.47348,0.00000,0.00000,0.00000,-65.08621,0.00000,0.00000,30.00000,-92.52652,-0.11220,1.09609,6.50862,0.00000,0.00000,0.00000,0.00000,none
11.16667,-87.47348,-87.47348,0.00000,0.00000,0.00000,-65.08621,0.00000,0.00000,30.00000,-92.52652,-0.11220,1.09609,6.50862,0.00000,0.00000,0.00000,0.00000,none
11.17083,-87.47348,-87.47348,0.00000,0.00000,0.00000,-65.08621,0.00000,0.00000,30.00000,-92.52652,-0.11220,1.09609,6.50862,0.00000,0.00000,0.00000,0.00000,none
11.17500,-87.47348,-87.47348,0.00000,0.00000,0.00000,-65.08621,0.00000,0.00000,30.00000,-92.52652,-0.11220,1.09609,6.50862,0.00000,0.00000,0.00000,0.00000,none
11.17917,-87.47348,-87.47348,0.00000,0.00000,0.00000,-65.08621,0.00000,0.00000,30.00000,-92.52652,-0.11220,1.09609,6.50862,0.00000,0.00000,0.00000,0.00000,none
11.18333,-87.47348,-87.47348,0.00000,0.00000,0.00000,-65.08621,0.00000,0.00000,30.00000,-92.52652,-0.11220,1.09609,6.50862,0.00000,0.00000,0.00000,0.00000,none
11.18750,-87.47348,-87.47348,0.00000,0.00000,0.00000,-65.08621,0.00000,0.00000,30.00000,-92.52652,-0.11220,1.09609,6.50862,0.00000,0.00000,0.00000,0.00000,none
11.19167,-87.47348,-87.47348,0.00000,0.00000,0.00000,-65.08621,0.00000,0.00000,30.00000,-92.52652,-0.11220,1.09609,6.50862,0.00000,0.00000,0.00000,0.00000,none
11.19583,-87.47348,-87.47348,0.00000,0.00000,0.00000,-65.08621,0.00000,0.00000,30.00000,-92.52652,-0.11220,1.09609,6.50862,0.00000,0.00000,0.00000,0.00000,none
11.20000,-87.47348,-87.47348,0.00000,0.00000,0.00000,-65.08621,0.00000,0.00000,30.00000,-92.52652,-0.11220,1.09609,6.50862,0.00000,0.00000,0.00000,0.00000,none
11.20417,-87.47348,-87.47348,0.00000,0.00000,0.00000,-65.08621,0.00000,0.00000,30.00000,-92.52652,-0.11220,1.09609,6.50862,0.00000,0.00000,0.00000,0.00000,none
11.20833,-87.47348,-87.47348,0.00000,0.00000,0.00000,-65.08621,0.00000,0.00000,30.00000,-92.52652,-0.11220,1.09609,6.50862,0.00000,0.00000,0.00000,0.00000,none
11.21250,-87.47348,-87.47348,0.00000,0.00000,0.00000,-65.08621,0.00000,0.00000,30.00000,-92.52652,-0.11220,1.09609,6.50862,0.00000,0.00000,0.00000,0.00000,none
11.21667,-87.47348,-87.47348,0.00000,0.00000,0.00000,-65.08621,0.00000,0.00000,30.00000,-92.52652,-0.11220,1.09609,6.50862,0.00000,0.00000,0.00000,0.00000,none
11.22083,-87.47348,-87.47348,0.00000,0.00000,0.00000,-65.08621,0.00000,0.00000,30.00000,-92.52652,-0.11220,1.09609,6.50862,0.00000,0.00000,0.00000,0.00000,none
11.22500,-87.47348,-87.47348,0.00000,0.00000,0.00000,-65.08621,0.00000,0.00000,30.00000,-92.52652,-0.11220,1.09609,6.50862,0.00000,0.00000,0.00000,0.00000,none
11.22917,-87.47348,-87.47348,0.00000,0.00000,0.00000,-65.08621,0.00000,0.00000,30.00000,-92.52652,-0.11220,1.09609,6.50862,0.00000,0.00000,0.00000,0.00000,none
11.23333,-87.47348,-87.47348,0.00000,0.00000,0.00000,-65.08621,0.00000,0.00000,30.00000,-92.52652,-0.11220,1.09609,6.50862,0.00000,0.00000,0.00000,0.00000,none
11.23750,-87.47348,-87.47348,0.00000,0.00000,0.00000,-65.08621,0.00000,0.00000,30.00000,-92.52652,-0.11220,1.09609,6.50862,0.00000,0.00000,0.00000,0.00000,none
11.24167,-87.47348,-87.47348,0.00000,0.00000,0.00000,-65.08621,0.00000,0.00000,30.00000,-92.52652,-0.11220,1.09609,6.50862,0.00000,0.00000,0.00000,0.00000,none
11.24583,-87.47348,-87.47348,0.00000,0.00000,0.00000,-65.08621,0.00000,0.00000,30.00000,-92.52652,-0.11220,1.09609,6.50862,0.00000,0.00000,0.00000,0.00000,none
11.25000,-87.47348,-87.47348,0.00000,0.00000,0.00000,-65.08621,0.00000,0.00000,30.00000,-92.52652,-0.11220,1.09609,6.50862,0.00000,0.00000,0.00000,0.00000,none
11.25417,-87.47348,-87.47348,0.00000,0.00000,0.00000,-65.08621,0.00000,0.00000,30.00000,-92.52652,-0.11220,1.09609,6.50862,0.00000,0.00000,0.00000,0.00000,none
11.25833,-87.47348,-87.47348,0.00000,0.00000,0.00000,-65.08621,0.00000,0.00000,30.00000,-92.52652,-0.11220,1.09609,6.50862,0.00000,0.00000,0.00000,0.00000,none
11.26250,-87.47348,-87.47348,0.00000,0.00000,0.00000,-65.08621,0.00000,0.00000,30.00000,-92.52652,-0.11220,1.09609,6.50862,0.00000,0.00000,0.00000,0.00000,none
11.26667,-87.47348,-87.47348,0.00000,0.00000,0.00000,-65.08621,0.00000,0.00000,30.00000,-92.52652,-0.11220,1.09609,6.50862,0.00000,0.00000,0.00000,0.00000,none
11.27083,-87.47348,-87.47348,0.00000,0.00000,0.00000,-65.08621,0.00000,0.00000,30.00000,-92.52652,-0.11220,1.09609,6.50862,0.00000,0.00000,0.00000,0.00000,none
11.27500,-87.47348,-87.47348,0.00000,0.00000,0.00000,-65.08621,0.00000,0.00000,30.00000,-92.52652,-0.11220,1.09609,6.50862,0.00000,0.00000,0.00000,0.00000,none
11.27917,-87.47348,-87.47348,0.00000,0.00000,0.00000,-65.08621,0.00000,0.00000,30.00000,-92.52652,-0.11220,1.09609,6.50862,0.00000,0.00000,0.00000,0.00000,none
11.28333,-87.47348,-87.47348,0.00000,0.00000,0.00000,-65.08621,0.00000,0.00000,30.00000,-92.52652,-0.11220,1.09609,6.50862,0.00000,0.00000,0.00000,0.00000,none
11.28750,-87.47348,-87.47348,0.00000,0.00000,0.00000,-65.08621,0.00000,0.00000,30.00000,-92.52652,-0.11220,1.09609,6.50862,0.00000,0.00000,0.00000,0.00000,none
11.29167,-87.47348,-87.47348,0.00000,0.00000,0.00000,-65.08621,0.00000,0.00000,30.00000,-92.52652,-0.11220,1.09609,6.50862,0.00000,0.00000,0.00000,0.00000,none
11.29583,-87.47348,-87.47348,0.00000,0.00000,0.00000,-65.08621,0.00000,0.00000,30.00000,-92.52652,-0.11220,1.09609,6.50862,0.00000,0.00000,0.00000,0.00000,none
11.30000,-87.47348,-87.47348,0.00000,0.00000,0.00000,-65.08621,0.00000,0.00000,30.00000,-92.52652,-0.11220,1.09609,6.50862,0.00000,0.00000,0.00000,0.00000,none
11.30417,-87.47348,-87.47348,0.00000,0.00000,0.00000,-65.08621,0.00000,0.00000,30.00000,-92.52652,-0.11220,1.09609,6.50862,0.00000,0.00000,0.00000,0.00000,none
11.30833,-87.47348,-87.47348,0.00000,0.00000,0.00000,-65.08621,0.00000,0.00000,30.00000,-92.52652,-0.11220,1.09609,6.50862,0.00000,0.00000,0.00000,0.00000,none
11.31250,-87.47348,-87.47348,0.00000,0.00000,0.00000,-65.08621,0.00000,0.00000,30.00000,-92.52652,-0.11220,1.09609,6.50862,0.00000,0.00000,0.00000,0.00000,none
11.31667,-87.47348,-87.47348,0.00000,0.00000,0.00000,-65.08621,0.00000,0.00000,30.00000,-92.52652,-0.11220,1.09609,6.50862,0.00000,0.00000,0.00000,0.00000,none
11.32083,-87.47348,-87.47348,0.00000,0.00000,0.00000,-65.08621,0.00000,0.00000,30.00000,-92.52652,-0.11220,1.09609,6.50862,0.00000,0.00000,0.00000,0.00000,none
11.32500,-87.47348,-87.47348,0.00000,0.00000,0.00000,-65.08621,0.00000,0.00000,30.00000,-92.52652,-0.11220,1.09609,6.50862,0.00000,0.00000,0.00000,0.00000,none
11.32917,-87.47348,-87.47348,0.00000,0.00000,0.00000,-65.08621,0.00000,0.00000,30.00000,-92.52652,-0.11220,1.09609,6.50862,0.00000,0.00000,0.00000,0.00000,none
11.33333,-87.47348,-87.47348,0.00000,0.00000,0.00000,-65.08621,0.00000,0.00000,30.00000,-92.52652,-0.11220,1.09609,6.50862,0.00000,0.00000,0.00000,0.00000,none
11.33750,-87.47348,-87.47348,0.00000,0.00000,0.00000,-65.08621,0.00000,0.00000,30.00000,-92.52652,-0.11220,1.09609,6.50862,0.00000,0.00000,0.00000,0.00000,none
11.34167,-87.47348,-87.47348,0.00000,0.00000,0.00000,-65.08621,0.00000,0.00000,30.00000,-92.52652,-0.11220,1.09609,6.50862,0.00000,0.00000,0.00000,0.00000,none
11.34583,-87.47348,-87.47348,0.00000,0.00000,0.00000,-65.08621,0.00000,0.00000,30.00000,-92.52652,-0.11220,1.09609,6.50862,0.00000,0.00000,0.00000,0.00000,none
11.35000,-87.47348,-87.47348,0.00000,0.00000,0.00000,-65.08621,0.00000,0.00000,30.00000,-92.52652,-0.11220,1.09609,6.50862,0.00000,0.00000,0.00000,0.00000,none
11.35417,-87.47348,-87.47348,0.00000,0.00000,0.00000,-65.08621,0.00000,0.00000,30.00000,-92.52652,-0.11220,1.09609,6.50862,0.00000,0.00000,0.00000,0.00000,none
11.35833,-87.47348,-87.47348,0.00000,0.00000,0.00000,-65.08621,0.00000,0.00000,30.00000,-92.52652,-0.11220,1.09609,6.50862,0.00000,0.00000,0.00000,0.00000,none
11.36250,-87.47348,-87.47348,0.00000,0.00000,0.00000,-65.08621,0.00000,0.00000,30.00000,-92.52652,-0.11220,1.09609,6.50862,0.00000,0.00000,0.00000,0.00000,none
11.36667,-87.47348,-87.47348,0.00000,0.00000,0.00000,-65.08621,0.00000,0.00000,30.00000,-92.52652,-0.11220,1.09609,6.50862,0.00000,0.00000,0.00000,0.00000,none
11.37083,-87.47348,-87.47348,0.00000,0.00000,0.00000,-65.08621,0.00000,0.00000,30.00000,-92.52652,-0.11220,1.09609,6.50862,0.00000,0.00000,0.00000,0.00000,none
11.37500,-87.47348,-87.47348,0.00000,0.00000,0.00000,-65.08621,0.00000,0.00000,30.00000,-92.52652,-0.11220,1.09609,6.50862,0.00000,0.00000,0.00000,0.00000,none
11.37917,-87.47348,-87.47348,0.00000,0.00000,0.00000,-65.08621,0.00000,0.00000,30.00000,-92.52652,-0.11220,1.09609,6.50862,0.00000,0.00000,0.00000,0.00000,none
11.38333,-87.47348,-87.47348,0.00000,0.00000,0.00000,-65.08621,0.00000,0.00000,30.00000,-92.52652,-0.11220,1.09609,6.50862,0.00000,0.00000,0.00000,0.00000,none
11.38750,-87.47348,-87.47348,0.00000,0.00000,0.00000,-65.08621,0.00000,0.00000,30.00000,-92.52652,-0.11220,1.09609,6.50862,0.00000,0.00000,0.00000,0.00000,none
11.39167,-87.47348,-87.47348,0.00000,0.00000,0.00000,-65.08621,0.00000,0.00000,30.00000,-92.52652,-0.11220,1.09609,6.50862,0.00000,0.00000,0.00000,0.00000,none
11.39583,-87.47348,-87.47348,0.00000,0.00000,0.00000,-65.08621,0.00000,0.00000,30.00000,-92.52652,-0.11220,1.09609,6.50862,0.00000,0.00000,0.00000,0.00000,none
11.40000,-87.47348,-87.47348,0.00000,0.00000,0.00000,-65.08621,0.00000,0.00000,30.00000,-92.52652,-0.11220,1.09609,6.50862,0.00000,0.00000,0.00000,0.00000,none
11.40417,-87.47348,-87.47348,0.00000,0.00000,0.00000,-65.08621,0.00000,0.00000,30.00000,-92.52652,-0.11220,1.09609,6.50862,0.00000,0.00000,0.00000,0.00000,none
11.40833,-87.47348,-87.47348,0.00000,0.00000,0.00000,-65.08621,0.00000,0.00000,30.00000,-92.52652,-0.11220,1.09609,6.50862,0.00000,0.00000,0.00000,0.00000,none
11.41250,-87.47348,-87.47348,0.00000,0.00000,0.00000,-65.08621,0.00000,0.00000,30.00000,-92.52652,-0.11220,1.09609,6.50862,0.00000,0.00000,0.00000,0.00000,none
11.41667,-87.47348,-87.47348,0.00000,0.00000,0.00000,-65.08621,0.00000,0.00000,30.00000,-92.52652,-0.11220,1.09609,6.50862,0.00000,0.00000,0.00000,0.00000,none
11.42083,-87.47348,-87.47348,0.00000,0.00000,0.00000,-65.08621,0.00000,0.00000,30.00000,-92.52652,-0.11220,1.09609,6.50862,0.00000,0.00000,0.00000,0.00000,none
11.42500,-87.47348,-87.47348,0.00000,0.00000,0.00000,-65.08621,0.00000,0.00000,30.00000,-92.52652,-0.11220,1.09609,6.50862,0.00000,0.00000,0.00000,0.00000,none
11.42917,-87.47348,-87.47348,0.00000,0.00000,0.00000,-65.08621,0.00000,0.00000,30.00000,-92.52652,-0.11220,1.09609,6.50862,0.00000,0.00000,0.00000,0.00000,none
11.43333,-87.47348,-87.47348,0.00000,0.00000,0.00000,-65.08621,0.00000,0.00000,30.00000,-92.52652,-0.11220,1.09609,6.50862,0.00000,0.00000,0.00000,0.00000,none
11.43750,-87.47348,-87.47348,0.00000,0.00000,0.00000,-65.08621,0.00000,0.00000,30.00000,-92.52652,-0.11220,1.09609,6.50862,0.00000,0.00000,0.00000,0.00000,none
11.44167,-87.47348,-87.47348,0.00000,0.00000,0.00000,-65.08621,0.00000,0.00000,30.00000,-92.52652,-0.11220,1.09609,6.50862,0.00000,0.00000,0.00000,0.00000,none
11.44583,-87.47348,-87.47348,0.00000,0.00000,0.00000,-65.08621,0.00000,0.00000,30.00000,-92.52652,-0.11220,1.09609,6.50862,0.00000,0.00000,0.00000,0.00000,none
11.45000,-87.47348,-87.47348,0.00000,0.00000,0.00000,-65.08621,0.00000,0.00000,30.00000,-92.52652,-0.11220,1.09609,6.50862,0.00000,0.00000,0.00000,0.00000,none
11.45417,-87.47348,-87.47348,0.00000,0.00000,0.00000,-65.08621,0.00000,0.00000,30.00000,-92.52652,-0.11220,1.09609,6.50862,0.00000,0.00000,0.00000,0.00000,none
11.45833,-87.47348,-87.47348,0.00000,0.00000,0.00000,-65.08621,0.00000,0.00000,30.00000,-92.52652,-0.11220,1.09609,6.50862,0.00000,0.00000,0.00000,0.00000,none
11.46250,-87.47348,-87.47348,0.00000,0.00000,0.00000,-65.08621,0.00000,0.00000,30.00000,-92.52652,-0.11220,1.09609,6.50862,0.00000,0.00000,0.00000,0.00000,none
11.46667,-87.47348,-87.47348,0.00000,0.00000,0.00000,-65.08621,0.00000,0.00000,30.00000,-92.52652,-0.11220,1.09609,6.50862,0.00000,0.00000,0.00000,0.00000,none
11.47083,-87.47348,-87.47348,0.00000,0.00000,0.00000,-65.08621,0.00000,0.00000,30.00000,-92.52652,-0.11220,1.09609,6.50862,0.00000,0.00000,0.00000,0.00000,none
11.47500,-87.47348,-87.47348,0.00000,0.00000,0.00000,-65.08621,0.00000,0.00000,30.00000,-92.52652,-0.11220,1.09609,6.50862,0.00000,0.00000,0.00000,0.00000,none
11.47917,-87.47348,-87.47348,0.00000,0.00000,0.00000,-65.08621,0.00000,0.00000,30.00000,-92.52652,-0.11220,1.09609,6.50862,0.00000,0.00000,0.00000,0.00000,none
11.48333,-87.47348,-87.47348,0.00000,0.00000,0.00000,-65.08621,0.00000,0.00000,30.00000,-92.52652,-0.11220,1.09609,6.50862,0.00000,0.00000,0.00000,0.00000,none
11.48750,-87.47348,-87.47348,0.00000,0.00000,0.00000,-65.08621,0.00000,0.00000,30.00000,-92.52652,-0.11220,1.09609,6.50862,0.00000,0.00000,0.00000,0.00000,none
11.49167,-87.47348,-87.47348,0.00000,0.00000,0.00000,-65.08621,0.00000,0.00000,30.00000,-92.52652,-0.11220,1.09609,6.50862,0.00000,0.00000,0.00000,0.00000,none
11.49583,-87.47348,-87.47348,0.00000,0.00000,0.00000,-65.08621,0.00000,0.00000,30.00000,-92.52652,-0.11220,1.09609,6.50862,0.00000,0.00000,0.00000,0.00000,none
11.50000,-87.47348,-87.47348,0.00000,0.00000,0.00000,-65.08621,0.00000,0.00000,30.00000,-92.52652,-0.11220,1.09609,6.50862,0.00000,0.00000,0.00000,0.00000,none
11.50417,-87.47348,-87.47348,0.00000,0.00000,0.00000,-65.08621,0.00000,0.00000,30.00000,-92.52652,-0.11220,1.09609,6.50862,0.00000,0.00000,0.00000,0.00000,none
11.50833,-87.47348,-87.47348,0.00000,0.00000,0.00000,-65.08621,0.00000,0.00000,30.00000,-92.52652,-0.11220,1.09609,6.50862,0.00000,0.00000,0.00000,0.00000,none
11.51250,-87.47348,-87.47348,0.00000,0.00000,0.00000,-65.08621,0.00000,0.00000,30.00000,-92.52652,-0.11220,1.09609,6.50862,0.00000,0.00000,0.00000,0.00000,none
11.51667,-87.47348,-87.47348,0.00000,0.00000,0.00000,-65.08621,0.00000,0.00000,30.00000,-92.52652,-0.11220,1.09609,6.50862,0.00000,0.00000,0.00000,0.00000,none
11.52083,-87.47348,-87.47348,0.00000,0.00000,0.00000,-65.08621,0.00000,0.00000,30.00000,-92.52652,-0.11220,1.09609,6.50862,0.00000,0.00000,0.00000,0.00000,none
11.52500,-87.47348,-87.47348,0.00000,0.00000,0.00000,-65.08621,0.00000,0.00000,30.00000,-92.52652,-0.11220,1.09609,6.50862,0.00000,0.00000,0.00000,0.00000,none
11.52917,-87.47348,-87.47348,0.00000,0.00000,0.00000,-65.08621,0.00000,0.00000,30.00000,-92.52652,-0.11220,1.09609,6.50862,0.00000,0.00000,0.00000,0.00000,none
11.53333,-87.47348,-87.47348,0.00000,0.00000,0.00000,-65.08621,0.00000,0.00000,30.00000,-92.52652,-0.11220,1.09609,6.50862,0.00000,0.00000,0.00000,0.00000,none
11.53750,-87.47348,-87.47348,0.00000,0.00000,0.00000,-65.08621,0.00000,0.00000,30.00000,-92.52652,-0.11220,1.09609,6.50862,0.00000,0.00000,0.00000,0.00000,none
11.54167,-87.47348,-87.47348,0.00000,0.00000,0.00000,-65.08621,0.00000,0.00000,30.00000,-92.52652,-0.11220,1.09609,6.50862,0.00000,0.00000,0.00000,0.00000,none
11.54583,-87.47348,-87.47348,0.00000,0.00000,0.00000,-65.08621,0.00000,0.00000,30.00000,-92.52652,-0.11220,1.09609,6.50862,0.00000,0.00000,0.00000,0.00000,none
11.55000,-87.47348,-87.47348,0.00000,0.00000,0.00000,-65.08621,0.00000,0.00000,30.00000,-92.52652,-0.11220,1.09609,6.50862,0.00000,0.00000,0.00000,0.00000,none
11.55417,-87.47348,-87.47348,0.00000,0.00000,0.00000,-65.08621,0.00000,0.00000,30.00000,-92.52652,-0.11220,1.09609,6.50862,0.00000,0.00000,0.00000,0.00000,none
11.55833,-87.47348,-87.47348,0.00000,0.00000,0.00000,-65.08621,0.00000,0.00000,30.00000,-92.52652,-0.11220,1.09609,6.50862,0.00000,0.00000,0.00000,0.00000,none
11.56250,-87.47348,-87.47348,0.00000,0.00000,0.00000,-65.08621,0.00000,0.00000,30.00000,-92.52652,-0.11220,1.09609,6.50862,0.00000,0.00000,0.00000,0.00000,none
11.56667,-87.47348,-87.47348,0.00000,0.00000,0.00000,-65.08621,0.00000,0.00000,30.00000,-92.52652,-0.11220,1.09609,6.50862,0.00000,0.00000,0.00000,0.00000,none
11.57083,-87.47348,-87.47348,0.00000,0.00000,0.00000,-65.08621,0.00000,0.00000,30.00000,-92.52652,-0.11220,1.09609,6.50862,0.00000,0.00000,0.00000,0.00000,none
11.57500,-87.47348,-87.47348,0.00000,0.00000,0.00000,-65.08621,0.00000,0.00000,30.00000,-92.52652,-0.11220,1.09609,6.50862,0.00000,0.00000,0.00000,0.00000,none
11.57917,-87.47348,-87.47348,0.00000,0.00000,0.00000,-65.08621,0.00000,0.00000,30.00000,-92.52652,-0.11220,1.09609,6.50862,0.00000,0.00000,0.00000,0.00000,none
11.58333,-87.47348,-87.47348,0.00000,0.00000,0.00000,-65.08621,0.00000,0.00000,30.00000,-92.52652,-0.11220,1.09609,6.50862,0.00000,0.00000,0.00000,0.00000,none
11.58750,-87.47348,-87.47348,0.00000,0.00000,0.00000,-65.08621,0.00000,0.00000,30.00000,-92.52652,-0.11220,1.09609,6.50862,0.00000,0.00000,0.00000,0.00000,none
11.59167,-87.47348,-87.47348,0.00000,0.00000,0.00000,-65.08621,0.00000,0.00000,30.00000,-92.52652,-0.11220,1.09609,6.50862,0.00000,0.00000,0.00000,0.00000,none
11.59583,-87.47348,-87.47348,0.00000,0.00000,0.00000,-65.08621,0.00000,0.00000,30.00000,-92.52652,-0.11220,1.09609,6.50862,0.00000,0.00000,0.00000,0.00000,none
11.60000,-87.47348,-87.47348,0.00000,0.00000,0.00000,-65.08621,0.00000,0.00000,30.00000,-92.52652,-0.11220,1.09609,6.50862,0.00000,0.00000,0.00000,0.00000,none
11.60417,-87.47348,-87.47348,0.00000,0.00000,0.00000,-65.08621,0.00000,0.00000,30.00000,-92.52652,-0.11220,1.09609,6.50862,0.00000,0.00000,0.00000,0.00000,none
11.60833,-87.47348,-87.47348,0.00000,0.00000,0.00000,-65.08621,0.00000,0.00000,30.00000,-92.52652,-0.11220,1.09609,6.50862,0.00000,0.00000,0.00000,0.00000,none
11.61250,-87.47348,-87.47348,0.00000,0.00000,0.00000,-65.08621,0.00000,0.00000,30.00000,-92.52652,-0.11220,1.09609,6.50862,0.00000,0.00000,0.00000,0.00000,none
11.61667,-87.47348,-87.47348,0.00000,0.00000,0.00000,-65.08621,0.00000,0.00000,30.00000,-92.52652,-0.11220,1.09609,6.50862,0.00000,0.00000,0.00000,0.00000,none
11.62083,-87.47348,-87.47348,0.00000,0.00000,0.00000,-65.08621,0.00000,0.00000,30.00000,-92.52652,-0.11220,1.09609,6.50862,0.00000,0.00000,0.00000,0.00000,none
11.62500,-87.47348,-87.47348,0.00000,0.00000,0.00000,-65.08621,0.00000,0.00000,30.00000,-92.52652,-0.11220,1.09609,6.50862,0.00000,0.00000,0.00000,0.00000,none
11.62917,-87.47348,-87.47348,0.00000,0.00000,0.00000,-65.08621,0.00000,0.00000,30.00000,-92.52652,-0.11220,1.09609,6.50862,0.00000,0.00000,0.00000,0.00000,none
11.63333,-87.47348,-87.47348,0.00000,0.00000,0.00000,-65.08621,0.00000,0.00000,30.00000,-92.52652,-0.11220,1.09609,6.50862,0.00000,0.00000,0.00000,0.00000,none
11.63750,-87.47348,-87.47348,0.00000,0.00000,0.00000,-65.08621,0.00000,0.00000,30.00000,-92.52652,-0.11220,1.09609,6.50862,0.00000,0.00000,0.00000,0.00000,none
11.64167,-87.47348,-87.47348,0.00000,0.00000,0.00000,-65.08621,0.00000,0.00000,30.00000,-92.52652,-0.11220,1.09609,6.50862,0.00000,0.00000,0.00000,0.00000,none
11.64583,-87.47348,-87.47348,0.00000,0.00000,0.00000,-65.08621,0.00000,0.00000,30.00000,-92.52652,-0.11220,1.09609,6.50862,0.00000,0.00000,0.00000,0.00000,none
11.65000,-87.47348,-87.47348,0.00000,0.00000,0.00000,-65.08621,0.00000,0.00000,30.00000,-92.52652,-0.11220,1.09609,6.50862,0.00000,0.00000,0.00000,0.00000,none
11.65417,-87.47348,-87.47348,0.00000,0.00000,0.00000,-65.08621,0.00000,0.00000,30.00000,-92.52652,-0.11220,1.09609,6.50862,0.00000,0.00000,0.00000,0.00000,none
11.65833,-87.47348,-87.47348,0.00000,0.00000,0.00000,-65.08621,0.00000,0.00000,30.00000,-92.52652,-0.11220,1.09609,6.50862,0.00000,0.00000,0.00000,0.00000,none
11.66250,-87.47348,-87.47348,0.00000,0.00000,0.00000,-65.08621,0.00000,0.00000,30.00000,-92.52652,-0.11220,1.09609,6.50862,0.00000,0.00000,0.00000,0.00000,none
11.66667,-87.47348,-87.47348,0.00000,0.00000,0.00000,-65.08621,0.00000,0.00000,30.00000,-92.52652,-0.11220,1.09609,6.50862,0.00000,0.00000,0.00000,0.00000,none
11.67083,-87.47348,-87.47348,0.00000,0.00000,0.00000,-65.08621,0.00000,0.00000,30.00000,-92.52652,-0.11220,1.09609,6.50862,0.00000,0.00000,0.00000,0.00000,none
11.67500,-87.47348,-87.47348,0.00000,0.00000,0.00000,-65.08621,0.00000,0.00000,30.00000,-92.52652,-0.11220,1.09609,6.50862,0.00000,0.00000,0.00000,0.00000,none
11.67917,-87.47348,-87.47348,0.00000,0.00000,0.00000,-65.08621,0.00000,0.00000,30.00000,-92.52652,-0.11220,1.09609,6.50862,0.00000,0.00000,0.00000,0.00000,none
11.68333,-87.47348,-87.47348,0.00000,0.00000,0.00000,-65.08621,0.00000,0.00000,30.00000,-92.52652,-0.11220,1.09609,6.50862,0.00000,0.00000,0.00000,0.00000,none
11.68750,-87.47348,-87.47348,0.00000,0.00000,0.00000,-65.08621,0.00000,0.00000,30.00000,-92.52652,-0.11220,1.09609,6.50862,0.00000,0.00000,0.00000,0.00000,none
11.69167,-87.47348,-87.47348,0.00000,0.00000,0.00000,-65.08621,0.00000,0.00000,30.00000,-92.52652,-0.11220,1.09609,6.50862,0.00000,0.00000,0.00000,0.00000,none
11.69583,-87.47348,-87.47348,0.00000,0.00000,0.00000,-65.08621,0.00000,0.00000,30.00000,-92.52652,-0.11220,1.09609,6.50862,0.00000,0.00000,0.00000,0.00000,none
11.70000,-87.47348,-87.47348,0.00000,0.00000,0.00000,-65.08621,0.00000,0.00000,30.00000,-92.52652,-0.11220,1.09609,6.50862,0.00000,0.00000,0.00000,0.00000,none
11.70417,-87.47348,-87.47348,0.00000,0.00000,0.00000,-65.08621,0.00000,0.00000,30.00000,-92.52652,-0.11220,1.09609,6.50862,0.00000,0.00000,0.00000,0.00000,none
11.70833,-87.47348,-87.47348,0.00000,0.00000,0.00000,-65.08621,0.00000,0.00000,30.00000,-92.52652,-0.11220,1.09609,6.50862,0.00000,0.00000,0.00000,0.00000,none
11.71250,-87.47348,-87.47348,0.00000,0.00000,0.00000,-65.08621,0.00000,0.00000,30.00000,-92.52652,-0.11220,1.09609,6.50862,0.00000,0.00000,0.00000,0.00000,none
11.71667,-87.47348,-87.47348,0.00000,0.00000,0.00000,-65.08621,0.00000,0.00000,30.00000,-92.52652,-0.11220,1.09609,6.50862,0.00000,0.00000,0.00000,0.00000,none
11.72083,-87.47348,-87.47348,0.00000,0.00000,0.00000,-65.08621,0.00000,0.00000,30.00000,-92.52652,-0.11220,1.09609,6.50862,0.00000,0.00000,0.00000,0.00000,none
11.72500,-87.47348,-87.47348,0.00000,0.00000,0.00000,-65.08621,0.00000,0.00000,30.00000,-92.52652,-0.11220,1.09609,6.50862,0.00000,0.00000,0.00000,0.00000,none
11.72917,-87.47348,-87.47348,0.00000,0.00000,0.00000,-65.08621,0.00000,0.00000,30.00000,-92.52652,-0.11220,1.09609,6.50862,0.00000,0.00000,0.00000,0.00000,none
11.73333,-87.47348,-87.47348,0.00000,0.00000,0.00000,-65.08621,0.00000,0.00000,30.00000,-92.52652,-0.11220,1.09609,6.50862,0.00000,0.00000,0.00000,0.00000,none
11.73750,-87.47348,-87.47348,0.00000,0.00000,0.00000,-65.08621,0.00000,0.00000,30.00000,-92.52652,-0.11220,1.09609,6.50862,0.00000,0.00000,0.00000,0.00000,none
11.74167,-87.47348,-87.47348,0.00000,0.00000,0.00000,-65.08621,0.00000,0.00000,30.00000,-92.52652,-0.11220,1.09609,6.50862,0.00000,0.00000,0.00000,0.00000,none
11.74583,-87.47348,-87.47348,0.00000,0.00000,0.00000,-65.08621,0.00000,0.00000,30.00000,-92.52652,-0.11220,1.09609,6.50862,0.00000,0.00000,0.00000,0.00000,none
11.75000,-87.47348,-87.47348,0.00000,0.00000,0.00000,-65.08621,0.00000,0.00000,30.00000,-92.52652,-0.11220,1.09609,6.50862,0.00000,0.00000,0.00000,0.00000,none
11.75417,-87.47348,-87.47348,0.00000,0.00000,0.00000,-65.08621,0.00000,0.00000,30.00000,-92.52652,-0.11220,1.09609,6.50862,0.00000,0.00000,0.00000,0.00000,none
11.75833,-87.47348,-87.47348,0.00000,0.00000,0.00000,-65.08621,0.00000,0.00000,30.00000,-92.52652,-0.11220,1.09609,6.50862,0.00000,0.00000,0.00000,0.00000,none
11.76250,-87.47348,-87.47348,0.00000,0.00000,0.00000,-65.08621,0.00000,0.00000,30.00000,-92.52652,-0.11220,1.09609,6.50862,0.00000,0.00000,0.00000,0.00000,none
11.76667,-87.47348,-87.47348,0.00000,0.00000,0.00000,-65.08621,0.00000,0.00000,30.00000,-92.52652,-0.11220,1.09609,6.50862,0.00000,0.00000,0.00000,0.00000,none
11.77083,-87.47348,-87.47348,0.00000,0.00000,0.00000,-65.08621,0.00000,0.00000,30.00000,-92.52652,-0.11220,1.09609,6.50862,0.00000,0.00000,0.00000,0.00000,none
11.77500,-87.47348,-87.47348,0.00000,0.00000,0.00000,-65.08621,0.00000,0.00000,30.00000,-92.52652,-0.11220,1.09609,6.50862,0.00000,0.00000,0.00000,0.00000,none
11.77917,-87.47348,-87.47348,0.00000,0.00000,0.00000,-65.08621,0.00000,0.00000,30.00000,-92.52652,-0.11220,1.09609,6.50862,0.00000,0.00000,0.00000,0.00000,none
11.78333,-87.47348,-87.47348,0.00000,0.00000,0.00000,-65.08621,0.00000,0.00000,30.00000,-92.52652,-0.11220,1.09609,6.50862,0.00000,0.00000,0.00000,0.00000,none
11.78750,-87.47348,-87.47348,0.00000,0.00000,0.00000,-65.08621,0.00000,0.00000,30.00000,-92.52652,-0.11220,1.09609,6.50862,0.00000,0.00000,0.00000,0.00000,none
11.79167,-87.47348,-87.47348,0.00000,0.00000,0.00000,-65.08621,0.00000,0.00000,30.00000,-92.52652,-0.11220,1.09609,6.50862,0.00000,0.00000,0.00000,0.00000,none
11.79583,-87.47348,-87.47348,0.00000,0.00000,0.00000,-65.08621,0.00000,0.00000,30.00000,-92.52652,-0.11220,1.09609,6.50862,0.00000,0.00000,0.00000,0.00000,none
11.80000,-87.47348,-87.47348,0.00000,0.00000,0.00000,-65.08621,0.00000,0.00000,30.00000,-92.52652,-0.11220,1.09609,6.50862,0.00000,0.00000,0.00000,0.00000,none
11.80417,-87.47348,-87.47348,0.00000,0.00000,0.00000,-65.08621,0.00000,0.00000,30.00000,-92.52652,-0.11220,1.09609,6.50862,0.00000,0.00000,0.00000,0.00000,none
11.80833,-87.47348,-87.47348,0.00000,0.00000,0.00000,-65.08621,0.00000,0.00000,30.00000,-92.52652,-0.11220,1.09609,6.50862,0.00000,0.00000,0.00000,0.00000,none
11.81250,-87.47348,-87.47348,0.00000,0.00000,0.00000,-65.08621,0.00000,0.00000,30.00000,-92.52652,-0.11220,1.09609,6.50862,0.00000,0.00000,0.00000,0.00000,none
11.81667,-87.47348,-87.47348,0.00000,0.00000,0.00000,-65.08621,0.00000,0.00000,30.00000,-92.52652,-0.11220,1.09609,6.50862,0.00000,0.00000,0.00000,0.00000,none
11.82083,-87.47348,-87.47348,0.00000,0.00000,0.00000,-65.08621,0.00000,0.00000,30.00000,-92.52652,-0.11220,1.09609,6.50862,0.00000,0.00000,0.00000,0.00000,none
11.82500,-87.47348,-87.47348,0.00000,0.00000,0.00000,-65.08621,0.00000,0.00000,30.00000,-92.52652,-0.11220,1.09609,6.50862,0.00000,0.00000,0.00000,0.00000,none
11.82917,-87.47348,-87.47348,0.00000,0.00000,0.00000,-65.08621,0.00000,0.00000,30.00000,-92.52652,-0.11220,1.09609,6.50862,0.00000,0.00000,0.00000,0.00000,none
11.83333,-87.47348,-87.47348,0.00000,0.00000,0.00000,-65.08621,0.00000,0.00000,30.00000,-92.52652,-0.11220,1.09609,6.50862,0.00000,0.00000,0.00000,0.00000,none
11.83750,-87.47348,-87.47348,0.00000,0.00000,0.00000,-65.08621,0.00000,0.00000,30.00000,-92.52652,-0.11220,1.09609,6.50862,0.00000,0.00000,0.00000,0.00000,none
11.84167,-87.47348,-87.47348,0.00000,0.00000,0.00000,-65.08621,0.00000,0.00000,30.00000,-92.52652,-0.11220,1.09609,6.50862,0.00000,0.00000,0.00000,0.00000,none
11.84583,-87.47348,-87.47348,0.00000,0.00000,0.00000,-65.08621,0.00000,0.00000,30.00000,-92.52652,-0.11220,1.09609,6.50862,0.00000,0.00000,0.00000,0.00000,none
11.85000,-87.47348,-87.47348,0.00000,0.00000,0.00000,-65.08621,0.00000,0.00000,30.00000,-92.52652,-0.11220,1.09609,6.50862,0.00000,0.00000,0.00000,0.00000,none
11.85417,-87.47348,-87.47348,0.00000,0.00000,0.00000,-65.08621,0.00000,0.00000,30.00000,-92.52652,-0.11220,1.09609,6.50862,0.00000,0.00000,0.00000,0.00000,none
11.85833,-87.47348,-87.47348,0.00000,0.00000,0.00000,-65.08621,0.00000,0.00000,30.00000,-92.52652,-0.11220,1.09609,6.50862,0.00000,0.00000,0.00000,0.00000,none
11.86250,-87.47348,-87.47348,0.00000,0.00000,0.00000,-65.08621,0.00000,0.00000,30.00000,-92.52652,-0.11220,1.09609,6.50862,0.00000,0.00000,0.00000,0.00000,none
11.86667,-87.47348,-87.47348,0.00000,0.00000,0.00000,-65.08621,0.00000,0.00000,30.00000,-92.52652,-0.11220,1.09609,6.50862,0.00000,0.00000,0.00000,0.00000,none
11.87083,-87.47348,-87.47348,0.00000,0.00000,0.00000,-65.08621,0.00000,0.00000,30.00000,-92.52652,-0.11220,1.09609,6.50862,0.00000,0.00000,0.00000,0.00000,none
11.87500,-87.47348,-87.47348,0.00000,0.00000,0.00000,-65.08621,0.00000,0.00000,30.00000,-92.52652,-0.11220,1.09609,6.50862,0.00000,0.00000,0.00000,0.00000,none
11.87917,-87.47348,-87.47348,0.00000,0.00000,0.00000,-65.08621,0.00000,0.00000,30.00000,-92.52652,-0.11220,1.09609,6.50862,0.00000,0.00000,0.00000,0.00000,none
11.88333,-87.47348,-87.47348,0.00000,0.00000,0.00000,-65.08621,0.00000,0.00000,30.00000,-92.52652,-0.11220,1.09609,6.50862,0.00000,0.00000,0.00000,0.00000,none
11.88750,-87.47348,-87.47348,0.00000,0.00000,0.00000,-65.08621,0.00000,0.00000,30.00000,-92.52652,-0.11220,1.09609,6.50862,0.00000,0.00000,0.00000,0.00000,none
11.89167,-87.47348,-87.47348,0.00000,0.00000,0.00000,-65.08621,0.00000,0.00000,30.00000,-92.52652,-0.11220,1.09609,6.50862,0.00000,0.00000,0.00000,0.00000,none
11.89583,-87.47348,-87.47348,0.00000,0.00000,0.00000,-65.08621,0.00000,0.00000,30.00000,-92.52652,-0.11220,1.09609,6.50862,0.00000,0.00000,0.00000,0.00000,none
11.90000,-87.47348,-87.47348,0.00000,0.00000,0.00000,-65.08621,0.00000,0.00000,30.00000,-92.52652,-0.11220,1.09609,6.50862,0.00000,0.00000,0.00000,0.00000,none
11.90417,-87.47348,-87.47348,0.00000,0.00000,0.00000,-65.08621,0.00000,0.00000,30.00000,-92.52652,-0.11220,1.09609,6.50862,0.00000,0.00000,0.00000,0.00000,none
11.90833,-87.47348,-87.47348,0.00000,0.00000,0.00000,-65.08621,0.00000,0.00000,30.00000,-92.52652,-0.11220,1.09609,6.50862,0.00000,0.00000,0.00000,0.00000,none
11.91250,-87.47348,-87.47348,0.00000,0.00000,0.00000,-65.08621,0.00000,0.00000,30.00000,-92.52652,-0.11220,1.09609,6.50862,0.00000,0.00000,0.00000,0.00000,none
11.91667,-87.47348,-87.47348,0.00000,0.00000,0.00000,-65.08621,0.00000,0.00000,30.00000,-92.52652,-0.11220,1.09609,6.50862,0.00000,0.00000,0.00000,0.00000,none
11.92083,-87.47348,-87.47348,0.00000,0.00000,0.00000,-65.08621,0.00000,0.00000,30.00000,-92.52652,-0.11220,1.09609,6.50862,0.00000,0.00000,0.00000,0.00000,none
11.92500,-87.47348,-87.47348,0.00000,0.00000,0.00000,-65.08621,0.00000,0.00000,30.00000,-92.52652,-0.11220,1.09609,6.50862,0.00000,0.00000,0.00000,0.00000,none
11.92917,-87.47348,-87.47348,0.00000,0.00000,0.00000,-65.08621,0.00000,0.00000,30.00000,-92.52652,-0.11220,1.09609,6.50862,0.00000,0.00000,0.00000,0.00000,none
11.93333,-87.47348,-87.47348,0.00000,0.00000,0.00000,-65.08621,0.00000,0.00000,30.00000,-92.52652,-0.11220,1.09609,6.50862,0.00000,0.00000,0.00000,0.00000,none
11.93750,-87.47348,-87.47348,0.00000,0.00000,0.00000,-65.08621,0.00000,0.00000,30.00000,-92.52652,-0.11220,1.09609,6.50862,0.00000,0.00000,0.00000,0.00000,none
11.94167,-87.47348,-87.47348,0.00000,0.00000,0.00000,-65.08621,0.00000,0.00000,30.00000,-92.52652,-0.11220,1.09609,6.50862,0.00000,0.00000,0.00000,0.00000,none
11.94583,-87.47348,-87.47348,0.00000,0.00000,0.00000,-65.08621,0.00000,0.00000,30.00000,-92.52652,-0.11220,1.09609,6.50862,0.00000,0.00000,0.00000,0.00000,none
11.95000,-87.47348,-87.47348,0.00000,0.00000,0.00000,-65.08621,0.00000,0.00000,30.00000,-92.52652,-0.11220,1.09609,6.50862,0.00000,0.00000,0.00000,0.00000,none
11.95417,-87.47348,-87.47348,0.00000,0.00000,0.00000,-65.08621,0.00000,0.00000,30.00000,-92.52652,-0.11220,1.09609,6.50862,0.00000,0.00000,0.00000,0.00000,none
11.95833,-87.47348,-87.47348,0.00000,0.00000,0.00000,-65.08621,0.00000,0.00000,30.00000,-92.52652,-0.11220,1.09609,6.50862,0.00000,0.00000,0.00000,0.00000,none
11.96250,-87.47348,-87.47348,0.00000,0.00000,0.00000,-65.08621,0.00000,0.00000,30.00000,-92.52652,-0.11220,1.09609,6.50862,0.00000,0.00000,0.00000,0.00000,none
11.96667,-87.47348,-87.47348,0.00000,0.00000,0.00000,-65.08621,0.00000,0.00000,30.00000,-92.52652,-0.11220,1.09609,6.50862,0.00000,0.00000,0.00000,0.00000,none
11.97083,-87.47348,-87.47348,0.00000,0.00000,0.00000,-65.08621,0.00000,0.00000,30.00000,-92.52652,-0.11220,1.09609,6.50862,0.00000,0.00000,0.00000,0.00000,none
11.97500,-87.47348,-87.47348,0.00000,0.00000,0.00000,-65.08621,0.00000,0.00000,30.00000,-92.52652,-0.11220,1.09609,6.50862,0.00000,0.00000,0.00000,0.00000,none
11.97917,-87.47348,-87.47348,0.00000,0.00000,0.00000,-65.08621,0.00000,0.00000,30.00000,-92.52652,-0.11220,1.09609,6.50862,0.00000,0.00000,0.00000,0.00000,none
11.98333,-87.47348,-87.47348,0.00000,0.00000,0.00000,-65.08621,0.00000,0.00000,30.00000,-92.52652,-0.11220,1.09609,6.50862,0.00000,0.00000,0.00000,0.00000,none
11.98750,-87.47348,-87.47348,0.00000,0.00000,0.00000,-65.08621,0.00000,0.00000,30.00000,-92.52652,-0.11220,1.09609,6.50862,0.00000,0.00000,0.00000,0.00000,none
11.99167,-87.47348,-87.47348,0.00000,0.00000,0.00000,-65.08621,0.00000,0.00000,30.00000,-92.52652,-0.11220,1.09609,6.50862,0.00000,0.00000,0.00000,0.00000,none
11.99583,-87.47348,-87.47348,0.00000,0.00000,0.00000,-65.08621,0.00000,0.00000,30.00000,-92.52652,-0.11220,1.09609,6.50862,0.00000,0.00000,0.00000,0.00000,none
12.00000,-87.47348,-87.47348,0.00000,0.00000,0.00000,-65.08621,0.00000,0.00000,30.00000,-92.52652,-0.11220,1.09609,6.50862,0.00000,0.00000,0.00000,0.00000,none
12.00417,-87.47348,-87.47348,0.00000,0.00000,0.00000,-65.08621,0.00000,0.00000,30.00000,-92.52652,-0.11220,1.09609,6.50862,0.00000,0.00000,0.00000,0.00000,none
12.00833,-87.47348,-87.47348,0.00000,0.00000,0.00000,-65.08621,0.00000,0.00000,30.00000,-92.52652,-0.11220,1.09609,6.50862,0.00000,0.00000,0.00000,0.00000,none
12.01250,-87.47348,-87.47348,0.00000,0.00000,0.00000,-65.08621,0.00000,0.00000,30.00000,-92.52652,-0.11220,1.09609,6.50862,0.00000,0.00000,0.00000,0.00000,none
12.01667,-87.47348,-87.47348,0.00000,0.00000,0.00000,-65.08621,0.00000,0.00000,30.00000,-92.52652,-0.11220,1.09609,6.50862,0.00000,0.00000,0.00000,0.00000,none
12.02083,-87.47348,-87.47348,0.00000,0.00000,0.00000,-65.08621,0.00000,0.00000,30.00000,-92.52652,-0.11220,1.09609,6.50862,0.00000,0.00000,0.00000,0.00000,none
12.02500,-87.47348,-87.47348,0.00000,0.00000,0.00000,-65.08621,0.00000,0.00000,30.00000,-92.52652,-0.11220,1.09609,6.50862,0.00000,0.00000,0.00000,0.00000,none
12.02917,-87.47348,-87.47348,0.00000,0.00000,0.00000,-65.08621,0.00000,0.00000,30.00000,-92.52652,-0.11220,1.09609,6.50862,0.00000,0.00000,0.00000,0.00000,none
12.03333,-87.47348,-87.47348,0.00000,0.00000,0.00000,-65.08621,0.00000,0.00000,30.00000,-92.52652,-0.11220,1.09609,6.50862,0.00000,0.00000,0.00000,0.00000,none
12.03750,-87.47348,-87.47348,0.00000,0.00000,0.00000,-65.08621,0.00000,0.00000,30.00000,-92.52652,-0.11220,1.09609,6.50862,0.00000,0.00000,0.00000,0.00000,none
12.04167,-87.47348,-87.47348,0.00000,0.00000,0.00000,-65.08621,0.00000,0.00000,30.00000,-92.52652,-0.11220,1.09609,6.50862,0.00000,0.00000,0.00000,0.00000,none
12.04583,-87.47348,-87.47348,0.00000,0.00000,0.00000,-65.08621,0.00000,0.00000,30.00000,-92.52652,-0.11220,1.09609,6.50862,0.00000,0.00000,0.00000,0.00000,none
12.05000,-87.47348,-87.47348,0.00000,0.00000,0.00000,-65.08621,0.00000,0.00000,30.00000,-92.52652,-0.11220,1.09609,6.50862,0.00000,0.00000,0.00000,0.00000,none
12.05417,-87.47348,-87.47348,0.00000,0.00000,0.00000,-65.08621,0.00000,0.00000,30.00000,-92.52652,-0.11220,1.09609,6.50862,0.00000,0.00000,0.00000,0.00000,none
12.05833,-87.47348,-87.47348,0.00000,0.00000,0.00000,-65.08621,0.00000,0.00000,30.00000,-92.52652,-0.11220,1.09609,6.50862,0.00000,0.00000,0.00000,0.00000,none
12.06250,-87.47348,-87.47348,0.00000,0.00000,0.00000,-65.08621,0.00000,0.00000,30.00000,-92.52652,-0.11220,1.09609,6.50862,0.00000,0.00000,0.00000,0.00000,none
12.06667,-87.47348,-87.47348,0.00000,0.00000,0.00000,-65.08621,0.00000,0.00000,30.00000,-92.52652,-0.11220,1.09609,6.50862,0.00000,0.00000,0.00000,0.00000,none
12.07083,-87.47348,-87.47348,0.00000,0.00000,0.00000,-65.08621,0.00000,0.00000,30.00000,-92.52652,-0.11220,1.09609,6.50862,0.00000,0.00000,0.00000,0.00000,none
12.07500,-87.47348,-87.47348,0.00000,0.00000,0.00000,-65.08621,0.00000,0.00000,30.00000,-92.52652,-0.11220,1.09609,6.50862,0.00000,0.00000,0.00000,0.00000,none
12.07917,-87.47348,-87.47348,0.00000,0.00000,0.00000,-65.08621,0.00000,0.00000,30.00000,-92.52652,-0.11220,1.09609,6.50862,0.00000,0.00000,0.00000,0.00000,none
12.08333,-87.47348,-87.47348,0.00000,0.00000,0.00000,-65.08621,0.00000,0.00000,30.00000,-92.52652,-0.11220,1.09609,6.50862,0.00000,0.00000,0.00000,0.00000,none
12.08750,-87.47348,-87.47348,0.00000,0.00000,0.00000,-65.08621,0.00000,0.00000,30.00000,-92.52652,-0.11220,1.09609,6.50862,0.00000,0.00000,0.00000,0.00000,none
12.09167,-87.47348,-87.47348,0.00000,0.00000,0.00000,-65.08621,0.00000,0.00000,30.00000,-92.52652,-0.11220,1.09609,6.50862,0.00000,0.00000,0.00000,0.00000,none
12.09583,-87.47348,-87.47348,0.00000,0.00000,0.00000,-65.08621,0.00000,0.00000,30.00000,-92.52652,-0.11220,1.09609,6.50862,0.00000,0.00000,0.00000,0.00000,none
12.10000,-87.47348,-87.47348,0.00000,0.00000,0.00000,-65.08621,0.00000,0.00000,30.00000,-92.52652,-0.11220,1.09609,6.50862,0.00000,0.00000,0.00000,0.00000,none
12.10417,-87.47348,-87.47348,0.00000,0.00000,0.00000,-65.08621,0.00000,0.00000,30.00000,-92.52652,-0.11220,1.09609,6.50862,0.00000,0.00000,0.00000,0.00000,none
12.10833,-87.47348,-87.47348,0.00000,0.00000,0.00000,-65.08621,0.00000,0.00000,30.00000,-92.52652,-0.11220,1.09609,6.50862,0.00000,0.00000,0.00000,0.00000,none
12.11250,-87.47348,-87.47348,0.00000,0.00000,0.00000,-65.08621,0.00000,0.00000,30.00000,-92.52652,-0.11220,1.09609,6.50862,0.00000,0.00000,0.00000,0.00000,none
12.11667,-87.47348,-87.47348,0.00000,0.00000,0.00000,-65.08621,0.00000,0.00000,30.00000,-92.52652,-0.11220,1.09609,6.50862,0.00000,0.00000,0.00000,0.00000,none
12.12083,-87.47348,-87.47348,0.00000,0.00000,0.00000,-65.08621,0.00000,0.00000,30.00000,-92.52652,-0.11220,1.09609,6.50862,0.00000,0.00000,0.00000,0.00000,none
12.12500,-87.47348,-87.47348,0.00000,0.00000,0.00000,-65.08621,0.00000,0.00000,30.00000,-92.52652,-0.11220,1.09609,6.50862,0.00000,0.00000,0.00000,0.00000,none
12.12917,-87.47348,-87.47348,0.00000,0.00000,0.00000,-65.08621,0.00000,0.00000,30.00000,-92.52652,-0.11220,1.09609,6.50862,0.00000,0.00000,0.00000,0.00000,none
12.13333,-87.47348,-87.47348,0.00000,0.00000,0.00000,-65.08621,0.00000,0.00000,30.00000,-92.52652,-0.11220,1.09609,6.50862,0.00000,0.00000,0.00000,0.00000,none
12.13750,-87.47348,-87.47348,0.00000,0.00000,0.00000,-65.08621,0.00000,0.00000,30.00000,-92.52652,-0.11220,1.09609,6.50862,0.00000,0.00000,0.00000,0.00000,none
12.14167,-87.47348,-87.47348,0.00000,0.00000,0.00000,-65.08621,0.00000,0.00000,30.00000,-92.52652,-0.11220,1.09609,6.50862,0.00000,0.00000,0.00000,0.00000,none
12.14583,-87.47348,-87.47348,0.00000,0.00000,0.00000,-65.08621,0.00000,0.00000,30.00000,-92.52652,-0.11220,1.09609,6.50862,0.00000,0.00000,0.00000,0.00000,none
12.15000,-87.47348,-87.47348,0.00000,0.00000,0.00000,-65.08621,0.00000,0.00000,30.00000,-92.52652,-0.11220,1.09609,6.50862,0.00000,0.00000,0.00000,0.00000,none
12.15417,-87.47348,-87.47348,0.00000,0.00000,0.00000,-65.08621,0.00000,0.00000,30.00000,-92.52652,-0.11220,1.09609,6.50862,0.00000,0.00000,0.00000,0.00000,none
12.15833,-87.47348,-87.47348,0.00000,0.00000,0.00000,-65.08621,0.00000,0.00000,30.00000,-92.52652,-0.11220,1.09609,6.50862,0.00000,0.00000,0.00000,0.00000,none
12.16250,-87.47348,-87.47348,0.00000,0.00000,0.00000,-65.08621,0.00000,0.00000,30.00000,-92.52652,-0.11220,1.09609,6.50862,0.00000,0.00000,0.00000,0.00000,none
12.16667,-87.47348,-87.47348,0.00000,0.00000,0.00000,-65.08621,0.00000,0.00000,30.00000,-92.52652,-0.11220,1.09609,6.50862,0.00000,0.00000,0.00000,0.00000,none
12.17083,-87.47348,-87.47348,0.00000,0.00000,0.00000,-65.08621,0.00000,0.00000,30.00000,-92.52652,-0.11220,1.09609,6.50862,0.00000,0.00000,0.00000,0.00000,none
12.17500,-87.47348,-87.47348,0.00000,0.00000,0.00000,-65.08621,0.00000,0.00000,30.00000,-92.52652,-0.11220,1.09609,6.50862,0.00000,0.00000,0.00000,0.00000,none
12.17917,-87.47348,-87.47348,0.00000,0.00000,0.00000,-65.08621,0.00000,0.00000,30.00000,-92.52652,-0.11220,1.09609,6.50862,0.00000,0.00000,0.00000,0.00000,none
12.18333,-87.47348,-87.47348,0.00000,0.00000,0.00000,-65.08621,0.00000,0.00000,30.00000,-92.52652,-0.11220,1.09609,6.50862,0.00000,0.00000,0.00000,0.00000,none
12.18750,-87.47348,-87.47348,0.00000,0.00000,0.00000,-65.08621,0.00000,0.00000,30.00000,-92.52652,-0.11220,1.09609,6.50862,0.00000,0.00000,0.00000,0.00000,none
12.19167,-87.47348,-87.47348,0.00000,0.00000,0.00000,-65.08621,0.00000,0.00000,30.00000,-92.52652,-0.11220,1.09609,6.50862,0.00000,0.00000,0.00000,0.00000,none
12.19583,-87.47348,-87.47348,0.00000,0.00000,0.00000,-65.08621,0.00000,0.00000,30.00000,-92.52652,-0.11220,1.09609,6.50862,0.00000,0.00000,0.00000,0.00000,none
12.20000,-87.47348,-87.47348,0.00000,0.00000,0.00000,-65.08621,0.00000,0.00000,30.00000,-92.52652,-0.11220,1.09609,6.50862,0.00000,0.00000,0.00000,0.00000,none
12.20417,-87.47348,-87.47348,0.00000,0.00000,0.00000,-65.08621,0.00000,0.00000,30.00000,-92.52652,-0.11220,1.09609,6.50862,0.00000,0.00000,0.00000,0.00000,none
12.20833,-87.47348,-87.47348,0.00000,0.00000,0.00000,-65.08621,0.00000,0.00000,30.00000,-92.52652,-0.11220,1.09609,6.50862,0.00000,0.00000,0.00000,0.00000,none
12.21250,-87.47348,-87.47348,0.00000,0.00000,0.00000,-65.08621,0.00000,0.00000,30.00000,-92.52652,-0.11220,1.09609,6.50862,0.00000,0.00000,0.00000,0.00000,none
12.21667,-87.47348,-87.47348,0.00000,0.00000,0.00000,-65.08621,0.00000,0.00000,30.00000,-92.52652,-0.11220,1.09609,6.50862,0.00000,0.00000,0.00000,0.00000,none
12.22083,-87.47348,-87.47348,0.00000,0.00000,0.00000,-65.08621,0.00000,0.00000,30.00000,-92.52652,-0.11220,1.09609,6.50862,0.00000,0.00000,0.00000,0.00000,none
12.22500,-87.47348,-87.47348,0.00000,0.00000,0.00000,-65.08621,0.00000,0.00000,30.00000,-92.52652,-0.11220,1.09609,6.50862,0.00000,0.00000,0.00000,0.00000,none
12.22917,-87.47348,-87.47348,0.00000,0.00000,0.00000,-65.08621,0.00000,0.00000,30.00000,-92.52652,-0.11220,1.09609,6.50862,0.00000,0.00000,0.00000,0.00000,none
12.23333,-87.47348,-87.47348,0.00000,0.00000,0.00000,-65.08621,0.00000,0.00000,30.00000,-92.52652,-0.11220,1.09609,6.50862,0.00000,0.00000,0.00000,0.00000,none
12.23750,-87.47348,-87.47348,0.00000,0.00000,0.00000,-65.08621,0.00000,0.00000,30.00000,-92.52652,-0.11220,1.09609,6.50862,0.00000,0.00000,0.00000,0.00000,none
12.24167,-87.47348,-87.47348,0.00000,0.00000,0.00000,-65.08621,0.00000,0.00000,30.00000,-92.52652,-0.11220,1.09609,6.50862,0.00000,0.00000,0.00000,0.00000,none
12.24583,-87.47348,-87.47348,0.00000,0.00000,0.00000,-65.08621,0.00000,0.00000,30.00000,-92.52652,-0.11220,1.09609,6.50862,0.00000,0.00000,0.00000,0.00000,none
12.25000,-87.47348,-87.47348,0.00000,0.00000,0.00000,-65.08621,0.00000,0.00000,30.00000,-92.52652,-0.11220,1.09609,6.50862,0.00000,0.00000,0.00000,0.00000,none
12.25417,-87.47348,-87.47348,0.00000,0.00000,0.00000,-65.08621,0.00000,0.00000,30.00000,-92.52652,-0.11220,1.09609,6.50862,0.00000,0.00000,0.00000,0.00000,none
12.25833,-87.47348,-87.47348,0.00000,0.00000,0.00000,-65.08621,0.00000,0.00000,30.00000,-92.52652,-0.11220,1.09609,6.50862,0.00000,0.00000,0.00000,0.00000,none
12.26250,-87.47348,-87.47348,0.00000,0.00000,0.00000,-65.08621,0.00000,0.00000,30.00000,-92.52652,-0.11220,1.09609,6.50862,0.00000,0.00000,0.00000,0.00000,none
12.26667,-87.47348,-87.47348,0.00000,0.00000,0.00000,-65.08621,0.00000,0.00000,30.00000,-92.52652,-0.11220,1.09609,6.50862,0.00000,0.00000,0.00000,0.00000,none
12.27083,-87.47348,-87.47348,0.00000,0.00000,0.00000,-65.08621,0.00000,0.00000,30.00000,-92.52652,-0.11220,1.09609,6.50862,0.00000,0.00000,0.00000,0.00000,none
12.27500,-87.47348,-87.47348,0.00000,0.00000,0.00000,-65.08621,0.00000,0.00000,30.00000,-92.52652,-0.11220,1.09609,6.50862,0.00000,0.00000,0.00000,0.00000,none
12.27917,-87.47348,-87.47348,0.00000,0.00000,0.00000,-65.08621,0.00000,0.00000,30.00000,-92.52652,-0.11220,1.09609,6.50862,0.00000,0.00000,0.00000,0.00000,none
12.28333,-87.47348,-87.47348,0.00000,0.00000,0.00000,-65.08621,0.00000,0.00000,30.00000,-92.52652,-0.11220,1.09609,6.50862,0.00000,0.00000,0.00000,0.00000,none
12.28750,-87.47348,-87.47348,0.00000,0.00000,0.00000,-65.08621,0.00000,0.00000,30.00000,-92.52652,-0.11220,1.09609,6.50862,0.00000,0.00000,0.00000,0.00000,none
12.29167,-87.47348,-87.47348,0.00000,0.00000,0.00000,-65.08621,0.00000,0.00000,30.00000,-92.52652,-0.11220,1.09609,6.50862,0.00000,0.00000,0.00000,0.00000,none
12.29583,-87.47348,-87.47348,0.00000,0.00000,0.00000,-65.08621,0.00000,0.00000,30.00000,-92.52652,-0.11220,1.09609,6.50862,0.00000,0.00000,0.00000,0.00000,none
12.30000,-87.47348,-87.47348,0.00000,0.00000,0.00000,-65.08621,0.00000,0.00000,30.00000,-92.52652,-0.11220,1.09609,6.50862,0.00000,0.00000,0.00000,0.00000,none
12.30417,-87.47348,-87.47348,0.00000,0.00000,0.00000,-65.08621,0.00000,0.00000,30.00000,-92.52652,-0.11220,1.09609,6.50862,0.00000,0.00000,0.00000,0.00000,none
12.30833,-87.47348,-87.47348,0.00000,0.00000,0.00000,-65.08621,0.00000,0.00000,30.00000,-92.52652,-0.11220,1.09609,6.50862,0.00000,0.00000,0.00000,0.00000,none
12.31250,-87.47348,-87.47348,0.00000,0.00000,0.00000,-65.08621,0.00000,0.00000,30.00000,-92.52652,-0.11220,1.09609,6.50862,0.00000,0.00000,0.00000,0.00000,none
12.31667,-87.47348,-87.47348,0.00000,0.00000,0.00000,-65.08621,0.00000,0.00000,30.00000,-92.52652,-0.11220,1.09609,6.50862,0.00000,0.00000,0.00000,0.00000,none
12.32083,-87.47348,-87.47348,0.00000,0.00000,0.00000,-65.08621,0.00000,0.00000,30.00000,-92.52652,-0.11220,1.09609,6.50862,0.00000,0.00000,0.00000,0.00000,none
12.32500,-87.47348,-87.47348,0.00000,0.00000,0.00000,-65.08621,0.00000,0.00000,30.00000,-92.52652,-0.11220,1.09609,6.50862,0.00000,0.00000,0.00000,0.00000,none
12.32917,-87.47348,-87.47348,0.00000,0.00000,0.00000,-65.08621,0.00000,0.00000,30.00000,-92.52652,-0.11220,1.09609,6.50862,0.00000,0.00000,0.00000,0.00000,none
12.33333,-87.47348,-87.47348,0.00000,0.00000,0.00000,-65.08621,0.00000,0.00000,30.00000,-92.52652,-0.11220,1.09609,6.50862,0.00000,0.00000,0.00000,0.00000,none
12.33750,-87.47348,-87.47348,0.00000,0.00000,0.00000,-65.08621,0.00000,0.00000,30.00000,-92.52652,-0.11220,1.09609,6.50862,0.00000,0.00000,0.00000,0.00000,none
12.34167,-87.47348,-87.47348,0.00000,0.00000,0.00000,-65.08621,0.00000,0.00000,30.00000,-92.52652,-0.11220,1.09609,6.50862,0.00000,0.00000,0.00000,0.00000,none
12.34583,-87.47348,-87.47348,0.00000,0.00000,0.00000,-65.08621,0.00000,0.00000,30.00000,-92.52652,-0.11220,1.09609,6.50862,0.00000,0.00000,0.00000,0.00000,none
12.35000,-87.47348,-87.47348,0.00000,0.00000,0.00000,-65.08621,0.00000,0.00000,30.00000,-92.52652,-0.11220,1.09609,6.50862,0.00000,0.00000,0.00000,0.00000,none
12.35417,-87.47348,-87.47348,0.00000,0.00000,0.00000,-65.08621,0.00000,0.00000,30.00000,-92.52652,-0.11220,1.09609,6.50862,0.00000,0.00000,0.00000,0.00000,none
12.35833,-87.47348,-87.47348,0.00000,0.00000,0.00000,-65.08621,0.00000,0.00000,30.00000,-92.52652,-0.11220,1.09609,6.50862,0.00000,0.00000,0.00000,0.00000,none
12.36250,-87.47348,-87.47348,0.00000,0.00000,0.00000,-65.08621,0.00000,0.00000,30.00000,-92.52652,-0.11220,1.09609,6.50862,0.00000,0.00000,0.00000,0.00000,none
12.36667,-87.47348,-87.47348,0.00000,0.00000,0.00000,-65.08621,0.00000,0.00000,30.00000,-92.52652,-0.11220,1.09609,6.50862,0.00000,0.00000,0.00000,0.00000,none
12.37083,-87.47348,-87.47348,0.00000,0.00000,0.00000,-65.08621,0.00000,0.00000,30.00000,-92.52652,-0.11220,1.09609,6.50862,0.00000,0.00000,0.00000,0.00000,none
12.37500,-87.47348,-87.47348,0.00000,0.00000,0.00000,-65.08621,0.00000,0.00000,30.00000,-92.52652,-0.11220,1.09609,6.50862,0.00000,0.00000,0.00000,0.00000,none
12.37917,-87.47348,-87.47348,0.00000,0.00000,0.00000,-65.08621,0.00000,0.00000,30.00000,-92.52652,-0.11220,1.09609,6.50862,0.00000,0.00000,0.00000,0.00000,none
12.38333,-87.47348,-87.47348,0.00000,0.00000,0.00000,-65.08621,0.00000,0.00000,30.00000,-92.52652,-0.11220,1.09609,6.50862,0.00000,0.00000,0.00000,0.00000,none
12.38750,-87.47348,-87.47348,0.00000,0.00000,0.00000,-65.08621,0.00000,0.00000,30.00000,-92.52652,-0.11220,1.09609,6.50862,0.00000,0.00000,0.00000,0.00000,none
12.39167,-87.47348,-87.47348,0.00000,0.00000,0.00000,-65.08621,0.00000,0.00000,30.00000,-92.52652,-0.11220,1.09609,6.50862,0.00000,0.00000,0.00000,0.00000,none
12.39583,-87.47348,-87.47348,0.00000,0.00000,0.00000,-65.08621,0.00000,0.00000,30.00000,-92.52652,-0.11220,1.09609,6.50862,0.00000,0.00000,0.00000,0.00000,none
12.40000,-87.47348,-87.47348,0.00000,0.00000,0.00000,-65.08621,0.00000,0.00000,30.00000,-92.52652,-0.11220,1.09609,6.50862,0.00000,0.00000,0.00000,0.00000,none
12.40417,-87.47348,-87.47348,0.00000,0.00000,0.00000,-65.08621,0.00000,0.00000,30.00000,-92.52652,-0.11220,1.09609,6.50862,0.00000,0.00000,0.00000,0.00000,none
12.40833,-87.47348,-87.47348,0.00000,0.00000,0.00000,-65.08621,0.00000,0.00000,30.00000,-92.52652,-0.11220,1.09609,6.50862,0.00000,0.00000,0.00000,0.00000,none
12.41250,-87.47348,-87.47348,0.00000,0.00000,0.00000,-65.08621,0.00000,0.00000,30.00000,-92.52652,-0.11220,1.09609,6.50862,0.00000,0.00000,0.00000,0.00000,none
12.41667,-87.47348,-87.47348,0.00000,0.00000,0.00000,-65.08621,0.00000,0.00000,30.00000,-92.52652,-0.11220,1.09609,6.50862,0.00000,0.00000,0.00000,0.00000,none
12.42083,-87.47348,-87.47348,0.00000,0.00000,0.00000,-65.08621,0.00000,0.00000,30.00000,-92.52652,-0.11220,1.09609,6.50862,0.00000,0.00000,0.00000,0.00000,none
12.42500,-87.47348,-87.47348,0.00000,0.00000,0.00000,-65.08621,0.00000,0.00000,30.00000,-92.52652,-0.11220,1.09609,6.50862,0.00000,0.00000,0.00000,0.00000,none
12.42917,-87.47348,-87.47348,0.00000,0.00000,0.00000,-65.08621,0.00000,0.00000,30.00000,-92.52652,-0.11220,1.09609,6.50862,0.00000,0.00000,0.00000,0.00000,none
12.43333,-87.47348,-87.47348,0.00000,0.00000,0.00000,-65.08621,0.00000,0.00000,30.00000,-92.52652,-0.11220,1.09609,6.50862,0.00000,0.00000,0.00000,0.00000,none
12.43750,-87.47348,-87.47348,0.00000,0.00000,0.00000,-65.08621,0.00000,0.00000,30.00000,-92.52652,-0.11220,1.09609,6.50862,0.00000,0.00000,0.00000,0.00000,none
12.44167,-87.47348,-87.47348,0.00000,0.00000,0.00000,-65.08621,0.00000,0.00000,30.00000,-92.52652,-0.11220,1.09609,6.50862,0.00000,0.00000,0.00000,0.00000,none
12.44583,-87.47348,-87.47348,0.00000,0.00000,0.00000,-65.08621,0.00000,0.00000,30.00000,-92.52652,-0.11220,1.09609,6.50862,0.00000,0.00000,0.00000,0.00000,none
12.45000,-87.47348,-87.47348,0.00000,0.00000,0.00000,-65.08621,0.00000,0.00000,30.00000,-92.52652,-0.11220,1.09609,6.50862,0.00000,0.00000,0.00000,0.00000,none
12.45417,-87.47348,-87.47348,0.00000,0.00000,0.00000,-65.08621,0.00000,0.00000,30.00000,-92.52652,-0.11220,1.09609,6.50862,0.00000,0.00000,0.00000,0.00000,none
12.45833,-87.47348,-87.47348,0.00000,0.00000,0.00000,-65.08621,0.00000,0.00000,30.00000,-92.52652,-0.11220,1.09609,6.50862,0.00000,0.00000,0.00000,0.00000,none
12.46250,-87.47348,-87.47348,0.00000,0.00000,0.00000,-65.08621,0.00000,0.00000,30.00000,-92.52652,-0.11220,1.09609,6.50862,0.00000,0.00000,0.00000,0.00000,none
12.46667,-87.47348,-87.47348,0.00000,0.00000,0.00000,-65.08621,0.00000,0.00000,30.00000,-92.52652,-0.11220,1.09609,6.50862,0.00000,0.00000,0.00000,0.00000,none
12.47083,-87.47348,-87.47348,0.00000,0.00000,0.00000,-65.08621,0.00000,0.00000,30.00000,-92.52652,-0.11220,1.09609,6.50862,0.00000,0.00000,0.00000,0.00000,none
12.47500,-87.47348,-87.47348,0.00000,0.00000,0.00000,-65.08621,0.00000,0.00000,30.00000,-92.52652,-0.11220,1.09609,6.50862,0.00000,0.00000,0.00000,0.00000,none
12.47917,-87.47348,-87.47348,0.00000,0.00000,0.00000,-65.08621,0.00000,0.00000,30.00000,-92.52652,-0.11220,1.09609,6.50862,0.00000,0.00000,0.00000,0.00000,none
12.48333,-87.47348,-87.47348,0.00000,0.00000,0.00000,-65.08621,0.00000,0.00000,30.00000,-92.52652,-0.11220,1.09609,6.50862,0.00000,0.00000,0.00000,0.00000,none
12.48750,-87.47348,-87.47348,0.00000,0.00000,0.00000,-65.08621,0.00000,0.00000,30.00000,-92.52652,-0.11220,1.09609,6.50862,0.00000,0.00000,0.00000,0.00000,none
12.49167,-87.47348,-87.47348,0.00000,0.00000,0.00000,-65.08621,0.00000,0.00000,30.00000,-92.52652,-0.11220,1.09609,6.50862,0.00000,0.00000,0.00000,0.00000,none
12.49583,-87.47348,-87.47348,0.00000,0.00000,0.00000,-65.08621,0.00000,0.00000,30.00000,-92.52652,-0.11220,1.09609,6.50862,0.00000,0.00000,0.00000,0.00000,none
12.50000,-87.47348,-87.47348,0.00000,0.00000,0.00000,-65.08621,0.00000,0.00000,30.00000,-92.52652,-0.11220,1.09609,6.50862,0.00000,0.00000,0.00000,0.00000,none
12.50417,-87.47348,-87.47348,0.00000,0.00000,0.00000,-65.08621,0.00000,0.00000,30.00000,-92.52652,-0.11220,1.09609,6.50862,0.00000,0.00000,0.00000,0.00000,none
12.50833,-87.47348,-87.47348,0.00000,0.00000,0.00000,-65.08621,0.00000,0.00000,30.00000,-92.52652,-0.11220,1.09609,6.50862,0.00000,0.00000,0.00000,0.00000,none
12.51250,-87.47348,-87.47348,0.00000,0.00000,0.00000,-65.08621,0.00000,0.00000,30.00000,-92.52652,-0.11220,1.09609,6.50862,0.00000,0.00000,0.00000,0.00000,none
12.51667,-87.47348,-87.47348,0.00000,0.00000,0.00000,-65.08621,0.00000,0.00000,30.00000,-92.52652,-0.11220,1.09609,6.50862,0.00000,0.00000,0.00000,0.00000,none
12.52083,-87.47348,-87.47348,0.00000,0.00000,0.00000,-65.08621,0.00000,0.00000,30.00000,-92.52652,-0.11220,1.09609,6.50862,0.00000,0.00000,0.00000,0.00000,none
12.52500,-87.47348,-87.47348,0.00000,0.00000,0.00000,-65.08621,0.00000,0.00000,30.00000,-92.52652,-0.11220,1.09609,6.50862,0.00000,0.00000,0.00000,0.00000,none
12.52917,-87.47348,-87.47348,0.00000,0.00000,0.00000,-65.08621,0.00000,0.00000,30.00000,-92.52652,-0.11220,1.09609,6.50862,0.00000,0.00000,0.00000,0.00000,none
12.53333,-87.47348,-87.47348,0.00000,0.00000,0.00000,-65.08621,0.00000,0.00000,30.00000,-92.52652,-0.11220,1.09609,6.50862,0.00000,0.00000,0.00000,0.00000,none
12.53750,-87.47348,-87.47348,0.00000,0.00000,0.00000,-65.08621,0.00000,0.00000,30.00000,-92.52652,-0.11220,1.09609,6.50862,0.00000,0.00000,0.00000,0.00000,none
12.54167,-87.47348,-87.47348,0.00000,0.00000,0.00000,-65.08621,0.00000,0.00000,30.00000,-92.52652,-0.11220,1.09609,6.50862,0.00000,0.00000,0.00000,0.00000,none
12.54583,-87.47348,-87.47348,0.00000,0.00000,0.00000,-65.08621,0.00000,0.00000,30.00000,-92.52652,-0.11220,1.09609,6.50862,0.00000,0.00000,0.00000,0.00000,none
12.55000,-87.47348,-87.47348,0.00000,0.00000,0.00000,-65.08621,0.00000,0.00000,30.00000,-92.52652,-0.11220,1.09609,6.50862,0.00000,0.00000,0.00000,0.00000,none
12.55417,-87.47348,-87.47348,0.00000,0.00000,0.00000,-65.08621,0.00000,0.00000,30.00000,-92.52652,-0.11220,1.09609,6.50862,0.00000,0.00000,0.00000,0.00000,none
12.55833,-87.47348,-87.47348,0.00000,0.00000,0.00000,-65.08621,0.00000,0.00000,30.00000,-92.52652,-0.11220,1.09609,6.50862,0.00000,0.00000,0.00000,0.00000,none
12.56250,-87.47348,-87.47348,0.00000,0.00000,0.00000,-65.08621,0.00000,0.00000,30.00000,-92.52652,-0.11220,1.09609,6.50862,0.00000,0.00000,0.00000,0.00000,none
12.56667,-87.47348,-87.47348,0.00000,0.00000,0.00000,-65.08621,0.00000,0.00000,30.00000,-92.52652,-0.11220,1.09609,6.50862,0.00000,0.00000,0.00000,0.00000,none
12.57083,-87.47348,-87.47348,0.00000,0.00000,0.00000,-65.08621,0.00000,0.00000,30.00000,-92.52652,-0.11220,1.09609,6.50862,0.00000,0.00000,0.00000,0.00000,none
12.57500,-87.47348,-87.47348,0.00000,0.00000,0.00000,-65.08621,0.00000,0.00000,30.00000,-92.52652,-0.11220,1.09609,6.50862,0.00000,0.00000,0.00000,0.00000,none
12.57917,-87.47348,-87.47348,0.00000,0.00000,0.00000,-65.08621,0.00000,0.00000,30.00000,-92.52652,-0.11220,1.09609,6.50862,0.00000,0.00000,0.00000,0.00000,none
12.58333,-87.47348,-87.47348,0.00000,0.00000,0.00000,-65.08621,0.00000,0.00000,30.00000,-92.52652,-0.11220,1.09609,6.50862,0.00000,0.00000,0.00000,0.00000,none
12.58750,-87.47348,-87.47348,0.00000,0.00000,0.00000,-65.08621,0.00000,0.00000,30.00000,-92.52652,-0.11220,1.09609,6.50862,0.00000,0.00000,0.00000,0.00000,none
12.59167,-87.47348,-87.47348,0.00000,0.00000,0.00000,-65.08621,0.00000,0.00000,30.00000,-92.52652,-0.11220,1.09609,6.50862,0.00000,0.00000,0.00000,0.00000,none
12.59583,-87.47348,-87.47348,0.00000,0.00000,0.00000,-65.08621,0.00000,0.00000,30.00000,-92.52652,-0.11220,1.09609,6.50862,0.00000,0.00000,0.00000,0.00000,none
12.60000,-87.47348,-87.47348,0.00000,0.00000,0.00000,-65.08621,0.00000,0.00000,30.00000,-92.52652,-0.11220,1.09609,6.50862,0.00000,0.00000,0.00000,0.00000,none
12.60417,-87.47348,-87.47348,0.00000,0.00000,0.00000,-65.08621,0.00000,0.00000,30.00000,-92.52652,-0.11220,1.09609,6.50862,0.00000,0.00000,0.00000,0.00000,none
12.60833,-87.47348,-87.47348,0.00000,0.00000,0.00000,-65.08621,0.00000,0.00000,30.00000,-92.52652,-0.11220,1.09609,6.50862,0.00000,0.00000,0.00000,0.00000,none
12.61250,-87.47348,-87.47348,0.00000,0.00000,0.00000,-65.08621,0.00000,0.00000,30.00000,-92.52652,-0.11220,1.09609,6.50862,0.00000,0.00000,0.00000,0.00000,none
12.61667,-87.47348,-87.47348,0.00000,0.00000,0.00000,-65.08621,0.00000,0.00000,30.00000,-92.52652,-0.11220,1.09609,6.50862,0.00000,0.00000,0.00000,0.00000,none
12.62083,-87.47348,-87.47348,0.00000,0.00000,0.00000,-65.08621,0.00000,0.00000,30.00000,-92.52652,-0.11220,1.09609,6.50862,0.00000,0.00000,0.00000,0.00000,none
12.62500,-87.47348,-87.47348,0.00000,0.00000,0.00000,-65.08621,0.00000,0.00000,30.00000,-92.52652,-0.11220,1.09609,6.50862,0.00000,0.00000,0.00000,0.00000,none
12.62917,-87.47348,-87.47348,0.00000,0.00000,0.00000,-65.08621,0.00000,0.00000,30.00000,-92.52652,-0.11220,1.09609,6.50862,0.00000,0.00000,0.00000,0.00000,none
12.63333,-87.47348,-87.47348,0.00000,0.00000,0.00000,-65.08621,0.00000,0.00000,30.00000,-92.52652,-0.11220,1.09609,6.50862,0.00000,0.00000,0.00000,0.00000,none
12.63750,-87.47348,-87.47348,0.00000,0.00000,0.00000,-65.08621,0.00000,0.00000,30.00000,-92.52652,-0.11220,1.09609,6.50862,0.00000,0.00000,0.00000,0.00000,none
12.64167,-87.47348,-87.47348,0.00000,0.00000,0.00000,-65.08621,0.00000,0.00000,30.00000,-92.52652,-0.11220,1.09609,6.50862,0.00000,0.00000,0.00000,0.00000,none
12.64583,-87.47348,-87.47348,0.00000,0.00000,0.00000,-65.08621,0.00000,0.00000,30.00000,-92.52652,-0.11220,1.09609,6.50862,0.00000,0.00000,0.00000,0.00000,none
12.65000,-87.47348,-87.47348,0.00000,0.00000,0.00000,-65.08621,0.00000,0.00000,30.00000,-92.52652,-0.11220,1.09609,6.50862,0.00000,0.00000,0.00000,0.00000,none
12.65417,-87.47348,-87.47348,0.00000,0.00000,0.00000,-65.08621,0.00000,0.00000,30.00000,-92.52652,-0.11220,1.09609,6.50862,0.00000,0.00000,0.00000,0.00000,none
12.65833,-87.47348,-87.47348,0.00000,0.00000,0.00000,-65.08621,0.00000,0.00000,30.00000,-92.52652,-0.11220,1.09609,6.50862,0.00000,0.00000,0.00000,0.00000,none
12.66250,-87.47348,-87.47348,0.00000,0.00000,0.00000,-65.08621,0.00000,0.00000,30.00000,-92.52652,-0.11220,1.09609,6.50862,0.00000,0.00000,0.00000,0.00000,none
12.66667,-87.47348,-87.47348,0.00000,0.00000,0.00000,-65.08621,0.00000,0.00000,30.00000,-92.52652,-0.11220,1.09609,6.50862,0.00000,0.00000,0.00000,0.00000,none
12.67083,-87.47348,-87.47348,0.00000,0.00000,0.00000,-65.08621,0.00000,0.00000,30.00000,-92.52652,-0.11220,1.09609,6.50862,0.00000,0.00000,0.00000,0.00000,none
12.67500,-87.47348,-87.47348,0.00000,0.00000,0.00000,-65.08621,0.00000,0.00000,30.00000,-92.52652,-0.11220,1.09609,6.50862,0.00000,0.00000,0.00000,0.00000,none
12.67917,-87.47348,-87.47348,0.00000,0.00000,0.00000,-65.08621,0.00000,0.00000,30.00000,-92.52652,-0.11220,1.09609,6.50862,0.00000,0.00000,0.00000,0.00000,none
12.68333,-87.47348,-87.47348,0.00000,0.00000,0.00000,-65.08621,0.00000,0.00000,30.00000,-92.52652,-0.11220,1.09609,6.50862,0.00000,0.00000,0.00000,0.00000,none
12.68750,-87.47348,-87.47348,0.00000,0.00000,0.00000,-65.08621,0.00000,0.00000,30.00000,-92.52652,-0.11220,1.09609,6.50862,0.00000,0.00000,0.00000,0.00000,none
12.69167,-87.47348,-87.47348,0.00000,0.00000,0.00000,-65.08621,0.00000,0.00000,30.00000,-92.52652,-0.11220,1.09609,6.50862,0.00000,0.00000,0.00000,0.00000,none
12.69583,-87.47348,-87.47348,0.00000,0.00000,0.00000,-65.08621,0.00000,0.00000,30.00000,-92.52652,-0.11220,1.09609,6.50862,0.00000,0.00000,0.00000,0.00000,none
12.70000,-87.47348,-87.47348,0.00000,0.00000,0.00000,-65.08621,0.00000,0.00000,30.00000,-92.52652,-0.11220,1.09609,6.50862,0.00000,0.00000,0.00000,0.00000,none
12.70417,-87.47348,-87.47348,0.00000,0.00000,0.00000,-65.08621,0.00000,0.00000,30.00000,-92.52652,-0.11220,1.09609,6.50862,0.00000,0.00000,0.00000,0.00000,none
12.70833,-87.47348,-87.47348,0.00000,0.00000,0.00000,-65.08621,0.00000,0.00000,30.00000,-92.52652,-0.11220,1.09609,6.50862,0.00000,0.00000,0.00000,0.00000,none
12.71250,-87.47348,-87.47348,0.00000,0.00000,0.00000,-65.08621,0.00000,0.00000,30.00000,-92.52652,-0.11220,1.09609,6.50862,0.00000,0.00000,0.00000,0.00000,none
12.71667,-87.47348,-87.47348,0.00000,0.00000,0.00000,-65.08621,0.00000,0.00000,30.00000,-92.52652,-0.11220,1.09609,6.50862,0.00000,0.00000,0.00000,0.00000,none
12.72083,-87.47348,-87.47348,0.00000,0.00000,0.00000,-65.08621,0.00000,0.00000,30.00000,-92.52652,-0.11220,1.09609,6.50862,0.00000,0.00000,0.00000,0.00000,none
12.72500,-87.47348,-87.47348,0.00000,0.00000,0.00000,-65.08621,0.00000,0.00000,30.00000,-92.52652,-0.11220,1.09609,6.50862,0.00000,0.00000,0.00000,0.00000,none
12.72917,-87.47348,-87.47348,0.00000,0.00000,0.00000,-65.08621,0.00000,0.00000,30.00000,-92.52652,-0.11220,1.09609,6.50862,0.00000,0.00000,0.00000,0.00000,none
12.73333,-87.47348,-87.47348,0.00000,0.00000,0.00000,-65.08621,0.00000,0.00000,30.00000,-92.52652,-0.11220,1.09609,6.50862,0.00000,0.00000,0.00000,0.00000,none
12.73750,-87.47348,-87.47348,0.00000,0.00000,0.00000,-65.08621,0.00000,0.00000,30.00000,-92.52652,-0.11220,1.09609,6.50862,0.00000,0.00000,0.00000,0.00000,none
12.74167,-87.47348,-87.47348,0.00000,0.00000,0.00000,-65.08621,0.00000,0.00000,30.00000,-92.52652,-0.11220,1.09609,6.50862,0.00000,0.00000,0.00000,0.00000,none
12.74583,-87.47348,-87.47348,0.00000,0.00000,0.00000,-65.08621,0.00000,0.00000,30.00000,-92.52652,-0.11220,1.09609,6.50862,0.00000,0.00000,0.00000,0.00000,none
12.75000,-87.47348,-87.47348,0.00000,0.00000,0.00000,-65.08621,0.00000,0.00000,30.00000,-92.52652,-0.11220,1.09609,6.50862,0.00000,0.00000,0.00000,0.00000,none
12.75417,-87.47348,-87.47348,0.00000,0.00000,0.00000,-65.08621,0.00000,0.00000,30.00000,-92.52652,-0.11220,1.09609,6.50862,0.00000,0.00000,0.00000,0.00000,none
12.75833,-87.47348,-87.47348,0.00000,0.00000,0.00000,-65.08621,0.00000,0.00000,30.00000,-92.52652,-0.11220,1.09609,6.50862,0.00000,0.00000,0.00000,0.00000,none
12.76250,-87.47348,-87.47348,0.00000,0.00000,0.00000,-65.08621,0.00000,0.00000,30.00000,-92.52652,-0.11220,1.09609,6.50862,0.00000,0.00000,0.00000,0.00000,none
12.76667,-87.47348,-87.47348,0.00000,0.00000,0.00000,-65.08621,0.00000,0.00000,30.00000,-92.52652,-0.11220,1.09609,6.50862,0.00000,0.00000,0.00000,0.00000,none
12.77083,-87.47348,-87.47348,0.00000,0.00000,0.00000,-65.08621,0.00000,0.00000,30.00000,-92.52652,-0.11220,1.09609,6.50862,0.00000,0.00000,0.00000,0.00000,none
12.77500,-87.47348,-87.47348,0.00000,0.00000,0.00000,-65.08621,0.00000,0.00000,30.00000,-92.52652,-0.11220,1.09609,6.50862,0.00000,0.00000,0.00000,0.00000,none
12.77917,-87.47348,-87.47348,0.00000,0.00000,0.00000,-65.08621,0.00000,0.00000,30.00000,-92.52652,-0.11220,1.09609,6.50862,0.00000,0.00000,0.00000,0.00000,none
12.78333,-87.47348,-87.47348,0.00000,0.00000,0.00000,-65.08621,0.00000,0.00000,30.00000,-92.52652,-0.11220,1.09609,6.50862,0.00000,0.00000,0.00000,0.00000,none
12.78750,-87.47348,-87.47348,0.00000,0.00000,0.00000,-65.08621,0.00000,0.00000,30.00000,-92.52652,-0.11220,1.09609,6.50862,0.00000,0.00000,0.00000,0.00000,none
12.79167,-87.47348,-87.47348,0.00000,0.00000,0.00000,-65.08621,0.00000,0.00000,30.00000,-92.52652,-0.11220,1.09609,6.50862,0.00000,0.00000,0.00000,0.00000,none
12.79583,-87.47348,-87.47348,0.00000,0.00000,0.00000,-65.08621,0.00000,0.00000,30.00000,-92.52652,-0.11220,1.09609,6.50862,0.00000,0.00000,0.00000,0.00000,none
12.80000,-87.47348,-87.47348,0.00000,0.00000,0.00000,-65.08621,0.00000,0.00000,30.00000,-92.52652,-0.11220,1.09609,6.50862,0.00000,0.00000,0.00000,0.00000,none
12.80417,-87.47348,-87.47348,0.00000,0.00000,0.00000,-65.08621,0.00000,0.00000,30.00000,-92.52652,-0.11220,1.09609,6.50862,0.00000,0.00000,0.00000,0.00000,none
12.80833,-87.47348,-87.47348,0.00000,0.00000,0.00000,-65.08621,0.00000,0.00000,30.00000,-92.52652,-0.11220,1.09609,6.50862,0.00000,0.00000,0.00000,0.00000,none
12.81250,-87.47348,-87.47348,0.00000,0.00000,0.00000,-65.08621,0.00000,0.00000,30.00000,-92.52652,-0.11220,1.09609,6.50862,0.00000,0.00000,0.00000,0.00000,none
12.81667,-87.47348,-87.47348,0.00000,0.00000,0.00000,-65.08621,0.00000,0.00000,30.00000,-92.52652,-0.11220,1.09609,6.50862,0.00000,0.00000,0.00000,0.00000,none
12.82083,-87.47348,-87.47348,0.00000,0.00000,0.00000,-65.08621,0.00000,0.00000,30.00000,-92.52652,-0.11220,1.09609,6.50862,0.00000,0.00000,0.00000,0.00000,none
12.82500,-87.47348,-87.47348,0.00000,0.00000,0.00000,-65.08621,0.00000,0.00000,30.00000,-92.52652,-0.11220,1.09609,6.50862,0.00000,0.00000,0.00000,0.00000,none
12.82917,-87.47348,-87.47348,0.00000,0.00000,0.00000,-65.08621,0.00000,0.00000,30.00000,-92.52652,-0.11220,1.09609,6.50862,0.00000,0.00000,0.00000,0.00000,none
12.83333,-87.47348,-87.47348,0.00000,0.00000,0.00000,-65.08621,0.00000,0.00000,30.00000,-92.52652,-0.11220,1.09609,6.50862,0.00000,0.00000,0.00000,0.00000,none
12.83750,-87.47348,-87.47348,0.00000,0.00000,0.00000,-65.08621,0.00000,0.00000,30.00000,-92.52652,-0.11220,1.09609,6.50862,0.00000,0.00000,0.00000,0.00000,none
12.84167,-87.47348,-87.47348,0.00000,0.00000,0.00000,-65.08621,0.00000,0.00000,30.00000,-92.52652,-0.11220,1.09609,6.50862,0.00000,0.00000,0.00000,0.00000,none
12.84583,-87.47348,-87.47348,0.00000,0.00000,0.00000,-65.08621,0.00000,0.00000,30.00000,-92.52652,-0.11220,1.09609,6.50862,0.00000,0.00000,0.00000,0.00000,none
12.85000,-87.47348,-87.47348,0.00000,0.00000,0.00000,-65.08621,0.00000,0.00000,30.00000,-92.52652,-0.11220,1.09609,6.50862,0.00000,0.00000,0.00000,0.00000,none
12.85417,-87.47348,-87.47348,0.00000,0.00000,0.00000,-65.08621,0.00000,0.00000,30.00000,-92.52652,-0.11220,1.09609,6.50862,0.00000,0.00000,0.00000,0.00000,none
12.85833,-87.47348,-87.47348,0.00000,0.00000,0.00000,-65.08621,0.00000,0.00000,30.00000,-92.52652,-0.11220,1.09609,6.50862,0.00000,0.00000,0.00000,0.00000,none
12.86250,-87.47348,-87.47348,0.00000,0.00000,0.00000,-65.08621,0.00000,0.00000,30.00000,-92.52652,-0.11220,1.09609,6.50862,0.00000,0.00000,0.00000,0.00000,none
12.86667,-87.47348,-87.47348,0.00000,0.00000,0.00000,-65.08621,0.00000,0.00000,30.00000,-92.52652,-0.11220,1.09609,6.50862,0.00000,0.00000,0.00000,0.00000,none
12.87083,-87.47348,-87.47348,0.00000,0.00000,0.00000,-65.08621,0.00000,0.00000,30.00000,-92.52652,-0.11220,1.09609,6.50862,0.00000,0.00000,0.00000,0.00000,none
12.87500,-87.47348,-87.47348,0.00000,0.00000,0.00000,-65.08621,0.00000,0.00000,30.00000,-92.52652,-0.11220,1.09609,6.50862,0.00000,0.00000,0.00000,0.00000,none
12.87917,-87.47348,-87.47348,0.00000,0.00000,0.00000,-65.08621,0.00000,0.00000,30.00000,-92.52652,-0.11220,1.09609,6.50862,0.00000,0.00000,0.00000,0.00000,none
12.88333,-87.47348,-87.47348,0.00000,0.00000,0.00000,-65.08621,0.00000,0.00000,30.00000,-92.52652,-0.11220,1.09609,6.50862,0.00000,0.00000,0.00000,0.00000,none
12.88750,-87.47348,-87.47348,0.00000,0.00000,0.00000,-65.08621,0.00000,0.00000,30.00000,-92.52652,-0.11220,1.09609,6.50862,0.00000,0.00000,0.00000,0.00000,none
12.89167,-87.47348,-87.47348,0.00000,0.00000,0.00000,-65.08621,0.00000,0.00000,30.00000,-92.52652,-0.11220,1.09609,6.50862,0.00000,0.00000,0.00000,0.00000,none
12.89583,-87.47348,-87.47348,0.00000,0.00000,0.00000,-65.08621,0.00000,0.00000,30.00000,-92.52652,-0.11220,1.09609,6.50862,0.00000,0.00000,0.00000,0.00000,none
12.90000,-87.47348,-87.47348,0.00000,0.00000,0.00000,-65.08621,0.00000,0.00000,30.00000,-92.52652,-0.11220,1.09609,6.50862,0.00000,0.00000,0.00000,0.00000,none
12.90417,-87.47348,-87.47348,0.00000,0.00000,0.00000,-65.08621,0.00000,0.00000,30.00000,-92.52652,-0.11220,1.09609,6.50862,0.00000,0.00000,0.00000,0.00000,none
12.90833,-87.47348,-87.47348,0.00000,0.00000,0.00000,-65.08621,0.00000,0.00000,30.00000,-92.52652,-0.11220,1.09609,6.50862,0.00000,0.00000,0.00000,0.00000,none
12.91250,-87.47348,-87.47348,0.00000,0.00000,0.00000,-65.08621,0.00000,0.00000,30.00000,-92.52652,-0.11220,1.09609,6.50862,0.00000,0.00000,0.00000,0.00000,none
12.91667,-87.47348,-87.47348,0.00000,0.00000,0.00000,-65.08621,0.00000,0.00000,30.00000,-92.52652,-0.11220,1.09609,6.50862,0.00000,0.00000,0.00000,0.00000,none
12.92083,-87.47348,-87.47348,0.00000,0.00000,0.00000,-65.08621,0.00000,0.00000,30.00000,-92.52652,-0.11220,1.09609,6.50862,0.00000,0.00000,0.00000,0.00000,none
12.92500,-87.47348,-87.47348,0.00000,0.00000,0.00000,-65.08621,0.00000,0.00000,30.00000,-92.52652,-0.11220,1.09609,6.50862,0.00000,0.00000,0.00000,0.00000,none
12.92917,-87.47348,-87.47348,0.00000,0.00000,0.00000,-65.08621,0.00000,0.00000,30.00000,-92.52652,-0.11220,1.09609,6.50862,0.00000,0.00000,0.00000,0.00000,none
12.93333,-87.47348,-87.47348,0.00000,0.00000,0.00000,-65.08621,0.00000,0.00000,30.00000,-92.52652,-0.11220,1.09609,6.50862,0.00000,0.00000,0.00000,0.00000,none
12.93750,-87.47348,-87.47348,0.00000,0.00000,0.00000,-65.08621,0.00000,0.00000,30.00000,-92.52652,-0.11220,1.09609,6.50862,0.00000,0.00000,0.00000,0.00000,none
12.94167,-87.47348,-87.47348,0.00000,0.00000,0.00000,-65.08621,0.00000,0.00000,30.00000,-92.52652,-0.11220,1.09609,6.50862,0.00000,0.00000,0.00000,0.00000,none
12.94583,-87.47348,-87.47348,0.00000,0.00000,0.00000,-65.08621,0.00000,0.00000,30.00000,-92.52652,-0.11220,1.09609,6.50862,0.00000,0.00000,0.00000,0.00000,none
12.95000,-87.47348,-87.47348,0.00000,0.00000,0.00000,-65.08621,0.00000,0.00000,30.00000,-92.52652,-0.11220,1.09609,6.50862,0.00000,0.00000,0.00000,0.00000,none
12.95417,-87.47348,-87.47348,0.00000,0.00000,0.00000,-65.08621,0.00000,0.00000,30.00000,-92.52652,-0.11220,1.09609,6.50862,0.00000,0.00000,0.00000,0.00000,none
12.95833,-87.47348,-87.47348,0.00000,0.00000,0.00000,-65.08621,0.00000,0.00000,30.00000,-92.52652,-0.11220,1.09609,6.50862,0.00000,0.00000,0.00000,0.00000,none
12.96250,-87.47348,-87.47348,0.00000,0.00000,0.00000,-65.08621,0.00000,0.00000,30.00000,-92.52652,-0.11220,1.09609,6.50862,0.00000,0.00000,0.00000,0.00000,none
12.96667,-87.47348,-87.47348,0.00000,0.00000,0.00000,-65.08621,0.00000,0.00000,30.00000,-92.52652,-0.11220,1.09609,6.50862,0.00000,0.00000,0.00000,0.00000,none
12.97083,-87.47348,-87.47348,0.00000,0.00000,0.00000,-65.08621,0.00000,0.00000,30.00000,-92.52652,-0.11220,1.09609,6.50862,0.00000,0.00000,0.00000,0.00000,none
12.97500,-87.47348,-87.47348,0.00000,0.00000,0.00000,-65.08621,0.00000,0.00000,30.00000,-92.52652,-0.11220,1.09609,6.50862,0.00000,0.00000,0.00000,0.00000,none
12.97917,-87.47348,-87.47348,0.00000,0.00000,0.00000,-65.08621,0.00000,0.00000,30.00000,-92.52652,-0.11220,1.09609,6.50862,0.00000,0.00000,0.00000,0.00000,none
12.98333,-87.47348,-87.47348,0.00000,0.00000,0.00000,-65.08621,0.00000,0.00000,30.00000,-92.52652,-0.11220,1.09609,6.50862,0.00000,0.00000,0.00000,0.00000,none
12.98750,-87.47348,-87.47348,0.00000,0.00000,0.00000,-65.08621,0.00000,0.00000,30.00000,-92.52652,-0.11220,1.09609,6.50862,0.00000,0.00000,0.00000,0.00000,none
12.99167,-87.47348,-87.47348,0.00000,0.00000,0.00000,-65.08621,0.00000,0.00000,30.00000,-92.52652,-0.11220,1.09609,6.50862,0.00000,0.00000,0.00000,0.00000,none
12.99583,-87.47348,-87.47348,0.00000,0.00000,0.00000,-65.08621,0.00000,0.00000,30.00000,-92.52652,-0.11220,1.09609,6.50862,0.00000,0.00000,0.00000,0.00000,none
13.00000,-87.47348,-87.47348,0.00000,0.00000,0.00000,-65.08621,0.00000,0.00000,30.00000,-92.52652,-0.11220,1.09609,6.50862,0.00000,0.00000,0.00000,0.00000,none
13.00417,-87.47348,-87.47348,0.00000,0.00000,0.00000,-65.08621,0.00000,0.00000,30.00000,-92.52652,-0.11220,1.09609,6.50862,0.00000,0.00000,0.00000,0.00000,none
13.00833,-87.47348,-87.47348,0.00000,0.00000,0.00000,-65.08621,0.00000,0.00000,30.00000,-92.52652,-0.11220,1.09609,6.50862,0.00000,0.00000,0.00000,0.00000,none
13.01250,-87.47348,-87.47348,0.00000,0.00000,0.00000,-65.08621,0.00000,0.00000,30.00000,-92.52652,-0.11220,1.09609,6.50862,0.00000,0.00000,0.00000,0.00000,none
13.01667,-87.47348,-87.47348,0.00000,0.00000,0.00000,-65.08621,0.00000,0.00000,30.00000,-92.52652,-0.11220,1.09609,6.50862,0.00000,0.00000,0.00000,0.00000,none
13.02083,-87.47348,-87.47348,0.00000,0.00000,0.00000,-65.08621,0.00000,0.00000,30.00000,-92.52652,-0.11220,1.09609,6.50862,0.00000,0.00000,0.00000,0.00000,none
13.02500,-87.47348,-87.47348,0.00000,0.00000,0.00000,-65.08621,0.00000,0.00000,30.00000,-92.52652,-0.11220,1.09609,6.50862,0.00000,0.00000,0.00000,0.00000,none
13.02917,-87.47348,-87.47348,0.00000,0.00000,0.00000,-65.08621,0.00000,0.00000,30.00000,-92.52652,-0.11220,1.09609,6.50862,0.00000,0.00000,0.00000,0.00000,none
13.03333,-87.47348,-87.47348,0.00000,0.00000,0.00000,-65.08621,0.00000,0.00000,30.00000,-92.52652,-0.11220,1.09609,6.50862,0.00000,0.00000,0.00000,0.00000,none
13.03750,-87.47348,-87.47348,0.00000,0.00000,0.00000,-65.08621,0.00000,0.00000,30.00000,-92.52652,-0.11220,1.09609,6.50862,0.00000,0.00000,0.00000,0.00000,none
13.04167,-87.47348,-87.47348,0.00000,0.00000,0.00000,-65.08621,0.00000,0.00000,30.00000,-92.52652,-0.11220,1.09609,6.50862,0.00000,0.00000,0.00000,0.00000,none
13.04583,-87.47348,-87.47348,0.00000,0.00000,0.00000,-65.08621,0.00000,0.00000,30.00000,-92.52652,-0.11220,1.09609,6.50862,0.00000,0.00000,0.00000,0.00000,none
13.05000,-87.47348,-87.47348,0.00000,0.00000,0.00000,-65.08621,0.00000,0.00000,30.00000,-92.52652,-0.11220,1.09609,6.50862,0.00000,0.00000,0.00000,0.00000,none
13.05417,-87.47348,-87.47348,0.00000,0.00000,0.00000,-65.08621,0.00000,0.00000,30.00000,-92.52652,-0.11220,1.09609,6.50862,0.00000,0.00000,0.00000,0.00000,none
13.05833,-87.47348,-87.47348,0.00000,0.00000,0.00000,-65.08621,0.00000,0.00000,30.00000,-92.52652,-0.11220,1.09609,6.50862,0.00000,0.00000,0.00000,0.00000,none
13.06250,-87.47348,-87.47348,0.00000,0.00000,0.00000,-65.08621,0.00000,0.00000,30.00000,-92.52652,-0.11220,1.09609,6.50862,0.00000,0.00000,0.00000,0.00000,none
13.06667,-87.47348,-87.47348,0.00000,0.00000,0.00000,-65.08621,0.00000,0.00000,30.00000,-92.52652,-0.11220,1.09609,6.50862,0.00000,0.00000,0.00000,0.00000,none
13.07083,-87.47348,-87.47348,0.00000,0.00000,0.00000,-65.08621,0.00000,0.00000,30.00000,-92.52652,-0.11220,1.09609,6.50862,0.00000,0.00000,0.00000,0.00000,none
13.07500,-87.47348,-87.47348,0.00000,0.00000,0.00000,-65.08621,0.00000,0.00000,30.00000,-92.52652,-0.11220,1.09609,6.50862,0.00000,0.00000,0.00000,0.00000,none
13.07917,-87.47348,-87.47348,0.00000,0.00000,0.00000,-65.08621,0.00000,0.00000,30.00000,-92.52652,-0.11220,1.09609,6.50862,0.00000,0.00000,0.00000,0.00000,none
13.08333,-87.47348,-87.47348,0.00000,0.00000,0.00000,-65.08621,0.00000,0.00000,30.00000,-92.52652,-0.11220,1.09609,6.50862,0.00000,0.00000,0.00000,0.00000,none
13.08750,-87.47348,-87.47348,0.00000,0.00000,0.00000,-65.08621,0.00000,0.00000,30.00000,-92.52652,-0.11220,1.09609,6.50862,0.00000,0.00000,0.00000,0.00000,none
13.09167,-87.47348,-87.47348,0.00000,0.00000,0.00000,-65.08621,0.00000,0.00000,30.00000,-92.52652,-0.11220,1.09609,6.50862,0.00000,0.00000,0.00000,0.00000,none
13.09583,-87.47348,-87.47348,0.00000,0.00000,0.00000,-65.08621,0.00000,0.00000,30.00000,-92.52652,-0.11220,1.09609,6.50862,0.00000,0.00000,0.00000,0.00000,none
13.10000,-87.47348,-87.47348,0.00000,0.00000,0.00000,-65.08621,0.00000,0.00000,30.00000,-92.52652,-0.11220,1.09609,6.50862,0.00000,0.00000,0.00000,0.00000,none
13.10417,-87.47348,-87.47348,0.00000,0.00000,0.00000,-65.08621,0.00000,0.00000,30.00000,-92.52652,-0.11220,1.09609,6.50862,0.00000,0.00000,0.00000,0.00000,none
13.10833,-87.47348,-87.47348,0.00000,0.00000,0.00000,-65.08621,0.00000,0.00000,30.00000,-92.52652,-0.11220,1.09609,6.50862,0.00000,0.00000,0.00000,0.00000,none
13.11250,-87.47348,-87.47348,0.00000,0.00000,0.00000,-65.08621,0.00000,0.00000,30.00000,-92.52652,-0.11220,1.09609,6.50862,0.00000,0.00000,0.00000,0.00000,none
13.11667,-87.47348,-87.47348,0.00000,0.00000,0.00000,-65.08621,0.00000,0.00000,30.00000,-92.52652,-0.11220,1.09609,6.50862,0.00000,0.00000,0.00000,0.00000,none
13.12083,-87.47348,-87.47348,0.00000,0.00000,0.00000,-65.08621,0.00000,0.00000,30.00000,-92.52652,-0.11220,1.09609,6.50862,0.00000,0.00000,0.00000,0.00000,none
13.12500,-87.47348,-87.47348,0.00000,0.00000,0.00000,-65.08621,0.00000,0.00000,30.00000,-92.52652,-0.11220,1.09609,6.50862,0.00000,0.00000,0.00000,0.00000,none
13.12917,-87.47348,-87.47348,0.00000,0.00000,0.00000,-65.08621,0.00000,0.00000,30.00000,-92.52652,-0.11220,1.09609,6.50862,0.00000,0.00000,0.00000,0.00000,none
13.13333,-87.47348,-87.47348,0.00000,0.00000,0.00000,-65.08621,0.00000,0.00000,30.00000,-92.52652,-0.11220,1.09609,6.50862,0.00000,0.00000,0.00000,0.00000,none
13.13750,-87.47348,-87.47348,0.00000,0.00000,0.00000,-65.08621,0.00000,0.00000,30.00000,-92.52652,-0.11220,1.09609,6.50862,0.00000,0.00000,0.00000,0.00000,none
13.14167,-87.47348,-87.47348,0.00000,0.00000,0.00000,-65.08621,0.00000,0.00000,30.00000,-92.52652,-0.11220,1.09609,6.50862,0.00000,0.00000,0.00000,0.00000,none
13.14583,-87.47348,-87.47348,0.00000,0.00000,0.00000,-65.08621,0.00000,0.00000,30.00000,-92.52652,-0.11220,1.09609,6.50862,0.00000,0.00000,0.00000,0.00000,none
13.15000,-87.47348,-87.47348,0.00000,0.00000,0.00000,-65.08621,0.00000,0.00000,30.00000,-92.52652,-0.11220,1.09609,6.50862,0.00000,0.00000,0.00000,0.00000,none
13.15417,-87.47348,-87.47348,0.00000,0.00000,0.00000,-65.08621,0.00000,0.00000,30.00000,-92.52652,-0.11220,1.09609,6.50862,0.00000,0.00000,0.00000,0.00000,none
13.15833,-87.47348,-87.47348,0.00000,0.00000,0.00000,-65.08621,0.00000,0.00000,30.00000,-92.52652,-0.11220,1.09609,6.50862,0.00000,0.00000,0.00000,0.00000,none
13.16250,-87.47348,-87.47348,0.00000,0.00000,0.00000,-65.08621,0.00000,0.00000,30.00000,-92.52652,-0.11220,1.09609,6.50862,0.00000,0.00000,0.00000,0.00000,none
13.16667,-87.47348,-87.47348,0.00000,0.00000,0.00000,-65.08621,0.00000,0.00000,30.00000,-92.52652,-0.11220,1.09609,6.50862,0.00000,0.00000,0.00000,0.00000,none
13.17083,-87.47348,-87.47348,0.00000,0.00000,0.00000,-65.08621,0.00000,0.00000,30.00000,-92.52652,-0.11220,1.09609,6.50862,0.00000,0.00000,0.00000,0.00000,none
13.17500,-87.47348,-87.47348,0.00000,0.00000,0.00000,-65.08621,0.00000,0.00000,30.00000,-92.52652,-0.11220,1.09609,6.50862,0.00000,0.00000,0.00000,0.00000,none
13.17917,-87.47348,-87.47348,0.00000,0.00000,0.00000,-65.08621,0.00000,0.00000,30.00000,-92.52652,-0.11220,1.09609,6.50862,0.00000,0.00000,0.00000,0.00000,none
13.18333,-87.47348,-87.47348,0.00000,0.00000,0.00000,-65.08621,0.00000,0.00000,30.00000,-92.52652,-0.11220,1.09609,6.50862,0.00000,0.00000,0.00000,0.00000,none
13.18750,-87.47348,-87.47348,0.00000,0.00000,0.00000,-65.08621,0.00000,0.00000,30.00000,-92.52652,-0.11220,1.09609,6.50862,0.00000,0.00000,0.00000,0.00000,none
13.19167,-87.47348,-87.47348,0.00000,0.00000,0.00000,-65.08621,0.00000,0.00000,30.00000,-92.52652,-0.11220,1.09609,6.50862,0.00000,0.00000,0.00000,0.00000,none
13.19583,-87.47348,-87.47348,0.00000,0.00000,0.00000,-65.08621,0.00000,0.00000,30.00000,-92.52652,-0.11220,1.09609,6.50862,0.00000,0.00000,0.00000,0.00000,none
13.20000,-87.47348,-87.47348,0.00000,0.00000,0.00000,-65.08621,0.00000,0.00000,30.00000,-92.52652,-0.11220,1.09609,6.50862,0.00000,0.00000,0.00000,0.00000,none
13.20417,-87.47348,-87.47348,0.00000,0.00000,0.00000,-65.08621,0.00000,0.00000,30.00000,-92.52652,-0.11220,1.09609,6.50862,0.00000,0.00000,0.00000,0.00000,none
13.20833,-87.47348,-87.47348,0.00000,0.00000,0.00000,-65.08621,0.00000,0.00000,30.00000,-92.52652,-0.11220,1.09609,6.50862,0.00000,0.00000,0.00000,0.00000,none
13.21250,-87.47348,-87.47348,0.00000,0.00000,0.00000,-65.08621,0.00000,0.00000,30.00000,-92.52652,-0.11220,1.09609,6.50862,0.00000,0.00000,0.00000,0.00000,none
13.21667,-87.47348,-87.47348,0.00000,0.00000,0.00000,-65.08621,0.00000,0.00000,30.00000,-92.52652,-0.11220,1.09609,6.50862,0.00000,0.00000,0.00000,0.00000,none
13.22083,-87.47348,-87.47348,0.00000,0.00000,0.00000,-65.08621,0.00000,0.00000,30.00000,-92.52652,-0.11220,1.09609,6.50862,0.00000,0.00000,0.00000,0.00000,none
13.22500,-87.47348,-87.47348,0.00000,0.00000,0.00000,-65.08621,0.00000,0.00000,30.00000,-92.52652,-0.11220,1.09609,6.50862,0.00000,0.00000,0.00000,0.00000,none
13.22917,-87.47348,-87.47348,0.00000,0.00000,0.00000,-65.08621,0.00000,0.00000,30.00000,-92.52652,-0.11220,1.09609,6.50862,0.00000,0.00000,0.00000,0.00000,none
13.23333,-87.47348,-87.47348,0.00000,0.00000,0.00000,-65.08621,0.00000,0.00000,30.00000,-92.52652,-0.11220,1.09609,6.50862,0.00000,0.00000,0.00000,0.00000,none
13.23750,-87.47348,-87.47348,0.00000,0.00000,0.00000,-65.08621,0.00000,0.00000,30.00000,-92.52652,-0.11220,1.09609,6.50862,0.00000,0.00000,0.00000,0.00000,none
13.24167,-87.47348,-87.47348,0.00000,0.00000,0.00000,-65.08621,0.00000,0.00000,30.00000,-92.52652,-0.11220,1.09609,6.50862,0.00000,0.00000,0.00000,0.00000,none
13.24583,-87.47348,-87.47348,0.00000,0.00000,0.00000,-65.08621,0.00000,0.00000,30.00000,-92.52652,-0.11220,1.09609,6.50862,0.00000,0.00000,0.00000,0.00000,none
13.25000,-87.47348,-87.47348,0.00000,0.00000,0.00000,-65.08621,0.00000,0.00000,30.00000,-92.52652,-0.11220,1.09609,6.50862,0.00000,0.00000,0.00000,0.00000,none
13.25417,-87.47348,-87.47348,0.00000,0.00000,0.00000,-65.08621,0.00000,0.00000,30.00000,-92.52652,-0.11220,1.09609,6.50862,0.00000,0.00000,0.00000,0.00000,none
13.25833,-87.47348,-87.47348,0.00000,0.00000,0.00000,-65.08621,0.00000,0.00000,30.00000,-92.52652,-0.11220,1.09609,6.50862,0.00000,0.00000,0.00000,0.00000,none
13.26250,-87.47348,-87.47348,0.00000,0.00000,0.00000,-65.08621,0.00000,0.00000,30.00000,-92.52652,-0.11220,1.09609,6.50862,0.00000,0.00000,0.00000,0.00000,none
13.26667,-87.47348,-87.47348,0.00000,0.00000,0.00000,-65.08621,0.00000,0.00000,30.00000,-92.52652,-0.11220,1.09609,6.50862,0.00000,0.00000,0.00000,0.00000,none
13.27083,-87.47348,-87.47348,0.00000,0.00000,0.00000,-65.08621,0.00000,0.00000,30.00000,-92.52652,-0.11220,1.09609,6.50862,0.00000,0.00000,0.00000,0.00000,none
13.27500,-87.47348,-87.47348,0.00000,0.00000,0.00000,-65.08621,0.00000,0.00000,30.00000,-92.52652,-0.11220,1.09609,6.50862,0.00000,0.00000,0.00000,0.00000,none
13.27917,-87.47348,-87.47348,0.00000,0.00000,0.00000,-65.08621,0.00000,0.00000,30.00000,-92.52652,-0.11220,1.09609,6.50862,0.00000,0.00000,0.00000,0.00000,none
13.28333,-87.47348,-87.47348,0.00000,0.00000,0.00000,-65.08621,0.00000,0.00000,30.00000,-92.52652,-0.11220,1.09609,6.50862,0.00000,0.00000,0.00000,0.00000,none
13.28750,-87.47348,-87.47348,0.00000,0.00000,0.00000,-65.08621,0.00000,0.00000,30.00000,-92.52652,-0.11220,1.09609,6.50862,0.00000,0.00000,0.00000,0.00000,none
13.29167,-87.47348,-87.47348,0.00000,0.00000,0.00000,-65.08621,0.00000,0.00000,30.00000,-92.52652,-0.11220,1.09609,6.50862,0.00000,0.00000,0.00000,0.00000,none
13.29583,-87.47348,-87.47348,0.00000,0.00000,0.00000,-65.08621,0.00000,0.00000,30.00000,-92.52652,-0.11220,1.09609,6.50862,0.00000,0.00000,0.00000,0.00000,none
13.30000,-87.47348,-87.47348,0.00000,0.00000,0.00000,-65.08621,0.00000,0.00000,30.00000,-92.52652,-0.11220,1.09609,6.50862,0.00000,0.00000,0.00000,0.00000,none
13.30417,-87.47348,-87.47348,0.00000,0.00000,0.00000,-65.08621,0.00000,0.00000,30.00000,-92.52652,-0.11220,1.09609,6.50862,0.00000,0.00000,0.00000,0.00000,none
13.30833,-87.47348,-87.47348,0.00000,0.00000,0.00000,-65.08621,0.00000,0.00000,30.00000,-92.52652,-0.11220,1.09609,6.50862,0.00000,0.00000,0.00000,0.00000,none
13.31250,-87.47348,-87.47348,0.00000,0.00000,0.00000,-65.08621,0.00000,0.00000,30.00000,-92.52652,-0.11220,1.09609,6.50862,0.00000,0.00000,0.00000,0.00000,none
13.31667,-87.47348,-87.47348,0.00000,0.00000,0.00000,-65.08621,0.00000,0.00000,30.00000,-92.52652,-0.11220,1.09609,6.50862,0.00000,0.00000,0.00000,0.00000,none
13.32083,-87.47348,-87.47348,0.00000,0.00000,0.00000,-65.08621,0.00000,0.00000,30.00000,-92.52652,-0.11220,1.09609,6.50862,0.00000,0.00000,0.00000,0.00000,none
13.32500,-87.47348,-87.47348,0.00000,0.00000,0.00000,-65.08621,0.00000,0.00000,30.00000,-92.52652,-0.11220,1.09609,6.50862,0.00000,0.00000,0.00000,0.00000,none
13.32917,-87.47348,-87.47348,0.00000,0.00000,0.00000,-65.08621,0.00000,0.00000,30.00000,-92.52652,-0.11220,1.09609,6.50862,0.00000,0.00000,0.00000,0.00000,none
13.33333,-87.47348,-87.47348,0.00000,0.00000,0.00000,-65.08621,0.00000,0.00000,30.00000,-92.52652,-0.11220,1.09609,6.50862,0.00000,0.00000,0.00000,0.00000,none
13.33750,-87.47348,-87.47348,0.00000,0.00000,0.00000,-65.08621,0.00000,0.00000,30.00000,-92.52652,-0.11220,1.09609,6.50862,0.00000,0.00000,0.00000,0.00000,none
13.34167,-87.47348,-87.47348,0.00000,0.00000,0.00000,-65.08621,0.00000,0.00000,30.00000,-92.52652,-0.11220,1.09609,6.50862,0.00000,0.00000,0.00000,0.00000,none
13.34583,-87.47348,-87.47348,0.00000,0.00000,0.00000,-65.08621,0.00000,0.00000,30.00000,-92.52652,-0.11220,1.09609,6.50862,0.00000,0.00000,0.00000,0.00000,none
13.35000,-87.47348,-87.47348,0.00000,0.00000,0.00000,-65.08621,0.00000,0.00000,30.00000,-92.52652,-0.11220,1.09609,6.50862,0.00000,0.00000,0.00000,0.00000,none
13.35417,-87.47348,-87.47348,0.00000,0.00000,0.00000,-65.08621,0.00000,0.00000,30.00000,-92.52652,-0.11220,1.09609,6.50862,0.00000,0.00000,0.00000,0.00000,none
13.35833,-87.47348,-87.47348,0.00000,0.00000,0.00000,-65.08621,0.00000,0.00000,30.00000,-92.52652,-0.11220,1.09609,6.50862,0.00000,0.00000,0.00000,0.00000,none
13.36250,-87.47348,-87.47348,0.00000,0.00000,0.00000,-65.08621,0.00000,0.00000,30.00000,-92.52652,-0.11220,1.09609,6.50862,0.00000,0.00000,0.00000,0.00000,none
13.36667,-87.47348,-87.47348,0.00000,0.00000,0.00000,-65.08621,0.00000,0.00000,30.00000,-92.52652,-0.11220,1.09609,6.50862,0.00000,0.00000,0.00000,0.00000,none
13.37083,-87.47348,-87.47348,0.00000,0.00000,0.00000,-65.08621,0.00000,0.00000,30.00000,-92.52652,-0.11220,1.09609,6.50862,0.00000,0.00000,0.00000,0.00000,none
13.37500,-87.47348,-87.47348,0.00000,0.00000,0.00000,-65.08621,0.00000,0.00000,30.00000,-92.52652,-0.11220,1.09609,6.50862,0.00000,0.00000,0.00000,0.00000,none
13.37917,-87.47348,-87.47348,0.00000,0.00000,0.00000,-65.08621,0.00000,0.00000,30.00000,-92.52652,-0.11220,1.09609,6.50862,0.00000,0.00000,0.00000,0.00000,none
13.38333,-87.47348,-87.47348,0.00000,0.00000,0.00000,-65.08621,0.00000,0.00000,30.00000,-92.52652,-0.11220,1.09609,6.50862,0.00000,0.00000,0.00000,0.00000,none
13.38750,-87.47348,-87.47348,0.00000,0.00000,0.00000,-65.08621,0.00000,0.00000,30.00000,-92.52652,-0.11220,1.09609,6.50862,0.00000,0.00000,0.00000,0.00000,none
13.39167,-87.47348,-87.47348,0.00000,0.00000,0.00000,-65.08621,0.00000,0.00000,30.00000,-92.52652,-0.11220,1.09609,6.50862,0.00000,0.00000,0.00000,0.00000,none
13.39583,-87.47348,-87.47348,0.00000,0.00000,0.00000,-65.08621,0.00000,0.00000,30.00000,-92.52652,-0.11220,1.09609,6.50862,0.00000,0.00000,0.00000,0.00000,none
13.40000,-87.47348,-87.47348,0.00000,0.00000,0.00000,-65.08621,0.00000,0.00000,30.00000,-92.52652,-0.11220,1.09609,6.50862,0.00000,0.00000,0.00000,0.00000,none
13.40417,-87.47348,-87.47348,0.00000,0.00000,0.00000,-65.08621,0.00000,0.00000,30.00000,-92.52652,-0.11220,1.09609,6.50862,0.00000,0.00000,0.00000,0.00000,none
13.40833,-87.47348,-87.47348,0.00000,0.00000,0.00000,-65.08621,0.00000,0.00000,30.00000,-92.52652,-0.11220,1.09609,6.50862,0.00000,0.00000,0.00000,0.00000,none
13.41250,-87.47348,-87.47348,0.00000,0.00000,0.00000,-65.08621,0.00000,0.00000,30.00000,-92.52652,-0.11220,1.09609,6.50862,0.00000,0.00000,0.00000,0.00000,none
13.41667,-87.47348,-87.47348,0.00000,0.00000,0.00000,-65.08621,0.00000,0.00000,30.00000,-92.52652,-0.11220,1.09609,6.50862,0.00000,0.00000,0.00000,0.00000,none
13.42083,-87.47348,-87.47348,0.00000,0.00000,0.00000,-65.08621,0.00000,0.00000,30.00000,-92.52652,-0.11220,1.09609,6.50862,0.00000,0.00000,0.00000,0.00000,none
13.42500,-87.47348,-87.47348,0.00000,0.00000,0.00000,-65.08621,0.00000,0.00000,30.00000,-92.52652,-0.11220,1.09609,6.50862,0.00000,0.00000,0.00000,0.00000,none
13.42917,-87.47348,-87.47348,0.00000,0.00000,0.00000,-65.08621,0.00000,0.00000,30.00000,-92.52652,-0.11220,1.09609,6.50862,0.00000,0.00000,0.00000,0.00000,none
13.43333,-87.47348,-87.47348,0.00000,0.00000,0.00000,-65.08621,0.00000,0.00000,30.00000,-92.52652,-0.11220,1.09609,6.50862,0.00000,0.00000,0.00000,0.00000,none
13.43750,-87.47348,-87.47348,0.00000,0.00000,0.00000,-65.08621,0.00000,0.00000,30.00000,-92.52652,-0.11220,1.09609,6.50862,0.00000,0.00000,0.00000,0.00000,none
13.44167,-87.47348,-87.47348,0.00000,0.00000,0.00000,-65.08621,0.00000,0.00000,30.00000,-92.52652,-0.11220,1.09609,6.50862,0.00000,0.00000,0.00000,0.00000,none
13.44583,-87.47348,-87.47348,0.00000,0.00000,0.00000,-65.08621,0.00000,0.00000,30.00000,-92.52652,-0.11220,1.09609,6.50862,0.00000,0.00000,0.00000,0.00000,none
13.45000,-87.47348,-87.47348,0.00000,0.00000,0.00000,-65.08621,0.00000,0.00000,30.00000,-92.52652,-0.11220,1.09609,6.50862,0.00000,0.00000,0.00000,0.00000,none
13.45417,-87.47348,-87.47348,0.00000,0.00000,0.00000,-65.08621,0.00000,0.00000,30.00000,-92.52652,-0.11220,1.09609,6.50862,0.00000,0.00000,0.00000,0.00000,none
13.45833,-87.47348,-87.47348,0.00000,0.00000,0.00000,-65.08621,0.00000,0.00000,30.00000,-92.52652,-0.11220,1.09609,6.50862,0.00000,0.00000,0.00000,0.00000,none
13.46250,-87.47348,-87.47348,0.00000,0.00000,0.00000,-65.08621,0.00000,0.00000,30.00000,-92.52652,-0.11220,1.09609,6.50862,0.00000,0.00000,0.00000,0.00000,none
13.46667,-87.47348,-87.47348,0.00000,0.00000,0.00000,-65.08621,0.00000,0.00000,30.00000,-92.52652,-0.11220,1.09609,6.50862,0.00000,0.00000,0.00000,0.00000,none
13.47083,-87.47348,-87.47348,0.00000,0.00000,0.00000,-65.08621,0.00000,0.00000,30.00000,-92.52652,-0.11220,1.09609,6.50862,0.00000,0.00000,0.00000,0.00000,none
13.47500,-87.47348,-87.47348,0.00000,0.00000,0.00000,-65.08621,0.00000,0.00000,30.00000,-92.52652,-0.11220,1.09609,6.50862,0.00000,0.00000,0.00000,0.00000,none
13.47917,-87.47348,-87.47348,0.00000,0.00000,0.00000,-65.08621,0.00000,0.00000,30.00000,-92.52652,-0.11220,1.09609,6.50862,0.00000,0.00000,0.00000,0.00000,none
13.48333,-87.47348,-87.47348,0.00000,0.00000,0.00000,-65.08621,0.00000,0.00000,30.00000,-92.52652,-0.11220,1.09609,6.50862,0.00000,0.00000,0.00000,0.00000,none
13.48750,-87.47348,-87.47348,0.00000,0.00000,0.00000,-65.08621,0.00000,0.00000,30.00000,-92.52652,-0.11220,1.09609,6.50862,0.00000,0.00000,0.00000,0.00000,none
13.49167,-87.47348,-87.47348,0.00000,0.00000,0.00000,-65.08621,0.00000,0.00000,30.00000,-92.52652,-0.11220,1.09609,6.50862,0.00000,0.00000,0.00000,0.00000,none
13.49583,-87.47348,-87.47348,0.00000,0.00000,0.00000,-65.08621,0.00000,0.00000,30.00000,-92.52652,-0.11220,1.09609,6.50862,0.00000,0.00000,0.00000,0.00000,none
13.50000,-87.47348,-87.47348,0.00000,0.00000,0.00000,-65.08621,0.00000,0.00000,30.00000,-92.52652,-0.11220,1.09609,6.50862,0.00000,0.00000,0.00000,0.00000,none
13.50417,-87.47348,-87.47348,0.00000,0.00000,0.00000,-65.08621,0.00000,0.00000,30.00000,-92.52652,-0.11220,1.09609,6.50862,0.00000,0.00000,0.00000,0.00000,none
13.50833,-87.47348,-87.47348,0.00000,0.00000,0.00000,-65.08621,0.00000,0.00000,30.00000,-92.52652,-0.11220,1.09609,6.50862,0.00000,0.00000,0.00000,0.00000,none
13.51250,-87.47348,-87.47348,0.00000,0.00000,0.00000,-65.08621,0.00000,0.00000,30.00000,-92.52652,-0.11220,1.09609,6.50862,0.00000,0.00000,0.00000,0.00000,none
13.51667,-87.47348,-87.47348,0.00000,0.00000,0.00000,-65.08621,0.00000,0.00000,30.00000,-92.52652,-0.11220,1.09609,6.50862,0.00000,0.00000,0.00000,0.00000,none
13.52083,-87.47348,-87.47348,0.00000,0.00000,0.00000,-65.08621,0.00000,0.00000,30.00000,-92.52652,-0.11220,1.09609,6.50862,0.00000,0.00000,0.00000,0.00000,none
13.52500,-87.47348,-87.47348,0.00000,0.00000,0.00000,-65.08621,0.00000,0.00000,30.00000,-92.52652,-0.11220,1.09609,6.50862,0.00000,0.00000,0.00000,0.00000,none
13.52917,-87.47348,-87.47348,0.00000,0.00000,0.00000,-65.08621,0.00000,0.00000,30.00000,-92.52652,-0.11220,1.09609,6.50862,0.00000,0.00000,0.00000,0.00000,none
13.53333,-87.47348,-87.47348,0.00000,0.00000,0.00000,-65.08621,0.00000,0.00000,30.00000,-92.52652,-0.11220,1.09609,6.50862,0.00000,0.00000,0.00000,0.00000,none
13.53750,-87.47348,-87.47348,0.00000,0.00000,0.00000,-65.08621,0.00000,0.00000,30.00000,-92.52652,-0.11220,1.09609,6.50862,0.00000,0.00000,0.00000,0.00000,none
13.54167,-87.47348,-87.47348,0.00000,0.00000,0.00000,-65.08621,0.00000,0.00000,30.00000,-92.52652,-0.11220,1.09609,6.50862,0.00000,0.00000,0.00000,0.00000,none
13.54583,-87.47348,-87.47348,0.00000,0.00000,0.00000,-65.08621,0.00000,0.00000,30.00000,-92.52652,-0.11220,1.09609,6.50862,0.00000,0.00000,0.00000,0.00000,none
13.55000,-87.47348,-87.47348,0.00000,0.00000,0.00000,-65.08621,0.00000,0.00000,30.00000,-92.52652,-0.11220,1.09609,6.50862,0.00000,0.00000,0.00000,0.00000,none
13.55417,-87.47348,-87.47348,0.00000,0.00000,0.00000,-65.08621,0.00000,0.00000,30.00000,-92.52652,-0.11220,1.09609,6.50862,0.00000,0.00000,0.00000,0.00000,none
13.55833,-87.47348,-87.47348,0.00000,0.00000,0.00000,-65.08621,0.00000,0.00000,30.00000,-92.52652,-0.11220,1.09609,6.50862,0.00000,0.00000,0.00000,0.00000,none
13.56250,-87.47348,-87.47348,0.00000,0.00000,0.00000,-65.08621,0.00000,0.00000,30.00000,-92.52652,-0.11220,1.09609,6.50862,0.00000,0.00000,0.00000,0.00000,none
13.56667,-87.47348,-87.47348,0.00000,0.00000,0.00000,-65.08621,0.00000,0.00000,30.00000,-92.52652,-0.11220,1.09609,6.50862,0.00000,0.00000,0.00000,0.00000,none
13.57083,-87.47348,-87.47348,0.00000,0.00000,0.00000,-65.08621,0.00000,0.00000,30.00000,-92.52652,-0.11220,1.09609,6.50862,0.00000,0.00000,0.00000,0.00000,none
13.57500,-87.47348,-87.47348,0.00000,0.00000,0.00000,-65.08621,0.00000,0.00000,30.00000,-92.52652,-0.11220,1.09609,6.50862,0.00000,0.00000,0.00000,0.00000,none
13.57917,-87.47348,-87.47348,0.00000,0.00000,0.00000,-65.08621,0.00000,0.00000,30.00000,-92.52652,-0.11220,1.09609,6.50862,0.00000,0.00000,0.00000,0.00000,none
13.58333,-87.47348,-87.47348,0.00000,0.00000,0.00000,-65.08621,0.00000,0.00000,30.00000,-92.52652,-0.11220,1.09609,6.50862,0.00000,0.00000,0.00000,0.00000,none
13.58750,-87.47348,-87.47348,0.00000,0.00000,0.00000,-65.08621,0.00000,0.00000,30.00000,-92.52652,-0.11220,1.09609,6.50862,0.00000,0.00000,0.00000,0.00000,none
13.59167,-87.47348,-87.47348,0.00000,0.00000,0.00000,-65.08621,0.00000,0.00000,30.00000,-92.52652,-0.11220,1.09609,6.50862,0.00000,0.00000,0.00000,0.00000,none
13.59583,-87.47348,-87.47348,0.00000,0.00000,0.00000,-65.08621,0.00000,0.00000,30.00000,-92.52652,-0.11220,1.09609,6.50862,0.00000,0.00000,0.00000,0.00000,none
13.60000,-87.47348,-87.47348,0.00000,0.00000,0.00000,-65.08621,0.00000,0.00000,30.00000,-92.52652,-0.11220,1.09609,6.50862,0.00000,0.00000,0.00000,0.00000,none
13.60417,-87.47348,-87.47348,0.00000,0.00000,0.00000,-65.08621,0.00000,0.00000,30.00000,-92.52652,-0.11220,1.09609,6.50862,0.00000,0.00000,0.00000,0.00000,none
13.60833,-87.47348,-87.47348,0.00000,0.00000,0.00000,-65.08621,0.00000,0.00000,30.00000,-92.52652,-0.11220,1.09609,6.50862,0.00000,0.00000,0.00000,0.00000,none
13.61250,-87.47348,-87.47348,0.00000,0.00000,0.00000,-65.08621,0.00000,0.00000,30.00000,-92.52652,-0.11220,1.09609,6.50862,0.00000,0.00000,0.00000,0.00000,none
13.61667,-87.47348,-87.47348,0.00000,0.00000,0.00000,-65.08621,0.00000,0.00000,30.00000,-92.52652,-0.11220,1.09609,6.50862,0.00000,0.00000,0.00000,0.00000,none
13.62083,-87.47348,-87.47348,0.00000,0.00000,0.00000,-65.08621,0.00000,0.00000,30.00000,-92.52652,-0.11220,1.09609,6.50862,0.00000,0.00000,0.00000,0.00000,none
13.62500,-87.47348,-87.47348,0.00000,0.00000,0.00000,-65.08621,0.00000,0.00000,30.00000,-92.52652,-0.11220,1.09609,6.50862,0.00000,0.00000,0.00000,0.00000,none
13.62917,-87.47348,-87.47348,0.00000,0.00000,0.00000,-65.08621,0.00000,0.00000,30.00000,-92.52652,-0.11220,1.09609,6.50862,0.00000,0.00000,0.00000,0.00000,none
13.63333,-87.47348,-87.47348,0.00000,0.00000,0.00000,-65.08621,0.00000,0.00000,30.00000,-92.52652,-0.11220,1.09609,6.50862,0.00000,0.00000,0.00000,0.00000,none
13.63750,-87.47348,-87.47348,0.00000,0.00000,0.00000,-65.08621,0.00000,0.00000,30.00000,-92.52652,-0.11220,1.09609,6.50862,0.00000,0.00000,0.00000,0.00000,none
13.64167,-87.47348,-87.47348,0.00000,0.00000,0.00000,-65.08621,0.00000,0.00000,30.00000,-92.52652,-0.11220,1.09609,6.50862,0.00000,0.00000,0.00000,0.00000,none
13.64583,-87.47348,-87.47348,0.00000,0.00000,0.00000,-65.08621,0.00000,0.00000,30.00000,-92.52652,-0.11220,1.09609,6.50862,0.00000,0.00000,0.00000,0.00000,none
13.65000,-87.47348,-87.47348,0.00000,0.00000,0.00000,-65.08621,0.00000,0.00000,30.00000,-92.52652,-0.11220,1.09609,6.50862,0.00000,0.00000,0.00000,0.00000,none
13.65417,-87.47348,-87.47348,0.00000,0.00000,0.00000,-65.08621,0.00000,0.00000,30.00000,-92.52652,-0.11220,1.09609,6.50862,0.00000,0.00000,0.00000,0.00000,none
13.65833,-87.47348,-87.47348,0.00000,0.00000,0.00000,-65.08621,0.00000,0.00000,30.00000,-92.52652,-0.11220,1.09609,6.50862,0.00000,0.00000,0.00000,0.00000,none
13.66250,-87.47348,-87.47348,0.00000,0.00000,0.00000,-65.08621,0.00000,0.00000,30.00000,-92.52652,-0.11220,1.09609,6.50862,0.00000,0.00000,0.00000,0.00000,none
13.66667,-87.47348,-87.47348,0.00000,0.00000,0.00000,-65.08621,0.00000,0.00000,30.00000,-92.52652,-0.11220,1.09609,6.50862,0.00000,0.00000,0.00000,0.00000,none
13.67083,-87.47348,-87.47348,0.00000,0.00000,0.00000,-65.08621,0.00000,0.00000,30.00000,-92.52652,-0.11220,1.09609,6.50862,0.00000,0.00000,0.00000,0.00000,none
13.67500,-87.47348,-87.47348,0.00000,0.00000,0.00000,-65.08621,0.00000,0.00000,30.00000,-92.52652,-0.11220,1.09609,6.50862,0.00000,0.00000,0.00000,0.00000,none
13.67917,-87.47348,-87.47348,0.00000,0.00000,0.00000,-65.08621,0.00000,0.00000,30.00000,-92.52652,-0.11220,1.09609,6.50862,0.00000,0.00000,0.00000,0.00000,none
13.68333,-87.47348,-87.47348,0.00000,0.00000,0.00000,-65.08621,0.00000,0.00000,30.00000,-92.52652,-0.11220,1.09609,6.50862,0.00000,0.00000,0.00000,0.00000,none
13.68750,-87.47348,-87.47348,0.00000,0.00000,0.00000,-65.08621,0.00000,0.00000,30.00000,-92.52652,-0.11220,1.09609,6.50862,0.00000,0.00000,0.00000,0.00000,none
13.69167,-87.47348,-87.47348,0.00000,0.00000,0.00000,-65.08621,0.00000,0.00000,30.00000,-92.52652,-0.11220,1.09609,6.50862,0.00000,0.00000,0.00000,0.00000,none
13.69583,-87.47348,-87.47348,0.00000,0.00000,0.00000,-65.08621,0.00000,0.00000,30.00000,-92.52652,-0.11220,1.09609,6.50862,0.00000,0.00000,0.00000,0.00000,none
13.70000,-87.47348,-87.47348,0.00000,0.00000,0.00000,-65.08621,0.00000,0.00000,30.00000,-92.52652,-0.11220,1.09609,6.50862,0.00000,0.00000,0.00000,0.00000,none
13.70417,-87.47348,-87.47348,0.00000,0.00000,0.00000,-65.08621,0.00000,0.00000,30.00000,-92.52652,-0.11220,1.09609,6.50862,0.00000,0.00000,0.00000,0.00000,none
13.70833,-87.47348,-87.47348,0.00000,0.00000,0.00000,-65.08621,0.00000,0.00000,30.00000,-92.52652,-0.11220,1.09609,6.50862,0.00000,0.00000,0.00000,0.00000,none
13.71250,-87.47348,-87.47348,0.00000,0.00000,0.00000,-65.08621,0.00000,0.00000,30.00000,-92.52652,-0.11220,1.09609,6.50862,0.00000,0.00000,0.00000,0.00000,none
13.71667,-87.47348,-87.47348,0.00000,0.00000,0.00000,-65.08621,0.00000,0.00000,30.00000,-92.52652,-0.11220,1.09609,6.50862,0.00000,0.00000,0.00000,0.00000,none
13.72083,-87.47348,-87.47348,0.00000,0.00000,0.00000,-65.08621,0.00000,0.00000,30.00000,-92.52652,-0.11220,1.09609,6.50862,0.00000,0.00000,0.00000,0.00000,none
13.72500,-87.47348,-87.47348,0.00000,0.00000,0.00000,-65.08621,0.00000,0.00000,30.00000,-92.52652,-0.11220,1.09609,6.50862,0.00000,0.00000,0.00000,0.00000,none
13.72917,-87.47348,-87.47348,0.00000,0.00000,0.00000,-65.08621,0.00000,0.00000,30.00000,-92.52652,-0.11220,1.09609,6.50862,0.00000,0.00000,0.00000,0.00000,none
13.73333,-87.47348,-87.47348,0.00000,0.00000,0.00000,-65.08621,0.00000,0.00000,30.00000,-92.52652,-0.11220,1.09609,6.50862,0.00000,0.00000,0.00000,0.00000,none
13.73750,-87.47348,-87.47348,0.00000,0.00000,0.00000,-65.08621,0.00000,0.00000,30.00000,-92.52652,-0.11220,1.09609,6.50862,0.00000,0.00000,0.00000,0.00000,none
13.74167,-87.47348,-87.47348,0.00000,0.00000,0.00000,-65.08621,0.00000,0.00000,30.00000,-92.52652,-0.11220,1.09609,6.50862,0.00000,0.00000,0.00000,0.00000,none
13.74583,-87.47348,-87.47348,0.00000,0.00000,0.00000,-65.08621,0.00000,0.00000,30.00000,-92.52652,-0.11220,1.09609,6.50862,0.00000,0.00000,0.00000,0.00000,none
13.75000,-87.47348,-87.47348,0.00000,0.00000,0.00000,-65.08621,0.00000,0.00000,30.00000,-92.52652,-0.11220,1.09609,6.50862,0.00000,0.00000,0.00000,0.00000,none
13.75417,-87.47348,-87.47348,0.00000,0.00000,0.00000,-65.08621,0.00000,0.00000,30.00000,-92.52652,-0.11220,1.09609,6.50862,0.00000,0.00000,0.00000,0.00000,none
13.75833,-87.47348,-87.47348,0.00000,0.00000,0.00000,-65.08621,0.00000,0.00000,30.00000,-92.52652,-0.11220,1.09609,6.50862,0.00000,0.00000,0.00000,0.00000,none
13.76250,-87.47348,-87.47348,0.00000,0.00000,0.00000,-65.08621,0.00000,0.00000,30.00000,-92.52652,-0.11220,1.09609,6.50862,0.00000,0.00000,0.00000,0.00000,none
13.76667,-87.47348,-87.47348,0.00000,0.00000,0.00000,-65.08621,0.00000,0.00000,30.00000,-92.52652,-0.11220,1.09609,6.50862,0.00000,0.00000,0.00000,0.00000,none
13.77083,-87.47348,-87.47348,0.00000,0.00000,0.00000,-65.08621,0.00000,0.00000,30.00000,-92.52652,-0.11220,1.09609,6.50862,0.00000,0.00000,0.00000,0.00000,none
13.77500,-87.47348,-87.47348,0.00000,0.00000,0.00000,-65.08621,0.00000,0.00000,30.00000,-92.52652,-0.11220,1.09609,6.50862,0.00000,0.00000,0.00000,0.00000,none
13.77917,-87.47348,-87.47348,0.00000,0.00000,0.00000,-65.08621,0.00000,0.00000,30.00000,-92.52652,-0.11220,1.09609,6.50862,0.00000,0.00000,0.00000,0.00000,none
13.78333,-87.47348,-87.47348,0.00000,0.00000,0.00000,-65.08621,0.00000,0.00000,30.00000,-92.52652,-0.11220,1.09609,6.50862,0.00000,0.00000,0.00000,0.00000,none
13.78750,-87.47348,-87.47348,0.00000,0.00000,0.00000,-65.08621,0.00000,0.00000,30.00000,-92.52652,-0.11220,1.09609,6.50862,0.00000,0.00000,0.00000,0.00000,none
13.79167,-87.47348,-87.47348,0.00000,0.00000,0.00000,-65.08621,0.00000,0.00000,30.00000,-92.52652,-0.11220,1.09609,6.50862,0.00000,0.00000,0.00000,0.00000,none
13.79583,-87.47348,-87.47348,0.00000,0.00000,0.00000,-65.08621,0.00000,0.00000,30.00000,-92.52652,-0.11220,1.09609,6.50862,0.00000,0.00000,0.00000,0.00000,none
13.80000,-87.47348,-87.47348,0.00000,0.00000,0.00000,-65.08621,0.00000,0.00000,30.00000,-92.52652,-0.11220,1.09609,6.50862,0.00000,0.00000,0.00000,0.00000,none
13.80417,-87.47348,-87.47348,0.00000,0.00000,0.00000,-65.08621,0.00000,0.00000,30.00000,-92.52652,-0.11220,1.09609,6.50862,0.00000,0.00000,0.00000,0.00000,none
13.80833,-87.47348,-87.47348,0.00000,0.00000,0.00000,-65.08621,0.00000,0.00000,30.00000,-92.52652,-0.11220,1.09609,6.50862,0.00000,0.00000,0.00000,0.00000,none
13.81250,-87.47348,-87.47348,0.00000,0.00000,0.00000,-65.08621,0.00000,0.00000,30.00000,-92.52652,-0.11220,1.09609,6.50862,0.00000,0.00000,0.00000,0.00000,none
13.81667,-87.47348,-87.47348,0.00000,0.00000,0.00000,-65.08621,0.00000,0.00000,30.00000,-92.52652,-0.11220,1.09609,6.50862,0.00000,0.00000,0.00000,0.00000,none
13.82083,-87.47348,-87.47348,0.00000,0.00000,0.00000,-65.08621,0.00000,0.00000,30.00000,-92.52652,-0.11220,1.09609,6.50862,0.00000,0.00000,0.00000,0.00000,none
13.82500,-87.47348,-87.47348,0.00000,0.00000,0.00000,-65.08621,0.00000,0.00000,30.00000,-92.52652,-0.11220,1.09609,6.50862,0.00000,0.00000,0.00000,0.00000,none
13.82917,-87.47348,-87.47348,0.00000,0.00000,0.00000,-65.08621,0.00000,0.00000,30.00000,-92.52652,-0.11220,1.09609,6.50862,0.00000,0.00000,0.00000,0.00000,none
13.83333,-87.47348,-87.47348,0.00000,0.00000,0.00000,-65.08621,0.00000,0.00000,30.00000,-92.52652,-0.11220,1.09609,6.50862,0.00000,0.00000,0.00000,0.00000,none
13.83750,-87.47348,-87.47348,0.00000,0.00000,0.00000,-65.08621,0.00000,0.00000,30.00000,-92.52652,-0.11220,1.09609,6.50862,0.00000,0.00000,0.00000,0.00000,none
13.84167,-87.47348,-87.47348,0.00000,0.00000,0.00000,-65.08621,0.00000,0.00000,30.00000,-92.52652,-0.11220,1.09609,6.50862,0.00000,0.00000,0.00000,0.00000,none
13.84583,-87.47348,-87.47348,0.00000,0.00000,0.00000,-65.08621,0.00000,0.00000,30.00000,-92.52652,-0.11220,1.09609,6.50862,0.00000,0.00000,0.00000,0.00000,none
13.85000,-87.47348,-87.47348,0.00000,0.00000,0.00000,-65.08621,0.00000,0.00000,30.00000,-92.52652,-0.11220,1.09609,6.50862,0.00000,0.00000,0.00000,0.00000,none
13.85417,-87.47348,-87.47348,0.00000,0.00000,0.00000,-65.08621,0.00000,0.00000,30.00000,-92.52652,-0.11220,1.09609,6.50862,0.00000,0.00000,0.00000,0.00000,none
13.85833,-87.47348,-87.47348,0.00000,0.00000,0.00000,-65.08621,0.00000,0.00000,30.00000,-92.52652,-0.11220,1.09609,6.50862,0.00000,0.00000,0.00000,0.00000,none
13.86250,-87.47348,-87.47348,0.00000,0.00000,0.00000,-65.08621,0.00000,0.00000,30.00000,-92.52652,-0.11220,1.09609,6.50862,0.00000,0.00000,0.00000,0.00000,none
13.86667,-87.47348,-87.47348,0.00000,0.00000,0.00000,-65.08621,0.00000,0.00000,30.00000,-92.52652,-0.11220,1.09609,6.50862,0.00000,0.00000,0.00000,0.00000,none
13.87083,-87.47348,-87.47348,0.00000,0.00000,0.00000,-65.08621,0.00000,0.00000,30.00000,-92.52652,-0.11220,1.09609,6.50862,0.00000,0.00000,0.00000,0.00000,none
13.87500,-87.47348,-87.47348,0.00000,0.00000,0.00000,-65.08621,0.00000,0.00000,30.00000,-92.52652,-0.11220,1.09609,6.50862,0.00000,0.00000,0.00000,0.00000,none
13.87917,-87.47348,-87.47348,0.00000,0.00000,0.00000,-65.08621,0.00000,0.00000,30.00000,-92.52652,-0.11220,1.09609,6.50862,0.00000,0.00000,0.00000,0.00000,none
13.88333,-87.47348,-87.47348,0.00000,0.00000,0.00000,-65.08621,0.00000,0.00000,30.00000,-92.52652,-0.11220,1.09609,6.50862,0.00000,0.00000,0.00000,0.00000,none
13.88750,-87.47348,-87.47348,0.00000,0.00000,0.00000,-65.08621,0.00000,0.00000,30.00000,-92.52652,-0.11220,1.09609,6.50862,0.00000,0.00000,0.00000,0.00000,none
13.89167,-87.47348,-87.47348,0.00000,0.00000,0.00000,-65.08621,0.00000,0.00000,30.00000,-92.52652,-0.11220,1.09609,6.50862,0.00000,0.00000,0.00000,0.00000,none
13.89583,-87.47348,-87.47348,0.00000,0.00000,0.00000,-65.08621,0.00000,0.00000,30.00000,-92.52652,-0.11220,1.09609,6.50862,0.00000,0.00000,0.00000,0.00000,none
13.90000,-87.47348,-87.47348,0.00000,0.00000,0.00000,-65.08621,0.00000,0.00000,30.00000,-92.52652,-0.11220,1.09609,6.50862,0.00000,0.00000,0.00000,0.00000,none
13.90417,-87.47348,-87.47348,0.00000,0.00000,0.00000,-65.08621,0.00000,0.00000,30.00000,-92.52652,-0.11220,1.09609,6.50862,0.00000,0.00000,0.00000,0.00000,none
13.90833,-87.47348,-87.47348,0.00000,0.00000,0.00000,-65.08621,0.00000,0.00000,30.00000,-92.52652,-0.11220,1.09609,6.50862,0.00000,0.00000,0.00000,0.00000,none
13.91250,-87.47348,-87.47348,0.00000,0.00000,0.00000,-65.08621,0.00000,0.00000,30.00000,-92.52652,-0.11220,1.09609,6.50862,0.00000,0.00000,0.00000,0.00000,none
13.91667,-87.47348,-87.47348,0.00000,0.00000,0.00000,-65.08621,0.00000,0.00000,30.00000,-92.52652,-0.11220,1.09609,6.50862,0.00000,0.00000,0.00000,0.00000,none
13.92083,-87.47348,-87.47348,0.00000,0.00000,0.00000,-65.08621,0.00000,0.00000,30.00000,-92.52652,-0.11220,1.09609,6.50862,0.00000,0.00000,0.00000,0.00000,none
13.92500,-87.47348,-87.47348,0.00000,0.00000,0.00000,-65.08621,0.00000,0.00000,30.00000,-92.52652,-0.11220,1.09609,6.50862,0.00000,0.00000,0.00000,0.00000,none
13.92917,-87.47348,-87.47348,0.00000,0.00000,0.00000,-65.08621,0.00000,0.00000,30.00000,-92.52652,-0.11220,1.09609,6.50862,0.00000,0.00000,0.00000,0.00000,none
13.93333,-87.47348,-87.47348,0.00000,0.00000,0.00000,-65.08621,0.00000,0.00000,30.00000,-92.52652,-0.11220,1.09609,6.50862,0.00000,0.00000,0.00000,0.00000,none
13.93750,-87.47348,-87.47348,0.00000,0.00000,0.00000,-65.08621,0.00000,0.00000,30.00000,-92.52652,-0.11220,1.09609,6.50862,0.00000,0.00000,0.00000,0.00000,none
13.94167,-87.47348,-87.47348,0.00000,0.00000,0.00000,-65.08621,0.00000,0.00000,30.00000,-92.52652,-0.11220,1.09609,6.50862,0.00000,0.00000,0.00000,0.00000,none
13.94583,-87.47348,-87.47348,0.00000,0.00000,0.00000,-65.08621,0.00000,0.00000,30.00000,-92.52652,-0.11220,1.09609,6.50862,0.00000,0.00000,0.00000,0.00000,none
13.95000,-87.47348,-87.47348,0.00000,0.00000,0.00000,-65.08621,0.00000,0.00000,30.00000,-92.52652,-0.11220,1.09609,6.50862,0.00000,0.00000,0.00000,0.00000,none
13.95417,-87.47348,-87.47348,0.00000,0.00000,0.00000,-65.08621,0.00000,0.00000,30.00000,-92.52652,-0.11220,1.09609,6.50862,0.00000,0.00000,0.00000,0.00000,none
13.95833,-87.47348,-87.47348,0.00000,0.00000,0.00000,-65.08621,0.00000,0.00000,30.00000,-92.52652,-0.11220,1.09609,6.50862,0.00000,0.00000,0.00000,0.00000,none
13.96250,-87.47348,-87.47348,0.00000,0.00000,0.00000,-65.08621,0.00000,0.00000,30.00000,-92.52652,-0.11220,1.09609,6.50862,0.00000,0.00000,0.00000,0.00000,none
13.96667,-87.47348,-87.47348,0.00000,0.00000,0.00000,-65.08621,0.00000,0.00000,30.00000,-92.52652,-0.11220,1.09609,6.50862,0.00000,0.00000,0.00000,0.00000,none
13.97083,-87.47348,-87.47348,0.00000,0.00000,0.00000,-65.08621,0.00000,0.00000,30.00000,-92.52652,-0.11220,1.09609,6.50862,0.00000,0.00000,0.00000,0.00000,none
13.97500,-87.47348,-87.47348,0.00000,0.00000,0.00000,-65.08621,0.00000,0.00000,30.00000,-92.52652,-0.11220,1.09609,6.50862,0.00000,0.00000,0.00000,0.00000,none
13.97917,-87.47348,-87.47348,0.00000,0.00000,0.00000,-65.08621,0.00000,0.00000,30.00000,-92.52652,-0.11220,1.09609,6.50862,0.00000,0.00000,0.00000,0.00000,none
13.98333,-87.47348,-87.47348,0.00000,0.00000,0.00000,-65.08621,0.00000,0.00000,30.00000,-92.52652,-0.11220,1.09609,6.50862,0.00000,0.00000,0.00000,0.00000,none
13.98750,-87.47348,-87.47348,0.00000,0.00000,0.00000,-65.08621,0.00000,0.00000,30.00000,-92.52652,-0.11220,1.09609,6.50862,0.00000,0.00000,0.00000,0.00000,none
13.99167,-87.47348,-87.47348,0.00000,0.00000,0.00000,-65.08621,0.00000,0.00000,30.00000,-92.52652,-0.11220,1.09609,6.50862,0.00000,0.00000,0.00000,0.00000,none
13.99583,-87.47348,-87.47348,0.00000,0.00000,0.00000,-65.08621,0.00000,0.00000,30.00000,-92.52652,-0.11220,1.09609,6.50862,0.00000,0.00000,0.00000,0.00000,none
14.00000,-87.47348,-87.47348,0.00000,0.00000,0.00000,-65.08621,0.00000,0.00000,30.00000,-92.52652,-0.11220,1.09609,6.50862,0.00000,0.00000,0.00000,0.00000,none
14.00417,-87.47348,-87.47348,0.00000,0.00000,0.00000,-65.08621,0.00000,0.00000,30.00000,-92.52652,-0.11220,1.09609,6.50862,0.00000,0.00000,0.00000,0.00000,none
14.00833,-87.47348,-87.47348,0.00000,0.00000,0.00000,-65.08621,0.00000,0.00000,30.00000,-92.52652,-0.11220,1.09609,6.50862,0.00000,0.00000,0.00000,0.00000,none
14.01250,-87.47348,-87.47348,0.00000,0.00000,0.00000,-65.08621,0.00000,0.00000,30.00000,-92.52652,-0.11220,1.09609,6.50862,0.00000,0.00000,0.00000,0.00000,none
14.01667,-87.47348,-87.47348,0.00000,0.00000,0.00000,-65.08621,0.00000,0.00000,30.00000,-92.52652,-0.11220,1.09609,6.50862,0.00000,0.00000,0.00000,0.00000,none
14.02083,-87.47348,-87.47348,0.00000,0.00000,0.00000,-65.08621,0.00000,0.00000,30.00000,-92.52652,-0.11220,1.09609,6.50862,0.00000,0.00000,0.00000,0.00000,none
14.02500,-87.47348,-87.47348,0.00000,0.00000,0.00000,-65.08621,0.00000,0.00000,30.00000,-92.52652,-0.11220,1.09609,6.50862,0.00000,0.00000,0.00000,0.00000,none
14.02917,-87.47348,-87.47348,0.00000,0.00000,0.00000,-65.08621,0.00000,0.00000,30.00000,-92.52652,-0.11220,1.09609,6.50862,0.00000,0.00000,0.00000,0.00000,none
14.03333,-87.47348,-87.47348,0.00000,0.00000,0.00000,-65.08621,0.00000,0.00000,30.00000,-92.52652,-0.11220,1.09609,6.50862,0.00000,0.00000,0.00000,0.00000,none
14.03750,-87.47348,-87.47348,0.00000,0.00000,0.00000,-65.08621,0.00000,0.00000,30.00000,-92.52652,-0.11220,1.09609,6.50862,0.00000,0.00000,0.00000,0.00000,none
14.04167,-87.47348,-87.47348,0.00000,0.00000,0.00000,-65.08621,0.00000,0.00000,30.00000,-92.52652,-0.11220,1.09609,6.50862,0.00000,0.00000,0.00000,0.00000,none
14.04583,-87.47348,-87.47348,0.00000,0.00000,0.00000,-65.08621,0.00000,0.00000,30.00000,-92.52652,-0.11220,1.09609,6.50862,0.00000,0.00000,0.00000,0.00000,none
14.05000,-87.47348,-87.47348,0.00000,0.00000,0.00000,-65.08621,0.00000,0.00000,30.00000,-92.52652,-0.11220,1.09609,6.50862,0.00000,0.00000,0.00000,0.00000,none
14.05417,-87.47348,-87.47348,0.00000,0.00000,0.00000,-65.08621,0.00000,0.00000,30.00000,-92.52652,-0.11220,1.09609,6.50862,0.00000,0.00000,0.00000,0.00000,none
14.05833,-87.47348,-87.47348,0.00000,0.00000,0.00000,-65.08621,0.00000,0.00000,30.00000,-92.52652,-0.11220,1.09609,6.50862,0.00000,0.00000,0.00000,0.00000,none
14.06250,-87.47348,-87.47348,0.00000,0.00000,0.00000,-65.08621,0.00000,0.00000,30.00000,-92.52652,-0.11220,1.09609,6.50862,0.00000,0.00000,0.00000,0.00000,none
14.06667,-87.47348,-87.47348,0.00000,0.00000,0.00000,-65.08621,0.00000,0.00000,30.00000,-92.52652,-0.11220,1.09609,6.50862,0.00000,0.00000,0.00000,0.00000,none
14.07083,-87.47348,-87.47348,0.00000,0.00000,0.00000,-65.08621,0.00000,0.00000,30.00000,-92.52652,-0.11220,1.09609,6.50862,0.00000,0.00000,0.00000,0.00000,none
14.07500,-87.47348,-87.47348,0.00000,0.00000,0.00000,-65.08621,0.00000,0.00000,30.00000,-92.52652,-0.11220,1.09609,6.50862,0.00000,0.00000,0.00000,0.00000,none
14.07917,-87.47348,-87.47348,0.00000,0.00000,0.00000,-65.08621,0.00000,0.00000,30.00000,-92.52652,-0.11220,1.09609,6.50862,0.00000,0.00000,0.00000,0.00000,none
14.08333,-87.47348,-87.47348,0.00000,0.00000,0.00000,-65.08621,0.00000,0.00000,30.00000,-92.52652,-0.11220,1.09609,6.50862,0.00000,0.00000,0.00000,0.00000,none
14.08750,-87.47348,-87.47348,0.00000,0.00000,0.00000,-65.08621,0.00000,0.00000,30.00000,-92.52652,-0.11220,1.09609,6.50862,0.00000,0.00000,0.00000,0.00000,none
14.09167,-87.47348,-87.47348,0.00000,0.00000,0.00000,-65.08621,0.00000,0.00000,30.00000,-92.52652,-0.11220,1.09609,6.50862,0.00000,0.00000,0.00000,0.00000,none
14.09583,-87.47348,-87.47348,0.00000,0.00000,0.00000,-65.08621,0.00000,0.00000,30.00000,-92.52652,-0.11220,1.09609,6.50862,0.00000,0.00000,0.00000,0.00000,none
14.10000,-87.47348,-87.47348,0.00000,0.00000,0.00000,-65.08621,0.00000,0.00000,30.00000,-92.52652,-0.11220,1.09609,6.50862,0.00000,0.00000,0.00000,0.00000,none
14.10417,-87.47348,-87.47348,0.00000,0.00000,0.00000,-65.08621,0.00000,0.00000,30.00000,-92.52652,-0.11220,1.09609,6.50862,0.00000,0.00000,0.00000,0.00000,none
14.10833,-87.47348,-87.47348,0.00000,0.00000,0.00000,-65.08621,0.00000,0.00000,30.00000,-92.52652,-0.11220,1.09609,6.50862,0.00000,0.00000,0.00000,0.00000,none
14.11250,-87.47348,-87.47348,0.00000,0.00000,0.00000,-65.08621,0.00000,0.00000,30.00000,-92.52652,-0.11220,1.09609,6.50862,0.00000,0.00000,0.00000,0.00000,none
14.11667,-87.47348,-87.47348,0.00000,0.00000,0.00000,-65.08621,0.00000,0.00000,30.00000,-92.52652,-0.11220,1.09609,6.50862,0.00000,0.00000,0.00000,0.00000,none
14.12083,-87.47348,-87.47348,0.00000,0.00000,0.00000,-65.08621,0.00000,0.00000,30.00000,-92.52652,-0.11220,1.09609,6.50862,0.00000,0.00000,0.00000,0.00000,none
14.12500,-87.47348,-87.47348,0.00000,0.00000,0.00000,-65.08621,0.00000,0.00000,30.00000,-92.52652,-0.11220,1.09609,6.50862,0.00000,0.00000,0.00000,0.00000,none
14.12917,-87.47348,-87.47348,0.00000,0.00000,0.00000,-65.08621,0.00000,0.00000,30.00000,-92.52652,-0.11220,1.09609,6.50862,0.00000,0.00000,0.00000,0.00000,none
14.13333,-87.47348,-87.47348,0.00000,0.00000,0.00000,-65.08621,0.00000,0.00000,30.00000,-92.52652,-0.11220,1.09609,6.50862,0.00000,0.00000,0.00000,0.00000,none
14.13750,-87.47348,-87.47348,0.00000,0.00000,0.00000,-65.08621,0.00000,0.00000,30.00000,-92.52652,-0.11220,1.09609,6.50862,0.00000,0.00000,0.00000,0.00000,none
14.14167,-87.47348,-87.47348,0.00000,0.00000,0.00000,-65.08621,0.00000,0.00000,30.00000,-92.52652,-0.11220,1.09609,6.50862,0.00000,0.00000,0.00000,0.00000,none
14.14583,-87.47348,-87.47348,0.00000,0.00000,0.00000,-65.08621,0.00000,0.00000,30.00000,-92.52652,-0.11220,1.09609,6.50862,0.00000,0.00000,0.00000,0.00000,none
14.15000,-87.47348,-87.47348,0.00000,0.00000,0.00000,-65.08621,0.00000,0.00000,30.00000,-92.52652,-0.11220,1.09609,6.50862,0.00000,0.00000,0.00000,0.00000,none
14.15417,-87.47348,-87.47348,0.00000,0.00000,0.00000,-65.08621,0.00000,0.00000,30.00000,-92.52652,-0.11220,1.09609,6.50862,0.00000,0.00000,0.00000,0.00000,none
14.15833,-87.47348,-87.47348,0.00000,0.00000,0.00000,-65.08621,0.00000,0.00000,30.00000,-92.52652,-0.11220,1.09609,6.50862,0.00000,0.00000,0.00000,0.00000,none
14.16250,-87.47348,-87.47348,0.00000,0.00000,0.00000,-65.08621,0.00000,0.00000,30.00000,-92.52652,-0.11220,1.09609,6.50862,0.00000,0.00000,0.00000,0.00000,none
14.16667,-87.47348,-87.47348,0.00000,0.00000,0.00000,-65.08621,0.00000,0.00000,30.00000,-92.52652,-0.11220,1.09609,6.50862,0.00000,0.00000,0.00000,0.00000,none
14.17083,-87.47348,-87.47348,0.00000,0.00000,0.00000,-65.08621,0.00000,0.00000,30.00000,-92.52652,-0.11220,1.09609,6.50862,0.00000,0.00000,0.00000,0.00000,none
14.17500,-87.47348,-87.47348,0.00000,0.00000,0.00000,-65.08621,0.00000,0.00000,30.00000,-92.52652,-0.11220,1.09609,6.50862,0.00000,0.00000,0.00000,0.00000,none
14.17917,-87.47348,-87.47348,0.00000,0.00000,0.00000,-65.08621,0.00000,0.00000,30.00000,-92.52652,-0.11220,1.09609,6.50862,0.00000,0.00000,0.00000,0.00000,none
14.18333,-87.47348,-87.47348,0.00000,0.00000,0.00000,-65.08621,0.00000,0.00000,30.00000,-92.52652,-0.11220,1.09609,6.50862,0.00000,0.00000,0.00000,0.00000,none
14.18750,-87.47348,-87.47348,0.00000,0.00000,0.00000,-65.08621,0.00000,0.00000,30.00000,-92.52652,-0.11220,1.09609,6.50862,0.00000,0.00000,0.00000,0.00000,none
14.19167,-87.47348,-87.47348,0.00000,0.00000,0.00000,-65.08621,0.00000,0.00000,30.00000,-92.52652,-0.11220,1.09609,6.50862,0.00000,0.00000,0.00000,0.00000,none
14.19583,-87.47348,-87.47348,0.00000,0.00000,0.00000,-65.08621,0.00000,0.00000,30.00000,-92.52652,-0.11220,1.09609,6.50862,0.00000,0.00000,0.00000,0.00000,none
14.20000,-87.47348,-87.47348,0.00000,0.00000,0.00000,-65.08621,0.00000,0.00000,30.00000,-92.52652,-0.11220,1.09609,6.50862,0.00000,0.00000,0.00000,0.00000,none
14.20417,-87.47348,-87.47348,0.00000,0.00000,0.00000,-65.08621,0.00000,0.00000,30.00000,-92.52652,-0.11220,1.09609,6.50862,0.00000,0.00000,0.00000,0.00000,none
14.20833,-87.47348,-87.47348,0.00000,0.00000,0.00000,-65.08621,0.00000,0.00000,30.00000,-92.52652,-0.11220,1.09609,6.50862,0.00000,0.00000,0.00000,0.00000,none
14.21250,-87.47348,-87.47348,0.00000,0.00000,0.00000,-65.08621,0.00000,0.00000,30.00000,-92.52652,-0.11220,1.09609,6.50862,0.00000,0.00000,0.00000,0.00000,none
14.21667,-87.47348,-87.47348,0.00000,0.00000,0.00000,-65.08621,0.00000,0.00000,30.00000,-92.52652,-0.11220,1.09609,6.50862,0.00000,0.00000,0.00000,0.00000,none
14.22083,-87.47348,-87.47348,0.00000,0.00000,0.00000,-65.08621,0.00000,0.00000,30.00000,-92.52652,-0.11220,1.09609,6.50862,0.00000,0.00000,0.00000,0.00000,none
14.22500,-87.47348,-87.47348,0.00000,0.00000,0.00000,-65.08621,0.00000,0.00000,30.00000,-92.52652,-0.11220,1.09609,6.50862,0.00000,0.00000,0.00000,0.00000,none
14.22917,-87.47348,-87.47348,0.00000,0.00000,0.00000,-65.08621,0.00000,0.00000,30.00000,-92.52652,-0.11220,1.09609,6.50862,0.00000,0.00000,0.00000,0.00000,none
14.23333,-87.47348,-87.47348,0.00000,0.00000,0.00000,-65.08621,0.00000,0.00000,30.00000,-92.52652,-0.11220,1.09609,6.50862,0.00000,0.00000,0.00000,0.00000,none
14.23750,-87.47348,-87.47348,0.00000,0.00000,0.00000,-65.08621,0.00000,0.00000,30.00000,-92.52652,-0.11220,1.09609,6.50862,0.00000,0.00000,0.00000,0.00000,none
14.24167,-87.47348,-87.47348,0.00000,0.00000,0.00000,-65.08621,0.00000,0.00000,30.00000,-92.52652,-0.11220,1.09609,6.50862,0.00000,0.00000,0.00000,0.00000,none
14.24583,-87.47348,-87.47348,0.00000,0.00000,0.00000,-65.08621,0.00000,0.00000,30.00000,-92.52652,-0.11220,1.09609,6.50862,0.00000,0.00000,0.00000,0.00000,none
14.25000,-87.47348,-87.47348,0.00000,0.00000,0.00000,-65.08621,0.00000,0.00000,30.00000,-92.52652,-0.11220,1.09609,6.50862,0.00000,0.00000,0.00000,0.00000,none
14.25417,-87.47348,-87.47348,0.00000,0.00000,0.00000,-65.08621,0.00000,0.00000,30.00000,-92.52652,-0.11220,1.09609,6.50862,0.00000,0.00000,0.00000,0.00000,none
14.25833,-87.47348,-87.47348,0.00000,0.00000,0.00000,-65.08621,0.00000,0.00000,30.00000,-92.52652,-0.11220,1.09609,6.50862,0.00000,0.00000,0.00000,0.00000,none
14.26250,-87.47348,-87.47348,0.00000,0.00000,0.00000,-65.08621,0.00000,0.00000,30.00000,-92.52652,-0.11220,1.09609,6.50862,0.00000,0.00000,0.00000,0.00000,none
14.26667,-87.47348,-87.47348,0.00000,0.00000,0.00000,-65.08621,0.00000,0.00000,30.00000,-92.52652,-0.11220,1.09609,6.50862,0.00000,0.00000,0.00000,0.00000,none
14.27083,-87.47348,-87.47348,0.00000,0.00000,0.00000,-65.08621,0.00000,0.00000,30.00000,-92.52652,-0.11220,1.09609,6.50862,0.00000,0.00000,0.00000,0.00000,none
14.27500,-87.47348,-87.47348,0.00000,0.00000,0.00000,-65.08621,0.00000,0.00000,30.00000,-92.52652,-0.11220,1.09609,6.50862,0.00000,0.00000,0.00000,0.00000,none
14.27917,-87.47348,-87.47348,0.00000,0.00000,0.00000,-65.08621,0.00000,0.00000,30.00000,-92.52652,-0.11220,1.09609,6.50862,0.00000,0.00000,0.00000,0.00000,none
14.28333,-87.47348,-87.47348,0.00000,0.00000,0.00000,-65.08621,0.00000,0.00000,30.00000,-92.52652,-0.11220,1.09609,6.50862,0.00000,0.00000,0.00000,0.00000,none
14.28750,-87.47348,-87.47348,0.00000,0.00000,0.00000,-65.08621,0.00000,0.00000,30.00000,-92.52652,-0.11220,1.09609,6.50862,0.00000,0.00000,0.00000,0.00000,none
14.29167,-87.47348,-87.47348,0.00000,0.00000,0.00000,-65.08621,0.00000,0.00000,30.00000,-92.52652,-0.11220,1.09609,6.50862,0.00000,0.00000,0.00000,0.00000,none
14.29583,-87.47348,-87.47348,0.00000,0.00000,0.00000,-65.08621,0.00000,0.00000,30.00000,-92.52652,-0.11220,1.09609,6.50862,0.00000,0.00000,0.00000,0.00000,none
14.30000,-87.47348,-87.47348,0.00000,0.00000,0.00000,-65.08621,0.00000,0.00000,30.00000,-92.52652,-0.11220,1.09609,6.50862,0.00000,0.00000,0.00000,0.00000,none
14.30417,-87.47348,-87.47348,0.00000,0.00000,0.00000,-65.08621,0.00000,0.00000,30.00000,-92.52652,-0.11220,1.09609,6.50862,0.00000,0.00000,0.00000,0.00000,none
14.30833,-87.47348,-87.47348,0.00000,0.00000,0.00000,-65.08621,0.00000,0.00000,30.00000,-92.52652,-0.11220,1.09609,6.50862,0.00000,0.00000,0.00000,0.00000,none
14.31250,-87.47348,-87.47348,0.00000,0.00000,0.00000,-65.08621,0.00000,0.00000,30.00000,-92.52652,-0.11220,1.09609,6.50862,0.00000,0.00000,0.00000,0.00000,none
14.31667,-87.47348,-87.47348,0.00000,0.00000,0.00000,-65.08621,0.00000,0.00000,30.00000,-92.52652,-0.11220,1.09609,6.50862,0.00000,0.00000,0.00000,0.00000,none
14.32083,-87.47348,-87.47348,0.00000,0.00000,0.00000,-65.08621,0.00000,0.00000,30.00000,-92.52652,-0.11220,1.09609,6.50862,0.00000,0.00000,0.00000,0.00000,none
14.32500,-87.47348,-87.47348,0.00000,0.00000,0.00000,-65.08621,0.00000,0.00000,30.00000,-92.52652,-0.11220,1.09609,6.50862,0.00000,0.00000,0.00000,0.00000,none
14.32917,-87.47348,-87.47348,0.00000,0.00000,0.00000,-65.08621,0.00000,0.00000,30.00000,-92.52652,-0.11220,1.09609,6.50862,0.00000,0.00000,0.00000,0.00000,none
14.33333,-87.47348,-87.47348,0.00000,0.00000,0.00000,-65.08621,0.00000,0.00000,30.00000,-92.52652,-0.11220,1.09609,6.50862,0.00000,0.00000,0.00000,0.00000,none
14.33750,-87.47348,-87.47348,0.00000,0.00000,0.00000,-65.08621,0.00000,0.00000,30.00000,-92.52652,-0.11220,1.09609,6.50862,0.00000,0.00000,0.00000,0.00000,none
14.34167,-87.47348,-87.47348,0.00000,0.00000,0.00000,-65.08621,0.00000,0.00000,30.00000,-92.52652,-0.11220,1.09609,6.50862,0.00000,0.00000,0.00000,0.00000,none
14.34583,-87.47348,-87.47348,0.00000,0.00000,0.00000,-65.08621,0.00000,0.00000,30.00000,-92.52652,-0.11220,1.09609,6.50862,0.00000,0.00000,0.00000,0.00000,none
14.35000,-87.47348,-87.47348,0.00000,0.00000,0.00000,-65.08621,0.00000,0.00000,30.00000,-92.52652,-0.11220,1.09609,6.50862,0.00000,0.00000,0.00000,0.00000,none
14.35417,-87.47348,-87.47348,0.00000,0.00000,0.00000,-65.08621,0.00000,0.00000,30.00000,-92.52652,-0.11220,1.09609,6.50862,0.00000,0.00000,0.00000,0.00000,none
14.35833,-87.47348,-87.47348,0.00000,0.00000,0.00000,-65.08621,0.00000,0.00000,30.00000,-92.52652,-0.11220,1.09609,6.50862,0.00000,0.00000,0.00000,0.00000,none
14.36250,-87.47348,-87.47348,0.00000,0.00000,0.00000,-65.08621,0.00000,0.00000,30.00000,-92.52652,-0.11220,1.09609,6.50862,0.00000,0.00000,0.00000,0.00000,none
14.36667,-87.47348,-87.47348,0.00000,0.00000,0.00000,-65.08621,0.00000,0.00000,30.00000,-92.52652,-0.11220,1.09609,6.50862,0.00000,0.00000,0.00000,0.00000,none
14.37083,-87.47348,-87.47348,0.00000,0.00000,0.00000,-65.08621,0.00000,0.00000,30.00000,-92.52652,-0.11220,1.09609,6.50862,0.00000,0.00000,0.00000,0.00000,none
14.37500,-87.47348,-87.47348,0.00000,0.00000,0.00000,-65.08621,0.00000,0.00000,30.00000,-92.52652,-0.11220,1.09609,6.50862,0.00000,0.00000,0.00000,0.00000,none
14.37917,-87.47348,-87.47348,0.00000,0.00000,0.00000,-65.08621,0.00000,0.00000,30.00000,-92.52652,-0.11220,1.09609,6.50862,0.00000,0.00000,0.00000,0.00000,none
14.38333,-87.47348,-87.47348,0.00000,0.00000,0.00000,-65.08621,0.00000,0.00000,30.00000,-92.52652,-0.11220,1.09609,6.50862,0.00000,0.00000,0.00000,0.00000,none
14.38750,-87.47348,-87.47348,0.00000,0.00000,0.00000,-65.08621,0.00000,0.00000,30.00000,-92.52652,-0.11220,1.09609,6.50862,0.00000,0.00000,0.00000,0.00000,none
14.39167,-87.47348,-87.47348,0.00000,0.00000,0.00000,-65.08621,0.00000,0.00000,30.00000,-92.52652,-0.11220,1.09609,6.50862,0.00000,0.00000,0.00000,0.00000,none
14.39583,-87.47348,-87.47348,0.00000,0.00000,0.00000,-65.08621,0.00000,0.00000,30.00000,-92.52652,-0.11220,1.09609,6.50862,0.00000,0.00000,0.00000,0.00000,none
14.40000,-87.47348,-87.47348,0.00000,0.00000,0.00000,-65.08621,0.00000,0.00000,30.00000,-92.52652,-0.11220,1.09609,6.50862,0.00000,0.00000,0.00000,0.00000,none
14.40417,-87.47348,-87.47348,0.00000,0.00000,0.00000,-65.08621,0.00000,0.00000,30.00000,-92.52652,-0.11220,1.09609,6.50862,0.00000,0.00000,0.00000,0.00000,none
14.40833,-87.47348,-87.47348,0.00000,0.00000,0.00000,-65.08621,0.00000,0.00000,30.00000,-92.52652,-0.11220,1.09609,6.50862,0.00000,0.00000,0.00000,0.00000,none
14.41250,-87.47348,-87.47348,0.00000,0.00000,0.00000,-65.08621,0.00000,0.00000,30.00000,-92.52652,-0.11220,1.09609,6.50862,0.00000,0.00000,0.00000,0.00000,none
14.41667,-87.47348,-87.47348,0.00000,0.00000,0.00000,-65.08621,0.00000,0.00000,30.00000,-92.52652,-0.11220,1.09609,6.50862,0.00000,0.00000,0.00000,0.00000,none
14.42083,-87.47348,-87.47348,0.00000,0.00000,0.00000,-65.08621,0.00000,0.00000,30.00000,-92.52652,-0.11220,1.09609,6.50862,0.00000,0.00000,0.00000,0.00000,none
14.42500,-87.47348,-87.47348,0.00000,0.00000,0.00000,-65.08621,0.00000,0.00000,30.00000,-92.52652,-0.11220,1.09609,6.50862,0.00000,0.00000,0.00000,0.00000,none
14.42917,-87.47348,-87.47348,0.00000,0.00000,0.00000,-65.08621,0.00000,0.00000,30.00000,-92.52652,-0.11220,1.09609,6.50862,0.00000,0.00000,0.00000,0.00000,none
14.43333,-87.47348,-87.47348,0.00000,0.00000,0.00000,-65.08621,0.00000,0.00000,30.00000,-92.52652,-0.11220,1.09609,6.50862,0.00000,0.00000,0.00000,0.00000,none
14.43750,-87.47348,-87.47348,0.00000,0.00000,0.00000,-65.08621,0.00000,0.00000,30.00000,-92.52652,-0.11220,1.09609,6.50862,0.00000,0.00000,0.00000,0.00000,none
14.44167,-87.47348,-87.47348,0.00000,0.00000,0.00000,-65.08621,0.00000,0.00000,30.00000,-92.52652,-0.11220,1.09609,6.50862,0.00000,0.00000,0.00000,0.00000,none
14.44583,-87.47348,-87.47348,0.00000,0.00000,0.00000,-65.08621,0.00000,0.00000,30.00000,-92.52652,-0.11220,1.09609,6.50862,0.00000,0.00000,0.00000,0.00000,none
14.45000,-87.47348,-87.47348,0.00000,0.00000,0.00000,-65.08621,0.00000,0.00000,30.00000,-92.52652,-0.11220,1.09609,6.50862,0.00000,0.00000,0.00000,0.00000,none
14.45417,-87.47348,-87.47348,0.00000,0.00000,0.00000,-65.08621,0.00000,0.00000,30.00000,-92.52652,-0.11220,1.09609,6.50862,0.00000,0.00000,0.00000,0.00000,none
14.45833,-87.47348,-87.47348,0.00000,0.00000,0.00000,-65.08621,0.00000,0.00000,30.00000,-92.52652,-0.11220,1.09609,6.50862,0.00000,0.00000,0.00000,0.00000,none
14.46250,-87.47348,-87.47348,0.00000,0.00000,0.00000,-65.08621,0.00000,0.00000,30.00000,-92.52652,-0.11220,1.09609,6.50862,0.00000,0.00000,0.00000,0.00000,none
14.46667,-87.47348,-87.47348,0.00000,0.00000,0.00000,-65.08621,0.00000,0.00000,30.00000,-92.52652,-0.11220,1.09609,6.50862,0.00000,0.00000,0.00000,0.00000,none
14.47083,-87.47348,-87.47348,0.00000,0.00000,0.00000,-65.08621,0.00000,0.00000,30.00000,-92.52652,-0.11220,1.09609,6.50862,0.00000,0.00000,0.00000,0.00000,none
14.47500,-87.47348,-87.47348,0.00000,0.00000,0.00000,-65.08621,0.00000,0.00000,30.00000,-92.52652,-0.11220,1.09609,6.50862,0.00000,0.00000,0.00000,0.00000,none
14.47917,-87.47348,-87.47348,0.00000,0.00000,0.00000,-65.08621,0.00000,0.00000,30.00000,-92.52652,-0.11220,1.09609,6.50862,0.00000,0.00000,0.00000,0.00000,none
14.48333,-87.47348,-87.47348,0.00000,0.00000,0.00000,-65.08621,0.00000,0.00000,30.00000,-92.52652,-0.11220,1.09609,6.50862,0.00000,0.00000,0.00000,0.00000,none
14.48750,-87.47348,-87.47348,0.00000,0.00000,0.00000,-65.08621,0.00000,0.00000,30.00000,-92.52652,-0.11220,1.09609,6.50862,0.00000,0.00000,0.00000,0.00000,none
14.49167,-87.47348,-87.47348,0.00000,0.00000,0.00000,-65.08621,0.00000,0.00000,30.00000,-92.52652,-0.11220,1.09609,6.50862,0.00000,0.00000,0.00000,0.00000,none
14.49583,-87.47348,-87.47348,0.00000,0.00000,0.00000,-65.08621,0.00000,0.00000,30.00000,-92.52652,-0.11220,1.09609,6.50862,0.00000,0.00000,0.00000,0.00000,none
14.50000,-87.47348,-87.47348,0.00000,0.00000,0.00000,-65.08621,0.00000,0.00000,30.00000,-92.52652,-0.11220,1.09609,6.50862,0.00000,0.00000,0.00000,0.00000,none
14.50417,-87.47348,-87.47348,0.00000,0.00000,0.00000,-65.08621,0.00000,0.00000,30.00000,-92.52652,-0.11220,1.09609,6.50862,0.00000,0.00000,0.00000,0.00000,none
14.50833,-87.47348,-87.47348,0.00000,0.00000,0.00000,-65.08621,0.00000,0.00000,30.00000,-92.52652,-0.11220,1.09609,6.50862,0.00000,0.00000,0.00000,0.00000,none
14.51250,-87.47348,-87.47348,0.00000,0.00000,0.00000,-65.08621,0.00000,0.00000,30.00000,-92.52652,-0.11220,1.09609,6.50862,0.00000,0.00000,0.00000,0.00000,none
14.51667,-87.47348,-87.47348,0.00000,0.00000,0.00000,-65.08621,0.00000,0.00000,30.00000,-92.52652,-0.11220,1.09609,6.50862,0.00000,0.00000,0.00000,0.00000,none
14.52083,-87.47348,-87.47348,0.00000,0.00000,0.00000,-65.08621,0.00000,0.00000,30.00000,-92.52652,-0.11220,1.09609,6.50862,0.00000,0.00000,0.00000,0.00000,none
14.52500,-87.47348,-87.47348,0.00000,0.00000,0.00000,-65.08621,0.00000,0.00000,30.00000,-92.52652,-0.11220,1.09609,6.50862,0.00000,0.00000,0.00000,0.00000,none
14.52917,-87.47348,-87.47348,0.00000,0.00000,0.00000,-65.08621,0.00000,0.00000,30.00000,-92.52652,-0.11220,1.09609,6.50862,0.00000,0.00000,0.00000,0.00000,none
14.53333,-87.47348,-87.47348,0.00000,0.00000,0.00000,-65.08621,0.00000,0.00000,30.00000,-92.52652,-0.11220,1.09609,6.50862,0.00000,0.00000,0.00000,0.00000,none
14.53750,-87.47348,-87.47348,0.00000,0.00000,0.00000,-65.08621,0.00000,0.00000,30.00000,-92.52652,-0.11220,1.09609,6.50862,0.00000,0.00000,0.00000,0.00000,none
14.54167,-87.47348,-87.47348,0.00000,0.00000,0.00000,-65.08621,0.00000,0.00000,30.00000,-92.52652,-0.11220,1.09609,6.50862,0.00000,0.00000,0.00000,0.00000,none
14.54583,-87.47348,-87.47348,0.00000,0.00000,0.00000,-65.08621,0.00000,0.00000,30.00000,-92.52652,-0.11220,1.09609,6.50862,0.00000,0.00000,0.00000,0.00000,none
14.55000,-87.47348,-87.47348,0.00000,0.00000,0.00000,-65.08621,0.00000,0.00000,30.00000,-92.52652,-0.11220,1.09609,6.50862,0.00000,0.00000,0.00000,0.00000,none
14.55417,-87.47348,-87.47348,0.00000,0.00000,0.00000,-65.08621,0.00000,0.00000,30.00000,-92.52652,-0.11220,1.09609,6.50862,0.00000,0.00000,0.00000,0.00000,none
14.55833,-87.47348,-87.47348,0.00000,0.00000,0.00000,-65.08621,0.00000,0.00000,30.00000,-92.52652,-0.11220,1.09609,6.50862,0.00000,0.00000,0.00000,0.00000,none
14.56250,-87.47348,-87.47348,0.00000,0.00000,0.00000,-65.08621,0.00000,0.00000,30.00000,-92.52652,-0.11220,1.09609,6.50862,0.00000,0.00000,0.00000,0.00000,none
14.56667,-87.47348,-87.47348,0.00000,0.00000,0.00000,-65.08621,0.00000,0.00000,30.00000,-92.52652,-0.11220,1.09609,6.50862,0.00000,0.00000,0.00000,0.00000,none
14.57083,-87.47348,-87.47348,0.00000,0.00000,0.00000,-65.08621,0.00000,0.00000,30.00000,-92.52652,-0.11220,1.09609,6.50862,0.00000,0.00000,0.00000,0.00000,none
14.57500,-87.47348,-87.47348,0.00000,0.00000,0.00000,-65.08621,0.00000,0.00000,30.00000,-92.52652,-0.11220,1.09609,6.50862,0.00000,0.00000,0.00000,0.00000,none
14.57917,-87.47348,-87.47348,0.00000,0.00000,0.00000,-65.08621,0.00000,0.00000,30.00000,-92.52652,-0.11220,1.09609,6.50862,0.00000,0.00000,0.00000,0.00000,none
14.58333,-87.47348,-87.47348,0.00000,0.00000,0.00000,-65.08621,0.00000,0.00000,30.00000,-92.52652,-0.11220,1.09609,6.50862,0.00000,0.00000,0.00000,0.00000,none
14.58750,-87.47348,-87.47348,0.00000,0.00000,0.00000,-65.08621,0.00000,0.00000,30.00000,-92.52652,-0.11220,1.09609,6.50862,0.00000,0.00000,0.00000,0.00000,none
14.59167,-87.47348,-87.47348,0.00000,0.00000,0.00000,-65.08621,0.00000,0.00000,30.00000,-92.52652,-0.11220,1.09609,6.50862,0.00000,0.00000,0.00000,0.00000,none
14.59583,-87.47348,-87.47348,0.00000,0.00000,0.00000,-65.08621,0.00000,0.00000,30.00000,-92.52652,-0.11220,1.09609,6.50862,0.00000,0.00000,0.00000,0.00000,none
14.60000,-87.47348,-87.47348,0.00000,0.00000,0.00000,-65.08621,0.00000,0.00000,30.00000,-92.52652,-0.11220,1.09609,6.50862,0.00000,0.00000,0.00000,0.00000,none
14.60417,-87.47348,-87.47348,0.00000,0.00000,0.00000,-65.08621,0.00000,0.00000,30.00000,-92.52652,-0.11220,1.09609,6.50862,0.00000,0.00000,0.00000,0.00000,none
14.60833,-87.47348,-87.47348,0.00000,0.00000,0.00000,-65.08621,0.00000,0.00000,30.00000,-92.52652,-0.11220,1.09609,6.50862,0.00000,0.00000,0.00000,0.00000,none
14.61250,-87.47348,-87.47348,0.00000,0.00000,0.00000,-65.08621,0.00000,0.00000,30.00000,-92.52652,-0.11220,1.09609,6.50862,0.00000,0.00000,0.00000,0.00000,none
14.61667,-87.47348,-87.47348,0.00000,0.00000,0.00000,-65.08621,0.00000,0.00000,30.00000,-92.52652,-0.11220,1.09609,6.50862,0.00000,0.00000,0.00000,0.00000,none
14.62083,-87.47348,-87.47348,0.00000,0.00000,0.00000,-65.08621,0.00000,0.00000,30.00000,-92.52652,-0.11220,1.09609,6.50862,0.00000,0.00000,0.00000,0.00000,none
14.62500,-87.47348,-87.47348,0.00000,0.00000,0.00000,-65.08621,0.00000,0.00000,30.00000,-92.52652,-0.11220,1.09609,6.50862,0.00000,0.00000,0.00000,0.00000,none
14.62917,-87.47348,-87.47348,0.00000,0.00000,0.00000,-65.08621,0.00000,0.00000,30.00000,-92.52652,-0.11220,1.09609,6.50862,0.00000,0.00000,0.00000,0.00000,none
14.63333,-87.47348,-87.47348,0.00000,0.00000,0.00000,-65.08621,0.00000,0.00000,30.00000,-92.52652,-0.11220,1.09609,6.50862,0.00000,0.00000,0.00000,0.00000,none
14.63750,-87.47348,-87.47348,0.00000,0.00000,0.00000,-65.08621,0.00000,0.00000,30.00000,-92.52652,-0.11220,1.09609,6.50862,0.00000,0.00000,0.00000,0.00000,none
14.64167,-87.47348,-87.47348,0.00000,0.00000,0.00000,-65.08621,0.00000,0.00000,30.00000,-92.52652,-0.11220,1.09609,6.50862,0.00000,0.00000,0.00000,0.00000,none
14.64583,-87.47348,-87.47348,0.00000,0.00000,0.00000,-65.08621,0.00000,0.00000,30.00000,-92.52652,-0.11220,1.09609,6.50862,0.00000,0.00000,0.00000,0.00000,none
14.65000,-87.47348,-87.47348,0.00000,0.00000,0.00000,-65.08621,0.00000,0.00000,30.00000,-92.52652,-0.11220,1.09609,6.50862,0.00000,0.00000,0.00000,0.00000,none
14.65417,-87.47348,-87.47348,0.00000,0.00000,0.00000,-65.08621,0.00000,0.00000,30.00000,-92.52652,-0.11220,1.09609,6.50862,0.00000,0.00000,0.00000,0.00000,none
14.65833,-87.47348,-87.47348,0.00000,0.00000,0.00000,-65.08621,0.00000,0.00000,30.00000,-92.52652,-0.11220,1.09609,6.50862,0.00000,0.00000,0.00000,0.00000,none
14.66250,-87.47348,-87.47348,0.00000,0.00000,0.00000,-65.08621,0.00000,0.00000,30.00000,-92.52652,-0.11220,1.09609,6.50862,0.00000,0.00000,0.00000,0.00000,none
14.66667,-87.47348,-87.47348,0.00000,0.00000,0.00000,-65.08621,0.00000,0.00000,30.00000,-92.52652,-0.11220,1.09609,6.50862,0.00000,0.00000,0.00000,0.00000,none
14.67083,-87.47348,-87.47348,0.00000,0.00000,0.00000,-65.08621,0.00000,0.00000,30.00000,-92.52652,-0.11220,1.09609,6.50862,0.00000,0.00000,0.00000,0.00000,none
14.67500,-87.47348,-87.47348,0.00000,0.00000,0.00000,-65.08621,0.00000,0.00000,30.00000,-92.52652,-0.11220,1.09609,6.50862,0.00000,0.00000,0.00000,0.00000,none
14.67917,-87.47348,-87.47348,0.00000,0.00000,0.00000,-65.08621,0.00000,0.00000,30.00000,-92.52652,-0.11220,1.09609,6.50862,0.00000,0.00000,0.00000,0.00000,none
14.68333,-87.47348,-87.47348,0.00000,0.00000,0.00000,-65.08621,0.00000,0.00000,30.00000,-92.52652,-0.11220,1.09609,6.50862,0.00000,0.00000,0.00000,0.00000,none
14.68750,-87.47348,-87.47348,0.00000,0.00000,0.00000,-65.08621,0.00000,0.00000,30.00000,-92.52652,-0.11220,1.09609,6.50862,0.00000,0.00000,0.00000,0.00000,none
14.69167,-87.47348,-87.47348,0.00000,0.00000,0.00000,-65.08621,0.00000,0.00000,30.00000,-92.52652,-0.11220,1.09609,6.50862,0.00000,0.00000,0.00000,0.00000,none
14.69583,-87.47348,-87.47348,0.00000,0.00000,0.00000,-65.08621,0.00000,0.00000,30.00000,-92.52652,-0.11220,1.09609,6.50862,0.00000,0.00000,0.00000,0.00000,none
14.70000,-87.47348,-87.47348,0.00000,0.00000,0.00000,-65.08621,0.00000,0.00000,30.00000,-92.52652,-0.11220,1.09609,6.50862,0.00000,0.00000,0.00000,0.00000,none
14.70417,-87.47348,-87.47348,0.00000,0.00000,0.00000,-65.08621,0.00000,0.00000,30.00000,-92.52652,-0.11220,1.09609,6.50862,0.00000,0.00000,0.00000,0.00000,none
14.70833,-87.47348,-87.47348,0.00000,0.00000,0.00000,-65.08621,0.00000,0.00000,30.00000,-92.52652,-0.11220,1.09609,6.50862,0.00000,0.00000,0.00000,0.00000,none
14.71250,-87.47348,-87.47348,0.00000,0.00000,0.00000,-65.08621,0.00000,0.00000,30.00000,-92.52652,-0.11220,1.09609,6.50862,0.00000,0.00000,0.00000,0.00000,none
14.71667,-87.47348,-87.47348,0.00000,0.00000,0.00000,-65.08621,0.00000,0.00000,30.00000,-92.52652,-0.11220,1.09609,6.50862,0.00000,0.00000,0.00000,0.00000,none
14.72083,-87.47348,-87.47348,0.00000,0.00000,0.00000,-65.08621,0.00000,0.00000,30.00000,-92.52652,-0.11220,1.09609,6.50862,0.00000,0.00000,0.00000,0.00000,none
14.72500,-87.47348,-87.47348,0.00000,0.00000,0.00000,-65.08621,0.00000,0.00000,30.00000,-92.52652,-0.11220,1.09609,6.50862,0.00000,0.00000,0.00000,0.00000,none
14.72917,-87.47348,-87.47348,0.00000,0.00000,0.00000,-65.08621,0.00000,0.00000,30.00000,-92.52652,-0.11220,1.09609,6.50862,0.00000,0.00000,0.00000,0.00000,none
14.73333,-87.47348,-87.47348,0.00000,0.00000,0.00000,-65.08621,0.00000,0.00000,30.00000,-92.52652,-0.11220,1.09609,6.50862,0.00000,0.00000,0.00000,0.00000,none
14.73750,-87.47348,-87.47348,0.00000,0.00000,0.00000,-65.08621,0.00000,0.00000,30.00000,-92.52652,-0.11220,1.09609,6.50862,0.00000,0.00000,0.00000,0.00000,none
14.74167,-87.47348,-87.47348,0.00000,0.00000,0.00000,-65.08621,0.00000,0.00000,30.00000,-92.52652,-0.11220,1.09609,6.50862,0.00000,0.00000,0.00000,0.00000,none
14.74583,-87.47348,-87.47348,0.00000,0.00000,0.00000,-65.08621,0.00000,0.00000,30.00000,-92.52652,-0.11220,1.09609,6.50862,0.00000,0.00000,0.00000,0.00000,none
14.75000,-87.47348,-87.47348,0.00000,0.00000,0.00000,-65.08621,0.00000,0.00000,30.00000,-92.52652,-0.11220,1.09609,6.50862,0.00000,0.00000,0.00000,0.00000,none
14.75417,-87.47348,-87.47348,0.00000,0.00000,0.00000,-65.08621,0.00000,0.00000,30.00000,-92.52652,-0.11220,1.09609,6.50862,0.00000,0.00000,0.00000,0.00000,none
14.75833,-87.47348,-87.47348,0.00000,0.00000,0.00000,-65.08621,0.00000,0.00000,30.00000,-92.52652,-0.11220,1.09609,6.50862,0.00000,0.00000,0.00000,0.00000,none
14.76250,-87.47348,-87.47348,0.00000,0.00000,0.00000,-65.08621,0.00000,0.00000,30.00000,-92.52652,-0.11220,1.09609,6.50862,0.00000,0.00000,0.00000,0.00000,none
14.76667,-87.47348,-87.47348,0.00000,0.00000,0.00000,-65.08621,0.00000,0.00000,30.00000,-92.52652,-0.11220,1.09609,6.50862,0.00000,0.00000,0.00000,0.00000,none
14.77083,-87.47348,-87.47348,0.00000,0.00000,0.00000,-65.08621,0.00000,0.00000,30.00000,-92.52652,-0.11220,1.09609,6.50862,0.00000,0.00000,0.00000,0.00000,none
14.77500,-87.47348,-87.47348,0.00000,0.00000,0.00000,-65.08621,0.00000,0.00000,30.00000,-92.52652,-0.11220,1.09609,6.50862,0.00000,0.00000,0.00000,0.00000,none
14.77917,-87.47348,-87.47348,0.00000,0.00000,0.00000,-65.08621,0.00000,0.00000,30.00000,-92.52652,-0.11220,1.09609,6.50862,0.00000,0.00000,0.00000,0.00000,none
14.78333,-87.47348,-87.47348,0.00000,0.00000,0.00000,-65.08621,0.00000,0.00000,30.00000,-92.52652,-0.11220,1.09609,6.50862,0.00000,0.00000,0.00000,0.00000,none
14.78750,-87.47348,-87.47348,0.00000,0.00000,0.00000,-65.08621,0.00000,0.00000,30.00000,-92.52652,-0.11220,1.09609,6.50862,0.00000,0.00000,0.00000,0.00000,none
14.79167,-87.47348,-87.47348,0.00000,0.00000,0.00000,-65.08621,0.00000,0.00000,30.00000,-92.52652,-0.11220,1.09609,6.50862,0.00000,0.00000,0.00000,0.00000,none
14.79583,-87.47348,-87.47348,0.00000,0.00000,0.00000,-65.08621,0.00000,0.00000,30.00000,-92.52652,-0.11220,1.09609,6.50862,0.00000,0.00000,0.00000,0.00000,none
14.80000,-87.47348,-87.47348,0.00000,0.00000,0.00000,-65.08621,0.00000,0.00000,30.00000,-92.52652,-0.11220,1.09609,6.50862,0.00000,0.00000,0.00000,0.00000,none
14.80417,-87.47348,-87.47348,0.00000,0.00000,0.00000,-65.08621,0.00000,0.00000,30.00000,-92.52652,-0.11220,1.09609,6.50862,0.00000,0.00000,0.00000,0.00000,none
14.80833,-87.47348,-87.47348,0.00000,0.00000,0.00000,-65.08621,0.00000,0.00000,30.00000,-92.52652,-0.11220,1.09609,6.50862,0.00000,0.00000,0.00000,0.00000,none
14.81250,-87.47348,-87.47348,0.00000,0.00000,0.00000,-65.08621,0.00000,0.00000,30.00000,-92.52652,-0.11220,1.09609,6.50862,0.00000,0.00000,0.00000,0.00000,none
14.81667,-87.47348,-87.47348,0.00000,0.00000,0.00000,-65.08621,0.00000,0.00000,30.00000,-92.52652,-0.11220,1.09609,6.50862,0.00000,0.00000,0.00000,0.00000,none
14.82083,-87.47348,-87.47348,0.00000,0.00000,0.00000,-65.08621,0.00000,0.00000,30.00000,-92.52652,-0.11220,1.09609,6.50862,0.00000,0.00000,0.00000,0.00000,none
14.82500,-87.47348,-87.47348,0.00000,0.00000,0.00000,-65.08621,0.00000,0.00000,30.00000,-92.52652,-0.11220,1.09609,6.50862,0.00000,0.00000,0.00000,0.00000,none
14.82917,-87.47348,-87.47348,0.00000,0.00000,0.00000,-65.08621,0.00000,0.00000,30.00000,-92.52652,-0.11220,1.09609,6.50862,0.00000,0.00000,0.00000,0.00000,none
14.83333,-87.47348,-87.47348,0.00000,0.00000,0.00000,-65.08621,0.00000,0.00000,30.00000,-92.52652,-0.11220,1.09609,6.50862,0.00000,0.00000,0.00000,0.00000,none
14.83750,-87.47348,-87.47348,0.00000,0.00000,0.00000,-65.08621,0.00000,0.00000,30.00000,-92.52652,-0.11220,1.09609,6.50862,0.00000,0.00000,0.00000,0.00000,none
14.84167,-87.47348,-87.47348,0.00000,0.00000,0.00000,-65.08621,0.00000,0.00000,30.00000,-92.52652,-0.11220,1.09609,6.50862,0.00000,0.00000,0.00000,0.00000,none
14.84583,-87.47348,-87.47348,0.00000,0.00000,0.00000,-65.08621,0.00000,0.00000,30.00000,-92.52652,-0.11220,1.09609,6.50862,0.00000,0.00000,0.00000,0.00000,none
14.85000,-87.47348,-87.47348,0.00000,0.00000,0.00000,-65.08621,0.00000,0.00000,30.00000,-92.52652,-0.11220,1.09609,6.50862,0.00000,0.00000,0.00000,0.00000,none
14.85417,-87.47348,-87.47348,0.00000,0.00000,0.00000,-65.08621,0.00000,0.00000,30.00000,-92.52652,-0.11220,1.09609,6.50862,0.00000,0.00000,0.00000,0.00000,none
14.85833,-87.47348,-87.47348,0.00000,0.00000,0.00000,-65.08621,0.00000,0.00000,30.00000,-92.52652,-0.11220,1.09609,6.50862,0.00000,0.00000,0.00000,0.00000,none
14.86250,-87.47348,-87.47348,0.00000,0.00000,0.00000,-65.08621,0.00000,0.00000,30.00000,-92.52652,-0.11220,1.09609,6.50862,0.00000,0.00000,0.00000,0.00000,none
14.86667,-87.47348,-87.47348,0.00000,0.00000,0.00000,-65.08621,0.00000,0.00000,30.00000,-92.52652,-0.11220,1.09609,6.50862,0.00000,0.00000,0.00000,0.00000,none
14.87083,-87.47348,-87.47348,0.00000,0.00000,0.00000,-65.08621,0.00000,0.00000,30.00000,-92.52652,-0.11220,1.09609,6.50862,0.00000,0.00000,0.00000,0.00000,none
14.87500,-87.47348,-87.47348,0.00000,0.00000,0.00000,-65.08621,0.00000,0.00000,30.00000,-92.52652,-0.11220,1.09609,6.50862,0.00000,0.00000,0.00000,0.00000,none
14.87917,-87.47348,-87.47348,0.00000,0.00000,0.00000,-65.08621,0.00000,0.00000,30.00000,-92.52652,-0.11220,1.09609,6.50862,0.00000,0.00000,0.00000,0.00000,none
14.88333,-87.47348,-87.47348,0.00000,0.00000,0.00000,-65.08621,0.00000,0.00000,30.00000,-92.52652,-0.11220,1.09609,6.50862,0.00000,0.00000,0.00000,0.00000,none
14.88750,-87.47348,-87.47348,0.00000,0.00000,0.00000,-65.08621,0.00000,0.00000,30.00000,-92.52652,-0.11220,1.09609,6.50862,0.00000,0.00000,0.00000,0.00000,none
14.89167,-87.47348,-87.47348,0.00000,0.00000,0.00000,-65.08621,0.00000,0.00000,30.00000,-92.52652,-0.11220,1.09609,6.50862,0.00000,0.00000,0.00000,0.00000,none
14.89583,-87.47348,-87.47348,0.00000,0.00000,0.00000,-65.08621,0.00000,0.00000,30.00000,-92.52652,-0.11220,1.09609,6.50862,0.00000,0.00000,0.00000,0.00000,none
14.90000,-87.47348,-87.47348,0.00000,0.00000,0.00000,-65.08621,0.00000,0.00000,30.00000,-92.52652,-0.11220,1.09609,6.50862,0.00000,0.00000,0.00000,0.00000,none
14.90417,-87.47348,-87.47348,0.00000,0.00000,0.00000,-65.08621,0.00000,0.00000,30.00000,-92.52652,-0.11220,1.09609,6.50862,0.00000,0.00000,0.00000,0.00000,none
14.90833,-87.47348,-87.47348,0.00000,0.00000,0.00000,-65.08621,0.00000,0.00000,30.00000,-92.52652,-0.11220,1.09609,6.50862,0.00000,0.00000,0.00000,0.00000,none
14.91250,-87.47348,-87.47348,0.00000,0.00000,0.00000,-65.08621,0.00000,0.00000,30.00000,-92.52652,-0.11220,1.09609,6.50862,0.00000,0.00000,0.00000,0.00000,none
14.91667,-87.47348,-87.47348,0.00000,0.00000,0.00000,-65.08621,0.00000,0.00000,30.00000,-92.52652,-0.11220,1.09609,6.50862,0.00000,0.00000,0.00000,0.00000,none
14.92083,-87.47348,-87.47348,0.00000,0.00000,0.00000,-65.08621,0.00000,0.00000,30.00000,-92.52652,-0.11220,1.09609,6.50862,0.00000,0.00000,0.00000,0.00000,none
14.92500,-87.47348,-87.47348,0.00000,0.00000,0.00000,-65.08621,0.00000,0.00000,30.00000,-92.52652,-0.11220,1.09609,6.50862,0.00000,0.00000,0.00000,0.00000,none
14.92917,-87.47348,-87.47348,0.00000,0.00000,0.00000,-65.08621,0.00000,0.00000,30.00000,-92.52652,-0.11220,1.09609,6.50862,0.00000,0.00000,0.00000,0.00000,none
14.93333,-87.47348,-87.47348,0.00000,0.00000,0.00000,-65.08621,0.00000,0.00000,30.00000,-92.52652,-0.11220,1.09609,6.50862,0.00000,0.00000,0.00000,0.00000,none
14.93750,-87.47348,-87.47348,0.00000,0.00000,0.00000,-65.08621,0.00000,0.00000,30.00000,-92.52652,-0.11220,1.09609,6.50862,0.00000,0.00000,0.00000,0.00000,none
14.94167,-87.47348,-87.47348,0.00000,0.00000,0.00000,-65.08621,0.00000,0.00000,30.00000,-92.52652,-0.11220,1.09609,6.50862,0.00000,0.00000,0.00000,0.00000,none
14.94583,-87.47348,-87.47348,0.00000,0.00000,0.00000,-65.08621,0.00000,0.00000,30.00000,-92.52652,-0.11220,1.09609,6.50862,0.00000,0.00000,0.00000,0.00000,none
14.95000,-87.47348,-87.47348,0.00000,0.00000,0.00000,-65.08621,0.00000,0.00000,30.00000,-92.52652,-0.11220,1.09609,6.50862,0.00000,0.00000,0.00000,0.00000,none
14.95417,-87.47348,-87.47348,0.00000,0.00000,0.00000,-65.08621,0.00000,0.00000,30.00000,-92.52652,-0.11220,1.09609,6.50862,0.00000,0.00000,0.00000,0.00000,none
14.95833,-87.47348,-87.47348,0.00000,0.00000,0.00000,-65.08621,0.00000,0.00000,30.00000,-92.52652,-0.11220,1.09609,6.50862,0.00000,0.00000,0.00000,0.00000,none
14.96250,-87.47348,-87.47348,0.00000,0.00000,0.00000,-65.08621,0.00000,0.00000,30.00000,-92.52652,-0.11220,1.09609,6.50862,0.00000,0.00000,0.00000,0.00000,none
14.96667,-87.47348,-87.47348,0.00000,0.00000,0.00000,-65.08621,0.00000,0.00000,30.00000,-92.52652,-0.11220,1.09609,6.50862,0.00000,0.00000,0.00000,0.00000,none
14.97083,-87.47348,-87.47348,0.00000,0.00000,0.00000,-65.08621,0.00000,0.00000,30.00000,-92.52652,-0.11220,1.09609,6.50862,0.00000,0.00000,0.00000,0.00000,none
14.97500,-87.47348,-87.47348,0.00000,0.00000,0.00000,-65.08621,0.00000,0.00000,30.00000,-92.52652,-0.11220,1.09609,6.50862,0.00000,0.00000,0.00000,0.00000,none
14.97917,-87.47348,-87.47348,0.00000,0.00000,0.00000,-65.08621,0.00000,0.00000,30.00000,-92.52652,-0.11220,1.09609,6.50862,0.00000,0.00000,0.00000,0.00000,none
14.98333,-87.47348,-87.47348,0.00000,0.00000,0.00000,-65.08621,0.00000,0.00000,30.00000,-92.52652,-0.11220,1.09609,6.50862,0.00000,0.00000,0.00000,0.00000,none
14.98750,-87.47348,-87.47348,0.00000,0.00000,0.00000,-65.08621,0.00000,0.00000,30.00000,-92.52652,-0.11220,1.09609,6.50862,0.00000,0.00000,0.00000,0.00000,none
14.99167,-87.47348,-87.47348,0.00000,0.00000,0.00000,-65.08621,0.00000,0.00000,30.00000,-92.52652,-0.11220,1.09609,6.50862,0.00000,0.00000,0.00000,0.00000,none
14.99583,-87.47348,-87.47348,0.00000,0.00000,0.00000,-65.08621,0.00000,0.00000,30.00000,-92.52652,-0.11220,1.09609,6.50862,0.00000,0.00000,0.00000,0.00000,none
15.00000,-87.47348,-87.47348,0.00000,0.00000,0.00000,-65.08621,0.00000,0.00000,30.00000,-92.52652,-0.11220,1.09609,6.50862,0.00000,0.00000,0.00000,0.00000,none
15.00417,-87.47348,-87.47348,0.00000,0.00000,0.00000,-65.08621,0.00000,0.00000,30.00000,-92.52652,-0.11220,1.09609,6.50862,0.00000,0.00000,0.00000,0.00000,none
15.00833,-87.47348,-87.47348,0.00000,0.00000,0.00000,-65.08621,0.00000,0.00000,30.00000,-92.52652,-0.11220,1.09609,6.50862,0.00000,0.00000,0.00000,0.00000,none
15.01250,-87.47348,-87.47348,0.00000,0.00000,0.00000,-65.08621,0.00000,0.00000,30.00000,-92.52652,-0.11220,1.09609,6.50862,0.00000,0.00000,0.00000,0.00000,none
15.01667,-87.47348,-87.47348,0.00000,0.00000,0.00000,-65.08621,0.00000,0.00000,30.00000,-92.52652,-0.11220,1.09609,6.50862,0.00000,0.00000,0.00000,0.00000,none
15.02083,-87.47348,-87.47348,0.00000,0.00000,0.00000,-65.08621,0.00000,0.00000,30.00000,-92.52652,-0.11220,1.09609,6.50862,0.00000,0.00000,0.00000,0.00000,none
15.02500,-87.47348,-87.47348,0.00000,0.00000,0.00000,-65.08621,0.00000,0.00000,30.00000,-92.52652,-0.11220,1.09609,6.50862,0.00000,0.00000,0.00000,0.00000,none
15.02917,-87.47348,-87.47348,0.00000,0.00000,0.00000,-65.08621,0.00000,0.00000,30.00000,-92.52652,-0.11220,1.09609,6.50862,0.00000,0.00000,0.00000,0.00000,none
15.03333,-87.47348,-87.47348,0.00000,0.00000,0.00000,-65.08621,0.00000,0.00000,30.00000,-92.52652,-0.11220,1.09609,6.50862,0.00000,0.00000,0.00000,0.00000,none
15.03750,-87.47348,-87.47348,0.00000,0.00000,0.00000,-65.08621,0.00000,0.00000,30.00000,-92.52652,-0.11220,1.09609,6.50862,0.00000,0.00000,0.00000,0.00000,none
15.04167,-87.47348,-87.47348,0.00000,0.00000,0.00000,-65.08621,0.00000,0.00000,30.00000,-92.52652,-0.11220,1.09609,6.50862,0.00000,0.00000,0.00000,0.00000,none
15.04583,-87.47348,-87.47348,0.00000,0.00000,0.00000,-65.08621,0.00000,0.00000,30.00000,-92.52652,-0.11220,1.09609,6.50862,0.00000,0.00000,0.00000,0.00000,none
15.05000,-87.47348,-87.47348,0.00000,0.00000,0.00000,-65.08621,0.00000,0.00000,30.00000,-92.52652,-0.11220,1.09609,6.50862,0.00000,0.00000,0.00000,0.00000,none
15.05417,-87.47348,-87.47348,0.00000,0.00000,0.00000,-65.08621,0.00000,0.00000,30.00000,-92.52652,-0.11220,1.09609,6.50862,0.00000,0.00000,0.00000,0.00000,none
15.05833,-87.47348,-87.47348,0.00000,0.00000,0.00000,-65.08621,0.00000,0.00000,30.00000,-92.52652,-0.11220,1.09609,6.50862,0.00000,0.00000,0.00000,0.00000,none
15.06250,-87.47348,-87.47348,0.00000,0.00000,0.00000,-65.08621,0.00000,0.00000,30.00000,-92.52652,-0.11220,1.09609,6.50862,0.00000,0.00000,0.00000,0.00000,none
15.06667,-87.47348,-87.47348,0.00000,0.00000,0.00000,-65.08621,0.00000,0.00000,30.00000,-92.52652,-0.11220,1.09609,6.50862,0.00000,0.00000,0.00000,0.00000,none
15.07083,-87.47348,-87.47348,0.00000,0.00000,0.00000,-65.08621,0.00000,0.00000,30.00000,-92.52652,-0.11220,1.09609,6.50862,0.00000,0.00000,0.00000,0.00000,none
15.07500,-87.47348,-87.47348,0.00000,0.00000,0.00000,-65.08621,0.00000,0.00000,30.00000,-92.52652,-0.11220,1.09609,6.50862,0.00000,0.00000,0.00000,0.00000,none
15.07917,-87.47348,-87.47348,0.00000,0.00000,0.00000,-65.08621,0.00000,0.00000,30.00000,-92.52652,-0.11220,1.09609,6.50862,0.00000,0.00000,0.00000,0.00000,none
15.08333,-87.47348,-87.47348,0.00000,0.00000,0.00000,-65.08621,0.00000,0.00000,30.00000,-92.52652,-0.11220,1.09609,6.50862,0.00000,0.00000,0.00000,0.00000,none
15.08750,-87.47348,-87.47348,0.00000,0.00000,0.00000,-65.08621,0.00000,0.00000,30.00000,-92.52652,-0.11220,1.09609,6.50862,0.00000,0.00000,0.00000,0.00000,none
15.09167,-87.47348,-87.47348,0.00000,0.00000,0.00000,-65.08621,0.00000,0.00000,30.00000,-92.52652,-0.11220,1.09609,6.50862,0.00000,0.00000,0.00000,0.00000,none
15.09583,-87.47348,-87.47348,0.00000,0.00000,0.00000,-65.08621,0.00000,0.00000,30.00000,-92.52652,-0.11220,1.09609,6.50862,0.00000,0.00000,0.00000,0.00000,none
15.10000,-87.47348,-87.47348,0.00000,0.00000,0.00000,-65.08621,0.00000,0.00000,30.00000,-92.52652,-0.11220,1.09609,6.50862,0.00000,0.00000,0.00000,0.00000,none
15.10417,-87.47348,-87.47348,0.00000,0.00000,0.00000,-65.08621,0.00000,0.00000,30.00000,-92.52652,-0.11220,1.09609,6.50862,0.00000,0.00000,0.00000,0.00000,none
15.10833,-87.47348,-87.47348,0.00000,0.00000,0.00000,-65.08621,0.00000,0.00000,30.00000,-92.52652,-0.11220,1.09609,6.50862,0.00000,0.00000,0.00000,0.00000,none
15.11250,-87.47348,-87.47348,0.00000,0.00000,0.00000,-65.08621,0.00000,0.00000,30.00000,-92.52652,-0.11220,1.09609,6.50862,0.00000,0.00000,0.00000,0.00000,none
15.11667,-87.47348,-87.47348,0.00000,0.00000,0.00000,-65.08621,0.00000,0.00000,30.00000,-92.52652,-0.11220,1.09609,6.50862,0.00000,0.00000,0.00000,0.00000,none
15.12083,-87.47348,-87.47348,0.00000,0.00000,0.00000,-65.08621,0.00000,0.00000,30.00000,-92.52652,-0.11220,1.09609,6.50862,0.00000,0.00000,0.00000,0.00000,none
15.12500,-87.47348,-87.47348,0.00000,0.00000,0.00000,-65.08621,0.00000,0.00000,30.00000,-92.52652,-0.11220,1.09609,6.50862,0.00000,0.00000,0.00000,0.00000,none
15.12917,-87.47348,-87.47348,0.00000,0.00000,0.00000,-65.08621,0.00000,0.00000,30.00000,-92.52652,-0.11220,1.09609,6.50862,0.00000,0.00000,0.00000,0.00000,none
15.13333,-87.47348,-87.47348,0.00000,0.00000,0.00000,-65.08621,0.00000,0.00000,30.00000,-92.52652,-0.11220,1.09609,6.50862,0.00000,0.00000,0.00000,0.00000,none
15.13750,-87.47348,-87.47348,0.00000,0.00000,0.00000,-65.08621,0.00000,0.00000,30.00000,-92.52652,-0.11220,1.09609,6.50862,0.00000,0.00000,0.00000,0.00000,none
15.14167,-87.47348,-87.47348,0.00000,0.00000,0.00000,-65.08621,0.00000,0.00000,30.00000,-92.52652,-0.11220,1.09609,6.50862,0.00000,0.00000,0.00000,0.00000,none
15.14583,-87.47348,-87.47348,0.00000,0.00000,0.00000,-65.08621,0.00000,0.00000,30.00000,-92.52652,-0.11220,1.09609,6.50862,0.00000,0.00000,0.00000,0.00000,none
15.15000,-87.47348,-87.47348,0.00000,0.00000,0.00000,-65.08621,0.00000,0.00000,30.00000,-92.52652,-0.11220,1.09609,6.50862,0.00000,0.00000,0.00000,0.00000,none
15.15417,-87.47348,-87.47348,0.00000,0.00000,0.00000,-65.08621,0.00000,0.00000,30.00000,-92.52652,-0.11220,1.09609,6.50862,0.00000,0.00000,0.00000,0.00000,none
15.15833,-87.47348,-87.47348,0.00000,0.00000,0.00000,-65.08621,0.00000,0.00000,30.00000,-92.52652,-0.11220,1.09609,6.50862,0.00000,0.00000,0.00000,0.00000,none
15.16250,-87.47348,-87.47348,0.00000,0.00000,0.00000,-65.08621,0.00000,0.00000,30.00000,-92.52652,-0.11220,1.09609,6.50862,0.00000,0.00000,0.00000,0.00000,none
15.16667,-87.47348,-87.47348,0.00000,0.00000,0.00000,-65.08621,0.00000,0.00000,30.00000,-92.52652,-0.11220,1.09609,6.50862,0.00000,0.00000,0.00000,0.00000,none
15.17083,-87.47348,-87.47348,0.00000,0.00000,0.00000,-65.08621,0.00000,0.00000,30.00000,-92.52652,-0.11220,1.09609,6.50862,0.00000,0.00000,0.00000,0.00000,none
15.17500,-87.47348,-87.47348,0.00000,0.00000,0.00000,-65.08621,0.00000,0.00000,30.00000,-92.52652,-0.11220,1.09609,6.50862,0.00000,0.00000,0.00000,0.00000,none
15.17917,-87.47348,-87.47348,0.00000,0.00000,0.00000,-65.08621,0.00000,0.00000,30.00000,-92.52652,-0.11220,1.09609,6.50862,0.00000,0.00000,0.00000,0.00000,none
15.18333,-87.47348,-87.47348,0.00000,0.00000,0.00000,-65.08621,0.00000,0.00000,30.00000,-92.52652,-0.11220,1.09609,6.50862,0.00000,0.00000,0.00000,0.00000,none
15.18750,-87.47348,-87.47348,0.00000,0.00000,0.00000,-65.08621,0.00000,0.00000,30.00000,-92.52652,-0.11220,1.09609,6.50862,0.00000,0.00000,0.00000,0.00000,none
15.19167,-87.47348,-87.47348,0.00000,0.00000,0.00000,-65.08621,0.00000,0.00000,30.00000,-92.52652,-0.11220,1.09609,6.50862,0.00000,0.00000,0.00000,0.00000,none
15.19583,-87.47348,-87.47348,0.00000,0.00000,0.00000,-65.08621,0.00000,0.00000,30.00000,-92.52652,-0.11220,1.09609,6.50862,0.00000,0.00000,0.00000,0.00000,none
15.20000,-87.47348,-87.47348,0.00000,0.00000,0.00000,-65.08621,0.00000,0.00000,30.00000,-92.52652,-0.11220,1.09609,6.50862,0.00000,0.00000,0.00000,0.00000,none
15.20417,-87.47348,-87.47348,0.00000,0.00000,0.00000,-65.08621,0.00000,0.00000,30.00000,-92.52652,-0.11220,1.09609,6.50862,0.00000,0.00000,0.00000,0.00000,none
15.20833,-87.47348,-87.47348,0.00000,0.00000,0.00000,-65.08621,0.00000,0.00000,30.00000,-92.52652,-0.11220,1.09609,6.50862,0.00000,0.00000,0.00000,0.00000,none
15.21250,-87.47348,-87.47348,0.00000,0.00000,0.00000,-65.08621,0.00000,0.00000,30.00000,-92.52652,-0.11220,1.09609,6.50862,0.00000,0.00000,0.00000,0.00000,none
15.21667,-87.47348,-87.47348,0.00000,0.00000,0.00000,-65.08621,0.00000,0.00000,30.00000,-92.52652,-0.11220,1.09609,6.50862,0.00000,0.00000,0.00000,0.00000,none
15.22083,-87.47348,-87.47348,0.00000,0.00000,0.00000,-65.08621,0.00000,0.00000,30.00000,-92.52652,-0.11220,1.09609,6.50862,0.00000,0.00000,0.00000,0.00000,none
15.22500,-87.47348,-87.47348,0.00000,0.00000,0.00000,-65.08621,0.00000,0.00000,30.00000,-92.52652,-0.11220,1.09609,6.50862,0.00000,0.00000,0.00000,0.00000,none
15.22917,-87.47348,-87.47348,0.00000,0.00000,0.00000,-65.08621,0.00000,0.00000,30.00000,-92.52652,-0.11220,1.09609,6.50862,0.00000,0.00000,0.00000,0.00000,none
15.23333,-87.47348,-87.47348,0.00000,0.00000,0.00000,-65.08621,0.00000,0.00000,30.00000,-92.52652,-0.11220,1.09609,6.50862,0.00000,0.00000,0.00000,0.00000,none
15.23750,-87.47348,-87.47348,0.00000,0.00000,0.00000,-65.08621,0.00000,0.00000,30.00000,-92.52652,-0.11220,1.09609,6.50862,0.00000,0.00000,0.00000,0.00000,none
15.24167,-87.47348,-87.47348,0.00000,0.00000,0.00000,-65.08621,0.00000,0.00000,30.00000,-92.52652,-0.11220,1.09609,6.50862,0.00000,0.00000,0.00000,0.00000,none
15.24583,-87.47348,-87.47348,0.00000,0.00000,0.00000,-65.08621,0.00000,0.00000,30.00000,-92.52652,-0.11220,1.09609,6.50862,0.00000,0.00000,0.00000,0.00000,none
15.25000,-87.47348,-87.47348,0.00000,0.00000,0.00000,-65.08621,0.00000,0.00000,30.00000,-92.52652,-0.11220,1.09609,6.50862,0.00000,0.00000,0.00000,0.00000,none
15.25417,-87.47348,-87.47348,0.00000,0.00000,0.00000,-65.08621,0.00000,0.00000,30.00000,-92.52652,-0.11220,1.09609,6.50862,0.00000,0.00000,0.00000,0.00000,none
15.25833,-87.47348,-87.47348,0.00000,0.00000,0.00000,-65.08621,0.00000,0.00000,30.00000,-92.52652,-0.11220,1.09609,6.50862,0.00000,0.00000,0.00000,0.00000,none
15.26250,-87.47348,-87.47348,0.00000,0.00000,0.00000,-65.08621,0.00000,0.00000,30.00000,-92.52652,-0.11220,1.09609,6.50862,0.00000,0.00000,0.00000,0.00000,none
15.26667,-87.47348,-87.47348,0.00000,0.00000,0.00000,-65.08621,0.00000,0.00000,30.00000,-92.52652,-0.11220,1.09609,6.50862,0.00000,0.00000,0.00000,0.00000,none
15.27083,-87.47348,-87.47348,0.00000,0.00000,0.00000,-65.08621,0.00000,0.00000,30.00000,-92.52652,-0.11220,1.09609,6.50862,0.00000,0.00000,0.00000,0.00000,none
15.27500,-87.47348,-87.47348,0.00000,0.00000,0.00000,-65.08621,0.00000,0.00000,30.00000,-92.52652,-0.11220,1.09609,6.50862,0.00000,0.00000,0.00000,0.00000,none
15.27917,-87.47348,-87.47348,0.00000,0.00000,0.00000,-65.08621,0.00000,0.00000,30.00000,-92.52652,-0.11220,1.09609,6.50862,0.00000,0.00000,0.00000,0.00000,none
15.28333,-87.47348,-87.47348,0.00000,0.00000,0.00000,-65.08621,0.00000,0.00000,30.00000,-92.52652,-0.11220,1.09609,6.50862,0.00000,0.00000,0.00000,0.00000,none
15.28750,-87.47348,-87.47348,0.00000,0.00000,0.00000,-65.08621,0.00000,0.00000,30.00000,-92.52652,-0.11220,1.09609,6.50862,0.00000,0.00000,0.00000,0.00000,none
15.29167,-87.47348,-87.47348,0.00000,0.00000,0.00000,-65.08621,0.00000,0.00000,30.00000,-92.52652,-0.11220,1.09609,6.50862,0.00000,0.00000,0.00000,0.00000,none
15.29583,-87.47348,-87.47348,0.00000,0.00000,0.00000,-65.08621,0.00000,0.00000,30.00000,-92.52652,-0.11220,1.09609,6.50862,0.00000,0.00000,0.00000,0.00000,none
15.30000,-87.47348,-87.47348,0.00000,0.00000,0.00000,-65.08621,0.00000,0.00000,30.00000,-92.52652,-0.11220,1.09609,6.50862,0.00000,0.00000,0.00000,0.00000,none
15.30417,-87.47348,-87.47348,0.00000,0.00000,0.00000,-65.08621,0.00000,0.00000,30.00000,-92.52652,-0.11220,1.09609,6.50862,0.00000,0.00000,0.00000,0.00000,none
15.30833,-87.47348,-87.47348,0.00000,0.00000,0.00000,-65.08621,0.00000,0.00000,30.00000,-92.52652,-0.11220,1.09609,6.50862,0.00000,0.00000,0.00000,0.00000,none
15.31250,-87.47348,-87.47348,0.00000,0.00000,0.00000,-65.08621,0.00000,0.00000,30.00000,-92.52652,-0.11220,1.09609,6.50862,0.00000,0.00000,0.00000,0.00000,none
15.31667,-87.47348,-87.47348,0.00000,0.00000,0.00000,-65.08621,0.00000,0.00000,30.00000,-92.52652,-0.11220,1.09609,6.50862,0.00000,0.00000,0.00000,0.00000,none
15.32083,-87.47348,-87.47348,0.00000,0.00000,0.00000,-65.08621,0.00000,0.00000,30.00000,-92.52652,-0.11220,1.09609,6.50862,0.00000,0.00000,0.00000,0.00000,none
15.32500,-87.47348,-87.47348,0.00000,0.00000,0.00000,-65.08621,0.00000,0.00000,30.00000,-92.52652,-0.11220,1.09609,6.50862,0.00000,0.00000,0.00000,0.00000,none
15.32917,-87.47348,-87.47348,0.00000,0.00000,0.00000,-65.08621,0.00000,0.00000,30.00000,-92.52652,-0.11220,1.09609,6.50862,0.00000,0.00000,0.00000,0.00000,none
15.33333,-87.47348,-87.47348,0.00000,0.00000,0.00000,-65.08621,0.00000,0.00000,30.00000,-92.52652,-0.11220,1.09609,6.50862,0.00000,0.00000,0.00000,0.00000,none
15.33750,-87.47348,-87.47348,0.00000,0.00000,0.00000,-65.08621,0.00000,0.00000,30.00000,-92.52652,-0.11220,1.09609,6.50862,0.00000,0.00000,0.00000,0.00000,none
15.34167,-87.47348,-87.47348,0.00000,0.00000,0.00000,-65.08621,0.00000,0.00000,30.00000,-92.52652,-0.11220,1.09609,6.50862,0.00000,0.00000,0.00000,0.00000,none
15.34583,-87.47348,-87.47348,0.00000,0.00000,0.00000,-65.08621,0.00000,0.00000,30.00000,-92.52652,-0.11220,1.09609,6.50862,0.00000,0.00000,0.00000,0.00000,none
15.35000,-87.47348,-87.47348,0.00000,0.00000,0.00000,-65.08621,0.00000,0.00000,30.00000,-92.52652,-0.11220,1.09609,6.50862,0.00000,0.00000,0.00000,0.00000,none
15.35417,-87.47348,-87.47348,0.00000,0.00000,0.00000,-65.08621,0.00000,0.00000,30.00000,-92.52652,-0.11220,1.09609,6.50862,0.00000,0.00000,0.00000,0.00000,none
15.35833,-87.47348,-87.47348,0.00000,0.00000,0.00000,-65.08621,0.00000,0.00000,30.00000,-92.52652,-0.11220,1.09609,6.50862,0.00000,0.00000,0.00000,0.00000,none
15.36250,-87.47348,-87.47348,0.00000,0.00000,0.00000,-65.08621,0.00000,0.00000,30.00000,-92.52652,-0.11220,1.09609,6.50862,0.00000,0.00000,0.00000,0.00000,none
15.36667,-87.47348,-87.47348,0.00000,0.00000,0.00000,-65.08621,0.00000,0.00000,30.00000,-92.52652,-0.11220,1.09609,6.50862,0.00000,0.00000,0.00000,0.00000,none
15.37083,-87.47348,-87.47348,0.00000,0.00000,0.00000,-65.08621,0.00000,0.00000,30.00000,-92.52652,-0.11220,1.09609,6.50862,0.00000,0.00000,0.00000,0.00000,none
15.37500,-87.47348,-87.47348,0.00000,0.00000,0.00000,-65.08621,0.00000,0.00000,30.00000,-92.52652,-0.11220,1.09609,6.50862,0.00000,0.00000,0.00000,0.00000,none
15.37917,-87.47348,-87.47348,0.00000,0.00000,0.00000,-65.08621,0.00000,0.00000,30.00000,-92.52652,-0.11220,1.09609,6.50862,0.00000,0.00000,0.00000,0.00000,none
15.38333,-87.47348,-87.47348,0.00000,0.00000,0.00000,-65.08621,0.00000,0.00000,30.00000,-92.52652,-0.11220,1.09609,6.50862,0.00000,0.00000,0.00000,0.00000,none
15.38750,-87.47348,-87.47348,0.00000,0.00000,0.00000,-65.08621,0.00000,0.00000,30.00000,-92.52652,-0.11220,1.09609,6.50862,0.00000,0.00000,0.00000,0.00000,none
15.39167,-87.47348,-87.47348,0.00000,0.00000,0.00000,-65.08621,0.00000,0.00000,30.00000,-92.52652,-0.11220,1.09609,6.50862,0.00000,0.00000,0.00000,0.00000,none
15.39583,-87.47348,-87.47348,0.00000,0.00000,0.00000,-65.08621,0.00000,0.00000,30.00000,-92.52652,-0.11220,1.09609,6.50862,0.00000,0.00000,0.00000,0.00000,none
15.40000,-87.47348,-87.47348,0.00000,0.00000,0.00000,-65.08621,0.00000,0.00000,30.00000,-92.52652,-0.11220,1.09609,6.50862,0.00000,0.00000,0.00000,0.00000,none
15.40417,-87.47348,-87.47348,0.00000,0.00000,0.00000,-65.08621,0.00000,0.00000,30.00000,-92.52652,-0.11220,1.09609,6.50862,0.00000,0.00000,0.00000,0.00000,none
15.40833,-87.47348,-87.47348,0.00000,0.00000,0.00000,-65.08621,0.00000,0.00000,30.00000,-92.52652,-0.11220,1.09609,6.50862,0.00000,0.00000,0.00000,0.00000,none
15.41250,-87.47348,-87.47348,0.00000,0.00000,0.00000,-65.08621,0.00000,0.00000,30.00000,-92.52652,-0.11220,1.09609,6.50862,0.00000,0.00000,0.00000,0.00000,none
15.41667,-87.47348,-87.47348,0.00000,0.00000,0.00000,-65.08621,0.00000,0.00000,30.00000,-92.52652,-0.11220,1.09609,6.50862,0.00000,0.00000,0.00000,0.00000,none
15.42083,-87.47348,-87.47348,0.00000,0.00000,0.00000,-65.08621,0.00000,0.00000,30.00000,-92.52652,-0.11220,1.09609,6.50862,0.00000,0.00000,0.00000,0.00000,none
15.42500,-87.47348,-87.47348,0.00000,0.00000,0.00000,-65.08621,0.00000,0.00000,30.00000,-92.52652,-0.11220,1.09609,6.50862,0.00000,0.00000,0.00000,0.00000,none
15.42917,-87.47348,-87.47348,0.00000,0.00000,0.00000,-65.08621,0.00000,0.00000,30.00000,-92.52652,-0.11220,1.09609,6.50862,0.00000,0.00000,0.00000,0.00000,none
15.43333,-87.47348,-87.47348,0.00000,0.00000,0.00000,-65.08621,0.00000,0.00000,30.00000,-92.52652,-0.11220,1.09609,6.50862,0.00000,0.00000,0.00000,0.00000,none
15.43750,-87.47348,-87.47348,0.00000,0.00000,0.00000,-65.08621,0.00000,0.00000,30.00000,-92.52652,-0.11220,1.09609,6.50862,0.00000,0.00000,0.00000,0.00000,none
15.44167,-87.47348,-87.47348,0.00000,0.00000,0.00000,-65.08621,0.00000,0.00000,30.00000,-92.52652,-0.11220,1.09609,6.50862,0.00000,0.00000,0.00000,0.00000,none
15.44583,-87.47348,-87.47348,0.00000,0.00000,0.00000,-65.08621,0.00000,0.00000,30.00000,-92.52652,-0.11220,1.09609,6.50862,0.00000,0.00000,0.00000,0.00000,none
15.45000,-87.47348,-87.47348,0.00000,0.00000,0.00000,-65.08621,0.00000,0.00000,30.00000,-92.52652,-0.11220,1.09609,6.50862,0.00000,0.00000,0.00000,0.00000,none
15.45417,-87.47348,-87.47348,0.00000,0.00000,0.00000,-65.08621,0.00000,0.00000,30.00000,-92.52652,-0.11220,1.09609,6.50862,0.00000,0.00000,0.00000,0.00000,none
15.45833,-87.47348,-87.47348,0.00000,0.00000,0.00000,-65.08621,0.00000,0.00000,30.00000,-92.52652,-0.11220,1.09609,6.50862,0.00000,0.00000,0.00000,0.00000,none
15.46250,-87.47348,-87.47348,0.00000,0.00000,0.00000,-65.08621,0.00000,0.00000,30.00000,-92.52652,-0.11220,1.09609,6.50862,0.00000,0.00000,0.00000,0.00000,none
15.46667,-87.47348,-87.47348,0.00000,0.00000,0.00000,-65.08621,0.00000,0.00000,30.00000,-92.52652,-0.11220,1.09609,6.50862,0.00000,0.00000,0.00000,0.00000,none
15.47083,-87.47348,-87.47348,0.00000,0.00000,0.00000,-65.08621,0.00000,0.00000,30.00000,-92.52652,-0.11220,1.09609,6.50862,0.00000,0.00000,0.00000,0.00000,none
15.47500,-87.47348,-87.47348,0.00000,0.00000,0.00000,-65.08621,0.00000,0.00000,30.00000,-92.52652,-0.11220,1.09609,6.50862,0.00000,0.00000,0.00000,0.00000,none
15.47917,-87.47348,-87.47348,0.00000,0.00000,0.00000,-65.08621,0.00000,0.00000,30.00000,-92.52652,-0.11220,1.09609,6.50862,0.00000,0.00000,0.00000,0.00000,none
15.48333,-87.47348,-87.47348,0.00000,0.00000,0.00000,-65.08621,0.00000,0.00000,30.00000,-92.52652,-0.11220,1.09609,6.50862,0.00000,0.00000,0.00000,0.00000,none
15.48750,-87.47348,-87.47348,0.00000,0.00000,0.00000,-65.08621,0.00000,0.00000,30.00000,-92.52652,-0.11220,1.09609,6.50862,0.00000,0.00000,0.00000,0.00000,none
15.49167,-87.47348,-87.47348,0.00000,0.00000,0.00000,-65.08621,0.00000,0.00000,30.00000,-92.52652,-0.11220,1.09609,6.50862,0.00000,0.00000,0.00000,0.00000,none
15.49583,-87.47348,-87.47348,0.00000,0.00000,0.00000,-65.08621,0.00000,0.00000,30.00000,-92.52652,-0.11220,1.09609,6.50862,0.00000,0.00000,0.00000,0.00000,none
15.50000,-87.47348,-87.47348,0.00000,0.00000,0.00000,-65.08621,0.00000,0.00000,30.00000,-92.52652,-0.11220,1.09609,6.50862,0.00000,0.00000,0.00000,0.00000,none
15.50417,-87.47348,-87.47348,0.00000,0.00000,0.00000,-65.08621,0.00000,0.00000,30.00000,-92.52652,-0.11220,1.09609,6.50862,0.00000,0.00000,0.00000,0.00000,none
15.50833,-87.47348,-87.47348,0.00000,0.00000,0.00000,-65.08621,0.00000,0.00000,30.00000,-92.52652,-0.11220,1.09609,6.50862,0.00000,0.00000,0.00000,0.00000,none
15.51250,-87.47348,-87.47348,0.00000,0.00000,0.00000,-65.08621,0.00000,0.00000,30.00000,-92.52652,-0.11220,1.09609,6.50862,0.00000,0.00000,0.00000,0.00000,none
15.51667,-87.47348,-87.47348,0.00000,0.00000,0.00000,-65.08621,0.00000,0.00000,30.00000,-92.52652,-0.11220,1.09609,6.50862,0.00000,0.00000,0.00000,0.00000,none
15.52083,-87.47348,-87.47348,0.00000,0.00000,0.00000,-65.08621,0.00000,0.00000,30.00000,-92.52652,-0.11220,1.09609,6.50862,0.00000,0.00000,0.00000,0.00000,none
15.52500,-87.47348,-87.47348,0.00000,0.00000,0.00000,-65.08621,0.00000,0.00000,30.00000,-92.52652,-0.11220,1.09609,6.50862,0.00000,0.00000,0.00000,0.00000,none
15.52917,-87.47348,-87.47348,0.00000,0.00000,0.00000,-65.08621,0.00000,0.00000,30.00000,-92.52652,-0.11220,1.09609,6.50862,0.00000,0.00000,0.00000,0.00000,none
15.53333,-87.47348,-87.47348,0.00000,0.00000,0.00000,-65.08621,0.00000,0.00000,30.00000,-92.52652,-0.11220,1.09609,6.50862,0.00000,0.00000,0.00000,0.00000,none
15.53750,-87.47348,-87.47348,0.00000,0.00000,0.00000,-65.08621,0.00000,0.00000,30.00000,-92.52652,-0.11220,1.09609,6.50862,0.00000,0.00000,0.00000,0.00000,none
15.54167,-87.47348,-87.47348,0.00000,0.00000,0.00000,-65.08621,0.00000,0.00000,30.00000,-92.52652,-0.11220,1.09609,6.50862,0.00000,0.00000,0.00000,0.00000,none
15.54583,-87.47348,-87.47348,0.00000,0.00000,0.00000,-65.08621,0.00000,0.00000,30.00000,-92.52652,-0.11220,1.09609,6.50862,0.00000,0.00000,0.00000,0.00000,none
15.55000,-87.47348,-87.47348,0.00000,0.00000,0.00000,-65.08621,0.00000,0.00000,30.00000,-92.52652,-0.11220,1.09609,6.50862,0.00000,0.00000,0.00000,0.00000,none
15.55417,-87.47348,-87.47348,0.00000,0.00000,0.00000,-65.08621,0.00000,0.00000,30.00000,-92.52652,-0.11220,1.09609,6.50862,0.00000,0.00000,0.00000,0.00000,none
15.55833,-87.47348,-87.47348,0.00000,0.00000,0.00000,-65.08621,0.00000,0.00000,30.00000,-92.52652,-0.11220,1.09609,6.50862,0.00000,0.00000,0.00000,0.00000,none
15.56250,-87.47348,-87.47348,0.00000,0.00000,0.00000,-65.08621,0.00000,0.00000,30.00000,-92.52652,-0.11220,1.09609,6.50862,0.00000,0.00000,0.00000,0.00000,none
15.56667,-87.47348,-87.47348,0.00000,0.00000,0.00000,-65.08621,0.00000,0.00000,30.00000,-92.52652,-0.11220,1.09609,6.50862,0.00000,0.00000,0.00000,0.00000,none
15.57083,-87.47348,-87.47348,0.00000,0.00000,0.00000,-65.08621,0.00000,0.00000,30.00000,-92.52652,-0.11220,1.09609,6.50862,0.00000,0.00000,0.00000,0.00000,none
15.57500,-87.47348,-87.47348,0.00000,0.00000,0.00000,-65.08621,0.00000,0.00000,30.00000,-92.52652,-0.11220,1.09609,6.50862,0.00000,0.00000,0.00000,0.00000,none
15.57917,-87.47348,-87.47348,0.00000,0.00000,0.00000,-65.08621,0.00000,0.00000,30.00000,-92.52652,-0.11220,1.09609,6.50862,0.00000,0.00000,0.00000,0.00000,none
15.58333,-87.47348,-87.47348,0.00000,0.00000,0.00000,-65.08621,0.00000,0.00000,30.00000,-92.52652,-0.11220,1.09609,6.50862,0.00000,0.00000,0.00000,0.00000,none
15.58750,-87.47348,-87.47348,0.00000,0.00000,0.00000,-65.08621,0.00000,0.00000,30.00000,-92.52652,-0.11220,1.09609,6.50862,0.00000,0.00000,0.00000,0.00000,none
15.59167,-87.47348,-87.47348,0.00000,0.00000,0.00000,-65.08621,0.00000,0.00000,30.00000,-92.52652,-0.11220,1.09609,6.50862,0.00000,0.00000,0.00000,0.00000,none
15.59583,-87.47348,-87.47348,0.00000,0.00000,0.00000,-65.08621,0.00000,0.00000,30.00000,-92.52652,-0.11220,1.09609,6.50862,0.00000,0.00000,0.00000,0.00000,none
15.60000,-87.47348,-87.47348,0.00000,0.00000,0.00000,-65.08621,0.00000,0.00000,30.00000,-92.52652,-0.11220,1.09609,6.50862,0.00000,0.00000,0.00000,0.00000,none
15.60417,-87.47348,-87.47348,0.00000,0.00000,0.00000,-65.08621,0.00000,0.00000,30.00000,-92.52652,-0.11220,1.09609,6.50862,0.00000,0.00000,0.00000,0.00000,none
15.60833,-87.47348,-87.47348,0.00000,0.00000,0.00000,-65.08621,0.00000,0.00000,30.00000,-92.52652,-0.11220,1.09609,6.50862,0.00000,0.00000,0.00000,0.00000,none
15.61250,-87.47348,-87.47348,0.00000,0.00000,0.00000,-65.08621,0.00000,0.00000,30.00000,-92.52652,-0.11220,1.09609,6.50862,0.00000,0.00000,0.00000,0.00000,none
15.61667,-87.47348,-87.47348,0.00000,0.00000,0.00000,-65.08621,0.00000,0.00000,30.00000,-92.52652,-0.11220,1.09609,6.50862,0.00000,0.00000,0.00000,0.00000,none
15.62083,-87.47348,-87.47348,0.00000,0.00000,0.00000,-65.08621,0.00000,0.00000,30.00000,-92.52652,-0.11220,1.09609,6.50862,0.00000,0.00000,0.00000,0.00000,none
15.62500,-87.47348,-87.47348,0.00000,0.00000,0.00000,-65.08621,0.00000,0.00000,30.00000,-92.52652,-0.11220,1.09609,6.50862,0.00000,0.00000,0.00000,0.00000,none
15.62917,-87.47348,-87.47348,0.00000,0.00000,0.00000,-65.08621,0.00000,0.00000,30.00000,-92.52652,-0.11220,1.09609,6.50862,0.00000,0.00000,0.00000,0.00000,none
15.63333,-87.47348,-87.47348,0.00000,0.00000,0.00000,-65.08621,0.00000,0.00000,30.00000,-92.52652,-0.11220,1.09609,6.50862,0.00000,0.00000,0.00000,0.00000,none
15.63750,-87.47348,-87.47348,0.00000,0.00000,0.00000,-65.08621,0.00000,0.00000,30.00000,-92.52652,-0.11220,1.09609,6.50862,0.00000,0.00000,0.00000,0.00000,none
15.64167,-87.47348,-87.47348,0.00000,0.00000,0.00000,-65.08621,0.00000,0.00000,30.00000,-92.52652,-0.11220,1.09609,6.50862,0.00000,0.00000,0.00000,0.00000,none
15.64583,-87.47348,-87.47348,0.00000,0.00000,0.00000,-65.08621,0.00000,0.00000,30.00000,-92.52652,-0.11220,1.09609,6.50862,0.00000,0.00000,0.00000,0.00000,none
15.65000,-87.47348,-87.47348,0.00000,0.00000,0.00000,-65.08621,0.00000,0.00000,30.00000,-92.52652,-0.11220,1.09609,6.50862,0.00000,0.00000,0.00000,0.00000,none
15.65417,-87.47348,-87.47348,0.00000,0.00000,0.00000,-65.08621,0.00000,0.00000,30.00000,-92.52652,-0.11220,1.09609,6.50862,0.00000,0.00000,0.00000,0.00000,none
15.65833,-87.47348,-87.47348,0.00000,0.00000,0.00000,-65.08621,0.00000,0.00000,30.00000,-92.52652,-0.11220,1.09609,6.50862,0.00000,0.00000,0.00000,0.00000,none
15.66250,-87.47348,-87.47348,0.00000,0.00000,0.00000,-65.08621,0.00000,0.00000,30.00000,-92.52652,-0.11220,1.09609,6.50862,0.00000,0.00000,0.00000,0.00000,none
15.66667,-87.47348,-87.47348,0.00000,0.00000,0.00000,-65.08621,0.00000,0.00000,30.00000,-92.52652,-0.11220,1.09609,6.50862,0.00000,0.00000,0.00000,0.00000,none
15.67083,-87.47348,-87.47348,0.00000,0.00000,0.00000,-65.08621,0.00000,0.00000,30.00000,-92.52652,-0.11220,1.09609,6.50862,0.00000,0.00000,0.00000,0.00000,none
15.67500,-87.47348,-87.47348,0.00000,0.00000,0.00000,-65.08621,0.00000,0.00000,30.00000,-92.52652,-0.11220,1.09609,6.50862,0.00000,0.00000,0.00000,0.00000,none
15.67917,-87.47348,-87.47348,0.00000,0.00000,0.00000,-65.08621,0.00000,0.00000,30.00000,-92.52652,-0.11220,1.09609,6.50862,0.00000,0.00000,0.00000,0.00000,none
15.68333,-87.47348,-87.47348,0.00000,0.00000,0.00000,-65.08621,0.00000,0.00000,30.00000,-92.52652,-0.11220,1.09609,6.50862,0.00000,0.00000,0.00000,0.00000,none
15.68750,-87.47348,-87.47348,0.00000,0.00000,0.00000,-65.08621,0.00000,0.00000,30.00000,-92.52652,-0.11220,1.09609,6.50862,0.00000,0.00000,0.00000,0.00000,none
15.69167,-87.47348,-87.47348,0.00000,0.00000,0.00000,-65.08621,0.00000,0.00000,30.00000,-92.52652,-0.11220,1.09609,6.50862,0.00000,0.00000,0.00000,0.00000,none
15.69583,-87.47348,-87.47348,0.00000,0.00000,0.00000,-65.08621,0.00000,0.00000,30.00000,-92.52652,-0.11220,1.09609,6.50862,0.00000,0.00000,0.00000,0.00000,none
15.70000,-87.47348,-87.47348,0.00000,0.00000,0.00000,-65.08621,0.00000,0.00000,30.00000,-92.52652,-0.11220,1.09609,6.50862,0.00000,0.00000,0.00000,0.00000,none
15.70417,-87.47348,-87.47348,0.00000,0.00000,0.00000,-65.08621,0.00000,0.00000,30.00000,-92.52652,-0.11220,1.09609,6.50862,0.00000,0.00000,0.00000,0.00000,none
15.70833,-87.47348,-87.47348,0.00000,0.00000,0.00000,-65.08621,0.00000,0.00000,30.00000,-92.52652,-0.11220,1.09609,6.50862,0.00000,0.00000,0.00000,0.00000,none
15.71250,-87.47348,-87.47348,0.00000,0.00000,0.00000,-65.08621,0.00000,0.00000,30.00000,-92.52652,-0.11220,1.09609,6.50862,0.00000,0.00000,0.00000,0.00000,none
15.71667,-87.47348,-87.47348,0.00000,0.00000,0.00000,-65.08621,0.00000,0.00000,30.00000,-92.52652,-0.11220,1.09609,6.50862,0.00000,0.00000,0.00000,0.00000,none
15.72083,-87.47348,-87.47348,0.00000,0.00000,0.00000,-65.08621,0.00000,0.00000,30.00000,-92.52652,-0.11220,1.09609,6.50862,0.00000,0.00000,0.00000,0.00000,none
15.72500,-87.47348,-87.47348,0.00000,0.00000,0.00000,-65.08621,0.00000,0.00000,30.00000,-92.52652,-0.11220,1.09609,6.50862,0.00000,0.00000,0.00000,0.00000,none
15.72917,-87.47348,-87.47348,0.00000,0.00000,0.00000,-65.08621,0.00000,0.00000,30.00000,-92.52652,-0.11220,1.09609,6.50862,0.00000,0.00000,0.00000,0.00000,none
15.73333,-87.47348,-87.47348,0.00000,0.00000,0.00000,-65.08621,0.00000,0.00000,30.00000,-92.52652,-0.11220,1.09609,6.50862,0.00000,0.00000,0.00000,0.00000,none
15.73750,-87.47348,-87.47348,0.00000,0.00000,0.00000,-65.08621,0.00000,0.00000,30.00000,-92.52652,-0.11220,1.09609,6.50862,0.00000,0.00000,0.00000,0.00000,none
15.74167,-87.47348,-87.47348,0.00000,0.00000,0.00000,-65.08621,0.00000,0.00000,30.00000,-92.52652,-0.11220,1.09609,6.50862,0.00000,0.00000,0.00000,0.00000,none
15.74583,-87.47348,-87.47348,0.00000,0.00000,0.00000,-65.08621,0.00000,0.00000,30.00000,-92.52652,-0.11220,1.09609,6.50862,0.00000,0.00000,0.00000,0.00000,none
15.75000,-87.47348,-87.47348,0.00000,0.00000,0.00000,-65.08621,0.00000,0.00000,30.00000,-92.52652,-0.11220,1.09609,6.50862,0.00000,0.00000,0.00000,0.00000,none
15.75417,-87.47348,-87.47348,0.00000,0.00000,0.00000,-65.08621,0.00000,0.00000,30.00000,-92.52652,-0.11220,1.09609,6.50862,0.00000,0.00000,0.00000,0.00000,none
15.75833,-87.47348,-87.47348,0.00000,0.00000,0.00000,-65.08621,0.00000,0.00000,30.00000,-92.52652,-0.11220,1.09609,6.50862,0.00000,0.00000,0.00000,0.00000,none
15.76250,-87.47348,-87.47348,0.00000,0.00000,0.00000,-65.08621,0.00000,0.00000,30.00000,-92.52652,-0.11220,1.09609,6.50862,0.00000,0.00000,0.00000,0.00000,none
15.76667,-87.47348,-87.47348,0.00000,0.00000,0.00000,-65.08621,0.00000,0.00000,30.00000,-92.52652,-0.11220,1.09609,6.50862,0.00000,0.00000,0.00000,0.00000,none
15.77083,-87.47348,-87.47348,0.00000,0.00000,0.00000,-65.08621,0.00000,0.00000,30.00000,-92.52652,-0.11220,1.09609,6.50862,0.00000,0.00000,0.00000,0.00000,none
15.77500,-87.47348,-87.47348,0.00000,0.00000,0.00000,-65.08621,0.00000,0.00000,30.00000,-92.52652,-0.11220,1.09609,6.50862,0.00000,0.00000,0.00000,0.00000,none
15.77917,-87.47348,-87.47348,0.00000,0.00000,0.00000,-65.08621,0.00000,0.00000,30.00000,-92.52652,-0.11220,1.09609,6.50862,0.00000,0.00000,0.00000,0.00000,none
15.78333,-87.47348,-87.47348,0.00000,0.00000,0.00000,-65.08621,0.00000,0.00000,30.00000,-92.52652,-0.11220,1.09609,6.50862,0.00000,0.00000,0.00000,0.00000,none
15.78750,-87.47348,-87.47348,0.00000,0.00000,0.00000,-65.08621,0.00000,0.00000,30.00000,-92.52652,-0.11220,1.09609,6.50862,0.00000,0.00000,0.00000,0.00000,none
15.79167,-87.47348,-87.47348,0.00000,0.00000,0.00000,-65.08621,0.00000,0.00000,30.00000,-92.52652,-0.11220,1.09609,6.50862,0.00000,0.00000,0.00000,0.00000,none
15.79583,-87.47348,-87.47348,0.00000,0.00000,0.00000,-65.08621,0.00000,0.00000,30.00000,-92.52652,-0.11220,1.09609,6.50862,0.00000,0.00000,0.00000,0.00000,none
15.80000,-87.47348,-87.47348,0.00000,0.00000,0.00000,-65.08621,0.00000,0.00000,30.00000,-92.52652,-0.11220,1.09609,6.50862,0.00000,0.00000,0.00000,0.00000,none
15.80417,-87.47348,-87.47348,0.00000,0.00000,0.00000,-65.08621,0.00000,0.00000,30.00000,-92.52652,-0.11220,1.09609,6.50862,0.00000,0.00000,0.00000,0.00000,none
15.80833,-87.47348,-87.47348,0.00000,0.00000,0.00000,-65.08621,0.00000,0.00000,30.00000,-92.52652,-0.11220,1.09609,6.50862,0.00000,0.00000,0.00000,0.00000,none
15.81250,-87.47348,-87.47348,0.00000,0.00000,0.00000,-65.08621,0.00000,0.00000,30.00000,-92.52652,-0.11220,1.09609,6.50862,0.00000,0.00000,0.00000,0.00000,none
15.81667,-87.47348,-87.47348,0.00000,0.00000,0.00000,-65.08621,0.00000,0.00000,30.00000,-92.52652,-0.11220,1.09609,6.50862,0.00000,0.00000,0.00000,0.00000,none
15.82083,-87.47348,-87.47348,0.00000,0.00000,0.00000,-65.08621,0.00000,0.00000,30.00000,-92.52652,-0.11220,1.09609,6.50862,0.00000,0.00000,0.00000,0.00000,none
15.82500,-87.47348,-87.47348,0.00000,0.00000,0.00000,-65.08621,0.00000,0.00000,30.00000,-92.52652,-0.11220,1.09609,6.50862,0.00000,0.00000,0.00000,0.00000,none
15.82917,-87.47348,-87.47348,0.00000,0.00000,0.00000,-65.08621,0.00000,0.00000,30.00000,-92.52652,-0.11220,1.09609,6.50862,0.00000,0.00000,0.00000,0.00000,none
15.83333,-87.47348,-87.47348,0.00000,0.00000,0.00000,-65.08621,0.00000,0.00000,30.00000,-92.52652,-0.11220,1.09609,6.50862,0.00000,0.00000,0.00000,0.00000,none
15.83750,-87.47348,-87.47348,0.00000,0.00000,0.00000,-65.08621,0.00000,0.00000,30.00000,-92.52652,-0.11220,1.09609,6.50862,0.00000,0.00000,0.00000,0.00000,none
15.84167,-87.47348,-87.47348,0.00000,0.00000,0.00000,-65.08621,0.00000,0.00000,30.00000,-92.52652,-0.11220,1.09609,6.50862,0.00000,0.00000,0.00000,0.00000,none
15.84583,-87.47348,-87.47348,0.00000,0.00000,0.00000,-65.08621,0.00000,0.00000,30.00000,-92.52652,-0.11220,1.09609,6.50862,0.00000,0.00000,0.00000,0.00000,none
15.85000,-87.47348,-87.47348,0.00000,0.00000,0.00000,-65.08621,0.00000,0.00000,30.00000,-92.52652,-0.11220,1.09609,6.50862,0.00000,0.00000,0.00000,0.00000,none
15.85417,-87.47348,-87.47348,0.00000,0.00000,0.00000,-65.08621,0.00000,0.00000,30.00000,-92.52652,-0.11220,1.09609,6.50862,0.00000,0.00000,0.00000,0.00000,none
15.85833,-87.47348,-87.47348,0.00000,0.00000,0.00000,-65.08621,0.00000,0.00000,30.00000,-92.52652,-0.11220,1.09609,6.50862,0.00000,0.00000,0.00000,0.00000,none
15.86250,-87.47348,-87.47348,0.00000,0.00000,0.00000,-65.08621,0.00000,0.00000,30.00000,-92.52652,-0.11220,1.09609,6.50862,0.00000,0.00000,0.00000,0.00000,none
15.86667,-87.47348,-87.47348,0.00000,0.00000,0.00000,-65.08621,0.00000,0.00000,30.00000,-92.52652,-0.11220,1.09609,6.50862,0.00000,0.00000,0.00000,0.00000,none
15.87083,-87.47348,-87.47348,0.00000,0.00000,0.00000,-65.08621,0.00000,0.00000,30.00000,-92.52652,-0.11220,1.09609,6.50862,0.00000,0.00000,0.00000,0.00000,none
15.87500,-87.47348,-87.47348,0.00000,0.00000,0.00000,-65.08621,0.00000,0.00000,30.00000,-92.52652,-0.11220,1.09609,6.50862,0.00000,0.00000,0.00000,0.00000,none
15.87917,-87.47348,-87.47348,0.00000,0.00000,0.00000,-65.08621,0.00000,0.00000,30.00000,-92.52652,-0.11220,1.09609,6.50862,0.00000,0.00000,0.00000,0.00000,none
15.88333,-87.47348,-87.47348,0.00000,0.00000,0.00000,-65.08621,0.00000,0.00000,30.00000,-92.52652,-0.11220,1.09609,6.50862,0.00000,0.00000,0.00000,0.00000,none
15.88750,-87.47348,-87.47348,0.00000,0.00000,0.00000,-65.08621,0.00000,0.00000,30.00000,-92.52652,-0.11220,1.09609,6.50862,0.00000,0.00000,0.00000,0.00000,none
15.89167,-87.47348,-87.47348,0.00000,0.00000,0.00000,-65.08621,0.00000,0.00000,30.00000,-92.52652,-0.11220,1.09609,6.50862,0.00000,0.00000,0.00000,0.00000,none
15.89583,-87.47348,-87.47348,0.00000,0.00000,0.00000,-65.08621,0.00000,0.00000,30.00000,-92.52652,-0.11220,1.09609,6.50862,0.00000,0.00000,0.00000,0.00000,none
15.90000,-87.47348,-87.47348,0.00000,0.00000,0.00000,-65.08621,0.00000,0.00000,30.00000,-92.52652,-0.11220,1.09609,6.50862,0.00000,0.00000,0.00000,0.00000,none
15.90417,-87.47348,-87.47348,0.00000,0.00000,0.00000,-65.08621,0.00000,0.00000,30.00000,-92.52652,-0.11220,1.09609,6.50862,0.00000,0.00000,0.00000,0.00000,none
15.90833,-87.47348,-87.47348,0.00000,0.00000,0.00000,-65.08621,0.00000,0.00000,30.00000,-92.52652,-0.11220,1.09609,6.50862,0.00000,0.00000,0.00000,0.00000,none
15.91250,-87.47348,-87.47348,0.00000,0.00000,0.00000,-65.08621,0.00000,0.00000,30.00000,-92.52652,-0.11220,1.09609,6.50862,0.00000,0.00000,0.00000,0.00000,none
15.91667,-87.47348,-87.47348,0.00000,0.00000,0.00000,-65.08621,0.00000,0.00000,30.00000,-92.52652,-0.11220,1.09609,6.50862,0.00000,0.00000,0.00000,0.00000,none
15.92083,-87.47348,-87.47348,0.00000,0.00000,0.00000,-65.08621,0.00000,0.00000,30.00000,-92.52652,-0.11220,1.09609,6.50862,0.00000,0.00000,0.00000,0.00000,none
15.92500,-87.47348,-87.47348,0.00000,0.00000,0.00000,-65.08621,0.00000,0.00000,30.00000,-92.52652,-0.11220,1.09609,6.50862,0.00000,0.00000,0.00000,0.00000,none
15.92917,-87.47348,-87.47348,0.00000,0.00000,0.00000,-65.08621,0.00000,0.00000,30.00000,-92.52652,-0.11220,1.09609,6.50862,0.00000,0.00000,0.00000,0.00000,none
15.93333,-87.47348,-87.47348,0.00000,0.00000,0.00000,-65.08621,0.00000,0.00000,30.00000,-92.52652,-0.11220,1.09609,6.50862,0.00000,0.00000,0.00000,0.00000,none
15.93750,-87.47348,-87.47348,0.00000,0.00000,0.00000,-65.08621,0.00000,0.00000,30.00000,-92.52652,-0.11220,1.09609,6.50862,0.00000,0.00000,0.00000,0.00000,none
15.94167,-87.47348,-87.47348,0.00000,0.00000,0.00000,-65.08621,0.00000,0.00000,30.00000,-92.52652,-0.11220,1.09609,6.50862,0.00000,0.00000,0.00000,0.00000,none
15.94583,-87.47348,-87.47348,0.00000,0.00000,0.00000,-65.08621,0.00000,0.00000,30.00000,-92.52652,-0.11220,1.09609,6.50862,0.00000,0.00000,0.00000,0.00000,none
15.95000,-87.47348,-87.47348,0.00000,0.00000,0.00000,-65.08621,0.00000,0.00000,30.00000,-92.52652,-0.11220,1.09609,6.50862,0.00000,0.00000,0.00000,0.00000,none
15.95417,-87.47348,-87.47348,0.00000,0.00000,0.00000,-65.08621,0.00000,0.00000,30.00000,-92.52652,-0.11220,1.09609,6.50862,0.00000,0.00000,0.00000,0.00000,none
15.95833,-87.47348,-87.47348,0.00000,0.00000,0.00000,-65.08621,0.00000,0.00000,30.00000,-92.52652,-0.11220,1.09609,6.50862,0.00000,0.00000,0.00000,0.00000,none
15.96250,-87.47348,-87.47348,0.00000,0.00000,0.00000,-65.08621,0.00000,0.00000,30.00000,-92.52652,-0.11220,1.09609,6.50862,0.00000,0.00000,0.00000,0.00000,none
15.96667,-87.47348,-87.47348,0.00000,0.00000,0.00000,-65.08621,0.00000,0.00000,30.00000,-92.52652,-0.11220,1.09609,6.50862,0.00000,0.00000,0.00000,0.00000,none
15.97083,-87.47348,-87.47348,0.00000,0.00000,0.00000,-65.08621,0.00000,0.00000,30.00000,-92.52652,-0.11220,1.09609,6.50862,0.00000,0.00000,0.00000,0.00000,none
15.97500,-87.47348,-87.47348,0.00000,0.00000,0.00000,-65.08621,0.00000,0.00000,30.00000,-92.52652,-0.11220,1.09609,6.50862,0.00000,0.00000,0.00000,0.00000,none
15.97917,-87.47348,-87.47348,0.00000,0.00000,0.00000,-65.08621,0.00000,0.00000,30.00000,-92.52652,-0.11220,1.09609,6.50862,0.00000,0.00000,0.00000,0.00000,none
15.98333,-87.47348,-87.47348,0.00000,0.00000,0.00000,-65.08621,0.00000,0.00000,30.00000,-92.52652,-0.11220,1.09609,6.50862,0.00000,0.00000,0.00000,0.00000,none
15.98750,-87.47348,-87.47348,0.00000,0.00000,0.00000,-65.08621,0.00000,0.00000,30.00000,-92.52652,-0.11220,1.09609,6.50862,0.00000,0.00000,0.00000,0.00000,none
15.99167,-87.47348,-87.47348,0.00000,0.00000,0.00000,-65.08621,0.00000,0.00000,30.00000,-92.52652,-0.11220,1.09609,6.50862,0.00000,0.00000,0.00000,0.00000,none
15.99583,-87.47348,-87.47348,0.00000,0.00000,0.00000,-65.08621,0.00000,0.00000,30.00000,-92.52652,-0.11220,1.09609,6.50862,0.00000,0.00000,0.00000,0.00000,none
16.00000,-87.47348,-87.47348,0.00000,0.00000,0.00000,-65.08621,0.00000,0.00000,30.00000,-92.52652,-0.11220,1.09609,6.50862,0.00000,0.00000,0.00000,0.00000,none
16.00417,-87.47348,-87.47348,0.00000,0.00000,0.00000,-65.08621,0.00000,0.00000,30.00000,-92.52652,-0.11220,1.09609,6.50862,0.00000,0.00000,0.00000,0.00000,none
16.00833,-87.47348,-87.47348,0.00000,0.00000,0.00000,-65.08621,0.00000,0.00000,30.00000,-92.52652,-0.11220,1.09609,6.50862,0.00000,0.00000,0.00000,0.00000,none
16.01250,-87.47348,-87.47348,0.00000,0.00000,0.00000,-65.08621,0.00000,0.00000,30.00000,-92.52652,-0.11220,1.09609,6.50862,0.00000,0.00000,0.00000,0.00000,none
16.01667,-87.47348,-87.47348,0.00000,0.00000,0.00000,-65.08621,0.00000,0.00000,30.00000,-92.52652,-0.11220,1.09609,6.50862,0.00000,0.00000,0.00000,0.00000,none
16.02083,-87.47348,-87.47348,0.00000,0.00000,0.00000,-65.08621,0.00000,0.00000,30.00000,-92.52652,-0.11220,1.09609,6.50862,0.00000,0.00000,0.00000,0.00000,none
16.02500,-87.47348,-87.47348,0.00000,0.00000,0.00000,-65.08621,0.00000,0.00000,30.00000,-92.52652,-0.11220,1.09609,6.50862,0.00000,0.00000,0.00000,0.00000,none
16.02917,-87.47348,-87.47348,0.00000,0.00000,0.00000,-65.08621,0.00000,0.00000,30.00000,-92.52652,-0.11220,1.09609,6.50862,0.00000,0.00000,0.00000,0.00000,none
16.03333,-87.47348,-87.47348,0.00000,0.00000,0.00000,-65.08621,0.00000,0.00000,30.00000,-92.52652,-0.11220,1.09609,6.50862,0.00000,0.00000,0.00000,0.00000,none
16.03750,-87.47348,-87.47348,0.00000,0.00000,0.00000,-65.08621,0.00000,0.00000,30.00000,-92.52652,-0.11220,1.09609,6.50862,0.00000,0.00000,0.00000,0.00000,none
16.04167,-87.47348,-87.47348,0.00000,0.00000,0.00000,-65.08621,0.00000,0.00000,30.00000,-92.52652,-0.11220,1.09609,6.50862,0.00000,0.00000,0.00000,0.00000,none
16.04583,-87.47348,-87.47348,0.00000,0.00000,0.00000,-65.08621,0.00000,0.00000,30.00000,-92.52652,-0.11220,1.09609,6.50862,0.00000,0.00000,0.00000,0.00000,none
16.05000,-87.47348,-87.47348,0.00000,0.00000,0.00000,-65.08621,0.00000,0.00000,30.00000,-92.52652,-0.11220,1.09609,6.50862,0.00000,0.00000,0.00000,0.00000,none
16.05417,-87.47348,-87.47348,0.00000,0.00000,0.00000,-65.08621,0.00000,0.00000,30.00000,-92.52652,-0.11220,1.09609,6.50862,0.00000,0.00000,0.00000,0.00000,none
16.05833,-87.47348,-87.47348,0.00000,0.00000,0.00000,-65.08621,0.00000,0.00000,30.00000,-92.52652,-0.11220,1.09609,6.50862,0.00000,0.00000,0.00000,0.00000,none
16.06250,-87.47348,-87.47348,0.00000,0.00000,0.00000,-65.08621,0.00000,0.00000,30.00000,-92.52652,-0.11220,1.09609,6.50862,0.00000,0.00000,0.00000,0.00000,none
16.06667,-87.47348,-87.47348,0.00000,0.00000,0.00000,-65.08621,0.00000,0.00000,30.00000,-92.52652,-0.11220,1.09609,6.50862,0.00000,0.00000,0.00000,0.00000,none
16.07083,-87.47348,-87.47348,0.00000,0.00000,0.00000,-65.08621,0.00000,0.00000,30.00000,-92.52652,-0.11220,1.09609,6.50862,0.00000,0.00000,0.00000,0.00000,none
16.07500,-87.47348,-87.47348,0.00000,0.00000,0.00000,-65.08621,0.00000,0.00000,30.00000,-92.52652,-0.11220,1.09609,6.50862,0.00000,0.00000,0.00000,0.00000,none
16.07917,-87.47348,-87.47348,0.00000,0.00000,0.00000,-65.08621,0.00000,0.00000,30.00000,-92.52652,-0.11220,1.09609,6.50862,0.00000,0.00000,0.00000,0.00000,none
16.08333,-87.47348,-87.47348,0.00000,0.00000,0.00000,-65.08621,0.00000,0.00000,30.00000,-92.52652,-0.11220,1.09609,6.50862,0.00000,0.00000,0.00000,0.00000,none
16.08750,-87.47348,-87.47348,0.00000,0.00000,0.00000,-65.08621,0.00000,0.00000,30.00000,-92.52652,-0.11220,1.09609,6.50862,0.00000,0.00000,0.00000,0.00000,none
16.09167,-87.47348,-87.47348,0.00000,0.00000,0.00000,-65.08621,0.00000,0.00000,30.00000,-92.52652,-0.11220,1.09609,6.50862,0.00000,0.00000,0.00000,0.00000,none
16.09583,-87.47348,-87.47348,0.00000,0.00000,0.00000,-65.08621,0.00000,0.00000,30.00000,-92.52652,-0.11220,1.09609,6.50862,0.00000,0.00000,0.00000,0.00000,none
16.10000,-87.47348,-87.47348,0.00000,0.00000,0.00000,-65.08621,0.00000,0.00000,30.00000,-92.52652,-0.11220,1.09609,6.50862,0.00000,0.00000,0.00000,0.00000,none
16.10417,-87.47348,-87.47348,0.00000,0.00000,0.00000,-65.08621,0.00000,0.00000,30.00000,-92.52652,-0.11220,1.09609,6.50862,0.00000,0.00000,0.00000,0.00000,none
16.10833,-87.47348,-87.47348,0.00000,0.00000,0.00000,-65.08621,0.00000,0.00000,30.00000,-92.52652,-0.11220,1.09609,6.50862,0.00000,0.00000,0.00000,0.00000,none
16.11250,-87.47348,-87.47348,0.00000,0.00000,0.00000,-65.08621,0.00000,0.00000,30.00000,-92.52652,-0.11220,1.09609,6.50862,0.00000,0.00000,0.00000,0.00000,none
16.11667,-87.47348,-87.47348,0.00000,0.00000,0.00000,-65.08621,0.00000,0.00000,30.00000,-92.52652,-0.11220,1.09609,6.50862,0.00000,0.00000,0.00000,0.00000,none
16.12083,-87.47348,-87.47348,0.00000,0.00000,0.00000,-65.08621,0.00000,0.00000,30.00000,-92.52652,-0.11220,1.09609,6.50862,0.00000,0.00000,0.00000,0.00000,none
16.12500,-87.47348,-87.47348,0.00000,0.00000,0.00000,-65.08621,0.00000,0.00000,30.00000,-92.52652,-0.11220,1.09609,6.50862,0.00000,0.00000,0.00000,0.00000,none
16.12917,-87.47348,-87.47348,0.00000,0.00000,0.00000,-65.08621,0.00000,0.00000,30.00000,-92.52652,-0.11220,1.09609,6.50862,0.00000,0.00000,0.00000,0.00000,none
16.13333,-87.47348,-87.47348,0.00000,0.00000,0.00000,-65.08621,0.00000,0.00000,30.00000,-92.52652,-0.11220,1.09609,6.50862,0.00000,0.00000,0.00000,0.00000,none
16.13750,-87.47348,-87.47348,0.00000,0.00000,0.00000,-65.08621,0.00000,0.00000,30.00000,-92.52652,-0.11220,1.09609,6.50862,0.00000,0.00000,0.00000,0.00000,none
16.14167,-87.47348,-87.47348,0.00000,0.00000,0.00000,-65.08621,0.00000,0.00000,30.00000,-92.52652,-0.11220,1.09609,6.50862,0.00000,0.00000,0.00000,0.00000,none
16.14583,-87.47348,-87.47348,0.00000,0.00000,0.00000,-65.08621,0.00000,0.00000,30.00000,-92.52652,-0.11220,1.09609,6.50862,0.00000,0.00000,0.00000,0.00000,none
16.15000,-87.47348,-87.47348,0.00000,0.00000,0.00000,-65.08621,0.00000,0.00000,30.00000,-92.52652,-0.11220,1.09609,6.50862,0.00000,0.00000,0.00000,0.00000,none
16.15417,-87.47348,-87.47348,0.00000,0.00000,0.00000,-65.08621,0.00000,0.00000,30.00000,-92.52652,-0.11220,1.09609,6.50862,0.00000,0.00000,0.00000,0.00000,none
16.15833,-87.47348,-87.47348,0.00000,0.00000,0.00000,-65.08621,0.00000,0.00000,30.00000,-92.52652,-0.11220,1.09609,6.50862,0.00000,0.00000,0.00000,0.00000,none
16.16250,-87.47348,-87.47348,0.00000,0.00000,0.00000,-65.08621,0.00000,0.00000,30.00000,-92.52652,-0.11220,1.09609,6.50862,0.00000,0.00000,0.00000,0.00000,none
16.16667,-87.47348,-87.47348,0.00000,0.00000,0.00000,-65.08621,0.00000,0.00000,30.00000,-92.52652,-0.11220,1.09609,6.50862,0.00000,0.00000,0.00000,0.00000,none
16.17083,-87.47348,-87.47348,0.00000,0.00000,0.00000,-65.08621,0.00000,0.00000,30.00000,-92.52652,-0.11220,1.09609,6.50862,0.00000,0.00000,0.00000,0.00000,none
16.17500,-87.47348,-87.47348,0.00000,0.00000,0.00000,-65.08621,0.00000,0.00000,30.00000,-92.52652,-0.11220,1.09609,6.50862,0.00000,0.00000,0.00000,0.00000,none
16.17917,-87.47348,-87.47348,0.00000,0.00000,0.00000,-65.08621,0.00000,0.00000,30.00000,-92.52652,-0.11220,1.09609,6.50862,0.00000,0.00000,0.00000,0.00000,none
16.18333,-87.47348,-87.47348,0.00000,0.00000,0.00000,-65.08621,0.00000,0.00000,30.00000,-92.52652,-0.11220,1.09609,6.50862,0.00000,0.00000,0.00000,0.00000,none
16.18750,-87.47348,-87.47348,0.00000,0.00000,0.00000,-65.08621,0.00000,0.00000,30.00000,-92.52652,-0.11220,1.09609,6.50862,0.00000,0.00000,0.00000,0.00000,none
16.19167,-87.47348,-87.47348,0.00000,0.00000,0.00000,-65.08621,0.00000,0.00000,30.00000,-92.52652,-0.11220,1.09609,6.50862,0.00000,0.00000,0.00000,0.00000,none
16.19583,-87.47348,-87.47348,0.00000,0.00000,0.00000,-65.08621,0.00000,0.00000,30.00000,-92.52652,-0.11220,1.09609,6.50862,0.00000,0.00000,0.00000,0.00000,none
16.20000,-87.47348,-87.47348,0.00000,0.00000,0.00000,-65.08621,0.00000,0.00000,30.00000,-92.52652,-0.11220,1.09609,6.50862,0.00000,0.00000,0.00000,0.00000,none
16.20417,-87.47348,-87.47348,0.00000,0.00000,0.00000,-65.08621,0.00000,0.00000,30.00000,-92.52652,-0.11220,1.09609,6.50862,0.00000,0.00000,0.00000,0.00000,none
16.20833,-87.47348,-87.47348,0.00000,0.00000,0.00000,-65.08621,0.00000,0.00000,30.00000,-92.52652,-0.11220,1.09609,6.50862,0.00000,0.00000,0.00000,0.00000,none
16.21250,-87.47348,-87.47348,0.00000,0.00000,0.00000,-65.08621,0.00000,0.00000,30.00000,-92.52652,-0.11220,1.09609,6.50862,0.00000,0.00000,0.00000,0.00000,none
16.21667,-87.47348,-87.47348,0.00000,0.00000,0.00000,-65.08621,0.00000,0.00000,30.00000,-92.52652,-0.11220,1.09609,6.50862,0.00000,0.00000,0.00000,0.00000,none
16.22083,-87.47348,-87.47348,0.00000,0.00000,0.00000,-65.08621,0.00000,0.00000,30.00000,-92.52652,-0.11220,1.09609,6.50862,0.00000,0.00000,0.00000,0.00000,none
16.22500,-87.47348,-87.47348,0.00000,0.00000,0.00000,-65.08621,0.00000,0.00000,30.00000,-92.52652,-0.11220,1.09609,6.50862,0.00000,0.00000,0.00000,0.00000,none
16.22917,-87.47348,-87.47348,0.00000,0.00000,0.00000,-65.08621,0.00000,0.00000,30.00000,-92.52652,-0.11220,1.09609,6.50862,0.00000,0.00000,0.00000,0.00000,none
16.23333,-87.47348,-87.47348,0.00000,0.00000,0.00000,-65.08621,0.00000,0.00000,30.00000,-92.52652,-0.11220,1.09609,6.50862,0.00000,0.00000,0.00000,0.00000,none
16.23750,-87.47348,-87.47348,0.00000,0.00000,0.00000,-65.08621,0.00000,0.00000,30.00000,-92.52652,-0.11220,1.09609,6.50862,0.00000,0.00000,0.00000,0.00000,none
16.24167,-87.47348,-87.47348,0.00000,0.00000,0.00000,-65.08621,0.00000,0.00000,30.00000,-92.52652,-0.11220,1.09609,6.50862,0.00000,0.00000,0.00000,0.00000,none
16.24583,-87.47348,-87.47348,0.00000,0.00000,0.00000,-65.08621,0.00000,0.00000,30.00000,-92.52652,-0.11220,1.09609,6.50862,0.00000,0.00000,0.00000,0.00000,none
16.25000,-87.47348,-87.47348,0.00000,0.00000,0.00000,-65.08621,0.00000,0.00000,30.00000,-92.52652,-0.11220,1.09609,6.50862,0.00000,0.00000,0.00000,0.00000,none
16.25417,-87.47348,-87.47348,0.00000,0.00000,0.00000,-65.08621,0.00000,0.00000,30.00000,-92.52652,-0.11220,1.09609,6.50862,0.00000,0.00000,0.00000,0.00000,none
16.25833,-87.47348,-87.47348,0.00000,0.00000,0.00000,-65.08621,0.00000,0.00000,30.00000,-92.52652,-0.11220,1.09609,6.50862,0.00000,0.00000,0.00000,0.00000,none
16.26250,-87.47348,-87.47348,0.00000,0.00000,0.00000,-65.08621,0.00000,0.00000,30.00000,-92.52652,-0.11220,1.09609,6.50862,0.00000,0.00000,0.00000,0.00000,none
16.26667,-87.47348,-87.47348,0.00000,0.00000,0.00000,-65.08621,0.00000,0.00000,30.00000,-92.52652,-0.11220,1.09609,6.50862,0.00000,0.00000,0.00000,0.00000,none
16.27083,-87.47348,-87.47348,0.00000,0.00000,0.00000,-65.08621,0.00000,0.00000,30.00000,-92.52652,-0.11220,1.09609,6.50862,0.00000,0.00000,0.00000,0.00000,none
16.27500,-87.47348,-87.47348,0.00000,0.00000,0.00000,-65.08621,0.00000,0.00000,30.00000,-92.52652,-0.11220,1.09609,6.50862,0.00000,0.00000,0.00000,0.00000,none
16.27917,-87.47348,-87.47348,0.00000,0.00000,0.00000,-65.08621,0.00000,0.00000,30.00000,-92.52652,-0.11220,1.09609,6.50862,0.00000,0.00000,0.00000,0.00000,none
16.28333,-87.47348,-87.47348,0.00000,0.00000,0.00000,-65.08621,0.00000,0.00000,30.00000,-92.52652,-0.11220,1.09609,6.50862,0.00000,0.00000,0.00000,0.00000,none
16.28750,-87.47348,-87.47348,0.00000,0.00000,0.00000,-65.08621,0.00000,0.00000,30.00000,-92.52652,-0.11220,1.09609,6.50862,0.00000,0.00000,0.00000,0.00000,none
16.29167,-87.47348,-87.47348,0.00000,0.00000,0.00000,-65.08621,0.00000,0.00000,30.00000,-92.52652,-0.11220,1.09609,6.50862,0.00000,0.00000,0.00000,0.00000,none
16.29583,-87.47348,-87.47348,0.00000,0.00000,0.00000,-65.08621,0.00000,0.00000,30.00000,-92.52652,-0.11220,1.09609,6.50862,0.00000,0.00000,0.00000,0.00000,none
16.30000,-87.47348,-87.47348,0.00000,0.00000,0.00000,-65.08621,0.00000,0.00000,30.00000,-92.52652,-0.11220,1.09609,6.50862,0.00000,0.00000,0.00000,0.00000,none
16.30417,-87.47348,-87.47348,0.00000,0.00000,0.00000,-65.08621,0.00000,0.00000,30.00000,-92.52652,-0.11220,1.09609,6.50862,0.00000,0.00000,0.00000,0.00000,none
16.30833,-87.47348,-87.47348,0.00000,0.00000,0.00000,-65.08621,0.00000,0.00000,30.00000,-92.52652,-0.11220,1.09609,6.50862,0.00000,0.00000,0.00000,0.00000,none
16.31250,-87.47348,-87.47348,0.00000,0.00000,0.00000,-65.08621,0.00000,0.00000,30.00000,-92.52652,-0.11220,1.09609,6.50862,0.00000,0.00000,0.00000,0.00000,none
16.31667,-87.47348,-87.47348,0.00000,0.00000,0.00000,-65.08621,0.00000,0.00000,30.00000,-92.52652,-0.11220,1.09609,6.50862,0.00000,0.00000,0.00000,0.00000,none
16.32083,-87.47348,-87.47348,0.00000,0.00000,0.00000,-65.08621,0.00000,0.00000,30.00000,-92.52652,-0.11220,1.09609,6.50862,0.00000,0.00000,0.00000,0.00000,none
16.32500,-87.47348,-87.47348,0.00000,0.00000,0.00000,-65.08621,0.00000,0.00000,30.00000,-92.52652,-0.11220,1.09609,6.50862,0.00000,0.00000,0.00000,0.00000,none
16.32917,-87.47348,-87.47348,0.00000,0.00000,0.00000,-65.08621,0.00000,0.00000,30.00000,-92.52652,-0.11220,1.09609,6.50862,0.00000,0.00000,0.00000,0.00000,none
16.33333,-87.47348,-87.47348,0.00000,0.00000,0.00000,-65.08621,0.00000,0.00000,30.00000,-92.52652,-0.11220,1.09609,6.50862,0.00000,0.00000,0.00000,0.00000,none
16.33750,-87.47348,-87.47348,0.00000,0.00000,0.00000,-65.08621,0.00000,0.00000,30.00000,-92.52652,-0.11220,1.09609,6.50862,0.00000,0.00000,0.00000,0.00000,none
16.34167,-87.47348,-87.47348,0.00000,0.00000,0.00000,-65.08621,0.00000,0.00000,30.00000,-92.52652,-0.11220,1.09609,6.50862,0.00000,0.00000,0.00000,0.00000,none
16.34583,-87.47348,-87.47348,0.00000,0.00000,0.00000,-65.08621,0.00000,0.00000,30.00000,-92.52652,-0.11220,1.09609,6.50862,0.00000,0.00000,0.00000,0.00000,none
16.35000,-87.47348,-87.47348,0.00000,0.00000,0.00000,-65.08621,0.00000,0.00000,30.00000,-92.52652,-0.11220,1.09609,6.50862,0.00000,0.00000,0.00000,0.00000,none
16.35417,-87.47348,-87.47348,0.00000,0.00000,0.00000,-65.08621,0.00000,0.00000,30.00000,-92.52652,-0.11220,1.09609,6.50862,0.00000,0.00000,0.00000,0.00000,none
16.35833,-87.47348,-87.47348,0.00000,0.00000,0.00000,-65.08621,0.00000,0.00000,30.00000,-92.52652,-0.11220,1.09609,6.50862,0.00000,0.00000,0.00000,0.00000,none
16.36250,-87.47348,-87.47348,0.00000,0.00000,0.00000,-65.08621,0.00000,0.00000,30.00000,-92.52652,-0.11220,1.09609,6.50862,0.00000,0.00000,0.00000,0.00000,none
16.36667,-87.47348,-87.47348,0.00000,0.00000,0.00000,-65.08621,0.00000,0.00000,30.00000,-92.52652,-0.11220,1.09609,6.50862,0.00000,0.00000,0.00000,0.00000,none
16.37083,-87.47348,-87.47348,0.00000,0.00000,0.00000,-65.08621,0.00000,0.00000,30.00000,-92.52652,-0.11220,1.09609,6.50862,0.00000,0.00000,0.00000,0.00000,none
16.37500,-87.47348,-87.47348,0.00000,0.00000,0.00000,-65.08621,0.00000,0.00000,30.00000,-92.52652,-0.11220,1.09609,6.50862,0.00000,0.00000,0.00000,0.00000,none
16.37917,-87.47348,-87.47348,0.00000,0.00000,0.00000,-65.08621,0.00000,0.00000,30.00000,-92.52652,-0.11220,1.09609,6.50862,0.00000,0.00000,0.00000,0.00000,none
16.38333,-87.47348,-87.47348,0.00000,0.00000,0.00000,-65.08621,0.00000,0.00000,30.00000,-92.52652,-0.11220,1.09609,6.50862,0.00000,0.00000,0.00000,0.00000,none
16.38750,-87.47348,-87.47348,0.00000,0.00000,0.00000,-65.08621,0.00000,0.00000,30.00000,-92.52652,-0.11220,1.09609,6.50862,0.00000,0.00000,0.00000,0.00000,none
16.39167,-87.47348,-87.47348,0.00000,0.00000,0.00000,-65.08621,0.00000,0.00000,30.00000,-92.52652,-0.11220,1.09609,6.50862,0.00000,0.00000,0.00000,0.00000,none
16.39583,-87.47348,-87.47348,0.00000,0.00000,0.00000,-65.08621,0.00000,0.00000,30.00000,-92.52652,-0.11220,1.09609,6.50862,0.00000,0.00000,0.00000,0.00000,none
16.40000,-87.47348,-87.47348,0.00000,0.00000,0.00000,-65.08621,0.00000,0.00000,30.00000,-92.52652,-0.11220,1.09609,6.50862,0.00000,0.00000,0.00000,0.00000,none
16.40417,-87.47348,-87.47348,0.00000,0.00000,0.00000,-65.08621,0.00000,0.00000,30.00000,-92.52652,-0.11220,1.09609,6.50862,0.00000,0.00000,0.00000,0.00000,none
16.40833,-87.47348,-87.47348,0.00000,0.00000,0.00000,-65.08621,0.00000,0.00000,30.00000,-92.52652,-0.11220,1.09609,6.50862,0.00000,0.00000,0.00000,0.00000,none
16.41250,-87.47348,-87.47348,0.00000,0.00000,0.00000,-65.08621,0.00000,0.00000,30.00000,-92.52652,-0.11220,1.09609,6.50862,0.00000,0.00000,0.00000,0.00000,none
16.41667,-87.47348,-87.47348,0.00000,0.00000,0.00000,-65.08621,0.00000,0.00000,30.00000,-92.52652,-0.11220,1.09609,6.50862,0.00000,0.00000,0.00000,0.00000,none
16.42083,-87.47348,-87.47348,0.00000,0.00000,0.00000,-65.08621,0.00000,0.00000,30.00000,-92.52652,-0.11220,1.09609,6.50862,0.00000,0.00000,0.00000,0.00000,none
16.42500,-87.47348,-87.47348,0.00000,0.00000,0.00000,-65.08621,0.00000,0.00000,30.00000,-92.52652,-0.11220,1.09609,6.50862,0.00000,0.00000,0.00000,0.00000,none
16.42917,-87.47348,-87.47348,0.00000,0.00000,0.00000,-65.08621,0.00000,0.00000,30.00000,-92.52652,-0.11220,1.09609,6.50862,0.00000,0.00000,0.00000,0.00000,none
16.43333,-87.47348,-87.47348,0.00000,0.00000,0.00000,-65.08621,0.00000,0.00000,30.00000,-92.52652,-0.11220,1.09609,6.50862,0.00000,0.00000,0.00000,0.00000,none
16.43750,-87.47348,-87.47348,0.00000,0.00000,0.00000,-65.08621,0.00000,0.00000,30.00000,-92.52652,-0.11220,1.09609,6.50862,0.00000,0.00000,0.00000,0.00000,none
16.44167,-87.47348,-87.47348,0.00000,0.00000,0.00000,-65.08621,0.00000,0.00000,30.00000,-92.52652,-0.11220,1.09609,6.50862,0.00000,0.00000,0.00000,0.00000,none
16.44583,-87.47348,-87.47348,0.00000,0.00000,0.00000,-65.08621,0.00000,0.00000,30.00000,-92.52652,-0.11220,1.09609,6.50862,0.00000,0.00000,0.00000,0.00000,none
16.45000,-87.47348,-87.47348,0.00000,0.00000,0.00000,-65.08621,0.00000,0.00000,30.00000,-92.52652,-0.11220,1.09609,6.50862,0.00000,0.00000,0.00000,0.00000,none
16.45417,-87.47348,-87.47348,0.00000,0.00000,0.00000,-65.08621,0.00000,0.00000,30.00000,-92.52652,-0.11220,1.09609,6.50862,0.00000,0.00000,0.00000,0.00000,none
16.45833,-87.47348,-87.47348,0.00000,0.00000,0.00000,-65.08621,0.00000,0.00000,30.00000,-92.52652,-0.11220,1.09609,6.50862,0.00000,0.00000,0.00000,0.00000,none
16.46250,-87.47348,-87.47348,0.00000,0.00000,0.00000,-65.08621,0.00000,0.00000,30.00000,-92.52652,-0.11220,1.09609,6.50862,0.00000,0.00000,0.00000,0.00000,none
16.46667,-87.47348,-87.47348,0.00000,0.00000,0.00000,-65.08621,0.00000,0.00000,30.00000,-92.52652,-0.11220,1.09609,6.50862,0.00000,0.00000,0.00000,0.00000,none
16.47083,-87.47348,-87.47348,0.00000,0.00000,0.00000,-65.08621,0.00000,0.00000,30.00000,-92.52652,-0.11220,1.09609,6.50862,0.00000,0.00000,0.00000,0.00000,none
16.47500,-87.47348,-87.47348,0.00000,0.00000,0.00000,-65.08621,0.00000,0.00000,30.00000,-92.52652,-0.11220,1.09609,6.50862,0.00000,0.00000,0.00000,0.00000,none
16.47917,-87.47348,-87.47348,0.00000,0.00000,0.00000,-65.08621,0.00000,0.00000,30.00000,-92.52652,-0.11220,1.09609,6.50862,0.00000,0.00000,0.00000,0.00000,none
16.48333,-87.47348,-87.47348,0.00000,0.00000,0.00000,-65.08621,0.00000,0.00000,30.00000,-92.52652,-0.11220,1.09609,6.50862,0.00000,0.00000,0.00000,0.00000,none
16.48750,-87.47348,-87.47348,0.00000,0.00000,0.00000,-65.08621,0.00000,0.00000,30.00000,-92.52652,-0.11220,1.09609,6.50862,0.00000,0.00000,0.00000,0.00000,none
16.49167,-87.47348,-87.47348,0.00000,0.00000,0.00000,-65.08621,0.00000,0.00000,30.00000,-92.52652,-0.11220,1.09609,6.50862,0.00000,0.00000,0.00000,0.00000,none
16.49583,-87.47348,-87.47348,0.00000,0.00000,0.00000,-65.08621,0.00000,0.00000,30.00000,-92.52652,-0.11220,1.09609,6.50862,0.00000,0.00000,0.00000,0.00000,none
16.50000,-87.47348,-87.47348,0.00000,0.00000,0.00000,-65.08621,0.00000,0.00000,30.00000,-92.52652,-0.11220,1.09609,6.50862,0.00000,0.00000,0.00000,0.00000,none
16.50417,-87.47348,-87.47348,0.00000,0.00000,0.00000,-65.08621,0.00000,0.00000,30.00000,-92.52652,-0.11220,1.09609,6.50862,0.00000,0.00000,0.00000,0.00000,none
16.50833,-87.47348,-87.47348,0.00000,0.00000,0.00000,-65.08621,0.00000,0.00000,30.00000,-92.52652,-0.11220,1.09609,6.50862,0.00000,0.00000,0.00000,0.00000,none
16.51250,-87.47348,-87.47348,0.00000,0.00000,0.00000,-65.08621,0.00000,0.00000,30.00000,-92.52652,-0.11220,1.09609,6.50862,0.00000,0.00000,0.00000,0.00000,none
16.51667,-87.47348,-87.47348,0.00000,0.00000,0.00000,-65.08621,0.00000,0.00000,30.00000,-92.52652,-0.11220,1.09609,6.50862,0.00000,0.00000,0.00000,0.00000,none
16.52083,-87.47348,-87.47348,0.00000,0.00000,0.00000,-65.08621,0.00000,0.00000,30.00000,-92.52652,-0.11220,1.09609,6.50862,0.00000,0.00000,0.00000,0.00000,none
16.52500,-87.47348,-87.47348,0.00000,0.00000,0.00000,-65.08621,0.00000,0.00000,30.00000,-92.52652,-0.11220,1.09609,6.50862,0.00000,0.00000,0.00000,0.00000,none
16.52917,-87.47348,-87.47348,0.00000,0.00000,0.00000,-65.08621,0.00000,0.00000,30.00000,-92.52652,-0.11220,1.09609,6.50862,0.00000,0.00000,0.00000,0.00000,none
16.53333,-87.47348,-87.47348,0.00000,0.00000,0.00000,-65.08621,0.00000,0.00000,30.00000,-92.52652,-0.11220,1.09609,6.50862,0.00000,0.00000,0.00000,0.00000,none
16.53750,-87.47348,-87.47348,0.00000,0.00000,0.00000,-65.08621,0.00000,0.00000,30.00000,-92.52652,-0.11220,1.09609,6.50862,0.00000,0.00000,0.00000,0.00000,none
16.54167,-87.47348,-87.47348,0.00000,0.00000,0.00000,-65.08621,0.00000,0.00000,30.00000,-92.52652,-0.11220,1.09609,6.50862,0.00000,0.00000,0.00000,0.00000,none
16.54583,-87.47348,-87.47348,0.00000,0.00000,0.00000,-65.08621,0.00000,0.00000,30.00000,-92.52652,-0.11220,1.09609,6.50862,0.00000,0.00000,0.00000,0.00000,none
16.55000,-87.47348,-87.47348,0.00000,0.00000,0.00000,-65.08621,0.00000,0.00000,30.00000,-92.52652,-0.11220,1.09609,6.50862,0.00000,0.00000,0.00000,0.00000,none
16.55417,-87.47348,-87.47348,0.00000,0.00000,0.00000,-65.08621,0.00000,0.00000,30.00000,-92.52652,-0.11220,1.09609,6.50862,0.00000,0.00000,0.00000,0.00000,none
16.55833,-87.47348,-87.47348,0.00000,0.00000,0.00000,-65.08621,0.00000,0.00000,30.00000,-92.52652,-0.11220,1.09609,6.50862,0.00000,0.00000,0.00000,0.00000,none
16.56250,-87.47348,-87.47348,0.00000,0.00000,0.00000,-65.08621,0.00000,0.00000,30.00000,-92.52652,-0.11220,1.09609,6.50862,0.00000,0.00000,0.00000,0.00000,none
16.56667,-87.47348,-87.47348,0.00000,0.00000,0.00000,-65.08621,0.00000,0.00000,30.00000,-92.52652,-0.11220,1.09609,6.50862,0.00000,0.00000,0.00000,0.00000,none
16.57083,-87.47348,-87.47348,0.00000,0.00000,0.00000,-65.08621,0.00000,0.00000,30.00000,-92.52652,-0.11220,1.09609,6.50862,0.00000,0.00000,0.00000,0.00000,none
16.57500,-87.47348,-87.47348,0.00000,0.00000,0.00000,-65.08621,0.00000,0.00000,30.00000,-92.52652,-0.11220,1.09609,6.50862,0.00000,0.00000,0.00000,0.00000,none
16.57917,-87.47348,-87.47348,0.00000,0.00000,0.00000,-65.08621,0.00000,0.00000,30.00000,-92.52652,-0.11220,1.09609,6.50862,0.00000,0.00000,0.00000,0.00000,none
16.58333,-87.47348,-87.47348,0.00000,0.00000,0.00000,-65.08621,0.00000,0.00000,30.00000,-92.52652,-0.11220,1.09609,6.50862,0.00000,0.00000,0.00000,0.00000,none
16.58750,-87.47348,-87.47348,0.00000,0.00000,0.00000,-65.08621,0.00000,0.00000,30.00000,-92.52652,-0.11220,1.09609,6.50862,0.00000,0.00000,0.00000,0.00000,none
16.59167,-87.47348,-87.47348,0.00000,0.00000,0.00000,-65.08621,0.00000,0.00000,30.00000,-92.52652,-0.11220,1.09609,6.50862,0.00000,0.00000,0.00000,0.00000,none
16.59583,-87.47348,-87.47348,0.00000,0.00000,0.00000,-65.08621,0.00000,0.00000,30.00000,-92.52652,-0.11220,1.09609,6.50862,0.00000,0.00000,0.00000,0.00000,none
16.60000,-87.47348,-87.47348,0.00000,0.00000,0.00000,-65.08621,0.00000,0.00000,30.00000,-92.52652,-0.11220,1.09609,6.50862,0.00000,0.00000,0.00000,0.00000,none
16.60417,-87.47348,-87.47348,0.00000,0.00000,0.00000,-65.08621,0.00000,0.00000,30.00000,-92.52652,-0.11220,1.09609,6.50862,0.00000,0.00000,0.00000,0.00000,none
16.60833,-87.47348,-87.47348,0.00000,0.00000,0.00000,-65.08621,0.00000,0.00000,30.00000,-92.52652,-0.11220,1.09609,6.50862,0.00000,0.00000,0.00000,0.00000,none
16.61250,-87.47348,-87.47348,0.00000,0.00000,0.00000,-65.08621,0.00000,0.00000,30.00000,-92.52652,-0.11220,1.09609,6.50862,0.00000,0.00000,0.00000,0.00000,none
16.61667,-87.47348,-87.47348,0.00000,0.00000,0.00000,-65.08621,0.00000,0.00000,30.00000,-92.52652,-0.11220,1.09609,6.50862,0.00000,0.00000,0.00000,0.00000,none
16.62083,-87.47348,-87.47348,0.00000,0.00000,0.00000,-65.08621,0.00000,0.00000,30.00000,-92.52652,-0.11220,1.09609,6.50862,0.00000,0.00000,0.00000,0.00000,none
16.62500,-87.47348,-87.47348,0.00000,0.00000,0.00000,-65.08621,0.00000,0.00000,30.00000,-92.52652,-0.11220,1.09609,6.50862,0.00000,0.00000,0.00000,0.00000,none
16.62917,-87.47348,-87.47348,0.00000,0.00000,0.00000,-65.08621,0.00000,0.00000,30.00000,-92.52652,-0.11220,1.09609,6.50862,0.00000,0.00000,0.00000,0.00000,none
16.63333,-87.47348,-87.47348,0.00000,0.00000,0.00000,-65.08621,0.00000,0.00000,30.00000,-92.52652,-0.11220,1.09609,6.50862,0.00000,0.00000,0.00000,0.00000,none
16.63750,-87.47348,-87.47348,0.00000,0.00000,0.00000,-65.08621,0.00000,0.00000,30.00000,-92.52652,-0.11220,1.09609,6.50862,0.00000,0.00000,0.00000,0.00000,none
16.64167,-87.47348,-87.47348,0.00000,0.00000,0.00000,-65.08621,0.00000,0.00000,30.00000,-92.52652,-0.11220,1.09609,6.50862,0.00000,0.00000,0.00000,0.00000,none
16.64583,-87.47348,-87.47348,0.00000,0.00000,0.00000,-65.08621,0.00000,0.00000,30.00000,-92.52652,-0.11220,1.09609,6.50862,0.00000,0.00000,0.00000,0.00000,none
16.65000,-87.47348,-87.47348,0.00000,0.00000,0.00000,-65.08621,0.00000,0.00000,30.00000,-92.52652,-0.11220,1.09609,6.50862,0.00000,0.00000,0.00000,0.00000,none
16.65417,-87.47348,-87.47348,0.00000,0.00000,0.00000,-65.08621,0.00000,0.00000,30.00000,-92.52652,-0.11220,1.09609,6.50862,0.00000,0.00000,0.00000,0.00000,none
16.65833,-87.47348,-87.47348,0.00000,0.00000,0.00000,-65.08621,0.00000,0.00000,30.00000,-92.52652,-0.11220,1.09609,6.50862,0.00000,0.00000,0.00000,0.00000,none
16.66250,-87.47348,-87.47348,0.00000,0.00000,0.00000,-65.08621,0.00000,0.00000,30.00000,-92.52652,-0.11220,1.09609,6.50862,0.00000,0.00000,0.00000,0.00000,none
16.66667,-87.47348,-87.47348,0.00000,0.00000,0.00000,-65.08621,0.00000,0.00000,30.00000,-92.52652,-0.11220,1.09609,6.50862,0.00000,0.00000,0.00000,0.00000,none
16.67083,-87.47348,-87.47348,0.00000,0.00000,0.00000,-65.08621,0.00000,0.00000,30.00000,-92.52652,-0.11220,1.09609,6.50862,0.00000,0.00000,0.00000,0.00000,none
16.67500,-87.47348,-87.47348,0.00000,0.00000,0.00000,-65.08621,0.00000,0.00000,30.00000,-92.52652,-0.11220,1.09609,6.50862,0.00000,0.00000,0.00000,0.00000,none
16.67917,-87.47348,-87.47348,0.00000,0.00000,0.00000,-65.08621,0.00000,0.00000,30.00000,-92.52652,-0.11220,1.09609,6.50862,0.00000,0.00000,0.00000,0.00000,none
16.68333,-87.47348,-87.47348,0.00000,0.00000,0.00000,-65.08621,0.00000,0.00000,30.00000,-92.52652,-0.11220,1.09609,6.50862,0.00000,0.00000,0.00000,0.00000,none
16.68750,-87.47348,-87.47348,0.00000,0.00000,0.00000,-65.08621,0.00000,0.00000,30.00000,-92.52652,-0.11220,1.09609,6.50862,0.00000,0.00000,0.00000,0.00000,none
16.69167,-87.47348,-87.47348,0.00000,0.00000,0.00000,-65.08621,0.00000,0.00000,30.00000,-92.52652,-0.11220,1.09609,6.50862,0.00000,0.00000,0.00000,0.00000,none
16.69583,-87.47348,-87.47348,0.00000,0.00000,0.00000,-65.08621,0.00000,0.00000,30.00000,-92.52652,-0.11220,1.09609,6.50862,0.00000,0.00000,0.00000,0.00000,none
16.70000,-87.47348,-87.47348,0.00000,0.00000,0.00000,-65.08621,0.00000,0.00000,30.00000,-92.52652,-0.11220,1.09609,6.50862,0.00000,0.00000,0.00000,0.00000,none
16.70417,-87.47348,-87.47348,0.00000,0.00000,0.00000,-65.08621,0.00000,0.00000,30.00000,-92.52652,-0.11220,1.09609,6.50862,0.00000,0.00000,0.00000,0.00000,none
16.70833,-87.47348,-87.47348,0.00000,0.00000,0.00000,-65.08621,0.00000,0.00000,30.00000,-92.52652,-0.11220,1.09609,6.50862,0.00000,0.00000,0.00000,0.00000,none
16.71250,-87.47348,-87.47348,0.00000,0.00000,0.00000,-65.08621,0.00000,0.00000,30.00000,-92.52652,-0.11220,1.09609,6.50862,0.00000,0.00000,0.00000,0.00000,none
16.71667,-87.47348,-87.47348,0.00000,0.00000,0.00000,-65.08621,0.00000,0.00000,30.00000,-92.52652,-0.11220,1.09609,6.50862,0.00000,0.00000,0.00000,0.00000,none
16.72083,-87.47348,-87.47348,0.00000,0.00000,0.00000,-65.08621,0.00000,0.00000,30.00000,-92.52652,-0.11220,1.09609,6.50862,0.00000,0.00000,0.00000,0.00000,none
16.72500,-87.47348,-87.47348,0.00000,0.00000,0.00000,-65.08621,0.00000,0.00000,30.00000,-92.52652,-0.11220,1.09609,6.50862,0.00000,0.00000,0.00000,0.00000,none
16.72917,-87.47348,-87.47348,0.00000,0.00000,0.00000,-65.08621,0.00000,0.00000,30.00000,-92.52652,-0.11220,1.09609,6.50862,0.00000,0.00000,0.00000,0.00000,none
16.73333,-87.47348,-87.47348,0.00000,0.00000,0.00000,-65.08621,0.00000,0.00000,30.00000,-92.52652,-0.11220,1.09609,6.50862,0.00000,0.00000,0.00000,0.00000,none
16.73750,-87.47348,-87.47348,0.00000,0.00000,0.00000,-65.08621,0.00000,0.00000,30.00000,-92.52652,-0.11220,1.09609,6.50862,0.00000,0.00000,0.00000,0.00000,none
16.74167,-87.47348,-87.47348,0.00000,0.00000,0.00000,-65.08621,0.00000,0.00000,30.00000,-92.52652,-0.11220,1.09609,6.50862,0.00000,0.00000,0.00000,0.00000,none
16.74583,-87.47348,-87.47348,0.00000,0.00000,0.00000,-65.08621,0.00000,0.00000,30.00000,-92.52652,-0.11220,1.09609,6.50862,0.00000,0.00000,0.00000,0.00000,none
16.75000,-87.47348,-87.47348,0.00000,0.00000,0.00000,-65.08621,0.00000,0.00000,30.00000,-92.52652,-0.11220,1.09609,6.50862,0.00000,0.00000,0.00000,0.00000,none
16.75417,-87.47348,-87.47348,0.00000,0.00000,0.00000,-65.08621,0.00000,0.00000,30.00000,-92.52652,-0.11220,1.09609,6.50862,0.00000,0.00000,0.00000,0.00000,none
16.75833,-87.47348,-87.47348,0.00000,0.00000,0.00000,-65.08621,0.00000,0.00000,30.00000,-92.52652,-0.11220,1.09609,6.50862,0.00000,0.00000,0.00000,0.00000,none
16.76250,-87.47348,-87.47348,0.00000,0.00000,0.00000,-65.08621,0.00000,0.00000,30.00000,-92.52652,-0.11220,1.09609,6.50862,0.00000,0.00000,0.00000,0.00000,none
16.76667,-87.47348,-87.47348,0.00000,0.00000,0.00000,-65.08621,0.00000,0.00000,30.00000,-92.52652,-0.11220,1.09609,6.50862,0.00000,0.00000,0.00000,0.00000,none
16.77083,-87.47348,-87.47348,0.00000,0.00000,0.00000,-65.08621,0.00000,0.00000,30.00000,-92.52652,-0.11220,1.09609,6.50862,0.00000,0.00000,0.00000,0.00000,none
16.77500,-87.47348,-87.47348,0.00000,0.00000,0.00000,-65.08621,0.00000,0.00000,30.00000,-92.52652,-0.11220,1.09609,6.50862,0.00000,0.00000,0.00000,0.00000,none
16.77917,-87.47348,-87.47348,0.00000,0.00000,0.00000,-65.08621,0.00000,0.00000,30.00000,-92.52652,-0.11220,1.09609,6.50862,0.00000,0.00000,0.00000,0.00000,none
16.78333,-87.47348,-87.47348,0.00000,0.00000,0.00000,-65.08621,0.00000,0.00000,30.00000,-92.52652,-0.11220,1.09609,6.50862,0.00000,0.00000,0.00000,0.00000,none
16.78750,-87.47348,-87.47348,0.00000,0.00000,0.00000,-65.08621,0.00000,0.00000,30.00000,-92.52652,-0.11220,1.09609,6.50862,0.00000,0.00000,0.00000,0.00000,none
16.79167,-87.47348,-87.47348,0.00000,0.00000,0.00000,-65.08621,0.00000,0.00000,30.00000,-92.52652,-0.11220,1.09609,6.50862,0.00000,0.00000,0.00000,0.00000,none
16.79583,-87.47348,-87.47348,0.00000,0.00000,0.00000,-65.08621,0.00000,0.00000,30.00000,-92.52652,-0.11220,1.09609,6.50862,0.00000,0.00000,0.00000,0.00000,none
16.80000,-87.47348,-87.47348,0.00000,0.00000,0.00000,-65.08621,0.00000,0.00000,30.00000,-92.52652,-0.11220,1.09609,6.50862,0.00000,0.00000,0.00000,0.00000,none
16.80417,-87.47348,-87.47348,0.00000,0.00000,0.00000,-65.08621,0.00000,0.00000,30.00000,-92.52652,-0.11220,1.09609,6.50862,0.00000,0.00000,0.00000,0.00000,none
16.80833,-87.47348,-87.47348,0.00000,0.00000,0.00000,-65.08621,0.00000,0.00000,30.00000,-92.52652,-0.11220,1.09609,6.50862,0.00000,0.00000,0.00000,0.00000,none
16.81250,-87.47348,-87.47348,0.00000,0.00000,0.00000,-65.08621,0.00000,0.00000,30.00000,-92.52652,-0.11220,1.09609,6.50862,0.00000,0.00000,0.00000,0.00000,none
16.81667,-87.47348,-87.47348,0.00000,0.00000,0.00000,-65.08621,0.00000,0.00000,30.00000,-92.52652,-0.11220,1.09609,6.50862,0.00000,0.00000,0.00000,0.00000,none
16.82083,-87.47348,-87.47348,0.00000,0.00000,0.00000,-65.08621,0.00000,0.00000,30.00000,-92.52652,-0.11220,1.09609,6.50862,0.00000,0.00000,0.00000,0.00000,none
16.82500,-87.47348,-87.47348,0.00000,0.00000,0.00000,-65.08621,0.00000,0.00000,30.00000,-92.52652,-0.11220,1.09609,6.50862,0.00000,0.00000,0.00000,0.00000,none
16.82917,-87.47348,-87.47348,0.00000,0.00000,0.00000,-65.08621,0.00000,0.00000,30.00000,-92.52652,-0.11220,1.09609,6.50862,0.00000,0.00000,0.00000,0.00000,none
16.83333,-87.47348,-87.47348,0.00000,0.00000,0.00000,-65.08621,0.00000,0.00000,30.00000,-92.52652,-0.11220,1.09609,6.50862,0.00000,0.00000,0.00000,0.00000,none
16.83750,-87.47348,-87.47348,0.00000,0.00000,0.00000,-65.08621,0.00000,0.00000,30.00000,-92.52652,-0.11220,1.09609,6.50862,0.00000,0.00000,0.00000,0.00000,none
16.84167,-87.47348,-87.47348,0.00000,0.00000,0.00000,-65.08621,0.00000,0.00000,30.00000,-92.52652,-0.11220,1.09609,6.50862,0.00000,0.00000,0.00000,0.00000,none
16.84583,-87.47348,-87.47348,0.00000,0.00000,0.00000,-65.08621,0.00000,0.00000,30.00000,-92.52652,-0.11220,1.09609,6.50862,0.00000,0.00000,0.00000,0.00000,none
16.85000,-87.47348,-87.47348,0.00000,0.00000,0.00000,-65.08621,0.00000,0.00000,30.00000,-92.52652,-0.11220,1.09609,6.50862,0.00000,0.00000,0.00000,0.00000,none
16.85417,-87.47348,-87.47348,0.00000,0.00000,0.00000,-65.08621,0.00000,0.00000,30.00000,-92.52652,-0.11220,1.09609,6.50862,0.00000,0.00000,0.00000,0.00000,none
16.85833,-87.47348,-87.47348,0.00000,0.00000,0.00000,-65.08621,0.00000,0.00000,30.00000,-92.52652,-0.11220,1.09609,6.50862,0.00000,0.00000,0.00000,0.00000,none
16.86250,-87.47348,-87.47348,0.00000,0.00000,0.00000,-65.08621,0.00000,0.00000,30.00000,-92.52652,-0.11220,1.09609,6.50862,0.00000,0.00000,0.00000,0.00000,none
16.86667,-87.47348,-87.47348,0.00000,0.00000,0.00000,-65.08621,0.00000,0.00000,30.00000,-92.52652,-0.11220,1.09609,6.50862,0.00000,0.00000,0.00000,0.00000,none
16.87083,-87.47348,-87.47348,0.00000,0.00000,0.00000,-65.08621,0.00000,0.00000,30.00000,-92.52652,-0.11220,1.09609,6.50862,0.00000,0.00000,0.00000,0.00000,none
16.87500,-87.47348,-87.47348,0.00000,0.00000,0.00000,-65.08621,0.00000,0.00000,30.00000,-92.52652,-0.11220,1.09609,6.50862,0.00000,0.00000,0.00000,0.00000,none
16.87917,-87.47348,-87.47348,0.00000,0.00000,0.00000,-65.08621,0.00000,0.00000,30.00000,-92.52652,-0.11220,1.09609,6.50862,0.00000,0.00000,0.00000,0.00000,none
16.88333,-87.47348,-87.47348,0.00000,0.00000,0.00000,-65.08621,0.00000,0.00000,30.00000,-92.52652,-0.11220,1.09609,6.50862,0.00000,0.00000,0.00000,0.00000,none
16.88750,-87.47348,-87.47348,0.00000,0.00000,0.00000,-65.08621,0.00000,0.00000,30.00000,-92.52652,-0.11220,1.09609,6.50862,0.00000,0.00000,0.00000,0.00000,none
16.89167,-87.47348,-87.47348,0.00000,0.00000,0.00000,-65.08621,0.00000,0.00000,30.00000,-92.52652,-0.11220,1.09609,6.50862,0.00000,0.00000,0.00000,0.00000,none
16.89583,-87.47348,-87.47348,0.00000,0.00000,0.00000,-65.08621,0.00000,0.00000,30.00000,-92.52652,-0.11220,1.09609,6.50862,0.00000,0.00000,0.00000,0.00000,none
16.90000,-87.47348,-87.47348,0.00000,0.00000,0.00000,-65.08621,0.00000,0.00000,30.00000,-92.52652,-0.11220,1.09609,6.50862,0.00000,0.00000,0.00000,0.00000,none
16.90417,-87.47348,-87.47348,0.00000,0.00000,0.00000,-65.08621,0.00000,0.00000,30.00000,-92.52652,-0.11220,1.09609,6.50862,0.00000,0.00000,0.00000,0.00000,none
16.90833,-87.47348,-87.47348,0.00000,0.00000,0.00000,-65.08621,0.00000,0.00000,30.00000,-92.52652,-0.11220,1.09609,6.50862,0.00000,0.00000,0.00000,0.00000,none
16.91250,-87.47348,-87.47348,0.00000,0.00000,0.00000,-65.08621,0.00000,0.00000,30.00000,-92.52652,-0.11220,1.09609,6.50862,0.00000,0.00000,0.00000,0.00000,none
16.91667,-87.47348,-87.47348,0.00000,0.00000,0.00000,-65.08621,0.00000,0.00000,30.00000,-92.52652,-0.11220,1.09609,6.50862,0.00000,0.00000,0.00000,0.00000,none
16.92083,-87.47348,-87.47348,0.00000,0.00000,0.00000,-65.08621,0.00000,0.00000,30.00000,-92.52652,-0.11220,1.09609,6.50862,0.00000,0.00000,0.00000,0.00000,none
16.92500,-87.47348,-87.47348,0.00000,0.00000,0.00000,-65.08621,0.00000,0.00000,30.00000,-92.52652,-0.11220,1.09609,6.50862,0.00000,0.00000,0.00000,0.00000,none
16.92917,-87.47348,-87.47348,0.00000,0.00000,0.00000,-65.08621,0.00000,0.00000,30.00000,-92.52652,-0.11220,1.09609,6.50862,0.00000,0.00000,0.00000,0.00000,none
16.93333,-87.47348,-87.47348,0.00000,0.00000,0.00000,-65.08621,0.00000,0.00000,30.00000,-92.52652,-0.11220,1.09609,6.50862,0.00000,0.00000,0.00000,0.00000,none
16.93750,-87.47348,-87.47348,0.00000,0.00000,0.00000,-65.08621,0.00000,0.00000,30.00000,-92.52652,-0.11220,1.09609,6.50862,0.00000,0.00000,0.00000,0.00000,none
16.94167,-87.47348,-87.47348,0.00000,0.00000,0.00000,-65.08621,0.00000,0.00000,30.00000,-92.52652,-0.11220,1.09609,6.50862,0.00000,0.00000,0.00000,0.00000,none
16.94583,-87.47348,-87.47348,0.00000,0.00000,0.00000,-65.08621,0.00000,0.00000,30.00000,-92.52652,-0.11220,1.09609,6.50862,0.00000,0.00000,0.00000,0.00000,none
16.95000,-87.47348,-87.47348,0.00000,0.00000,0.00000,-65.08621,0.00000,0.00000,30.00000,-92.52652,-0.11220,1.09609,6.50862,0.00000,0.00000,0.00000,0.00000,none
16.95417,-87.47348,-87.47348,0.00000,0.00000,0.00000,-65.08621,0.00000,0.00000,30.00000,-92.52652,-0.11220,1.09609,6.50862,0.00000,0.00000,0.00000,0.00000,none
16.95833,-87.47348,-87.47348,0.00000,0.00000,0.00000,-65.08621,0.00000,0.00000,30.00000,-92.52652,-0.11220,1.09609,6.50862,0.00000,0.00000,0.00000,0.00000,none
16.96250,-87.47348,-87.47348,0.00000,0.00000,0.00000,-65.08621,0.00000,0.00000,30.00000,-92.52652,-0.11220,1.09609,6.50862,0.00000,0.00000,0.00000,0.00000,none
16.96667,-87.47348,-87.47348,0.00000,0.00000,0.00000,-65.08621,0.00000,0.00000,30.00000,-92.52652,-0.11220,1.09609,6.50862,0.00000,0.00000,0.00000,0.00000,none
16.97083,-87.47348,-87.47348,0.00000,0.00000,0.00000,-65.08621,0.00000,0.00000,30.00000,-92.52652,-0.11220,1.09609,6.50862,0.00000,0.00000,0.00000,0.00000,none
16.97500,-87.47348,-87.47348,0.00000,0.00000,0.00000,-65.08621,0.00000,0.00000,30.00000,-92.52652,-0.11220,1.09609,6.50862,0.00000,0.00000,0.00000,0.00000,none
16.97917,-87.47348,-87.47348,0.00000,0.00000,0.00000,-65.08621,0.00000,0.00000,30.00000,-92.52652,-0.11220,1.09609,6.50862,0.00000,0.00000,0.00000,0.00000,none
16.98333,-87.47348,-87.47348,0.00000,0.00000,0.00000,-65.08621,0.00000,0.00000,30.00000,-92.52652,-0.11220,1.09609,6.50862,0.00000,0.00000,0.00000,0.00000,none
16.98750,-87.47348,-87.47348,0.00000,0.00000,0.00000,-65.08621,0.00000,0.00000,30.00000,-92.52652,-0.11220,1.09609,6.50862,0.00000,0.00000,0.00000,0.00000,none
16.99167,-87.47348,-87.47348,0.00000,0.00000,0.00000,-65.08621,0.00000,0.00000,30.00000,-92.52652,-0.11220,1.09609,6.50862,0.00000,0.00000,0.00000,0.00000,none
16.99583,-87.47348,-87.47348,0.00000,0.00000,0.00000,-65.08621,0.00000,0.00000,30.00000,-92.52652,-0.11220,1.09609,6.50862,0.00000,0.00000,0.00000,0.00000,none
17.00000,-87.47348,-87.47348,0.00000,0.00000,0.00000,-65.08621,0.00000,0.00000,30.00000,-92.52652,-0.11220,1.09609,6.50862,0.00000,0.00000,0.00000,0.00000,none
17.00417,-87.47348,-87.47348,0.00000,0.00000,0.00000,-65.08621,0.00000,0.00000,30.00000,-92.52652,-0.11220,1.09609,6.50862,0.00000,0.00000,0.00000,0.00000,none
17.00833,-87.47348,-87.47348,0.00000,0.00000,0.00000,-65.08621,0.00000,0.00000,30.00000,-92.52652,-0.11220,1.09609,6.50862,0.00000,0.00000,0.00000,0.00000,none
17.01250,-87.47348,-87.47348,0.00000,0.00000,0.00000,-65.08621,0.00000,0.00000,30.00000,-92.52652,-0.11220,1.09609,6.50862,0.00000,0.00000,0.00000,0.00000,none
17.01667,-87.47348,-87.47348,0.00000,0.00000,0.00000,-65.08621,0.00000,0.00000,30.00000,-92.52652,-0.11220,1.09609,6.50862,0.00000,0.00000,0.00000,0.00000,none
17.02083,-87.47348,-87.47348,0.00000,0.00000,0.00000,-65.08621,0.00000,0.00000,30.00000,-92.52652,-0.11220,1.09609,6.50862,0.00000,0.00000,0.00000,0.00000,none
17.02500,-87.47348,-87.47348,0.00000,0.00000,0.00000,-65.08621,0.00000,0.00000,30.00000,-92.52652,-0.11220,1.09609,6.50862,0.00000,0.00000,0.00000,0.00000,none
17.02917,-87.47348,-87.47348,0.00000,0.00000,0.00000,-65.08621,0.00000,0.00000,30.00000,-92.52652,-0.11220,1.09609,6.50862,0.00000,0.00000,0.00000,0.00000,none
17.03333,-87.47348,-87.47348,0.00000,0.00000,0.00000,-65.08621,0.00000,0.00000,30.00000,-92.52652,-0.11220,1.09609,6.50862,0.00000,0.00000,0.00000,0.00000,none
17.03750,-87.47348,-87.47348,0.00000,0.00000,0.00000,-65.08621,0.00000,0.00000,30.00000,-92.52652,-0.11220,1.09609,6.50862,0.00000,0.00000,0.00000,0.00000,none
17.04167,-87.47348,-87.47348,0.00000,0.00000,0.00000,-65.08621,0.00000,0.00000,30.00000,-92.52652,-0.11220,1.09609,6.50862,0.00000,0.00000,0.00000,0.00000,none
17.04583,-87.47348,-87.47348,0.00000,0.00000,0.00000,-65.08621,0.00000,0.00000,30.00000,-92.52652,-0.11220,1.09609,6.50862,0.00000,0.00000,0.00000,0.00000,none
17.05000,-87.47348,-87.47348,0.00000,0.00000,0.00000,-65.08621,0.00000,0.00000,30.00000,-92.52652,-0.11220,1.09609,6.50862,0.00000,0.00000,0.00000,0.00000,none
17.05417,-87.47348,-87.47348,0.00000,0.00000,0.00000,-65.08621,0.00000,0.00000,30.00000,-92.52652,-0.11220,1.09609,6.50862,0.00000,0.00000,0.00000,0.00000,none
17.05833,-87.47348,-87.47348,0.00000,0.00000,0.00000,-65.08621,0.00000,0.00000,30.00000,-92.52652,-0.11220,1.09609,6.50862,0.00000,0.00000,0.00000,0.00000,none
17.06250,-87.47348,-87.47348,0.00000,0.00000,0.00000,-65.08621,0.00000,0.00000,30.00000,-92.52652,-0.11220,1.09609,6.50862,0.00000,0.00000,0.00000,0.00000,none
17.06667,-87.47348,-87.47348,0.00000,0.00000,0.00000,-65.08621,0.00000,0.00000,30.00000,-92.52652,-0.11220,1.09609,6.50862,0.00000,0.00000,0.00000,0.00000,none
17.07083,-87.47348,-87.47348,0.00000,0.00000,0.00000,-65.08621,0.00000,0.00000,30.00000,-92.52652,-0.11220,1.09609,6.50862,0.00000,0.00000,0.00000,0.00000,none
17.07500,-87.47348,-87.47348,0.00000,0.00000,0.00000,-65.08621,0.00000,0.00000,30.00000,-92.52652,-0.11220,1.09609,6.50862,0.00000,0.00000,0.00000,0.00000,none
17.07917,-87.47348,-87.47348,0.00000,0.00000,0.00000,-65.08621,0.00000,0.00000,30.00000,-92.52652,-0.11220,1.09609,6.50862,0.00000,0.00000,0.00000,0.00000,none
17.08333,-87.47348,-87.47348,0.00000,0.00000,0.00000,-65.08621,0.00000,0.00000,30.00000,-92.52652,-0.11220,1.09609,6.50862,0.00000,0.00000,0.00000,0.00000,none
17.08750,-87.47348,-87.47348,0.00000,0.00000,0.00000,-65.08621,0.00000,0.00000,30.00000,-92.52652,-0.11220,1.09609,6.50862,0.00000,0.00000,0.00000,0.00000,none
17.09167,-87.47348,-87.47348,0.00000,0.00000,0.00000,-65.08621,0.00000,0.00000,30.00000,-92.52652,-0.11220,1.09609,6.50862,0.00000,0.00000,0.00000,0.00000,none
17.09583,-87.47348,-87.47348,0.00000,0.00000,0.00000,-65.08621,0.00000,0.00000,30.00000,-92.52652,-0.11220,1.09609,6.50862,0.00000,0.00000,0.00000,0.00000,none
17.10000,-87.47348,-87.47348,0.00000,0.00000,0.00000,-65.08621,0.00000,0.00000,30.00000,-92.52652,-0.11220,1.09609,6.50862,0.00000,0.00000,0.00000,0.00000,none
17.10417,-87.47348,-87.47348,0.00000,0.00000,0.00000,-65.08621,0.00000,0.00000,30.00000,-92.52652,-0.11220,1.09609,6.50862,0.00000,0.00000,0.00000,0.00000,none
17.10833,-87.47348,-87.47348,0.00000,0.00000,0.00000,-65.08621,0.00000,0.00000,30.00000,-92.52652,-0.11220,1.09609,6.50862,0.00000,0.00000,0.00000,0.00000,none
17.11250,-87.47348,-87.47348,0.00000,0.00000,0.00000,-65.08621,0.00000,0.00000,30.00000,-92.52652,-0.11220,1.09609,6.50862,0.00000,0.00000,0.00000,0.00000,none
17.11667,-87.47348,-87.47348,0.00000,0.00000,0.00000,-65.08621,0.00000,0.00000,30.00000,-92.52652,-0.11220,1.09609,6.50862,0.00000,0.00000,0.00000,0.00000,none
17.12083,-87.47348,-87.47348,0.00000,0.00000,0.00000,-65.08621,0.00000,0.00000,30.00000,-92.52652,-0.11220,1.09609,6.50862,0.00000,0.00000,0.00000,0.00000,none
17.12500,-87.47348,-87.47348,0.00000,0.00000,0.00000,-65.08621,0.00000,0.00000,30.00000,-92.52652,-0.11220,1.09609,6.50862,0.00000,0.00000,0.00000,0.00000,none
17.12917,-87.47348,-87.47348,0.00000,0.00000,0.00000,-65.08621,0.00000,0.00000,30.00000,-92.52652,-0.11220,1.09609,6.50862,0.00000,0.00000,0.00000,0.00000,none
17.13333,-87.47348,-87.47348,0.00000,0.00000,0.00000,-65.08621,0.00000,0.00000,30.00000,-92.52652,-0.11220,1.09609,6.50862,0.00000,0.00000,0.00000,0.00000,none
17.13750,-87.47348,-87.47348,0.00000,0.00000,0.00000,-65.08621,0.00000,0.00000,30.00000,-92.52652,-0.11220,1.09609,6.50862,0.00000,0.00000,0.00000,0.00000,none
17.14167,-87.47348,-87.47348,0.00000,0.00000,0.00000,-65.08621,0.00000,0.00000,30.00000,-92.52652,-0.11220,1.09609,6.50862,0.00000,0.00000,0.00000,0.00000,none
17.14583,-87.47348,-87.47348,0.00000,0.00000,0.00000,-65.08621,0.00000,0.00000,30.00000,-92.52652,-0.11220,1.09609,6.50862,0.00000,0.00000,0.00000,0.00000,none
17.15000,-87.47348,-87.47348,0.00000,0.00000,0.00000,-65.08621,0.00000,0.00000,30.00000,-92.52652,-0.11220,1.09609,6.50862,0.00000,0.00000,0.00000,0.00000,none
17.15417,-87.47348,-87.47348,0.00000,0.00000,0.00000,-65.08621,0.00000,0.00000,30.00000,-92.52652,-0.11220,1.09609,6.50862,0.00000,0.00000,0.00000,0.00000,none
17.15833,-87.47348,-87.47348,0.00000,0.00000,0.00000,-65.08621,0.00000,0.00000,30.00000,-92.52652,-0.11220,1.09609,6.50862,0.00000,0.00000,0.00000,0.00000,none
17.16250,-87.47348,-87.47348,0.00000,0.00000,0.00000,-65.08621,0.00000,0.00000,30.00000,-92.52652,-0.11220,1.09609,6.50862,0.00000,0.00000,0.00000,0.00000,none
17.16667,-87.47348,-87.47348,0.00000,0.00000,0.00000,-65.08621,0.00000,0.00000,30.00000,-92.52652,-0.11220,1.09609,6.50862,0.00000,0.00000,0.00000,0.00000,none
17.17083,-87.47348,-87.47348,0.00000,0.00000,0.00000,-65.08621,0.00000,0.00000,30.00000,-92.52652,-0.11220,1.09609,6.50862,0.00000,0.00000,0.00000,0.00000,none
17.17500,-87.47348,-87.47348,0.00000,0.00000,0.00000,-65.08621,0.00000,0.00000,30.00000,-92.52652,-0.11220,1.09609,6.50862,0.00000,0.00000,0.00000,0.00000,none
17.17917,-87.47348,-87.47348,0.00000,0.00000,0.00000,-65.08621,0.00000,0.00000,30.00000,-92.52652,-0.11220,1.09609,6.50862,0.00000,0.00000,0.00000,0.00000,none
17.18333,-87.47348,-87.47348,0.00000,0.00000,0.00000,-65.08621,0.00000,0.00000,30.00000,-92.52652,-0.11220,1.09609,6.50862,0.00000,0.00000,0.00000,0.00000,none
17.18750,-87.47348,-87.47348,0.00000,0.00000,0.00000,-65.08621,0.00000,0.00000,30.00000,-92.52652,-0.11220,1.09609,6.50862,0.00000,0.00000,0.00000,0.00000,none
17.19167,-87.47348,-87.47348,0.00000,0.00000,0.00000,-65.08621,0.00000,0.00000,30.00000,-92.52652,-0.11220,1.09609,6.50862,0.00000,0.00000,0.00000,0.00000,none
17.19583,-87.47348,-87.47348,0.00000,0.00000,0.00000,-65.08621,0.00000,0.00000,30.00000,-92.52652,-0.11220,1.09609,6.50862,0.00000,0.00000,0.00000,0.00000,none
17.20000,-87.47348,-87.47348,0.00000,0.00000,0.00000,-65.08621,0.00000,0.00000,30.00000,-92.52652,-0.11220,1.09609,6.50862,0.00000,0.00000,0.00000,0.00000,none
17.20417,-87.47348,-87.47348,0.00000,0.00000,0.00000,-65.08621,0.00000,0.00000,30.00000,-92.52652,-0.11220,1.09609,6.50862,0.00000,0.00000,0.00000,0.00000,none
17.20833,-87.47348,-87.47348,0.00000,0.00000,0.00000,-65.08621,0.00000,0.00000,30.00000,-92.52652,-0.11220,1.09609,6.50862,0.00000,0.00000,0.00000,0.00000,none
17.21250,-87.47348,-87.47348,0.00000,0.00000,0.00000,-65.08621,0.00000,0.00000,30.00000,-92.52652,-0.11220,1.09609,6.50862,0.00000,0.00000,0.00000,0.00000,none
17.21667,-87.47348,-87.47348,0.00000,0.00000,0.00000,-65.08621,0.00000,0.00000,30.00000,-92.52652,-0.11220,1.09609,6.50862,0.00000,0.00000,0.00000,0.00000,none
17.22083,-87.47348,-87.47348,0.00000,0.00000,0.00000,-65.08621,0.00000,0.00000,30.00000,-92.52652,-0.11220,1.09609,6.50862,0.00000,0.00000,0.00000,0.00000,none
17.22500,-87.47348,-87.47348,0.00000,0.00000,0.00000,-65.08621,0.00000,0.00000,30.00000,-92.52652,-0.11220,1.09609,6.50862,0.00000,0.00000,0.00000,0.00000,none
17.22917,-87.47348,-87.47348,0.00000,0.00000,0.00000,-65.08621,0.00000,0.00000,30.00000,-92.52652,-0.11220,1.09609,6.50862,0.00000,0.00000,0.00000,0.00000,none
17.23333,-87.47348,-87.47348,0.00000,0.00000,0.00000,-65.08621,0.00000,0.00000,30.00000,-92.52652,-0.11220,1.09609,6.50862,0.00000,0.00000,0.00000,0.00000,none
17.23750,-87.47348,-87.47348,0.00000,0.00000,0.00000,-65.08621,0.00000,0.00000,30.00000,-92.52652,-0.11220,1.09609,6.50862,0.00000,0.00000,0.00000,0.00000,none
17.24167,-87.47348,-87.47348,0.00000,0.00000,0.00000,-65.08621,0.00000,0.00000,30.00000,-92.52652,-0.11220,1.09609,6.50862,0.00000,0.00000,0.00000,0.00000,none
17.24583,-87.47348,-87.47348,0.00000,0.00000,0.00000,-65.08621,0.00000,0.00000,30.00000,-92.52652,-0.11220,1.09609,6.50862,0.00000,0.00000,0.00000,0.00000,none
17.25000,-87.47348,-87.47348,0.00000,0.00000,0.00000,-65.08621,0.00000,0.00000,30.00000,-92.52652,-0.11220,1.09609,6.50862,0.00000,0.00000,0.00000,0.00000,none
17.25417,-87.47348,-87.47348,0.00000,0.00000,0.00000,-65.08621,0.00000,0.00000,30.00000,-92.52652,-0.11220,1.09609,6.50862,0.00000,0.00000,0.00000,0.00000,none
17.25833,-87.47348,-87.47348,0.00000,0.00000,0.00000,-65.08621,0.00000,0.00000,30.00000,-92.52652,-0.11220,1.09609,6.50862,0.00000,0.00000,0.00000,0.00000,none
17.26250,-87.47348,-87.47348,0.00000,0.00000,0.00000,-65.08621,0.00000,0.00000,30.00000,-92.52652,-0.11220,1.09609,6.50862,0.00000,0.00000,0.00000,0.00000,none
17.26667,-87.47348,-87.47348,0.00000,0.00000,0.00000,-65.08621,0.00000,0.00000,30.00000,-92.52652,-0.11220,1.09609,6.50862,0.00000,0.00000,0.00000,0.00000,none
17.27083,-87.47348,-87.47348,0.00000,0.00000,0.00000,-65.08621,0.00000,0.00000,30.00000,-92.52652,-0.11220,1.09609,6.50862,0.00000,0.00000,0.00000,0.00000,none
17.27500,-87.47348,-87.47348,0.00000,0.00000,0.00000,-65.08621,0.00000,0.00000,30.00000,-92.52652,-0.11220,1.09609,6.50862,0.00000,0.00000,0.00000,0.00000,none
17.27917,-87.47348,-87.47348,0.00000,0.00000,0.00000,-65.08621,0.00000,0.00000,30.00000,-92.52652,-0.11220,1.09609,6.50862,0.00000,0.00000,0.00000,0.00000,none
17.28333,-87.47348,-87.47348,0.00000,0.00000,0.00000,-65.08621,0.00000,0.00000,30.00000,-92.52652,-0.11220,1.09609,6.50862,0.00000,0.00000,0.00000,0.00000,none
17.28750,-87.47348,-87.47348,0.00000,0.00000,0.00000,-65.08621,0.00000,0.00000,30.00000,-92.52652,-0.11220,1.09609,6.50862,0.00000,0.00000,0.00000,0.00000,none
17.29167,-87.47348,-87.47348,0.00000,0.00000,0.00000,-65.08621,0.00000,0.00000,30.00000,-92.52652,-0.11220,1.09609,6.50862,0.00000,0.00000,0.00000,0.00000,none
17.29583,-87.47348,-87.47348,0.00000,0.00000,0.00000,-65.08621,0.00000,0.00000,30.00000,-92.52652,-0.11220,1.09609,6.50862,0.00000,0.00000,0.00000,0.00000,none
17.30000,-87.47348,-87.47348,0.00000,0.00000,0.00000,-65.08621,0.00000,0.00000,30.00000,-92.52652,-0.11220,1.09609,6.50862,0.00000,0.00000,0.00000,0.00000,none
17.30417,-87.47348,-87.47348,0.00000,0.00000,0.00000,-65.08621,0.00000,0.00000,30.00000,-92.52652,-0.11220,1.09609,6.50862,0.00000,0.00000,0.00000,0.00000,none
17.30833,-87.47348,-87.47348,0.00000,0.00000,0.00000,-65.08621,0.00000,0.00000,30.00000,-92.52652,-0.11220,1.09609,6.50862,0.00000,0.00000,0.00000,0.00000,none
17.31250,-87.47348,-87.47348,0.00000,0.00000,0.00000,-65.08621,0.00000,0.00000,30.00000,-92.52652,-0.11220,1.09609,6.50862,0.00000,0.00000,0.00000,0.00000,none
17.31667,-87.47348,-87.47348,0.00000,0.00000,0.00000,-65.08621,0.00000,0.00000,30.00000,-92.52652,-0.11220,1.09609,6.50862,0.00000,0.00000,0.00000,0.00000,none
17.32083,-87.47348,-87.47348,0.00000,0.00000,0.00000,-65.08621,0.00000,0.00000,30.00000,-92.52652,-0.11220,1.09609,6.50862,0.00000,0.00000,0.00000,0.00000,none
17.32500,-87.47348,-87.47348,0.00000,0.00000,0.00000,-65.08621,0.00000,0.00000,30.00000,-92.52652,-0.11220,1.09609,6.50862,0.00000,0.00000,0.00000,0.00000,none
17.32917,-87.47348,-87.47348,0.00000,0.00000,0.00000,-65.08621,0.00000,0.00000,30.00000,-92.52652,-0.11220,1.09609,6.50862,0.00000,0.00000,0.00000,0.00000,none
17.33333,-87.47348,-87.47348,0.00000,0.00000,0.00000,-65.08621,0.00000,0.00000,30.00000,-92.52652,-0.11220,1.09609,6.50862,0.00000,0.00000,0.00000,0.00000,none
17.33750,-87.47348,-87.47348,0.00000,0.00000,0.00000,-65.08621,0.00000,0.00000,30.00000,-92.52652,-0.11220,1.09609,6.50862,0.00000,0.00000,0.00000,0.00000,none
17.34167,-87.47348,-87.47348,0.00000,0.00000,0.00000,-65.08621,0.00000,0.00000,30.00000,-92.52652,-0.11220,1.09609,6.50862,0.00000,0.00000,0.00000,0.00000,none
17.34583,-87.47348,-87.47348,0.00000,0.00000,0.00000,-65.08621,0.00000,0.00000,30.00000,-92.52652,-0.11220,1.09609,6.50862,0.00000,0.00000,0.00000,0.00000,none
17.35000,-87.47348,-87.47348,0.00000,0.00000,0.00000,-65.08621,0.00000,0.00000,30.00000,-92.52652,-0.11220,1.09609,6.50862,0.00000,0.00000,0.00000,0.00000,none
17.35417,-87.47348,-87.47348,0.00000,0.00000,0.00000,-65.08621,0.00000,0.00000,30.00000,-92.52652,-0.11220,1.09609,6.50862,0.00000,0.00000,0.00000,0.00000,none
17.35833,-87.47348,-87.47348,0.00000,0.00000,0.00000,-65.08621,0.00000,0.00000,30.00000,-92.52652,-0.11220,1.09609,6.50862,0.00000,0.00000,0.00000,0.00000,none
17.36250,-87.47348,-87.47348,0.00000,0.00000,0.00000,-65.08621,0.00000,0.00000,30.00000,-92.52652,-0.11220,1.09609,6.50862,0.00000,0.00000,0.00000,0.00000,none
17.36667,-87.47348,-87.47348,0.00000,0.00000,0.00000,-65.08621,0.00000,0.00000,30.00000,-92.52652,-0.11220,1.09609,6.50862,0.00000,0.00000,0.00000,0.00000,none
17.37083,-87.47348,-87.47348,0.00000,0.00000,0.00000,-65.08621,0.00000,0.00000,30.00000,-92.52652,-0.11220,1.09609,6.50862,0.00000,0.00000,0.00000,0.00000,none
17.37500,-87.47348,-87.47348,0.00000,0.00000,0.00000,-65.08621,0.00000,0.00000,30.00000,-92.52652,-0.11220,1.09609,6.50862,0.00000,0.00000,0.00000,0.00000,none
17.37917,-87.47348,-87.47348,0.00000,0.00000,0.00000,-65.08621,0.00000,0.00000,30.00000,-92.52652,-0.11220,1.09609,6.50862,0.00000,0.00000,0.00000,0.00000,none
17.38333,-87.47348,-87.47348,0.00000,0.00000,0.00000,-65.08621,0.00000,0.00000,30.00000,-92.52652,-0.11220,1.09609,6.50862,0.00000,0.00000,0.00000,0.00000,none
17.38750,-87.47348,-87.47348,0.00000,0.00000,0.00000,-65.08621,0.00000,0.00000,30.00000,-92.52652,-0.11220,1.09609,6.50862,0.00000,0.00000,0.00000,0.00000,none
17.39167,-87.47348,-87.47348,0.00000,0.00000,0.00000,-65.08621,0.00000,0.00000,30.00000,-92.52652,-0.11220,1.09609,6.50862,0.00000,0.00000,0.00000,0.00000,none
17.39583,-87.47348,-87.47348,0.00000,0.00000,0.00000,-65.08621,0.00000,0.00000,30.00000,-92.52652,-0.11220,1.09609,6.50862,0.00000,0.00000,0.00000,0.00000,none
17.40000,-87.47348,-87.47348,0.00000,0.00000,0.00000,-65.08621,0.00000,0.00000,30.00000,-92.52652,-0.11220,1.09609,6.50862,0.00000,0.00000,0.00000,0.00000,none
17.40417,-87.47348,-87.47348,0.00000,0.00000,0.00000,-65.08621,0.00000,0.00000,30.00000,-92.52652,-0.11220,1.09609,6.50862,0.00000,0.00000,0.00000,0.00000,none
17.40833,-87.47348,-87.47348,0.00000,0.00000,0.00000,-65.08621,0.00000,0.00000,30.00000,-92.52652,-0.11220,1.09609,6.50862,0.00000,0.00000,0.00000,0.00000,none
17.41250,-87.47348,-87.47348,0.00000,0.00000,0.00000,-65.08621,0.00000,0.00000,30.00000,-92.52652,-0.11220,1.09609,6.50862,0.00000,0.00000,0.00000,0.00000,none
17.41667,-87.47348,-87.47348,0.00000,0.00000,0.00000,-65.08621,0.00000,0.00000,30.00000,-92.52652,-0.11220,1.09609,6.50862,0.00000,0.00000,0.00000,0.00000,none
17.42083,-87.47348,-87.47348,0.00000,0.00000,0.00000,-65.08621,0.00000,0.00000,30.00000,-92.52652,-0.11220,1.09609,6.50862,0.00000,0.00000,0.00000,0.00000,none
17.42500,-87.47348,-87.47348,0.00000,0.00000,0.00000,-65.08621,0.00000,0.00000,30.00000,-92.52652,-0.11220,1.09609,6.50862,0.00000,0.00000,0.00000,0.00000,none
17.42917,-87.47348,-87.47348,0.00000,0.00000,0.00000,-65.08621,0.00000,0.00000,30.00000,-92.52652,-0.11220,1.09609,6.50862,0.00000,0.00000,0.00000,0.00000,none
17.43333,-87.47348,-87.47348,0.00000,0.00000,0.00000,-65.08621,0.00000,0.00000,30.00000,-92.52652,-0.11220,1.09609,6.50862,0.00000,0.00000,0.00000,0.00000,none
17.43750,-87.47348,-87.47348,0.00000,0.00000,0.00000,-65.08621,0.00000,0.00000,30.00000,-92.52652,-0.11220,1.09609,6.50862,0.00000,0.00000,0.00000,0.00000,none
17.44167,-87.47348,-87.47348,0.00000,0.00000,0.00000,-65.08621,0.00000,0.00000,30.00000,-92.52652,-0.11220,1.09609,6.50862,0.00000,0.00000,0.00000,0.00000,none
17.44583,-87.47348,-87.47348,0.00000,0.00000,0.00000,-65.08621,0.00000,0.00000,30.00000,-92.52652,-0.11220,1.09609,6.50862,0.00000,0.00000,0.00000,0.00000,none
17.45000,-87.47348,-87.47348,0.00000,0.00000,0.00000,-65.08621,0.00000,0.00000,30.00000,-92.52652,-0.11220,1.09609,6.50862,0.00000,0.00000,0.00000,0.00000,none
17.45417,-87.47348,-87.47348,0.00000,0.00000,0.00000,-65.08621,0.00000,0.00000,30.00000,-92.52652,-0.11220,1.09609,6.50862,0.00000,0.00000,0.00000,0.00000,none
17.45833,-87.47348,-87.47348,0.00000,0.00000,0.00000,-65.08621,0.00000,0.00000,30.00000,-92.52652,-0.11220,1.09609,6.50862,0.00000,0.00000,0.00000,0.00000,none
17.46250,-87.47348,-87.47348,0.00000,0.00000,0.00000,-65.08621,0.00000,0.00000,30.00000,-92.52652,-0.11220,1.09609,6.50862,0.00000,0.00000,0.00000,0.00000,none
17.46667,-87.47348,-87.47348,0.00000,0.00000,0.00000,-65.08621,0.00000,0.00000,30.00000,-92.52652,-0.11220,1.09609,6.50862,0.00000,0.00000,0.00000,0.00000,none
17.47083,-87.47348,-87.47348,0.00000,0.00000,0.00000,-65.08621,0.00000,0.00000,30.00000,-92.52652,-0.11220,1.09609,6.50862,0.00000,0.00000,0.00000,0.00000,none
17.47500,-87.47348,-87.47348,0.00000,0.00000,0.00000,-65.08621,0.00000,0.00000,30.00000,-92.52652,-0.11220,1.09609,6.50862,0.00000,0.00000,0.00000,0.00000,none
17.47917,-87.47348,-87.47348,0.00000,0.00000,0.00000,-65.08621,0.00000,0.00000,30.00000,-92.52652,-0.11220,1.09609,6.50862,0.00000,0.00000,0.00000,0.00000,none
17.48333,-87.47348,-87.47348,0.00000,0.00000,0.00000,-65.08621,0.00000,0.00000,30.00000,-92.52652,-0.11220,1.09609,6.50862,0.00000,0.00000,0.00000,0.00000,none
17.48750,-87.47348,-87.47348,0.00000,0.00000,0.00000,-65.08621,0.00000,0.00000,30.00000,-92.52652,-0.11220,1.09609,6.50862,0.00000,0.00000,0.00000,0.00000,none
17.49167,-87.47348,-87.47348,0.00000,0.00000,0.00000,-65.08621,0.00000,0.00000,30.00000,-92.52652,-0.11220,1.09609,6.50862,0.00000,0.00000,0.00000,0.00000,none
17.49583,-87.47348,-87.47348,0.00000,0.00000,0.00000,-65.08621,0.00000,0.00000,30.00000,-92.52652,-0.11220,1.09609,6.50862,0.00000,0.00000,0.00000,0.00000,none
17.50000,-87.47348,-87.47348,0.00000,0.00000,0.00000,-65.08621,0.00000,0.00000,30.00000,-92.52652,-0.11220,1.09609,6.50862,0.00000,0.00000,0.00000,0.00000,none
17.50417,-87.47348,-87.47348,0.00000,0.00000,0.00000,-65.08621,0.00000,0.00000,30.00000,-92.52652,-0.11220,1.09609,6.50862,0.00000,0.00000,0.00000,0.00000,none
17.50833,-87.47348,-87.47348,0.00000,0.00000,0.00000,-65.08621,0.00000,0.00000,30.00000,-92.52652,-0.11220,1.09609,6.50862,0.00000,0.00000,0.00000,0.00000,none
17.51250,-87.47348,-87.47348,0.00000,0.00000,0.00000,-65.08621,0.00000,0.00000,30.00000,-92.52652,-0.11220,1.09609,6.50862,0.00000,0.00000,0.00000,0.00000,none
17.51667,-87.47348,-87.47348,0.00000,0.00000,0.00000,-65.08621,0.00000,0.00000,30.00000,-92.52652,-0.11220,1.09609,6.50862,0.00000,0.00000,0.00000,0.00000,none
17.52083,-87.47348,-87.47348,0.00000,0.00000,0.00000,-65.08621,0.00000,0.00000,30.00000,-92.52652,-0.11220,1.09609,6.50862,0.00000,0.00000,0.00000,0.00000,none
17.52500,-87.47348,-87.47348,0.00000,0.00000,0.00000,-65.08621,0.00000,0.00000,30.00000,-92.52652,-0.11220,1.09609,6.50862,0.00000,0.00000,0.00000,0.00000,none
17.52917,-87.47348,-87.47348,0.00000,0.00000,0.00000,-65.08621,0.00000,0.00000,30.00000,-92.52652,-0.11220,1.09609,6.50862,0.00000,0.00000,0.00000,0.00000,none
17.53333,-87.47348,-87.47348,0.00000,0.00000,0.00000,-65.08621,0.00000,0.00000,30.00000,-92.52652,-0.11220,1.09609,6.50862,0.00000,0.00000,0.00000,0.00000,none
17.53750,-87.47348,-87.47348,0.00000,0.00000,0.00000,-65.08621,0.00000,0.00000,30.00000,-92.52652,-0.11220,1.09609,6.50862,0.00000,0.00000,0.00000,0.00000,none
17.54167,-87.47348,-87.47348,0.00000,0.00000,0.00000,-65.08621,0.00000,0.00000,30.00000,-92.52652,-0.11220,1.09609,6.50862,0.00000,0.00000,0.00000,0.00000,none
17.54583,-87.47348,-87.47348,0.00000,0.00000,0.00000,-65.08621,0.00000,0.00000,30.00000,-92.52652,-0.11220,1.09609,6.50862,0.00000,0.00000,0.00000,0.00000,none
17.55000,-87.47348,-87.47348,0.00000,0.00000,0.00000,-65.08621,0.00000,0.00000,30.00000,-92.52652,-0.11220,1.09609,6.50862,0.00000,0.00000,0.00000,0.00000,none
17.55417,-87.47348,-87.47348,0.00000,0.00000,0.00000,-65.08621,0.00000,0.00000,30.00000,-92.52652,-0.11220,1.09609,6.50862,0.00000,0.00000,0.00000,0.00000,none
17.55833,-87.47348,-87.47348,0.00000,0.00000,0.00000,-65.08621,0.00000,0.00000,30.00000,-92.52652,-0.11220,1.09609,6.50862,0.00000,0.00000,0.00000,0.00000,none
17.56250,-87.47348,-87.47348,0.00000,0.00000,0.00000,-65.08621,0.00000,0.00000,30.00000,-92.52652,-0.11220,1.09609,6.50862,0.00000,0.00000,0.00000,0.00000,none
17.56667,-87.47348,-87.47348,0.00000,0.00000,0.00000,-65.08621,0.00000,0.00000,30.00000,-92.52652,-0.11220,1.09609,6.50862,0.00000,0.00000,0.00000,0.00000,none
17.57083,-87.47348,-87.47348,0.00000,0.00000,0.00000,-65.08621,0.00000,0.00000,30.00000,-92.52652,-0.11220,1.09609,6.50862,0.00000,0.00000,0.00000,0.00000,none
17.57500,-87.47348,-87.47348,0.00000,0.00000,0.00000,-65.08621,0.00000,0.00000,30.00000,-92.52652,-0.11220,1.09609,6.50862,0.00000,0.00000,0.00000,0.00000,none
17.57917,-87.47348,-87.47348,0.00000,0.00000,0.00000,-65.08621,0.00000,0.00000,30.00000,-92.52652,-0.11220,1.09609,6.50862,0.00000,0.00000,0.00000,0.00000,none
17.58333,-87.47348,-87.47348,0.00000,0.00000,0.00000,-65.08621,0.00000,0.00000,30.00000,-92.52652,-0.11220,1.09609,6.50862,0.00000,0.00000,0.00000,0.00000,none
17.58750,-87.47348,-87.47348,0.00000,0.00000,0.00000,-65.08621,0.00000,0.00000,30.00000,-92.52652,-0.11220,1.09609,6.50862,0.00000,0.00000,0.00000,0.00000,none
17.59167,-87.47348,-87.47348,0.00000,0.00000,0.00000,-65.08621,0.00000,0.00000,30.00000,-92.52652,-0.11220,1.09609,6.50862,0.00000,0.00000,0.00000,0.00000,none
17.59583,-87.47348,-87.47348,0.00000,0.00000,0.00000,-65.08621,0.00000,0.00000,30.00000,-92.52652,-0.11220,1.09609,6.50862,0.00000,0.00000,0.00000,0.00000,none
17.60000,-87.47348,-87.47348,0.00000,0.00000,0.00000,-65.08621,0.00000,0.00000,30.00000,-92.52652,-0.11220,1.09609,6.50862,0.00000,0.00000,0.00000,0.00000,none
17.60417,-87.47348,-87.47348,0.00000,0.00000,0.00000,-65.08621,0.00000,0.00000,30.00000,-92.52652,-0.11220,1.09609,6.50862,0.00000,0.00000,0.00000,0.00000,none
17.60833,-87.47348,-87.47348,0.00000,0.00000,0.00000,-65.08621,0.00000,0.00000,30.00000,-92.52652,-0.11220,1.09609,6.50862,0.00000,0.00000,0.00000,0.00000,none
17.61250,-87.47348,-87.47348,0.00000,0.00000,0.00000,-65.08621,0.00000,0.00000,30.00000,-92.52652,-0.11220,1.09609,6.50862,0.00000,0.00000,0.00000,0.00000,none
17.61667,-87.47348,-87.47348,0.00000,0.00000,0.00000,-65.08621,0.00000,0.00000,30.00000,-92.52652,-0.11220,1.09609,6.50862,0.00000,0.00000,0.00000,0.00000,none
17.62083,-87.47348,-87.47348,0.00000,0.00000,0.00000,-65.08621,0.00000,0.00000,30.00000,-92.52652,-0.11220,1.09609,6.50862,0.00000,0.00000,0.00000,0.00000,none
17.62500,-87.47348,-87.47348,0.00000,0.00000,0.00000,-65.08621,0.00000,0.00000,30.00000,-92.52652,-0.11220,1.09609,6.50862,0.00000,0.00000,0.00000,0.00000,none
17.62917,-87.47348,-87.47348,0.00000,0.00000,0.00000,-65.08621,0.00000,0.00000,30.00000,-92.52652,-0.11220,1.09609,6.50862,0.00000,0.00000,0.00000,0.00000,none
17.63333,-87.47348,-87.47348,0.00000,0.00000,0.00000,-65.08621,0.00000,0.00000,30.00000,-92.52652,-0.11220,1.09609,6.50862,0.00000,0.00000,0.00000,0.00000,none
17.63750,-87.47348,-87.47348,0.00000,0.00000,0.00000,-65.08621,0.00000,0.00000,30.00000,-92.52652,-0.11220,1.09609,6.50862,0.00000,0.00000,0.00000,0.00000,none
17.64167,-87.47348,-87.47348,0.00000,0.00000,0.00000,-65.08621,0.00000,0.00000,30.00000,-92.52652,-0.11220,1.09609,6.50862,0.00000,0.00000,0.00000,0.00000,none
17.64583,-87.47348,-87.47348,0.00000,0.00000,0.00000,-65.08621,0.00000,0.00000,30.00000,-92.52652,-0.11220,1.09609,6.50862,0.00000,0.00000,0.00000,0.00000,none
17.65000,-87.47348,-87.47348,0.00000,0.00000,0.00000,-65.08621,0.00000,0.00000,30.00000,-92.52652,-0.11220,1.09609,6.50862,0.00000,0.00000,0.00000,0.00000,none
17.65417,-87.47348,-87.47348,0.00000,0.00000,0.00000,-65.08621,0.00000,0.00000,30.00000,-92.52652,-0.11220,1.09609,6.50862,0.00000,0.00000,0.00000,0.00000,none
17.65833,-87.47348,-87.47348,0.00000,0.00000,0.00000,-65.08621,0.00000,0.00000,30.00000,-92.52652,-0.11220,1.09609,6.50862,0.00000,0.00000,0.00000,0.00000,none
17.66250,-87.47348,-87.47348,0.00000,0.00000,0.00000,-65.08621,0.00000,0.00000,30.00000,-92.52652,-0.11220,1.09609,6.50862,0.00000,0.00000,0.00000,0.00000,none
17.66667,-87.47348,-87.47348,0.00000,0.00000,0.00000,-65.08621,0.00000,0.00000,30.00000,-92.52652,-0.11220,1.09609,6.50862,0.00000,0.00000,0.00000,0.00000,none
17.67083,-87.47348,-87.47348,0.00000,0.00000,0.00000,-65.08621,0.00000,0.00000,30.00000,-92.52652,-0.11220,1.09609,6.50862,0.00000,0.00000,0.00000,0.00000,none
17.67500,-87.47348,-87.47348,0.00000,0.00000,0.00000,-65.08621,0.00000,0.00000,30.00000,-92.52652,-0.11220,1.09609,6.50862,0.00000,0.00000,0.00000,0.00000,none
17.67917,-87.47348,-87.47348,0.00000,0.00000,0.00000,-65.08621,0.00000,0.00000,30.00000,-92.52652,-0.11220,1.09609,6.50862,0.00000,0.00000,0.00000,0.00000,none
17.68333,-87.47348,-87.47348,0.00000,0.00000,0.00000,-65.08621,0.00000,0.00000,30.00000,-92.52652,-0.11220,1.09609,6.50862,0.00000,0.00000,0.00000,0.00000,none
17.68750,-87.47348,-87.47348,0.00000,0.00000,0.00000,-65.08621,0.00000,0.00000,30.00000,-92.52652,-0.11220,1.09609,6.50862,0.00000,0.00000,0.00000,0.00000,none
17.69167,-87.47348,-87.47348,0.00000,0.00000,0.00000,-65.08621,0.00000,0.00000,30.00000,-92.52652,-0.11220,1.09609,6.50862,0.00000,0.00000,0.00000,0.00000,none
17.69583,-87.47348,-87.47348,0.00000,0.00000,0.00000,-65.08621,0.00000,0.00000,30.00000,-92.52652,-0.11220,1.09609,6.50862,0.00000,0.00000,0.00000,0.00000,none
17.70000,-87.47348,-87.47348,0.00000,0.00000,0.00000,-65.08621,0.00000,0.00000,30.00000,-92.52652,-0.11220,1.09609,6.50862,0.00000,0.00000,0.00000,0.00000,none
17.70417,-87.47348,-87.47348,0.00000,0.00000,0.00000,-65.08621,0.00000,0.00000,30.00000,-92.52652,-0.11220,1.09609,6.50862,0.00000,0.00000,0.00000,0.00000,none
17.70833,-87.47348,-87.47348,0.00000,0.00000,0.00000,-65.08621,0.00000,0.00000,30.00000,-92.52652,-0.11220,1.09609,6.50862,0.00000,0.00000,0.00000,0.00000,none
17.71250,-87.47348,-87.47348,0.00000,0.00000,0.00000,-65.08621,0.00000,0.00000,30.00000,-92.52652,-0.11220,1.09609,6.50862,0.00000,0.00000,0.00000,0.00000,none
17.71667,-87.47348,-87.47348,0.00000,0.00000,0.00000,-65.08621,0.00000,0.00000,30.00000,-92.52652,-0.11220,1.09609,6.50862,0.00000,0.00000,0.00000,0.00000,none
17.72083,-87.47348,-87.47348,0.00000,0.00000,0.00000,-65.08621,0.00000,0.00000,30.00000,-92.52652,-0.11220,1.09609,6.50862,0.00000,0.00000,0.00000,0.00000,none
17.72500,-87.47348,-87.47348,0.00000,0.00000,0.00000,-65.08621,0.00000,0.00000,30.00000,-92.52652,-0.11220,1.09609,6.50862,0.00000,0.00000,0.00000,0.00000,none
17.72917,-87.47348,-87.47348,0.00000,0.00000,0.00000,-65.08621,0.00000,0.00000,30.00000,-92.52652,-0.11220,1.09609,6.50862,0.00000,0.00000,0.00000,0.00000,none
17.73333,-87.47348,-87.47348,0.00000,0.00000,0.00000,-65.08621,0.00000,0.00000,30.00000,-92.52652,-0.11220,1.09609,6.50862,0.00000,0.00000,0.00000,0.00000,none
17.73750,-87.47348,-87.47348,0.00000,0.00000,0.00000,-65.08621,0.00000,0.00000,30.00000,-92.52652,-0.11220,1.09609,6.50862,0.00000,0.00000,0.00000,0.00000,none
17.74167,-87.47348,-87.47348,0.00000,0.00000,0.00000,-65.08621,0.00000,0.00000,30.00000,-92.52652,-0.11220,1.09609,6.50862,0.00000,0.00000,0.00000,0.00000,none
17.74583,-87.47348,-87.47348,0.00000,0.00000,0.00000,-65.08621,0.00000,0.00000,30.00000,-92.52652,-0.11220,1.09609,6.50862,0.00000,0.00000,0.00000,0.00000,none
17.75000,-87.47348,-87.47348,0.00000,0.00000,0.00000,-65.08621,0.00000,0.00000,30.00000,-92.52652,-0.11220,1.09609,6.50862,0.00000,0.00000,0.00000,0.00000,none
17.75417,-87.47348,-87.47348,0.00000,0.00000,0.00000,-65.08621,0.00000,0.00000,30.00000,-92.52652,-0.11220,1.09609,6.50862,0.00000,0.00000,0.00000,0.00000,none
17.75833,-87.47348,-87.47348,0.00000,0.00000,0.00000,-65.08621,0.00000,0.00000,30.00000,-92.52652,-0.11220,1.09609,6.50862,0.00000,0.00000,0.00000,0.00000,none
17.76250,-87.47348,-87.47348,0.00000,0.00000,0.00000,-65.08621,0.00000,0.00000,30.00000,-92.52652,-0.11220,1.09609,6.50862,0.00000,0.00000,0.00000,0.00000,none
17.76667,-87.47348,-87.47348,0.00000,0.00000,0.00000,-65.08621,0.00000,0.00000,30.00000,-92.52652,-0.11220,1.09609,6.50862,0.00000,0.00000,0.00000,0.00000,none
17.77083,-87.47348,-87.47348,0.00000,0.00000,0.00000,-65.08621,0.00000,0.00000,30.00000,-92.52652,-0.11220,1.09609,6.50862,0.00000,0.00000,0.00000,0.00000,none
17.77500,-87.47348,-87.47348,0.00000,0.00000,0.00000,-65.08621,0.00000,0.00000,30.00000,-92.52652,-0.11220,1.09609,6.50862,0.00000,0.00000,0.00000,0.00000,none
17.77917,-87.47348,-87.47348,0.00000,0.00000,0.00000,-65.08621,0.00000,0.00000,30.00000,-92.52652,-0.11220,1.09609,6.50862,0.00000,0.00000,0.00000,0.00000,none
17.78333,-87.47348,-87.47348,0.00000,0.00000,0.00000,-65.08621,0.00000,0.00000,30.00000,-92.52652,-0.11220,1.09609,6.50862,0.00000,0.00000,0.00000,0.00000,none
17.78750,-87.47348,-87.47348,0.00000,0.00000,0.00000,-65.08621,0.00000,0.00000,30.00000,-92.52652,-0.11220,1.09609,6.50862,0.00000,0.00000,0.00000,0.00000,none
17.79167,-87.47348,-87.47348,0.00000,0.00000,0.00000,-65.08621,0.00000,0.00000,30.00000,-92.52652,-0.11220,1.09609,6.50862,0.00000,0.00000,0.00000,0.00000,none
17.79583,-87.47348,-87.47348,0.00000,0.00000,0.00000,-65.08621,0.00000,0.00000,30.00000,-92.52652,-0.11220,1.09609,6.50862,0.00000,0.00000,0.00000,0.00000,none
17.80000,-87.47348,-87.47348,0.00000,0.00000,0.00000,-65.08621,0.00000,0.00000,30.00000,-92.52652,-0.11220,1.09609,6.50862,0.00000,0.00000,0.00000,0.00000,none
17.80417,-87.47348,-87.47348,0.00000,0.00000,0.00000,-65.08621,0.00000,0.00000,30.00000,-92.52652,-0.11220,1.09609,6.50862,0.00000,0.00000,0.00000,0.00000,none
17.80833,-87.47348,-87.47348,0.00000,0.00000,0.00000,-65.08621,0.00000,0.00000,30.00000,-92.52652,-0.11220,1.09609,6.50862,0.00000,0.00000,0.00000,0.00000,none
17.81250,-87.47348,-87.47348,0.00000,0.00000,0.00000,-65.08621,0.00000,0.00000,30.00000,-92.52652,-0.11220,1.09609,6.50862,0.00000,0.00000,0.00000,0.00000,none
17.81667,-87.47348,-87.47348,0.00000,0.00000,0.00000,-65.08621,0.00000,0.00000,30.00000,-92.52652,-0.11220,1.09609,6.50862,0.00000,0.00000,0.00000,0.00000,none
17.82083,-87.47348,-87.47348,0.00000,0.00000,0.00000,-65.08621,0.00000,0.00000,30.00000,-92.52652,-0.11220,1.09609,6.50862,0.00000,0.00000,0.00000,0.00000,none
17.82500,-87.47348,-87.47348,0.00000,0.00000,0.00000,-65.08621,0.00000,0.00000,30.00000,-92.52652,-0.11220,1.09609,6.50862,0.00000,0.00000,0.00000,0.00000,none
17.82917,-87.47348,-87.47348,0.00000,0.00000,0.00000,-65.08621,0.00000,0.00000,30.00000,-92.52652,-0.11220,1.09609,6.50862,0.00000,0.00000,0.00000,0.00000,none
17.83333,-87.47348,-87.47348,0.00000,0.00000,0.00000,-65.08621,0.00000,0.00000,30.00000,-92.52652,-0.11220,1.09609,6.50862,0.00000,0.00000,0.00000,0.00000,none
17.83750,-87.47348,-87.47348,0.00000,0.00000,0.00000,-65.08621,0.00000,0.00000,30.00000,-92.52652,-0.11220,1.09609,6.50862,0.00000,0.00000,0.00000,0.00000,none
17.84167,-87.47348,-87.47348,0.00000,0.00000,0.00000,-65.08621,0.00000,0.00000,30.00000,-92.52652,-0.11220,1.09609,6.50862,0.00000,0.00000,0.00000,0.00000,none
17.84583,-87.47348,-87.47348,0.00000,0.00000,0.00000,-65.08621,0.00000,0.00000,30.00000,-92.52652,-0.11220,1.09609,6.50862,0.00000,0.00000,0.00000,0.00000,none
17.85000,-87.47348,-87.47348,0.00000,0.00000,0.00000,-65.08621,0.00000,0.00000,30.00000,-92.52652,-0.11220,1.09609,6.50862,0.00000,0.00000,0.00000,0.00000,none
17.85417,-87.47348,-87.47348,0.00000,0.00000,0.00000,-65.08621,0.00000,0.00000,30.00000,-92.52652,-0.11220,1.09609,6.50862,0.00000,0.00000,0.00000,0.00000,none
17.85833,-87.47348,-87.47348,0.00000,0.00000,0.00000,-65.08621,0.00000,0.00000,30.00000,-92.52652,-0.11220,1.09609,6.50862,0.00000,0.00000,0.00000,0.00000,none
17.86250,-87.47348,-87.47348,0.00000,0.00000,0.00000,-65.08621,0.00000,0.00000,30.00000,-92.52652,-0.11220,1.09609,6.50862,0.00000,0.00000,0.00000,0.00000,none
17.86667,-87.47348,-87.47348,0.00000,0.00000,0.00000,-65.08621,0.00000,0.00000,30.00000,-92.52652,-0.11220,1.09609,6.50862,0.00000,0.00000,0.00000,0.00000,none
17.87083,-87.47348,-87.47348,0.00000,0.00000,0.00000,-65.08621,0.00000,0.00000,30.00000,-92.52652,-0.11220,1.09609,6.50862,0.00000,0.00000,0.00000,0.00000,none
17.87500,-87.47348,-87.47348,0.00000,0.00000,0.00000,-65.08621,0.00000,0.00000,30.00000,-92.52652,-0.11220,1.09609,6.50862,0.00000,0.00000,0.00000,0.00000,none
17.87917,-87.47348,-87.47348,0.00000,0.00000,0.00000,-65.08621,0.00000,0.00000,30.00000,-92.52652,-0.11220,1.09609,6.50862,0.00000,0.00000,0.00000,0.00000,none
17.88333,-87.47348,-87.47348,0.00000,0.00000,0.00000,-65.08621,0.00000,0.00000,30.00000,-92.52652,-0.11220,1.09609,6.50862,0.00000,0.00000,0.00000,0.00000,none
17.88750,-87.47348,-87.47348,0.00000,0.00000,0.00000,-65.08621,0.00000,0.00000,30.00000,-92.52652,-0.11220,1.09609,6.50862,0.00000,0.00000,0.00000,0.00000,none
17.89167,-87.47348,-87.47348,0.00000,0.00000,0.00000,-65.08621,0.00000,0.00000,30.00000,-92.52652,-0.11220,1.09609,6.50862,0.00000,0.00000,0.00000,0.00000,none
17.89583,-87.47348,-87.47348,0.00000,0.00000,0.00000,-65.08621,0.00000,0.00000,30.00000,-92.52652,-0.11220,1.09609,6.50862,0.00000,0.00000,0.00000,0.00000,none
17.90000,-87.47348,-87.47348,0.00000,0.00000,0.00000,-65.08621,0.00000,0.00000,30.00000,-92.52652,-0.11220,1.09609,6.50862,0.00000,0.00000,0.00000,0.00000,none
17.90417,-87.47348,-87.47348,0.00000,0.00000,0.00000,-65.08621,0.00000,0.00000,30.00000,-92.52652,-0.11220,1.09609,6.50862,0.00000,0.00000,0.00000,0.00000,none
17.90833,-87.47348,-87.47348,0.00000,0.00000,0.00000,-65.08621,0.00000,0.00000,30.00000,-92.52652,-0.11220,1.09609,6.50862,0.00000,0.00000,0.00000,0.00000,none
17.91250,-87.47348,-87.47348,0.00000,0.00000,0.00000,-65.08621,0.00000,0.00000,30.00000,-92.52652,-0.11220,1.09609,6.50862,0.00000,0.00000,0.00000,0.00000,none
17.91667,-87.47348,-87.47348,0.00000,0.00000,0.00000,-65.08621,0.00000,0.00000,30.00000,-92.52652,-0.11220,1.09609,6.50862,0.00000,0.00000,0.00000,0.00000,none
17.92083,-87.47348,-87.47348,0.00000,0.00000,0.00000,-65.08621,0.00000,0.00000,30.00000,-92.52652,-0.11220,1.09609,6.50862,0.00000,0.00000,0.00000,0.00000,none
17.92500,-87.47348,-87.47348,0.00000,0.00000,0.00000,-65.08621,0.00000,0.00000,30.00000,-92.52652,-0.11220,1.09609,6.50862,0.00000,0.00000,0.00000,0.00000,none
17.92917,-87.47348,-87.47348,0.00000,0.00000,0.00000,-65.08621,0.00000,0.00000,30.00000,-92.52652,-0.11220,1.09609,6.50862,0.00000,0.00000,0.00000,0.00000,none
17.93333,-87.47348,-87.47348,0.00000,0.00000,0.00000,-65.08621,0.00000,0.00000,30.00000,-92.52652,-0.11220,1.09609,6.50862,0.00000,0.00000,0.00000,0.00000,none
17.93750,-87.47348,-87.47348,0.00000,0.00000,0.00000,-65.08621,0.00000,0.00000,30.00000,-92.52652,-0.11220,1.09609,6.50862,0.00000,0.00000,0.00000,0.00000,none
17.94167,-87.47348,-87.47348,0.00000,0.00000,0.00000,-65.08621,0.00000,0.00000,30.00000,-92.52652,-0.11220,1.09609,6.50862,0.00000,0.00000,0.00000,0.00000,none
17.94583,-87.47348,-87.47348,0.00000,0.00000,0.00000,-65.08621,0.00000,0.00000,30.00000,-92.52652,-0.11220,1.09609,6.50862,0.00000,0.00000,0.00000,0.00000,none
17.95000,-87.47348,-87.47348,0.00000,0.00000,0.00000,-65.08621,0.00000,0.00000,30.00000,-92.52652,-0.11220,1.09609,6.50862,0.00000,0.00000,0.00000,0.00000,none
17.95417,-87.47348,-87.47348,0.00000,0.00000,0.00000,-65.08621,0.00000,0.00000,30.00000,-92.52652,-0.11220,1.09609,6.50862,0.00000,0.00000,0.00000,0.00000,none
17.95833,-87.47348,-87.47348,0.00000,0.00000,0.00000,-65.08621,0.00000,0.00000,30.00000,-92.52652,-0.11220,1.09609,6.50862,0.00000,0.00000,0.00000,0.00000,none
17.96250,-87.47348,-87.47348,0.00000,0.00000,0.00000,-65.08621,0.00000,0.00000,30.00000,-92.52652,-0.11220,1.09609,6.50862,0.00000,0.00000,0.00000,0.00000,none
17.96667,-87.47348,-87.47348,0.00000,0.00000,0.00000,-65.08621,0.00000,0.00000,30.00000,-92.52652,-0.11220,1.09609,6.50862,0.00000,0.00000,0.00000,0.00000,none
17.97083,-87.47348,-87.47348,0.00000,0.00000,0.00000,-65.08621,0.00000,0.00000,30.00000,-92.52652,-0.11220,1.09609,6.50862,0.00000,0.00000,0.00000,0.00000,none
17.97500,-87.47348,-87.47348,0.00000,0.00000,0.00000,-65.08621,0.00000,0.00000,30.00000,-92.52652,-0.11220,1.09609,6.50862,0.00000,0.00000,0.00000,0.00000,none
17.97917,-87.47348,-87.47348,0.00000,0.00000,0.00000,-65.08621,0.00000,0.00000,30.00000,-92.52652,-0.11220,1.09609,6.50862,0.00000,0.00000,0.00000,0.00000,none
17.98333,-87.47348,-87.47348,0.00000,0.00000,0.00000,-65.08621,0.00000,0.00000,30.00000,-92.52652,-0.11220,1.09609,6.50862,0.00000,0.00000,0.00000,0.00000,none
17.98750,-87.47348,-87.47348,0.00000,0.00000,0.00000,-65.08621,0.00000,0.00000,30.00000,-92.52652,-0.11220,1.09609,6.50862,0.00000,0.00000,0.00000,0.00000,none
17.99167,-87.47348,-87.47348,0.00000,0.00000,0.00000,-65.08621,0.00000,0.00000,30.00000,-92.52652,-0.11220,1.09609,6.50862,0.00000,0.00000,0.00000,0.00000,none
17.99583,-87.47348,-87.47348,0.00000,0.00000,0.00000,-65.08621,0.00000,0.00000,30.00000,-92.52652,-0.11220,1.09609,6.50862,0.00000,0.00000,0.00000,0.00000,none
18.00000,-87.47348,-87.47348,0.00000,0.00000,0.00000,-65.08621,0.00000,0.00000,30.00000,-92.52652,-0.11220,1.09609,6.50862,0.00000,0.00000,0.00000,0.00000,none
18.00417,-87.47348,-87.47348,0.00000,0.00000,0.00000,-65.08621,0.00000,0.00000,30.00000,-92.52652,-0.11220,1.09609,6.50862,0.00000,0.00000,0.00000,0.00000,none
18.00833,-87.47348,-87.47348,0.00000,0.00000,0.00000,-65.08621,0.00000,0.00000,30.00000,-92.52652,-0.11220,1.09609,6.50862,0.00000,0.00000,0.00000,0.00000,none
18.01250,-87.47348,-87.47348,0.00000,0.00000,0.00000,-65.08621,0.00000,0.00000,30.00000,-92.52652,-0.11220,1.09609,6.50862,0.00000,0.00000,0.00000,0.00000,none
18.01667,-87.47348,-87.47348,0.00000,0.00000,0.00000,-65.08621,0.00000,0.00000,30.00000,-92.52652,-0.11220,1.09609,6.50862,0.00000,0.00000,0.00000,0.00000,none
18.02083,-87.47348,-87.47348,0.00000,0.00000,0.00000,-65.08621,0.00000,0.00000,30.00000,-92.52652,-0.11220,1.09609,6.50862,0.00000,0.00000,0.00000,0.00000,none
18.02500,-87.47348,-87.47348,0.00000,0.00000,0.00000,-65.08621,0.00000,0.00000,30.00000,-92.52652,-0.11220,1.09609,6.50862,0.00000,0.00000,0.00000,0.00000,none
18.02917,-87.47348,-87.47348,0.00000,0.00000,0.00000,-65.08621,0.00000,0.00000,30.00000,-92.52652,-0.11220,1.09609,6.50862,0.00000,0.00000,0.00000,0.00000,none
18.03333,-87.47348,-87.47348,0.00000,0.00000,0.00000,-65.08621,0.00000,0.00000,30.00000,-92.52652,-0.11220,1.09609,6.50862,0.00000,0.00000,0.00000,0.00000,none
18.03750,-87.47348,-87.47348,0.00000,0.00000,0.00000,-65.08621,0.00000,0.00000,30.00000,-92.52652,-0.11220,1.09609,6.50862,0.00000,0.00000,0.00000,0.00000,none
18.04167,-87.47348,-87.47348,0.00000,0.00000,0.00000,-65.08621,0.00000,0.00000,30.00000,-92.52652,-0.11220,1.09609,6.50862,0.00000,0.00000,0.00000,0.00000,none
18.04583,-87.47348,-87.47348,0.00000,0.00000,0.00000,-65.08621,0.00000,0.00000,30.00000,-92.52652,-0.11220,1.09609,6.50862,0.00000,0.00000,0.00000,0.00000,none
18.05000,-87.47348,-87.47348,0.00000,0.00000,0.00000,-65.08621,0.00000,0.00000,30.00000,-92.52652,-0.11220,1.09609,6.50862,0.00000,0.00000,0.00000,0.00000,none
18.05417,-87.47348,-87.47348,0.00000,0.00000,0.00000,-65.08621,0.00000,0.00000,30.00000,-92.52652,-0.11220,1.09609,6.50862,0.00000,0.00000,0.00000,0.00000,none
18.05833,-87.47348,-87.47348,0.00000,0.00000,0.00000,-65.08621,0.00000,0.00000,30.00000,-92.52652,-0.11220,1.09609,6.50862,0.00000,0.00000,0.00000,0.00000,none
18.06250,-87.47348,-87.47348,0.00000,0.00000,0.00000,-65.08621,0.00000,0.00000,30.00000,-92.52652,-0.11220,1.09609,6.50862,0.00000,0.00000,0.00000,0.00000,none
18.06667,-87.47348,-87.47348,0.00000,0.00000,0.00000,-65.08621,0.00000,0.00000,30.00000,-92.52652,-0.11220,1.09609,6.50862,0.00000,0.00000,0.00000,0.00000,none
18.07083,-87.47348,-87.47348,0.00000,0.00000,0.00000,-65.08621,0.00000,0.00000,30.00000,-92.52652,-0.11220,1.09609,6.50862,0.00000,0.00000,0.00000,0.00000,none
18.07500,-87.47348,-87.47348,0.00000,0.00000,0.00000,-65.08621,0.00000,0.00000,30.00000,-92.52652,-0.11220,1.09609,6.50862,0.00000,0.00000,0.00000,0.00000,none
18.07917,-87.47348,-87.47348,0.00000,0.00000,0.00000,-65.08621,0.00000,0.00000,30.00000,-92.52652,-0.11220,1.09609,6.50862,0.00000,0.00000,0.00000,0.00000,none
18.08333,-87.47348,-87.47348,0.00000,0.00000,0.00000,-65.08621,0.00000,0.00000,30.00000,-92.52652,-0.11220,1.09609,6.50862,0.00000,0.00000,0.00000,0.00000,none
18.08750,-87.47348,-87.47348,0.00000,0.00000,0.00000,-65.08621,0.00000,0.00000,30.00000,-92.52652,-0.11220,1.09609,6.50862,0.00000,0.00000,0.00000,0.00000,none
18.09167,-87.47348,-87.47348,0.00000,0.00000,0.00000,-65.08621,0.00000,0.00000,30.00000,-92.52652,-0.11220,1.09609,6.50862,0.00000,0.00000,0.00000,0.00000,none
18.09583,-87.47348,-87.47348,0.00000,0.00000,0.00000,-65.08621,0.00000,0.00000,30.00000,-92.52652,-0.11220,1.09609,6.50862,0.00000,0.00000,0.00000,0.00000,none
18.10000,-87.47348,-87.47348,0.00000,0.00000,0.00000,-65.08621,0.00000,0.00000,30.00000,-92.52652,-0.11220,1.09609,6.50862,0.00000,0.00000,0.00000,0.00000,none
18.10417,-87.47348,-87.47348,0.00000,0.00000,0.00000,-65.08621,0.00000,0.00000,30.00000,-92.52652,-0.11220,1.09609,6.50862,0.00000,0.00000,0.00000,0.00000,none
18.10833,-87.47348,-87.47348,0.00000,0.00000,0.00000,-65.08621,0.00000,0.00000,30.00000,-92.52652,-0.11220,1.09609,6.50862,0.00000,0.00000,0.00000,0.00000,none
18.11250,-87.47348,-87.47348,0.00000,0.00000,0.00000,-65.08621,0.00000,0.00000,30.00000,-92.52652,-0.11220,1.09609,6.50862,0.00000,0.00000,0.00000,0.00000,none
18.11667,-87.47348,-87.47348,0.00000,0.00000,0.00000,-65.08621,0.00000,0.00000,30.00000,-92.52652,-0.11220,1.09609,6.50862,0.00000,0.00000,0.00000,0.00000,none
18.12083,-87.47348,-87.47348,0.00000,0.00000,0.00000,-65.08621,0.00000,0.00000,30.00000,-92.52652,-0.11220,1.09609,6.50862,0.00000,0.00000,0.00000,0.00000,none
18.12500,-87.47348,-87.47348,0.00000,0.00000,0.00000,-65.08621,0.00000,0.00000,30.00000,-92.52652,-0.11220,1.09609,6.50862,0.00000,0.00000,0.00000,0.00000,none
18.12917,-87.47348,-87.47348,0.00000,0.00000,0.00000,-65.08621,0.00000,0.00000,30.00000,-92.52652,-0.11220,1.09609,6.50862,0.00000,0.00000,0.00000,0.00000,none
18.13333,-87.47348,-87.47348,0.00000,0.00000,0.00000,-65.08621,0.00000,0.00000,30.00000,-92.52652,-0.11220,1.09609,6.50862,0.00000,0.00000,0.00000,0.00000,none
18.13750,-87.47348,-87.47348,0.00000,0.00000,0.00000,-65.08621,0.00000,0.00000,30.00000,-92.52652,-0.11220,1.09609,6.50862,0.00000,0.00000,0.00000,0.00000,none
18.14167,-87.47348,-87.47348,0.00000,0.00000,0.00000,-65.08621,0.00000,0.00000,30.00000,-92.52652,-0.11220,1.09609,6.50862,0.00000,0.00000,0.00000,0.00000,none
18.14583,-87.47348,-87.47348,0.00000,0.00000,0.00000,-65.08621,0.00000,0.00000,30.00000,-92.52652,-0.11220,1.09609,6.50862,0.00000,0.00000,0.00000,0.00000,none
18.15000,-87.47348,-87.47348,0.00000,0.00000,0.00000,-65.08621,0.00000,0.00000,30.00000,-92.52652,-0.11220,1.09609,6.50862,0.00000,0.00000,0.00000,0.00000,none
18.15417,-87.47348,-87.47348,0.00000,0.00000,0.00000,-65.08621,0.00000,0.00000,30.00000,-92.52652,-0.11220,1.09609,6.50862,0.00000,0.00000,0.00000,0.00000,none
18.15833,-87.47348,-87.47348,0.00000,0.00000,0.00000,-65.08621,0.00000,0.00000,30.00000,-92.52652,-0.11220,1.09609,6.50862,0.00000,0.00000,0.00000,0.00000,none
18.16250,-87.47348,-87.47348,0.00000,0.00000,0.00000,-65.08621,0.00000,0.00000,30.00000,-92.52652,-0.11220,1.09609,6.50862,0.00000,0.00000,0.00000,0.00000,none
18.16667,-87.47348,-87.47348,0.00000,0.00000,0.00000,-65.08621,0.00000,0.00000,30.00000,-92.52652,-0.11220,1.09609,6.50862,0.00000,0.00000,0.00000,0.00000,none
18.17083,-87.47348,-87.47348,0.00000,0.00000,0.00000,-65.08621,0.00000,0.00000,30.00000,-92.52652,-0.11220,1.09609,6.50862,0.00000,0.00000,0.00000,0.00000,none
18.17500,-87.47348,-87.47348,0.00000,0.00000,0.00000,-65.08621,0.00000,0.00000,30.00000,-92.52652,-0.11220,1.09609,6.50862,0.00000,0.00000,0.00000,0.00000,none
18.17917,-87.47348,-87.47348,0.00000,0.00000,0.00000,-65.08621,0.00000,0.00000,30.00000,-92.52652,-0.11220,1.09609,6.50862,0.00000,0.00000,0.00000,0.00000,none
18.18333,-87.47348,-87.47348,0.00000,0.00000,0.00000,-65.08621,0.00000,0.00000,30.00000,-92.52652,-0.11220,1.09609,6.50862,0.00000,0.00000,0.00000,0.00000,none
18.18750,-87.47348,-87.47348,0.00000,0.00000,0.00000,-65.08621,0.00000,0.00000,30.00000,-92.52652,-0.11220,1.09609,6.50862,0.00000,0.00000,0.00000,0.00000,none
18.19167,-87.47348,-87.47348,0.00000,0.00000,0.00000,-65.08621,0.00000,0.00000,30.00000,-92.52652,-0.11220,1.09609,6.50862,0.00000,0.00000,0.00000,0.00000,none
18.19583,-87.47348,-87.47348,0.00000,0.00000,0.00000,-65.08621,0.00000,0.00000,30.00000,-92.52652,-0.11220,1.09609,6.50862,0.00000,0.00000,0.00000,0.00000,none
18.20000,-87.47348,-87.47348,0.00000,0.00000,0.00000,-65.08621,0.00000,0.00000,30.00000,-92.52652,-0.11220,1.09609,6.50862,0.00000,0.00000,0.00000,0.00000,none
18.20417,-87.47348,-87.47348,0.00000,0.00000,0.00000,-65.08621,0.00000,0.00000,30.00000,-92.52652,-0.11220,1.09609,6.50862,0.00000,0.00000,0.00000,0.00000,none
18.20833,-87.47348,-87.47348,0.00000,0.00000,0.00000,-65.08621,0.00000,0.00000,30.00000,-92.52652,-0.11220,1.09609,6.50862,0.00000,0.00000,0.00000,0.00000,none
18.21250,-87.47348,-87.47348,0.00000,0.00000,0.00000,-65.08621,0.00000,0.00000,30.00000,-92.52652,-0.11220,1.09609,6.50862,0.00000,0.00000,0.00000,0.00000,none
18.21667,-87.47348,-87.47348,0.00000,0.00000,0.00000,-65.08621,0.00000,0.00000,30.00000,-92.52652,-0.11220,1.09609,6.50862,0.00000,0.00000,0.00000,0.00000,none
18.22083,-87.47348,-87.47348,0.00000,0.00000,0.00000,-65.08621,0.00000,0.00000,30.00000,-92.52652,-0.11220,1.09609,6.50862,0.00000,0.00000,0.00000,0.00000,none
18.22500,-87.47348,-87.47348,0.00000,0.00000,0.00000,-65.08621,0.00000,0.00000,30.00000,-92.52652,-0.11220,1.09609,6.50862,0.00000,0.00000,0.00000,0.00000,none
18.22917,-87.47348,-87.47348,0.00000,0.00000,0.00000,-65.08621,0.00000,0.00000,30.00000,-92.52652,-0.11220,1.09609,6.50862,0.00000,0.00000,0.00000,0.00000,none
18.23333,-87.47348,-87.47348,0.00000,0.00000,0.00000,-65.08621,0.00000,0.00000,30.00000,-92.52652,-0.11220,1.09609,6.50862,0.00000,0.00000,0.00000,0.00000,none
18.23750,-87.47348,-87.47348,0.00000,0.00000,0.00000,-65.08621,0.00000,0.00000,30.00000,-92.52652,-0.11220,1.09609,6.50862,0.00000,0.00000,0.00000,0.00000,none
18.24167,-87.47348,-87.47348,0.00000,0.00000,0.00000,-65.08621,0.00000,0.00000,30.00000,-92.52652,-0.11220,1.09609,6.50862,0.00000,0.00000,0.00000,0.00000,none
18.24583,-87.47348,-87.47348,0.00000,0.00000,0.00000,-65.08621,0.00000,0.00000,30.00000,-92.52652,-0.11220,1.09609,6.50862,0.00000,0.00000,0.00000,0.00000,none
18.25000,-87.47348,-87.47348,0.00000,0.00000,0.00000,-65.08621,0.00000,0.00000,30.00000,-92.52652,-0.11220,1.09609,6.50862,0.00000,0.00000,0.00000,0.00000,none
18.25417,-87.47348,-87.47348,0.00000,0.00000,0.00000,-65.08621,0.00000,0.00000,30.00000,-92.52652,-0.11220,1.09609,6.50862,0.00000,0.00000,0.00000,0.00000,none
18.25833,-87.47348,-87.47348,0.00000,0.00000,0.00000,-65.08621,0.00000,0.00000,30.00000,-92.52652,-0.11220,1.09609,6.50862,0.00000,0.00000,0.00000,0.00000,none
18.26250,-87.47348,-87.47348,0.00000,0.00000,0.00000,-65.08621,0.00000,0.00000,30.00000,-92.52652,-0.11220,1.09609,6.50862,0.00000,0.00000,0.00000,0.00000,none
18.26667,-87.47348,-87.47348,0.00000,0.00000,0.00000,-65.08621,0.00000,0.00000,30.00000,-92.52652,-0.11220,1.09609,6.50862,0.00000,0.00000,0.00000,0.00000,none
18.27083,-87.47348,-87.47348,0.00000,0.00000,0.00000,-65.08621,0.00000,0.00000,30.00000,-92.52652,-0.11220,1.09609,6.50862,0.00000,0.00000,0.00000,0.00000,none
18.27500,-87.47348,-87.47348,0.00000,0.00000,0.00000,-65.08621,0.00000,0.00000,30.00000,-92.52652,-0.11220,1.09609,6.50862,0.00000,0.00000,0.00000,0.00000,none
18.27917,-87.47348,-87.47348,0.00000,0.00000,0.00000,-65.08621,0.00000,0.00000,30.00000,-92.52652,-0.11220,1.09609,6.50862,0.00000,0.00000,0.00000,0.00000,none
18.28333,-87.47348,-87.47348,0.00000,0.00000,0.00000,-65.08621,0.00000,0.00000,30.00000,-92.52652,-0.11220,1.09609,6.50862,0.00000,0.00000,0.00000,0.00000,none
18.28750,-87.47348,-87.47348,0.00000,0.00000,0.00000,-65.08621,0.00000,0.00000,30.00000,-92.52652,-0.11220,1.09609,6.50862,0.00000,0.00000,0.00000,0.00000,none
18.29167,-87.47348,-87.47348,0.00000,0.00000,0.00000,-65.08621,0.00000,0.00000,30.00000,-92.52652,-0.11220,1.09609,6.50862,0.00000,0.00000,0.00000,0.00000,none
18.29583,-87.47348,-87.47348,0.00000,0.00000,0.00000,-65.08621,0.00000,0.00000,30.00000,-92.52652,-0.11220,1.09609,6.50862,0.00000,0.00000,0.00000,0.00000,none
18.30000,-87.47348,-87.47348,0.00000,0.00000,0.00000,-65.08621,0.00000,0.00000,30.00000,-92.52652,-0.11220,1.09609,6.50862,0.00000,0.00000,0.00000,0.00000,none
18.30417,-87.47348,-87.47348,0.00000,0.00000,0.00000,-65.08621,0.00000,0.00000,30.00000,-92.52652,-0.11220,1.09609,6.50862,0.00000,0.00000,0.00000,0.00000,none
18.30833,-87.47348,-87.47348,0.00000,0.00000,0.00000,-65.08621,0.00000,0.00000,30.00000,-92.52652,-0.11220,1.09609,6.50862,0.00000,0.00000,0.00000,0.00000,none
18.31250,-87.47348,-87.47348,0.00000,0.00000,0.00000,-65.08621,0.00000,0.00000,30.00000,-92.52652,-0.11220,1.09609,6.50862,0.00000,0.00000,0.00000,0.00000,none
18.31667,-87.47348,-87.47348,0.00000,0.00000,0.00000,-65.08621,0.00000,0.00000,30.00000,-92.52652,-0.11220,1.09609,6.50862,0.00000,0.00000,0.00000,0.00000,none
18.32083,-87.47348,-87.47348,0.00000,0.00000,0.00000,-65.08621,0.00000,0.00000,30.00000,-92.52652,-0.11220,1.09609,6.50862,0.00000,0.00000,0.00000,0.00000,none
18.32500,-87.47348,-87.47348,0.00000,0.00000,0.00000,-65.08621,0.00000,0.00000,30.00000,-92.52652,-0.11220,1.09609,6.50862,0.00000,0.00000,0.00000,0.00000,none
18.32917,-87.47348,-87.47348,0.00000,0.00000,0.00000,-65.08621,0.00000,0.00000,30.00000,-92.52652,-0.11220,1.09609,6.50862,0.00000,0.00000,0.00000,0.00000,none
18.33333,-87.47348,-87.47348,0.00000,0.00000,0.00000,-65.08621,0.00000,0.00000,30.00000,-92.52652,-0.11220,1.09609,6.50862,0.00000,0.00000,0.00000,0.00000,none
18.33750,-87.47348,-87.47348,0.00000,0.00000,0.00000,-65.08621,0.00000,0.00000,30.00000,-92.52652,-0.11220,1.09609,6.50862,0.00000,0.00000,0.00000,0.00000,none
18.34167,-87.47348,-87.47348,0.00000,0.00000,0.00000,-65.08621,0.00000,0.00000,30.00000,-92.52652,-0.11220,1.09609,6.50862,0.00000,0.00000,0.00000,0.00000,none
18.34583,-87.47348,-87.47348,0.00000,0.00000,0.00000,-65.08621,0.00000,0.00000,30.00000,-92.52652,-0.11220,1.09609,6.50862,0.00000,0.00000,0.00000,0.00000,none
18.35000,-87.47348,-87.47348,0.00000,0.00000,0.00000,-65.08621,0.00000,0.00000,30.00000,-92.52652,-0.11220,1.09609,6.50862,0.00000,0.00000,0.00000,0.00000,none
18.35417,-87.47348,-87.47348,0.00000,0.00000,0.00000,-65.08621,0.00000,0.00000,30.00000,-92.52652,-0.11220,1.09609,6.50862,0.00000,0.00000,0.00000,0.00000,none
18.35833,-87.47348,-87.47348,0.00000,0.00000,0.00000,-65.08621,0.00000,0.00000,30.00000,-92.52652,-0.11220,1.09609,6.50862,0.00000,0.00000,0.00000,0.00000,none
18.36250,-87.47348,-87.47348,0.00000,0.00000,0.00000,-65.08621,0.00000,0.00000,30.00000,-92.52652,-0.11220,1.09609,6.50862,0.00000,0.00000,0.00000,0.00000,none
18.36667,-87.47348,-87.47348,0.00000,0.00000,0.00000,-65.08621,0.00000,0.00000,30.00000,-92.52652,-0.11220,1.09609,6.50862,0.00000,0.00000,0.00000,0.00000,none
18.37083,-87.47348,-87.47348,0.00000,0.00000,0.00000,-65.08621,0.00000,0.00000,30.00000,-92.52652,-0.11220,1.09609,6.50862,0.00000,0.00000,0.00000,0.00000,none
18.37500,-87.47348,-87.47348,0.00000,0.00000,0.00000,-65.08621,0.00000,0.00000,30.00000,-92.52652,-0.11220,1.09609,6.50862,0.00000,0.00000,0.00000,0.00000,none
18.37917,-87.47348,-87.47348,0.00000,0.00000,0.00000,-65.08621,0.00000,0.00000,30.00000,-92.52652,-0.11220,1.09609,6.50862,0.00000,0.00000,0.00000,0.00000,none
18.38333,-87.47348,-87.47348,0.00000,0.00000,0.00000,-65.08621,0.00000,0.00000,30.00000,-92.52652,-0.11220,1.09609,6.50862,0.00000,0.00000,0.00000,0.00000,none
18.38750,-87.47348,-87.47348,0.00000,0.00000,0.00000,-65.08621,0.00000,0.00000,30.00000,-92.52652,-0.11220,1.09609,6.50862,0.00000,0.00000,0.00000,0.00000,none
18.39167,-87.47348,-87.47348,0.00000,0.00000,0.00000,-65.08621,0.00000,0.00000,30.00000,-92.52652,-0.11220,1.09609,6.50862,0.00000,0.00000,0.00000,0.00000,none
18.39583,-87.47348,-87.47348,0.00000,0.00000,0.00000,-65.08621,0.00000,0.00000,30.00000,-92.52652,-0.11220,1.09609,6.50862,0.00000,0.00000,0.00000,0.00000,none
18.40000,-87.47348,-87.47348,0.00000,0.00000,0.00000,-65.08621,0.00000,0.00000,30.00000,-92.52652,-0.11220,1.09609,6.50862,0.00000,0.00000,0.00000,0.00000,none
18.40417,-87.47348,-87.47348,0.00000,0.00000,0.00000,-65.08621,0.00000,0.00000,30.00000,-92.52652,-0.11220,1.09609,6.50862,0.00000,0.00000,0.00000,0.00000,none
18.40833,-87.47348,-87.47348,0.00000,0.00000,0.00000,-65.08621,0.00000,0.00000,30.00000,-92.52652,-0.11220,1.09609,6.50862,0.00000,0.00000,0.00000,0.00000,none
18.41250,-87.47348,-87.47348,0.00000,0.00000,0.00000,-65.08621,0.00000,0.00000,30.00000,-92.52652,-0.11220,1.09609,6.50862,0.00000,0.00000,0.00000,0.00000,none
18.41667,-87.47348,-87.47348,0.00000,0.00000,0.00000,-65.08621,0.00000,0.00000,30.00000,-92.52652,-0.11220,1.09609,6.50862,0.00000,0.00000,0.00000,0.00000,none
18.42083,-87.47348,-87.47348,0.00000,0.00000,0.00000,-65.08621,0.00000,0.00000,30.00000,-92.52652,-0.11220,1.09609,6.50862,0.00000,0.00000,0.00000,0.00000,none
18.42500,-87.47348,-87.47348,0.00000,0.00000,0.00000,-65.08621,0.00000,0.00000,30.00000,-92.52652,-0.11220,1.09609,6.50862,0.00000,0.00000,0.00000,0.00000,none
18.42917,-87.47348,-87.47348,0.00000,0.00000,0.00000,-65.08621,0.00000,0.00000,30.00000,-92.52652,-0.11220,1.09609,6.50862,0.00000,0.00000,0.00000,0.00000,none
18.43333,-87.47348,-87.47348,0.00000,0.00000,0.00000,-65.08621,0.00000,0.00000,30.00000,-92.52652,-0.11220,1.09609,6.50862,0.00000,0.00000,0.00000,0.00000,none
18.43750,-87.47348,-87.47348,0.00000,0.00000,0.00000,-65.08621,0.00000,0.00000,30.00000,-92.52652,-0.11220,1.09609,6.50862,0.00000,0.00000,0.00000,0.00000,none
18.44167,-87.47348,-87.47348,0.00000,0.00000,0.00000,-65.08621,0.00000,0.00000,30.00000,-92.52652,-0.11220,1.09609,6.50862,0.00000,0.00000,0.00000,0.00000,none
18.44583,-87.47348,-87.47348,0.00000,0.00000,0.00000,-65.08621,0.00000,0.00000,30.00000,-92.52652,-0.11220,1.09609,6.50862,0.00000,0.00000,0.00000,0.00000,none
18.45000,-87.47348,-87.47348,0.00000,0.00000,0.00000,-65.08621,0.00000,0.00000,30.00000,-92.52652,-0.11220,1.09609,6.50862,0.00000,0.00000,0.00000,0.00000,none
18.45417,-87.47348,-87.47348,0.00000,0.00000,0.00000,-65.08621,0.00000,0.00000,30.00000,-92.52652,-0.11220,1.09609,6.50862,0.00000,0.00000,0.00000,0.00000,none
18.45833,-87.47348,-87.47348,0.00000,0.00000,0.00000,-65.08621,0.00000,0.00000,30.00000,-92.52652,-0.11220,1.09609,6.50862,0.00000,0.00000,0.00000,0.00000,none
18.46250,-87.47348,-87.47348,0.00000,0.00000,0.00000,-65.08621,0.00000,0.00000,30.00000,-92.52652,-0.11220,1.09609,6.50862,0.00000,0.00000,0.00000,0.00000,none
18.46667,-87.47348,-87.47348,0.00000,0.00000,0.00000,-65.08621,0.00000,0.00000,30.00000,-92.52652,-0.11220,1.09609,6.50862,0.00000,0.00000,0.00000,0.00000,none
18.47083,-87.47348,-87.47348,0.00000,0.00000,0.00000,-65.08621,0.00000,0.00000,30.00000,-92.52652,-0.11220,1.09609,6.50862,0.00000,0.00000,0.00000,0.00000,none
18.47500,-87.47348,-87.47348,0.00000,0.00000,0.00000,-65.08621,0.00000,0.00000,30.00000,-92.52652,-0.11220,1.09609,6.50862,0.00000,0.00000,0.00000,0.00000,none
18.47917,-87.47348,-87.47348,0.00000,0.00000,0.00000,-65.08621,0.00000,0.00000,30.00000,-92.52652,-0.11220,1.09609,6.50862,0.00000,0.00000,0.00000,0.00000,none
18.48333,-87.47348,-87.47348,0.00000,0.00000,0.00000,-65.08621,0.00000,0.00000,30.00000,-92.52652,-0.11220,1.09609,6.50862,0.00000,0.00000,0.00000,0.00000,none
18.48750,-87.47348,-87.47348,0.00000,0.00000,0.00000,-65.08621,0.00000,0.00000,30.00000,-92.52652,-0.11220,1.09609,6.50862,0.00000,0.00000,0.00000,0.00000,none
18.49167,-87.47348,-87.47348,0.00000,0.00000,0.00000,-65.08621,0.00000,0.00000,30.00000,-92.52652,-0.11220,1.09609,6.50862,0.00000,0.00000,0.00000,0.00000,none
18.49583,-87.47348,-87.47348,0.00000,0.00000,0.00000,-65.08621,0.00000,0.00000,30.00000,-92.52652,-0.11220,1.09609,6.50862,0.00000,0.00000,0.00000,0.00000,none
18.50000,-87.47348,-87.47348,0.00000,0.00000,0.00000,-65.08621,0.00000,0.00000,30.00000,-92.52652,-0.11220,1.09609,6.50862,0.00000,0.00000,0.00000,0.00000,none
18.50417,-87.47348,-87.47348,0.00000,0.00000,0.00000,-65.08621,0.00000,0.00000,30.00000,-92.52652,-0.11220,1.09609,6.50862,0.00000,0.00000,0.00000,0.00000,none
18.50833,-87.47348,-87.47348,0.00000,0.00000,0.00000,-65.08621,0.00000,0.00000,30.00000,-92.52652,-0.11220,1.09609,6.50862,0.00000,0.00000,0.00000,0.00000,none
18.51250,-87.47348,-87.47348,0.00000,0.00000,0.00000,-65.08621,0.00000,0.00000,30.00000,-92.52652,-0.11220,1.09609,6.50862,0.00000,0.00000,0.00000,0.00000,none
18.51667,-87.47348,-87.47348,0.00000,0.00000,0.00000,-65.08621,0.00000,0.00000,30.00000,-92.52652,-0.11220,1.09609,6.50862,0.00000,0.00000,0.00000,0.00000,none
18.52083,-87.47348,-87.47348,0.00000,0.00000,0.00000,-65.08621,0.00000,0.00000,30.00000,-92.52652,-0.11220,1.09609,6.50862,0.00000,0.00000,0.00000,0.00000,none
18.52500,-87.47348,-87.47348,0.00000,0.00000,0.00000,-65.08621,0.00000,0.00000,30.00000,-92.52652,-0.11220,1.09609,6.50862,0.00000,0.00000,0.00000,0.00000,none
18.52917,-87.47348,-87.47348,0.00000,0.00000,0.00000,-65.08621,0.00000,0.00000,30.00000,-92.52652,-0.11220,1.09609,6.50862,0.00000,0.00000,0.00000,0.00000,none
18.53333,-87.47348,-87.47348,0.00000,0.00000,0.00000,-65.08621,0.00000,0.00000,30.00000,-92.52652,-0.11220,1.09609,6.50862,0.00000,0.00000,0.00000,0.00000,none
18.53750,-87.47348,-87.47348,0.00000,0.00000,0.00000,-65.08621,0.00000,0.00000,30.00000,-92.52652,-0.11220,1.09609,6.50862,0.00000,0.00000,0.00000,0.00000,none
18.54167,-87.47348,-87.47348,0.00000,0.00000,0.00000,-65.08621,0.00000,0.00000,30.00000,-92.52652,-0.11220,1.09609,6.50862,0.00000,0.00000,0.00000,0.00000,none
18.54583,-87.47348,-87.47348,0.00000,0.00000,0.00000,-65.08621,0.00000,0.00000,30.00000,-92.52652,-0.11220,1.09609,6.50862,0.00000,0.00000,0.00000,0.00000,none
18.55000,-87.47348,-87.47348,0.00000,0.00000,0.00000,-65.08621,0.00000,0.00000,30.00000,-92.52652,-0.11220,1.09609,6.50862,0.00000,0.00000,0.00000,0.00000,none
18.55417,-87.47348,-87.47348,0.00000,0.00000,0.00000,-65.08621,0.00000,0.00000,30.00000,-92.52652,-0.11220,1.09609,6.50862,0.00000,0.00000,0.00000,0.00000,none
18.55833,-87.47348,-87.47348,0.00000,0.00000,0.00000,-65.08621,0.00000,0.00000,30.00000,-92.52652,-0.11220,1.09609,6.50862,0.00000,0.00000,0.00000,0.00000,none
18.56250,-87.47348,-87.47348,0.00000,0.00000,0.00000,-65.08621,0.00000,0.00000,30.00000,-92.52652,-0.11220,1.09609,6.50862,0.00000,0.00000,0.00000,0.00000,none
18.56667,-87.47348,-87.47348,0.00000,0.00000,0.00000,-65.08621,0.00000,0.00000,30.00000,-92.52652,-0.11220,1.09609,6.50862,0.00000,0.00000,0.00000,0.00000,none
18.57083,-87.47348,-87.47348,0.00000,0.00000,0.00000,-65.08621,0.00000,0.00000,30.00000,-92.52652,-0.11220,1.09609,6.50862,0.00000,0.00000,0.00000,0.00000,none
18.57500,-87.47348,-87.47348,0.00000,0.00000,0.00000,-65.08621,0.00000,0.00000,30.00000,-92.52652,-0.11220,1.09609,6.50862,0.00000,0.00000,0.00000,0.00000,none
18.57917,-87.47348,-87.47348,0.00000,0.00000,0.00000,-65.08621,0.00000,0.00000,30.00000,-92.52652,-0.11220,1.09609,6.50862,0.00000,0.00000,0.00000,0.00000,none
18.58333,-87.47348,-87.47348,0.00000,0.00000,0.00000,-65.08621,0.00000,0.00000,30.00000,-92.52652,-0.11220,1.09609,6.50862,0.00000,0.00000,0.00000,0.00000,none
18.58750,-87.47348,-87.47348,0.00000,0.00000,0.00000,-65.08621,0.00000,0.00000,30.00000,-92.52652,-0.11220,1.09609,6.50862,0.00000,0.00000,0.00000,0.00000,none
18.59167,-87.47348,-87.47348,0.00000,0.00000,0.00000,-65.08621,0.00000,0.00000,30.00000,-92.52652,-0.11220,1.09609,6.50862,0.00000,0.00000,0.00000,0.00000,none
18.59583,-87.47348,-87.47348,0.00000,0.00000,0.00000,-65.08621,0.00000,0.00000,30.00000,-92.52652,-0.11220,1.09609,6.50862,0.00000,0.00000,0.00000,0.00000,none
18.60000,-87.47348,-87.47348,0.00000,0.00000,0.00000,-65.08621,0.00000,0.00000,30.00000,-92.52652,-0.11220,1.09609,6.50862,0.00000,0.00000,0.00000,0.00000,none
18.60417,-87.47348,-87.47348,0.00000,0.00000,0.00000,-65.08621,0.00000,0.00000,30.00000,-92.52652,-0.11220,1.09609,6.50862,0.00000,0.00000,0.00000,0.00000,none
18.60833,-87.47348,-87.47348,0.00000,0.00000,0.00000,-65.08621,0.00000,0.00000,30.00000,-92.52652,-0.11220,1.09609,6.50862,0.00000,0.00000,0.00000,0.00000,none
18.61250,-87.47348,-87.47348,0.00000,0.00000,0.00000,-65.08621,0.00000,0.00000,30.00000,-92.52652,-0.11220,1.09609,6.50862,0.00000,0.00000,0.00000,0.00000,none
18.61667,-87.47348,-87.47348,0.00000,0.00000,0.00000,-65.08621,0.00000,0.00000,30.00000,-92.52652,-0.11220,1.09609,6.50862,0.00000,0.00000,0.00000,0.00000,none
18.62083,-87.47348,-87.47348,0.00000,0.00000,0.00000,-65.08621,0.00000,0.00000,30.00000,-92.52652,-0.11220,1.09609,6.50862,0.00000,0.00000,0.00000,0.00000,none
18.62500,-87.47348,-87.47348,0.00000,0.00000,0.00000,-65.08621,0.00000,0.00000,30.00000,-92.52652,-0.11220,1.09609,6.50862,0.00000,0.00000,0.00000,0.00000,none
18.62917,-87.47348,-87.47348,0.00000,0.00000,0.00000,-65.08621,0.00000,0.00000,30.00000,-92.52652,-0.11220,1.09609,6.50862,0.00000,0.00000,0.00000,0.00000,none
18.63333,-87.47348,-87.47348,0.00000,0.00000,0.00000,-65.08621,0.00000,0.00000,30.00000,-92.52652,-0.11220,1.09609,6.50862,0.00000,0.00000,0.00000,0.00000,none
18.63750,-87.47348,-87.47348,0.00000,0.00000,0.00000,-65.08621,0.00000,0.00000,30.00000,-92.52652,-0.11220,1.09609,6.50862,0.00000,0.00000,0.00000,0.00000,none
18.64167,-87.47348,-87.47348,0.00000,0.00000,0.00000,-65.08621,0.00000,0.00000,30.00000,-92.52652,-0.11220,1.09609,6.50862,0.00000,0.00000,0.00000,0.00000,none
18.64583,-87.47348,-87.47348,0.00000,0.00000,0.00000,-65.08621,0.00000,0.00000,30.00000,-92.52652,-0.11220,1.09609,6.50862,0.00000,0.00000,0.00000,0.00000,none
18.65000,-87.47348,-87.47348,0.00000,0.00000,0.00000,-65.08621,0.00000,0.00000,30.00000,-92.52652,-0.11220,1.09609,6.50862,0.00000,0.00000,0.00000,0.00000,none
18.65417,-87.47348,-87.47348,0.00000,0.00000,0.00000,-65.08621,0.00000,0.00000,30.00000,-92.52652,-0.11220,1.09609,6.50862,0.00000,0.00000,0.00000,0.00000,none
18.65833,-87.47348,-87.47348,0.00000,0.00000,0.00000,-65.08621,0.00000,0.00000,30.00000,-92.52652,-0.11220,1.09609,6.50862,0.00000,0.00000,0.00000,0.00000,none
18.66250,-87.47348,-87.47348,0.00000,0.00000,0.00000,-65.08621,0.00000,0.00000,30.00000,-92.52652,-0.11220,1.09609,6.50862,0.00000,0.00000,0.00000,0.00000,none
18.66667,-87.47348,-87.47348,0.00000,0.00000,0.00000,-65.08621,0.00000,0.00000,30.00000,-92.52652,-0.11220,1.09609,6.50862,0.00000,0.00000,0.00000,0.00000,none
18.67083,-87.47348,-87.47348,0.00000,0.00000,0.00000,-65.08621,0.00000,0.00000,30.00000,-92.52652,-0.11220,1.09609,6.50862,0.00000,0.00000,0.00000,0.00000,none
18.67500,-87.47348,-87.47348,0.00000,0.00000,0.00000,-65.08621,0.00000,0.00000,30.00000,-92.52652,-0.11220,1.09609,6.50862,0.00000,0.00000,0.00000,0.00000,none
18.67917,-87.47348,-87.47348,0.00000,0.00000,0.00000,-65.08621,0.00000,0.00000,30.00000,-92.52652,-0.11220,1.09609,6.50862,0.00000,0.00000,0.00000,0.00000,none
18.68333,-87.47348,-87.47348,0.00000,0.00000,0.00000,-65.08621,0.00000,0.00000,30.00000,-92.52652,-0.11220,1.09609,6.50862,0.00000,0.00000,0.00000,0.00000,none
18.68750,-87.47348,-87.47348,0.00000,0.00000,0.00000,-65.08621,0.00000,0.00000,30.00000,-92.52652,-0.11220,1.09609,6.50862,0.00000,0.00000,0.00000,0.00000,none
18.69167,-87.47348,-87.47348,0.00000,0.00000,0.00000,-65.08621,0.00000,0.00000,30.00000,-92.52652,-0.11220,1.09609,6.50862,0.00000,0.00000,0.00000,0.00000,none
18.69583,-87.47348,-87.47348,0.00000,0.00000,0.00000,-65.08621,0.00000,0.00000,30.00000,-92.52652,-0.11220,1.09609,6.50862,0.00000,0.00000,0.00000,0.00000,none
18.70000,-87.47348,-87.47348,0.00000,0.00000,0.00000,-65.08621,0.00000,0.00000,30.00000,-92.52652,-0.11220,1.09609,6.50862,0.00000,0.00000,0.00000,0.00000,none
18.70417,-87.47348,-87.47348,0.00000,0.00000,0.00000,-65.08621,0.00000,0.00000,30.00000,-92.52652,-0.11220,1.09609,6.50862,0.00000,0.00000,0.00000,0.00000,none
18.70833,-87.47348,-87.47348,0.00000,0.00000,0.00000,-65.08621,0.00000,0.00000,30.00000,-92.52652,-0.11220,1.09609,6.50862,0.00000,0.00000,0.00000,0.00000,none
18.71250,-87.47348,-87.47348,0.00000,0.00000,0.00000,-65.08621,0.00000,0.00000,30.00000,-92.52652,-0.11220,1.09609,6.50862,0.00000,0.00000,0.00000,0.00000,none
18.71667,-87.47348,-87.47348,0.00000,0.00000,0.00000,-65.08621,0.00000,0.00000,30.00000,-92.52652,-0.11220,1.09609,6.50862,0.00000,0.00000,0.00000,0.00000,none
18.72083,-87.47348,-87.47348,0.00000,0.00000,0.00000,-65.08621,0.00000,0.00000,30.00000,-92.52652,-0.11220,1.09609,6.50862,0.00000,0.00000,0.00000,0.00000,none
18.72500,-87.47348,-87.47348,0.00000,0.00000,0.00000,-65.08621,0.00000,0.00000,30.00000,-92.52652,-0.11220,1.09609,6.50862,0.00000,0.00000,0.00000,0.00000,none
18.72917,-87.47348,-87.47348,0.00000,0.00000,0.00000,-65.08621,0.00000,0.00000,30.00000,-92.52652,-0.11220,1.09609,6.50862,0.00000,0.00000,0.00000,0.00000,none
18.73333,-87.47348,-87.47348,0.00000,0.00000,0.00000,-65.08621,0.00000,0.00000,30.00000,-92.52652,-0.11220,1.09609,6.50862,0.00000,0.00000,0.00000,0.00000,none
18.73750,-87.47348,-87.47348,0.00000,0.00000,0.00000,-65.08621,0.00000,0.00000,30.00000,-92.52652,-0.11220,1.09609,6.50862,0.00000,0.00000,0.00000,0.00000,none
18.74167,-87.47348,-87.47348,0.00000,0.00000,0.00000,-65.08621,0.00000,0.00000,30.00000,-92.52652,-0.11220,1.09609,6.50862,0.00000,0.00000,0.00000,0.00000,none
18.74583,-87.47348,-87.47348,0.00000,0.00000,0.00000,-65.08621,0.00000,0.00000,30.00000,-92.52652,-0.11220,1.09609,6.50862,0.00000,0.00000,0.00000,0.00000,none
18.75000,-87.47348,-87.47348,0.00000,0.00000,0.00000,-65.08621,0.00000,0.00000,30.00000,-92.52652,-0.11220,1.09609,6.50862,0.00000,0.00000,0.00000,0.00000,none
18.75417,-87.47348,-87.47348,0.00000,0.00000,0.00000,-65.08621,0.00000,0.00000,30.00000,-92.52652,-0.11220,1.09609,6.50862,0.00000,0.00000,0.00000,0.00000,none
18.75833,-87.47348,-87.47348,0.00000,0.00000,0.00000,-65.08621,0.00000,0.00000,30.00000,-92.52652,-0.11220,1.09609,6.50862,0.00000,0.00000,0.00000,0.00000,none
18.76250,-87.47348,-87.47348,0.00000,0.00000,0.00000,-65.08621,0.00000,0.00000,30.00000,-92.52652,-0.11220,1.09609,6.50862,0.00000,0.00000,0.00000,0.00000,none
18.76667,-87.47348,-87.47348,0.00000,0.00000,0.00000,-65.08621,0.00000,0.00000,30.00000,-92.52652,-0.11220,1.09609,6.50862,0.00000,0.00000,0.00000,0.00000,none
18.77083,-87.47348,-87.47348,0.00000,0.00000,0.00000,-65.08621,0.00000,0.00000,30.00000,-92.52652,-0.11220,1.09609,6.50862,0.00000,0.00000,0.00000,0.00000,none
18.77500,-87.47348,-87.47348,0.00000,0.00000,0.00000,-65.08621,0.00000,0.00000,30.00000,-92.52652,-0.11220,1.09609,6.50862,0.00000,0.00000,0.00000,0.00000,none
18.77917,-87.47348,-87.47348,0.00000,0.00000,0.00000,-65.08621,0.00000,0.00000,30.00000,-92.52652,-0.11220,1.09609,6.50862,0.00000,0.00000,0.00000,0.00000,none
18.78333,-87.47348,-87.47348,0.00000,0.00000,0.00000,-65.08621,0.00000,0.00000,30.00000,-92.52652,-0.11220,1.09609,6.50862,0.00000,0.00000,0.00000,0.00000,none
18.78750,-87.47348,-87.47348,0.00000,0.00000,0.00000,-65.08621,0.00000,0.00000,30.00000,-92.52652,-0.11220,1.09609,6.50862,0.00000,0.00000,0.00000,0.00000,none
18.79167,-87.47348,-87.47348,0.00000,0.00000,0.00000,-65.08621,0.00000,0.00000,30.00000,-92.52652,-0.11220,1.09609,6.50862,0.00000,0.00000,0.00000,0.00000,none
18.79583,-87.47348,-87.47348,0.00000,0.00000,0.00000,-65.08621,0.00000,0.00000,30.00000,-92.52652,-0.11220,1.09609,6.50862,0.00000,0.00000,0.00000,0.00000,none
18.80000,-87.47348,-87.47348,0.00000,0.00000,0.00000,-65.08621,0.00000,0.00000,30.00000,-92.52652,-0.11220,1.09609,6.50862,0.00000,0.00000,0.00000,0.00000,none
18.80417,-87.47348,-87.47348,0.00000,0.00000,0.00000,-65.08621,0.00000,0.00000,30.00000,-92.52652,-0.11220,1.09609,6.50862,0.00000,0.00000,0.00000,0.00000,none
18.80833,-87.47348,-87.47348,0.00000,0.00000,0.00000,-65.08621,0.00000,0.00000,30.00000,-92.52652,-0.11220,1.09609,6.50862,0.00000,0.00000,0.00000,0.00000,none
18.81250,-87.47348,-87.47348,0.00000,0.00000,0.00000,-65.08621,0.00000,0.00000,30.00000,-92.52652,-0.11220,1.09609,6.50862,0.00000,0.00000,0.00000,0.00000,none
18.81667,-87.47348,-87.47348,0.00000,0.00000,0.00000,-65.08621,0.00000,0.00000,30.00000,-92.52652,-0.11220,1.09609,6.50862,0.00000,0.00000,0.00000,0.00000,none
18.82083,-87.47348,-87.47348,0.00000,0.00000,0.00000,-65.08621,0.00000,0.00000,30.00000,-92.52652,-0.11220,1.09609,6.50862,0.00000,0.00000,0.00000,0.00000,none
18.82500,-87.47348,-87.47348,0.00000,0.00000,0.00000,-65.08621,0.00000,0.00000,30.00000,-92.52652,-0.11220,1.09609,6.50862,0.00000,0.00000,0.00000,0.00000,none
18.82917,-87.47348,-87.47348,0.00000,0.00000,0.00000,-65.08621,0.00000,0.00000,30.00000,-92.52652,-0.11220,1.09609,6.50862,0.00000,0.00000,0.00000,0.00000,none
18.83333,-87.47348,-87.47348,0.00000,0.00000,0.00000,-65.08621,0.00000,0.00000,30.00000,-92.52652,-0.11220,1.09609,6.50862,0.00000,0.00000,0.00000,0.00000,none
18.83750,-87.47348,-87.47348,0.00000,0.00000,0.00000,-65.08621,0.00000,0.00000,30.00000,-92.52652,-0.11220,1.09609,6.50862,0.00000,0.00000,0.00000,0.00000,none
18.84167,-87.47348,-87.47348,0.00000,0.00000,0.00000,-65.08621,0.00000,0.00000,30.00000,-92.52652,-0.11220,1.09609,6.50862,0.00000,0.00000,0.00000,0.00000,none
18.84583,-87.47348,-87.47348,0.00000,0.00000,0.00000,-65.08621,0.00000,0.00000,30.00000,-92.52652,-0.11220,1.09609,6.50862,0.00000,0.00000,0.00000,0.00000,none
18.85000,-87.47348,-87.47348,0.00000,0.00000,0.00000,-65.08621,0.00000,0.00000,30.00000,-92.52652,-0.11220,1.09609,6.50862,0.00000,0.00000,0.00000,0.00000,none
18.85417,-87.47348,-87.47348,0.00000,0.00000,0.00000,-65.08621,0.00000,0.00000,30.00000,-92.52652,-0.11220,1.09609,6.50862,0.00000,0.00000,0.00000,0.00000,none
18.85833,-87.47348,-87.47348,0.00000,0.00000,0.00000,-65.08621,0.00000,0.00000,30.00000,-92.52652,-0.11220,1.09609,6.50862,0.00000,0.00000,0.00000,0.00000,none
18.86250,-87.47348,-87.47348,0.00000,0.00000,0.00000,-65.08621,0.00000,0.00000,30.00000,-92.52652,-0.11220,1.09609,6.50862,0.00000,0.00000,0.00000,0.00000,none
18.86667,-87.47348,-87.47348,0.00000,0.00000,0.00000,-65.08621,0.00000,0.00000,30.00000,-92.52652,-0.11220,1.09609,6.50862,0.00000,0.00000,0.00000,0.00000,none
18.87083,-87.47348,-87.47348,0.00000,0.00000,0.00000,-65.08621,0.00000,0.00000,30.00000,-92.52652,-0.11220,1.09609,6.50862,0.00000,0.00000,0.00000,0.00000,none
18.87500,-87.47348,-87.47348,0.00000,0.00000,0.00000,-65.08621,0.00000,0.00000,30.00000,-92.52652,-0.11220,1.09609,6.50862,0.00000,0.00000,0.00000,0.00000,none
18.87917,-87.47348,-87.47348,0.00000,0.00000,0.00000,-65.08621,0.00000,0.00000,30.00000,-92.52652,-0.11220,1.09609,6.50862,0.00000,0.00000,0.00000,0.00000,none
18.88333,-87.47348,-87.47348,0.00000,0.00000,0.00000,-65.08621,0.00000,0.00000,30.00000,-92.52652,-0.11220,1.09609,6.50862,0.00000,0.00000,0.00000,0.00000,none
18.88750,-87.47348,-87.47348,0.00000,0.00000,0.00000,-65.08621,0.00000,0.00000,30.00000,-92.52652,-0.11220,1.09609,6.50862,0.00000,0.00000,0.00000,0.00000,none
18.89167,-87.47348,-87.47348,0.00000,0.00000,0.00000,-65.08621,0.00000,0.00000,30.00000,-92.52652,-0.11220,1.09609,6.50862,0.00000,0.00000,0.00000,0.00000,none
18.89583,-87.47348,-87.47348,0.00000,0.00000,0.00000,-65.08621,0.00000,0.00000,30.00000,-92.52652,-0.11220,1.09609,6.50862,0.00000,0.00000,0.00000,0.00000,none
18.90000,-87.47348,-87.47348,0.00000,0.00000,0.00000,-65.08621,0.00000,0.00000,30.00000,-92.52652,-0.11220,1.09609,6.50862,0.00000,0.00000,0.00000,0.00000,none
18.90417,-87.47348,-87.47348,0.00000,0.00000,0.00000,-65.08621,0.00000,0.00000,30.00000,-92.52652,-0.11220,1.09609,6.50862,0.00000,0.00000,0.00000,0.00000,none
18.90833,-87.47348,-87.47348,0.00000,0.00000,0.00000,-65.08621,0.00000,0.00000,30.00000,-92.52652,-0.11220,1.09609,6.50862,0.00000,0.00000,0.00000,0.00000,none
18.91250,-87.47348,-87.47348,0.00000,0.00000,0.00000,-65.08621,0.00000,0.00000,30.00000,-92.52652,-0.11220,1.09609,6.50862,0.00000,0.00000,0.00000,0.00000,none
18.91667,-87.47348,-87.47348,0.00000,0.00000,0.00000,-65.08621,0.00000,0.00000,30.00000,-92.52652,-0.11220,1.09609,6.50862,0.00000,0.00000,0.00000,0.00000,none
18.92083,-87.47348,-87.47348,0.00000,0.00000,0.00000,-65.08621,0.00000,0.00000,30.00000,-92.52652,-0.11220,1.09609,6.50862,0.00000,0.00000,0.00000,0.00000,none
18.92500,-87.47348,-87.47348,0.00000,0.00000,0.00000,-65.08621,0.00000,0.00000,30.00000,-92.52652,-0.11220,1.09609,6.50862,0.00000,0.00000,0.00000,0.00000,none
18.92917,-87.47348,-87.47348,0.00000,0.00000,0.00000,-65.08621,0.00000,0.00000,30.00000,-92.52652,-0.11220,1.09609,6.50862,0.00000,0.00000,0.00000,0.00000,none
18.93333,-87.47348,-87.47348,0.00000,0.00000,0.00000,-65.08621,0.00000,0.00000,30.00000,-92.52652,-0.11220,1.09609,6.50862,0.00000,0.00000,0.00000,0.00000,none
18.93750,-87.47348,-87.47348,0.00000,0.00000,0.00000,-65.08621,0.00000,0.00000,30.00000,-92.52652,-0.11220,1.09609,6.50862,0.00000,0.00000,0.00000,0.00000,none
18.94167,-87.47348,-87.47348,0.00000,0.00000,0.00000,-65.08621,0.00000,0.00000,30.00000,-92.52652,-0.11220,1.09609,6.50862,0.00000,0.00000,0.00000,0.00000,none
18.94583,-87.47348,-87.47348,0.00000,0.00000,0.00000,-65.08621,0.00000,0.00000,30.00000,-92.52652,-0.11220,1.09609,6.50862,0.00000,0.00000,0.00000,0.00000,none
18.95000,-87.47348,-87.47348,0.00000,0.00000,0.00000,-65.08621,0.00000,0.00000,30.00000,-92.52652,-0.11220,1.09609,6.50862,0.00000,0.00000,0.00000,0.00000,none
18.95417,-87.47348,-87.47348,0.00000,0.00000,0.00000,-65.08621,0.00000,0.00000,30.00000,-92.52652,-0.11220,1.09609,6.50862,0.00000,0.00000,0.00000,0.00000,none
18.95833,-87.47348,-87.47348,0.00000,0.00000,0.00000,-65.08621,0.00000,0.00000,30.00000,-92.52652,-0.11220,1.09609,6.50862,0.00000,0.00000,0.00000,0.00000,none
18.96250,-87.47348,-87.47348,0.00000,0.00000,0.00000,-65.08621,0.00000,0.00000,30.00000,-92.52652,-0.11220,1.09609,6.50862,0.00000,0.00000,0.00000,0.00000,none
18.96667,-87.47348,-87.47348,0.00000,0.00000,0.00000,-65.08621,0.00000,0.00000,30.00000,-92.52652,-0.11220,1.09609,6.50862,0.00000,0.00000,0.00000,0.00000,none
18.97083,-87.47348,-87.47348,0.00000,0.00000,0.00000,-65.08621,0.00000,0.00000,30.00000,-92.52652,-0.11220,1.09609,6.50862,0.00000,0.00000,0.00000,0.00000,none
18.97500,-87.47348,-87.47348,0.00000,0.00000,0.00000,-65.08621,0.00000,0.00000,30.00000,-92.52652,-0.11220,1.09609,6.50862,0.00000,0.00000,0.00000,0.00000,none
18.97917,-87.47348,-87.47348,0.00000,0.00000,0.00000,-65.08621,0.00000,0.00000,30.00000,-92.52652,-0.11220,1.09609,6.50862,0.00000,0.00000,0.00000,0.00000,none
18.98333,-87.47348,-87.47348,0.00000,0.00000,0.00000,-65.08621,0.00000,0.00000,30.00000,-92.52652,-0.11220,1.09609,6.50862,0.00000,0.00000,0.00000,0.00000,none
18.98750,-87.47348,-87.47348,0.00000,0.00000,0.00000,-65.08621,0.00000,0.00000,30.00000,-92.52652,-0.11220,1.09609,6.50862,0.00000,0.00000,0.00000,0.00000,none
18.99167,-87.47348,-87.47348,0.00000,0.00000,0.00000,-65.08621,0.00000,0.00000,30.00000,-92.52652,-0.11220,1.09609,6.50862,0.00000,0.00000,0.00000,0.00000,none
18.99583,-87.47348,-87.47348,0.00000,0.00000,0.00000,-65.08621,0.00000,0.00000,30.00000,-92.52652,-0.11220,1.09609,6.50862,0.00000,0.00000,0.00000,0.00000,none
19.00000,-87.47348,-87.47348,0.00000,0.00000,0.00000,-65.08621,0.00000,0.00000,30.00000,-92.52652,-0.11220,1.09609,6.50862,0.00000,0.00000,0.00000,0.00000,none
19.00417,-87.47348,-87.47348,0.00000,0.00000,0.00000,-65.08621,0.00000,0.00000,30.00000,-92.52652,-0.11220,1.09609,6.50862,0.00000,0.00000,0.00000,0.00000,none
19.00833,-87.47348,-87.47348,0.00000,0.00000,0.00000,-65.08621,0.00000,0.00000,30.00000,-92.52652,-0.11220,1.09609,6.50862,0.00000,0.00000,0.00000,0.00000,none
19.01250,-87.47348,-87.47348,0.00000,0.00000,0.00000,-65.08621,0.00000,0.00000,30.00000,-92.52652,-0.11220,1.09609,6.50862,0.00000,0.00000,0.00000,0.00000,none
19.01667,-87.47348,-87.47348,0.00000,0.00000,0.00000,-65.08621,0.00000,0.00000,30.00000,-92.52652,-0.11220,1.09609,6.50862,0.00000,0.00000,0.00000,0.00000,none
19.02083,-87.47348,-87.47348,0.00000,0.00000,0.00000,-65.08621,0.00000,0.00000,30.00000,-92.52652,-0.11220,1.09609,6.50862,0.00000,0.00000,0.00000,0.00000,none
19.02500,-87.47348,-87.47348,0.00000,0.00000,0.00000,-65.08621,0.00000,0.00000,30.00000,-92.52652,-0.11220,1.09609,6.50862,0.00000,0.00000,0.00000,0.00000,none
19.02917,-87.47348,-87.47348,0.00000,0.00000,0.00000,-65.08621,0.00000,0.00000,30.00000,-92.52652,-0.11220,1.09609,6.50862,0.00000,0.00000,0.00000,0.00000,none
19.03333,-87.47348,-87.47348,0.00000,0.00000,0.00000,-65.08621,0.00000,0.00000,30.00000,-92.52652,-0.11220,1.09609,6.50862,0.00000,0.00000,0.00000,0.00000,none
19.03750,-87.47348,-87.47348,0.00000,0.00000,0.00000,-65.08621,0.00000,0.00000,30.00000,-92.52652,-0.11220,1.09609,6.50862,0.00000,0.00000,0.00000,0.00000,none
19.04167,-87.47348,-87.47348,0.00000,0.00000,0.00000,-65.08621,0.00000,0.00000,30.00000,-92.52652,-0.11220,1.09609,6.50862,0.00000,0.00000,0.00000,0.00000,none
19.04583,-87.47348,-87.47348,0.00000,0.00000,0.00000,-65.08621,0.00000,0.00000,30.00000,-92.52652,-0.11220,1.09609,6.50862,0.00000,0.00000,0.00000,0.00000,none
19.05000,-87.47348,-87.47348,0.00000,0.00000,0.00000,-65.08621,0.00000,0.00000,30.00000,-92.52652,-0.11220,1.09609,6.50862,0.00000,0.00000,0.00000,0.00000,none
19.05417,-87.47348,-87.47348,0.00000,0.00000,0.00000,-65.08621,0.00000,0.00000,30.00000,-92.52652,-0.11220,1.09609,6.50862,0.00000,0.00000,0.00000,0.00000,none
19.05833,-87.47348,-87.47348,0.00000,0.00000,0.00000,-65.08621,0.00000,0.00000,30.00000,-92.52652,-0.11220,1.09609,6.50862,0.00000,0.00000,0.00000,0.00000,none
19.06250,-87.47348,-87.47348,0.00000,0.00000,0.00000,-65.08621,0.00000,0.00000,30.00000,-92.52652,-0.11220,1.09609,6.50862,0.00000,0.00000,0.00000,0.00000,none
19.06667,-87.47348,-87.47348,0.00000,0.00000,0.00000,-65.08621,0.00000,0.00000,30.00000,-92.52652,-0.11220,1.09609,6.50862,0.00000,0.00000,0.00000,0.00000,none
19.07083,-87.47348,-87.47348,0.00000,0.00000,0.00000,-65.08621,0.00000,0.00000,30.00000,-92.52652,-0.11220,1.09609,6.50862,0.00000,0.00000,0.00000,0.00000,none
19.07500,-87.47348,-87.47348,0.00000,0.00000,0.00000,-65.08621,0.00000,0.00000,30.00000,-92.52652,-0.11220,1.09609,6.50862,0.00000,0.00000,0.00000,0.00000,none
19.07917,-87.47348,-87.47348,0.00000,0.00000,0.00000,-65.08621,0.00000,0.00000,30.00000,-92.52652,-0.11220,1.09609,6.50862,0.00000,0.00000,0.00000,0.00000,none
19.08333,-87.47348,-87.47348,0.00000,0.00000,0.00000,-65.08621,0.00000,0.00000,30.00000,-92.52652,-0.11220,1.09609,6.50862,0.00000,0.00000,0.00000,0.00000,none
19.08750,-87.47348,-87.47348,0.00000,0.00000,0.00000,-65.08621,0.00000,0.00000,30.00000,-92.52652,-0.11220,1.09609,6.50862,0.00000,0.00000,0.00000,0.00000,none
19.09167,-87.47348,-87.47348,0.00000,0.00000,0.00000,-65.08621,0.00000,0.00000,30.00000,-92.52652,-0.11220,1.09609,6.50862,0.00000,0.00000,0.00000,0.00000,none
19.09583,-87.47348,-87.47348,0.00000,0.00000,0.00000,-65.08621,0.00000,0.00000,30.00000,-92.52652,-0.11220,1.09609,6.50862,0.00000,0.00000,0.00000,0.00000,none
19.10000,-87.47348,-87.47348,0.00000,0.00000,0.00000,-65.08621,0.00000,0.00000,30.00000,-92.52652,-0.11220,1.09609,6.50862,0.00000,0.00000,0.00000,0.00000,none
19.10417,-87.47348,-87.47348,0.00000,0.00000,0.00000,-65.08621,0.00000,0.00000,30.00000,-92.52652,-0.11220,1.09609,6.50862,0.00000,0.00000,0.00000,0.00000,none
19.10833,-87.47348,-87.47348,0.00000,0.00000,0.00000,-65.08621,0.00000,0.00000,30.00000,-92.52652,-0.11220,1.09609,6.50862,0.00000,0.00000,0.00000,0.00000,none
19.11250,-87.47348,-87.47348,0.00000,0.00000,0.00000,-65.08621,0.00000,0.00000,30.00000,-92.52652,-0.11220,1.09609,6.50862,0.00000,0.00000,0.00000,0.00000,none
19.11667,-87.47348,-87.47348,0.00000,0.00000,0.00000,-65.08621,0.00000,0.00000,30.00000,-92.52652,-0.11220,1.09609,6.50862,0.00000,0.00000,0.00000,0.00000,none
19.12083,-87.47348,-87.47348,0.00000,0.00000,0.00000,-65.08621,0.00000,0.00000,30.00000,-92.52652,-0.11220,1.09609,6.50862,0.00000,0.00000,0.00000,0.00000,none
19.12500,-87.47348,-87.47348,0.00000,0.00000,0.00000,-65.08621,0.00000,0.00000,30.00000,-92.52652,-0.11220,1.09609,6.50862,0.00000,0.00000,0.00000,0.00000,none
19.12917,-87.47348,-87.47348,0.00000,0.00000,0.00000,-65.08621,0.00000,0.00000,30.00000,-92.52652,-0.11220,1.09609,6.50862,0.00000,0.00000,0.00000,0.00000,none
19.13333,-87.47348,-87.47348,0.00000,0.00000,0.00000,-65.08621,0.00000,0.00000,30.00000,-92.52652,-0.11220,1.09609,6.50862,0.00000,0.00000,0.00000,0.00000,none
19.13750,-87.47348,-87.47348,0.00000,0.00000,0.00000,-65.08621,0.00000,0.00000,30.00000,-92.52652,-0.11220,1.09609,6.50862,0.00000,0.00000,0.00000,0.00000,none
19.14167,-87.47348,-87.47348,0.00000,0.00000,0.00000,-65.08621,0.00000,0.00000,30.00000,-92.52652,-0.11220,1.09609,6.50862,0.00000,0.00000,0.00000,0.00000,none
19.14583,-87.47348,-87.47348,0.00000,0.00000,0.00000,-65.08621,0.00000,0.00000,30.00000,-92.52652,-0.11220,1.09609,6.50862,0.00000,0.00000,0.00000,0.00000,none
19.15000,-87.47348,-87.47348,0.00000,0.00000,0.00000,-65.08621,0.00000,0.00000,30.00000,-92.52652,-0.11220,1.09609,6.50862,0.00000,0.00000,0.00000,0.00000,none
19.15417,-87.47348,-87.47348,0.00000,0.00000,0.00000,-65.08621,0.00000,0.00000,30.00000,-92.52652,-0.11220,1.09609,6.50862,0.00000,0.00000,0.00000,0.00000,none
19.15833,-87.47348,-87.47348,0.00000,0.00000,0.00000,-65.08621,0.00000,0.00000,30.00000,-92.52652,-0.11220,1.09609,6.50862,0.00000,0.00000,0.00000,0.00000,none
19.16250,-87.47348,-87.47348,0.00000,0.00000,0.00000,-65.08621,0.00000,0.00000,30.00000,-92.52652,-0.11220,1.09609,6.50862,0.00000,0.00000,0.00000,0.00000,none
19.16667,-87.47348,-87.47348,0.00000,0.00000,0.00000,-65.08621,0.00000,0.00000,30.00000,-92.52652,-0.11220,1.09609,6.50862,0.00000,0.00000,0.00000,0.00000,none
19.17083,-87.47348,-87.47348,0.00000,0.00000,0.00000,-65.08621,0.00000,0.00000,30.00000,-92.52652,-0.11220,1.09609,6.50862,0.00000,0.00000,0.00000,0.00000,none
19.17500,-87.47348,-87.47348,0.00000,0.00000,0.00000,-65.08621,0.00000,0.00000,30.00000,-92.52652,-0.11220,1.09609,6.50862,0.00000,0.00000,0.00000,0.00000,none
19.17917,-87.47348,-87.47348,0.00000,0.00000,0.00000,-65.08621,0.00000,0.00000,30.00000,-92.52652,-0.11220,1.09609,6.50862,0.00000,0.00000,0.00000,0.00000,none
19.18333,-87.47348,-87.47348,0.00000,0.00000,0.00000,-65.08621,0.00000,0.00000,30.00000,-92.52652,-0.11220,1.09609,6.50862,0.00000,0.00000,0.00000,0.00000,none
19.18750,-87.47348,-87.47348,0.00000,0.00000,0.00000,-65.08621,0.00000,0.00000,30.00000,-92.52652,-0.11220,1.09609,6.50862,0.00000,0.00000,0.00000,0.00000,none
19.19167,-87.47348,-87.47348,0.00000,0.00000,0.00000,-65.08621,0.00000,0.00000,30.00000,-92.52652,-0.11220,1.09609,6.50862,0.00000,0.00000,0.00000,0.00000,none
19.19583,-87.47348,-87.47348,0.00000,0.00000,0.00000,-65.08621,0.00000,0.00000,30.00000,-92.52652,-0.11220,1.09609,6.50862,0.00000,0.00000,0.00000,0.00000,none
19.20000,-87.47348,-87.47348,0.00000,0.00000,0.00000,-65.08621,0.00000,0.00000,30.00000,-92.52652,-0.11220,1.09609,6.50862,0.00000,0.00000,0.00000,0.00000,none
19.20417,-87.47348,-87.47348,0.00000,0.00000,0.00000,-65.08621,0.00000,0.00000,30.00000,-92.52652,-0.11220,1.09609,6.50862,0.00000,0.00000,0.00000,0.00000,none
19.20833,-87.47348,-87.47348,0.00000,0.00000,0.00000,-65.08621,0.00000,0.00000,30.00000,-92.52652,-0.11220,1.09609,6.50862,0.00000,0.00000,0.00000,0.00000,none
19.21250,-87.47348,-87.47348,0.00000,0.00000,0.00000,-65.08621,0.00000,0.00000,30.00000,-92.52652,-0.11220,1.09609,6.50862,0.00000,0.00000,0.00000,0.00000,none
19.21667,-87.47348,-87.47348,0.00000,0.00000,0.00000,-65.08621,0.00000,0.00000,30.00000,-92.52652,-0.11220,1.09609,6.50862,0.00000,0.00000,0.00000,0.00000,none
19.22083,-87.47348,-87.47348,0.00000,0.00000,0.00000,-65.08621,0.00000,0.00000,30.00000,-92.52652,-0.11220,1.09609,6.50862,0.00000,0.00000,0.00000,0.00000,none
19.22500,-87.47348,-87.47348,0.00000,0.00000,0.00000,-65.08621,0.00000,0.00000,30.00000,-92.52652,-0.11220,1.09609,6.50862,0.00000,0.00000,0.00000,0.00000,none
19.22917,-87.47348,-87.47348,0.00000,0.00000,0.00000,-65.08621,0.00000,0.00000,30.00000,-92.52652,-0.11220,1.09609,6.50862,0.00000,0.00000,0.00000,0.00000,none
19.23333,-87.47348,-87.47348,0.00000,0.00000,0.00000,-65.08621,0.00000,0.00000,30.00000,-92.52652,-0.11220,1.09609,6.50862,0.00000,0.00000,0.00000,0.00000,none
19.23750,-87.47348,-87.47348,0.00000,0.00000,0.00000,-65.08621,0.00000,0.00000,30.00000,-92.52652,-0.11220,1.09609,6.50862,0.00000,0.00000,0.00000,0.00000,none
19.24167,-87.47348,-87.47348,0.00000,0.00000,0.00000,-65.08621,0.00000,0.00000,30.00000,-92.52652,-0.11220,1.09609,6.50862,0.00000,0.00000,0.00000,0.00000,none
19.24583,-87.47348,-87.47348,0.00000,0.00000,0.00000,-65.08621,0.00000,0.00000,30.00000,-92.52652,-0.11220,1.09609,6.50862,0.00000,0.00000,0.00000,0.00000,none
19.25000,-87.47348,-87.47348,0.00000,0.00000,0.00000,-65.08621,0.00000,0.00000,30.00000,-92.52652,-0.11220,1.09609,6.50862,0.00000,0.00000,0.00000,0.00000,none
19.25417,-87.47348,-87.47348,0.00000,0.00000,0.00000,-65.08621,0.00000,0.00000,30.00000,-92.52652,-0.11220,1.09609,6.50862,0.00000,0.00000,0.00000,0.00000,none
19.25833,-87.47348,-87.47348,0.00000,0.00000,0.00000,-65.08621,0.00000,0.00000,30.00000,-92.52652,-0.11220,1.09609,6.50862,0.00000,0.00000,0.00000,0.00000,none
19.26250,-87.47348,-87.47348,0.00000,0.00000,0.00000,-65.08621,0.00000,0.00000,30.00000,-92.52652,-0.11220,1.09609,6.50862,0.00000,0.00000,0.00000,0.00000,none
19.26667,-87.47348,-87.47348,0.00000,0.00000,0.00000,-65.08621,0.00000,0.00000,30.00000,-92.52652,-0.11220,1.09609,6.50862,0.00000,0.00000,0.00000,0.00000,none
19.27083,-87.47348,-87.47348,0.00000,0.00000,0.00000,-65.08621,0.00000,0.00000,30.00000,-92.52652,-0.11220,1.09609,6.50862,0.00000,0.00000,0.00000,0.00000,none
19.27500,-87.47348,-87.47348,0.00000,0.00000,0.00000,-65.08621,0.00000,0.00000,30.00000,-92.52652,-0.11220,1.09609,6.50862,0.00000,0.00000,0.00000,0.00000,none
19.27917,-87.47348,-87.47348,0.00000,0.00000,0.00000,-65.08621,0.00000,0.00000,30.00000,-92.52652,-0.11220,1.09609,6.50862,0.00000,0.00000,0.00000,0.00000,none
19.28333,-87.47348,-87.47348,0.00000,0.00000,0.00000,-65.08621,0.00000,0.00000,30.00000,-92.52652,-0.11220,1.09609,6.50862,0.00000,0.00000,0.00000,0.00000,none
19.28750,-87.47348,-87.47348,0.00000,0.00000,0.00000,-65.08621,0.00000,0.00000,30.00000,-92.52652,-0.11220,1.09609,6.50862,0.00000,0.00000,0.00000,0.00000,none
19.29167,-87.47348,-87.47348,0.00000,0.00000,0.00000,-65.08621,0.00000,0.00000,30.00000,-92.52652,-0.11220,1.09609,6.50862,0.00000,0.00000,0.00000,0.00000,none
19.29583,-87.47348,-87.47348,0.00000,0.00000,0.00000,-65.08621,0.00000,0.00000,30.00000,-92.52652,-0.11220,1.09609,6.50862,0.00000,0.00000,0.00000,0.00000,none
19.30000,-87.47348,-87.47348,0.00000,0.00000,0.00000,-65.08621,0.00000,0.00000,30.00000,-92.52652,-0.11220,1.09609,6.50862,0.00000,0.00000,0.00000,0.00000,none
19.30417,-87.47348,-87.47348,0.00000,0.00000,0.00000,-65.08621,0.00000,0.00000,30.00000,-92.52652,-0.11220,1.09609,6.50862,0.00000,0.00000,0.00000,0.00000,none
19.30833,-87.47348,-87.47348,0.00000,0.00000,0.00000,-65.08621,0.00000,0.00000,30.00000,-92.52652,-0.11220,1.09609,6.50862,0.00000,0.00000,0.00000,0.00000,none
19.31250,-87.47348,-87.47348,0.00000,0.00000,0.00000,-65.08621,0.00000,0.00000,30.00000,-92.52652,-0.11220,1.09609,6.50862,0.00000,0.00000,0.00000,0.00000,none
19.31667,-87.47348,-87.47348,0.00000,0.00000,0.00000,-65.08621,0.00000,0.00000,30.00000,-92.52652,-0.11220,1.09609,6.50862,0.00000,0.00000,0.00000,0.00000,none
19.32083,-87.47348,-87.47348,0.00000,0.00000,0.00000,-65.08621,0.00000,0.00000,30.00000,-92.52652,-0.11220,1.09609,6.50862,0.00000,0.00000,0.00000,0.00000,none
19.32500,-87.47348,-87.47348,0.00000,0.00000,0.00000,-65.08621,0.00000,0.00000,30.00000,-92.52652,-0.11220,1.09609,6.50862,0.00000,0.00000,0.00000,0.00000,none
19.32917,-87.47348,-87.47348,0.00000,0.00000,0.00000,-65.08621,0.00000,0.00000,30.00000,-92.52652,-0.11220,1.09609,6.50862,0.00000,0.00000,0.00000,0.00000,none
19.33333,-87.47348,-87.47348,0.00000,0.00000,0.00000,-65.08621,0.00000,0.00000,30.00000,-92.52652,-0.11220,1.09609,6.50862,0.00000,0.00000,0.00000,0.00000,none
19.33750,-87.47348,-87.47348,0.00000,0.00000,0.00000,-65.08621,0.00000,0.00000,30.00000,-92.52652,-0.11220,1.09609,6.50862,0.00000,0.00000,0.00000,0.00000,none
19.34167,-87.47348,-87.47348,0.00000,0.00000,0.00000,-65.08621,0.00000,0.00000,30.00000,-92.52652,-0.11220,1.09609,6.50862,0.00000,0.00000,0.00000,0.00000,none
19.34583,-87.47348,-87.47348,0.00000,0.00000,0.00000,-65.08621,0.00000,0.00000,30.00000,-92.52652,-0.11220,1.09609,6.50862,0.00000,0.00000,0.00000,0.00000,none
19.35000,-87.47348,-87.47348,0.00000,0.00000,0.00000,-65.08621,0.00000,0.00000,30.00000,-92.52652,-0.11220,1.09609,6.50862,0.00000,0.00000,0.00000,0.00000,none
19.35417,-87.47348,-87.47348,0.00000,0.00000,0.00000,-65.08621,0.00000,0.00000,30.00000,-92.52652,-0.11220,1.09609,6.50862,0.00000,0.00000,0.00000,0.00000,none
19.35833,-87.47348,-87.47348,0.00000,0.00000,0.00000,-65.08621,0.00000,0.00000,30.00000,-92.52652,-0.11220,1.09609,6.50862,0.00000,0.00000,0.00000,0.00000,none
19.36250,-87.47348,-87.47348,0.00000,0.00000,0.00000,-65.08621,0.00000,0.00000,30.00000,-92.52652,-0.11220,1.09609,6.50862,0.00000,0.00000,0.00000,0.00000,none
19.36667,-87.47348,-87.47348,0.00000,0.00000,0.00000,-65.08621,0.00000,0.00000,30.00000,-92.52652,-0.11220,1.09609,6.50862,0.00000,0.00000,0.00000,0.00000,none
19.37083,-87.47348,-87.47348,0.00000,0.00000,0.00000,-65.08621,0.00000,0.00000,30.00000,-92.52652,-0.11220,1.09609,6.50862,0.00000,0.00000,0.00000,0.00000,none
19.37500,-87.47348,-87.47348,0.00000,0.00000,0.00000,-65.08621,0.00000,0.00000,30.00000,-92.52652,-0.11220,1.09609,6.50862,0.00000,0.00000,0.00000,0.00000,none
19.37917,-87.47348,-87.47348,0.00000,0.00000,0.00000,-65.08621,0.00000,0.00000,30.00000,-92.52652,-0.11220,1.09609,6.50862,0.00000,0.00000,0.00000,0.00000,none
19.38333,-87.47348,-87.47348,0.00000,0.00000,0.00000,-65.08621,0.00000,0.00000,30.00000,-92.52652,-0.11220,1.09609,6.50862,0.00000,0.00000,0.00000,0.00000,none
19.38750,-87.47348,-87.47348,0.00000,0.00000,0.00000,-65.08621,0.00000,0.00000,30.00000,-92.52652,-0.11220,1.09609,6.50862,0.00000,0.00000,0.00000,0.00000,none
19.39167,-87.47348,-87.47348,0.00000,0.00000,0.00000,-65.08621,0.00000,0.00000,30.00000,-92.52652,-0.11220,1.09609,6.50862,0.00000,0.00000,0.00000,0.00000,none
19.39583,-87.47348,-87.47348,0.00000,0.00000,0.00000,-65.08621,0.00000,0.00000,30.00000,-92.52652,-0.11220,1.09609,6.50862,0.00000,0.00000,0.00000,0.00000,none
19.40000,-87.47348,-87.47348,0.00000,0.00000,0.00000,-65.08621,0.00000,0.00000,30.00000,-92.52652,-0.11220,1.09609,6.50862,0.00000,0.00000,0.00000,0.00000,none
19.40417,-87.47348,-87.47348,0.00000,0.00000,0.00000,-65.08621,0.00000,0.00000,30.00000,-92.52652,-0.11220,1.09609,6.50862,0.00000,0.00000,0.00000,0.00000,none
19.40833,-87.47348,-87.47348,0.00000,0.00000,0.00000,-65.08621,0.00000,0.00000,30.00000,-92.52652,-0.11220,1.09609,6.50862,0.00000,0.00000,0.00000,0.00000,none
19.41250,-87.47348,-87.47348,0.00000,0.00000,0.00000,-65.08621,0.00000,0.00000,30.00000,-92.52652,-0.11220,1.09609,6.50862,0.00000,0.00000,0.00000,0.00000,none
19.41667,-87.47348,-87.47348,0.00000,0.00000,0.00000,-65.08621,0.00000,0.00000,30.00000,-92.52652,-0.11220,1.09609,6.50862,0.00000,0.00000,0.00000,0.00000,none
19.42083,-87.47348,-87.47348,0.00000,0.00000,0.00000,-65.08621,0.00000,0.00000,30.00000,-92.52652,-0.11220,1.09609,6.50862,0.00000,0.00000,0.00000,0.00000,none
19.42500,-87.47348,-87.47348,0.00000,0.00000,0.00000,-65.08621,0.00000,0.00000,30.00000,-92.52652,-0.11220,1.09609,6.50862,0.00000,0.00000,0.00000,0.00000,none
19.42917,-87.47348,-87.47348,0.00000,0.00000,0.00000,-65.08621,0.00000,0.00000,30.00000,-92.52652,-0.11220,1.09609,6.50862,0.00000,0.00000,0.00000,0.00000,none
19.43333,-87.47348,-87.47348,0.00000,0.00000,0.00000,-65.08621,0.00000,0.00000,30.00000,-92.52652,-0.11220,1.09609,6.50862,0.00000,0.00000,0.00000,0.00000,none
19.43750,-87.47348,-87.47348,0.00000,0.00000,0.00000,-65.08621,0.00000,0.00000,30.00000,-92.52652,-0.11220,1.09609,6.50862,0.00000,0.00000,0.00000,0.00000,none
19.44167,-87.47348,-87.47348,0.00000,0.00000,0.00000,-65.08621,0.00000,0.00000,30.00000,-92.52652,-0.11220,1.09609,6.50862,0.00000,0.00000,0.00000,0.00000,none
19.44583,-87.47348,-87.47348,0.00000,0.00000,0.00000,-65.08621,0.00000,0.00000,30.00000,-92.52652,-0.11220,1.09609,6.50862,0.00000,0.00000,0.00000,0.00000,none
19.45000,-87.47348,-87.47348,0.00000,0.00000,0.00000,-65.08621,0.00000,0.00000,30.00000,-92.52652,-0.11220,1.09609,6.50862,0.00000,0.00000,0.00000,0.00000,none
19.45417,-87.47348,-87.47348,0.00000,0.00000,0.00000,-65.08621,0.00000,0.00000,30.00000,-92.52652,-0.11220,1.09609,6.50862,0.00000,0.00000,0.00000,0.00000,none
19.45833,-87.47348,-87.47348,0.00000,0.00000,0.00000,-65.08621,0.00000,0.00000,30.00000,-92.52652,-0.11220,1.09609,6.50862,0.00000,0.00000,0.00000,0.00000,none
19.46250,-87.47348,-87.47348,0.00000,0.00000,0.00000,-65.08621,0.00000,0.00000,30.00000,-92.52652,-0.11220,1.09609,6.50862,0.00000,0.00000,0.00000,0.00000,none
19.46667,-87.47348,-87.47348,0.00000,0.00000,0.00000,-65.08621,0.00000,0.00000,30.00000,-92.52652,-0.11220,1.09609,6.50862,0.00000,0.00000,0.00000,0.00000,none
19.47083,-87.47348,-87.47348,0.00000,0.00000,0.00000,-65.08621,0.00000,0.00000,30.00000,-92.52652,-0.11220,1.09609,6.50862,0.00000,0.00000,0.00000,0.00000,none
19.47500,-87.47348,-87.47348,0.00000,0.00000,0.00000,-65.08621,0.00000,0.00000,30.00000,-92.52652,-0.11220,1.09609,6.50862,0.00000,0.00000,0.00000,0.00000,none
19.47917,-87.47348,-87.47348,0.00000,0.00000,0.00000,-65.08621,0.00000,0.00000,30.00000,-92.52652,-0.11220,1.09609,6.50862,0.00000,0.00000,0.00000,0.00000,none
19.48333,-87.47348,-87.47348,0.00000,0.00000,0.00000,-65.08621,0.00000,0.00000,30.00000,-92.52652,-0.11220,1.09609,6.50862,0.00000,0.00000,0.00000,0.00000,none
19.48750,-87.47348,-87.47348,0.00000,0.00000,0.00000,-65.08621,0.00000,0.00000,30.00000,-92.52652,-0.11220,1.09609,6.50862,0.00000,0.00000,0.00000,0.00000,none
19.49167,-87.47348,-87.47348,0.00000,0.00000,0.00000,-65.08621,0.00000,0.00000,30.00000,-92.52652,-0.11220,1.09609,6.50862,0.00000,0.00000,0.00000,0.00000,none
19.49583,-87.47348,-87.47348,0.00000,0.00000,0.00000,-65.08621,0.00000,0.00000,30.00000,-92.52652,-0.11220,1.09609,6.50862,0.00000,0.00000,0.00000,0.00000,none
19.50000,-87.47348,-87.47348,0.00000,0.00000,0.00000,-65.08621,0.00000,0.00000,30.00000,-92.52652,-0.11220,1.09609,6.50862,0.00000,0.00000,0.00000,0.00000,none
19.50417,-87.47348,-87.47348,0.00000,0.00000,0.00000,-65.08621,0.00000,0.00000,30.00000,-92.52652,-0.11220,1.09609,6.50862,0.00000,0.00000,0.00000,0.00000,none
19.50833,-87.47348,-87.47348,0.00000,0.00000,0.00000,-65.08621,0.00000,0.00000,30.00000,-92.52652,-0.11220,1.09609,6.50862,0.00000,0.00000,0.00000,0.00000,none
19.51250,-87.47348,-87.47348,0.00000,0.00000,0.00000,-65.08621,0.00000,0.00000,30.00000,-92.52652,-0.11220,1.09609,6.50862,0.00000,0.00000,0.00000,0.00000,none
19.51667,-87.47348,-87.47348,0.00000,0.00000,0.00000,-65.08621,0.00000,0.00000,30.00000,-92.52652,-0.11220,1.09609,6.50862,0.00000,0.00000,0.00000,0.00000,none
19.52083,-87.47348,-87.47348,0.00000,0.00000,0.00000,-65.08621,0.00000,0.00000,30.00000,-92.52652,-0.11220,1.09609,6.50862,0.00000,0.00000,0.00000,0.00000,none
19.52500,-87.47348,-87.47348,0.00000,0.00000,0.00000,-65.08621,0.00000,0.00000,30.00000,-92.52652,-0.11220,1.09609,6.50862,0.00000,0.00000,0.00000,0.00000,none
19.52917,-87.47348,-87.47348,0.00000,0.00000,0.00000,-65.08621,0.00000,0.00000,30.00000,-92.52652,-0.11220,1.09609,6.50862,0.00000,0.00000,0.00000,0.00000,none
19.53333,-87.47348,-87.47348,0.00000,0.00000,0.00000,-65.08621,0.00000,0.00000,30.00000,-92.52652,-0.11220,1.09609,6.50862,0.00000,0.00000,0.00000,0.00000,none
19.53750,-87.47348,-87.47348,0.00000,0.00000,0.00000,-65.08621,0.00000,0.00000,30.00000,-92.52652,-0.11220,1.09609,6.50862,0.00000,0.00000,0.00000,0.00000,none
19.54167,-87.47348,-87.47348,0.00000,0.00000,0.00000,-65.08621,0.00000,0.00000,30.00000,-92.52652,-0.11220,1.09609,6.50862,0.00000,0.00000,0.00000,0.00000,none
19.54583,-87.47348,-87.47348,0.00000,0.00000,0.00000,-65.08621,0.00000,0.00000,30.00000,-92.52652,-0.11220,1.09609,6.50862,0.00000,0.00000,0.00000,0.00000,none
19.55000,-87.47348,-87.47348,0.00000,0.00000,0.00000,-65.08621,0.00000,0.00000,30.00000,-92.52652,-0.11220,1.09609,6.50862,0.00000,0.00000,0.00000,0.00000,none
19.55417,-87.47348,-87.47348,0.00000,0.00000,0.00000,-65.08621,0.00000,0.00000,30.00000,-92.52652,-0.11220,1.09609,6.50862,0.00000,0.00000,0.00000,0.00000,none
19.55833,-87.47348,-87.47348,0.00000,0.00000,0.00000,-65.08621,0.00000,0.00000,30.00000,-92.52652,-0.11220,1.09609,6.50862,0.00000,0.00000,0.00000,0.00000,none
19.56250,-87.47348,-87.47348,0.00000,0.00000,0.00000,-65.08621,0.00000,0.00000,30.00000,-92.52652,-0.11220,1.09609,6.50862,0.00000,0.00000,0.00000,0.00000,none
19.56667,-87.47348,-87.47348,0.00000,0.00000,0.00000,-65.08621,0.00000,0.00000,30.00000,-92.52652,-0.11220,1.09609,6.50862,0.00000,0.00000,0.00000,0.00000,none
19.57083,-87.47348,-87.47348,0.00000,0.00000,0.00000,-65.08621,0.00000,0.00000,30.00000,-92.52652,-0.11220,1.09609,6.50862,0.00000,0.00000,0.00000,0.00000,none
19.57500,-87.47348,-87.47348,0.00000,0.00000,0.00000,-65.08621,0.00000,0.00000,30.00000,-92.52652,-0.11220,1.09609,6.50862,0.00000,0.00000,0.00000,0.00000,none
19.57917,-87.47348,-87.47348,0.00000,0.00000,0.00000,-65.08621,0.00000,0.00000,30.00000,-92.52652,-0.11220,1.09609,6.50862,0.00000,0.00000,0.00000,0.00000,none
19.58333,-87.47348,-87.47348,0.00000,0.00000,0.00000,-65.08621,0.00000,0.00000,30.00000,-92.52652,-0.11220,1.09609,6.50862,0.00000,0.00000,0.00000,0.00000,none
19.58750,-87.47348,-87.47348,0.00000,0.00000,0.00000,-65.08621,0.00000,0.00000,30.00000,-92.52652,-0.11220,1.09609,6.50862,0.00000,0.00000,0.00000,0.00000,none
19.59167,-87.47348,-87.47348,0.00000,0.00000,0.00000,-65.08621,0.00000,0.00000,30.00000,-92.52652,-0.11220,1.09609,6.50862,0.00000,0.00000,0.00000,0.00000,none
19.59583,-87.47348,-87.47348,0.00000,0.00000,0.00000,-65.08621,0.00000,0.00000,30.00000,-92.52652,-0.11220,1.09609,6.50862,0.00000,0.00000,0.00000,0.00000,none
19.60000,-87.47348,-87.47348,0.00000,0.00000,0.00000,-65.08621,0.00000,0.00000,30.00000,-92.52652,-0.11220,1.09609,6.50862,0.00000,0.00000,0.00000,0.00000,none
19.60417,-87.47348,-87.47348,0.00000,0.00000,0.00000,-65.08621,0.00000,0.00000,30.00000,-92.52652,-0.11220,1.09609,6.50862,0.00000,0.00000,0.00000,0.00000,none
19.60833,-87.47348,-87.47348,0.00000,0.00000,0.00000,-65.08621,0.00000,0.00000,30.00000,-92.52652,-0.11220,1.09609,6.50862,0.00000,0.00000,0.00000,0.00000,none
19.61250,-87.47348,-87.47348,0.00000,0.00000,0.00000,-65.08621,0.00000,0.00000,30.00000,-92.52652,-0.11220,1.09609,6.50862,0.00000,0.00000,0.00000,0.00000,none
19.61667,-87.47348,-87.47348,0.00000,0.00000,0.00000,-65.08621,0.00000,0.00000,30.00000,-92.52652,-0.11220,1.09609,6.50862,0.00000,0.00000,0.00000,0.00000,none
19.62083,-87.47348,-87.47348,0.00000,0.00000,0.00000,-65.08621,0.00000,0.00000,30.00000,-92.52652,-0.11220,1.09609,6.50862,0.00000,0.00000,0.00000,0.00000,none
19.62500,-87.47348,-87.47348,0.00000,0.00000,0.00000,-65.08621,0.00000,0.00000,30.00000,-92.52652,-0.11220,1.09609,6.50862,0.00000,0.00000,0.00000,0.00000,none
19.62917,-87.47348,-87.47348,0.00000,0.00000,0.00000,-65.08621,0.00000,0.00000,30.00000,-92.52652,-0.11220,1.09609,6.50862,0.00000,0.00000,0.00000,0.00000,none
19.63333,-87.47348,-87.47348,0.00000,0.00000,0.00000,-65.08621,0.00000,0.00000,30.00000,-92.52652,-0.11220,1.09609,6.50862,0.00000,0.00000,0.00000,0.00000,none
19.63750,-87.47348,-87.47348,0.00000,0.00000,0.00000,-65.08621,0.00000,0.00000,30.00000,-92.52652,-0.11220,1.09609,6.50862,0.00000,0.00000,0.00000,0.00000,none
19.64167,-87.47348,-87.47348,0.00000,0.00000,0.00000,-65.08621,0.00000,0.00000,30.00000,-92.52652,-0.11220,1.09609,6.50862,0.00000,0.00000,0.00000,0.00000,none
19.64583,-87.47348,-87.47348,0.00000,0.00000,0.00000,-65.08621,0.00000,0.00000,30.00000,-92.52652,-0.11220,1.09609,6.50862,0.00000,0.00000,0.00000,0.00000,none
19.65000,-87.47348,-87.47348,0.00000,0.00000,0.00000,-65.08621,0.00000,0.00000,30.00000,-92.52652,-0.11220,1.09609,6.50862,0.00000,0.00000,0.00000,0.00000,none
19.65417,-87.47348,-87.47348,0.00000,0.00000,0.00000,-65.08621,0.00000,0.00000,30.00000,-92.52652,-0.11220,1.09609,6.50862,0.00000,0.00000,0.00000,0.00000,none
19.65833,-87.47348,-87.47348,0.00000,0.00000,0.00000,-65.08621,0.00000,0.00000,30.00000,-92.52652,-0.11220,1.09609,6.50862,0.00000,0.00000,0.00000,0.00000,none
19.66250,-87.47348,-87.47348,0.00000,0.00000,0.00000,-65.08621,0.00000,0.00000,30.00000,-92.52652,-0.11220,1.09609,6.50862,0.00000,0.00000,0.00000,0.00000,none
19.66667,-87.47348,-87.47348,0.00000,0.00000,0.00000,-65.08621,0.00000,0.00000,30.00000,-92.52652,-0.11220,1.09609,6.50862,0.00000,0.00000,0.00000,0.00000,none
19.67083,-87.47348,-87.47348,0.00000,0.00000,0.00000,-65.08621,0.00000,0.00000,30.00000,-92.52652,-0.11220,1.09609,6.50862,0.00000,0.00000,0.00000,0.00000,none
19.67500,-87.47348,-87.47348,0.00000,0.00000,0.00000,-65.08621,0.00000,0.00000,30.00000,-92.52652,-0.11220,1.09609,6.50862,0.00000,0.00000,0.00000,0.00000,none
19.67917,-87.47348,-87.47348,0.00000,0.00000,0.00000,-65.08621,0.00000,0.00000,30.00000,-92.52652,-0.11220,1.09609,6.50862,0.00000,0.00000,0.00000,0.00000,none
19.68333,-87.47348,-87.47348,0.00000,0.00000,0.00000,-65.08621,0.00000,0.00000,30.00000,-92.52652,-0.11220,1.09609,6.50862,0.00000,0.00000,0.00000,0.00000,none
19.68750,-87.47348,-87.47348,0.00000,0.00000,0.00000,-65.08621,0.00000,0.00000,30.00000,-92.52652,-0.11220,1.09609,6.50862,0.00000,0.00000,0.00000,0.00000,none
19.69167,-87.47348,-87.47348,0.00000,0.00000,0.00000,-65.08621,0.00000,0.00000,30.00000,-92.52652,-0.11220,1.09609,6.50862,0.00000,0.00000,0.00000,0.00000,none
19.69583,-87.47348,-87.47348,0.00000,0.00000,0.00000,-65.08621,0.00000,0.00000,30.00000,-92.52652,-0.11220,1.09609,6.50862,0.00000,0.00000,0.00000,0.00000,none
19.70000,-87.47348,-87.47348,0.00000,0.00000,0.00000,-65.08621,0.00000,0.00000,30.00000,-92.52652,-0.11220,1.09609,6.50862,0.00000,0.00000,0.00000,0.00000,none
19.70417,-87.47348,-87.47348,0.00000,0.00000,0.00000,-65.08621,0.00000,0.00000,30.00000,-92.52652,-0.11220,1.09609,6.50862,0.00000,0.00000,0.00000,0.00000,none
19.70833,-87.47348,-87.47348,0.00000,0.00000,0.00000,-65.08621,0.00000,0.00000,30.00000,-92.52652,-0.11220,1.09609,6.50862,0.00000,0.00000,0.00000,0.00000,none
19.71250,-87.47348,-87.47348,0.00000,0.00000,0.00000,-65.08621,0.00000,0.00000,30.00000,-92.52652,-0.11220,1.09609,6.50862,0.00000,0.00000,0.00000,0.00000,none
19.71667,-87.47348,-87.47348,0.00000,0.00000,0.00000,-65.08621,0.00000,0.00000,30.00000,-92.52652,-0.11220,1.09609,6.50862,0.00000,0.00000,0.00000,0.00000,none
19.72083,-87.47348,-87.47348,0.00000,0.00000,0.00000,-65.08621,0.00000,0.00000,30.00000,-92.52652,-0.11220,1.09609,6.50862,0.00000,0.00000,0.00000,0.00000,none
19.72500,-87.47348,-87.47348,0.00000,0.00000,0.00000,-65.08621,0.00000,0.00000,30.00000,-92.52652,-0.11220,1.09609,6.50862,0.00000,0.00000,0.00000,0.00000,none
19.72917,-87.47348,-87.47348,0.00000,0.00000,0.00000,-65.08621,0.00000,0.00000,30.00000,-92.52652,-0.11220,1.09609,6.50862,0.00000,0.00000,0.00000,0.00000,none
19.73333,-87.47348,-87.47348,0.00000,0.00000,0.00000,-65.08621,0.00000,0.00000,30.00000,-92.52652,-0.11220,1.09609,6.50862,0.00000,0.00000,0.00000,0.00000,none
19.73750,-87.47348,-87.47348,0.00000,0.00000,0.00000,-65.08621,0.00000,0.00000,30.00000,-92.52652,-0.11220,1.09609,6.50862,0.00000,0.00000,0.00000,0.00000,none
19.74167,-87.47348,-87.47348,0.00000,0.00000,0.00000,-65.08621,0.00000,0.00000,30.00000,-92.52652,-0.11220,1.09609,6.50862,0.00000,0.00000,0.00000,0.00000,none
19.74583,-87.47348,-87.47348,0.00000,0.00000,0.00000,-65.08621,0.00000,0.00000,30.00000,-92.52652,-0.11220,1.09609,6.50862,0.00000,0.00000,0.00000,0.00000,none
19.75000,-87.47348,-87.47348,0.00000,0.00000,0.00000,-65.08621,0.00000,0.00000,30.00000,-92.52652,-0.11220,1.09609,6.50862,0.00000,0.00000,0.00000,0.00000,none
19.75417,-87.47348,-87.47348,0.00000,0.00000,0.00000,-65.08621,0.00000,0.00000,30.00000,-92.52652,-0.11220,1.09609,6.50862,0.00000,0.00000,0.00000,0.00000,none
19.75833,-87.47348,-87.47348,0.00000,0.00000,0.00000,-65.08621,0.00000,0.00000,30.00000,-92.52652,-0.11220,1.09609,6.50862,0.00000,0.00000,0.00000,0.00000,none
19.76250,-87.47348,-87.47348,0.00000,0.00000,0.00000,-65.08621,0.00000,0.00000,30.00000,-92.52652,-0.11220,1.09609,6.50862,0.00000,0.00000,0.00000,0.00000,none
19.76667,-87.47348,-87.47348,0.00000,0.00000,0.00000,-65.08621,0.00000,0.00000,30.00000,-92.52652,-0.11220,1.09609,6.50862,0.00000,0.00000,0.00000,0.00000,none
19.77083,-87.47348,-87.47348,0.00000,0.00000,0.00000,-65.08621,0.00000,0.00000,30.00000,-92.52652,-0.11220,1.09609,6.50862,0.00000,0.00000,0.00000,0.00000,none
19.77500,-87.47348,-87.47348,0.00000,0.00000,0.00000,-65.08621,0.00000,0.00000,30.00000,-92.52652,-0.11220,1.09609,6.50862,0.00000,0.00000,0.00000,0.00000,none
19.77917,-87.47348,-87.47348,0.00000,0.00000,0.00000,-65.08621,0.00000,0.00000,30.00000,-92.52652,-0.11220,1.09609,6.50862,0.00000,0.00000,0.00000,0.00000,none
19.78333,-87.47348,-87.47348,0.00000,0.00000,0.00000,-65.08621,0.00000,0.00000,30.00000,-92.52652,-0.11220,1.09609,6.50862,0.00000,0.00000,0.00000,0.00000,none
19.78750,-87.47348,-87.47348,0.00000,0.00000,0.00000,-65.08621,0.00000,0.00000,30.00000,-92.52652,-0.11220,1.09609,6.50862,0.00000,0.00000,0.00000,0.00000,none
19.79167,-87.47348,-87.47348,0.00000,0.00000,0.00000,-65.08621,0.00000,0.00000,30.00000,-92.52652,-0.11220,1.09609,6.50862,0.00000,0.00000,0.00000,0.00000,none
19.79583,-87.47348,-87.47348,0.00000,0.00000,0.00000,-65.08621,0.00000,0.00000,30.00000,-92.52652,-0.11220,1.09609,6.50862,0.00000,0.00000,0.00000,0.00000,none
19.80000,-87.47348,-87.47348,0.00000,0.00000,0.00000,-65.08621,0.00000,0.00000,30.00000,-92.52652,-0.11220,1.09609,6.50862,0.00000,0.00000,0.00000,0.00000,none
19.80417,-87.47348,-87.47348,0.00000,0.00000,0.00000,-65.08621,0.00000,0.00000,30.00000,-92.52652,-0.11220,1.09609,6.50862,0.00000,0.00000,0.00000,0.00000,none
19.80833,-87.47348,-87.47348,0.00000,0.00000,0.00000,-65.08621,0.00000,0.00000,30.00000,-92.52652,-0.11220,1.09609,6.50862,0.00000,0.00000,0.00000,0.00000,none
19.81250,-87.47348,-87.47348,0.00000,0.00000,0.00000,-65.08621,0.00000,0.00000,30.00000,-92.52652,-0.11220,1.09609,6.50862,0.00000,0.00000,0.00000,0.00000,none
19.81667,-87.47348,-87.47348,0.00000,0.00000,0.00000,-65.08621,0.00000,0.00000,30.00000,-92.52652,-0.11220,1.09609,6.50862,0.00000,0.00000,0.00000,0.00000,none
19.82083,-87.47348,-87.47348,0.00000,0.00000,0.00000,-65.08621,0.00000,0.00000,30.00000,-92.52652,-0.11220,1.09609,6.50862,0.00000,0.00000,0.00000,0.00000,none
19.82500,-87.47348,-87.47348,0.00000,0.00000,0.00000,-65.08621,0.00000,0.00000,30.00000,-92.52652,-0.11220,1.09609,6.50862,0.00000,0.00000,0.00000,0.00000,none
19.82917,-87.47348,-87.47348,0.00000,0.00000,0.00000,-65.08621,0.00000,0.00000,30.00000,-92.52652,-0.11220,1.09609,6.50862,0.00000,0.00000,0.00000,0.00000,none
19.83333,-87.47348,-87.47348,0.00000,0.00000,0.00000,-65.08621,0.00000,0.00000,30.00000,-92.52652,-0.11220,1.09609,6.50862,0.00000,0.00000,0.00000,0.00000,none
19.83750,-87.47348,-87.47348,0.00000,0.00000,0.00000,-65.08621,0.00000,0.00000,30.00000,-92.52652,-0.11220,1.09609,6.50862,0.00000,0.00000,0.00000,0.00000,none
19.84167,-87.47348,-87.47348,0.00000,0.00000,0.00000,-65.08621,0.00000,0.00000,30.00000,-92.52652,-0.11220,1.09609,6.50862,0.00000,0.00000,0.00000,0.00000,none
19.84583,-87.47348,-87.47348,0.00000,0.00000,0.00000,-65.08621,0.00000,0.00000,30.00000,-92.52652,-0.11220,1.09609,6.50862,0.00000,0.00000,0.00000,0.00000,none
19.85000,-87.47348,-87.47348,0.00000,0.00000,0.00000,-65.08621,0.00000,0.00000,30.00000,-92.52652,-0.11220,1.09609,6.50862,0.00000,0.00000,0.00000,0.00000,none
19.85417,-87.47348,-87.47348,0.00000,0.00000,0.00000,-65.08621,0.00000,0.00000,30.00000,-92.52652,-0.11220,1.09609,6.50862,0.00000,0.00000,0.00000,0.00000,none
19.85833,-87.47348,-87.47348,0.00000,0.00000,0.00000,-65.08621,0.00000,0.00000,30.00000,-92.52652,-0.11220,1.09609,6.50862,0.00000,0.00000,0.00000,0.00000,none
19.86250,-87.47348,-87.47348,0.00000,0.00000,0.00000,-65.08621,0.00000,0.00000,30.00000,-92.52652,-0.11220,1.09609,6.50862,0.00000,0.00000,0.00000,0.00000,none
19.86667,-87.47348,-87.47348,0.00000,0.00000,0.00000,-65.08621,0.00000,0.00000,30.00000,-92.52652,-0.11220,1.09609,6.50862,0.00000,0.00000,0.00000,0.00000,none
19.87083,-87.47348,-87.47348,0.00000,0.00000,0.00000,-65.08621,0.00000,0.00000,30.00000,-92.52652,-0.11220,1.09609,6.50862,0.00000,0.00000,0.00000,0.00000,none
19.87500,-87.47348,-87.47348,0.00000,0.00000,0.00000,-65.08621,0.00000,0.00000,30.00000,-92.52652,-0.11220,1.09609,6.50862,0.00000,0.00000,0.00000,0.00000,none
19.87917,-87.47348,-87.47348,0.00000,0.00000,0.00000,-65.08621,0.00000,0.00000,30.00000,-92.52652,-0.11220,1.09609,6.50862,0.00000,0.00000,0.00000,0.00000,none
19.88333,-87.47348,-87.47348,0.00000,0.00000,0.00000,-65.08621,0.00000,0.00000,30.00000,-92.52652,-0.11220,1.09609,6.50862,0.00000,0.00000,0.00000,0.00000,none
19.88750,-87.47348,-87.47348,0.00000,0.00000,0.00000,-65.08621,0.00000,0.00000,30.00000,-92.52652,-0.11220,1.09609,6.50862,0.00000,0.00000,0.00000,0.00000,none
19.89167,-87.47348,-87.47348,0.00000,0.00000,0.00000,-65.08621,0.00000,0.00000,30.00000,-92.52652,-0.11220,1.09609,6.50862,0.00000,0.00000,0.00000,0.00000,none
19.89583,-87.47348,-87.47348,0.00000,0.00000,0.00000,-65.08621,0.00000,0.00000,30.00000,-92.52652,-0.11220,1.09609,6.50862,0.00000,0.00000,0.00000,0.00000,none
19.90000,-87.47348,-87.47348,0.00000,0.00000,0.00000,-65.08621,0.00000,0.00000,30.00000,-92.52652,-0.11220,1.09609,6.50862,0.00000,0.00000,0.00000,0.00000,none
19.90417,-87.47348,-87.47348,0.00000,0.00000,0.00000,-65.08621,0.00000,0.00000,30.00000,-92.52652,-0.11220,1.09609,6.50862,0.00000,0.00000,0.00000,0.00000,none
19.90833,-87.47348,-87.47348,0.00000,0.00000,0.00000,-65.08621,0.00000,0.00000,30.00000,-92.52652,-0.11220,1.09609,6.50862,0.00000,0.00000,0.00000,0.00000,none
19.91250,-87.47348,-87.47348,0.00000,0.00000,0.00000,-65.08621,0.00000,0.00000,30.00000,-92.52652,-0.11220,1.09609,6.50862,0.00000,0.00000,0.00000,0.00000,none
19.91667,-87.47348,-87.47348,0.00000,0.00000,0.00000,-65.08621,0.00000,0.00000,30.00000,-92.52652,-0.11220,1.09609,6.50862,0.00000,0.00000,0.00000,0.00000,none
19.92083,-87.47348,-87.47348,0.00000,0.00000,0.00000,-65.08621,0.00000,0.00000,30.00000,-92.52652,-0.11220,1.09609,6.50862,0.00000,0.00000,0.00000,0.00000,none
19.92500,-87.47348,-87.47348,0.00000,0.00000,0.00000,-65.08621,0.00000,0.00000,30.00000,-92.52652,-0.11220,1.09609,6.50862,0.00000,0.00000,0.00000,0.00000,none
19.92917,-87.47348,-87.47348,0.00000,0.00000,0.00000,-65.08621,0.00000,0.00000,30.00000,-92.52652,-0.11220,1.09609,6.50862,0.00000,0.00000,0.00000,0.00000,none
19.93333,-87.47348,-87.47348,0.00000,0.00000,0.00000,-65.08621,0.00000,0.00000,30.00000,-92.52652,-0.11220,1.09609,6.50862,0.00000,0.00000,0.00000,0.00000,none
19.93750,-87.47348,-87.47348,0.00000,0.00000,0.00000,-65.08621,0.00000,0.00000,30.00000,-92.52652,-0.11220,1.09609,6.50862,0.00000,0.00000,0.00000,0.00000,none
19.94167,-87.47348,-87.47348,0.00000,0.00000,0.00000,-65.08621,0.00000,0.00000,30.00000,-92.52652,-0.11220,1.09609,6.50862,0.00000,0.00000,0.00000,0.00000,none
19.94583,-87.47348,-87.47348,0.00000,0.00000,0.00000,-65.08621,0.00000,0.00000,30.00000,-92.52652,-0.11220,1.09609,6.50862,0.00000,0.00000,0.00000,0.00000,none
19.95000,-87.47348,-87.47348,0.00000,0.00000,0.00000,-65.08621,0.00000,0.00000,30.00000,-92.52652,-0.11220,1.09609,6.50862,0.00000,0.00000,0.00000,0.00000,none
19.95417,-87.47348,-87.47348,0.00000,0.00000,0.00000,-65.08621,0.00000,0.00000,30.00000,-92.52652,-0.11220,1.09609,6.50862,0.00000,0.00000,0.00000,0.00000,none
19.95833,-87.47348,-87.47348,0.00000,0.00000,0.00000,-65.08621,0.00000,0.00000,30.00000,-92.52652,-0.11220,1.09609,6.50862,0.00000,0.00000,0.00000,0.00000,none
19.96250,-87.47348,-87.47348,0.00000,0.00000,0.00000,-65.08621,0.00000,0.00000,30.00000,-92.52652,-0.11220,1.09609,6.50862,0.00000,0.00000,0.00000,0.00000,none
19.96667,-87.47348,-87.47348,0.00000,0.00000,0.00000,-65.08621,0.00000,0.00000,30.00000,-92.52652,-0.11220,1.09609,6.50862,0.00000,0.00000,0.00000,0.00000,none
19.97083,-87.47348,-87.47348,0.00000,0.00000,0.00000,-65.08621,0.00000,0.00000,30.00000,-92.52652,-0.11220,1.09609,6.50862,0.00000,0.00000,0.00000,0.00000,none
19.97500,-87.47348,-87.47348,0.00000,0.00000,0.00000,-65.08621,0.00000,0.00000,30.00000,-92.52652,-0.11220,1.09609,6.50862,0.00000,0.00000,0.00000,0.00000,none
19.97917,-87.47348,-87.47348,0.00000,0.00000,0.00000,-65.08621,0.00000,0.00000,30.00000,-92.52652,-0.11220,1.09609,6.50862,0.00000,0.00000,0.00000,0.00000,none
19.98333,-87.47348,-87.47348,0.00000,0.00000,0.00000,-65.08621,0.00000,0.00000,30.00000,-92.52652,-0.11220,1.09609,6.50862,0.00000,0.00000,0.00000,0.00000,none
19.98750,-87.47348,-87.47348,0.00000,0.00000,0.00000,-65.08621,0.00000,0.00000,30.00000,-92.52652,-0.11220,1.09609,6.50862,0.00000,0.00000,0.00000,0.00000,none
19.99167,-87.47348,-87.47348,0.00000,0.00000,0.00000,-65.08621,0.00000,0.00000,30.00000,-92.52652,-0.11220,1.09609,6.50862,0.00000,0.00000,0.00000,0.00000,none
19.99583,-87.47348,-87.47348,0.00000,0.00000,0.00000,-65.08621,0.00000,0.00000,30.00000,-92.52652,-0.11220,1.09609,6.50862,0.00000,0.00000,0.00000,0.00000,none
20.00000,-87.47348,-87.47348,0.00000,0.00000,0.00000,-65.08621,0.00000,0.00000,30.00000,-92.52652,-0.11220,1.09609,6.50862,0.00000,0.00000,0.00000,0.00000,none
20.00417,-87.47348,-87.47348,0.00000,0.00000,0.00000,-65.08621,0.00000,0.00000,30.00000,-92.52652,-0.11220,1.09609,6.50862,0.00000,0.00000,0.00000,0.00000,none
20.00833,-87.47348,-87.47348,0.00000,0.00000,0.00000,-65.08621,0.00000,0.00000,30.00000,-92.52652,-0.11220,1.09609,6.50862,0.00000,0.00000,0.00000,0.00000,none
20.01250,-87.47348,-87.47348,0.00000,0.00000,0.00000,-65.08621,0.00000,0.00000,30.00000,-92.52652,-0.11220,1.09609,6.50862,0.00000,0.00000,0.00000,0.00000,none
20.01667,-87.47348,-87.47348,0.00000,0.00000,0.00000,-65.08621,0.00000,0.00000,30.00000,-92.52652,-0.11220,1.09609,6.50862,0.00000,0.00000,0.00000,0.00000,none
20.02083,-87.47348,-87.47348,0.00000,0.00000,0.00000,-65.08621,0.00000,0.00000,30.00000,-92.52652,-0.11220,1.09609,6.50862,0.00000,0.00000,0.00000,0.00000,none
20.02500,-87.47348,-87.47348,0.00000,0.00000,0.00000,-65.08621,0.00000,0.00000,30.00000,-92.52652,-0.11220,1.09609,6.50862,0.00000,0.00000,0.00000,0.00000,none
20.02917,-87.47348,-87.47348,0.00000,0.00000,0.00000,-65.08621,0.00000,0.00000,30.00000,-92.52652,-0.11220,1.09609,6.50862,0.00000,0.00000,0.00000,0.00000,none
20.03333,-87.47348,-87.47348,0.00000,0.00000,0.00000,-65.08621,0.00000,0.00000,30.00000,-92.52652,-0.11220,1.09609,6.50862,0.00000,0.00000,0.00000,0.00000,none
20.03750,-87.47348,-87.47348,0.00000,0.00000,0.00000,-65.08621,0.00000,0.00000,30.00000,-92.52652,-0.11220,1.09609,6.50862,0.00000,0.00000,0.00000,0.00000,none
20.04167,-87.47348,-87.47348,0.00000,0.00000,0.00000,-65.08621,0.00000,0.00000,30.00000,-92.52652,-0.11220,1.09609,6.50862,0.00000,0.00000,0.00000,0.00000,none
20.04583,-87.47348,-87.47348,0.00000,0.00000,0.00000,-65.08621,0.00000,0.00000,30.00000,-92.52652,-0.11220,1.09609,6.50862,0.00000,0.00000,0.00000,0.00000,none
20.05000,-87.47348,-87.47348,0.00000,0.00000,0.00000,-65.08621,0.00000,0.00000,30.00000,-92.52652,-0.11220,1.09609,6.50862,0.00000,0.00000,0.00000,0.00000,none
20.05417,-87.47348,-87.47348,0.00000,0.00000,0.00000,-65.08621,0.00000,0.00000,30.00000,-92.52652,-0.11220,1.09609,6.50862,0.00000,0.00000,0.00000,0.00000,none
20.05833,-87.47348,-87.47348,0.00000,0.00000,0.00000,-65.08621,0.00000,0.00000,30.00000,-92.52652,-0.11220,1.09609,6.50862,0.00000,0.00000,0.00000,0.00000,none
20.06250,-87.47348,-87.47348,0.00000,0.00000,0.00000,-65.08621,0.00000,0.00000,30.00000,-92.52652,-0.11220,1.09609,6.50862,0.00000,0.00000,0.00000,0.00000,none
20.06667,-87.47348,-87.47348,0.00000,0.00000,0.00000,-65.08621,0.00000,0.00000,30.00000,-92.52652,-0.11220,1.09609,6.50862,0.00000,0.00000,0.00000,0.00000,none
20.07083,-87.47348,-87.47348,0.00000,0.00000,0.00000,-65.08621,0.00000,0.00000,30.00000,-92.52652,-0.11220,1.09609,6.50862,0.00000,0.00000,0.00000,0.00000,none
20.07500,-87.47348,-87.47348,0.00000,0.00000,0.00000,-65.08621,0.00000,0.00000,30.00000,-92.52652,-0.11220,1.09609,6.50862,0.00000,0.00000,0.00000,0.00000,none
20.07917,-87.47348,-87.47348,0.00000,0.00000,0.00000,-65.08621,0.00000,0.00000,30.00000,-92.52652,-0.11220,1.09609,6.50862,0.00000,0.00000,0.00000,0.00000,none
20.08333,-87.47348,-87.47348,0.00000,0.00000,0.00000,-65.08621,0.00000,0.00000,30.00000,-92.52652,-0.11220,1.09609,6.50862,0.00000,0.00000,0.00000,0.00000,none
20.08750,-87.47348,-87.47348,0.00000,0.00000,0.00000,-65.08621,0.00000,0.00000,30.00000,-92.52652,-0.11220,1.09609,6.50862,0.00000,0.00000,0.00000,0.00000,none
20.09167,-87.47348,-87.47348,0.00000,0.00000,0.00000,-65.08621,0.00000,0.00000,30.00000,-92.52652,-0.11220,1.09609,6.50862,0.00000,0.00000,0.00000,0.00000,none
20.09583,-87.47348,-87.47348,0.00000,0.00000,0.00000,-65.08621,0.00000,0.00000,30.00000,-92.52652,-0.11220,1.09609,6.50862,0.00000,0.00000,0.00000,0.00000,none
20.10000,-87.47348,-87.47348,0.00000,0.00000,0.00000,-65.08621,0.00000,0.00000,30.00000,-92.52652,-0.11220,1.09609,6.50862,0.00000,0.00000,0.00000,0.00000,none
20.10417,-87.47348,-87.47348,0.00000,0.00000,0.00000,-65.08621,0.00000,0.00000,30.00000,-92.52652,-0.11220,1.09609,6.50862,0.00000,0.00000,0.00000,0.00000,none
20.10833,-87.47348,-87.47348,0.00000,0.00000,0.00000,-65.08621,0.00000,0.00000,30.00000,-92.52652,-0.11220,1.09609,6.50862,0.00000,0.00000,0.00000,0.00000,none
20.11250,-87.47348,-87.47348,0.00000,0.00000,0.00000,-65.08621,0.00000,0.00000,30.00000,-92.52652,-0.11220,1.09609,6.50862,0.00000,0.00000,0.00000,0.00000,none
20.11667,-87.47348,-87.47348,0.00000,0.00000,0.00000,-65.08621,0.00000,0.00000,30.00000,-92.52652,-0.11220,1.09609,6.50862,0.00000,0.00000,0.00000,0.00000,none
20.12083,-87.47348,-87.47348,0.00000,0.00000,0.00000,-65.08621,0.00000,0.00000,30.00000,-92.52652,-0.11220,1.09609,6.50862,0.00000,0.00000,0.00000,0.00000,none
20.12500,-87.47348,-87.47348,0.00000,0.00000,0.00000,-65.08621,0.00000,0.00000,30.00000,-92.52652,-0.11220,1.09609,6.50862,0.00000,0.00000,0.00000,0.00000,none
20.12917,-87.47348,-87.47348,0.00000,0.00000,0.00000,-65.08621,0.00000,0.00000,30.00000,-92.52652,-0.11220,1.09609,6.50862,0.00000,0.00000,0.00000,0.00000,none
20.13333,-87.47348,-87.47348,0.00000,0.00000,0.00000,-65.08621,0.00000,0.00000,30.00000,-92.52652,-0.11220,1.09609,6.50862,0.00000,0.00000,0.00000,0.00000,none
20.13750,-87.47348,-87.47348,0.00000,0.00000,0.00000,-65.08621,0.00000,0.00000,30.00000,-92.52652,-0.11220,1.09609,6.50862,0.00000,0.00000,0.00000,0.00000,none
20.14167,-87.47348,-87.47348,0.00000,0.00000,0.00000,-65.08621,0.00000,0.00000,30.00000,-92.52652,-0.11220,1.09609,6.50862,0.00000,0.00000,0.00000,0.00000,none
20.14583,-87.47348,-87.47348,0.00000,0.00000,0.00000,-65.08621,0.00000,0.00000,30.00000,-92.52652,-0.11220,1.09609,6.50862,0.00000,0.00000,0.00000,0.00000,none
20.15000,-87.47348,-87.47348,0.00000,0.00000,0.00000,-65.08621,0.00000,0.00000,30.00000,-92.52652,-0.11220,1.09609,6.50862,0.00000,0.00000,0.00000,0.00000,none
20.15417,-87.47348,-87.47348,0.00000,0.00000,0.00000,-65.08621,0.00000,0.00000,30.00000,-92.52652,-0.11220,1.09609,6.50862,0.00000,0.00000,0.00000,0.00000,none
20.15833,-87.47348,-87.47348,0.00000,0.00000,0.00000,-65.08621,0.00000,0.00000,30.00000,-92.52652,-0.11220,1.09609,6.50862,0.00000,0.00000,0.00000,0.00000,none
20.16250,-87.47348,-87.47348,0.00000,0.00000,0.00000,-65.08621,0.00000,0.00000,30.00000,-92.52652,-0.11220,1.09609,6.50862,0.00000,0.00000,0.00000,0.00000,none
20.16667,-87.47348,-87.47348,0.00000,0.00000,0.00000,-65.08621,0.00000,0.00000,30.00000,-92.52652,-0.11220,1.09609,6.50862,0.00000,0.00000,0.00000,0.00000,none
20.17083,-87.47348,-87.47348,0.00000,0.00000,0.00000,-65.08621,0.00000,0.00000,30.00000,-92.52652,-0.11220,1.09609,6.50862,0.00000,0.00000,0.00000,0.00000,none
20.17500,-87.47348,-87.47348,0.00000,0.00000,0.00000,-65.08621,0.00000,0.00000,30.00000,-92.52652,-0.11220,1.09609,6.50862,0.00000,0.00000,0.00000,0.00000,none
20.17917,-87.47348,-87.47348,0.00000,0.00000,0.00000,-65.08621,0.00000,0.00000,30.00000,-92.52652,-0.11220,1.09609,6.50862,0.00000,0.00000,0.00000,0.00000,none
20.18333,-87.47348,-87.47348,0.00000,0.00000,0.00000,-65.08621,0.00000,0.00000,30.00000,-92.52652,-0.11220,1.09609,6.50862,0.00000,0.00000,0.00000,0.00000,none
20.18750,-87.47348,-87.47348,0.00000,0.00000,0.00000,-65.08621,0.00000,0.00000,30.00000,-92.52652,-0.11220,1.09609,6.50862,0.00000,0.00000,0.00000,0.00000,none
20.19167,-87.47348,-87.47348,0.00000,0.00000,0.00000,-65.08621,0.00000,0.00000,30.00000,-92.52652,-0.11220,1.09609,6.50862,0.00000,0.00000,0.00000,0.00000,none
20.19583,-87.47348,-87.47348,0.00000,0.00000,0.00000,-65.08621,0.00000,0.00000,30.00000,-92.52652,-0.11220,1.09609,6.50862,0.00000,0.00000,0.00000,0.00000,none
20.20000,-87.47348,-87.47348,0.00000,0.00000,0.00000,-65.08621,0.00000,0.00000,30.00000,-92.52652,-0.11220,1.09609,6.50862,0.00000,0.00000,0.00000,0.00000,none
20.20417,-87.47348,-87.47348,0.00000,0.00000,0.00000,-65.08621,0.00000,0.00000,30.00000,-92.52652,-0.11220,1.09609,6.50862,0.00000,0.00000,0.00000,0.00000,none
20.20833,-87.47348,-87.47348,0.00000,0.00000,0.00000,-65.08621,0.00000,0.00000,30.00000,-92.52652,-0.11220,1.09609,6.50862,0.00000,0.00000,0.00000,0.00000,none
20.21250,-87.47348,-87.47348,0.00000,0.00000,0.00000,-65.08621,0.00000,0.00000,30.00000,-92.52652,-0.11220,1.09609,6.50862,0.00000,0.00000,0.00000,0.00000,none
20.21667,-87.47348,-87.47348,0.00000,0.00000,0.00000,-65.08621,0.00000,0.00000,30.00000,-92.52652,-0.11220,1.09609,6.50862,0.00000,0.00000,0.00000,0.00000,none
20.22083,-87.47348,-87.47348,0.00000,0.00000,0.00000,-65.08621,0.00000,0.00000,30.00000,-92.52652,-0.11220,1.09609,6.50862,0.00000,0.00000,0.00000,0.00000,none
20.22500,-87.47348,-87.47348,0.00000,0.00000,0.00000,-65.08621,0.00000,0.00000,30.00000,-92.52652,-0.11220,1.09609,6.50862,0.00000,0.00000,0.00000,0.00000,none
20.22917,-87.47348,-87.47348,0.00000,0.00000,0.00000,-65.08621,0.00000,0.00000,30.00000,-92.52652,-0.11220,1.09609,6.50862,0.00000,0.00000,0.00000,0.00000,none
20.23333,-87.47348,-87.47348,0.00000,0.00000,0.00000,-65.08621,0.00000,0.00000,30.00000,-92.52652,-0.11220,1.09609,6.50862,0.00000,0.00000,0.00000,0.00000,none
20.23750,-87.47348,-87.47348,0.00000,0.00000,0.00000,-65.08621,0.00000,0.00000,30.00000,-92.52652,-0.11220,1.09609,6.50862,0.00000,0.00000,0.00000,0.00000,none
20.24167,-87.47348,-87.47348,0.00000,0.00000,0.00000,-65.08621,0.00000,0.00000,30.00000,-92.52652,-0.11220,1.09609,6.50862,0.00000,0.00000,0.00000,0.00000,none
20.24583,-87.47348,-87.47348,0.00000,0.00000,0.00000,-65.08621,0.00000,0.00000,30.00000,-92.52652,-0.11220,1.09609,6.50862,0.00000,0.00000,0.00000,0.00000,none
20.25000,-87.47348,-87.47348,0.00000,0.00000,0.00000,-65.08621,0.00000,0.00000,30.00000,-92.52652,-0.11220,1.09609,6.50862,0.00000,0.00000,0.00000,0.00000,none
20.25417,-87.47348,-87.47348,0.00000,0.00000,0.00000,-65.08621,0.00000,0.00000,30.00000,-92.52652,-0.11220,1.09609,6.50862,0.00000,0.00000,0.00000,0.00000,none
20.25833,-87.47348,-87.47348,0.00000,0.00000,0.00000,-65.08621,0.00000,0.00000,30.00000,-92.52652,-0.11220,1.09609,6.50862,0.00000,0.00000,0.00000,0.00000,none
20.26250,-87.47348,-87.47348,0.00000,0.00000,0.00000,-65.08621,0.00000,0.00000,30.00000,-92.52652,-0.11220,1.09609,6.50862,0.00000,0.00000,0.00000,0.00000,none
20.26667,-87.47348,-87.47348,0.00000,0.00000,0.00000,-65.08621,0.00000,0.00000,30.00000,-92.52652,-0.11220,1.09609,6.50862,0.00000,0.00000,0.00000,0.00000,none
20.27083,-87.47348,-87.47348,0.00000,0.00000,0.00000,-65.08621,0.00000,0.00000,30.00000,-92.52652,-0.11220,1.09609,6.50862,0.00000,0.00000,0.00000,0.00000,none
20.27500,-87.47348,-87.47348,0.00000,0.00000,0.00000,-65.08621,0.00000,0.00000,30.00000,-92.52652,-0.11220,1.09609,6.50862,0.00000,0.00000,0.00000,0.00000,none
20.27917,-87.47348,-87.47348,0.00000,0.00000,0.00000,-65.08621,0.00000,0.00000,30.00000,-92.52652,-0.11220,1.09609,6.50862,0.00000,0.00000,0.00000,0.00000,none
20.28333,-87.47348,-87.47348,0.00000,0.00000,0.00000,-65.08621,0.00000,0.00000,30.00000,-92.52652,-0.11220,1.09609,6.50862,0.00000,0.00000,0.00000,0.00000,none
20.28750,-87.47348,-87.47348,0.00000,0.00000,0.00000,-65.08621,0.00000,0.00000,30.00000,-92.52652,-0.11220,1.09609,6.50862,0.00000,0.00000,0.00000,0.00000,none
20.29167,-87.47348,-87.47348,0.00000,0.00000,0.00000,-65.08621,0.00000,0.00000,30.00000,-92.52652,-0.11220,1.09609,6.50862,0.00000,0.00000,0.00000,0.00000,none
20.29583,-87.47348,-87.47348,0.00000,0.00000,0.00000,-65.08621,0.00000,0.00000,30.00000,-92.52652,-0.11220,1.09609,6.50862,0.00000,0.00000,0.00000,0.00000,none
20.30000,-87.47348,-87.47348,0.00000,0.00000,0.00000,-65.08621,0.00000,0.00000,30.00000,-92.52652,-0.11220,1.09609,6.50862,0.00000,0.00000,0.00000,0.00000,none
20.30417,-87.47348,-87.47348,0.00000,0.00000,0.00000,-65.08621,0.00000,0.00000,30.00000,-92.52652,-0.11220,1.09609,6.50862,0.00000,0.00000,0.00000,0.00000,none
20.30833,-87.47348,-87.47348,0.00000,0.00000,0.00000,-65.08621,0.00000,0.00000,30.00000,-92.52652,-0.11220,1.09609,6.50862,0.00000,0.00000,0.00000,0.00000,none
20.31250,-87.47348,-87.47348,0.00000,0.00000,0.00000,-65.08621,0.00000,0.00000,30.00000,-92.52652,-0.11220,1.09609,6.50862,0.00000,0.00000,0.00000,0.00000,none
20.31667,-87.47348,-87.47348,0.00000,0.00000,0.00000,-65.08621,0.00000,0.00000,30.00000,-92.52652,-0.11220,1.09609,6.50862,0.00000,0.00000,0.00000,0.00000,none
20.32083,-87.47348,-87.47348,0.00000,0.00000,0.00000,-65.08621,0.00000,0.00000,30.00000,-92.52652,-0.11220,1.09609,6.50862,0.00000,0.00000,0.00000,0.00000,none
20.32500,-87.47348,-87.47348,0.00000,0.00000,0.00000,-65.08621,0.00000,0.00000,30.00000,-92.52652,-0.11220,1.09609,6.50862,0.00000,0.00000,0.00000,0.00000,none
20.32917,-87.47348,-87.47348,0.00000,0.00000,0.00000,-65.08621,0.00000,0.00000,30.00000,-92.52652,-0.11220,1.09609,6.50862,0.00000,0.00000,0.00000,0.00000,none
20.33333,-87.47348,-87.47348,0.00000,0.00000,0.00000,-65.08621,0.00000,0.00000,30.00000,-92.52652,-0.11220,1.09609,6.50862,0.00000,0.00000,0.00000,0.00000,none
20.33750,-87.47348,-87.47348,0.00000,0.00000,0.00000,-65.08621,0.00000,0.00000,30.00000,-92.52652,-0.11220,1.09609,6.50862,0.00000,0.00000,0.00000,0.00000,none
20.34167,-87.47348,-87.47348,0.00000,0.00000,0.00000,-65.08621,0.00000,0.00000,30.00000,-92.52652,-0.11220,1.09609,6.50862,0.00000,0.00000,0.00000,0.00000,none
20.34583,-87.47348,-87.47348,0.00000,0.00000,0.00000,-65.08621,0.00000,0.00000,30.00000,-92.52652,-0.11220,1.09609,6.50862,0.00000,0.00000,0.00000,0.00000,none
20.35000,-87.47348,-87.47348,0.00000,0.00000,0.00000,-65.08621,0.00000,0.00000,30.00000,-92.52652,-0.11220,1.09609,6.50862,0.00000,0.00000,0.00000,0.00000,none
20.35417,-87.47348,-87.47348,0.00000,0.00000,0.00000,-65.08621,0.00000,0.00000,30.00000,-92.52652,-0.11220,1.09609,6.50862,0.00000,0.00000,0.00000,0.00000,none
20.35833,-87.47348,-87.47348,0.00000,0.00000,0.00000,-65.08621,0.00000,0.00000,30.00000,-92.52652,-0.11220,1.09609,6.50862,0.00000,0.00000,0.00000,0.00000,none
20.36250,-87.47348,-87.47348,0.00000,0.00000,0.00000,-65.08621,0.00000,0.00000,30.00000,-92.52652,-0.11220,1.09609,6.50862,0.00000,0.00000,0.00000,0.00000,none
20.36667,-87.47348,-87.47348,0.00000,0.00000,0.00000,-65.08621,0.00000,0.00000,30.00000,-92.52652,-0.11220,1.09609,6.50862,0.00000,0.00000,0.00000,0.00000,none
20.37083,-87.47348,-87.47348,0.00000,0.00000,0.00000,-65.08621,0.00000,0.00000,30.00000,-92.52652,-0.11220,1.09609,6.50862,0.00000,0.00000,0.00000,0.00000,none
20.37500,-87.47348,-87.47348,0.00000,0.00000,0.00000,-65.08621,0.00000,0.00000,30.00000,-92.52652,-0.11220,1.09609,6.50862,0.00000,0.00000,0.00000,0.00000,none
20.37917,-87.47348,-87.47348,0.00000,0.00000,0.00000,-65.08621,0.00000,0.00000,30.00000,-92.52652,-0.11220,1.09609,6.50862,0.00000,0.00000,0.00000,0.00000,none
20.38333,-87.47348,-87.47348,0.00000,0.00000,0.00000,-65.08621,0.00000,0.00000,30.00000,-92.52652,-0.11220,1.09609,6.50862,0.00000,0.00000,0.00000,0.00000,none
20.38750,-87.47348,-87.47348,0.00000,0.00000,0.00000,-65.08621,0.00000,0.00000,30.00000,-92.52652,-0.11220,1.09609,6.50862,0.00000,0.00000,0.00000,0.00000,none
20.39167,-87.47348,-87.47348,0.00000,0.00000,0.00000,-65.08621,0.00000,0.00000,30.00000,-92.52652,-0.11220,1.09609,6.50862,0.00000,0.00000,0.00000,0.00000,none
20.39583,-87.47348,-87.47348,0.00000,0.00000,0.00000,-65.08621,0.00000,0.00000,30.00000,-92.52652,-0.11220,1.09609,6.50862,0.00000,0.00000,0.00000,0.00000,none
20.40000,-87.47348,-87.47348,0.00000,0.00000,0.00000,-65.08621,0.00000,0.00000,30.00000,-92.52652,-0.11220,1.09609,6.50862,0.00000,0.00000,0.00000,0.00000,none
20.40417,-87.47348,-87.47348,0.00000,0.00000,0.00000,-65.08621,0.00000,0.00000,30.00000,-92.52652,-0.11220,1.09609,6.50862,0.00000,0.00000,0.00000,0.00000,none
20.40833,-87.47348,-87.47348,0.00000,0.00000,0.00000,-65.08621,0.00000,0.00000,30.00000,-92.52652,-0.11220,1.09609,6.50862,0.00000,0.00000,0.00000,0.00000,none
20.41250,-87.47348,-87.47348,0.00000,0.00000,0.00000,-65.08621,0.00000,0.00000,30.00000,-92.52652,-0.11220,1.09609,6.50862,0.00000,0.00000,0.00000,0.00000,none
20.41667,-87.47348,-87.47348,0.00000,0.00000,0.00000,-65.08621,0.00000,0.00000,30.00000,-92.52652,-0.11220,1.09609,6.50862,0.00000,0.00000,0.00000,0.00000,none
20.42083,-87.47348,-87.47348,0.00000,0.00000,0.00000,-65.08621,0.00000,0.00000,30.00000,-92.52652,-0.11220,1.09609,6.50862,0.00000,0.00000,0.00000,0.00000,none
20.42500,-87.47348,-87.47348,0.00000,0.00000,0.00000,-65.08621,0.00000,0.00000,30.00000,-92.52652,-0.11220,1.09609,6.50862,0.00000,0.00000,0.00000,0.00000,none
20.42917,-87.47348,-87.47348,0.00000,0.00000,0.00000,-65.08621,0.00000,0.00000,30.00000,-92.52652,-0.11220,1.09609,6.50862,0.00000,0.00000,0.00000,0.00000,none
20.43333,-87.47348,-87.47348,0.00000,0.00000,0.00000,-65.08621,0.00000,0.00000,30.00000,-92.52652,-0.11220,1.09609,6.50862,0.00000,0.00000,0.00000,0.00000,none
20.43750,-87.47348,-87.47348,0.00000,0.00000,0.00000,-65.08621,0.00000,0.00000,30.00000,-92.52652,-0.11220,1.09609,6.50862,0.00000,0.00000,0.00000,0.00000,none
20.44167,-87.47348,-87.47348,0.00000,0.00000,0.00000,-65.08621,0.00000,0.00000,30.00000,-92.52652,-0.11220,1.09609,6.50862,0.00000,0.00000,0.00000,0.00000,none
20.44583,-87.47348,-87.47348,0.00000,0.00000,0.00000,-65.08621,0.00000,0.00000,30.00000,-92.52652,-0.11220,1.09609,6.50862,0.00000,0.00000,0.00000,0.00000,none
20.45000,-87.47348,-87.47348,0.00000,0.00000,0.00000,-65.08621,0.00000,0.00000,30.00000,-92.52652,-0.11220,1.09609,6.50862,0.00000,0.00000,0.00000,0.00000,none
20.45417,-87.47348,-87.47348,0.00000,0.00000,0.00000,-65.08621,0.00000,0.00000,30.00000,-92.52652,-0.11220,1.09609,6.50862,0.00000,0.00000,0.00000,0.00000,none
20.45833,-87.47348,-87.47348,0.00000,0.00000,0.00000,-65.08621,0.00000,0.00000,30.00000,-92.52652,-0.11220,1.09609,6.50862,0.00000,0.00000,0.00000,0.00000,none
20.46250,-87.47348,-87.47348,0.00000,0.00000,0.00000,-65.08621,0.00000,0.00000,30.00000,-92.52652,-0.11220,1.09609,6.50862,0.00000,0.00000,0.00000,0.00000,none
20.46667,-87.47348,-87.47348,0.00000,0.00000,0.00000,-65.08621,0.00000,0.00000,30.00000,-92.52652,-0.11220,1.09609,6.50862,0.00000,0.00000,0.00000,0.00000,none
20.47083,-87.47348,-87.47348,0.00000,0.00000,0.00000,-65.08621,0.00000,0.00000,30.00000,-92.52652,-0.11220,1.09609,6.50862,0.00000,0.00000,0.00000,0.00000,none
20.47500,-87.47348,-87.47348,0.00000,0.00000,0.00000,-65.08621,0.00000,0.00000,30.00000,-92.52652,-0.11220,1.09609,6.50862,0.00000,0.00000,0.00000,0.00000,none
20.47917,-87.47348,-87.47348,0.00000,0.00000,0.00000,-65.08621,0.00000,0.00000,30.00000,-92.52652,-0.11220,1.09609,6.50862,0.00000,0.00000,0.00000,0.00000,none
20.48333,-87.47348,-87.47348,0.00000,0.00000,0.00000,-65.08621,0.00000,0.00000,30.00000,-92.52652,-0.11220,1.09609,6.50862,0.00000,0.00000,0.00000,0.00000,none
20.48750,-87.47348,-87.47348,0.00000,0.00000,0.00000,-65.08621,0.00000,0.00000,30.00000,-92.52652,-0.11220,1.09609,6.50862,0.00000,0.00000,0.00000,0.00000,none
20.49167,-87.47348,-87.47348,0.00000,0.00000,0.00000,-65.08621,0.00000,0.00000,30.00000,-92.52652,-0.11220,1.09609,6.50862,0.00000,0.00000,0.00000,0.00000,none
20.49583,-87.47348,-87.47348,0.00000,0.00000,0.00000,-65.08621,0.00000,0.00000,30.00000,-92.52652,-0.11220,1.09609,6.50862,0.00000,0.00000,0.00000,0.00000,none
20.50000,-87.47348,-87.47348,0.00000,0.00000,0.00000,-65.08621,0.00000,0.00000,30.00000,-92.52652,-0.11220,1.09609,6.50862,0.00000,0.00000,0.00000,0.00000,none
20.50417,-87.47348,-87.47348,0.00000,0.00000,0.00000,-65.08621,0.00000,0.00000,30.00000,-92.52652,-0.11220,1.09609,6.50862,0.00000,0.00000,0.00000,0.00000,none
20.50833,-87.47348,-87.47348,0.00000,0.00000,0.00000,-65.08621,0.00000,0.00000,30.00000,-92.52652,-0.11220,1.09609,6.50862,0.00000,0.00000,0.00000,0.00000,none
20.51250,-87.47348,-87.47348,0.00000,0.00000,0.00000,-65.08621,0.00000,0.00000,30.00000,-92.52652,-0.11220,1.09609,6.50862,0.00000,0.00000,0.00000,0.00000,none
20.51667,-87.47348,-87.47348,0.00000,0.00000,0.00000,-65.08621,0.00000,0.00000,30.00000,-92.52652,-0.11220,1.09609,6.50862,0.00000,0.00000,0.00000,0.00000,none
20.52083,-87.47348,-87.47348,0.00000,0.00000,0.00000,-65.08621,0.00000,0.00000,30.00000,-92.52652,-0.11220,1.09609,6.50862,0.00000,0.00000,0.00000,0.00000,none
20.52500,-87.47348,-87.47348,0.00000,0.00000,0.00000,-65.08621,0.00000,0.00000,30.00000,-92.52652,-0.11220,1.09609,6.50862,0.00000,0.00000,0.00000,0.00000,none
20.52917,-87.47348,-87.47348,0.00000,0.00000,0.00000,-65.08621,0.00000,0.00000,30.00000,-92.52652,-0.11220,1.09609,6.50862,0.00000,0.00000,0.00000,0.00000,none
20.53333,-87.47348,-87.47348,0.00000,0.00000,0.00000,-65.08621,0.00000,0.00000,30.00000,-92.52652,-0.11220,1.09609,6.50862,0.00000,0.00000,0.00000,0.00000,none
20.53750,-87.47348,-87.47348,0.00000,0.00000,0.00000,-65.08621,0.00000,0.00000,30.00000,-92.52652,-0.11220,1.09609,6.50862,0.00000,0.00000,0.00000,0.00000,none
20.54167,-87.47348,-87.47348,0.00000,0.00000,0.00000,-65.08621,0.00000,0.00000,30.00000,-92.52652,-0.11220,1.09609,6.50862,0.00000,0.00000,0.00000,0.00000,none
20.54583,-87.47348,-87.47348,0.00000,0.00000,0.00000,-65.08621,0.00000,0.00000,30.00000,-92.52652,-0.11220,1.09609,6.50862,0.00000,0.00000,0.00000,0.00000,none
20.55000,-87.47348,-87.47348,0.00000,0.00000,0.00000,-65.08621,0.00000,0.00000,30.00000,-92.52652,-0.11220,1.09609,6.50862,0.00000,0.00000,0.00000,0.00000,none
20.55417,-87.47348,-87.47348,0.00000,0.00000,0.00000,-65.08621,0.00000,0.00000,30.00000,-92.52652,-0.11220,1.09609,6.50862,0.00000,0.00000,0.00000,0.00000,none
20.55833,-87.47348,-87.47348,0.00000,0.00000,0.00000,-65.08621,0.00000,0.00000,30.00000,-92.52652,-0.11220,1.09609,6.50862,0.00000,0.00000,0.00000,0.00000,none
20.56250,-87.47348,-87.47348,0.00000,0.00000,0.00000,-65.08621,0.00000,0.00000,30.00000,-92.52652,-0.11220,1.09609,6.50862,0.00000,0.00000,0.00000,0.00000,none
20.56667,-87.47348,-87.47348,0.00000,0.00000,0.00000,-65.08621,0.00000,0.00000,30.00000,-92.52652,-0.11220,1.09609,6.50862,0.00000,0.00000,0.00000,0.00000,none
20.57083,-87.47348,-87.47348,0.00000,0.00000,0.00000,-65.08621,0.00000,0.00000,30.00000,-92.52652,-0.11220,1.09609,6.50862,0.00000,0.00000,0.00000,0.00000,none
20.57500,-87.47348,-87.47348,0.00000,0.00000,0.00000,-65.08621,0.00000,0.00000,30.00000,-92.52652,-0.11220,1.09609,6.50862,0.00000,0.00000,0.00000,0.00000,none
20.57917,-87.47348,-87.47348,0.00000,0.00000,0.00000,-65.08621,0.00000,0.00000,30.00000,-92.52652,-0.11220,1.09609,6.50862,0.00000,0.00000,0.00000,0.00000,none
20.58333,-87.47348,-87.47348,0.00000,0.00000,0.00000,-65.08621,0.00000,0.00000,30.00000,-92.52652,-0.11220,1.09609,6.50862,0.00000,0.00000,0.00000,0.00000,none
20.58750,-87.47348,-87.47348,0.00000,0.00000,0.00000,-65.08621,0.00000,0.00000,30.00000,-92.52652,-0.11220,1.09609,6.50862,0.00000,0.00000,0.00000,0.00000,none
20.59167,-87.47348,-87.47348,0.00000,0.00000,0.00000,-65.08621,0.00000,0.00000,30.00000,-92.52652,-0.11220,1.09609,6.50862,0.00000,0.00000,0.00000,0.00000,none
20.59583,-87.47348,-87.47348,0.00000,0.00000,0.00000,-65.08621,0.00000,0.00000,30.00000,-92.52652,-0.11220,1.09609,6.50862,0.00000,0.00000,0.00000,0.00000,none
20.60000,-87.47348,-87.47348,0.00000,0.00000,0.00000,-65.08621,0.00000,0.00000,30.00000,-92.52652,-0.11220,1.09609,6.50862,0.00000,0.00000,0.00000,0.00000,none
20.60417,-87.47348,-87.47348,0.00000,0.00000,0.00000,-65.08621,0.00000,0.00000,30.00000,-92.52652,-0.11220,1.09609,6.50862,0.00000,0.00000,0.00000,0.00000,none
20.60833,-87.47348,-87.47348,0.00000,0.00000,0.00000,-65.08621,0.00000,0.00000,30.00000,-92.52652,-0.11220,1.09609,6.50862,0.00000,0.00000,0.00000,0.00000,none
20.61250,-87.47348,-87.47348,0.00000,0.00000,0.00000,-65.08621,0.00000,0.00000,30.00000,-92.52652,-0.11220,1.09609,6.50862,0.00000,0.00000,0.00000,0.00000,none
20.61667,-87.47348,-87.47348,0.00000,0.00000,0.00000,-65.08621,0.00000,0.00000,30.00000,-92.52652,-0.11220,1.09609,6.50862,0.00000,0.00000,0.00000,0.00000,none
20.62083,-87.47348,-87.47348,0.00000,0.00000,0.00000,-65.08621,0.00000,0.00000,30.00000,-92.52652,-0.11220,1.09609,6.50862,0.00000,0.00000,0.00000,0.00000,none
20.62500,-87.47348,-87.47348,0.00000,0.00000,0.00000,-65.08621,0.00000,0.00000,30.00000,-92.52652,-0.11220,1.09609,6.50862,0.00000,0.00000,0.00000,0.00000,none
20.62917,-87.47348,-87.47348,0.00000,0.00000,0.00000,-65.08621,0.00000,0.00000,30.00000,-92.52652,-0.11220,1.09609,6.50862,0.00000,0.00000,0.00000,0.00000,none
20.63333,-87.47348,-87.47348,0.00000,0.00000,0.00000,-65.08621,0.00000,0.00000,30.00000,-92.52652,-0.11220,1.09609,6.50862,0.00000,0.00000,0.00000,0.00000,none
20.63750,-87.47348,-87.47348,0.00000,0.00000,0.00000,-65.08621,0.00000,0.00000,30.00000,-92.52652,-0.11220,1.09609,6.50862,0.00000,0.00000,0.00000,0.00000,none
20.64167,-87.47348,-87.47348,0.00000,0.00000,0.00000,-65.08621,0.00000,0.00000,30.00000,-92.52652,-0.11220,1.09609,6.50862,0.00000,0.00000,0.00000,0.00000,none
20.64583,-87.47348,-87.47348,0.00000,0.00000,0.00000,-65.08621,0.00000,0.00000,30.00000,-92.52652,-0.11220,1.09609,6.50862,0.00000,0.00000,0.00000,0.00000,none
20.65000,-87.47348,-87.47348,0.00000,0.00000,0.00000,-65.08621,0.00000,0.00000,30.00000,-92.52652,-0.11220,1.09609,6.50862,0.00000,0.00000,0.00000,0.00000,none
20.65417,-87.47348,-87.47348,0.00000,0.00000,0.00000,-65.08621,0.00000,0.00000,30.00000,-92.52652,-0.11220,1.09609,6.50862,0.00000,0.00000,0.00000,0.00000,none
20.65833,-87.47348,-87.47348,0.00000,0.00000,0.00000,-65.08621,0.00000,0.00000,30.00000,-92.52652,-0.11220,1.09609,6.50862,0.00000,0.00000,0.00000,0.00000,none
20.66250,-87.47348,-87.47348,0.00000,0.00000,0.00000,-65.08621,0.00000,0.00000,30.00000,-92.52652,-0.11220,1.09609,6.50862,0.00000,0.00000,0.00000,0.00000,none
20.66667,-87.47348,-87.47348,0.00000,0.00000,0.00000,-65.08621,0.00000,0.00000,30.00000,-92.52652,-0.11220,1.09609,6.50862,0.00000,0.00000,0.00000,0.00000,none
20.67083,-87.47348,-87.47348,0.00000,0.00000,0.00000,-65.08621,0.00000,0.00000,30.00000,-92.52652,-0.11220,1.09609,6.50862,0.00000,0.00000,0.00000,0.00000,none
20.67500,-87.47348,-87.47348,0.00000,0.00000,0.00000,-65.08621,0.00000,0.00000,30.00000,-92.52652,-0.11220,1.09609,6.50862,0.00000,0.00000,0.00000,0.00000,none
20.67917,-87.47348,-87.47348,0.00000,0.00000,0.00000,-65.08621,0.00000,0.00000,30.00000,-92.52652,-0.11220,1.09609,6.50862,0.00000,0.00000,0.00000,0.00000,none
20.68333,-87.47348,-87.47348,0.00000,0.00000,0.00000,-65.08621,0.00000,0.00000,30.00000,-92.52652,-0.11220,1.09609,6.50862,0.00000,0.00000,0.00000,0.00000,none
20.68750,-87.47348,-87.47348,0.00000,0.00000,0.00000,-65.08621,0.00000,0.00000,30.00000,-92.52652,-0.11220,1.09609,6.50862,0.00000,0.00000,0.00000,0.00000,none
20.69167,-87.47348,-87.47348,0.00000,0.00000,0.00000,-65.08621,0.00000,0.00000,30.00000,-92.52652,-0.11220,1.09609,6.50862,0.00000,0.00000,0.00000,0.00000,none
20.69583,-87.47348,-87.47348,0.00000,0.00000,0.00000,-65.08621,0.00000,0.00000,30.00000,-92.52652,-0.11220,1.09609,6.50862,0.00000,0.00000,0.00000,0.00000,none
20.70000,-87.47348,-87.47348,0.00000,0.00000,0.00000,-65.08621,0.00000,0.00000,30.00000,-92.52652,-0.11220,1.09609,6.50862,0.00000,0.00000,0.00000,0.00000,none
20.70417,-87.47348,-87.47348,0.00000,0.00000,0.00000,-65.08621,0.00000,0.00000,30.00000,-92.52652,-0.11220,1.09609,6.50862,0.00000,0.00000,0.00000,0.00000,none
20.70833,-87.47348,-87.47348,0.00000,0.00000,0.00000,-65.08621,0.00000,0.00000,30.00000,-92.52652,-0.11220,1.09609,6.50862,0.00000,0.00000,0.00000,0.00000,none
20.71250,-87.47348,-87.47348,0.00000,0.00000,0.00000,-65.08621,0.00000,0.00000,30.00000,-92.52652,-0.11220,1.09609,6.50862,0.00000,0.00000,0.00000,0.00000,none
20.71667,-87.47348,-87.47348,0.00000,0.00000,0.00000,-65.08621,0.00000,0.00000,30.00000,-92.52652,-0.11220,1.09609,6.50862,0.00000,0.00000,0.00000,0.00000,none
20.72083,-87.47348,-87.47348,0.00000,0.00000,0.00000,-65.08621,0.00000,0.00000,30.00000,-92.52652,-0.11220,1.09609,6.50862,0.00000,0.00000,0.00000,0.00000,none
20.72500,-87.47348,-87.47348,0.00000,0.00000,0.00000,-65.08621,0.00000,0.00000,30.00000,-92.52652,-0.11220,1.09609,6.50862,0.00000,0.00000,0.00000,0.00000,none
20.72917,-87.47348,-87.47348,0.00000,0.00000,0.00000,-65.08621,0.00000,0.00000,30.00000,-92.52652,-0.11220,1.09609,6.50862,0.00000,0.00000,0.00000,0.00000,none
20.73333,-87.47348,-87.47348,0.00000,0.00000,0.00000,-65.08621,0.00000,0.00000,30.00000,-92.52652,-0.11220,1.09609,6.50862,0.00000,0.00000,0.00000,0.00000,none
20.73750,-87.47348,-87.47348,0.00000,0.00000,0.00000,-65.08621,0.00000,0.00000,30.00000,-92.52652,-0.11220,1.09609,6.50862,0.00000,0.00000,0.00000,0.00000,none
20.74167,-87.47348,-87.47348,0.00000,0.00000,0.00000,-65.08621,0.00000,0.00000,30.00000,-92.52652,-0.11220,1.09609,6.50862,0.00000,0.00000,0.00000,0.00000,none
20.74583,-87.47348,-87.47348,0.00000,0.00000,0.00000,-65.08621,0.00000,0.00000,30.00000,-92.52652,-0.11220,1.09609,6.50862,0.00000,0.00000,0.00000,0.00000,none
20.75000,-87.47348,-87.47348,0.00000,0.00000,0.00000,-65.08621,0.00000,0.00000,30.00000,-92.52652,-0.11220,1.09609,6.50862,0.00000,0.00000,0.00000,0.00000,none
20.75417,-87.47348,-87.47348,0.00000,0.00000,0.00000,-65.08621,0.00000,0.00000,30.00000,-92.52652,-0.11220,1.09609,6.50862,0.00000,0.00000,0.00000,0.00000,none
20.75833,-87.47348,-87.47348,0.00000,0.00000,0.00000,-65.08621,0.00000,0.00000,30.00000,-92.52652,-0.11220,1.09609,6.50862,0.00000,0.00000,0.00000,0.00000,none
20.76250,-87.47348,-87.47348,0.00000,0.00000,0.00000,-65.08621,0.00000,0.00000,30.00000,-92.52652,-0.11220,1.09609,6.50862,0.00000,0.00000,0.00000,0.00000,none
20.76667,-87.47348,-87.47348,0.00000,0.00000,0.00000,-65.08621,0.00000,0.00000,30.00000,-92.52652,-0.11220,1.09609,6.50862,0.00000,0.00000,0.00000,0.00000,none
20.77083,-87.47348,-87.47348,0.00000,0.00000,0.00000,-65.08621,0.00000,0.00000,30.00000,-92.52652,-0.11220,1.09609,6.50862,0.00000,0.00000,0.00000,0.00000,none
20.77500,-87.47348,-87.47348,0.00000,0.00000,0.00000,-65.08621,0.00000,0.00000,30.00000,-92.52652,-0.11220,1.09609,6.50862,0.00000,0.00000,0.00000,0.00000,none
20.77917,-87.47348,-87.47348,0.00000,0.00000,0.00000,-65.08621,0.00000,0.00000,30.00000,-92.52652,-0.11220,1.09609,6.50862,0.00000,0.00000,0.00000,0.00000,none
20.78333,-87.47348,-87.47348,0.00000,0.00000,0.00000,-65.08621,0.00000,0.00000,30.00000,-92.52652,-0.11220,1.09609,6.50862,0.00000,0.00000,0.00000,0.00000,none
20.78750,-87.47348,-87.47348,0.00000,0.00000,0.00000,-65.08621,0.00000,0.00000,30.00000,-92.52652,-0.11220,1.09609,6.50862,0.00000,0.00000,0.00000,0.00000,none
20.79167,-87.47348,-87.47348,0.00000,0.00000,0.00000,-65.08621,0.00000,0.00000,30.00000,-92.52652,-0.11220,1.09609,6.50862,0.00000,0.00000,0.00000,0.00000,none
20.79583,-87.47348,-87.47348,0.00000,0.00000,0.00000,-65.08621,0.00000,0.00000,30.00000,-92.52652,-0.11220,1.09609,6.50862,0.00000,0.00000,0.00000,0.00000,none
20.80000,-87.47348,-87.47348,0.00000,0.00000,0.00000,-65.08621,0.00000,0.00000,30.00000,-92.52652,-0.11220,1.09609,6.50862,0.00000,0.00000,0.00000,0.00000,none
20.80417,-87.47348,-87.47348,0.00000,0.00000,0.00000,-65.08621,0.00000,0.00000,30.00000,-92.52652,-0.11220,1.09609,6.50862,0.00000,0.00000,0.00000,0.00000,none
20.80833,-87.47348,-87.47348,0.00000,0.00000,0.00000,-65.08621,0.00000,0.00000,30.00000,-92.52652,-0.11220,1.09609,6.50862,0.00000,0.00000,0.00000,0.00000,none
20.81250,-87.47348,-87.47348,0.00000,0.00000,0.00000,-65.08621,0.00000,0.00000,30.00000,-92.52652,-0.11220,1.09609,6.50862,0.00000,0.00000,0.00000,0.00000,none
20.81667,-87.47348,-87.47348,0.00000,0.00000,0.00000,-65.08621,0.00000,0.00000,30.00000,-92.52652,-0.11220,1.09609,6.50862,0.00000,0.00000,0.00000,0.00000,none
20.82083,-87.47348,-87.47348,0.00000,0.00000,0.00000,-65.08621,0.00000,0.00000,30.00000,-92.52652,-0.11220,1.09609,6.50862,0.00000,0.00000,0.00000,0.00000,none
20.82500,-87.47348,-87.47348,0.00000,0.00000,0.00000,-65.08621,0.00000,0.00000,30.00000,-92.52652,-0.11220,1.09609,6.50862,0.00000,0.00000,0.00000,0.00000,none
20.82917,-87.47348,-87.47348,0.00000,0.00000,0.00000,-65.08621,0.00000,0.00000,30.00000,-92.52652,-0.11220,1.09609,6.50862,0.00000,0.00000,0.00000,0.00000,none
20.83333,-87.47348,-87.47348,0.00000,0.00000,0.00000,-65.08621,0.00000,0.00000,30.00000,-92.52652,-0.11220,1.09609,6.50862,0.00000,0.00000,0.00000,0.00000,none
20.83750,-87.47348,-87.47348,0.00000,0.00000,0.00000,-65.08621,0.00000,0.00000,30.00000,-92.52652,-0.11220,1.09609,6.50862,0.00000,0.00000,0.00000,0.00000,none
20.84167,-87.47348,-87.47348,0.00000,0.00000,0.00000,-65.08621,0.00000,0.00000,30.00000,-92.52652,-0.11220,1.09609,6.50862,0.00000,0.00000,0.00000,0.00000,none
20.84583,-87.47348,-87.47348,0.00000,0.00000,0.00000,-65.08621,0.00000,0.00000,30.00000,-92.52652,-0.11220,1.09609,6.50862,0.00000,0.00000,0.00000,0.00000,none
20.85000,-87.47348,-87.47348,0.00000,0.00000,0.00000,-65.08621,0.00000,0.00000,30.00000,-92.52652,-0.11220,1.09609,6.50862,0.00000,0.00000,0.00000,0.00000,none
20.85417,-87.47348,-87.47348,0.00000,0.00000,0.00000,-65.08621,0.00000,0.00000,30.00000,-92.52652,-0.11220,1.09609,6.50862,0.00000,0.00000,0.00000,0.00000,none
20.85833,-87.47348,-87.47348,0.00000,0.00000,0.00000,-65.08621,0.00000,0.00000,30.00000,-92.52652,-0.11220,1.09609,6.50862,0.00000,0.00000,0.00000,0.00000,none
20.86250,-87.47348,-87.47348,0.00000,0.00000,0.00000,-65.08621,0.00000,0.00000,30.00000,-92.52652,-0.11220,1.09609,6.50862,0.00000,0.00000,0.00000,0.00000,none
20.86667,-87.47348,-87.47348,0.00000,0.00000,0.00000,-65.08621,0.00000,0.00000,30.00000,-92.52652,-0.11220,1.09609,6.50862,0.00000,0.00000,0.00000,0.00000,none
20.87083,-87.47348,-87.47348,0.00000,0.00000,0.00000,-65.08621,0.00000,0.00000,30.00000,-92.52652,-0.11220,1.09609,6.50862,0.00000,0.00000,0.00000,0.00000,none
20.87500,-87.47348,-87.47348,0.00000,0.00000,0.00000,-65.08621,0.00000,0.00000,30.00000,-92.52652,-0.11220,1.09609,6.50862,0.00000,0.00000,0.00000,0.00000,none
20.87917,-87.47348,-87.47348,0.00000,0.00000,0.00000,-65.08621,0.00000,0.00000,30.00000,-92.52652,-0.11220,1.09609,6.50862,0.00000,0.00000,0.00000,0.00000,none
20.88333,-87.47348,-87.47348,0.00000,0.00000,0.00000,-65.08621,0.00000,0.00000,30.00000,-92.52652,-0.11220,1.09609,6.50862,0.00000,0.00000,0.00000,0.00000,none
20.88750,-87.47348,-87.47348,0.00000,0.00000,0.00000,-65.08621,0.00000,0.00000,30.00000,-92.52652,-0.11220,1.09609,6.50862,0.00000,0.00000,0.00000,0.00000,none
20.89167,-87.47348,-87.47348,0.00000,0.00000,0.00000,-65.08621,0.00000,0.00000,30.00000,-92.52652,-0.11220,1.09609,6.50862,0.00000,0.00000,0.00000,0.00000,none
20.89583,-87.47348,-87.47348,0.00000,0.00000,0.00000,-65.08621,0.00000,0.00000,30.00000,-92.52652,-0.11220,1.09609,6.50862,0.00000,0.00000,0.00000,0.00000,none
20.90000,-87.47348,-87.47348,0.00000,0.00000,0.00000,-65.08621,0.00000,0.00000,30.00000,-92.52652,-0.11220,1.09609,6.50862,0.00000,0.00000,0.00000,0.00000,none
20.90417,-87.47348,-87.47348,0.00000,0.00000,0.00000,-65.08621,0.00000,0.00000,30.00000,-92.52652,-0.11220,1.09609,6.50862,0.00000,0.00000,0.00000,0.00000,none
20.90833,-87.47348,-87.47348,0.00000,0.00000,0.00000,-65.08621,0.00000,0.00000,30.00000,-92.52652,-0.11220,1.09609,6.50862,0.00000,0.00000,0.00000,0.00000,none
20.91250,-87.47348,-87.47348,0.00000,0.00000,0.00000,-65.08621,0.00000,0.00000,30.00000,-92.52652,-0.11220,1.09609,6.50862,0.00000,0.00000,0.00000,0.00000,none
20.91667,-87.47348,-87.47348,0.00000,0.00000,0.00000,-65.08621,0.00000,0.00000,30.00000,-92.52652,-0.11220,1.09609,6.50862,0.00000,0.00000,0.00000,0.00000,none
20.92083,-87.47348,-87.47348,0.00000,0.00000,0.00000,-65.08621,0.00000,0.00000,30.00000,-92.52652,-0.11220,1.09609,6.50862,0.00000,0.00000,0.00000,0.00000,none
20.92500,-87.47348,-87.47348,0.00000,0.00000,0.00000,-65.08621,0.00000,0.00000,30.00000,-92.52652,-0.11220,1.09609,6.50862,0.00000,0.00000,0.00000,0.00000,none
20.92917,-87.47348,-87.47348,0.00000,0.00000,0.00000,-65.08621,0.00000,0.00000,30.00000,-92.52652,-0.11220,1.09609,6.50862,0.00000,0.00000,0.00000,0.00000,none
20.93333,-87.47348,-87.47348,0.00000,0.00000,0.00000,-65.08621,0.00000,0.00000,30.00000,-92.52652,-0.11220,1.09609,6.50862,0.00000,0.00000,0.00000,0.00000,none
20.93750,-87.47348,-87.47348,0.00000,0.00000,0.00000,-65.08621,0.00000,0.00000,30.00000,-92.52652,-0.11220,1.09609,6.50862,0.00000,0.00000,0.00000,0.00000,none
20.94167,-87.47348,-87.47348,0.00000,0.00000,0.00000,-65.08621,0.00000,0.00000,30.00000,-92.52652,-0.11220,1.09609,6.50862,0.00000,0.00000,0.00000,0.00000,none
20.94583,-87.47348,-87.47348,0.00000,0.00000,0.00000,-65.08621,0.00000,0.00000,30.00000,-92.52652,-0.11220,1.09609,6.50862,0.00000,0.00000,0.00000,0.00000,none
20.95000,-87.47348,-87.47348,0.00000,0.00000,0.00000,-65.08621,0.00000,0.00000,30.00000,-92.52652,-0.11220,1.09609,6.50862,0.00000,0.00000,0.00000,0.00000,none
20.95417,-87.47348,-87.47348,0.00000,0.00000,0.00000,-65.08621,0.00000,0.00000,30.00000,-92.52652,-0.11220,1.09609,6.50862,0.00000,0.00000,0.00000,0.00000,none
20.95833,-87.47348,-87.47348,0.00000,0.00000,0.00000,-65.08621,0.00000,0.00000,30.00000,-92.52652,-0.11220,1.09609,6.50862,0.00000,0.00000,0.00000,0.00000,none
20.96250,-87.47348,-87.47348,0.00000,0.00000,0.00000,-65.08621,0.00000,0.00000,30.00000,-92.52652,-0.11220,1.09609,6.50862,0.00000,0.00000,0.00000,0.00000,none
20.96667,-87.47348,-87.47348,0.00000,0.00000,0.00000,-65.08621,0.00000,0.00000,30.00000,-92.52652,-0.11220,1.09609,6.50862,0.00000,0.00000,0.00000,0.00000,none
20.97083,-87.47348,-87.47348,0.00000,0.00000,0.00000,-65.08621,0.00000,0.00000,30.00000,-92.52652,-0.11220,1.09609,6.50862,0.00000,0.00000,0.00000,0.00000,none
20.97500,-87.47348,-87.47348,0.00000,0.00000,0.00000,-65.08621,0.00000,0.00000,30.00000,-92.52652,-0.11220,1.09609,6.50862,0.00000,0.00000,0.00000,0.00000,none
20.97917,-87.47348,-87.47348,0.00000,0.00000,0.00000,-65.08621,0.00000,0.00000,30.00000,-92.52652,-0.11220,1.09609,6.50862,0.00000,0.00000,0.00000,0.00000,none
20.98333,-87.47348,-87.47348,0.00000,0.00000,0.00000,-65.08621,0.00000,0.00000,30.00000,-92.52652,-0.11220,1.09609,6.50862,0.00000,0.00000,0.00000,0.00000,none
20.98750,-87.47348,-87.47348,0.00000,0.00000,0.00000,-65.08621,0.00000,0.00000,30.00000,-92.52652,-0.11220,1.09609,6.50862,0.00000,0.00000,0.00000,0.00000,none
20.99167,-87.47348,-87.47348,0.00000,0.00000,0.00000,-65.08621,0.00000,0.00000,30.00000,-92.52652,-0.11220,1.09609,6.50862,0.00000,0.00000,0.00000,0.00000,none
20.99583,-87.47348,-87.47348,0.00000,0.00000,0.00000,-65.08621,0.00000,0.00000,30.00000,-92.52652,-0.11220,1.09609,6.50862,0.00000,0.00000,0.00000,0.00000,none
21.00000,-87.47348,-87.47348,0.00000,0.00000,0.00000,-65.08621,0.00000,0.00000,30.00000,-92.52652,-0.11220,1.09609,6.50862,0.00000,0.00000,0.00000,0.00000,none
21.00417,-87.47348,-87.47348,0.00000,0.00000,0.00000,-65.08621,0.00000,0.00000,30.00000,-92.52652,-0.11220,1.09609,6.50862,0.00000,0.00000,0.00000,0.00000,none
21.00833,-87.47348,-87.47348,0.00000,0.00000,0.00000,-65.08621,0.00000,0.00000,30.00000,-92.52652,-0.11220,1.09609,6.50862,0.00000,0.00000,0.00000,0.00000,none
21.01250,-87.47348,-87.47348,0.00000,0.00000,0.00000,-65.08621,0.00000,0.00000,30.00000,-92.52652,-0.11220,1.09609,6.50862,0.00000,0.00000,0.00000,0.00000,none
21.01667,-87.47348,-87.47348,0.00000,0.00000,0.00000,-65.08621,0.00000,0.00000,30.00000,-92.52652,-0.11220,1.09609,6.50862,0.00000,0.00000,0.00000,0.00000,none
21.02083,-87.47348,-87.47348,0.00000,0.00000,0.00000,-65.08621,0.00000,0.00000,30.00000,-92.52652,-0.11220,1.09609,6.50862,0.00000,0.00000,0.00000,0.00000,none
21.02500,-87.47348,-87.47348,0.00000,0.00000,0.00000,-65.08621,0.00000,0.00000,30.00000,-92.52652,-0.11220,1.09609,6.50862,0.00000,0.00000,0.00000,0.00000,none
21.02917,-87.47348,-87.47348,0.00000,0.00000,0.00000,-65.08621,0.00000,0.00000,30.00000,-92.52652,-0.11220,1.09609,6.50862,0.00000,0.00000,0.00000,0.00000,none
21.03333,-87.47348,-87.47348,0.00000,0.00000,0.00000,-65.08621,0.00000,0.00000,30.00000,-92.52652,-0.11220,1.09609,6.50862,0.00000,0.00000,0.00000,0.00000,none
21.03750,-87.47348,-87.47348,0.00000,0.00000,0.00000,-65.08621,0.00000,0.00000,30.00000,-92.52652,-0.11220,1.09609,6.50862,0.00000,0.00000,0.00000,0.00000,none
21.04167,-87.47348,-87.47348,0.00000,0.00000,0.00000,-65.08621,0.00000,0.00000,30.00000,-92.52652,-0.11220,1.09609,6.50862,0.00000,0.00000,0.00000,0.00000,none
21.04583,-87.47348,-87.47348,0.00000,0.00000,0.00000,-65.08621,0.00000,0.00000,30.00000,-92.52652,-0.11220,1.09609,6.50862,0.00000,0.00000,0.00000,0.00000,none
21.05000,-87.47348,-87.47348,0.00000,0.00000,0.00000,-65.08621,0.00000,0.00000,30.00000,-92.52652,-0.11220,1.09609,6.50862,0.00000,0.00000,0.00000,0.00000,none
21.05417,-87.47348,-87.47348,0.00000,0.00000,0.00000,-65.08621,0.00000,0.00000,30.00000,-92.52652,-0.11220,1.09609,6.50862,0.00000,0.00000,0.00000,0.00000,none
21.05833,-87.47348,-87.47348,0.00000,0.00000,0.00000,-65.08621,0.00000,0.00000,30.00000,-92.52652,-0.11220,1.09609,6.50862,0.00000,0.00000,0.00000,0.00000,none
21.06250,-87.47348,-87.47348,0.00000,0.00000,0.00000,-65.08621,0.00000,0.00000,30.00000,-92.52652,-0.11220,1.09609,6.50862,0.00000,0.00000,0.00000,0.00000,none
21.06667,-87.47348,-87.47348,0.00000,0.00000,0.00000,-65.08621,0.00000,0.00000,30.00000,-92.52652,-0.11220,1.09609,6.50862,0.00000,0.00000,0.00000,0.00000,none
21.07083,-87.47348,-87.47348,0.00000,0.00000,0.00000,-65.08621,0.00000,0.00000,30.00000,-92.52652,-0.11220,1.09609,6.50862,0.00000,0.00000,0.00000,0.00000,none
21.07500,-87.47348,-87.47348,0.00000,0.00000,0.00000,-65.08621,0.00000,0.00000,30.00000,-92.52652,-0.11220,1.09609,6.50862,0.00000,0.00000,0.00000,0.00000,none
21.07917,-87.47348,-87.47348,0.00000,0.00000,0.00000,-65.08621,0.00000,0.00000,30.00000,-92.52652,-0.11220,1.09609,6.50862,0.00000,0.00000,0.00000,0.00000,none
21.08333,-87.47348,-87.47348,0.00000,0.00000,0.00000,-65.08621,0.00000,0.00000,30.00000,-92.52652,-0.11220,1.09609,6.50862,0.00000,0.00000,0.00000,0.00000,none
21.08750,-87.47348,-87.47348,0.00000,0.00000,0.00000,-65.08621,0.00000,0.00000,30.00000,-92.52652,-0.11220,1.09609,6.50862,0.00000,0.00000,0.00000,0.00000,none
21.09167,-87.47348,-87.47348,0.00000,0.00000,0.00000,-65.08621,0.00000,0.00000,30.00000,-92.52652,-0.11220,1.09609,6.50862,0.00000,0.00000,0.00000,0.00000,none
21.09583,-87.47348,-87.47348,0.00000,0.00000,0.00000,-65.08621,0.00000,0.00000,30.00000,-92.52652,-0.11220,1.09609,6.50862,0.00000,0.00000,0.00000,0.00000,none
21.10000,-87.47348,-87.47348,0.00000,0.00000,0.00000,-65.08621,0.00000,0.00000,30.00000,-92.52652,-0.11220,1.09609,6.50862,0.00000,0.00000,0.00000,0.00000,none
21.10417,-87.47348,-87.47348,0.00000,0.00000,0.00000,-65.08621,0.00000,0.00000,30.00000,-92.52652,-0.11220,1.09609,6.50862,0.00000,0.00000,0.00000,0.00000,none
21.10833,-87.47348,-87.47348,0.00000,0.00000,0.00000,-65.08621,0.00000,0.00000,30.00000,-92.52652,-0.11220,1.09609,6.50862,0.00000,0.00000,0.00000,0.00000,none
21.11250,-87.47348,-87.47348,0.00000,0.00000,0.00000,-65.08621,0.00000,0.00000,30.00000,-92.52652,-0.11220,1.09609,6.50862,0.00000,0.00000,0.00000,0.00000,none
21.11667,-87.47348,-87.47348,0.00000,0.00000,0.00000,-65.08621,0.00000,0.00000,30.00000,-92.52652,-0.11220,1.09609,6.50862,0.00000,0.00000,0.00000,0.00000,none
21.12083,-87.47348,-87.47348,0.00000,0.00000,0.00000,-65.08621,0.00000,0.00000,30.00000,-92.52652,-0.11220,1.09609,6.50862,0.00000,0.00000,0.00000,0.00000,none
21.12500,-87.47348,-87.47348,0.00000,0.00000,0.00000,-65.08621,0.00000,0.00000,30.00000,-92.52652,-0.11220,1.09609,6.50862,0.00000,0.00000,0.00000,0.00000,none
21.12917,-87.47348,-87.47348,0.00000,0.00000,0.00000,-65.08621,0.00000,0.00000,30.00000,-92.52652,-0.11220,1.09609,6.50862,0.00000,0.00000,0.00000,0.00000,none
21.13333,-87.47348,-87.47348,0.00000,0.00000,0.00000,-65.08621,0.00000,0.00000,30.00000,-92.52652,-0.11220,1.09609,6.50862,0.00000,0.00000,0.00000,0.00000,none
21.13750,-87.47348,-87.47348,0.00000,0.00000,0.00000,-65.08621,0.00000,0.00000,30.00000,-92.52652,-0.11220,1.09609,6.50862,0.00000,0.00000,0.00000,0.00000,none
21.14167,-87.47348,-87.47348,0.00000,0.00000,0.00000,-65.08621,0.00000,0.00000,30.00000,-92.52652,-0.11220,1.09609,6.50862,0.00000,0.00000,0.00000,0.00000,none
21.14583,-87.47348,-87.47348,0.00000,0.00000,0.00000,-65.08621,0.00000,0.00000,30.00000,-92.52652,-0.11220,1.09609,6.50862,0.00000,0.00000,0.00000,0.00000,none
21.15000,-87.47348,-87.47348,0.00000,0.00000,0.00000,-65.08621,0.00000,0.00000,30.00000,-92.52652,-0.11220,1.09609,6.50862,0.00000,0.00000,0.00000,0.00000,none
21.15417,-87.47348,-87.47348,0.00000,0.00000,0.00000,-65.08621,0.00000,0.00000,30.00000,-92.52652,-0.11220,1.09609,6.50862,0.00000,0.00000,0.00000,0.00000,none
21.15833,-87.47348,-87.47348,0.00000,0.00000,0.00000,-65.08621,0.00000,0.00000,30.00000,-92.52652,-0.11220,1.09609,6.50862,0.00000,0.00000,0.00000,0.00000,none
21.16250,-87.47348,-87.47348,0.00000,0.00000,0.00000,-65.08621,0.00000,0.00000,30.00000,-92.52652,-0.11220,1.09609,6.50862,0.00000,0.00000,0.00000,0.00000,none
21.16667,-87.47348,-87.47348,0.00000,0.00000,0.00000,-65.08621,0.00000,0.00000,30.00000,-92.52652,-0.11220,1.09609,6.50862,0.00000,0.00000,0.00000,0.00000,none
21.17083,-87.47348,-87.47348,0.00000,0.00000,0.00000,-65.08621,0.00000,0.00000,30.00000,-92.52652,-0.11220,1.09609,6.50862,0.00000,0.00000,0.00000,0.00000,none
21.17500,-87.47348,-87.47348,0.00000,0.00000,0.00000,-65.08621,0.00000,0.00000,30.00000,-92.52652,-0.11220,1.09609,6.50862,0.00000,0.00000,0.00000,0.00000,none
21.17917,-87.47348,-87.47348,0.00000,0.00000,0.00000,-65.08621,0.00000,0.00000,30.00000,-92.52652,-0.11220,1.09609,6.50862,0.00000,0.00000,0.00000,0.00000,none
21.18333,-87.47348,-87.47348,0.00000,0.00000,0.00000,-65.08621,0.00000,0.00000,30.00000,-92.52652,-0.11220,1.09609,6.50862,0.00000,0.00000,0.00000,0.00000,none
21.18750,-87.47348,-87.47348,0.00000,0.00000,0.00000,-65.08621,0.00000,0.00000,30.00000,-92.52652,-0.11220,1.09609,6.50862,0.00000,0.00000,0.00000,0.00000,none
21.19167,-87.47348,-87.47348,0.00000,0.00000,0.00000,-65.08621,0.00000,0.00000,30.00000,-92.52652,-0.11220,1.09609,6.50862,0.00000,0.00000,0.00000,0.00000,none
21.19583,-87.47348,-87.47348,0.00000,0.00000,0.00000,-65.08621,0.00000,0.00000,30.00000,-92.52652,-0.11220,1.09609,6.50862,0.00000,0.00000,0.00000,0.00000,none
21.20000,-87.47348,-87.47348,0.00000,0.00000,0.00000,-65.08621,0.00000,0.00000,30.00000,-92.52652,-0.11220,1.09609,6.50862,0.00000,0.00000,0.00000,0.00000,none
21.20417,-87.47348,-87.47348,0.00000,0.00000,0.00000,-65.08621,0.00000,0.00000,30.00000,-92.52652,-0.11220,1.09609,6.50862,0.00000,0.00000,0.00000,0.00000,none
21.20833,-87.47348,-87.47348,0.00000,0.00000,0.00000,-65.08621,0.00000,0.00000,30.00000,-92.52652,-0.11220,1.09609,6.50862,0.00000,0.00000,0.00000,0.00000,none
21.21250,-87.47348,-87.47348,0.00000,0.00000,0.00000,-65.08621,0.00000,0.00000,30.00000,-92.52652,-0.11220,1.09609,6.50862,0.00000,0.00000,0.00000,0.00000,none
21.21667,-87.47348,-87.47348,0.00000,0.00000,0.00000,-65.08621,0.00000,0.00000,30.00000,-92.52652,-0.11220,1.09609,6.50862,0.00000,0.00000,0.00000,0.00000,none
21.22083,-87.47348,-87.47348,0.00000,0.00000,0.00000,-65.08621,0.00000,0.00000,30.00000,-92.52652,-0.11220,1.09609,6.50862,0.00000,0.00000,0.00000,0.00000,none
21.22500,-87.47348,-87.47348,0.00000,0.00000,0.00000,-65.08621,0.00000,0.00000,30.00000,-92.52652,-0.11220,1.09609,6.50862,0.00000,0.00000,0.00000,0.00000,none
21.22917,-87.47348,-87.47348,0.00000,0.00000,0.00000,-65.08621,0.00000,0.00000,30.00000,-92.52652,-0.11220,1.09609,6.50862,0.00000,0.00000,0.00000,0.00000,none
21.23333,-87.47348,-87.47348,0.00000,0.00000,0.00000,-65.08621,0.00000,0.00000,30.00000,-92.52652,-0.11220,1.09609,6.50862,0.00000,0.00000,0.00000,0.00000,none
21.23750,-87.47348,-87.47348,0.00000,0.00000,0.00000,-65.08621,0.00000,0.00000,30.00000,-92.52652,-0.11220,1.09609,6.50862,0.00000,0.00000,0.00000,0.00000,none
21.24167,-87.47348,-87.47348,0.00000,0.00000,0.00000,-65.08621,0.00000,0.00000,30.00000,-92.52652,-0.11220,1.09609,6.50862,0.00000,0.00000,0.00000,0.00000,none
21.24583,-87.47348,-87.47348,0.00000,0.00000,0.00000,-65.08621,0.00000,0.00000,30.00000,-92.52652,-0.11220,1.09609,6.50862,0.00000,0.00000,0.00000,0.00000,none
21.25000,-87.47348,-87.47348,0.00000,0.00000,0.00000,-65.08621,0.00000,0.00000,30.00000,-92.52652,-0.11220,1.09609,6.50862,0.00000,0.00000,0.00000,0.00000,none
21.25417,-87.47348,-87.47348,0.00000,0.00000,0.00000,-65.08621,0.00000,0.00000,30.00000,-92.52652,-0.11220,1.09609,6.50862,0.00000,0.00000,0.00000,0.00000,none
21.25833,-87.47348,-87.47348,0.00000,0.00000,0.00000,-65.08621,0.00000,0.00000,30.00000,-92.52652,-0.11220,1.09609,6.50862,0.00000,0.00000,0.00000,0.00000,none
21.26250,-87.47348,-87.47348,0.00000,0.00000,0.00000,-65.08621,0.00000,0.00000,30.00000,-92.52652,-0.11220,1.09609,6.50862,0.00000,0.00000,0.00000,0.00000,none
21.26667,-87.47348,-87.47348,0.00000,0.00000,0.00000,-65.08621,0.00000,0.00000,30.00000,-92.52652,-0.11220,1.09609,6.50862,0.00000,0.00000,0.00000,0.00000,none
21.27083,-87.47348,-87.47348,0.00000,0.00000,0.00000,-65.08621,0.00000,0.00000,30.00000,-92.52652,-0.11220,1.09609,6.50862,0.00000,0.00000,0.00000,0.00000,none
21.27500,-87.47348,-87.47348,0.00000,0.00000,0.00000,-65.08621,0.00000,0.00000,30.00000,-92.52652,-0.11220,1.09609,6.50862,0.00000,0.00000,0.00000,0.00000,none
21.27917,-87.47348,-87.47348,0.00000,0.00000,0.00000,-65.08621,0.00000,0.00000,30.00000,-92.52652,-0.11220,1.09609,6.50862,0.00000,0.00000,0.00000,0.00000,none
21.28333,-87.47348,-87.47348,0.00000,0.00000,0.00000,-65.08621,0.00000,0.00000,30.00000,-92.52652,-0.11220,1.09609,6.50862,0.00000,0.00000,0.00000,0.00000,none
21.28750,-87.47348,-87.47348,0.00000,0.00000,0.00000,-65.08621,0.00000,0.00000,30.00000,-92.52652,-0.11220,1.09609,6.50862,0.00000,0.00000,0.00000,0.00000,none
21.29167,-87.47348,-87.47348,0.00000,0.00000,0.00000,-65.08621,0.00000,0.00000,30.00000,-92.52652,-0.11220,1.09609,6.50862,0.00000,0.00000,0.00000,0.00000,none
21.29583,-87.47348,-87.47348,0.00000,0.00000,0.00000,-65.08621,0.00000,0.00000,30.00000,-92.52652,-0.11220,1.09609,6.50862,0.00000,0.00000,0.00000,0.00000,none
21.30000,-87.47348,-87.47348,0.00000,0.00000,0.00000,-65.08621,0.00000,0.00000,30.00000,-92.52652,-0.11220,1.09609,6.50862,0.00000,0.00000,0.00000,0.00000,none
21.30417,-87.47348,-87.47348,0.00000,0.00000,0.00000,-65.08621,0.00000,0.00000,30.00000,-92.52652,-0.11220,1.09609,6.50862,0.00000,0.00000,0.00000,0.00000,none
21.30833,-87.47348,-87.47348,0.00000,0.00000,0.00000,-65.08621,0.00000,0.00000,30.00000,-92.52652,-0.11220,1.09609,6.50862,0.00000,0.00000,0.00000,0.00000,none
21.31250,-87.47348,-87.47348,0.00000,0.00000,0.00000,-65.08621,0.00000,0.00000,30.00000,-92.52652,-0.11220,1.09609,6.50862,0.00000,0.00000,0.00000,0.00000,none
21.31667,-87.47348,-87.47348,0.00000,0.00000,0.00000,-65.08621,0.00000,0.00000,30.00000,-92.52652,-0.11220,1.09609,6.50862,0.00000,0.00000,0.00000,0.00000,none
21.32083,-87.47348,-87.47348,0.00000,0.00000,0.00000,-65.08621,0.00000,0.00000,30.00000,-92.52652,-0.11220,1.09609,6.50862,0.00000,0.00000,0.00000,0.00000,none
21.32500,-87.47348,-87.47348,0.00000,0.00000,0.00000,-65.08621,0.00000,0.00000,30.00000,-92.52652,-0.11220,1.09609,6.50862,0.00000,0.00000,0.00000,0.00000,none
21.32917,-87.47348,-87.47348,0.00000,0.00000,0.00000,-65.08621,0.00000,0.00000,30.00000,-92.52652,-0.11220,1.09609,6.50862,0.00000,0.00000,0.00000,0.00000,none
21.33333,-87.47348,-87.47348,0.00000,0.00000,0.00000,-65.08621,0.00000,0.00000,30.00000,-92.52652,-0.11220,1.09609,6.50862,0.00000,0.00000,0.00000,0.00000,none
21.33750,-87.47348,-87.47348,0.00000,0.00000,0.00000,-65.08621,0.00000,0.00000,30.00000,-92.52652,-0.11220,1.09609,6.50862,0.00000,0.00000,0.00000,0.00000,none
21.34167,-87.47348,-87.47348,0.00000,0.00000,0.00000,-65.08621,0.00000,0.00000,30.00000,-92.52652,-0.11220,1.09609,6.50862,0.00000,0.00000,0.00000,0.00000,none
21.34583,-87.47348,-87.47348,0.00000,0.00000,0.00000,-65.08621,0.00000,0.00000,30.00000,-92.52652,-0.11220,1.09609,6.50862,0.00000,0.00000,0.00000,0.00000,none
21.35000,-87.47348,-87.47348,0.00000,0.00000,0.00000,-65.08621,0.00000,0.00000,30.00000,-92.52652,-0.11220,1.09609,6.50862,0.00000,0.00000,0.00000,0.00000,none
21.35417,-87.47348,-87.47348,0.00000,0.00000,0.00000,-65.08621,0.00000,0.00000,30.00000,-92.52652,-0.11220,1.09609,6.50862,0.00000,0.00000,0.00000,0.00000,none
21.35833,-87.47348,-87.47348,0.00000,0.00000,0.00000,-65.08621,0.00000,0.00000,30.00000,-92.52652,-0.11220,1.09609,6.50862,0.00000,0.00000,0.00000,0.00000,none
21.36250,-87.47348,-87.47348,0.00000,0.00000,0.00000,-65.08621,0.00000,0.00000,30.00000,-92.52652,-0.11220,1.09609,6.50862,0.00000,0.00000,0.00000,0.00000,none
21.36667,-87.47348,-87.47348,0.00000,0.00000,0.00000,-65.08621,0.00000,0.00000,30.00000,-92.52652,-0.11220,1.09609,6.50862,0.00000,0.00000,0.00000,0.00000,none
21.37083,-87.47348,-87.47348,0.00000,0.00000,0.00000,-65.08621,0.00000,0.00000,30.00000,-92.52652,-0.11220,1.09609,6.50862,0.00000,0.00000,0.00000,0.00000,none
21.37500,-87.47348,-87.47348,0.00000,0.00000,0.00000,-65.08621,0.00000,0.00000,30.00000,-92.52652,-0.11220,1.09609,6.50862,0.00000,0.00000,0.00000,0.00000,none
21.37917,-87.47348,-87.47348,0.00000,0.00000,0.00000,-65.08621,0.00000,0.00000,30.00000,-92.52652,-0.11220,1.09609,6.50862,0.00000,0.00000,0.00000,0.00000,none
21.38333,-87.47348,-87.47348,0.00000,0.00000,0.00000,-65.08621,0.00000,0.00000,30.00000,-92.52652,-0.11220,1.09609,6.50862,0.00000,0.00000,0.00000,0.00000,none
21.38750,-87.47348,-87.47348,0.00000,0.00000,0.00000,-65.08621,0.00000,0.00000,30.00000,-92.52652,-0.11220,1.09609,6.50862,0.00000,0.00000,0.00000,0.00000,none
21.39167,-87.47348,-87.47348,0.00000,0.00000,0.00000,-65.08621,0.00000,0.00000,30.00000,-92.52652,-0.11220,1.09609,6.50862,0.00000,0.00000,0.00000,0.00000,none
21.39583,-87.47348,-87.47348,0.00000,0.00000,0.00000,-65.08621,0.00000,0.00000,30.00000,-92.52652,-0.11220,1.09609,6.50862,0.00000,0.00000,0.00000,0.00000,none
21.40000,-87.47348,-87.47348,0.00000,0.00000,0.00000,-65.08621,0.00000,0.00000,30.00000,-92.52652,-0.11220,1.09609,6.50862,0.00000,0.00000,0.00000,0.00000,none
21.40417,-87.47348,-87.47348,0.00000,0.00000,0.00000,-65.08621,0.00000,0.00000,30.00000,-92.52652,-0.11220,1.09609,6.50862,0.00000,0.00000,0.00000,0.00000,none
21.40833,-87.47348,-87.47348,0.00000,0.00000,0.00000,-65.08621,0.00000,0.00000,30.00000,-92.52652,-0.11220,1.09609,6.50862,0.00000,0.00000,0.00000,0.00000,none
21.41250,-87.47348,-87.47348,0.00000,0.00000,0.00000,-65.08621,0.00000,0.00000,30.00000,-92.52652,-0.11220,1.09609,6.50862,0.00000,0.00000,0.00000,0.00000,none
21.41667,-87.47348,-87.47348,0.00000,0.00000,0.00000,-65.08621,0.00000,0.00000,30.00000,-92.52652,-0.11220,1.09609,6.50862,0.00000,0.00000,0.00000,0.00000,none
21.42083,-87.47348,-87.47348,0.00000,0.00000,0.00000,-65.08621,0.00000,0.00000,30.00000,-92.52652,-0.11220,1.09609,6.50862,0.00000,0.00000,0.00000,0.00000,none
21.42500,-87.47348,-87.47348,0.00000,0.00000,0.00000,-65.08621,0.00000,0.00000,30.00000,-92.52652,-0.11220,1.09609,6.50862,0.00000,0.00000,0.00000,0.00000,none
21.42917,-87.47348,-87.47348,0.00000,0.00000,0.00000,-65.08621,0.00000,0.00000,30.00000,-92.52652,-0.11220,1.09609,6.50862,0.00000,0.00000,0.00000,0.00000,none
21.43333,-87.47348,-87.47348,0.00000,0.00000,0.00000,-65.08621,0.00000,0.00000,30.00000,-92.52652,-0.11220,1.09609,6.50862,0.00000,0.00000,0.00000,0.00000,none
21.43750,-87.47348,-87.47348,0.00000,0.00000,0.00000,-65.08621,0.00000,0.00000,30.00000,-92.52652,-0.11220,1.09609,6.50862,0.00000,0.00000,0.00000,0.00000,none
21.44167,-87.47348,-87.47348,0.00000,0.00000,0.00000,-65.08621,0.00000,0.00000,30.00000,-92.52652,-0.11220,1.09609,6.50862,0.00000,0.00000,0.00000,0.00000,none
21.44583,-87.47348,-87.47348,0.00000,0.00000,0.00000,-65.08621,0.00000,0.00000,30.00000,-92.52652,-0.11220,1.09609,6.50862,0.00000,0.00000,0.00000,0.00000,none
21.45000,-87.47348,-87.47348,0.00000,0.00000,0.00000,-65.08621,0.00000,0.00000,30.00000,-92.52652,-0.11220,1.09609,6.50862,0.00000,0.00000,0.00000,0.00000,none
21.45417,-87.47348,-87.47348,0.00000,0.00000,0.00000,-65.08621,0.00000,0.00000,30.00000,-92.52652,-0.11220,1.09609,6.50862,0.00000,0.00000,0.00000,0.00000,none
21.45833,-87.47348,-87.47348,0.00000,0.00000,0.00000,-65.08621,0.00000,0.00000,30.00000,-92.52652,-0.11220,1.09609,6.50862,0.00000,0.00000,0.00000,0.00000,none
21.46250,-87.47348,-87.47348,0.00000,0.00000,0.00000,-65.08621,0.00000,0.00000,30.00000,-92.52652,-0.11220,1.09609,6.50862,0.00000,0.00000,0.00000,0.00000,none
21.46667,-87.47348,-87.47348,0.00000,0.00000,0.00000,-65.08621,0.00000,0.00000,30.00000,-92.52652,-0.11220,1.09609,6.50862,0.00000,0.00000,0.00000,0.00000,none
21.47083,-87.47348,-87.47348,0.00000,0.00000,0.00000,-65.08621,0.00000,0.00000,30.00000,-92.52652,-0.11220,1.09609,6.50862,0.00000,0.00000,0.00000,0.00000,none
21.47500,-87.47348,-87.47348,0.00000,0.00000,0.00000,-65.08621,0.00000,0.00000,30.00000,-92.52652,-0.11220,1.09609,6.50862,0.00000,0.00000,0.00000,0.00000,none
21.47917,-87.47348,-87.47348,0.00000,0.00000,0.00000,-65.08621,0.00000,0.00000,30.00000,-92.52652,-0.11220,1.09609,6.50862,0.00000,0.00000,0.00000,0.00000,none
21.48333,-87.47348,-87.47348,0.00000,0.00000,0.00000,-65.08621,0.00000,0.00000,30.00000,-92.52652,-0.11220,1.09609,6.50862,0.00000,0.00000,0.00000,0.00000,none
21.48750,-87.47348,-87.47348,0.00000,0.00000,0.00000,-65.08621,0.00000,0.00000,30.00000,-92.52652,-0.11220,1.09609,6.50862,0.00000,0.00000,0.00000,0.00000,none
21.49167,-87.47348,-87.47348,0.00000,0.00000,0.00000,-65.08621,0.00000,0.00000,30.00000,-92.52652,-0.11220,1.09609,6.50862,0.00000,0.00000,0.00000,0.00000,none
21.49583,-87.47348,-87.47348,0.00000,0.00000,0.00000,-65.08621,0.00000,0.00000,30.00000,-92.52652,-0.11220,1.09609,6.50862,0.00000,0.00000,0.00000,0.00000,none
21.50000,-87.47348,-87.47348,0.00000,0.00000,0.00000,-65.08621,0.00000,0.00000,30.00000,-92.52652,-0.11220,1.09609,6.50862,0.00000,0.00000,0.00000,0.00000,none
21.50417,-87.47348,-87.47348,0.00000,0.00000,0.00000,-65.08621,0.00000,0.00000,30.00000,-92.52652,-0.11220,1.09609,6.50862,0.00000,0.00000,0.00000,0.00000,none
21.50833,-87.47348,-87.47348,0.00000,0.00000,0.00000,-65.08621,0.00000,0.00000,30.00000,-92.52652,-0.11220,1.09609,6.50862,0.00000,0.00000,0.00000,0.00000,none
21.51250,-87.47348,-87.47348,0.00000,0.00000,0.00000,-65.08621,0.00000,0.00000,30.00000,-92.52652,-0.11220,1.09609,6.50862,0.00000,0.00000,0.00000,0.00000,none
21.51667,-87.47348,-87.47348,0.00000,0.00000,0.00000,-65.08621,0.00000,0.00000,30.00000,-92.52652,-0.11220,1.09609,6.50862,0.00000,0.00000,0.00000,0.00000,none
21.52083,-87.47348,-87.47348,0.00000,0.00000,0.00000,-65.08621,0.00000,0.00000,30.00000,-92.52652,-0.11220,1.09609,6.50862,0.00000,0.00000,0.00000,0.00000,none
21.52500,-87.47348,-87.47348,0.00000,0.00000,0.00000,-65.08621,0.00000,0.00000,30.00000,-92.52652,-0.11220,1.09609,6.50862,0.00000,0.00000,0.00000,0.00000,none
21.52917,-87.47348,-87.47348,0.00000,0.00000,0.00000,-65.08621,0.00000,0.00000,30.00000,-92.52652,-0.11220,1.09609,6.50862,0.00000,0.00000,0.00000,0.00000,none
21.53333,-87.47348,-87.47348,0.00000,0.00000,0.00000,-65.08621,0.00000,0.00000,30.00000,-92.52652,-0.11220,1.09609,6.50862,0.00000,0.00000,0.00000,0.00000,none
21.53750,-87.47348,-87.47348,0.00000,0.00000,0.00000,-65.08621,0.00000,0.00000,30.00000,-92.52652,-0.11220,1.09609,6.50862,0.00000,0.00000,0.00000,0.00000,none
21.54167,-87.47348,-87.47348,0.00000,0.00000,0.00000,-65.08621,0.00000,0.00000,30.00000,-92.52652,-0.11220,1.09609,6.50862,0.00000,0.00000,0.00000,0.00000,none
21.54583,-87.47348,-87.47348,0.00000,0.00000,0.00000,-65.08621,0.00000,0.00000,30.00000,-92.52652,-0.11220,1.09609,6.50862,0.00000,0.00000,0.00000,0.00000,none
21.55000,-87.47348,-87.47348,0.00000,0.00000,0.00000,-65.08621,0.00000,0.00000,30.00000,-92.52652,-0.11220,1.09609,6.50862,0.00000,0.00000,0.00000,0.00000,none
21.55417,-87.47348,-87.47348,0.00000,0.00000,0.00000,-65.08621,0.00000,0.00000,30.00000,-92.52652,-0.11220,1.09609,6.50862,0.00000,0.00000,0.00000,0.00000,none
21.55833,-87.47348,-87.47348,0.00000,0.00000,0.00000,-65.08621,0.00000,0.00000,30.00000,-92.52652,-0.11220,1.09609,6.50862,0.00000,0.00000,0.00000,0.00000,none
21.56250,-87.47348,-87.47348,0.00000,0.00000,0.00000,-65.08621,0.00000,0.00000,30.00000,-92.52652,-0.11220,1.09609,6.50862,0.00000,0.00000,0.00000,0.00000,none
21.56667,-87.47348,-87.47348,0.00000,0.00000,0.00000,-65.08621,0.00000,0.00000,30.00000,-92.52652,-0.11220,1.09609,6.50862,0.00000,0.00000,0.00000,0.00000,none
21.57083,-87.47348,-87.47348,0.00000,0.00000,0.00000,-65.08621,0.00000,0.00000,30.00000,-92.52652,-0.11220,1.09609,6.50862,0.00000,0.00000,0.00000,0.00000,none
21.57500,-87.47348,-87.47348,0.00000,0.00000,0.00000,-65.08621,0.00000,0.00000,30.00000,-92.52652,-0.11220,1.09609,6.50862,0.00000,0.00000,0.00000,0.00000,none
21.57917,-87.47348,-87.47348,0.00000,0.00000,0.00000,-65.08621,0.00000,0.00000,30.00000,-92.52652,-0.11220,1.09609,6.50862,0.00000,0.00000,0.00000,0.00000,none
21.58333,-87.47348,-87.47348,0.00000,0.00000,0.00000,-65.08621,0.00000,0.00000,30.00000,-92.52652,-0.11220,1.09609,6.50862,0.00000,0.00000,0.00000,0.00000,none
21.58750,-87.47348,-87.47348,0.00000,0.00000,0.00000,-65.08621,0.00000,0.00000,30.00000,-92.52652,-0.11220,1.09609,6.50862,0.00000,0.00000,0.00000,0.00000,none
21.59167,-87.47348,-87.47348,0.00000,0.00000,0.00000,-65.08621,0.00000,0.00000,30.00000,-92.52652,-0.11220,1.09609,6.50862,0.00000,0.00000,0.00000,0.00000,none
21.59583,-87.47348,-87.47348,0.00000,0.00000,0.00000,-65.08621,0.00000,0.00000,30.00000,-92.52652,-0.11220,1.09609,6.50862,0.00000,0.00000,0.00000,0.00000,none
21.60000,-87.47348,-87.47348,0.00000,0.00000,0.00000,-65.08621,0.00000,0.00000,30.00000,-92.52652,-0.11220,1.09609,6.50862,0.00000,0.00000,0.00000,0.00000,none
21.60417,-87.47348,-87.47348,0.00000,0.00000,0.00000,-65.08621,0.00000,0.00000,30.00000,-92.52652,-0.11220,1.09609,6.50862,0.00000,0.00000,0.00000,0.00000,none
21.60833,-87.47348,-87.47348,0.00000,0.00000,0.00000,-65.08621,0.00000,0.00000,30.00000,-92.52652,-0.11220,1.09609,6.50862,0.00000,0.00000,0.00000,0.00000,none
21.61250,-87.47348,-87.47348,0.00000,0.00000,0.00000,-65.08621,0.00000,0.00000,30.00000,-92.52652,-0.11220,1.09609,6.50862,0.00000,0.00000,0.00000,0.00000,none
21.61667,-87.47348,-87.47348,0.00000,0.00000,0.00000,-65.08621,0.00000,0.00000,30.00000,-92.52652,-0.11220,1.09609,6.50862,0.00000,0.00000,0.00000,0.00000,none
21.62083,-87.47348,-87.47348,0.00000,0.00000,0.00000,-65.08621,0.00000,0.00000,30.00000,-92.52652,-0.11220,1.09609,6.50862,0.00000,0.00000,0.00000,0.00000,none
21.62500,-87.47348,-87.47348,0.00000,0.00000,0.00000,-65.08621,0.00000,0.00000,30.00000,-92.52652,-0.11220,1.09609,6.50862,0.00000,0.00000,0.00000,0.00000,none
21.62917,-87.47348,-87.47348,0.00000,0.00000,0.00000,-65.08621,0.00000,0.00000,30.00000,-92.52652,-0.11220,1.09609,6.50862,0.00000,0.00000,0.00000,0.00000,none
21.63333,-87.47348,-87.47348,0.00000,0.00000,0.00000,-65.08621,0.00000,0.00000,30.00000,-92.52652,-0.11220,1.09609,6.50862,0.00000,0.00000,0.00000,0.00000,none
21.63750,-87.47348,-87.47348,0.00000,0.00000,0.00000,-65.08621,0.00000,0.00000,30.00000,-92.52652,-0.11220,1.09609,6.50862,0.00000,0.00000,0.00000,0.00000,none
21.64167,-87.47348,-87.47348,0.00000,0.00000,0.00000,-65.08621,0.00000,0.00000,30.00000,-92.52652,-0.11220,1.09609,6.50862,0.00000,0.00000,0.00000,0.00000,none
21.64583,-87.47348,-87.47348,0.00000,0.00000,0.00000,-65.08621,0.00000,0.00000,30.00000,-92.52652,-0.11220,1.09609,6.50862,0.00000,0.00000,0.00000,0.00000,none
21.65000,-87.47348,-87.47348,0.00000,0.00000,0.00000,-65.08621,0.00000,0.00000,30.00000,-92.52652,-0.11220,1.09609,6.50862,0.00000,0.00000,0.00000,0.00000,none
21.65417,-87.47348,-87.47348,0.00000,0.00000,0.00000,-65.08621,0.00000,0.00000,30.00000,-92.52652,-0.11220,1.09609,6.50862,0.00000,0.00000,0.00000,0.00000,none
21.65833,-87.47348,-87.47348,0.00000,0.00000,0.00000,-65.08621,0.00000,0.00000,30.00000,-92.52652,-0.11220,1.09609,6.50862,0.00000,0.00000,0.00000,0.00000,none
21.66250,-87.47348,-87.47348,0.00000,0.00000,0.00000,-65.08621,0.00000,0.00000,30.00000,-92.52652,-0.11220,1.09609,6.50862,0.00000,0.00000,0.00000,0.00000,none
21.66667,-87.47348,-87.47348,0.00000,0.00000,0.00000,-65.08621,0.00000,0.00000,30.00000,-92.52652,-0.11220,1.09609,6.50862,0.00000,0.00000,0.00000,0.00000,none
21.67083,-87.47348,-87.47348,0.00000,0.00000,0.00000,-65.08621,0.00000,0.00000,30.00000,-92.52652,-0.11220,1.09609,6.50862,0.00000,0.00000,0.00000,0.00000,none
21.67500,-87.47348,-87.47348,0.00000,0.00000,0.00000,-65.08621,0.00000,0.00000,30.00000,-92.52652,-0.11220,1.09609,6.50862,0.00000,0.00000,0.00000,0.00000,none
21.67917,-87.47348,-87.47348,0.00000,0.00000,0.00000,-65.08621,0.00000,0.00000,30.00000,-92.52652,-0.11220,1.09609,6.50862,0.00000,0.00000,0.00000,0.00000,none
21.68333,-87.47348,-87.47348,0.00000,0.00000,0.00000,-65.08621,0.00000,0.00000,30.00000,-92.52652,-0.11220,1.09609,6.50862,0.00000,0.00000,0.00000,0.00000,none
21.68750,-87.47348,-87.47348,0.00000,0.00000,0.00000,-65.08621,0.00000,0.00000,30.00000,-92.52652,-0.11220,1.09609,6.50862,0.00000,0.00000,0.00000,0.00000,none
21.69167,-87.47348,-87.47348,0.00000,0.00000,0.00000,-65.08621,0.00000,0.00000,30.00000,-92.52652,-0.11220,1.09609,6.50862,0.00000,0.00000,0.00000,0.00000,none
21.69583,-87.47348,-87.47348,0.00000,0.00000,0.00000,-65.08621,0.00000,0.00000,30.00000,-92.52652,-0.11220,1.09609,6.50862,0.00000,0.00000,0.00000,0.00000,none
21.70000,-87.47348,-87.47348,0.00000,0.00000,0.00000,-65.08621,0.00000,0.00000,30.00000,-92.52652,-0.11220,1.09609,6.50862,0.00000,0.00000,0.00000,0.00000,none
21.70417,-87.47348,-87.47348,0.00000,0.00000,0.00000,-65.08621,0.00000,0.00000,30.00000,-92.52652,-0.11220,1.09609,6.50862,0.00000,0.00000,0.00000,0.00000,none
21.70833,-87.47348,-87.47348,0.00000,0.00000,0.00000,-65.08621,0.00000,0.00000,30.00000,-92.52652,-0.11220,1.09609,6.50862,0.00000,0.00000,0.00000,0.00000,none
21.71250,-87.47348,-87.47348,0.00000,0.00000,0.00000,-65.08621,0.00000,0.00000,30.00000,-92.52652,-0.11220,1.09609,6.50862,0.00000,0.00000,0.00000,0.00000,none
21.71667,-87.47348,-87.47348,0.00000,0.00000,0.00000,-65.08621,0.00000,0.00000,30.00000,-92.52652,-0.11220,1.09609,6.50862,0.00000,0.00000,0.00000,0.00000,none
21.72083,-87.47348,-87.47348,0.00000,0.00000,0.00000,-65.08621,0.00000,0.00000,30.00000,-92.52652,-0.11220,1.09609,6.50862,0.00000,0.00000,0.00000,0.00000,none
21.72500,-87.47348,-87.47348,0.00000,0.00000,0.00000,-65.08621,0.00000,0.00000,30.00000,-92.52652,-0.11220,1.09609,6.50862,0.00000,0.00000,0.00000,0.00000,none
21.72917,-87.47348,-87.47348,0.00000,0.00000,0.00000,-65.08621,0.00000,0.00000,30.00000,-92.52652,-0.11220,1.09609,6.50862,0.00000,0.00000,0.00000,0.00000,none
21.73333,-87.47348,-87.47348,0.00000,0.00000,0.00000,-65.08621,0.00000,0.00000,30.00000,-92.52652,-0.11220,1.09609,6.50862,0.00000,0.00000,0.00000,0.00000,none
21.73750,-87.47348,-87.47348,0.00000,0.00000,0.00000,-65.08621,0.00000,0.00000,30.00000,-92.52652,-0.11220,1.09609,6.50862,0.00000,0.00000,0.00000,0.00000,none
21.74167,-87.47348,-87.47348,0.00000,0.00000,0.00000,-65.08621,0.00000,0.00000,30.00000,-92.52652,-0.11220,1.09609,6.50862,0.00000,0.00000,0.00000,0.00000,none
21.74583,-87.47348,-87.47348,0.00000,0.00000,0.00000,-65.08621,0.00000,0.00000,30.00000,-92.52652,-0.11220,1.09609,6.50862,0.00000,0.00000,0.00000,0.00000,none
21.75000,-87.47348,-87.47348,0.00000,0.00000,0.00000,-65.08621,0.00000,0.00000,30.00000,-92.52652,-0.11220,1.09609,6.50862,0.00000,0.00000,0.00000,0.00000,none
21.75417,-87.47348,-87.47348,0.00000,0.00000,0.00000,-65.08621,0.00000,0.00000,30.00000,-92.52652,-0.11220,1.09609,6.50862,0.00000,0.00000,0.00000,0.00000,none
21.75833,-87.47348,-87.47348,0.00000,0.00000,0.00000,-65.08621,0.00000,0.00000,30.00000,-92.52652,-0.11220,1.09609,6.50862,0.00000,0.00000,0.00000,0.00000,none
21.76250,-87.47348,-87.47348,0.00000,0.00000,0.00000,-65.08621,0.00000,0.00000,30.00000,-92.52652,-0.11220,1.09609,6.50862,0.00000,0.00000,0.00000,0.00000,none
21.76667,-87.47348,-87.47348,0.00000,0.00000,0.00000,-65.08621,0.00000,0.00000,30.00000,-92.52652,-0.11220,1.09609,6.50862,0.00000,0.00000,0.00000,0.00000,none
21.77083,-87.47348,-87.47348,0.00000,0.00000,0.00000,-65.08621,0.00000,0.00000,30.00000,-92.52652,-0.11220,1.09609,6.50862,0.00000,0.00000,0.00000,0.00000,none
21.77500,-87.47348,-87.47348,0.00000,0.00000,0.00000,-65.08621,0.00000,0.00000,30.00000,-92.52652,-0.11220,1.09609,6.50862,0.00000,0.00000,0.00000,0.00000,none
21.77917,-87.47348,-87.47348,0.00000,0.00000,0.00000,-65.08621,0.00000,0.00000,30.00000,-92.52652,-0.11220,1.09609,6.50862,0.00000,0.00000,0.00000,0.00000,none
21.78333,-87.47348,-87.47348,0.00000,0.00000,0.00000,-65.08621,0.00000,0.00000,30.00000,-92.52652,-0.11220,1.09609,6.50862,0.00000,0.00000,0.00000,0.00000,none
21.78750,-87.47348,-87.47348,0.00000,0.00000,0.00000,-65.08621,0.00000,0.00000,30.00000,-92.52652,-0.11220,1.09609,6.50862,0.00000,0.00000,0.00000,0.00000,none
21.79167,-87.47348,-87.47348,0.00000,0.00000,0.00000,-65.08621,0.00000,0.00000,30.00000,-92.52652,-0.11220,1.09609,6.50862,0.00000,0.00000,0.00000,0.00000,none
21.79583,-87.47348,-87.47348,0.00000,0.00000,0.00000,-65.08621,0.00000,0.00000,30.00000,-92.52652,-0.11220,1.09609,6.50862,0.00000,0.00000,0.00000,0.00000,none
21.80000,-87.47348,-87.47348,0.00000,0.00000,0.00000,-65.08621,0.00000,0.00000,30.00000,-92.52652,-0.11220,1.09609,6.50862,0.00000,0.00000,0.00000,0.00000,none
21.80417,-87.47348,-87.47348,0.00000,0.00000,0.00000,-65.08621,0.00000,0.00000,30.00000,-92.52652,-0.11220,1.09609,6.50862,0.00000,0.00000,0.00000,0.00000,none
21.80833,-87.47348,-87.47348,0.00000,0.00000,0.00000,-65.08621,0.00000,0.00000,30.00000,-92.52652,-0.11220,1.09609,6.50862,0.00000,0.00000,0.00000,0.00000,none
21.81250,-87.47348,-87.47348,0.00000,0.00000,0.00000,-65.08621,0.00000,0.00000,30.00000,-92.52652,-0.11220,1.09609,6.50862,0.00000,0.00000,0.00000,0.00000,none
21.81667,-87.47348,-87.47348,0.00000,0.00000,0.00000,-65.08621,0.00000,0.00000,30.00000,-92.52652,-0.11220,1.09609,6.50862,0.00000,0.00000,0.00000,0.00000,none
21.82083,-87.47348,-87.47348,0.00000,0.00000,0.00000,-65.08621,0.00000,0.00000,30.00000,-92.52652,-0.11220,1.09609,6.50862,0.00000,0.00000,0.00000,0.00000,none
21.82500,-87.47348,-87.47348,0.00000,0.00000,0.00000,-65.08621,0.00000,0.00000,30.00000,-92.52652,-0.11220,1.09609,6.50862,0.00000,0.00000,0.00000,0.00000,none
21.82917,-87.47348,-87.47348,0.00000,0.00000,0.00000,-65.08621,0.00000,0.00000,30.00000,-92.52652,-0.11220,1.09609,6.50862,0.00000,0.00000,0.00000,0.00000,none
21.83333,-87.47348,-87.47348,0.00000,0.00000,0.00000,-65.08621,0.00000,0.00000,30.00000,-92.52652,-0.11220,1.09609,6.50862,0.00000,0.00000,0.00000,0.00000,none
21.83750,-87.47348,-87.47348,0.00000,0.00000,0.00000,-65.08621,0.00000,0.00000,30.00000,-92.52652,-0.11220,1.09609,6.50862,0.00000,0.00000,0.00000,0.00000,none
21.84167,-87.47348,-87.47348,0.00000,0.00000,0.00000,-65.08621,0.00000,0.00000,30.00000,-92.52652,-0.11220,1.09609,6.50862,0.00000,0.00000,0.00000,0.00000,none
21.84583,-87.47348,-87.47348,0.00000,0.00000,0.00000,-65.08621,0.00000,0.00000,30.00000,-92.52652,-0.11220,1.09609,6.50862,0.00000,0.00000,0.00000,0.00000,none
21.85000,-87.47348,-87.47348,0.00000,0.00000,0.00000,-65.08621,0.00000,0.00000,30.00000,-92.52652,-0.11220,1.09609,6.50862,0.00000,0.00000,0.00000,0.00000,none
21.85417,-87.47348,-87.47348,0.00000,0.00000,0.00000,-65.08621,0.00000,0.00000,30.00000,-92.52652,-0.11220,1.09609,6.50862,0.00000,0.00000,0.00000,0.00000,none
21.85833,-87.47348,-87.47348,0.00000,0.00000,0.00000,-65.08621,0.00000,0.00000,30.00000,-92.52652,-0.11220,1.09609,6.50862,0.00000,0.00000,0.00000,0.00000,none
21.86250,-87.47348,-87.47348,0.00000,0.00000,0.00000,-65.08621,0.00000,0.00000,30.00000,-92.52652,-0.11220,1.09609,6.50862,0.00000,0.00000,0.00000,0.00000,none
21.86667,-87.47348,-87.47348,0.00000,0.00000,0.00000,-65.08621,0.00000,0.00000,30.00000,-92.52652,-0.11220,1.09609,6.50862,0.00000,0.00000,0.00000,0.00000,none
21.87083,-87.47348,-87.47348,0.00000,0.00000,0.00000,-65.08621,0.00000,0.00000,30.00000,-92.52652,-0.11220,1.09609,6.50862,0.00000,0.00000,0.00000,0.00000,none
21.87500,-87.47348,-87.47348,0.00000,0.00000,0.00000,-65.08621,0.00000,0.00000,30.00000,-92.52652,-0.11220,1.09609,6.50862,0.00000,0.00000,0.00000,0.00000,none
21.87917,-87.47348,-87.47348,0.00000,0.00000,0.00000,-65.08621,0.00000,0.00000,30.00000,-92.52652,-0.11220,1.09609,6.50862,0.00000,0.00000,0.00000,0.00000,none
21.88333,-87.47348,-87.47348,0.00000,0.00000,0.00000,-65.08621,0.00000,0.00000,30.00000,-92.52652,-0.11220,1.09609,6.50862,0.00000,0.00000,0.00000,0.00000,none
21.88750,-87.47348,-87.47348,0.00000,0.00000,0.00000,-65.08621,0.00000,0.00000,30.00000,-92.52652,-0.11220,1.09609,6.50862,0.00000,0.00000,0.00000,0.00000,none
21.89167,-87.47348,-87.47348,0.00000,0.00000,0.00000,-65.08621,0.00000,0.00000,30.00000,-92.52652,-0.11220,1.09609,6.50862,0.00000,0.00000,0.00000,0.00000,none
21.89583,-87.47348,-87.47348,0.00000,0.00000,0.00000,-65.08621,0.00000,0.00000,30.00000,-92.52652,-0.11220,1.09609,6.50862,0.00000,0.00000,0.00000,0.00000,none
21.90000,-87.47348,-87.47348,0.00000,0.00000,0.00000,-65.08621,0.00000,0.00000,30.00000,-92.52652,-0.11220,1.09609,6.50862,0.00000,0.00000,0.00000,0.00000,none
21.90417,-87.47348,-87.47348,0.00000,0.00000,0.00000,-65.08621,0.00000,0.00000,30.00000,-92.52652,-0.11220,1.09609,6.50862,0.00000,0.00000,0.00000,0.00000,none
21.90833,-87.47348,-87.47348,0.00000,0.00000,0.00000,-65.08621,0.00000,0.00000,30.00000,-92.52652,-0.11220,1.09609,6.50862,0.00000,0.00000,0.00000,0.00000,none
21.91250,-87.47348,-87.47348,0.00000,0.00000,0.00000,-65.08621,0.00000,0.00000,30.00000,-92.52652,-0.11220,1.09609,6.50862,0.00000,0.00000,0.00000,0.00000,none
21.91667,-87.47348,-87.47348,0.00000,0.00000,0.00000,-65.08621,0.00000,0.00000,30.00000,-92.52652,-0.11220,1.09609,6.50862,0.00000,0.00000,0.00000,0.00000,none
21.92083,-87.47348,-87.47348,0.00000,0.00000,0.00000,-65.08621,0.00000,0.00000,30.00000,-92.52652,-0.11220,1.09609,6.50862,0.00000,0.00000,0.00000,0.00000,none
21.92500,-87.47348,-87.47348,0.00000,0.00000,0.00000,-65.08621,0.00000,0.00000,30.00000,-92.52652,-0.11220,1.09609,6.50862,0.00000,0.00000,0.00000,0.00000,none
21.92917,-87.47348,-87.47348,0.00000,0.00000,0.00000,-65.08621,0.00000,0.00000,30.00000,-92.52652,-0.11220,1.09609,6.50862,0.00000,0.00000,0.00000,0.00000,none
21.93333,-87.47348,-87.47348,0.00000,0.00000,0.00000,-65.08621,0.00000,0.00000,30.00000,-92.52652,-0.11220,1.09609,6.50862,0.00000,0.00000,0.00000,0.00000,none
21.93750,-87.47348,-87.47348,0.00000,0.00000,0.00000,-65.08621,0.00000,0.00000,30.00000,-92.52652,-0.11220,1.09609,6.50862,0.00000,0.00000,0.00000,0.00000,none
21.94167,-87.47348,-87.47348,0.00000,0.00000,0.00000,-65.08621,0.00000,0.00000,30.00000,-92.52652,-0.11220,1.09609,6.50862,0.00000,0.00000,0.00000,0.00000,none
21.94583,-87.47348,-87.47348,0.00000,0.00000,0.00000,-65.08621,0.00000,0.00000,30.00000,-92.52652,-0.11220,1.09609,6.50862,0.00000,0.00000,0.00000,0.00000,none
21.95000,-87.47348,-87.47348,0.00000,0.00000,0.00000,-65.08621,0.00000,0.00000,30.00000,-92.52652,-0.11220,1.09609,6.50862,0.00000,0.00000,0.00000,0.00000,none
21.95417,-87.47348,-87.47348,0.00000,0.00000,0.00000,-65.08621,0.00000,0.00000,30.00000,-92.52652,-0.11220,1.09609,6.50862,0.00000,0.00000,0.00000,0.00000,none
21.95833,-87.47348,-87.47348,0.00000,0.00000,0.00000,-65.08621,0.00000,0.00000,30.00000,-92.52652,-0.11220,1.09609,6.50862,0.00000,0.00000,0.00000,0.00000,none
21.96250,-87.47348,-87.47348,0.00000,0.00000,0.00000,-65.08621,0.00000,0.00000,30.00000,-92.52652,-0.11220,1.09609,6.50862,0.00000,0.00000,0.00000,0.00000,none
21.96667,-87.47348,-87.47348,0.00000,0.00000,0.00000,-65.08621,0.00000,0.00000,30.00000,-92.52652,-0.11220,1.09609,6.50862,0.00000,0.00000,0.00000,0.00000,none
21.97083,-87.47348,-87.47348,0.00000,0.00000,0.00000,-65.08621,0.00000,0.00000,30.00000,-92.52652,-0.11220,1.09609,6.50862,0.00000,0.00000,0.00000,0.00000,none
21.97500,-87.47348,-87.47348,0.00000,0.00000,0.00000,-65.08621,0.00000,0.00000,30.00000,-92.52652,-0.11220,1.09609,6.50862,0.00000,0.00000,0.00000,0.00000,none
21.97917,-87.47348,-87.47348,0.00000,0.00000,0.00000,-65.08621,0.00000,0.00000,30.00000,-92.52652,-0.11220,1.09609,6.50862,0.00000,0.00000,0.00000,0.00000,none
21.98333,-87.47348,-87.47348,0.00000,0.00000,0.00000,-65.08621,0.00000,0.00000,30.00000,-92.52652,-0.11220,1.09609,6.50862,0.00000,0.00000,0.00000,0.00000,none
21.98750,-87.47348,-87.47348,0.00000,0.00000,0.00000,-65.08621,0.00000,0.00000,30.00000,-92.52652,-0.11220,1.09609,6.50862,0.00000,0.00000,0.00000,0.00000,none
21.99167,-87.47348,-87.47348,0.00000,0.00000,0.00000,-65.08621,0.00000,0.00000,30.00000,-92.52652,-0.11220,1.09609,6.50862,0.00000,0.00000,0.00000,0.00000,none
21.99583,-87.47348,-87.47348,0.00000,0.00000,0.00000,-65.08621,0.00000,0.00000,30.00000,-92.52652,-0.11220,1.09609,6.50862,0.00000,0.00000,0.00000,0.00000,none
22.00000,-87.47348,-87.47348,0.00000,0.00000,0.00000,-65.08621,0.00000,0.00000,30.00000,-92.52652,-0.11220,1.09609,6.50862,0.00000,0.00000,0.00000,0.00000,none
22.00417,-87.47348,-87.47348,0.00000,0.00000,0.00000,-65.08621,0.00000,0.00000,30.00000,-92.52652,-0.11220,1.09609,6.50862,0.00000,0.00000,0.00000,0.00000,none
22.00833,-87.47348,-87.47348,0.00000,0.00000,0.00000,-65.08621,0.00000,0.00000,30.00000,-92.52652,-0.11220,1.09609,6.50862,0.00000,0.00000,0.00000,0.00000,none
22.01250,-87.47348,-87.47348,0.00000,0.00000,0.00000,-65.08621,0.00000,0.00000,30.00000,-92.52652,-0.11220,1.09609,6.50862,0.00000,0.00000,0.00000,0.00000,none
22.01667,-87.47348,-87.47348,0.00000,0.00000,0.00000,-65.08621,0.00000,0.00000,30.00000,-92.52652,-0.11220,1.09609,6.50862,0.00000,0.00000,0.00000,0.00000,none
22.02083,-87.47348,-87.47348,0.00000,0.00000,0.00000,-65.08621,0.00000,0.00000,30.00000,-92.52652,-0.11220,1.09609,6.50862,0.00000,0.00000,0.00000,0.00000,none
22.02500,-87.47348,-87.47348,0.00000,0.00000,0.00000,-65.08621,0.00000,0.00000,30.00000,-92.52652,-0.11220,1.09609,6.50862,0.00000,0.00000,0.00000,0.00000,none
22.02917,-87.47348,-87.47348,0.00000,0.00000,0.00000,-65.08621,0.00000,0.00000,30.00000,-92.52652,-0.11220,1.09609,6.50862,0.00000,0.00000,0.00000,0.00000,none
22.03333,-87.47348,-87.47348,0.00000,0.00000,0.00000,-65.08621,0.00000,0.00000,30.00000,-92.52652,-0.11220,1.09609,6.50862,0.00000,0.00000,0.00000,0.00000,none
22.03750,-87.47348,-87.47348,0.00000,0.00000,0.00000,-65.08621,0.00000,0.00000,30.00000,-92.52652,-0.11220,1.09609,6.50862,0.00000,0.00000,0.00000,0.00000,none
22.04167,-87.47348,-87.47348,0.00000,0.00000,0.00000,-65.08621,0.00000,0.00000,30.00000,-92.52652,-0.11220,1.09609,6.50862,0.00000,0.00000,0.00000,0.00000,none
22.04583,-87.47348,-87.47348,0.00000,0.00000,0.00000,-65.08621,0.00000,0.00000,30.00000,-92.52652,-0.11220,1.09609,6.50862,0.00000,0.00000,0.00000,0.00000,none
22.05000,-87.47348,-87.47348,0.00000,0.00000,0.00000,-65.08621,0.00000,0.00000,30.00000,-92.52652,-0.11220,1.09609,6.50862,0.00000,0.00000,0.00000,0.00000,none
22.05417,-87.47348,-87.47348,0.00000,0.00000,0.00000,-65.08621,0.00000,0.00000,30.00000,-92.52652,-0.11220,1.09609,6.50862,0.00000,0.00000,0.00000,0.00000,none
22.05833,-87.47348,-87.47348,0.00000,0.00000,0.00000,-65.08621,0.00000,0.00000,30.00000,-92.52652,-0.11220,1.09609,6.50862,0.00000,0.00000,0.00000,0.00000,none
22.06250,-87.47348,-87.47348,0.00000,0.00000,0.00000,-65.08621,0.00000,0.00000,30.00000,-92.52652,-0.11220,1.09609,6.50862,0.00000,0.00000,0.00000,0.00000,none
22.06667,-87.47348,-87.47348,0.00000,0.00000,0.00000,-65.08621,0.00000,0.00000,30.00000,-92.52652,-0.11220,1.09609,6.50862,0.00000,0.00000,0.00000,0.00000,none
22.07083,-87.47348,-87.47348,0.00000,0.00000,0.00000,-65.08621,0.00000,0.00000,30.00000,-92.52652,-0.11220,1.09609,6.50862,0.00000,0.00000,0.00000,0.00000,none
22.07500,-87.47348,-87.47348,0.00000,0.00000,0.00000,-65.08621,0.00000,0.00000,30.00000,-92.52652,-0.11220,1.09609,6.50862,0.00000,0.00000,0.00000,0.00000,none
22.07917,-87.47348,-87.47348,0.00000,0.00000,0.00000,-65.08621,0.00000,0.00000,30.00000,-92.52652,-0.11220,1.09609,6.50862,0.00000,0.00000,0.00000,0.00000,none
22.08333,-87.47348,-87.47348,0.00000,0.00000,0.00000,-65.08621,0.00000,0.00000,30.00000,-92.52652,-0.11220,1.09609,6.50862,0.00000,0.00000,0.00000,0.00000,none
22.08750,-87.47348,-87.47348,0.00000,0.00000,0.00000,-65.08621,0.00000,0.00000,30.00000,-92.52652,-0.11220,1.09609,6.50862,0.00000,0.00000,0.00000,0.00000,none
22.09167,-87.47348,-87.47348,0.00000,0.00000,0.00000,-65.08621,0.00000,0.00000,30.00000,-92.52652,-0.11220,1.09609,6.50862,0.00000,0.00000,0.00000,0.00000,none
22.09583,-87.47348,-87.47348,0.00000,0.00000,0.00000,-65.08621,0.00000,0.00000,30.00000,-92.52652,-0.11220,1.09609,6.50862,0.00000,0.00000,0.00000,0.00000,none
22.10000,-87.47348,-87.47348,0.00000,0.00000,0.00000,-65.08621,0.00000,0.00000,30.00000,-92.52652,-0.11220,1.09609,6.50862,0.00000,0.00000,0.00000,0.00000,none
22.10417,-87.47348,-87.47348,0.00000,0.00000,0.00000,-65.08621,0.00000,0.00000,30.00000,-92.52652,-0.11220,1.09609,6.50862,0.00000,0.00000,0.00000,0.00000,none
22.10833,-87.47348,-87.47348,0.00000,0.00000,0.00000,-65.08621,0.00000,0.00000,30.00000,-92.52652,-0.11220,1.09609,6.50862,0.00000,0.00000,0.00000,0.00000,none
22.11250,-87.47348,-87.47348,0.00000,0.00000,0.00000,-65.08621,0.00000,0.00000,30.00000,-92.52652,-0.11220,1.09609,6.50862,0.00000,0.00000,0.00000,0.00000,none
22.11667,-87.47348,-87.47348,0.00000,0.00000,0.00000,-65.08621,0.00000,0.00000,30.00000,-92.52652,-0.11220,1.09609,6.50862,0.00000,0.00000,0.00000,0.00000,none
22.12083,-87.47348,-87.47348,0.00000,0.00000,0.00000,-65.08621,0.00000,0.00000,30.00000,-92.52652,-0.11220,1.09609,6.50862,0.00000,0.00000,0.00000,0.00000,none
22.12500,-87.47348,-87.47348,0.00000,0.00000,0.00000,-65.08621,0.00000,0.00000,30.00000,-92.52652,-0.11220,1.09609,6.50862,0.00000,0.00000,0.00000,0.00000,none
22.12917,-87.47348,-87.47348,0.00000,0.00000,0.00000,-65.08621,0.00000,0.00000,30.00000,-92.52652,-0.11220,1.09609,6.50862,0.00000,0.00000,0.00000,0.00000,none
22.13333,-87.47348,-87.47348,0.00000,0.00000,0.00000,-65.08621,0.00000,0.00000,30.00000,-92.52652,-0.11220,1.09609,6.50862,0.00000,0.00000,0.00000,0.00000,none
22.13750,-87.47348,-87.47348,0.00000,0.00000,0.00000,-65.08621,0.00000,0.00000,30.00000,-92.52652,-0.11220,1.09609,6.50862,0.00000,0.00000,0.00000,0.00000,none
22.14167,-87.47348,-87.47348,0.00000,0.00000,0.00000,-65.08621,0.00000,0.00000,30.00000,-92.52652,-0.11220,1.09609,6.50862,0.00000,0.00000,0.00000,0.00000,none
22.14583,-87.47348,-87.47348,0.00000,0.00000,0.00000,-65.08621,0.00000,0.00000,30.00000,-92.52652,-0.11220,1.09609,6.50862,0.00000,0.00000,0.00000,0.00000,none
22.15000,-87.47348,-87.47348,0.00000,0.00000,0.00000,-65.08621,0.00000,0.00000,30.00000,-92.52652,-0.11220,1.09609,6.50862,0.00000,0.00000,0.00000,0.00000,none
22.15417,-87.47348,-87.47348,0.00000,0.00000,0.00000,-65.08621,0.00000,0.00000,30.00000,-92.52652,-0.11220,1.09609,6.50862,0.00000,0.00000,0.00000,0.00000,none
22.15833,-87.47348,-87.47348,0.00000,0.00000,0.00000,-65.08621,0.00000,0.00000,30.00000,-92.52652,-0.11220,1.09609,6.50862,0.00000,0.00000,0.00000,0.00000,none
22.16250,-87.47348,-87.47348,0.00000,0.00000,0.00000,-65.08621,0.00000,0.00000,30.00000,-92.52652,-0.11220,1.09609,6.50862,0.00000,0.00000,0.00000,0.00000,none
22.16667,-87.47348,-87.47348,0.00000,0.00000,0.00000,-65.08621,0.00000,0.00000,30.00000,-92.52652,-0.11220,1.09609,6.50862,0.00000,0.00000,0.00000,0.00000,none
22.17083,-87.47348,-87.47348,0.00000,0.00000,0.00000,-65.08621,0.00000,0.00000,30.00000,-92.52652,-0.11220,1.09609,6.50862,0.00000,0.00000,0.00000,0.00000,none
22.17500,-87.47348,-87.47348,0.00000,0.00000,0.00000,-65.08621,0.00000,0.00000,30.00000,-92.52652,-0.11220,1.09609,6.50862,0.00000,0.00000,0.00000,0.00000,none
22.17917,-87.47348,-87.47348,0.00000,0.00000,0.00000,-65.08621,0.00000,0.00000,30.00000,-92.52652,-0.11220,1.09609,6.50862,0.00000,0.00000,0.00000,0.00000,none
22.18333,-87.47348,-87.47348,0.00000,0.00000,0.00000,-65.08621,0.00000,0.00000,30.00000,-92.52652,-0.11220,1.09609,6.50862,0.00000,0.00000,0.00000,0.00000,none
22.18750,-87.47348,-87.47348,0.00000,0.00000,0.00000,-65.08621,0.00000,0.00000,30.00000,-92.52652,-0.11220,1.09609,6.50862,0.00000,0.00000,0.00000,0.00000,none
22.19167,-87.47348,-87.47348,0.00000,0.00000,0.00000,-65.08621,0.00000,0.00000,30.00000,-92.52652,-0.11220,1.09609,6.50862,0.00000,0.00000,0.00000,0.00000,none
22.19583,-87.47348,-87.47348,0.00000,0.00000,0.00000,-65.08621,0.00000,0.00000,30.00000,-92.52652,-0.11220,1.09609,6.50862,0.00000,0.00000,0.00000,0.00000,none
22.20000,-87.47348,-87.47348,0.00000,0.00000,0.00000,-65.08621,0.00000,0.00000,30.00000,-92.52652,-0.11220,1.09609,6.50862,0.00000,0.00000,0.00000,0.00000,none
22.20417,-87.47348,-87.47348,0.00000,0.00000,0.00000,-65.08621,0.00000,0.00000,30.00000,-92.52652,-0.11220,1.09609,6.50862,0.00000,0.00000,0.00000,0.00000,none
22.20833,-87.47348,-87.47348,0.00000,0.00000,0.00000,-65.08621,0.00000,0.00000,30.00000,-92.52652,-0.11220,1.09609,6.50862,0.00000,0.00000,0.00000,0.00000,none
22.21250,-87.47348,-87.47348,0.00000,0.00000,0.00000,-65.08621,0.00000,0.00000,30.00000,-92.52652,-0.11220,1.09609,6.50862,0.00000,0.00000,0.00000,0.00000,none
22.21667,-87.47348,-87.47348,0.00000,0.00000,0.00000,-65.08621,0.00000,0.00000,30.00000,-92.52652,-0.11220,1.09609,6.50862,0.00000,0.00000,0.00000,0.00000,none
22.22083,-87.47348,-87.47348,0.00000,0.00000,0.00000,-65.08621,0.00000,0.00000,30.00000,-92.52652,-0.11220,1.09609,6.50862,0.00000,0.00000,0.00000,0.00000,none
22.22500,-87.47348,-87.47348,0.00000,0.00000,0.00000,-65.08621,0.00000,0.00000,30.00000,-92.52652,-0.11220,1.09609,6.50862,0.00000,0.00000,0.00000,0.00000,none
22.22917,-87.47348,-87.47348,0.00000,0.00000,0.00000,-65.08621,0.00000,0.00000,30.00000,-92.52652,-0.11220,1.09609,6.50862,0.00000,0.00000,0.00000,0.00000,none
22.23333,-87.47348,-87.47348,0.00000,0.00000,0.00000,-65.08621,0.00000,0.00000,30.00000,-92.52652,-0.11220,1.09609,6.50862,0.00000,0.00000,0.00000,0.00000,none
22.23750,-87.47348,-87.47348,0.00000,0.00000,0.00000,-65.08621,0.00000,0.00000,30.00000,-92.52652,-0.11220,1.09609,6.50862,0.00000,0.00000,0.00000,0.00000,none
22.24167,-87.47348,-87.47348,0.00000,0.00000,0.00000,-65.08621,0.00000,0.00000,30.00000,-92.52652,-0.11220,1.09609,6.50862,0.00000,0.00000,0.00000,0.00000,none
22.24583,-87.47348,-87.47348,0.00000,0.00000,0.00000,-65.08621,0.00000,0.00000,30.00000,-92.52652,-0.11220,1.09609,6.50862,0.00000,0.00000,0.00000,0.00000,none
22.25000,-87.47348,-87.47348,0.00000,0.00000,0.00000,-65.08621,0.00000,0.00000,30.00000,-92.52652,-0.11220,1.09609,6.50862,0.00000,0.00000,0.00000,0.00000,none
22.25417,-87.47348,-87.47348,0.00000,0.00000,0.00000,-65.08621,0.00000,0.00000,30.00000,-92.52652,-0.11220,1.09609,6.50862,0.00000,0.00000,0.00000,0.00000,none
22.25833,-87.47348,-87.47348,0.00000,0.00000,0.00000,-65.08621,0.00000,0.00000,30.00000,-92.52652,-0.11220,1.09609,6.50862,0.00000,0.00000,0.00000,0.00000,none
22.26250,-87.47348,-87.47348,0.00000,0.00000,0.00000,-65.08621,0.00000,0.00000,30.00000,-92.52652,-0.11220,1.09609,6.50862,0.00000,0.00000,0.00000,0.00000,none
22.26667,-87.47348,-87.47348,0.00000,0.00000,0.00000,-65.08621,0.00000,0.00000,30.00000,-92.52652,-0.11220,1.09609,6.50862,0.00000,0.00000,0.00000,0.00000,none
22.27083,-87.47348,-87.47348,0.00000,0.00000,0.00000,-65.08621,0.00000,0.00000,30.00000,-92.52652,-0.11220,1.09609,6.50862,0.00000,0.00000,0.00000,0.00000,none
22.27500,-87.47348,-87.47348,0.00000,0.00000,0.00000,-65.08621,0.00000,0.00000,30.00000,-92.52652,-0.11220,1.09609,6.50862,0.00000,0.00000,0.00000,0.00000,none
22.27917,-87.47348,-87.47348,0.00000,0.00000,0.00000,-65.08621,0.00000,0.00000,30.00000,-92.52652,-0.11220,1.09609,6.50862,0.00000,0.00000,0.00000,0.00000,none
22.28333,-87.47348,-87.47348,0.00000,0.00000,0.00000,-65.08621,0.00000,0.00000,30.00000,-92.52652,-0.11220,1.09609,6.50862,0.00000,0.00000,0.00000,0.00000,none
22.28750,-87.47348,-87.47348,0.00000,0.00000,0.00000,-65.08621,0.00000,0.00000,30.00000,-92.52652,-0.11220,1.09609,6.50862,0.00000,0.00000,0.00000,0.00000,none
22.29167,-87.47348,-87.47348,0.00000,0.00000,0.00000,-65.08621,0.00000,0.00000,30.00000,-92.52652,-0.11220,1.09609,6.50862,0.00000,0.00000,0.00000,0.00000,none
22.29583,-87.47348,-87.47348,0.00000,0.00000,0.00000,-65.08621,0.00000,0.00000,30.00000,-92.52652,-0.11220,1.09609,6.50862,0.00000,0.00000,0.00000,0.00000,none
22.30000,-87.47348,-87.47348,0.00000,0.00000,0.00000,-65.08621,0.00000,0.00000,30.00000,-92.52652,-0.11220,1.09609,6.50862,0.00000,0.00000,0.00000,0.00000,none
22.30417,-87.47348,-87.47348,0.00000,0.00000,0.00000,-65.08621,0.00000,0.00000,30.00000,-92.52652,-0.11220,1.09609,6.50862,0.00000,0.00000,0.00000,0.00000,none
22.30833,-87.47348,-87.47348,0.00000,0.00000,0.00000,-65.08621,0.00000,0.00000,30.00000,-92.52652,-0.11220,1.09609,6.50862,0.00000,0.00000,0.00000,0.00000,none
22.31250,-87.47348,-87.47348,0.00000,0.00000,0.00000,-65.08621,0.00000,0.00000,30.00000,-92.52652,-0.11220,1.09609,6.50862,0.00000,0.00000,0.00000,0.00000,none
22.31667,-87.47348,-87.47348,0.00000,0.00000,0.00000,-65.08621,0.00000,0.00000,30.00000,-92.52652,-0.11220,1.09609,6.50862,0.00000,0.00000,0.00000,0.00000,none
22.32083,-87.47348,-87.47348,0.00000,0.00000,0.00000,-65.08621,0.00000,0.00000,30.00000,-92.52652,-0.11220,1.09609,6.50862,0.00000,0.00000,0.00000,0.00000,none
22.32500,-87.47348,-87.47348,0.00000,0.00000,0.00000,-65.08621,0.00000,0.00000,30.00000,-92.52652,-0.11220,1.09609,6.50862,0.00000,0.00000,0.00000,0.00000,none
22.32917,-87.47348,-87.47348,0.00000,0.00000,0.00000,-65.08621,0.00000,0.00000,30.00000,-92.52652,-0.11220,1.09609,6.50862,0.00000,0.00000,0.00000,0.00000,none
22.33333,-87.47348,-87.47348,0.00000,0.00000,0.00000,-65.08621,0.00000,0.00000,30.00000,-92.52652,-0.11220,1.09609,6.50862,0.00000,0.00000,0.00000,0.00000,none
22.33750,-87.47348,-87.47348,0.00000,0.00000,0.00000,-65.08621,0.00000,0.00000,30.00000,-92.52652,-0.11220,1.09609,6.50862,0.00000,0.00000,0.00000,0.00000,none
22.34167,-87.47348,-87.47348,0.00000,0.00000,0.00000,-65.08621,0.00000,0.00000,30.00000,-92.52652,-0.11220,1.09609,6.50862,0.00000,0.00000,0.00000,0.00000,none
22.34583,-87.47348,-87.47348,0.00000,0.00000,0.00000,-65.08621,0.00000,0.00000,30.00000,-92.52652,-0.11220,1.09609,6.50862,0.00000,0.00000,0.00000,0.00000,none
22.35000,-87.47348,-87.47348,0.00000,0.00000,0.00000,-65.08621,0.00000,0.00000,30.00000,-92.52652,-0.11220,1.09609,6.50862,0.00000,0.00000,0.00000,0.00000,none
22.35417,-87.47348,-87.47348,0.00000,0.00000,0.00000,-65.08621,0.00000,0.00000,30.00000,-92.52652,-0.11220,1.09609,6.50862,0.00000,0.00000,0.00000,0.00000,none
22.35833,-87.47348,-87.47348,0.00000,0.00000,0.00000,-65.08621,0.00000,0.00000,30.00000,-92.52652,-0.11220,1.09609,6.50862,0.00000,0.00000,0.00000,0.00000,none
22.36250,-87.47348,-87.47348,0.00000,0.00000,0.00000,-65.08621,0.00000,0.00000,30.00000,-92.52652,-0.11220,1.09609,6.50862,0.00000,0.00000,0.00000,0.00000,none
22.36667,-87.47348,-87.47348,0.00000,0.00000,0.00000,-65.08621,0.00000,0.00000,30.00000,-92.52652,-0.11220,1.09609,6.50862,0.00000,0.00000,0.00000,0.00000,none
22.37083,-87.47348,-87.47348,0.00000,0.00000,0.00000,-65.08621,0.00000,0.00000,30.00000,-92.52652,-0.11220,1.09609,6.50862,0.00000,0.00000,0.00000,0.00000,none
22.37500,-87.47348,-87.47348,0.00000,0.00000,0.00000,-65.08621,0.00000,0.00000,30.00000,-92.52652,-0.11220,1.09609,6.50862,0.00000,0.00000,0.00000,0.00000,none
22.37917,-87.47348,-87.47348,0.00000,0.00000,0.00000,-65.08621,0.00000,0.00000,30.00000,-92.52652,-0.11220,1.09609,6.50862,0.00000,0.00000,0.00000,0.00000,none
22.38333,-87.47348,-87.47348,0.00000,0.00000,0.00000,-65.08621,0.00000,0.00000,30.00000,-92.52652,-0.11220,1.09609,6.50862,0.00000,0.00000,0.00000,0.00000,none
22.38750,-87.47348,-87.47348,0.00000,0.00000,0.00000,-65.08621,0.00000,0.00000,30.00000,-92.52652,-0.11220,1.09609,6.50862,0.00000,0.00000,0.00000,0.00000,none
22.39167,-87.47348,-87.47348,0.00000,0.00000,0.00000,-65.08621,0.00000,0.00000,30.00000,-92.52652,-0.11220,1.09609,6.50862,0.00000,0.00000,0.00000,0.00000,none
22.39583,-87.47348,-87.47348,0.00000,0.00000,0.00000,-65.08621,0.00000,0.00000,30.00000,-92.52652,-0.11220,1.09609,6.50862,0.00000,0.00000,0.00000,0.00000,none
22.40000,-87.47348,-87.47348,0.00000,0.00000,0.00000,-65.08621,0.00000,0.00000,30.00000,-92.52652,-0.11220,1.09609,6.50862,0.00000,0.00000,0.00000,0.00000,none
22.40417,-87.47348,-87.47348,0.00000,0.00000,0.00000,-65.08621,0.00000,0.00000,30.00000,-92.52652,-0.11220,1.09609,6.50862,0.00000,0.00000,0.00000,0.00000,none
22.40833,-87.47348,-87.47348,0.00000,0.00000,0.00000,-65.08621,0.00000,0.00000,30.00000,-92.52652,-0.11220,1.09609,6.50862,0.00000,0.00000,0.00000,0.00000,none
22.41250,-87.47348,-87.47348,0.00000,0.00000,0.00000,-65.08621,0.00000,0.00000,30.00000,-92.52652,-0.11220,1.09609,6.50862,0.00000,0.00000,0.00000,0.00000,none
22.41667,-87.47348,-87.47348,0.00000,0.00000,0.00000,-65.08621,0.00000,0.00000,30.00000,-92.52652,-0.11220,1.09609,6.50862,0.00000,0.00000,0.00000,0.00000,none
22.42083,-87.47348,-87.47348,0.00000,0.00000,0.00000,-65.08621,0.00000,0.00000,30.00000,-92.52652,-0.11220,1.09609,6.50862,0.00000,0.00000,0.00000,0.00000,none
22.42500,-87.47348,-87.47348,0.00000,0.00000,0.00000,-65.08621,0.00000,0.00000,30.00000,-92.52652,-0.11220,1.09609,6.50862,0.00000,0.00000,0.00000,0.00000,none
22.42917,-87.47348,-87.47348,0.00000,0.00000,0.00000,-65.08621,0.00000,0.00000,30.00000,-92.52652,-0.11220,1.09609,6.50862,0.00000,0.00000,0.00000,0.00000,none
22.43333,-87.47348,-87.47348,0.00000,0.00000,0.00000,-65.08621,0.00000,0.00000,30.00000,-92.52652,-0.11220,1.09609,6.50862,0.00000,0.00000,0.00000,0.00000,none
22.43750,-87.47348,-87.47348,0.00000,0.00000,0.00000,-65.08621,0.00000,0.00000,30.00000,-92.52652,-0.11220,1.09609,6.50862,0.00000,0.00000,0.00000,0.00000,none
22.44167,-87.47348,-87.47348,0.00000,0.00000,0.00000,-65.08621,0.00000,0.00000,30.00000,-92.52652,-0.11220,1.09609,6.50862,0.00000,0.00000,0.00000,0.00000,none
22.44583,-87.47348,-87.47348,0.00000,0.00000,0.00000,-65.08621,0.00000,0.00000,30.00000,-92.52652,-0.11220,1.09609,6.50862,0.00000,0.00000,0.00000,0.00000,none
22.45000,-87.47348,-87.47348,0.00000,0.00000,0.00000,-65.08621,0.00000,0.00000,30.00000,-92.52652,-0.11220,1.09609,6.50862,0.00000,0.00000,0.00000,0.00000,none
22.45417,-87.47348,-87.47348,0.00000,0.00000,0.00000,-65.08621,0.00000,0.00000,30.00000,-92.52652,-0.11220,1.09609,6.50862,0.00000,0.00000,0.00000,0.00000,none
22.45833,-87.47348,-87.47348,0.00000,0.00000,0.00000,-65.08621,0.00000,0.00000,30.00000,-92.52652,-0.11220,1.09609,6.50862,0.00000,0.00000,0.00000,0.00000,none
22.46250,-87.47348,-87.47348,0.00000,0.00000,0.00000,-65.08621,0.00000,0.00000,30.00000,-92.52652,-0.11220,1.09609,6.50862,0.00000,0.00000,0.00000,0.00000,none
22.46667,-87.47348,-87.47348,0.00000,0.00000,0.00000,-65.08621,0.00000,0.00000,30.00000,-92.52652,-0.11220,1.09609,6.50862,0.00000,0.00000,0.00000,0.00000,none
22.47083,-87.47348,-87.47348,0.00000,0.00000,0.00000,-65.08621,0.00000,0.00000,30.00000,-92.52652,-0.11220,1.09609,6.50862,0.00000,0.00000,0.00000,0.00000,none
22.47500,-87.47348,-87.47348,0.00000,0.00000,0.00000,-65.08621,0.00000,0.00000,30.00000,-92.52652,-0.11220,1.09609,6.50862,0.00000,0.00000,0.00000,0.00000,none
22.47917,-87.47348,-87.47348,0.00000,0.00000,0.00000,-65.08621,0.00000,0.00000,30.00000,-92.52652,-0.11220,1.09609,6.50862,0.00000,0.00000,0.00000,0.00000,none
22.48333,-87.47348,-87.47348,0.00000,0.00000,0.00000,-65.08621,0.00000,0.00000,30.00000,-92.52652,-0.11220,1.09609,6.50862,0.00000,0.00000,0.00000,0.00000,none
22.48750,-87.47348,-87.47348,0.00000,0.00000,0.00000,-65.08621,0.00000,0.00000,30.00000,-92.52652,-0.11220,1.09609,6.50862,0.00000,0.00000,0.00000,0.00000,none
22.49167,-87.47348,-87.47348,0.00000,0.00000,0.00000,-65.08621,0.00000,0.00000,30.00000,-92.52652,-0.11220,1.09609,6.50862,0.00000,0.00000,0.00000,0.00000,none
22.49583,-87.47348,-87.47348,0.00000,0.00000,0.00000,-65.08621,0.00000,0.00000,30.00000,-92.52652,-0.11220,1.09609,6.50862,0.00000,0.00000,0.00000,0.00000,none
22.50000,-87.47348,-87.47348,0.00000,0.00000,0.00000,-65.08621,0.00000,0.00000,30.00000,-92.52652,-0.11220,1.09609,6.50862,0.00000,0.00000,0.00000,0.00000,none
22.50417,-87.47348,-87.47348,0.00000,0.00000,0.00000,-65.08621,0.00000,0.00000,30.00000,-92.52652,-0.11220,1.09609,6.50862,0.00000,0.00000,0.00000,0.00000,none
22.50833,-87.47348,-87.47348,0.00000,0.00000,0.00000,-65.08621,0.00000,0.00000,30.00000,-92.52652,-0.11220,1.09609,6.50862,0.00000,0.00000,0.00000,0.00000,none
22.51250,-87.47348,-87.47348,0.00000,0.00000,0.00000,-65.08621,0.00000,0.00000,30.00000,-92.52652,-0.11220,1.09609,6.50862,0.00000,0.00000,0.00000,0.00000,none
22.51667,-87.47348,-87.47348,0.00000,0.00000,0.00000,-65.08621,0.00000,0.00000,30.00000,-92.52652,-0.11220,1.09609,6.50862,0.00000,0.00000,0.00000,0.00000,none
22.52083,-87.47348,-87.47348,0.00000,0.00000,0.00000,-65.08621,0.00000,0.00000,30.00000,-92.52652,-0.11220,1.09609,6.50862,0.00000,0.00000,0.00000,0.00000,none
22.52500,-87.47348,-87.47348,0.00000,0.00000,0.00000,-65.08621,0.00000,0.00000,30.00000,-92.52652,-0.11220,1.09609,6.50862,0.00000,0.00000,0.00000,0.00000,none
22.52917,-87.47348,-87.47348,0.00000,0.00000,0.00000,-65.08621,0.00000,0.00000,30.00000,-92.52652,-0.11220,1.09609,6.50862,0.00000,0.00000,0.00000,0.00000,none
22.53333,-87.47348,-87.47348,0.00000,0.00000,0.00000,-65.08621,0.00000,0.00000,30.00000,-92.52652,-0.11220,1.09609,6.50862,0.00000,0.00000,0.00000,0.00000,none
22.53750,-87.47348,-87.47348,0.00000,0.00000,0.00000,-65.08621,0.00000,0.00000,30.00000,-92.52652,-0.11220,1.09609,6.50862,0.00000,0.00000,0.00000,0.00000,none
22.54167,-87.47348,-87.47348,0.00000,0.00000,0.00000,-65.08621,0.00000,0.00000,30.00000,-92.52652,-0.11220,1.09609,6.50862,0.00000,0.00000,0.00000,0.00000,none
22.54583,-87.47348,-87.47348,0.00000,0.00000,0.00000,-65.08621,0.00000,0.00000,30.00000,-92.52652,-0.11220,1.09609,6.50862,0.00000,0.00000,0.00000,0.00000,none
22.55000,-87.47348,-87.47348,0.00000,0.00000,0.00000,-65.08621,0.00000,0.00000,30.00000,-92.52652,-0.11220,1.09609,6.50862,0.00000,0.00000,0.00000,0.00000,none
22.55417,-87.47348,-87.47348,0.00000,0.00000,0.00000,-65.08621,0.00000,0.00000,30.00000,-92.52652,-0.11220,1.09609,6.50862,0.00000,0.00000,0.00000,0.00000,none
22.55833,-87.47348,-87.47348,0.00000,0.00000,0.00000,-65.08621,0.00000,0.00000,30.00000,-92.52652,-0.11220,1.09609,6.50862,0.00000,0.00000,0.00000,0.00000,none
22.56250,-87.47348,-87.47348,0.00000,0.00000,0.00000,-65.08621,0.00000,0.00000,30.00000,-92.52652,-0.11220,1.09609,6.50862,0.00000,0.00000,0.00000,0.00000,none
22.56667,-87.47348,-87.47348,0.00000,0.00000,0.00000,-65.08621,0.00000,0.00000,30.00000,-92.52652,-0.11220,1.09609,6.50862,0.00000,0.00000,0.00000,0.00000,none
22.57083,-87.47348,-87.47348,0.00000,0.00000,0.00000,-65.08621,0.00000,0.00000,30.00000,-92.52652,-0.11220,1.09609,6.50862,0.00000,0.00000,0.00000,0.00000,none
22.57500,-87.47348,-87.47348,0.00000,0.00000,0.00000,-65.08621,0.00000,0.00000,30.00000,-92.52652,-0.11220,1.09609,6.50862,0.00000,0.00000,0.00000,0.00000,none
22.57917,-87.47348,-87.47348,0.00000,0.00000,0.00000,-65.08621,0.00000,0.00000,30.00000,-92.52652,-0.11220,1.09609,6.50862,0.00000,0.00000,0.00000,0.00000,none
22.58333,-87.47348,-87.47348,0.00000,0.00000,0.00000,-65.08621,0.00000,0.00000,30.00000,-92.52652,-0.11220,1.09609,6.50862,0.00000,0.00000,0.00000,0.00000,none
22.58750,-87.47348,-87.47348,0.00000,0.00000,0.00000,-65.08621,0.00000,0.00000,30.00000,-92.52652,-0.11220,1.09609,6.50862,0.00000,0.00000,0.00000,0.00000,none
22.59167,-87.47348,-87.47348,0.00000,0.00000,0.00000,-65.08621,0.00000,0.00000,30.00000,-92.52652,-0.11220,1.09609,6.50862,0.00000,0.00000,0.00000,0.00000,none
22.59583,-87.47348,-87.47348,0.00000,0.00000,0.00000,-65.08621,0.00000,0.00000,30.00000,-92.52652,-0.11220,1.09609,6.50862,0.00000,0.00000,0.00000,0.00000,none
22.60000,-87.47348,-87.47348,0.00000,0.00000,0.00000,-65.08621,0.00000,0.00000,30.00000,-92.52652,-0.11220,1.09609,6.50862,0.00000,0.00000,0.00000,0.00000,none
22.60417,-87.47348,-87.47348,0.00000,0.00000,0.00000,-65.08621,0.00000,0.00000,30.00000,-92.52652,-0.11220,1.09609,6.50862,0.00000,0.00000,0.00000,0.00000,none
22.60833,-87.47348,-87.47348,0.00000,0.00000,0.00000,-65.08621,0.00000,0.00000,30.00000,-92.52652,-0.11220,1.09609,6.50862,0.00000,0.00000,0.00000,0.00000,none
22.61250,-87.47348,-87.47348,0.00000,0.00000,0.00000,-65.08621,0.00000,0.00000,30.00000,-92.52652,-0.11220,1.09609,6.50862,0.00000,0.00000,0.00000,0.00000,none
22.61667,-87.47348,-87.47348,0.00000,0.00000,0.00000,-65.08621,0.00000,0.00000,30.00000,-92.52652,-0.11220,1.09609,6.50862,0.00000,0.00000,0.00000,0.00000,none
22.62083,-87.47348,-87.47348,0.00000,0.00000,0.00000,-65.08621,0.00000,0.00000,30.00000,-92.52652,-0.11220,1.09609,6.50862,0.00000,0.00000,0.00000,0.00000,none
22.62500,-87.47348,-87.47348,0.00000,0.00000,0.00000,-65.08621,0.00000,0.00000,30.00000,-92.52652,-0.11220,1.09609,6.50862,0.00000,0.00000,0.00000,0.00000,none
22.62917,-87.47348,-87.47348,0.00000,0.00000,0.00000,-65.08621,0.00000,0.00000,30.00000,-92.52652,-0.11220,1.09609,6.50862,0.00000,0.00000,0.00000,0.00000,none
22.63333,-87.47348,-87.47348,0.00000,0.00000,0.00000,-65.08621,0.00000,0.00000,30.00000,-92.52652,-0.11220,1.09609,6.50862,0.00000,0.00000,0.00000,0.00000,none
22.63750,-87.47348,-87.47348,0.00000,0.00000,0.00000,-65.08621,0.00000,0.00000,30.00000,-92.52652,-0.11220,1.09609,6.50862,0.00000,0.00000,0.00000,0.00000,none
22.64167,-87.47348,-87.47348,0.00000,0.00000,0.00000,-65.08621,0.00000,0.00000,30.00000,-92.52652,-0.11220,1.09609,6.50862,0.00000,0.00000,0.00000,0.00000,none
22.64583,-87.47348,-87.47348,0.00000,0.00000,0.00000,-65.08621,0.00000,0.00000,30.00000,-92.52652,-0.11220,1.09609,6.50862,0.00000,0.00000,0.00000,0.00000,none
22.65000,-87.47348,-87.47348,0.00000,0.00000,0.00000,-65.08621,0.00000,0.00000,30.00000,-92.52652,-0.11220,1.09609,6.50862,0.00000,0.00000,0.00000,0.00000,none
22.65417,-87.47348,-87.47348,0.00000,0.00000,0.00000,-65.08621,0.00000,0.00000,30.00000,-92.52652,-0.11220,1.09609,6.50862,0.00000,0.00000,0.00000,0.00000,none
22.65833,-87.47348,-87.47348,0.00000,0.00000,0.00000,-65.08621,0.00000,0.00000,30.00000,-92.52652,-0.11220,1.09609,6.50862,0.00000,0.00000,0.00000,0.00000,none
22.66250,-87.47348,-87.47348,0.00000,0.00000,0.00000,-65.08621,0.00000,0.00000,30.00000,-92.52652,-0.11220,1.09609,6.50862,0.00000,0.00000,0.00000,0.00000,none
22.66667,-87.47348,-87.47348,0.00000,0.00000,0.00000,-65.08621,0.00000,0.00000,30.00000,-92.52652,-0.11220,1.09609,6.50862,0.00000,0.00000,0.00000,0.00000,none
22.67083,-87.47348,-87.47348,0.00000,0.00000,0.00000,-65.08621,0.00000,0.00000,30.00000,-92.52652,-0.11220,1.09609,6.50862,0.00000,0.00000,0.00000,0.00000,none
22.67500,-87.47348,-87.47348,0.00000,0.00000,0.00000,-65.08621,0.00000,0.00000,30.00000,-92.52652,-0.11220,1.09609,6.50862,0.00000,0.00000,0.00000,0.00000,none
22.67917,-87.47348,-87.47348,0.00000,0.00000,0.00000,-65.08621,0.00000,0.00000,30.00000,-92.52652,-0.11220,1.09609,6.50862,0.00000,0.00000,0.00000,0.00000,none
22.68333,-87.47348,-87.47348,0.00000,0.00000,0.00000,-65.08621,0.00000,0.00000,30.00000,-92.52652,-0.11220,1.09609,6.50862,0.00000,0.00000,0.00000,0.00000,none
22.68750,-87.47348,-87.47348,0.00000,0.00000,0.00000,-65.08621,0.00000,0.00000,30.00000,-92.52652,-0.11220,1.09609,6.50862,0.00000,0.00000,0.00000,0.00000,none
22.69167,-87.47348,-87.47348,0.00000,0.00000,0.00000,-65.08621,0.00000,0.00000,30.00000,-92.52652,-0.11220,1.09609,6.50862,0.00000,0.00000,0.00000,0.00000,none
22.69583,-87.47348,-87.47348,0.00000,0.00000,0.00000,-65.08621,0.00000,0.00000,30.00000,-92.52652,-0.11220,1.09609,6.50862,0.00000,0.00000,0.00000,0.00000,none
22.70000,-87.47348,-87.47348,0.00000,0.00000,0.00000,-65.08621,0.00000,0.00000,30.00000,-92.52652,-0.11220,1.09609,6.50862,0.00000,0.00000,0.00000,0.00000,none
22.70417,-87.47348,-87.47348,0.00000,0.00000,0.00000,-65.08621,0.00000,0.00000,30.00000,-92.52652,-0.11220,1.09609,6.50862,0.00000,0.00000,0.00000,0.00000,none
22.70833,-87.47348,-87.47348,0.00000,0.00000,0.00000,-65.08621,0.00000,0.00000,30.00000,-92.52652,-0.11220,1.09609,6.50862,0.00000,0.00000,0.00000,0.00000,none
22.71250,-87.47348,-87.47348,0.00000,0.00000,0.00000,-65.08621,0.00000,0.00000,30.00000,-92.52652,-0.11220,1.09609,6.50862,0.00000,0.00000,0.00000,0.00000,none
22.71667,-87.47348,-87.47348,0.00000,0.00000,0.00000,-65.08621,0.00000,0.00000,30.00000,-92.52652,-0.11220,1.09609,6.50862,0.00000,0.00000,0.00000,0.00000,none
22.72083,-87.47348,-87.47348,0.00000,0.00000,0.00000,-65.08621,0.00000,0.00000,30.00000,-92.52652,-0.11220,1.09609,6.50862,0.00000,0.00000,0.00000,0.00000,none
22.72500,-87.47348,-87.47348,0.00000,0.00000,0.00000,-65.08621,0.00000,0.00000,30.00000,-92.52652,-0.11220,1.09609,6.50862,0.00000,0.00000,0.00000,0.00000,none
22.72917,-87.47348,-87.47348,0.00000,0.00000,0.00000,-65.08621,0.00000,0.00000,30.00000,-92.52652,-0.11220,1.09609,6.50862,0.00000,0.00000,0.00000,0.00000,none
22.73333,-87.47348,-87.47348,0.00000,0.00000,0.00000,-65.08621,0.00000,0.00000,30.00000,-92.52652,-0.11220,1.09609,6.50862,0.00000,0.00000,0.00000,0.00000,none
22.73750,-87.47348,-87.47348,0.00000,0.00000,0.00000,-65.08621,0.00000,0.00000,30.00000,-92.52652,-0.11220,1.09609,6.50862,0.00000,0.00000,0.00000,0.00000,none
22.74167,-87.47348,-87.47348,0.00000,0.00000,0.00000,-65.08621,0.00000,0.00000,30.00000,-92.52652,-0.11220,1.09609,6.50862,0.00000,0.00000,0.00000,0.00000,none
22.74583,-87.47348,-87.47348,0.00000,0.00000,0.00000,-65.08621,0.00000,0.00000,30.00000,-92.52652,-0.11220,1.09609,6.50862,0.00000,0.00000,0.00000,0.00000,none
22.75000,-87.47348,-87.47348,0.00000,0.00000,0.00000,-65.08621,0.00000,0.00000,30.00000,-92.52652,-0.11220,1.09609,6.50862,0.00000,0.00000,0.00000,0.00000,none
22.75417,-87.47348,-87.47348,0.00000,0.00000,0.00000,-65.08621,0.00000,0.00000,30.00000,-92.52652,-0.11220,1.09609,6.50862,0.00000,0.00000,0.00000,0.00000,none
22.75833,-87.47348,-87.47348,0.00000,0.00000,0.00000,-65.08621,0.00000,0.00000,30.00000,-92.52652,-0.11220,1.09609,6.50862,0.00000,0.00000,0.00000,0.00000,none
22.76250,-87.47348,-87.47348,0.00000,0.00000,0.00000,-65.08621,0.00000,0.00000,30.00000,-92.52652,-0.11220,1.09609,6.50862,0.00000,0.00000,0.00000,0.00000,none
22.76667,-87.47348,-87.47348,0.00000,0.00000,0.00000,-65.08621,0.00000,0.00000,30.00000,-92.52652,-0.11220,1.09609,6.50862,0.00000,0.00000,0.00000,0.00000,none
22.77083,-87.47348,-87.47348,0.00000,0.00000,0.00000,-65.08621,0.00000,0.00000,30.00000,-92.52652,-0.11220,1.09609,6.50862,0.00000,0.00000,0.00000,0.00000,none
22.77500,-87.47348,-87.47348,0.00000,0.00000,0.00000,-65.08621,0.00000,0.00000,30.00000,-92.52652,-0.11220,1.09609,6.50862,0.00000,0.00000,0.00000,0.00000,none
22.77917,-87.47348,-87.47348,0.00000,0.00000,0.00000,-65.08621,0.00000,0.00000,30.00000,-92.52652,-0.11220,1.09609,6.50862,0.00000,0.00000,0.00000,0.00000,none
22.78333,-87.47348,-87.47348,0.00000,0.00000,0.00000,-65.08621,0.00000,0.00000,30.00000,-92.52652,-0.11220,1.09609,6.50862,0.00000,0.00000,0.00000,0.00000,none
22.78750,-87.47348,-87.47348,0.00000,0.00000,0.00000,-65.08621,0.00000,0.00000,30.00000,-92.52652,-0.11220,1.09609,6.50862,0.00000,0.00000,0.00000,0.00000,none
22.79167,-87.47348,-87.47348,0.00000,0.00000,0.00000,-65.08621,0.00000,0.00000,30.00000,-92.52652,-0.11220,1.09609,6.50862,0.00000,0.00000,0.00000,0.00000,none
22.79583,-87.47348,-87.47348,0.00000,0.00000,0.00000,-65.08621,0.00000,0.00000,30.00000,-92.52652,-0.11220,1.09609,6.50862,0.00000,0.00000,0.00000,0.00000,none
22.80000,-87.47348,-87.47348,0.00000,0.00000,0.00000,-65.08621,0.00000,0.00000,30.00000,-92.52652,-0.11220,1.09609,6.50862,0.00000,0.00000,0.00000,0.00000,none
22.80417,-87.47348,-87.47348,0.00000,0.00000,0.00000,-65.08621,0.00000,0.00000,30.00000,-92.52652,-0.11220,1.09609,6.50862,0.00000,0.00000,0.00000,0.00000,none
22.80833,-87.47348,-87.47348,0.00000,0.00000,0.00000,-65.08621,0.00000,0.00000,30.00000,-92.52652,-0.11220,1.09609,6.50862,0.00000,0.00000,0.00000,0.00000,none
22.81250,-87.47348,-87.47348,0.00000,0.00000,0.00000,-65.08621,0.00000,0.00000,30.00000,-92.52652,-0.11220,1.09609,6.50862,0.00000,0.00000,0.00000,0.00000,none
22.81667,-87.47348,-87.47348,0.00000,0.00000,0.00000,-65.08621,0.00000,0.00000,30.00000,-92.52652,-0.11220,1.09609,6.50862,0.00000,0.00000,0.00000,0.00000,none
22.82083,-87.47348,-87.47348,0.00000,0.00000,0.00000,-65.08621,0.00000,0.00000,30.00000,-92.52652,-0.11220,1.09609,6.50862,0.00000,0.00000,0.00000,0.00000,none
22.82500,-87.47348,-87.47348,0.00000,0.00000,0.00000,-65.08621,0.00000,0.00000,30.00000,-92.52652,-0.11220,1.09609,6.50862,0.00000,0.00000,0.00000,0.00000,none
22.82917,-87.47348,-87.47348,0.00000,0.00000,0.00000,-65.08621,0.00000,0.00000,30.00000,-92.52652,-0.11220,1.09609,6.50862,0.00000,0.00000,0.00000,0.00000,none
22.83333,-87.47348,-87.47348,0.00000,0.00000,0.00000,-65.08621,0.00000,0.00000,30.00000,-92.52652,-0.11220,1.09609,6.50862,0.00000,0.00000,0.00000,0.00000,none
22.83750,-87.47348,-87.47348,0.00000,0.00000,0.00000,-65.08621,0.00000,0.00000,30.00000,-92.52652,-0.11220,1.09609,6.50862,0.00000,0.00000,0.00000,0.00000,none
22.84167,-87.47348,-87.47348,0.00000,0.00000,0.00000,-65.08621,0.00000,0.00000,30.00000,-92.52652,-0.11220,1.09609,6.50862,0.00000,0.00000,0.00000,0.00000,none
22.84583,-87.47348,-87.47348,0.00000,0.00000,0.00000,-65.08621,0.00000,0.00000,30.00000,-92.52652,-0.11220,1.09609,6.50862,0.00000,0.00000,0.00000,0.00000,none
22.85000,-87.47348,-87.47348,0.00000,0.00000,0.00000,-65.08621,0.00000,0.00000,30.00000,-92.52652,-0.11220,1.09609,6.50862,0.00000,0.00000,0.00000,0.00000,none
22.85417,-87.47348,-87.47348,0.00000,0.00000,0.00000,-65.08621,0.00000,0.00000,30.00000,-92.52652,-0.11220,1.09609,6.50862,0.00000,0.00000,0.00000,0.00000,none
22.85833,-87.47348,-87.47348,0.00000,0.00000,0.00000,-65.08621,0.00000,0.00000,30.00000,-92.52652,-0.11220,1.09609,6.50862,0.00000,0.00000,0.00000,0.00000,none
22.86250,-87.47348,-87.47348,0.00000,0.00000,0.00000,-65.08621,0.00000,0.00000,30.00000,-92.52652,-0.11220,1.09609,6.50862,0.00000,0.00000,0.00000,0.00000,none
22.86667,-87.47348,-87.47348,0.00000,0.00000,0.00000,-65.08621,0.00000,0.00000,30.00000,-92.52652,-0.11220,1.09609,6.50862,0.00000,0.00000,0.00000,0.00000,none
22.87083,-87.47348,-87.47348,0.00000,0.00000,0.00000,-65.08621,0.00000,0.00000,30.00000,-92.52652,-0.11220,1.09609,6.50862,0.00000,0.00000,0.00000,0.00000,none
22.87500,-87.47348,-87.47348,0.00000,0.00000,0.00000,-65.08621,0.00000,0.00000,30.00000,-92.52652,-0.11220,1.09609,6.50862,0.00000,0.00000,0.00000,0.00000,none
22.87917,-87.47348,-87.47348,0.00000,0.00000,0.00000,-65.08621,0.00000,0.00000,30.00000,-92.52652,-0.11220,1.09609,6.50862,0.00000,0.00000,0.00000,0.00000,none
22.88333,-87.47348,-87.47348,0.00000,0.00000,0.00000,-65.08621,0.00000,0.00000,30.00000,-92.52652,-0.11220,1.09609,6.50862,0.00000,0.00000,0.00000,0.00000,none
22.88750,-87.47348,-87.47348,0.00000,0.00000,0.00000,-65.08621,0.00000,0.00000,30.00000,-92.52652,-0.11220,1.09609,6.50862,0.00000,0.00000,0.00000,0.00000,none
22.89167,-87.47348,-87.47348,0.00000,0.00000,0.00000,-65.08621,0.00000,0.00000,30.00000,-92.52652,-0.11220,1.09609,6.50862,0.00000,0.00000,0.00000,0.00000,none
22.89583,-87.47348,-87.47348,0.00000,0.00000,0.00000,-65.08621,0.00000,0.00000,30.00000,-92.52652,-0.11220,1.09609,6.50862,0.00000,0.00000,0.00000,0.00000,none
22.90000,-87.47348,-87.47348,0.00000,0.00000,0.00000,-65.08621,0.00000,0.00000,30.00000,-92.52652,-0.11220,1.09609,6.50862,0.00000,0.00000,0.00000,0.00000,none
22.90417,-87.47348,-87.47348,0.00000,0.00000,0.00000,-65.08621,0.00000,0.00000,30.00000,-92.52652,-0.11220,1.09609,6.50862,0.00000,0.00000,0.00000,0.00000,none
22.90833,-87.47348,-87.47348,0.00000,0.00000,0.00000,-65.08621,0.00000,0.00000,30.00000,-92.52652,-0.11220,1.09609,6.50862,0.00000,0.00000,0.00000,0.00000,none
22.91250,-87.47348,-87.47348,0.00000,0.00000,0.00000,-65.08621,0.00000,0.00000,30.00000,-92.52652,-0.11220,1.09609,6.50862,0.00000,0.00000,0.00000,0.00000,none
22.91667,-87.47348,-87.47348,0.00000,0.00000,0.00000,-65.08621,0.00000,0.00000,30.00000,-92.52652,-0.11220,1.09609,6.50862,0.00000,0.00000,0.00000,0.00000,none
22.92083,-87.47348,-87.47348,0.00000,0.00000,0.00000,-65.08621,0.00000,0.00000,30.00000,-92.52652,-0.11220,1.09609,6.50862,0.00000,0.00000,0.00000,0.00000,none
22.92500,-87.47348,-87.47348,0.00000,0.00000,0.00000,-65.08621,0.00000,0.00000,30.00000,-92.52652,-0.11220,1.09609,6.50862,0.00000,0.00000,0.00000,0.00000,none
22.92917,-87.47348,-87.47348,0.00000,0.00000,0.00000,-65.08621,0.00000,0.00000,30.00000,-92.52652,-0.11220,1.09609,6.50862,0.00000,0.00000,0.00000,0.00000,none
22.93333,-87.47348,-87.47348,0.00000,0.00000,0.00000,-65.08621,0.00000,0.00000,30.00000,-92.52652,-0.11220,1.09609,6.50862,0.00000,0.00000,0.00000,0.00000,none
22.93750,-87.47348,-87.47348,0.00000,0.00000,0.00000,-65.08621,0.00000,0.00000,30.00000,-92.52652,-0.11220,1.09609,6.50862,0.00000,0.00000,0.00000,0.00000,none
22.94167,-87.47348,-87.47348,0.00000,0.00000,0.00000,-65.08621,0.00000,0.00000,30.00000,-92.52652,-0.11220,1.09609,6.50862,0.00000,0.00000,0.00000,0.00000,none
22.94583,-87.47348,-87.47348,0.00000,0.00000,0.00000,-65.08621,0.00000,0.00000,30.00000,-92.52652,-0.11220,1.09609,6.50862,0.00000,0.00000,0.00000,0.00000,none
22.95000,-87.47348,-87.47348,0.00000,0.00000,0.00000,-65.08621,0.00000,0.00000,30.00000,-92.52652,-0.11220,1.09609,6.50862,0.00000,0.00000,0.00000,0.00000,none
22.95417,-87.47348,-87.47348,0.00000,0.00000,0.00000,-65.08621,0.00000,0.00000,30.00000,-92.52652,-0.11220,1.09609,6.50862,0.00000,0.00000,0.00000,0.00000,none
22.95833,-87.47348,-87.47348,0.00000,0.00000,0.00000,-65.08621,0.00000,0.00000,30.00000,-92.52652,-0.11220,1.09609,6.50862,0.00000,0.00000,0.00000,0.00000,none
22.96250,-87.47348,-87.47348,0.00000,0.00000,0.00000,-65.08621,0.00000,0.00000,30.00000,-92.52652,-0.11220,1.09609,6.50862,0.00000,0.00000,0.00000,0.00000,none
22.96667,-87.47348,-87.47348,0.00000,0.00000,0.00000,-65.08621,0.00000,0.00000,30.00000,-92.52652,-0.11220,1.09609,6.50862,0.00000,0.00000,0.00000,0.00000,none
22.97083,-87.47348,-87.47348,0.00000,0.00000,0.00000,-65.08621,0.00000,0.00000,30.00000,-92.52652,-0.11220,1.09609,6.50862,0.00000,0.00000,0.00000,0.00000,none
22.97500,-87.47348,-87.47348,0.00000,0.00000,0.00000,-65.08621,0.00000,0.00000,30.00000,-92.52652,-0.11220,1.09609,6.50862,0.00000,0.00000,0.00000,0.00000,none
22.97917,-87.47348,-87.47348,0.00000,0.00000,0.00000,-65.08621,0.00000,0.00000,30.00000,-92.52652,-0.11220,1.09609,6.50862,0.00000,0.00000,0.00000,0.00000,none
22.98333,-87.47348,-87.47348,0.00000,0.00000,0.00000,-65.08621,0.00000,0.00000,30.00000,-92.52652,-0.11220,1.09609,6.50862,0.00000,0.00000,0.00000,0.00000,none
22.98750,-87.47348,-87.47348,0.00000,0.00000,0.00000,-65.08621,0.00000,0.00000,30.00000,-92.52652,-0.11220,1.09609,6.50862,0.00000,0.00000,0.00000,0.00000,none
22.99167,-87.47348,-87.47348,0.00000,0.00000,0.00000,-65.08621,0.00000,0.00000,30.00000,-92.52652,-0.11220,1.09609,6.50862,0.00000,0.00000,0.00000,0.00000,none
22.99583,-87.47348,-87.47348,0.00000,0.00000,0.00000,-65.08621,0.00000,0.00000,30.00000,-92.52652,-0.11220,1.09609,6.50862,0.00000,0.00000,0.00000,0.00000,none
23.00000,-87.47348,-87.47348,0.00000,0.00000,0.00000,-65.08621,0.00000,0.00000,30.00000,-92.52652,-0.11220,1.09609,6.50862,0.00000,0.00000,0.00000,0.00000,none
23.00417,-87.47348,-87.47348,0.00000,0.00000,0.00000,-65.08621,0.00000,0.00000,30.00000,-92.52652,-0.11220,1.09609,6.50862,0.00000,0.00000,0.00000,0.00000,none
23.00833,-87.47348,-87.47348,0.00000,0.00000,0.00000,-65.08621,0.00000,0.00000,30.00000,-92.52652,-0.11220,1.09609,6.50862,0.00000,0.00000,0.00000,0.00000,none
23.01250,-87.47348,-87.47348,0.00000,0.00000,0.00000,-65.08621,0.00000,0.00000,30.00000,-92.52652,-0.11220,1.09609,6.50862,0.00000,0.00000,0.00000,0.00000,none
23.01667,-87.47348,-87.47348,0.00000,0.00000,0.00000,-65.08621,0.00000,0.00000,30.00000,-92.52652,-0.11220,1.09609,6.50862,0.00000,0.00000,0.00000,0.00000,none
23.02083,-87.47348,-87.47348,0.00000,0.00000,0.00000,-65.08621,0.00000,0.00000,30.00000,-92.52652,-0.11220,1.09609,6.50862,0.00000,0.00000,0.00000,0.00000,none
23.02500,-87.47348,-87.47348,0.00000,0.00000,0.00000,-65.08621,0.00000,0.00000,30.00000,-92.52652,-0.11220,1.09609,6.50862,0.00000,0.00000,0.00000,0.00000,none
23.02917,-87.47348,-87.47348,0.00000,0.00000,0.00000,-65.08621,0.00000,0.00000,30.00000,-92.52652,-0.11220,1.09609,6.50862,0.00000,0.00000,0.00000,0.00000,none
23.03333,-87.47348,-87.47348,0.00000,0.00000,0.00000,-65.08621,0.00000,0.00000,30.00000,-92.52652,-0.11220,1.09609,6.50862,0.00000,0.00000,0.00000,0.00000,none
23.03750,-87.47348,-87.47348,0.00000,0.00000,0.00000,-65.08621,0.00000,0.00000,30.00000,-92.52652,-0.11220,1.09609,6.50862,0.00000,0.00000,0.00000,0.00000,none
23.04167,-87.47348,-87.47348,0.00000,0.00000,0.00000,-65.08621,0.00000,0.00000,30.00000,-92.52652,-0.11220,1.09609,6.50862,0.00000,0.00000,0.00000,0.00000,none
23.04583,-87.47348,-87.47348,0.00000,0.00000,0.00000,-65.08621,0.00000,0.00000,30.00000,-92.52652,-0.11220,1.09609,6.50862,0.00000,0.00000,0.00000,0.00000,none
23.05000,-87.47348,-87.47348,0.00000,0.00000,0.00000,-65.08621,0.00000,0.00000,30.00000,-92.52652,-0.11220,1.09609,6.50862,0.00000,0.00000,0.00000,0.00000,none
23.05417,-87.47348,-87.47348,0.00000,0.00000,0.00000,-65.08621,0.00000,0.00000,30.00000,-92.52652,-0.11220,1.09609,6.50862,0.00000,0.00000,0.00000,0.00000,none
23.05833,-87.47348,-87.47348,0.00000,0.00000,0.00000,-65.08621,0.00000,0.00000,30.00000,-92.52652,-0.11220,1.09609,6.50862,0.00000,0.00000,0.00000,0.00000,none
23.06250,-87.47348,-87.47348,0.00000,0.00000,0.00000,-65.08621,0.00000,0.00000,30.00000,-92.52652,-0.11220,1.09609,6.50862,0.00000,0.00000,0.00000,0.00000,none
23.06667,-87.47348,-87.47348,0.00000,0.00000,0.00000,-65.08621,0.00000,0.00000,30.00000,-92.52652,-0.11220,1.09609,6.50862,0.00000,0.00000,0.00000,0.00000,none
23.07083,-87.47348,-87.47348,0.00000,0.00000,0.00000,-65.08621,0.00000,0.00000,30.00000,-92.52652,-0.11220,1.09609,6.50862,0.00000,0.00000,0.00000,0.00000,none
23.07500,-87.47348,-87.47348,0.00000,0.00000,0.00000,-65.08621,0.00000,0.00000,30.00000,-92.52652,-0.11220,1.09609,6.50862,0.00000,0.00000,0.00000,0.00000,none
23.07917,-87.47348,-87.47348,0.00000,0.00000,0.00000,-65.08621,0.00000,0.00000,30.00000,-92.52652,-0.11220,1.09609,6.50862,0.00000,0.00000,0.00000,0.00000,none
23.08333,-87.47348,-87.47348,0.00000,0.00000,0.00000,-65.08621,0.00000,0.00000,30.00000,-92.52652,-0.11220,1.09609,6.50862,0.00000,0.00000,0.00000,0.00000,none
23.08750,-87.47348,-87.47348,0.00000,0.00000,0.00000,-65.08621,0.00000,0.00000,30.00000,-92.52652,-0.11220,1.09609,6.50862,0.00000,0.00000,0.00000,0.00000,none
23.09167,-87.47348,-87.47348,0.00000,0.00000,0.00000,-65.08621,0.00000,0.00000,30.00000,-92.52652,-0.11220,1.09609,6.50862,0.00000,0.00000,0.00000,0.00000,none
23.09583,-87.47348,-87.47348,0.00000,0.00000,0.00000,-65.08621,0.00000,0.00000,30.00000,-92.52652,-0.11220,1.09609,6.50862,0.00000,0.00000,0.00000,0.00000,none
23.10000,-87.47348,-87.47348,0.00000,0.00000,0.00000,-65.08621,0.00000,0.00000,30.00000,-92.52652,-0.11220,1.09609,6.50862,0.00000,0.00000,0.00000,0.00000,none
23.10417,-87.47348,-87.47348,0.00000,0.00000,0.00000,-65.08621,0.00000,0.00000,30.00000,-92.52652,-0.11220,1.09609,6.50862,0.00000,0.00000,0.00000,0.00000,none
23.10833,-87.47348,-87.47348,0.00000,0.00000,0.00000,-65.08621,0.00000,0.00000,30.00000,-92.52652,-0.11220,1.09609,6.50862,0.00000,0.00000,0.00000,0.00000,none
23.11250,-87.47348,-87.47348,0.00000,0.00000,0.00000,-65.08621,0.00000,0.00000,30.00000,-92.52652,-0.11220,1.09609,6.50862,0.00000,0.00000,0.00000,0.00000,none
23.11667,-87.47348,-87.47348,0.00000,0.00000,0.00000,-65.08621,0.00000,0.00000,30.00000,-92.52652,-0.11220,1.09609,6.50862,0.00000,0.00000,0.00000,0.00000,none
23.12083,-87.47348,-87.47348,0.00000,0.00000,0.00000,-65.08621,0.00000,0.00000,30.00000,-92.52652,-0.11220,1.09609,6.50862,0.00000,0.00000,0.00000,0.00000,none
23.12500,-87.47348,-87.47348,0.00000,0.00000,0.00000,-65.08621,0.00000,0.00000,30.00000,-92.52652,-0.11220,1.09609,6.50862,0.00000,0.00000,0.00000,0.00000,none
23.12917,-87.47348,-87.47348,0.00000,0.00000,0.00000,-65.08621,0.00000,0.00000,30.00000,-92.52652,-0.11220,1.09609,6.50862,0.00000,0.00000,0.00000,0.00000,none
23.13333,-87.47348,-87.47348,0.00000,0.00000,0.00000,-65.08621,0.00000,0.00000,30.00000,-92.52652,-0.11220,1.09609,6.50862,0.00000,0.00000,0.00000,0.00000,none
23.13750,-87.47348,-87.47348,0.00000,0.00000,0.00000,-65.08621,0.00000,0.00000,30.00000,-92.52652,-0.11220,1.09609,6.50862,0.00000,0.00000,0.00000,0.00000,none
23.14167,-87.47348,-87.47348,0.00000,0.00000,0.00000,-65.08621,0.00000,0.00000,30.00000,-92.52652,-0.11220,1.09609,6.50862,0.00000,0.00000,0.00000,0.00000,none
23.14583,-87.47348,-87.47348,0.00000,0.00000,0.00000,-65.08621,0.00000,0.00000,30.00000,-92.52652,-0.11220,1.09609,6.50862,0.00000,0.00000,0.00000,0.00000,none
23.15000,-87.47348,-87.47348,0.00000,0.00000,0.00000,-65.08621,0.00000,0.00000,30.00000,-92.52652,-0.11220,1.09609,6.50862,0.00000,0.00000,0.00000,0.00000,none
23.15417,-87.47348,-87.47348,0.00000,0.00000,0.00000,-65.08621,0.00000,0.00000,30.00000,-92.52652,-0.11220,1.09609,6.50862,0.00000,0.00000,0.00000,0.00000,none
23.15833,-87.47348,-87.47348,0.00000,0.00000,0.00000,-65.08621,0.00000,0.00000,30.00000,-92.52652,-0.11220,1.09609,6.50862,0.00000,0.00000,0.00000,0.00000,none
23.16250,-87.47348,-87.47348,0.00000,0.00000,0.00000,-65.08621,0.00000,0.00000,30.00000,-92.52652,-0.11220,1.09609,6.50862,0.00000,0.00000,0.00000,0.00000,none
23.16667,-87.47348,-87.47348,0.00000,0.00000,0.00000,-65.08621,0.00000,0.00000,30.00000,-92.52652,-0.11220,1.09609,6.50862,0.00000,0.00000,0.00000,0.00000,none
23.17083,-87.47348,-87.47348,0.00000,0.00000,0.00000,-65.08621,0.00000,0.00000,30.00000,-92.52652,-0.11220,1.09609,6.50862,0.00000,0.00000,0.00000,0.00000,none
23.17500,-87.47348,-87.47348,0.00000,0.00000,0.00000,-65.08621,0.00000,0.00000,30.00000,-92.52652,-0.11220,1.09609,6.50862,0.00000,0.00000,0.00000,0.00000,none
23.17917,-87.47348,-87.47348,0.00000,0.00000,0.00000,-65.08621,0.00000,0.00000,30.00000,-92.52652,-0.11220,1.09609,6.50862,0.00000,0.00000,0.00000,0.00000,none
23.18333,-87.47348,-87.47348,0.00000,0.00000,0.00000,-65.08621,0.00000,0.00000,30.00000,-92.52652,-0.11220,1.09609,6.50862,0.00000,0.00000,0.00000,0.00000,none
23.18750,-87.47348,-87.47348,0.00000,0.00000,0.00000,-65.08621,0.00000,0.00000,30.00000,-92.52652,-0.11220,1.09609,6.50862,0.00000,0.00000,0.00000,0.00000,none
23.19167,-87.47348,-87.47348,0.00000,0.00000,0.00000,-65.08621,0.00000,0.00000,30.00000,-92.52652,-0.11220,1.09609,6.50862,0.00000,0.00000,0.00000,0.00000,none
23.19583,-87.47348,-87.47348,0.00000,0.00000,0.00000,-65.08621,0.00000,0.00000,30.00000,-92.52652,-0.11220,1.09609,6.50862,0.00000,0.00000,0.00000,0.00000,none
23.20000,-87.47348,-87.47348,0.00000,0.00000,0.00000,-65.08621,0.00000,0.00000,30.00000,-92.52652,-0.11220,1.09609,6.50862,0.00000,0.00000,0.00000,0.00000,none
23.20417,-87.47348,-87.47348,0.00000,0.00000,0.00000,-65.08621,0.00000,0.00000,30.00000,-92.52652,-0.11220,1.09609,6.50862,0.00000,0.00000,0.00000,0.00000,none
23.20833,-87.47348,-87.47348,0.00000,0.00000,0.00000,-65.08621,0.00000,0.00000,30.00000,-92.52652,-0.11220,1.09609,6.50862,0.00000,0.00000,0.00000,0.00000,none
23.21250,-87.47348,-87.47348,0.00000,0.00000,0.00000,-65.08621,0.00000,0.00000,30.00000,-92.52652,-0.11220,1.09609,6.50862,0.00000,0.00000,0.00000,0.00000,none
23.21667,-87.47348,-87.47348,0.00000,0.00000,0.00000,-65.08621,0.00000,0.00000,30.00000,-92.52652,-0.11220,1.09609,6.50862,0.00000,0.00000,0.00000,0.00000,none
23.22083,-87.47348,-87.47348,0.00000,0.00000,0.00000,-65.08621,0.00000,0.00000,30.00000,-92.52652,-0.11220,1.09609,6.50862,0.00000,0.00000,0.00000,0.00000,none
23.22500,-87.47348,-87.47348,0.00000,0.00000,0.00000,-65.08621,0.00000,0.00000,30.00000,-92.52652,-0.11220,1.09609,6.50862,0.00000,0.00000,0.00000,0.00000,none
23.22917,-87.47348,-87.47348,0.00000,0.00000,0.00000,-65.08621,0.00000,0.00000,30.00000,-92.52652,-0.11220,1.09609,6.50862,0.00000,0.00000,0.00000,0.00000,none
23.23333,-87.47348,-87.47348,0.00000,0.00000,0.00000,-65.08621,0.00000,0.00000,30.00000,-92.52652,-0.11220,1.09609,6.50862,0.00000,0.00000,0.00000,0.00000,none
23.23750,-87.47348,-87.47348,0.00000,0.00000,0.00000,-65.08621,0.00000,0.00000,30.00000,-92.52652,-0.11220,1.09609,6.50862,0.00000,0.00000,0.00000,0.00000,none
23.24167,-87.47348,-87.47348,0.00000,0.00000,0.00000,-65.08621,0.00000,0.00000,30.00000,-92.52652,-0.11220,1.09609,6.50862,0.00000,0.00000,0.00000,0.00000,none
23.24583,-87.47348,-87.47348,0.00000,0.00000,0.00000,-65.08621,0.00000,0.00000,30.00000,-92.52652,-0.11220,1.09609,6.50862,0.00000,0.00000,0.00000,0.00000,none
23.25000,-87.47348,-87.47348,0.00000,0.00000,0.00000,-65.08621,0.00000,0.00000,30.00000,-92.52652,-0.11220,1.09609,6.50862,0.00000,0.00000,0.00000,0.00000,none
23.25417,-87.47348,-87.47348,0.00000,0.00000,0.00000,-65.08621,0.00000,0.00000,30.00000,-92.52652,-0.11220,1.09609,6.50862,0.00000,0.00000,0.00000,0.00000,none
23.25833,-87.47348,-87.47348,0.00000,0.00000,0.00000,-65.08621,0.00000,0.00000,30.00000,-92.52652,-0.11220,1.09609,6.50862,0.00000,0.00000,0.00000,0.00000,none
23.26250,-87.47348,-87.47348,0.00000,0.00000,0.00000,-65.08621,0.00000,0.00000,30.00000,-92.52652,-0.11220,1.09609,6.50862,0.00000,0.00000,0.00000,0.00000,none
23.26667,-87.47348,-87.47348,0.00000,0.00000,0.00000,-65.08621,0.00000,0.00000,30.00000,-92.52652,-0.11220,1.09609,6.50862,0.00000,0.00000,0.00000,0.00000,none
23.27083,-87.47348,-87.47348,0.00000,0.00000,0.00000,-65.08621,0.00000,0.00000,30.00000,-92.52652,-0.11220,1.09609,6.50862,0.00000,0.00000,0.00000,0.00000,none
23.27500,-87.47348,-87.47348,0.00000,0.00000,0.00000,-65.08621,0.00000,0.00000,30.00000,-92.52652,-0.11220,1.09609,6.50862,0.00000,0.00000,0.00000,0.00000,none
23.27917,-87.47348,-87.47348,0.00000,0.00000,0.00000,-65.08621,0.00000,0.00000,30.00000,-92.52652,-0.11220,1.09609,6.50862,0.00000,0.00000,0.00000,0.00000,none
23.28333,-87.47348,-87.47348,0.00000,0.00000,0.00000,-65.08621,0.00000,0.00000,30.00000,-92.52652,-0.11220,1.09609,6.50862,0.00000,0.00000,0.00000,0.00000,none
23.28750,-87.47348,-87.47348,0.00000,0.00000,0.00000,-65.08621,0.00000,0.00000,30.00000,-92.52652,-0.11220,1.09609,6.50862,0.00000,0.00000,0.00000,0.00000,none
23.29167,-87.47348,-87.47348,0.00000,0.00000,0.00000,-65.08621,0.00000,0.00000,30.00000,-92.52652,-0.11220,1.09609,6.50862,0.00000,0.00000,0.00000,0.00000,none
23.29583,-87.47348,-87.47348,0.00000,0.00000,0.00000,-65.08621,0.00000,0.00000,30.00000,-92.52652,-0.11220,1.09609,6.50862,0.00000,0.00000,0.00000,0.00000,none
23.30000,-87.47348,-87.47348,0.00000,0.00000,0.00000,-65.08621,0.00000,0.00000,30.00000,-92.52652,-0.11220,1.09609,6.50862,0.00000,0.00000,0.00000,0.00000,none
23.30417,-87.47348,-87.47348,0.00000,0.00000,0.00000,-65.08621,0.00000,0.00000,30.00000,-92.52652,-0.11220,1.09609,6.50862,0.00000,0.00000,0.00000,0.00000,none
23.30833,-87.47348,-87.47348,0.00000,0.00000,0.00000,-65.08621,0.00000,0.00000,30.00000,-92.52652,-0.11220,1.09609,6.50862,0.00000,0.00000,0.00000,0.00000,none
23.31250,-87.47348,-87.47348,0.00000,0.00000,0.00000,-65.08621,0.00000,0.00000,30.00000,-92.52652,-0.11220,1.09609,6.50862,0.00000,0.00000,0.00000,0.00000,none
23.31667,-87.47348,-87.47348,0.00000,0.00000,0.00000,-65.08621,0.00000,0.00000,30.00000,-92.52652,-0.11220,1.09609,6.50862,0.00000,0.00000,0.00000,0.00000,none
23.32083,-87.47348,-87.47348,0.00000,0.00000,0.00000,-65.08621,0.00000,0.00000,30.00000,-92.52652,-0.11220,1.09609,6.50862,0.00000,0.00000,0.00000,0.00000,none
23.32500,-87.47348,-87.47348,0.00000,0.00000,0.00000,-65.08621,0.00000,0.00000,30.00000,-92.52652,-0.11220,1.09609,6.50862,0.00000,0.00000,0.00000,0.00000,none
23.32917,-87.47348,-87.47348,0.00000,0.00000,0.00000,-65.08621,0.00000,0.00000,30.00000,-92.52652,-0.11220,1.09609,6.50862,0.00000,0.00000,0.00000,0.00000,none
23.33333,-87.47348,-87.47348,0.00000,0.00000,0.00000,-65.08621,0.00000,0.00000,30.00000,-92.52652,-0.11220,1.09609,6.50862,0.00000,0.00000,0.00000,0.00000,none
23.33750,-87.47348,-87.47348,0.00000,0.00000,0.00000,-65.08621,0.00000,0.00000,30.00000,-92.52652,-0.11220,1.09609,6.50862,0.00000,0.00000,0.00000,0.00000,none
23.34167,-87.47348,-87.47348,0.00000,0.00000,0.00000,-65.08621,0.00000,0.00000,30.00000,-92.52652,-0.11220,1.09609,6.50862,0.00000,0.00000,0.00000,0.00000,none
23.34583,-87.47348,-87.47348,0.00000,0.00000,0.00000,-65.08621,0.00000,0.00000,30.00000,-92.52652,-0.11220,1.09609,6.50862,0.00000,0.00000,0.00000,0.00000,none
23.35000,-87.47348,-87.47348,0.00000,0.00000,0.00000,-65.08621,0.00000,0.00000,30.00000,-92.52652,-0.11220,1.09609,6.50862,0.00000,0.00000,0.00000,0.00000,none
23.35417,-87.47348,-87.47348,0.00000,0.00000,0.00000,-65.08621,0.00000,0.00000,30.00000,-92.52652,-0.11220,1.09609,6.50862,0.00000,0.00000,0.00000,0.00000,none
23.35833,-87.47348,-87.47348,0.00000,0.00000,0.00000,-65.08621,0.00000,0.00000,30.00000,-92.52652,-0.11220,1.09609,6.50862,0.00000,0.00000,0.00000,0.00000,none
23.36250,-87.47348,-87.47348,0.00000,0.00000,0.00000,-65.08621,0.00000,0.00000,30.00000,-92.52652,-0.11220,1.09609,6.50862,0.00000,0.00000,0.00000,0.00000,none
23.36667,-87.47348,-87.47348,0.00000,0.00000,0.00000,-65.08621,0.00000,0.00000,30.00000,-92.52652,-0.11220,1.09609,6.50862,0.00000,0.00000,0.00000,0.00000,none
23.37083,-87.47348,-87.47348,0.00000,0.00000,0.00000,-65.08621,0.00000,0.00000,30.00000,-92.52652,-0.11220,1.09609,6.50862,0.00000,0.00000,0.00000,0.00000,none
23.37500,-87.47348,-87.47348,0.00000,0.00000,0.00000,-65.08621,0.00000,0.00000,30.00000,-92.52652,-0.11220,1.09609,6.50862,0.00000,0.00000,0.00000,0.00000,none
23.37917,-87.47348,-87.47348,0.00000,0.00000,0.00000,-65.08621,0.00000,0.00000,30.00000,-92.52652,-0.11220,1.09609,6.50862,0.00000,0.00000,0.00000,0.00000,none
23.38333,-87.47348,-87.47348,0.00000,0.00000,0.00000,-65.08621,0.00000,0.00000,30.00000,-92.52652,-0.11220,1.09609,6.50862,0.00000,0.00000,0.00000,0.00000,none
23.38750,-87.47348,-87.47348,0.00000,0.00000,0.00000,-65.08621,0.00000,0.00000,30.00000,-92.52652,-0.11220,1.09609,6.50862,0.00000,0.00000,0.00000,0.00000,none
23.39167,-87.47348,-87.47348,0.00000,0.00000,0.00000,-65.08621,0.00000,0.00000,30.00000,-92.52652,-0.11220,1.09609,6.50862,0.00000,0.00000,0.00000,0.00000,none
23.39583,-87.47348,-87.47348,0.00000,0.00000,0.00000,-65.08621,0.00000,0.00000,30.00000,-92.52652,-0.11220,1.09609,6.50862,0.00000,0.00000,0.00000,0.00000,none
23.40000,-87.47348,-87.47348,0.00000,0.00000,0.00000,-65.08621,0.00000,0.00000,30.00000,-92.52652,-0.11220,1.09609,6.50862,0.00000,0.00000,0.00000,0.00000,none
23.40417,-87.47348,-87.47348,0.00000,0.00000,0.00000,-65.08621,0.00000,0.00000,30.00000,-92.52652,-0.11220,1.09609,6.50862,0.00000,0.00000,0.00000,0.00000,none
23.40833,-87.47348,-87.47348,0.00000,0.00000,0.00000,-65.08621,0.00000,0.00000,30.00000,-92.52652,-0.11220,1.09609,6.50862,0.00000,0.00000,0.00000,0.00000,none
23.41250,-87.47348,-87.47348,0.00000,0.00000,0.00000,-65.08621,0.00000,0.00000,30.00000,-92.52652,-0.11220,1.09609,6.50862,0.00000,0.00000,0.00000,0.00000,none
23.41667,-87.47348,-87.47348,0.00000,0.00000,0.00000,-65.08621,0.00000,0.00000,30.00000,-92.52652,-0.11220,1.09609,6.50862,0.00000,0.00000,0.00000,0.00000,none
23.42083,-87.47348,-87.47348,0.00000,0.00000,0.00000,-65.08621,0.00000,0.00000,30.00000,-92.52652,-0.11220,1.09609,6.50862,0.00000,0.00000,0.00000,0.00000,none
23.42500,-87.47348,-87.47348,0.00000,0.00000,0.00000,-65.08621,0.00000,0.00000,30.00000,-92.52652,-0.11220,1.09609,6.50862,0.00000,0.00000,0.00000,0.00000,none
23.42917,-87.47348,-87.47348,0.00000,0.00000,0.00000,-65.08621,0.00000,0.00000,30.00000,-92.52652,-0.11220,1.09609,6.50862,0.00000,0.00000,0.00000,0.00000,none
23.43333,-87.47348,-87.47348,0.00000,0.00000,0.00000,-65.08621,0.00000,0.00000,30.00000,-92.52652,-0.11220,1.09609,6.50862,0.00000,0.00000,0.00000,0.00000,none
23.43750,-87.47348,-87.47348,0.00000,0.00000,0.00000,-65.08621,0.00000,0.00000,30.00000,-92.52652,-0.11220,1.09609,6.50862,0.00000,0.00000,0.00000,0.00000,none
23.44167,-87.47348,-87.47348,0.00000,0.00000,0.00000,-65.08621,0.00000,0.00000,30.00000,-92.52652,-0.11220,1.09609,6.50862,0.00000,0.00000,0.00000,0.00000,none
23.44583,-87.47348,-87.47348,0.00000,0.00000,0.00000,-65.08621,0.00000,0.00000,30.00000,-92.52652,-0.11220,1.09609,6.50862,0.00000,0.00000,0.00000,0.00000,none
23.45000,-87.47348,-87.47348,0.00000,0.00000,0.00000,-65.08621,0.00000,0.00000,30.00000,-92.52652,-0.11220,1.09609,6.50862,0.00000,0.00000,0.00000,0.00000,none
23.45417,-87.47348,-87.47348,0.00000,0.00000,0.00000,-65.08621,0.00000,0.00000,30.00000,-92.52652,-0.11220,1.09609,6.50862,0.00000,0.00000,0.00000,0.00000,none
23.45833,-87.47348,-87.47348,0.00000,0.00000,0.00000,-65.08621,0.00000,0.00000,30.00000,-92.52652,-0.11220,1.09609,6.50862,0.00000,0.00000,0.00000,0.00000,none
23.46250,-87.47348,-87.47348,0.00000,0.00000,0.00000,-65.08621,0.00000,0.00000,30.00000,-92.52652,-0.11220,1.09609,6.50862,0.00000,0.00000,0.00000,0.00000,none
23.46667,-87.47348,-87.47348,0.00000,0.00000,0.00000,-65.08621,0.00000,0.00000,30.00000,-92.52652,-0.11220,1.09609,6.50862,0.00000,0.00000,0.00000,0.00000,none
23.47083,-87.47348,-87.47348,0.00000,0.00000,0.00000,-65.08621,0.00000,0.00000,30.00000,-92.52652,-0.11220,1.09609,6.50862,0.00000,0.00000,0.00000,0.00000,none
23.47500,-87.47348,-87.47348,0.00000,0.00000,0.00000,-65.08621,0.00000,0.00000,30.00000,-92.52652,-0.11220,1.09609,6.50862,0.00000,0.00000,0.00000,0.00000,none
23.47917,-87.47348,-87.47348,0.00000,0.00000,0.00000,-65.08621,0.00000,0.00000,30.00000,-92.52652,-0.11220,1.09609,6.50862,0.00000,0.00000,0.00000,0.00000,none
23.48333,-87.47348,-87.47348,0.00000,0.00000,0.00000,-65.08621,0.00000,0.00000,30.00000,-92.52652,-0.11220,1.09609,6.50862,0.00000,0.00000,0.00000,0.00000,none
23.48750,-87.47348,-87.47348,0.00000,0.00000,0.00000,-65.08621,0.00000,0.00000,30.00000,-92.52652,-0.11220,1.09609,6.50862,0.00000,0.00000,0.00000,0.00000,none
23.49167,-87.47348,-87.47348,0.00000,0.00000,0.00000,-65.08621,0.00000,0.00000,30.00000,-92.52652,-0.11220,1.09609,6.50862,0.00000,0.00000,0.00000,0.00000,none
23.49583,-87.47348,-87.47348,0.00000,0.00000,0.00000,-65.08621,0.00000,0.00000,30.00000,-92.52652,-0.11220,1.09609,6.50862,0.00000,0.00000,0.00000,0.00000,none
23.50000,-87.47348,-87.47348,0.00000,0.00000,0.00000,-65.08621,0.00000,0.00000,30.00000,-92.52652,-0.11220,1.09609,6.50862,0.00000,0.00000,0.00000,0.00000,none
23.50417,-87.47348,-87.47348,0.00000,0.00000,0.00000,-65.08621,0.00000,0.00000,30.00000,-92.52652,-0.11220,1.09609,6.50862,0.00000,0.00000,0.00000,0.00000,none
23.50833,-87.47348,-87.47348,0.00000,0.00000,0.00000,-65.08621,0.00000,0.00000,30.00000,-92.52652,-0.11220,1.09609,6.50862,0.00000,0.00000,0.00000,0.00000,none
23.51250,-87.47348,-87.47348,0.00000,0.00000,0.00000,-65.08621,0.00000,0.00000,30.00000,-92.52652,-0.11220,1.09609,6.50862,0.00000,0.00000,0.00000,0.00000,none
23.51667,-87.47348,-87.47348,0.00000,0.00000,0.00000,-65.08621,0.00000,0.00000,30.00000,-92.52652,-0.11220,1.09609,6.50862,0.00000,0.00000,0.00000,0.00000,none
23.52083,-87.47348,-87.47348,0.00000,0.00000,0.00000,-65.08621,0.00000,0.00000,30.00000,-92.52652,-0.11220,1.09609,6.50862,0.00000,0.00000,0.00000,0.00000,none
23.52500,-87.47348,-87.47348,0.00000,0.00000,0.00000,-65.08621,0.00000,0.00000,30.00000,-92.52652,-0.11220,1.09609,6.50862,0.00000,0.00000,0.00000,0.00000,none
23.52917,-87.47348,-87.47348,0.00000,0.00000,0.00000,-65.08621,0.00000,0.00000,30.00000,-92.52652,-0.11220,1.09609,6.50862,0.00000,0.00000,0.00000,0.00000,none
23.53333,-87.47348,-87.47348,0.00000,0.00000,0.00000,-65.08621,0.00000,0.00000,30.00000,-92.52652,-0.11220,1.09609,6.50862,0.00000,0.00000,0.00000,0.00000,none
23.53750,-87.47348,-87.47348,0.00000,0.00000,0.00000,-65.08621,0.00000,0.00000,30.00000,-92.52652,-0.11220,1.09609,6.50862,0.00000,0.00000,0.00000,0.00000,none
23.54167,-87.47348,-87.47348,0.00000,0.00000,0.00000,-65.08621,0.00000,0.00000,30.00000,-92.52652,-0.11220,1.09609,6.50862,0.00000,0.00000,0.00000,0.00000,none
23.54583,-87.47348,-87.47348,0.00000,0.00000,0.00000,-65.08621,0.00000,0.00000,30.00000,-92.52652,-0.11220,1.09609,6.50862,0.00000,0.00000,0.00000,0.00000,none
23.55000,-87.47348,-87.47348,0.00000,0.00000,0.00000,-65.08621,0.00000,0.00000,30.00000,-92.52652,-0.11220,1.09609,6.50862,0.00000,0.00000,0.00000,0.00000,none
23.55417,-87.47348,-87.47348,0.00000,0.00000,0.00000,-65.08621,0.00000,0.00000,30.00000,-92.52652,-0.11220,1.09609,6.50862,0.00000,0.00000,0.00000,0.00000,none
23.55833,-87.47348,-87.47348,0.00000,0.00000,0.00000,-65.08621,0.00000,0.00000,30.00000,-92.52652,-0.11220,1.09609,6.50862,0.00000,0.00000,0.00000,0.00000,none
23.56250,-87.47348,-87.47348,0.00000,0.00000,0.00000,-65.08621,0.00000,0.00000,30.00000,-92.52652,-0.11220,1.09609,6.50862,0.00000,0.00000,0.00000,0.00000,none
23.56667,-87.47348,-87.47348,0.00000,0.00000,0.00000,-65.08621,0.00000,0.00000,30.00000,-92.52652,-0.11220,1.09609,6.50862,0.00000,0.00000,0.00000,0.00000,none
23.57083,-87.47348,-87.47348,0.00000,0.00000,0.00000,-65.08621,0.00000,0.00000,30.00000,-92.52652,-0.11220,1.09609,6.50862,0.00000,0.00000,0.00000,0.00000,none
23.57500,-87.47348,-87.47348,0.00000,0.00000,0.00000,-65.08621,0.00000,0.00000,30.00000,-92.52652,-0.11220,1.09609,6.50862,0.00000,0.00000,0.00000,0.00000,none
23.57917,-87.47348,-87.47348,0.00000,0.00000,0.00000,-65.08621,0.00000,0.00000,30.00000,-92.52652,-0.11220,1.09609,6.50862,0.00000,0.00000,0.00000,0.00000,none
23.58333,-87.47348,-87.47348,0.00000,0.00000,0.00000,-65.08621,0.00000,0.00000,30.00000,-92.52652,-0.11220,1.09609,6.50862,0.00000,0.00000,0.00000,0.00000,none
23.58750,-87.47348,-87.47348,0.00000,0.00000,0.00000,-65.08621,0.00000,0.00000,30.00000,-92.52652,-0.11220,1.09609,6.50862,0.00000,0.00000,0.00000,0.00000,none
23.59167,-87.47348,-87.47348,0.00000,0.00000,0.00000,-65.08621,0.00000,0.00000,30.00000,-92.52652,-0.11220,1.09609,6.50862,0.00000,0.00000,0.00000,0.00000,none
23.59583,-87.47348,-87.47348,0.00000,0.00000,0.00000,-65.08621,0.00000,0.00000,30.00000,-92.52652,-0.11220,1.09609,6.50862,0.00000,0.00000,0.00000,0.00000,none
23.60000,-87.47348,-87.47348,0.00000,0.00000,0.00000,-65.08621,0.00000,0.00000,30.00000,-92.52652,-0.11220,1.09609,6.50862,0.00000,0.00000,0.00000,0.00000,none
23.60417,-87.47348,-87.47348,0.00000,0.00000,0.00000,-65.08621,0.00000,0.00000,30.00000,-92.52652,-0.11220,1.09609,6.50862,0.00000,0.00000,0.00000,0.00000,none
23.60833,-87.47348,-87.47348,0.00000,0.00000,0.00000,-65.08621,0.00000,0.00000,30.00000,-92.52652,-0.11220,1.09609,6.50862,0.00000,0.00000,0.00000,0.00000,none
23.61250,-87.47348,-87.47348,0.00000,0.00000,0.00000,-65.08621,0.00000,0.00000,30.00000,-92.52652,-0.11220,1.09609,6.50862,0.00000,0.00000,0.00000,0.00000,none
23.61667,-87.47348,-87.47348,0.00000,0.00000,0.00000,-65.08621,0.00000,0.00000,30.00000,-92.52652,-0.11220,1.09609,6.50862,0.00000,0.00000,0.00000,0.00000,none
23.62083,-87.47348,-87.47348,0.00000,0.00000,0.00000,-65.08621,0.00000,0.00000,30.00000,-92.52652,-0.11220,1.09609,6.50862,0.00000,0.00000,0.00000,0.00000,none
23.62500,-87.47348,-87.47348,0.00000,0.00000,0.00000,-65.08621,0.00000,0.00000,30.00000,-92.52652,-0.11220,1.09609,6.50862,0.00000,0.00000,0.00000,0.00000,none
23.62917,-87.47348,-87.47348,0.00000,0.00000,0.00000,-65.08621,0.00000,0.00000,30.00000,-92.52652,-0.11220,1.09609,6.50862,0.00000,0.00000,0.00000,0.00000,none
23.63333,-87.47348,-87.47348,0.00000,0.00000,0.00000,-65.08621,0.00000,0.00000,30.00000,-92.52652,-0.11220,1.09609,6.50862,0.00000,0.00000,0.00000,0.00000,none
23.63750,-87.47348,-87.47348,0.00000,0.00000,0.00000,-65.08621,0.00000,0.00000,30.00000,-92.52652,-0.11220,1.09609,6.50862,0.00000,0.00000,0.00000,0.00000,none
23.64167,-87.47348,-87.47348,0.00000,0.00000,0.00000,-65.08621,0.00000,0.00000,30.00000,-92.52652,-0.11220,1.09609,6.50862,0.00000,0.00000,0.00000,0.00000,none
23.64583,-87.47348,-87.47348,0.00000,0.00000,0.00000,-65.08621,0.00000,0.00000,30.00000,-92.52652,-0.11220,1.09609,6.50862,0.00000,0.00000,0.00000,0.00000,none
23.65000,-87.47348,-87.47348,0.00000,0.00000,0.00000,-65.08621,0.00000,0.00000,30.00000,-92.52652,-0.11220,1.09609,6.50862,0.00000,0.00000,0.00000,0.00000,none
23.65417,-87.47348,-87.47348,0.00000,0.00000,0.00000,-65.08621,0.00000,0.00000,30.00000,-92.52652,-0.11220,1.09609,6.50862,0.00000,0.00000,0.00000,0.00000,none
23.65833,-87.47348,-87.47348,0.00000,0.00000,0.00000,-65.08621,0.00000,0.00000,30.00000,-92.52652,-0.11220,1.09609,6.50862,0.00000,0.00000,0.00000,0.00000,none
23.66250,-87.47348,-87.47348,0.00000,0.00000,0.00000,-65.08621,0.00000,0.00000,30.00000,-92.52652,-0.11220,1.09609,6.50862,0.00000,0.00000,0.00000,0.00000,none
23.66667,-87.47348,-87.47348,0.00000,0.00000,0.00000,-65.08621,0.00000,0.00000,30.00000,-92.52652,-0.11220,1.09609,6.50862,0.00000,0.00000,0.00000,0.00000,none
23.67083,-87.47348,-87.47348,0.00000,0.00000,0.00000,-65.08621,0.00000,0.00000,30.00000,-92.52652,-0.11220,1.09609,6.50862,0.00000,0.00000,0.00000,0.00000,none
23.67500,-87.47348,-87.47348,0.00000,0.00000,0.00000,-65.08621,0.00000,0.00000,30.00000,-92.52652,-0.11220,1.09609,6.50862,0.00000,0.00000,0.00000,0.00000,none
23.67917,-87.47348,-87.47348,0.00000,0.00000,0.00000,-65.08621,0.00000,0.00000,30.00000,-92.52652,-0.11220,1.09609,6.50862,0.00000,0.00000,0.00000,0.00000,none
23.68333,-87.47348,-87.47348,0.00000,0.00000,0.00000,-65.08621,0.00000,0.00000,30.00000,-92.52652,-0.11220,1.09609,6.50862,0.00000,0.00000,0.00000,0.00000,none
23.68750,-87.47348,-87.47348,0.00000,0.00000,0.00000,-65.08621,0.00000,0.00000,30.00000,-92.52652,-0.11220,1.09609,6.50862,0.00000,0.00000,0.00000,0.00000,none
23.69167,-87.47348,-87.47348,0.00000,0.00000,0.00000,-65.08621,0.00000,0.00000,30.00000,-92.52652,-0.11220,1.09609,6.50862,0.00000,0.00000,0.00000,0.00000,none
23.69583,-87.47348,-87.47348,0.00000,0.00000,0.00000,-65.08621,0.00000,0.00000,30.00000,-92.52652,-0.11220,1.09609,6.50862,0.00000,0.00000,0.00000,0.00000,none
23.70000,-87.47348,-87.47348,0.00000,0.00000,0.00000,-65.08621,0.00000,0.00000,30.00000,-92.52652,-0.11220,1.09609,6.50862,0.00000,0.00000,0.00000,0.00000,none
23.70417,-87.47348,-87.47348,0.00000,0.00000,0.00000,-65.08621,0.00000,0.00000,30.00000,-92.52652,-0.11220,1.09609,6.50862,0.00000,0.00000,0.00000,0.00000,none
23.70833,-87.47348,-87.47348,0.00000,0.00000,0.00000,-65.08621,0.00000,0.00000,30.00000,-92.52652,-0.11220,1.09609,6.50862,0.00000,0.00000,0.00000,0.00000,none
23.71250,-87.47348,-87.47348,0.00000,0.00000,0.00000,-65.08621,0.00000,0.00000,30.00000,-92.52652,-0.11220,1.09609,6.50862,0.00000,0.00000,0.00000,0.00000,none
23.71667,-87.47348,-87.47348,0.00000,0.00000,0.00000,-65.08621,0.00000,0.00000,30.00000,-92.52652,-0.11220,1.09609,6.50862,0.00000,0.00000,0.00000,0.00000,none
23.72083,-87.47348,-87.47348,0.00000,0.00000,0.00000,-65.08621,0.00000,0.00000,30.00000,-92.52652,-0.11220,1.09609,6.50862,0.00000,0.00000,0.00000,0.00000,none
23.72500,-87.47348,-87.47348,0.00000,0.00000,0.00000,-65.08621,0.00000,0.00000,30.00000,-92.52652,-0.11220,1.09609,6.50862,0.00000,0.00000,0.00000,0.00000,none
23.72917,-87.47348,-87.47348,0.00000,0.00000,0.00000,-65.08621,0.00000,0.00000,30.00000,-92.52652,-0.11220,1.09609,6.50862,0.00000,0.00000,0.00000,0.00000,none
23.73333,-87.47348,-87.47348,0.00000,0.00000,0.00000,-65.08621,0.00000,0.00000,30.00000,-92.52652,-0.11220,1.09609,6.50862,0.00000,0.00000,0.00000,0.00000,none
23.73750,-87.47348,-87.47348,0.00000,0.00000,0.00000,-65.08621,0.00000,0.00000,30.00000,-92.52652,-0.11220,1.09609,6.50862,0.00000,0.00000,0.00000,0.00000,none
23.74167,-87.47348,-87.47348,0.00000,0.00000,0.00000,-65.08621,0.00000,0.00000,30.00000,-92.52652,-0.11220,1.09609,6.50862,0.00000,0.00000,0.00000,0.00000,none
23.74583,-87.47348,-87.47348,0.00000,0.00000,0.00000,-65.08621,0.00000,0.00000,30.00000,-92.52652,-0.11220,1.09609,6.50862,0.00000,0.00000,0.00000,0.00000,none
23.75000,-87.47348,-87.47348,0.00000,0.00000,0.00000,-65.08621,0.00000,0.00000,30.00000,-92.52652,-0.11220,1.09609,6.50862,0.00000,0.00000,0.00000,0.00000,none
23.75417,-87.47348,-87.47348,0.00000,0.00000,0.00000,-65.08621,0.00000,0.00000,30.00000,-92.52652,-0.11220,1.09609,6.50862,0.00000,0.00000,0.00000,0.00000,none
23.75833,-87.47348,-87.47348,0.00000,0.00000,0.00000,-65.08621,0.00000,0.00000,30.00000,-92.52652,-0.11220,1.09609,6.50862,0.00000,0.00000,0.00000,0.00000,none
23.76250,-87.47348,-87.47348,0.00000,0.00000,0.00000,-65.08621,0.00000,0.00000,30.00000,-92.52652,-0.11220,1.09609,6.50862,0.00000,0.00000,0.00000,0.00000,none
23.76667,-87.47348,-87.47348,0.00000,0.00000,0.00000,-65.08621,0.00000,0.00000,30.00000,-92.52652,-0.11220,1.09609,6.50862,0.00000,0.00000,0.00000,0.00000,none
23.77083,-87.47348,-87.47348,0.00000,0.00000,0.00000,-65.08621,0.00000,0.00000,30.00000,-92.52652,-0.11220,1.09609,6.50862,0.00000,0.00000,0.00000,0.00000,none
23.77500,-87.47348,-87.47348,0.00000,0.00000,0.00000,-65.08621,0.00000,0.00000,30.00000,-92.52652,-0.11220,1.09609,6.50862,0.00000,0.00000,0.00000,0.00000,none
23.77917,-87.47348,-87.47348,0.00000,0.00000,0.00000,-65.08621,0.00000,0.00000,30.00000,-92.52652,-0.11220,1.09609,6.50862,0.00000,0.00000,0.00000,0.00000,none
23.78333,-87.47348,-87.47348,0.00000,0.00000,0.00000,-65.08621,0.00000,0.00000,30.00000,-92.52652,-0.11220,1.09609,6.50862,0.00000,0.00000,0.00000,0.00000,none
23.78750,-87.47348,-87.47348,0.00000,0.00000,0.00000,-65.08621,0.00000,0.00000,30.00000,-92.52652,-0.11220,1.09609,6.50862,0.00000,0.00000,0.00000,0.00000,none
23.79167,-87.47348,-87.47348,0.00000,0.00000,0.00000,-65.08621,0.00000,0.00000,30.00000,-92.52652,-0.11220,1.09609,6.50862,0.00000,0.00000,0.00000,0.00000,none
23.79583,-87.47348,-87.47348,0.00000,0.00000,0.00000,-65.08621,0.00000,0.00000,30.00000,-92.52652,-0.11220,1.09609,6.50862,0.00000,0.00000,0.00000,0.00000,none
23.80000,-87.47348,-87.47348,0.00000,0.00000,0.00000,-65.08621,0.00000,0.00000,30.00000,-92.52652,-0.11220,1.09609,6.50862,0.00000,0.00000,0.00000,0.00000,none
23.80417,-87.47348,-87.47348,0.00000,0.00000,0.00000,-65.08621,0.00000,0.00000,30.00000,-92.52652,-0.11220,1.09609,6.50862,0.00000,0.00000,0.00000,0.00000,none
23.80833,-87.47348,-87.47348,0.00000,0.00000,0.00000,-65.08621,0.00000,0.00000,30.00000,-92.52652,-0.11220,1.09609,6.50862,0.00000,0.00000,0.00000,0.00000,none
23.81250,-87.47348,-87.47348,0.00000,0.00000,0.00000,-65.08621,0.00000,0.00000,30.00000,-92.52652,-0.11220,1.09609,6.50862,0.00000,0.00000,0.00000,0.00000,none
23.81667,-87.47348,-87.47348,0.00000,0.00000,0.00000,-65.08621,0.00000,0.00000,30.00000,-92.52652,-0.11220,1.09609,6.50862,0.00000,0.00000,0.00000,0.00000,none
23.82083,-87.47348,-87.47348,0.00000,0.00000,0.00000,-65.08621,0.00000,0.00000,30.00000,-92.52652,-0.11220,1.09609,6.50862,0.00000,0.00000,0.00000,0.00000,none
23.82500,-87.47348,-87.47348,0.00000,0.00000,0.00000,-65.08621,0.00000,0.00000,30.00000,-92.52652,-0.11220,1.09609,6.50862,0.00000,0.00000,0.00000,0.00000,none
23.82917,-87.47348,-87.47348,0.00000,0.00000,0.00000,-65.08621,0.00000,0.00000,30.00000,-92.52652,-0.11220,1.09609,6.50862,0.00000,0.00000,0.00000,0.00000,none
23.83333,-87.47348,-87.47348,0.00000,0.00000,0.00000,-65.08621,0.00000,0.00000,30.00000,-92.52652,-0.11220,1.09609,6.50862,0.00000,0.00000,0.00000,0.00000,none
23.83750,-87.47348,-87.47348,0.00000,0.00000,0.00000,-65.08621,0.00000,0.00000,30.00000,-92.52652,-0.11220,1.09609,6.50862,0.00000,0.00000,0.00000,0.00000,none
23.84167,-87.47348,-87.47348,0.00000,0.00000,0.00000,-65.08621,0.00000,0.00000,30.00000,-92.52652,-0.11220,1.09609,6.50862,0.00000,0.00000,0.00000,0.00000,none
23.84583,-87.47348,-87.47348,0.00000,0.00000,0.00000,-65.08621,0.00000,0.00000,30.00000,-92.52652,-0.11220,1.09609,6.50862,0.00000,0.00000,0.00000,0.00000,none
23.85000,-87.47348,-87.47348,0.00000,0.00000,0.00000,-65.08621,0.00000,0.00000,30.00000,-92.52652,-0.11220,1.09609,6.50862,0.00000,0.00000,0.00000,0.00000,none
23.85417,-87.47348,-87.47348,0.00000,0.00000,0.00000,-65.08621,0.00000,0.00000,30.00000,-92.52652,-0.11220,1.09609,6.50862,0.00000,0.00000,0.00000,0.00000,none
23.85833,-87.47348,-87.47348,0.00000,0.00000,0.00000,-65.08621,0.00000,0.00000,30.00000,-92.52652,-0.11220,1.09609,6.50862,0.00000,0.00000,0.00000,0.00000,none
23.86250,-87.47348,-87.47348,0.00000,0.00000,0.00000,-65.08621,0.00000,0.00000,30.00000,-92.52652,-0.11220,1.09609,6.50862,0.00000,0.00000,0.00000,0.00000,none
23.86667,-87.47348,-87.47348,0.00000,0.00000,0.00000,-65.08621,0.00000,0.00000,30.00000,-92.52652,-0.11220,1.09609,6.50862,0.00000,0.00000,0.00000,0.00000,none
23.87083,-87.47348,-87.47348,0.00000,0.00000,0.00000,-65.08621,0.00000,0.00000,30.00000,-92.52652,-0.11220,1.09609,6.50862,0.00000,0.00000,0.00000,0.00000,none
23.87500,-87.47348,-87.47348,0.00000,0.00000,0.00000,-65.08621,0.00000,0.00000,30.00000,-92.52652,-0.11220,1.09609,6.50862,0.00000,0.00000,0.00000,0.00000,none
23.87917,-87.47348,-87.47348,0.00000,0.00000,0.00000,-65.08621,0.00000,0.00000,30.00000,-92.52652,-0.11220,1.09609,6.50862,0.00000,0.00000,0.00000,0.00000,none
23.88333,-87.47348,-87.47348,0.00000,0.00000,0.00000,-65.08621,0.00000,0.00000,30.00000,-92.52652,-0.11220,1.09609,6.50862,0.00000,0.00000,0.00000,0.00000,none
23.88750,-87.47348,-87.47348,0.00000,0.00000,0.00000,-65.08621,0.00000,0.00000,30.00000,-92.52652,-0.11220,1.09609,6.50862,0.00000,0.00000,0.00000,0.00000,none
23.89167,-87.47348,-87.47348,0.00000,0.00000,0.00000,-65.08621,0.00000,0.00000,30.00000,-92.52652,-0.11220,1.09609,6.50862,0.00000,0.00000,0.00000,0.00000,none
23.89583,-87.47348,-87.47348,0.00000,0.00000,0.00000,-65.08621,0.00000,0.00000,30.00000,-92.52652,-0.11220,1.09609,6.50862,0.00000,0.00000,0.00000,0.00000,none
23.90000,-87.47348,-87.47348,0.00000,0.00000,0.00000,-65.08621,0.00000,0.00000,30.00000,-92.52652,-0.11220,1.09609,6.50862,0.00000,0.00000,0.00000,0.00000,none
23.90417,-87.47348,-87.47348,0.00000,0.00000,0.00000,-65.08621,0.00000,0.00000,30.00000,-92.52652,-0.11220,1.09609,6.50862,0.00000,0.00000,0.00000,0.00000,none
23.90833,-87.47348,-87.47348,0.00000,0.00000,0.00000,-65.08621,0.00000,0.00000,30.00000,-92.52652,-0.11220,1.09609,6.50862,0.00000,0.00000,0.00000,0.00000,none
23.91250,-87.47348,-87.47348,0.00000,0.00000,0.00000,-65.08621,0.00000,0.00000,30.00000,-92.52652,-0.11220,1.09609,6.50862,0.00000,0.00000,0.00000,0.00000,none
23.91667,-87.47348,-87.47348,0.00000,0.00000,0.00000,-65.08621,0.00000,0.00000,30.00000,-92.52652,-0.11220,1.09609,6.50862,0.00000,0.00000,0.00000,0.00000,none
23.92083,-87.47348,-87.47348,0.00000,0.00000,0.00000,-65.08621,0.00000,0.00000,30.00000,-92.52652,-0.11220,1.09609,6.50862,0.00000,0.00000,0.00000,0.00000,none
23.92500,-87.47348,-87.47348,0.00000,0.00000,0.00000,-65.08621,0.00000,0.00000,30.00000,-92.52652,-0.11220,1.09609,6.50862,0.00000,0.00000,0.00000,0.00000,none
23.92917,-87.47348,-87.47348,0.00000,0.00000,0.00000,-65.08621,0.00000,0.00000,30.00000,-92.52652,-0.11220,1.09609,6.50862,0.00000,0.00000,0.00000,0.00000,none
23.93333,-87.47348,-87.47348,0.00000,0.00000,0.00000,-65.08621,0.00000,0.00000,30.00000,-92.52652,-0.11220,1.09609,6.50862,0.00000,0.00000,0.00000,0.00000,none
23.93750,-87.47348,-87.47348,0.00000,0.00000,0.00000,-65.08621,0.00000,0.00000,30.00000,-92.52652,-0.11220,1.09609,6.50862,0.00000,0.00000,0.00000,0.00000,none
23.94167,-87.47348,-87.47348,0.00000,0.00000,0.00000,-65.08621,0.00000,0.00000,30.00000,-92.52652,-0.11220,1.09609,6.50862,0.00000,0.00000,0.00000,0.00000,none
23.94583,-87.47348,-87.47348,0.00000,0.00000,0.00000,-65.08621,0.00000,0.00000,30.00000,-92.52652,-0.11220,1.09609,6.50862,0.00000,0.00000,0.00000,0.00000,none
23.95000,-87.47348,-87.47348,0.00000,0.00000,0.00000,-65.08621,0.00000,0.00000,30.00000,-92.52652,-0.11220,1.09609,6.50862,0.00000,0.00000,0.00000,0.00000,none
23.95417,-87.47348,-87.47348,0.00000,0.00000,0.00000,-65.08621,0.00000,0.00000,30.00000,-92.52652,-0.11220,1.09609,6.50862,0.00000,0.00000,0.00000,0.00000,none
23.95833,-87.47348,-87.47348,0.00000,0.00000,0.00000,-65.08621,0.00000,0.00000,30.00000,-92.52652,-0.11220,1.09609,6.50862,0.00000,0.00000,0.00000,0.00000,none
23.96250,-87.47348,-87.47348,0.00000,0.00000,0.00000,-65.08621,0.00000,0.00000,30.00000,-92.52652,-0.11220,1.09609,6.50862,0.00000,0.00000,0.00000,0.00000,none
23.96667,-87.47348,-87.47348,0.00000,0.00000,0.00000,-65.08621,0.00000,0.00000,30.00000,-92.52652,-0.11220,1.09609,6.50862,0.00000,0.00000,0.00000,0.00000,none
23.97083,-87.47348,-87.47348,0.00000,0.00000,0.00000,-65.08621,0.00000,0.00000,30.00000,-92.52652,-0.11220,1.09609,6.50862,0.00000,0.00000,0.00000,0.00000,none
23.97500,-87.47348,-87.47348,0.00000,0.00000,0.00000,-65.08621,0.00000,0.00000,30.00000,-92.52652,-0.11220,1.09609,6.50862,0.00000,0.00000,0.00000,0.00000,none
23.97917,-87.47348,-87.47348,0.00000,0.00000,0.00000,-65.08621,0.00000,0.00000,30.00000,-92.52652,-0.11220,1.09609,6.50862,0.00000,0.00000,0.00000,0.00000,none
23.98333,-87.47348,-87.47348,0.00000,0.00000,0.00000,-65.08621,0.00000,0.00000,30.00000,-92.52652,-0.11220,1.09609,6.50862,0.00000,0.00000,0.00000,0.00000,none
23.98750,-87.47348,-87.47348,0.00000,0.00000,0.00000,-65.08621,0.00000,0.00000,30.00000,-92.52652,-0.11220,1.09609,6.50862,0.00000,0.00000,0.00000,0.00000,none
23.99167,-87.47348,-87.47348,0.00000,0.00000,0.00000,-65.08621,0.00000,0.00000,30.00000,-92.52652,-0.11220,1.09609,6.50862,0.00000,0.00000,0.00000,0.00000,none
23.99583,-87.47348,-87.47348,0.00000,0.00000,0.00000,-65.08621,0.00000,0.00000,30.00000,-92.52652,-0.11220,1.09609,6.50862,0.00000,0.00000,0.00000,0.00000,none
24.00000,-87.47348,-87.47348,0.00000,0.00000,0.00000,-65.08621,0.00000,0.00000,30.00000,-92.52652,-0.11220,1.09609,6.50862,0.00000,0.00000,0.00000,0.00000,none
24.00417,-87.47348,-87.47348,0.00000,0.00000,0.00000,-65.08621,0.00000,0.00000,30.00000,-92.52652,-0.11220,1.09609,6.50862,0.00000,0.00000,0.00000,0.00000,none
24.00833,-87.47348,-87.47348,0.00000,0.00000,0.00000,-65.08621,0.00000,0.00000,30.00000,-92.52652,-0.11220,1.09609,6.50862,0.00000,0.00000,0.00000,0.00000,none
24.01250,-87.47348,-87.47348,0.00000,0.00000,0.00000,-65.08621,0.00000,0.00000,30.00000,-92.52652,-0.11220,1.09609,6.50862,0.00000,0.00000,0.00000,0.00000,none
24.01667,-87.47348,-87.47348,0.00000,0.00000,0.00000,-65.08621,0.00000,0.00000,30.00000,-92.52652,-0.11220,1.09609,6.50862,0.00000,0.00000,0.00000,0.00000,none
24.02083,-87.47348,-87.47348,0.00000,0.00000,0.00000,-65.08621,0.00000,0.00000,30.00000,-92.52652,-0.11220,1.09609,6.50862,0.00000,0.00000,0.00000,0.00000,none
24.02500,-87.47348,-87.47348,0.00000,0.00000,0.00000,-65.08621,0.00000,0.00000,30.00000,-92.52652,-0.11220,1.09609,6.50862,0.00000,0.00000,0.00000,0.00000,none
24.02917,-87.47348,-87.47348,0.00000,0.00000,0.00000,-65.08621,0.00000,0.00000,30.00000,-92.52652,-0.11220,1.09609,6.50862,0.00000,0.00000,0.00000,0.00000,none
24.03333,-87.47348,-87.47348,0.00000,0.00000,0.00000,-65.08621,0.00000,0.00000,30.00000,-92.52652,-0.11220,1.09609,6.50862,0.00000,0.00000,0.00000,0.00000,none
24.03750,-87.47348,-87.47348,0.00000,0.00000,0.00000,-65.08621,0.00000,0.00000,30.00000,-92.52652,-0.11220,1.09609,6.50862,0.00000,0.00000,0.00000,0.00000,none
24.04167,-87.47348,-87.47348,0.00000,0.00000,0.00000,-65.08621,0.00000,0.00000,30.00000,-92.52652,-0.11220,1.09609,6.50862,0.00000,0.00000,0.00000,0.00000,none
24.04583,-87.47348,-87.47348,0.00000,0.00000,0.00000,-65.08621,0.00000,0.00000,30.00000,-92.52652,-0.11220,1.09609,6.50862,0.00000,0.00000,0.00000,0.00000,none
24.05000,-87.47348,-87.47348,0.00000,0.00000,0.00000,-65.08621,0.00000,0.00000,30.00000,-92.52652,-0.11220,1.09609,6.50862,0.00000,0.00000,0.00000,0.00000,none
24.05417,-87.47348,-87.47348,0.00000,0.00000,0.00000,-65.08621,0.00000,0.00000,30.00000,-92.52652,-0.11220,1.09609,6.50862,0.00000,0.00000,0.00000,0.00000,none
24.05833,-87.47348,-87.47348,0.00000,0.00000,0.00000,-65.08621,0.00000,0.00000,30.00000,-92.52652,-0.11220,1.09609,6.50862,0.00000,0.00000,0.00000,0.00000,none
24.06250,-87.47348,-87.47348,0.00000,0.00000,0.00000,-65.08621,0.00000,0.00000,30.00000,-92.52652,-0.11220,1.09609,6.50862,0.00000,0.00000,0.00000,0.00000,none
24.06667,-87.47348,-87.47348,0.00000,0.00000,0.00000,-65.08621,0.00000,0.00000,30.00000,-92.52652,-0.11220,1.09609,6.50862,0.00000,0.00000,0.00000,0.00000,none
24.07083,-87.47348,-87.47348,0.00000,0.00000,0.00000,-65.08621,0.00000,0.00000,30.00000,-92.52652,-0.11220,1.09609,6.50862,0.00000,0.00000,0.00000,0.00000,none
24.07500,-87.47348,-87.47348,0.00000,0.00000,0.00000,-65.08621,0.00000,0.00000,30.00000,-92.52652,-0.11220,1.09609,6.50862,0.00000,0.00000,0.00000,0.00000,none
24.07917,-87.47348,-87.47348,0.00000,0.00000,0.00000,-65.08621,0.00000,0.00000,30.00000,-92.52652,-0.11220,1.09609,6.50862,0.00000,0.00000,0.00000,0.00000,none
24.08333,-87.47348,-87.47348,0.00000,0.00000,0.00000,-65.08621,0.00000,0.00000,30.00000,-92.52652,-0.11220,1.09609,6.50862,0.00000,0.00000,0.00000,0.00000,none
24.08750,-87.47348,-87.47348,0.00000,0.00000,0.00000,-65.08621,0.00000,0.00000,30.00000,-92.52652,-0.11220,1.09609,6.50862,0.00000,0.00000,0.00000,0.00000,none
24.09167,-87.47348,-87.47348,0.00000,0.00000,0.00000,-65.08621,0.00000,0.00000,30.00000,-92.52652,-0.11220,1.09609,6.50862,0.00000,0.00000,0.00000,0.00000,none
24.09583,-87.47348,-87.47348,0.00000,0.00000,0.00000,-65.08621,0.00000,0.00000,30.00000,-92.52652,-0.11220,1.09609,6.50862,0.00000,0.00000,0.00000,0.00000,none
24.10000,-87.47348,-87.47348,0.00000,0.00000,0.00000,-65.08621,0.00000,0.00000,30.00000,-92.52652,-0.11220,1.09609,6.50862,0.00000,0.00000,0.00000,0.00000,none
24.10417,-87.47348,-87.47348,0.00000,0.00000,0.00000,-65.08621,0.00000,0.00000,30.00000,-92.52652,-0.11220,1.09609,6.50862,0.00000,0.00000,0.00000,0.00000,none
24.10833,-87.47348,-87.47348,0.00000,0.00000,0.00000,-65.08621,0.00000,0.00000,30.00000,-92.52652,-0.11220,1.09609,6.50862,0.00000,0.00000,0.00000,0.00000,none
24.11250,-87.47348,-87.47348,0.00000,0.00000,0.00000,-65.08621,0.00000,0.00000,30.00000,-92.52652,-0.11220,1.09609,6.50862,0.00000,0.00000,0.00000,0.00000,none
24.11667,-87.47348,-87.47348,0.00000,0.00000,0.00000,-65.08621,0.00000,0.00000,30.00000,-92.52652,-0.11220,1.09609,6.50862,0.00000,0.00000,0.00000,0.00000,none
24.12083,-87.47348,-87.47348,0.00000,0.00000,0.00000,-65.08621,0.00000,0.00000,30.00000,-92.52652,-0.11220,1.09609,6.50862,0.00000,0.00000,0.00000,0.00000,none
24.12500,-87.47348,-87.47348,0.00000,0.00000,0.00000,-65.08621,0.00000,0.00000,30.00000,-92.52652,-0.11220,1.09609,6.50862,0.00000,0.00000,0.00000,0.00000,none
24.12917,-87.47348,-87.47348,0.00000,0.00000,0.00000,-65.08621,0.00000,0.00000,30.00000,-92.52652,-0.11220,1.09609,6.50862,0.00000,0.00000,0.00000,0.00000,none
24.13333,-87.47348,-87.47348,0.00000,0.00000,0.00000,-65.08621,0.00000,0.00000,30.00000,-92.52652,-0.11220,1.09609,6.50862,0.00000,0.00000,0.00000,0.00000,none
24.13750,-87.47348,-87.47348,0.00000,0.00000,0.00000,-65.08621,0.00000,0.00000,30.00000,-92.52652,-0.11220,1.09609,6.50862,0.00000,0.00000,0.00000,0.00000,none
24.14167,-87.47348,-87.47348,0.00000,0.00000,0.00000,-65.08621,0.00000,0.00000,30.00000,-92.52652,-0.11220,1.09609,6.50862,0.00000,0.00000,0.00000,0.00000,none
24.14583,-87.47348,-87.47348,0.00000,0.00000,0.00000,-65.08621,0.00000,0.00000,30.00000,-92.52652,-0.11220,1.09609,6.50862,0.00000,0.00000,0.00000,0.00000,none
24.15000,-87.47348,-87.47348,0.00000,0.00000,0.00000,-65.08621,0.00000,0.00000,30.00000,-92.52652,-0.11220,1.09609,6.50862,0.00000,0.00000,0.00000,0.00000,none
24.15417,-87.47348,-87.47348,0.00000,0.00000,0.00000,-65.08621,0.00000,0.00000,30.00000,-92.52652,-0.11220,1.09609,6.50862,0.00000,0.00000,0.00000,0.00000,none
24.15833,-87.47348,-87.47348,0.00000,0.00000,0.00000,-65.08621,0.00000,0.00000,30.00000,-92.52652,-0.11220,1.09609,6.50862,0.00000,0.00000,0.00000,0.00000,none
24.16250,-87.47348,-87.47348,0.00000,0.00000,0.00000,-65.08621,0.00000,0.00000,30.00000,-92.52652,-0.11220,1.09609,6.50862,0.00000,0.00000,0.00000,0.00000,none
24.16667,-87.47348,-87.47348,0.00000,0.00000,0.00000,-65.08621,0.00000,0.00000,30.00000,-92.52652,-0.11220,1.09609,6.50862,0.00000,0.00000,0.00000,0.00000,none
24.17083,-87.47348,-87.47348,0.00000,0.00000,0.00000,-65.08621,0.00000,0.00000,30.00000,-92.52652,-0.11220,1.09609,6.50862,0.00000,0.00000,0.00000,0.00000,none
24.17500,-87.47348,-87.47348,0.00000,0.00000,0.00000,-65.08621,0.00000,0.00000,30.00000,-92.52652,-0.11220,1.09609,6.50862,0.00000,0.00000,0.00000,0.00000,none
24.17917,-87.47348,-87.47348,0.00000,0.00000,0.00000,-65.08621,0.00000,0.00000,30.00000,-92.52652,-0.11220,1.09609,6.50862,0.00000,0.00000,0.00000,0.00000,none
24.18333,-87.47348,-87.47348,0.00000,0.00000,0.00000,-65.08621,0.00000,0.00000,30.00000,-92.52652,-0.11220,1.09609,6.50862,0.00000,0.00000,0.00000,0.00000,none
24.18750,-87.47348,-87.47348,0.00000,0.00000,0.00000,-65.08621,0.00000,0.00000,30.00000,-92.52652,-0.11220,1.09609,6.50862,0.00000,0.00000,0.00000,0.00000,none
24.19167,-87.47348,-87.47348,0.00000,0.00000,0.00000,-65.08621,0.00000,0.00000,30.00000,-92.52652,-0.11220,1.09609,6.50862,0.00000,0.00000,0.00000,0.00000,none
24.19583,-87.47348,-87.47348,0.00000,0.00000,0.00000,-65.08621,0.00000,0.00000,30.00000,-92.52652,-0.11220,1.09609,6.50862,0.00000,0.00000,0.00000,0.00000,none
24.20000,-87.47348,-87.47348,0.00000,0.00000,0.00000,-65.08621,0.00000,0.00000,30.00000,-92.52652,-0.11220,1.09609,6.50862,0.00000,0.00000,0.00000,0.00000,none
24.20417,-87.47348,-87.47348,0.00000,0.00000,0.00000,-65.08621,0.00000,0.00000,30.00000,-92.52652,-0.11220,1.09609,6.50862,0.00000,0.00000,0.00000,0.00000,none
24.20833,-87.47348,-87.47348,0.00000,0.00000,0.00000,-65.08621,0.00000,0.00000,30.00000,-92.52652,-0.11220,1.09609,6.50862,0.00000,0.00000,0.00000,0.00000,none
24.21250,-87.47348,-87.47348,0.00000,0.00000,0.00000,-65.08621,0.00000,0.00000,30.00000,-92.52652,-0.11220,1.09609,6.50862,0.00000,0.00000,0.00000,0.00000,none
24.21667,-87.47348,-87.47348,0.00000,0.00000,0.00000,-65.08621,0.00000,0.00000,30.00000,-92.52652,-0.11220,1.09609,6.50862,0.00000,0.00000,0.00000,0.00000,none
24.22083,-87.47348,-87.47348,0.00000,0.00000,0.00000,-65.08621,0.00000,0.00000,30.00000,-92.52652,-0.11220,1.09609,6.50862,0.00000,0.00000,0.00000,0.00000,none
24.22500,-87.47348,-87.47348,0.00000,0.00000,0.00000,-65.08621,0.00000,0.00000,30.00000,-92.52652,-0.11220,1.09609,6.50862,0.00000,0.00000,0.00000,0.00000,none
24.22917,-87.47348,-87.47348,0.00000,0.00000,0.00000,-65.08621,0.00000,0.00000,30.00000,-92.52652,-0.11220,1.09609,6.50862,0.00000,0.00000,0.00000,0.00000,none
24.23333,-87.47348,-87.47348,0.00000,0.00000,0.00000,-65.08621,0.00000,0.00000,30.00000,-92.52652,-0.11220,1.09609,6.50862,0.00000,0.00000,0.00000,0.00000,none
24.23750,-87.47348,-87.47348,0.00000,0.00000,0.00000,-65.08621,0.00000,0.00000,30.00000,-92.52652,-0.11220,1.09609,6.50862,0.00000,0.00000,0.00000,0.00000,none
24.24167,-87.47348,-87.47348,0.00000,0.00000,0.00000,-65.08621,0.00000,0.00000,30.00000,-92.52652,-0.11220,1.09609,6.50862,0.00000,0.00000,0.00000,0.00000,none
24.24583,-87.47348,-87.47348,0.00000,0.00000,0.00000,-65.08621,0.00000,0.00000,30.00000,-92.52652,-0.11220,1.09609,6.50862,0.00000,0.00000,0.00000,0.00000,none
24.25000,-87.47348,-87.47348,0.00000,0.00000,0.00000,-65.08621,0.00000,0.00000,30.00000,-92.52652,-0.11220,1.09609,6.50862,0.00000,0.00000,0.00000,0.00000,none
24.25417,-87.47348,-87.47348,0.00000,0.00000,0.00000,-65.08621,0.00000,0.00000,30.00000,-92.52652,-0.11220,1.09609,6.50862,0.00000,0.00000,0.00000,0.00000,none
24.25833,-87.47348,-87.47348,0.00000,0.00000,0.00000,-65.08621,0.00000,0.00000,30.00000,-92.52652,-0.11220,1.09609,6.50862,0.00000,0.00000,0.00000,0.00000,none
24.26250,-87.47348,-87.47348,0.00000,0.00000,0.00000,-65.08621,0.00000,0.00000,30.00000,-92.52652,-0.11220,1.09609,6.50862,0.00000,0.00000,0.00000,0.00000,none
24.26667,-87.47348,-87.47348,0.00000,0.00000,0.00000,-65.08621,0.00000,0.00000,30.00000,-92.52652,-0.11220,1.09609,6.50862,0.00000,0.00000,0.00000,0.00000,none
24.27083,-87.47348,-87.47348,0.00000,0.00000,0.00000,-65.08621,0.00000,0.00000,30.00000,-92.52652,-0.11220,1.09609,6.50862,0.00000,0.00000,0.00000,0.00000,none
24.27500,-87.47348,-87.47348,0.00000,0.00000,0.00000,-65.08621,0.00000,0.00000,30.00000,-92.52652,-0.11220,1.09609,6.50862,0.00000,0.00000,0.00000,0.00000,none
24.27917,-87.47348,-87.47348,0.00000,0.00000,0.00000,-65.08621,0.00000,0.00000,30.00000,-92.52652,-0.11220,1.09609,6.50862,0.00000,0.00000,0.00000,0.00000,none
24.28333,-87.47348,-87.47348,0.00000,0.00000,0.00000,-65.08621,0.00000,0.00000,30.00000,-92.52652,-0.11220,1.09609,6.50862,0.00000,0.00000,0.00000,0.00000,none
24.28750,-87.47348,-87.47348,0.00000,0.00000,0.00000,-65.08621,0.00000,0.00000,30.00000,-92.52652,-0.11220,1.09609,6.50862,0.00000,0.00000,0.00000,0.00000,none
24.29167,-87.47348,-87.47348,0.00000,0.00000,0.00000,-65.08621,0.00000,0.00000,30.00000,-92.52652,-0.11220,1.09609,6.50862,0.00000,0.00000,0.00000,0.00000,none
24.29583,-87.47348,-87.47348,0.00000,0.00000,0.00000,-65.08621,0.00000,0.00000,30.00000,-92.52652,-0.11220,1.09609,6.50862,0.00000,0.00000,0.00000,0.00000,none
24.30000,-87.47348,-87.47348,0.00000,0.00000,0.00000,-65.08621,0.00000,0.00000,30.00000,-92.52652,-0.11220,1.09609,6.50862,0.00000,0.00000,0.00000,0.00000,none
24.30417,-87.47348,-87.47348,0.00000,0.00000,0.00000,-65.08621,0.00000,0.00000,30.00000,-92.52652,-0.11220,1.09609,6.50862,0.00000,0.00000,0.00000,0.00000,none
24.30833,-87.47348,-87.47348,0.00000,0.00000,0.00000,-65.08621,0.00000,0.00000,30.00000,-92.52652,-0.11220,1.09609,6.50862,0.00000,0.00000,0.00000,0.00000,none
24.31250,-87.47348,-87.47348,0.00000,0.00000,0.00000,-65.08621,0.00000,0.00000,30.00000,-92.52652,-0.11220,1.09609,6.50862,0.00000,0.00000,0.00000,0.00000,none
24.31667,-87.47348,-87.47348,0.00000,0.00000,0.00000,-65.08621,0.00000,0.00000,30.00000,-92.52652,-0.11220,1.09609,6.50862,0.00000,0.00000,0.00000,0.00000,none
24.32083,-87.47348,-87.47348,0.00000,0.00000,0.00000,-65.08621,0.00000,0.00000,30.00000,-92.52652,-0.11220,1.09609,6.50862,0.00000,0.00000,0.00000,0.00000,none
24.32500,-87.47348,-87.47348,0.00000,0.00000,0.00000,-65.08621,0.00000,0.00000,30.00000,-92.52652,-0.11220,1.09609,6.50862,0.00000,0.00000,0.00000,0.00000,none
24.32917,-87.47348,-87.47348,0.00000,0.00000,0.00000,-65.08621,0.00000,0.00000,30.00000,-92.52652,-0.11220,1.09609,6.50862,0.00000,0.00000,0.00000,0.00000,none
24.33333,-87.47348,-87.47348,0.00000,0.00000,0.00000,-65.08621,0.00000,0.00000,30.00000,-92.52652,-0.11220,1.09609,6.50862,0.00000,0.00000,0.00000,0.00000,none
24.33750,-87.47348,-87.47348,0.00000,0.00000,0.00000,-65.08621,0.00000,0.00000,30.00000,-92.52652,-0.11220,1.09609,6.50862,0.00000,0.00000,0.00000,0.00000,none
24.34167,-87.47348,-87.47348,0.00000,0.00000,0.00000,-65.08621,0.00000,0.00000,30.00000,-92.52652,-0.11220,1.09609,6.50862,0.00000,0.00000,0.00000,0.00000,none
24.34583,-87.47348,-87.47348,0.00000,0.00000,0.00000,-65.08621,0.00000,0.00000,30.00000,-92.52652,-0.11220,1.09609,6.50862,0.00000,0.00000,0.00000,0.00000,none
24.35000,-87.47348,-87.47348,0.00000,0.00000,0.00000,-65.08621,0.00000,0.00000,30.00000,-92.52652,-0.11220,1.09609,6.50862,0.00000,0.00000,0.00000,0.00000,none
24.35417,-87.47348,-87.47348,0.00000,0.00000,0.00000,-65.08621,0.00000,0.00000,30.00000,-92.52652,-0.11220,1.09609,6.50862,0.00000,0.00000,0.00000,0.00000,none
24.35833,-87.47348,-87.47348,0.00000,0.00000,0.00000,-65.08621,0.00000,0.00000,30.00000,-92.52652,-0.11220,1.09609,6.50862,0.00000,0.00000,0.00000,0.00000,none
24.36250,-87.47348,-87.47348,0.00000,0.00000,0.00000,-65.08621,0.00000,0.00000,30.00000,-92.52652,-0.11220,1.09609,6.50862,0.00000,0.00000,0.00000,0.00000,none
24.36667,-87.47348,-87.47348,0.00000,0.00000,0.00000,-65.08621,0.00000,0.00000,30.00000,-92.52652,-0.11220,1.09609,6.50862,0.00000,0.00000,0.00000,0.00000,none
24.37083,-87.47348,-87.47348,0.00000,0.00000,0.00000,-65.08621,0.00000,0.00000,30.00000,-92.52652,-0.11220,1.09609,6.50862,0.00000,0.00000,0.00000,0.00000,none
24.37500,-87.47348,-87.47348,0.00000,0.00000,0.00000,-65.08621,0.00000,0.00000,30.00000,-92.52652,-0.11220,1.09609,6.50862,0.00000,0.00000,0.00000,0.00000,none
24.37917,-87.47348,-87.47348,0.00000,0.00000,0.00000,-65.08621,0.00000,0.00000,30.00000,-92.52652,-0.11220,1.09609,6.50862,0.00000,0.00000,0.00000,0.00000,none
24.38333,-87.47348,-87.47348,0.00000,0.00000,0.00000,-65.08621,0.00000,0.00000,30.00000,-92.52652,-0.11220,1.09609,6.50862,0.00000,0.00000,0.00000,0.00000,none
24.38750,-87.47348,-87.47348,0.00000,0.00000,0.00000,-65.08621,0.00000,0.00000,30.00000,-92.52652,-0.11220,1.09609,6.50862,0.00000,0.00000,0.00000,0.00000,none
24.39167,-87.47348,-87.47348,0.00000,0.00000,0.00000,-65.08621,0.00000,0.00000,30.00000,-92.52652,-0.11220,1.09609,6.50862,0.00000,0.00000,0.00000,0.00000,none
24.39583,-87.47348,-87.47348,0.00000,0.00000,0.00000,-65.08621,0.00000,0.00000,30.00000,-92.52652,-0.11220,1.09609,6.50862,0.00000,0.00000,0.00000,0.00000,none
24.40000,-87.47348,-87.47348,0.00000,0.00000,0.00000,-65.08621,0.00000,0.00000,30.00000,-92.52652,-0.11220,1.09609,6.50862,0.00000,0.00000,0.00000,0.00000,none
24.40417,-87.47348,-87.47348,0.00000,0.00000,0.00000,-65.08621,0.00000,0.00000,30.00000,-92.52652,-0.11220,1.09609,6.50862,0.00000,0.00000,0.00000,0.00000,none
24.40833,-87.47348,-87.47348,0.00000,0.00000,0.00000,-65.08621,0.00000,0.00000,30.00000,-92.52652,-0.11220,1.09609,6.50862,0.00000,0.00000,0.00000,0.00000,none
24.41250,-87.47348,-87.47348,0.00000,0.00000,0.00000,-65.08621,0.00000,0.00000,30.00000,-92.52652,-0.11220,1.09609,6.50862,0.00000,0.00000,0.00000,0.00000,none
24.41667,-87.47348,-87.47348,0.00000,0.00000,0.00000,-65.08621,0.00000,0.00000,30.00000,-92.52652,-0.11220,1.09609,6.50862,0.00000,0.00000,0.00000,0.00000,none
24.42083,-87.47348,-87.47348,0.00000,0.00000,0.00000,-65.08621,0.00000,0.00000,30.00000,-92.52652,-0.11220,1.09609,6.50862,0.00000,0.00000,0.00000,0.00000,none
24.42500,-87.47348,-87.47348,0.00000,0.00000,0.00000,-65.08621,0.00000,0.00000,30.00000,-92.52652,-0.11220,1.09609,6.50862,0.00000,0.00000,0.00000,0.00000,none
24.42917,-87.47348,-87.47348,0.00000,0.00000,0.00000,-65.08621,0.00000,0.00000,30.00000,-92.52652,-0.11220,1.09609,6.50862,0.00000,0.00000,0.00000,0.00000,none
24.43333,-87.47348,-87.47348,0.00000,0.00000,0.00000,-65.08621,0.00000,0.00000,30.00000,-92.52652,-0.11220,1.09609,6.50862,0.00000,0.00000,0.00000,0.00000,none
24.43750,-87.47348,-87.47348,0.00000,0.00000,0.00000,-65.08621,0.00000,0.00000,30.00000,-92.52652,-0.11220,1.09609,6.50862,0.00000,0.00000,0.00000,0.00000,none
24.44167,-87.47348,-87.47348,0.00000,0.00000,0.00000,-65.08621,0.00000,0.00000,30.00000,-92.52652,-0.11220,1.09609,6.50862,0.00000,0.00000,0.00000,0.00000,none
24.44583,-87.47348,-87.47348,0.00000,0.00000,0.00000,-65.08621,0.00000,0.00000,30.00000,-92.52652,-0.11220,1.09609,6.50862,0.00000,0.00000,0.00000,0.00000,none
24.45000,-87.47348,-87.47348,0.00000,0.00000,0.00000,-65.08621,0.00000,0.00000,30.00000,-92.52652,-0.11220,1.09609,6.50862,0.00000,0.00000,0.00000,0.00000,none
24.45417,-87.47348,-87.47348,0.00000,0.00000,0.00000,-65.08621,0.00000,0.00000,30.00000,-92.52652,-0.11220,1.09609,6.50862,0.00000,0.00000,0.00000,0.00000,none
24.45833,-87.47348,-87.47348,0.00000,0.00000,0.00000,-65.08621,0.00000,0.00000,30.00000,-92.52652,-0.11220,1.09609,6.50862,0.00000,0.00000,0.00000,0.00000,none
24.46250,-87.47348,-87.47348,0.00000,0.00000,0.00000,-65.08621,0.00000,0.00000,30.00000,-92.52652,-0.11220,1.09609,6.50862,0.00000,0.00000,0.00000,0.00000,none
24.46667,-87.47348,-87.47348,0.00000,0.00000,0.00000,-65.08621,0.00000,0.00000,30.00000,-92.52652,-0.11220,1.09609,6.50862,0.00000,0.00000,0.00000,0.00000,none
24.47083,-87.47348,-87.47348,0.00000,0.00000,0.00000,-65.08621,0.00000,0.00000,30.00000,-92.52652,-0.11220,1.09609,6.50862,0.00000,0.00000,0.00000,0.00000,none
24.47500,-87.47348,-87.47348,0.00000,0.00000,0.00000,-65.08621,0.00000,0.00000,30.00000,-92.52652,-0.11220,1.09609,6.50862,0.00000,0.00000,0.00000,0.00000,none
24.47917,-87.47348,-87.47348,0.00000,0.00000,0.00000,-65.08621,0.00000,0.00000,30.00000,-92.52652,-0.11220,1.09609,6.50862,0.00000,0.00000,0.00000,0.00000,none
24.48333,-87.47348,-87.47348,0.00000,0.00000,0.00000,-65.08621,0.00000,0.00000,30.00000,-92.52652,-0.11220,1.09609,6.50862,0.00000,0.00000,0.00000,0.00000,none
24.48750,-87.47348,-87.47348,0.00000,0.00000,0.00000,-65.08621,0.00000,0.00000,30.00000,-92.52652,-0.11220,1.09609,6.50862,0.00000,0.00000,0.00000,0.00000,none
24.49167,-87.47348,-87.47348,0.00000,0.00000,0.00000,-65.08621,0.00000,0.00000,30.00000,-92.52652,-0.11220,1.09609,6.50862,0.00000,0.00000,0.00000,0.00000,none
24.49583,-87.47348,-87.47348,0.00000,0.00000,0.00000,-65.08621,0.00000,0.00000,30.00000,-92.52652,-0.11220,1.09609,6.50862,0.00000,0.00000,0.00000,0.00000,none
24.50000,-87.47348,-87.47348,0.00000,0.00000,0.00000,-65.08621,0.00000,0.00000,30.00000,-92.52652,-0.11220,1.09609,6.50862,0.00000,0.00000,0.00000,0.00000,none
24.50417,-87.47348,-87.47348,0.00000,0.00000,0.00000,-65.08621,0.00000,0.00000,30.00000,-92.52652,-0.11220,1.09609,6.50862,0.00000,0.00000,0.00000,0.00000,none
24.50833,-87.47348,-87.47348,0.00000,0.00000,0.00000,-65.08621,0.00000,0.00000,30.00000,-92.52652,-0.11220,1.09609,6.50862,0.00000,0.00000,0.00000,0.00000,none
24.51250,-87.47348,-87.47348,0.00000,0.00000,0.00000,-65.08621,0.00000,0.00000,30.00000,-92.52652,-0.11220,1.09609,6.50862,0.00000,0.00000,0.00000,0.00000,none
24.51667,-87.47348,-87.47348,0.00000,0.00000,0.00000,-65.08621,0.00000,0.00000,30.00000,-92.52652,-0.11220,1.09609,6.50862,0.00000,0.00000,0.00000,0.00000,none
24.52083,-87.47348,-87.47348,0.00000,0.00000,0.00000,-65.08621,0.00000,0.00000,30.00000,-92.52652,-0.11220,1.09609,6.50862,0.00000,0.00000,0.00000,0.00000,none
24.52500,-87.47348,-87.47348,0.00000,0.00000,0.00000,-65.08621,0.00000,0.00000,30.00000,-92.52652,-0.11220,1.09609,6.50862,0.00000,0.00000,0.00000,0.00000,none
24.52917,-87.47348,-87.47348,0.00000,0.00000,0.00000,-65.08621,0.00000,0.00000,30.00000,-92.52652,-0.11220,1.09609,6.50862,0.00000,0.00000,0.00000,0.00000,none
24.53333,-87.47348,-87.47348,0.00000,0.00000,0.00000,-65.08621,0.00000,0.00000,30.00000,-92.52652,-0.11220,1.09609,6.50862,0.00000,0.00000,0.00000,0.00000,none
24.53750,-87.47348,-87.47348,0.00000,0.00000,0.00000,-65.08621,0.00000,0.00000,30.00000,-92.52652,-0.11220,1.09609,6.50862,0.00000,0.00000,0.00000,0.00000,none
24.54167,-87.47348,-87.47348,0.00000,0.00000,0.00000,-65.08621,0.00000,0.00000,30.00000,-92.52652,-0.11220,1.09609,6.50862,0.00000,0.00000,0.00000,0.00000,none
24.54583,-87.47348,-87.47348,0.00000,0.00000,0.00000,-65.08621,0.00000,0.00000,30.00000,-92.52652,-0.11220,1.09609,6.50862,0.00000,0.00000,0.00000,0.00000,none
24.55000,-87.47348,-87.47348,0.00000,0.00000,0.00000,-65.08621,0.00000,0.00000,30.00000,-92.52652,-0.11220,1.09609,6.50862,0.00000,0.00000,0.00000,0.00000,none
24.55417,-87.47348,-87.47348,0.00000,0.00000,0.00000,-65.08621,0.00000,0.00000,30.00000,-92.52652,-0.11220,1.09609,6.50862,0.00000,0.00000,0.00000,0.00000,none
24.55833,-87.47348,-87.47348,0.00000,0.00000,0.00000,-65.08621,0.00000,0.00000,30.00000,-92.52652,-0.11220,1.09609,6.50862,0.00000,0.00000,0.00000,0.00000,none
24.56250,-87.47348,-87.47348,0.00000,0.00000,0.00000,-65.08621,0.00000,0.00000,30.00000,-92.52652,-0.11220,1.09609,6.50862,0.00000,0.00000,0.00000,0.00000,none
24.56667,-87.47348,-87.47348,0.00000,0.00000,0.00000,-65.08621,0.00000,0.00000,30.00000,-92.52652,-0.11220,1.09609,6.50862,0.00000,0.00000,0.00000,0.00000,none
24.57083,-87.47348,-87.47348,0.00000,0.00000,0.00000,-65.08621,0.00000,0.00000,30.00000,-92.52652,-0.11220,1.09609,6.50862,0.00000,0.00000,0.00000,0.00000,none
24.57500,-87.47348,-87.47348,0.00000,0.00000,0.00000,-65.08621,0.00000,0.00000,30.00000,-92.52652,-0.11220,1.09609,6.50862,0.00000,0.00000,0.00000,0.00000,none
24.57917,-87.47348,-87.47348,0.00000,0.00000,0.00000,-65.08621,0.00000,0.00000,30.00000,-92.52652,-0.11220,1.09609,6.50862,0.00000,0.00000,0.00000,0.00000,none
24.58333,-87.47348,-87.47348,0.00000,0.00000,0.00000,-65.08621,0.00000,0.00000,30.00000,-92.52652,-0.11220,1.09609,6.50862,0.00000,0.00000,0.00000,0.00000,none
24.58750,-87.47348,-87.47348,0.00000,0.00000,0.00000,-65.08621,0.00000,0.00000,30.00000,-92.52652,-0.11220,1.09609,6.50862,0.00000,0.00000,0.00000,0.00000,none
24.59167,-87.47348,-87.47348,0.00000,0.00000,0.00000,-65.08621,0.00000,0.00000,30.00000,-92.52652,-0.11220,1.09609,6.50862,0.00000,0.00000,0.00000,0.00000,none
24.59583,-87.47348,-87.47348,0.00000,0.00000,0.00000,-65.08621,0.00000,0.00000,30.00000,-92.52652,-0.11220,1.09609,6.50862,0.00000,0.00000,0.00000,0.00000,none
24.60000,-87.47348,-87.47348,0.00000,0.00000,0.00000,-65.08621,0.00000,0.00000,30.00000,-92.52652,-0.11220,1.09609,6.50862,0.00000,0.00000,0.00000,0.00000,none
24.60417,-87.47348,-87.47348,0.00000,0.00000,0.00000,-65.08621,0.00000,0.00000,30.00000,-92.52652,-0.11220,1.09609,6.50862,0.00000,0.00000,0.00000,0.00000,none
24.60833,-87.47348,-87.47348,0.00000,0.00000,0.00000,-65.08621,0.00000,0.00000,30.00000,-92.52652,-0.11220,1.09609,6.50862,0.00000,0.00000,0.00000,0.00000,none
24.61250,-87.47348,-87.47348,0.00000,0.00000,0.00000,-65.08621,0.00000,0.00000,30.00000,-92.52652,-0.11220,1.09609,6.50862,0.00000,0.00000,0.00000,0.00000,none
24.61667,-87.47348,-87.47348,0.00000,0.00000,0.00000,-65.08621,0.00000,0.00000,30.00000,-92.52652,-0.11220,1.09609,6.50862,0.00000,0.00000,0.00000,0.00000,none
24.62083,-87.47348,-87.47348,0.00000,0.00000,0.00000,-65.08621,0.00000,0.00000,30.00000,-92.52652,-0.11220,1.09609,6.50862,0.00000,0.00000,0.00000,0.00000,none
24.62500,-87.47348,-87.47348,0.00000,0.00000,0.00000,-65.08621,0.00000,0.00000,30.00000,-92.52652,-0.11220,1.09609,6.50862,0.00000,0.00000,0.00000,0.00000,none
24.62917,-87.47348,-87.47348,0.00000,0.00000,0.00000,-65.08621,0.00000,0.00000,30.00000,-92.52652,-0.11220,1.09609,6.50862,0.00000,0.00000,0.00000,0.00000,none
24.63333,-87.47348,-87.47348,0.00000,0.00000,0.00000,-65.08621,0.00000,0.00000,30.00000,-92.52652,-0.11220,1.09609,6.50862,0.00000,0.00000,0.00000,0.00000,none
24.63750,-87.47348,-87.47348,0.00000,0.00000,0.00000,-65.08621,0.00000,0.00000,30.00000,-92.52652,-0.11220,1.09609,6.50862,0.00000,0.00000,0.00000,0.00000,none
24.64167,-87.47348,-87.47348,0.00000,0.00000,0.00000,-65.08621,0.00000,0.00000,30.00000,-92.52652,-0.11220,1.09609,6.50862,0.00000,0.00000,0.00000,0.00000,none
24.64583,-87.47348,-87.47348,0.00000,0.00000,0.00000,-65.08621,0.00000,0.00000,30.00000,-92.52652,-0.11220,1.09609,6.50862,0.00000,0.00000,0.00000,0.00000,none
24.65000,-87.47348,-87.47348,0.00000,0.00000,0.00000,-65.08621,0.00000,0.00000,30.00000,-92.52652,-0.11220,1.09609,6.50862,0.00000,0.00000,0.00000,0.00000,none
24.65417,-87.47348,-87.47348,0.00000,0.00000,0.00000,-65.08621,0.00000,0.00000,30.00000,-92.52652,-0.11220,1.09609,6.50862,0.00000,0.00000,0.00000,0.00000,none
24.65833,-87.47348,-87.47348,0.00000,0.00000,0.00000,-65.08621,0.00000,0.00000,30.00000,-92.52652,-0.11220,1.09609,6.50862,0.00000,0.00000,0.00000,0.00000,none
24.66250,-87.47348,-87.47348,0.00000,0.00000,0.00000,-65.08621,0.00000,0.00000,30.00000,-92.52652,-0.11220,1.09609,6.50862,0.00000,0.00000,0.00000,0.00000,none
24.66667,-87.47348,-87.47348,0.00000,0.00000,0.00000,-65.08621,0.00000,0.00000,30.00000,-92.52652,-0.11220,1.09609,6.50862,0.00000,0.00000,0.00000,0.00000,none
24.67083,-87.47348,-87.47348,0.00000,0.00000,0.00000,-65.08621,0.00000,0.00000,30.00000,-92.52652,-0.11220,1.09609,6.50862,0.00000,0.00000,0.00000,0.00000,none
24.67500,-87.47348,-87.47348,0.00000,0.00000,0.00000,-65.08621,0.00000,0.00000,30.00000,-92.52652,-0.11220,1.09609,6.50862,0.00000,0.00000,0.00000,0.00000,none
24.67917,-87.47348,-87.47348,0.00000,0.00000,0.00000,-65.08621,0.00000,0.00000,30.00000,-92.52652,-0.11220,1.09609,6.50862,0.00000,0.00000,0.00000,0.00000,none
24.68333,-87.47348,-87.47348,0.00000,0.00000,0.00000,-65.08621,0.00000,0.00000,30.00000,-92.52652,-0.11220,1.09609,6.50862,0.00000,0.00000,0.00000,0.00000,none
24.68750,-87.47348,-87.47348,0.00000,0.00000,0.00000,-65.08621,0.00000,0.00000,30.00000,-92.52652,-0.11220,1.09609,6.50862,0.00000,0.00000,0.00000,0.00000,none
24.69167,-87.47348,-87.47348,0.00000,0.00000,0.00000,-65.08621,0.00000,0.00000,30.00000,-92.52652,-0.11220,1.09609,6.50862,0.00000,0.00000,0.00000,0.00000,none
24.69583,-87.47348,-87.47348,0.00000,0.00000,0.00000,-65.08621,0.00000,0.00000,30.00000,-92.52652,-0.11220,1.09609,6.50862,0.00000,0.00000,0.00000,0.00000,none
24.70000,-87.47348,-87.47348,0.00000,0.00000,0.00000,-65.08621,0.00000,0.00000,30.00000,-92.52652,-0.11220,1.09609,6.50862,0.00000,0.00000,0.00000,0.00000,none
24.70417,-87.47348,-87.47348,0.00000,0.00000,0.00000,-65.08621,0.00000,0.00000,30.00000,-92.52652,-0.11220,1.09609,6.50862,0.00000,0.00000,0.00000,0.00000,none
24.70833,-87.47348,-87.47348,0.00000,0.00000,0.00000,-65.08621,0.00000,0.00000,30.00000,-92.52652,-0.11220,1.09609,6.50862,0.00000,0.00000,0.00000,0.00000,none
24.71250,-87.47348,-87.47348,0.00000,0.00000,0.00000,-65.08621,0.00000,0.00000,30.00000,-92.52652,-0.11220,1.09609,6.50862,0.00000,0.00000,0.00000,0.00000,none
24.71667,-87.47348,-87.47348,0.00000,0.00000,0.00000,-65.08621,0.00000,0.00000,30.00000,-92.52652,-0.11220,1.09609,6.50862,0.00000,0.00000,0.00000,0.00000,none
24.72083,-87.47348,-87.47348,0.00000,0.00000,0.00000,-65.08621,0.00000,0.00000,30.00000,-92.52652,-0.11220,1.09609,6.50862,0.00000,0.00000,0.00000,0.00000,none
24.72500,-87.47348,-87.47348,0.00000,0.00000,0.00000,-65.08621,0.00000,0.00000,30.00000,-92.52652,-0.11220,1.09609,6.50862,0.00000,0.00000,0.00000,0.00000,none
24.72917,-87.47348,-87.47348,0.00000,0.00000,0.00000,-65.08621,0.00000,0.00000,30.00000,-92.52652,-0.11220,1.09609,6.50862,0.00000,0.00000,0.00000,0.00000,none
24.73333,-87.47348,-87.47348,0.00000,0.00000,0.00000,-65.08621,0.00000,0.00000,30.00000,-92.52652,-0.11220,1.09609,6.50862,0.00000,0.00000,0.00000,0.00000,none
24.73750,-87.47348,-87.47348,0.00000,0.00000,0.00000,-65.08621,0.00000,0.00000,30.00000,-92.52652,-0.11220,1.09609,6.50862,0.00000,0.00000,0.00000,0.00000,none
24.74167,-87.47348,-87.47348,0.00000,0.00000,0.00000,-65.08621,0.00000,0.00000,30.00000,-92.52652,-0.11220,1.09609,6.50862,0.00000,0.00000,0.00000,0.00000,none
24.74583,-87.47348,-87.47348,0.00000,0.00000,0.00000,-65.08621,0.00000,0.00000,30.00000,-92.52652,-0.11220,1.09609,6.50862,0.00000,0.00000,0.00000,0.00000,none
24.75000,-87.47348,-87.47348,0.00000,0.00000,0.00000,-65.08621,0.00000,0.00000,30.00000,-92.52652,-0.11220,1.09609,6.50862,0.00000,0.00000,0.00000,0.00000,none
24.75417,-87.47348,-87.47348,0.00000,0.00000,0.00000,-65.08621,0.00000,0.00000,30.00000,-92.52652,-0.11220,1.09609,6.50862,0.00000,0.00000,0.00000,0.00000,none
24.75833,-87.47348,-87.47348,0.00000,0.00000,0.00000,-65.08621,0.00000,0.00000,30.00000,-92.52652,-0.11220,1.09609,6.50862,0.00000,0.00000,0.00000,0.00000,none
24.76250,-87.47348,-87.47348,0.00000,0.00000,0.00000,-65.08621,0.00000,0.00000,30.00000,-92.52652,-0.11220,1.09609,6.50862,0.00000,0.00000,0.00000,0.00000,none
24.76667,-87.47348,-87.47348,0.00000,0.00000,0.00000,-65.08621,0.00000,0.00000,30.00000,-92.52652,-0.11220,1.09609,6.50862,0.00000,0.00000,0.00000,0.00000,none
24.77083,-87.47348,-87.47348,0.00000,0.00000,0.00000,-65.08621,0.00000,0.00000,30.00000,-92.52652,-0.11220,1.09609,6.50862,0.00000,0.00000,0.00000,0.00000,none
24.77500,-87.47348,-87.47348,0.00000,0.00000,0.00000,-65.08621,0.00000,0.00000,30.00000,-92.52652,-0.11220,1.09609,6.50862,0.00000,0.00000,0.00000,0.00000,none
24.77917,-87.47348,-87.47348,0.00000,0.00000,0.00000,-65.08621,0.00000,0.00000,30.00000,-92.52652,-0.11220,1.09609,6.50862,0.00000,0.00000,0.00000,0.00000,none
24.78333,-87.47348,-87.47348,0.00000,0.00000,0.00000,-65.08621,0.00000,0.00000,30.00000,-92.52652,-0.11220,1.09609,6.50862,0.00000,0.00000,0.00000,0.00000,none
24.78750,-87.47348,-87.47348,0.00000,0.00000,0.00000,-65.08621,0.00000,0.00000,30.00000,-92.52652,-0.11220,1.09609,6.50862,0.00000,0.00000,0.00000,0.00000,none
24.79167,-87.47348,-87.47348,0.00000,0.00000,0.00000,-65.08621,0.00000,0.00000,30.00000,-92.52652,-0.11220,1.09609,6.50862,0.00000,0.00000,0.00000,0.00000,none
24.79583,-87.47348,-87.47348,0.00000,0.00000,0.00000,-65.08621,0.00000,0.00000,30.00000,-92.52652,-0.11220,1.09609,6.50862,0.00000,0.00000,0.00000,0.00000,none
24.80000,-87.47348,-87.47348,0.00000,0.00000,0.00000,-65.08621,0.00000,0.00000,30.00000,-92.52652,-0.11220,1.09609,6.50862,0.00000,0.00000,0.00000,0.00000,none
24.80417,-87.47348,-87.47348,0.00000,0.00000,0.00000,-65.08621,0.00000,0.00000,30.00000,-92.52652,-0.11220,1.09609,6.50862,0.00000,0.00000,0.00000,0.00000,none
24.80833,-87.47348,-87.47348,0.00000,0.00000,0.00000,-65.08621,0.00000,0.00000,30.00000,-92.52652,-0.11220,1.09609,6.50862,0.00000,0.00000,0.00000,0.00000,none
24.81250,-87.47348,-87.47348,0.00000,0.00000,0.00000,-65.08621,0.00000,0.00000,30.00000,-92.52652,-0.11220,1.09609,6.50862,0.00000,0.00000,0.00000,0.00000,none
24.81667,-87.47348,-87.47348,0.00000,0.00000,0.00000,-65.08621,0.00000,0.00000,30.00000,-92.52652,-0.11220,1.09609,6.50862,0.00000,0.00000,0.00000,0.00000,none
24.82083,-87.47348,-87.47348,0.00000,0.00000,0.00000,-65.08621,0.00000,0.00000,30.00000,-92.52652,-0.11220,1.09609,6.50862,0.00000,0.00000,0.00000,0.00000,none
24.82500,-87.47348,-87.47348,0.00000,0.00000,0.00000,-65.08621,0.00000,0.00000,30.00000,-92.52652,-0.11220,1.09609,6.50862,0.00000,0.00000,0.00000,0.00000,none
24.82917,-87.47348,-87.47348,0.00000,0.00000,0.00000,-65.08621,0.00000,0.00000,30.00000,-92.52652,-0.11220,1.09609,6.50862,0.00000,0.00000,0.00000,0.00000,none
24.83333,-87.47348,-87.47348,0.00000,0.00000,0.00000,-65.08621,0.00000,0.00000,30.00000,-92.52652,-0.11220,1.09609,6.50862,0.00000,0.00000,0.00000,0.00000,none
24.83750,-87.47348,-87.47348,0.00000,0.00000,0.00000,-65.08621,0.00000,0.00000,30.00000,-92.52652,-0.11220,1.09609,6.50862,0.00000,0.00000,0.00000,0.00000,none
24.84167,-87.47348,-87.47348,0.00000,0.00000,0.00000,-65.08621,0.00000,0.00000,30.00000,-92.52652,-0.11220,1.09609,6.50862,0.00000,0.00000,0.00000,0.00000,none
24.84583,-87.47348,-87.47348,0.00000,0.00000,0.00000,-65.08621,0.00000,0.00000,30.00000,-92.52652,-0.11220,1.09609,6.50862,0.00000,0.00000,0.00000,0.00000,none
24.85000,-87.47348,-87.47348,0.00000,0.00000,0.00000,-65.08621,0.00000,0.00000,30.00000,-92.52652,-0.11220,1.09609,6.50862,0.00000,0.00000,0.00000,0.00000,none
24.85417,-87.47348,-87.47348,0.00000,0.00000,0.00000,-65.08621,0.00000,0.00000,30.00000,-92.52652,-0.11220,1.09609,6.50862,0.00000,0.00000,0.00000,0.00000,none
24.85833,-87.47348,-87.47348,0.00000,0.00000,0.00000,-65.08621,0.00000,0.00000,30.00000,-92.52652,-0.11220,1.09609,6.50862,0.00000,0.00000,0.00000,0.00000,none
24.86250,-87.47348,-87.47348,0.00000,0.00000,0.00000,-65.08621,0.00000,0.00000,30.00000,-92.52652,-0.11220,1.09609,6.50862,0.00000,0.00000,0.00000,0.00000,none
24.86667,-87.47348,-87.47348,0.00000,0.00000,0.00000,-65.08621,0.00000,0.00000,30.00000,-92.52652,-0.11220,1.09609,6.50862,0.00000,0.00000,0.00000,0.00000,none
24.87083,-87.47348,-87.47348,0.00000,0.00000,0.00000,-65.08621,0.00000,0.00000,30.00000,-92.52652,-0.11220,1.09609,6.50862,0.00000,0.00000,0.00000,0.00000,none
24.87500,-87.47348,-87.47348,0.00000,0.00000,0.00000,-65.08621,0.00000,0.00000,30.00000,-92.52652,-0.11220,1.09609,6.50862,0.00000,0.00000,0.00000,0.00000,none
24.87917,-87.47348,-87.47348,0.00000,0.00000,0.00000,-65.08621,0.00000,0.00000,30.00000,-92.52652,-0.11220,1.09609,6.50862,0.00000,0.00000,0.00000,0.00000,none
24.88333,-87.47348,-87.47348,0.00000,0.00000,0.00000,-65.08621,0.00000,0.00000,30.00000,-92.52652,-0.11220,1.09609,6.50862,0.00000,0.00000,0.00000,0.00000,none
24.88750,-87.47348,-87.47348,0.00000,0.00000,0.00000,-65.08621,0.00000,0.00000,30.00000,-92.52652,-0.11220,1.09609,6.50862,0.00000,0.00000,0.00000,0.00000,none
24.89167,-87.47348,-87.47348,0.00000,0.00000,0.00000,-65.08621,0.00000,0.00000,30.00000,-92.52652,-0.11220,1.09609,6.50862,0.00000,0.00000,0.00000,0.00000,none
24.89583,-87.47348,-87.47348,0.00000,0.00000,0.00000,-65.08621,0.00000,0.00000,30.00000,-92.52652,-0.11220,1.09609,6.50862,0.00000,0.00000,0.00000,0.00000,none
24.90000,-87.47348,-87.47348,0.00000,0.00000,0.00000,-65.08621,0.00000,0.00000,30.00000,-92.52652,-0.11220,1.09609,6.50862,0.00000,0.00000,0.00000,0.00000,none
24.90417,-87.47348,-87.47348,0.00000,0.00000,0.00000,-65.08621,0.00000,0.00000,30.00000,-92.52652,-0.11220,1.09609,6.50862,0.00000,0.00000,0.00000,0.00000,none
24.90833,-87.47348,-87.47348,0.00000,0.00000,0.00000,-65.08621,0.00000,0.00000,30.00000,-92.52652,-0.11220,1.09609,6.50862,0.00000,0.00000,0.00000,0.00000,none
24.91250,-87.47348,-87.47348,0.00000,0.00000,0.00000,-65.08621,0.00000,0.00000,30.00000,-92.52652,-0.11220,1.09609,6.50862,0.00000,0.00000,0.00000,0.00000,none
24.91667,-87.47348,-87.47348,0.00000,0.00000,0.00000,-65.08621,0.00000,0.00000,30.00000,-92.52652,-0.11220,1.09609,6.50862,0.00000,0.00000,0.00000,0.00000,none
24.92083,-87.47348,-87.47348,0.00000,0.00000,0.00000,-65.08621,0.00000,0.00000,30.00000,-92.52652,-0.11220,1.09609,6.50862,0.00000,0.00000,0.00000,0.00000,none
24.92500,-87.47348,-87.47348,0.00000,0.00000,0.00000,-65.08621,0.00000,0.00000,30.00000,-92.52652,-0.11220,1.09609,6.50862,0.00000,0.00000,0.00000,0.00000,none
24.92917,-87.47348,-87.47348,0.00000,0.00000,0.00000,-65.08621,0.00000,0.00000,30.00000,-92.52652,-0.11220,1.09609,6.50862,0.00000,0.00000,0.00000,0.00000,none
24.93333,-87.47348,-87.47348,0.00000,0.00000,0.00000,-65.08621,0.00000,0.00000,30.00000,-92.52652,-0.11220,1.09609,6.50862,0.00000,0.00000,0.00000,0.00000,none
24.93750,-87.47348,-87.47348,0.00000,0.00000,0.00000,-65.08621,0.00000,0.00000,30.00000,-92.52652,-0.11220,1.09609,6.50862,0.00000,0.00000,0.00000,0.00000,none
24.94167,-87.47348,-87.47348,0.00000,0.00000,0.00000,-65.08621,0.00000,0.00000,30.00000,-92.52652,-0.11220,1.09609,6.50862,0.00000,0.00000,0.00000,0.00000,none
24.94583,-87.47348,-87.47348,0.00000,0.00000,0.00000,-65.08621,0.00000,0.00000,30.00000,-92.52652,-0.11220,1.09609,6.50862,0.00000,0.00000,0.00000,0.00000,none
24.95000,-87.47348,-87.47348,0.00000,0.00000,0.00000,-65.08621,0.00000,0.00000,30.00000,-92.52652,-0.11220,1.09609,6.50862,0.00000,0.00000,0.00000,0.00000,none
24.95417,-87.47348,-87.47348,0.00000,0.00000,0.00000,-65.08621,0.00000,0.00000,30.00000,-92.52652,-0.11220,1.09609,6.50862,0.00000,0.00000,0.00000,0.00000,none
24.95833,-87.47348,-87.47348,0.00000,0.00000,0.00000,-65.08621,0.00000,0.00000,30.00000,-92.52652,-0.11220,1.09609,6.50862,0.00000,0.00000,0.00000,0.00000,none
24.96250,-87.47348,-87.47348,0.00000,0.00000,0.00000,-65.08621,0.00000,0.00000,30.00000,-92.52652,-0.11220,1.09609,6.50862,0.00000,0.00000,0.00000,0.00000,none
24.96667,-87.47348,-87.47348,0.00000,0.00000,0.00000,-65.08621,0.00000,0.00000,30.00000,-92.52652,-0.11220,1.09609,6.50862,0.00000,0.00000,0.00000,0.00000,none
24.97083,-87.47348,-87.47348,0.00000,0.00000,0.00000,-65.08621,0.00000,0.00000,30.00000,-92.52652,-0.11220,1.09609,6.50862,0.00000,0.00000,0.00000,0.00000,none
24.97500,-87.47348,-87.47348,0.00000,0.00000,0.00000,-65.08621,0.00000,0.00000,30.00000,-92.52652,-0.11220,1.09609,6.50862,0.00000,0.00000,0.00000,0.00000,none
24.97917,-87.47348,-87.47348,0.00000,0.00000,0.00000,-65.08621,0.00000,0.00000,30.00000,-92.52652,-0.11220,1.09609,6.50862,0.00000,0.00000,0.00000,0.00000,none
24.98333,-87.47348,-87.47348,0.00000,0.00000,0.00000,-65.08621,0.00000,0.00000,30.00000,-92.52652,-0.11220,1.09609,6.50862,0.00000,0.00000,0.00000,0.00000,none
24.98750,-87.47348,-87.47348,0.00000,0.00000,0.00000,-65.08621,0.00000,0.00000,30.00000,-92.52652,-0.11220,1.09609,6.50862,0.00000,0.00000,0.00000,0.00000,none
24.99167,-87.47348,-87.47348,0.00000,0.00000,0.00000,-65.08621,0.00000,0.00000,30.00000,-92.52652,-0.11220,1.09609,6.50862,0.00000,0.00000,0.00000,0.00000,none
24.99583,-87.47348,-87.47348,0.00000,0.00000,0.00000,-65.08621,0.00000,0.00000,30.00000,-92.52652,-0.11220,1.09609,6.50862,0.00000,0.00000,0.00000,0.00000,none
25.00000,-87.47348,-87.47348,0.00000,0.00000,0.00000,-65.08621,0.00000,0.00000,30.00000,-92.52652,-0.11220,1.09609,6.50862,0.00000,0.00000,0.00000,0.00000,none