t,TWA,AWA,u,v,r,phi,p,delta,deltaMax,alpha,CL,CD,amaLoad,brailLee,brailWind,crewPos,crewPosX,shuntPhase
0.00000,,,1.00000,0.00000,0.00000,0.00000,0.00000,0.00000,,,,,0.00000,,,,,none
0.00417,89.99995,82.85127,1.00189,-0.01168,0.00038,0.00035,0.17001,0.37500,60.00000,97.52373,0.34992,1.08779,0.00003,0.00000,0.00000,0.00000,0.00000,none
0.00833,89.99982,82.82616,1.00397,-0.02325,0.00074,0.00142,0.33928,0.75000,60.00000,97.92384,0.36945,1.08694,0.00012,0.00000,0.00000,0.00000,0.00000,none
0.01250,89.99961,82.79968,1.00624,-0.03469,0.00108,0.00318,0.50779,1.12500,60.00000,98.32532,0.38920,1.08609,0.00027,0.00000,0.00000,0.00000,0.00000,none
0.01667,89.99931,82.77184,1.00870,-0.04600,0.00140,0.00565,0.67555,1.50000,60.00000,98.72816,0.40906,1.08522,0.00047,0.00000,0.00000,0.00000,0.00000,none
0.02083,89.99894,82.74264,1.01134,-0.05719,0.00170,0.00881,0.84256,1.87500,60.00000,99.13236,0.42899,1.08434,0.00073,0.00000,0.00000,0.00000,0.00000,none
0.02500,89.99850,82.71211,1.01417,-0.06823,0.00199,0.01267,1.00883,2.25000,60.00000,99.53789,0.44898,1.08343,0.00106,0.00000,0.00000,0.00000,0.00000,none
0.02917,89.99799,82.68024,1.01718,-0.07913,0.00226,0.01722,1.17434,2.62500,60.00000,99.94476,0.46904,1.08251,0.00143,0.00000,0.00000,0.00000,0.00000,none
0.03333,89.99742,82.64703,1.02038,-0.08987,0.00252,0.02245,1.33910,3.00000,60.00000,100.35297,0.48917,1.08158,0.00187,0.00000,0.00000,0.00000,0.00000,none
0.03750,89.99679,82.61250,1.02377,-0.10046,0.00276,0.02837,1.50312,3.37500,60.00000,100.76250,0.50936,1.08064,0.00236,0.00000,0.00000,0.00000,0.00000,none
0.04167,89.99610,82.57663,1.02734,-0.11089,0.00298,0.03498,1.66640,3.75000,60.00000,101.17337,0.52961,1.07969,0.00291,0.00000,0.00000,0.00000,0.00000,none
0.04583,89.99536,82.53942,1.03111,-0.12115,0.00319,0.04226,1.82893,4.12500,60.00000,101.58558,0.54994,1.07874,0.00352,0.00000,0.00000,0.00000,0.00000,none
0.05000,89.99458,82.50085,1.03506,-0.13125,0.00339,0.05022,1.99073,4.50000,60.00000,101.99915,0.57032,1.07778,0.00418,0.00000,0.00000,0.00000,0.00000,none
0.05417,89.99375,82.46092,1.03922,-0.14117,0.00357,0.05885,2.15180,4.87500,60.00000,102.41408,0.59051,1.07676,0.00490,0.00000,0.00000,0.00000,0.00000,none
0.05833,89.99288,82.41962,1.04356,-0.15091,0.00373,0.06815,2.31212,5.25000,60.00000,102.83038,0.61076,1.07574,0.00568,0.00000,0.00000,0.00000,0.00000,none
0.06250,89.99197,82.37697,1.04810,-0.16046,0.00388,0.07812,2.47172,5.62500,60.00000,103.24803,0.63108,1.07471,0.00651,0.00000,0.00000,0.00000,0.00000,none
0.06667,89.99102,82.33303,1.05283,-0.16983,0.00402,0.08875,2.63059,6.00000,60.00000,103.66697,0.65146,1.07370,0.00740,0.00000,0.00000,0.00000,0.00000,none
0.07083,89.99005,82.28783,1.05774,-0.17902,0.00415,0.10004,2.78874,6.37500,60.00000,104.08717,0.67181,1.07266,0.00834,0.00000,0.00000,0.00000,0.00000,none
0.07500,89.98904,82.24138,1.06283,-0.18801,0.00427,0.11198,2.94617,6.75000,60.00000,104.50862,0.69184,1.07153,0.00933,0.00000,0.00000,0.00000,0.00000,none
0.07917,89.98801,82.19372,1.06810,-0.19680,0.00437,0.12459,3.10288,7.12500,60.00000,104.93128,0.71193,1.07040,0.01038,0.00000,0.00000,0.00000,0.00000,none
0.08333,89.98696,82.14484,1.07355,-0.20540,0.00446,0.13784,3.25887,7.50000,60.00000,105.35516,0.73208,1.06929,0.01149,0.00000,0.00000,0.00000,0.00000,none
0.08750,89.98588,82.09475,1.07918,-0.21380,0.00454,0.15174,3.41414,7.87500,60.00000,105.78025,0.75229,1.06819,0.01265,0.00000,0.00000,0.00000,0.00000,none
0.09167,89.98479,82.04347,1.08499,-0.22200,0.00462,0.16629,3.56872,8.25000,60.00000,106.20653,0.77219,1.06699,0.01386,0.00000,0.00000,0.00000,0.00000,none
0.09583,89.98368,81.99102,1.09097,-0.23000,0.00468,0.18148,3.72259,8.62500,60.00000,106.63398,0.79175,1.06567,0.01512,0.00000,0.00000,0.00000,0.00000,none
0.10000,89.98256,81.93743,1.09712,-0.23780,0.00473,0.19731,3.87573,9.00000,60.00000,107.06257,0.81136,1.06438,0.01644,0.00000,0.00000,0.00000,0.00000,none
0.10417,89.98142,81.88271,1.10344,-0.24540,0.00478,0.21378,4.02815,9.37500,60.00000,107.49229,0.83103,1.06310,0.01781,0.00000,0.00000,0.00000,0.00000,none
0.10833,89.98028,81.82694,1.10992,-0.25279,0.00481,0.23088,4.17988,9.75000,60.00000,107.92306,0.85075,1.06185,0.01924,0.00000,0.00000,0.00000,0.00000,none
0.11250,89.97912,81.77019,1.11655,-0.25999,0.00484,0.24861,4.33091,10.12500,60.00000,108.35481,0.86969,1.06032,0.02072,0.00000,0.00000,0.00000,0.00000,none
0.11667,89.97796,81.71256,1.12332,-0.26698,0.00487,0.26697,4.48121,10.50000,60.00000,108.78744,0.88851,1.05874,0.02225,0.00000,0.00000,0.00000,0.00000,none
0.12083,89.97680,81.65404,1.13023,-0.27377,0.00488,0.28595,4.63077,10.87500,60.00000,109.22096,0.90736,1.05719,0.02383,0.00000,0.00000,0.00000,0.00000,none
0.12500,89.97563,81.59467,1.13727,-0.28036,0.00490,0.30556,4.77960,11.25000,60.00000,109.65533,0.92625,1.05567,0.02546,0.00000,0.00000,0.00000,0.00000,none
0.12917,89.97446,81.53443,1.14445,-0.28676,0.00490,0.32578,4.92773,11.62500,60.00000,110.09057,0.94492,1.05408,0.02715,0.00000,0.00000,0.00000,0.00000,none
0.13333,89.97329,81.47338,1.15176,-0.29296,0.00491,0.34662,5.07514,12.00000,60.00000,110.52662,0.96268,1.05212,0.02889,0.00000,0.00000,0.00000,0.00000,none
0.13750,89.97212,81.41157,1.15919,-0.29896,0.00491,0.36807,5.22177,12.37500,60.00000,110.96343,0.98048,1.05019,0.03067,0.00000,0.00000,0.00000,0.00000,none
0.14167,89.97095,81.34900,1.16674,-0.30478,0.00490,0.39013,5.36764,12.75000,60.00000,111.40100,0.99830,1.04829,0.03251,0.00000,0.00000,0.00000,0.00000,none
0.14583,89.96978,81.28568,1.17442,-0.31040,0.00490,0.41280,5.51276,13.12500,60.00000,111.83932,1.01616,1.04642,0.03440,0.00000,0.00000,0.00000,0.00000,none
0.15000,89.96861,81.22161,1.18222,-0.31584,0.00489,0.43607,5.65714,13.50000,60.00000,112.27839,1.03314,1.04419,0.03634,0.00000,0.00000,0.00000,0.00000,none
0.15417,89.96744,81.15685,1.19013,-0.32109,0.00488,0.45994,5.80073,13.87500,60.00000,112.71815,1.04962,1.04175,0.03833,0.00000,0.00000,0.00000,0.00000,none
0.15833,89.96628,81.09144,1.19816,-0.32615,0.00487,0.48441,5.94348,14.25000,60.00000,113.15856,1.06613,1.03934,0.04037,0.00000,0.00000,0.00000,0.00000,none
0.16250,89.96511,81.02537,1.20629,-0.33104,0.00486,0.50947,6.08543,14.62500,60.00000,113.59963,1.08266,1.03696,0.04246,0.00000,0.00000,0.00000,0.00000,none
0.16667,89.96395,80.95862,1.21454,-0.33575,0.00485,0.53512,6.22658,15.00000,60.00000,114.04138,1.09906,1.03455,0.04459,0.00000,0.00000,0.00000,0.00000,none
0.17083,89.96280,80.89122,1.22290,-0.34029,0.00484,0.56136,6.36692,15.37500,60.00000,114.48378,1.11399,1.03145,0.04678,0.00000,0.00000,0.00000,0.00000,none
0.17500,89.96164,80.82325,1.23135,-0.34465,0.00483,0.58818,6.50635,15.75000,60.00000,114.92675,1.12893,1.02839,0.04901,0.00000,0.00000,0.00000,0.00000,none
0.17917,89.96049,80.75470,1.23991,-0.34884,0.00482,0.61558,6.64488,16.12500,60.00000,115.37030,1.14389,1.02535,0.05130,0.00000,0.00000,0.00000,0.00000,none
0.18333,89.95934,80.68556,1.24857,-0.35287,0.00482,0.64355,6.78252,16.50000,60.00000,115.81444,1.15887,1.02235,0.05363,0.00000,0.00000,0.00000,0.00000,none
0.18750,89.95819,80.61581,1.25733,-0.35674,0.00482,0.67210,6.91929,16.87500,60.00000,116.25919,1.17282,1.01887,0.05601,0.00000,0.00000,0.00000,0.00000,none
0.19167,89.95704,80.54552,1.26618,-0.36045,0.00482,0.70121,7.05510,17.25000,60.00000,116.70448,1.18603,1.01503,0.05843,0.00000,0.00000,0.00000,0.00000,none
0.19583,89.95589,80.47474,1.27513,-0.36400,0.00482,0.73089,7.18989,17.62500,60.00000,117.15026,1.19926,1.01123,0.06091,0.00000,0.00000,0.00000,0.00000,none
0.20000,89.95474,80.40343,1.28417,-0.36740,0.00482,0.76112,7.32369,18.00000,60.00000,117.59657,1.21250,1.00746,0.06343,0.00000,0.00000,0.00000,0.00000,none
0.20417,89.95359,80.33158,1.29330,-0.37064,0.00483,0.79192,7.45651,18.37500,60.00000,118.04342,1.22556,1.00363,0.06599,0.00000,0.00000,0.00000,0.00000,none
0.20833,89.95243,80.25920,1.30253,-0.37375,0.00484,0.82326,7.58833,18.75000,60.00000,118.49080,1.23685,0.99889,0.06861,0.00000,0.00000,0.00000,0.00000,none
0.21250,89.95127,80.18639,1.31183,-0.37670,0.00486,0.85515,7.71901,19.12500,60.00000,118.93861,1.24815,0.99419,0.07126,0.00000,0.00000,0.00000,0.00000,none
0.21667,89.95011,80.11314,1.32122,-0.37951,0.00488,0.88758,7.84856,19.50000,60.00000,119.38686,1.25946,0.98953,0.07397,0.00000,0.00000,0.00000,0.00000,none
0.22083,89.94894,80.03941,1.33070,-0.38218,0.00490,0.92055,7.97700,19.87500,60.00000,119.83559,1.27078,0.98490,0.07671,0.00000,0.00000,0.00000,0.00000,none
0.22500,89.94777,79.96521,1.34025,-0.38472,0.00493,0.95406,8.10434,20.25000,60.00000,120.28479,1.28077,0.97958,0.07950,0.00000,0.00000,0.00000,0.00000,none
0.22917,89.94659,79.89061,1.34989,-0.38712,0.00497,0.98809,8.23045,20.62500,60.00000,120.73439,1.28998,0.97387,0.08234,0.00000,0.00000,0.00000,0.00000,none
0.23333,89.94540,79.81563,1.35960,-0.38938,0.00500,1.02264,8.35527,21.00000,60.00000,121.18437,1.29919,0.96820,0.08522,0.00000,0.00000,0.00000,0.00000,none
0.23750,89.94420,79.74028,1.36938,-0.39152,0.00505,1.05771,8.47882,21.37500,60.00000,121.63472,1.30842,0.96258,0.08814,0.00000,0.00000,0.00000,0.00000,none
0.24167,89.94299,79.66451,1.37924,-0.39353,0.00509,1.09330,8.60113,21.75000,60.00000,122.08549,1.31723,0.95676,0.09111,0.00000,0.00000,0.00000,0.00000,none
0.24583,89.94176,79.58837,1.38916,-0.39542,0.00514,1.12939,8.72214,22.12500,60.00000,122.53663,1.32423,0.94996,0.09412,0.00000,0.00000,0.00000,0.00000,none
0.25000,89.94053,79.51194,1.39916,-0.39719,0.00520,1.16598,8.84169,22.50000,60.00000,122.98806,1.33123,0.94321,0.09716,0.00000,0.00000,0.00000,0.00000,none
0.25417,89.93928,79.43521,1.40921,-0.39882,0.00526,1.20307,8.95981,22.87500,60.00000,123.43979,1.33824,0.93651,0.10026,0.00000,0.00000,0.00000,0.00000,none
0.25833,89.93802,79.35817,1.41933,-0.40035,0.00532,1.24064,9.07651,23.25000,60.00000,123.89183,1.34525,0.92987,0.10339,0.00000,0.00000,0.00000,0.00000,none
0.26250,89.93674,79.28078,1.42951,-0.40176,0.00539,1.27870,9.19180,23.62500,60.00000,124.34422,1.35051,0.92226,0.10656,0.00000,0.00000,0.00000,0.00000,none
0.26667,89.93544,79.20319,1.43974,-0.40305,0.00546,1.31724,9.30550,24.00000,60.00000,124.79681,1.35521,0.91438,0.10977,0.00000,0.00000,0.00000,0.00000,none
0.27083,89.93413,79.12539,1.45003,-0.40423,0.00554,1.35624,9.41758,24.37500,60.00000,125.24961,1.35991,0.90657,0.11302,0.00000,0.00000,0.00000,0.00000,none
0.27500,89.93280,79.04737,1.46036,-0.40529,0.00562,1.39571,9.52806,24.75000,60.00000,125.70263,1.36461,0.89881,0.11631,0.00000,0.00000,0.00000,0.00000,none
0.27917,89.93145,78.96912,1.47075,-0.40625,0.00570,1.43564,9.63696,25.12500,60.00000,126.15588,1.36850,0.89065,0.11964,0.00000,0.00000,0.00000,0.00000,none
0.28333,89.93008,78.89068,1.48118,-0.40711,0.00578,1.47602,9.74418,25.50000,60.00000,126.60932,1.37083,0.88163,0.12300,0.00000,0.00000,0.00000,0.00000,none
0.28750,89.92869,78.81216,1.49165,-0.40785,0.00587,1.51684,9.84960,25.87500,60.00000,127.06284,1.37316,0.87269,0.12640,0.00000,0.00000,0.00000,0.00000,none
0.29167,89.92727,78.73351,1.50216,-0.40848,0.00596,1.55810,9.95323,26.25000,60.00000,127.51649,1.37548,0.86383,0.12984,0.00000,0.00000,0.00000,0.00000,none
0.29583,89.92584,78.65475,1.51271,-0.40901,0.00606,1.59978,10.05509,26.62500,60.00000,127.97025,1.37781,0.85504,0.13332,0.00000,0.00000,0.00000,0.00000,none
0.30000,89.92438,78.57584,1.52329,-0.40945,0.00616,1.64189,10.15519,27.00000,60.00000,128.42416,1.37806,0.84510,0.13682,0.00000,0.00000,0.00000,0.00000,none
0.30417,89.92290,78.49695,1.53390,-0.40978,0.00625,1.68440,10.25332,27.37500,60.00000,128.87805,1.37816,0.83517,0.14037,0.00000,0.00000,0.00000,0.00000,none
0.30833,89.92140,78.41805,1.54453,-0.41001,0.00635,1.72733,10.34950,27.75000,60.00000,129.33195,1.37826,0.82533,0.14394,0.00000,0.00000,0.00000,0.00000,none
0.31250,89.91987,78.33913,1.55519,-0.41015,0.00645,1.77065,10.44373,28.12500,60.00000,129.78587,1.37835,0.81558,0.14755,0.00000,0.00000,0.00000,0.00000,none
0.31667,89.91831,78.26017,1.56587,-0.41019,0.00656,1.81435,10.53605,28.50000,60.00000,130.23983,1.37755,0.80540,0.15120,0.00000,0.00000,0.00000,0.00000,none
0.32083,89.91674,78.18126,1.57657,-0.41014,0.00666,1.85844,10.62636,28.87500,60.00000,130.69374,1.37594,0.79485,0.15487,0.00000,0.00000,0.00000,0.00000,none
0.32500,89.91513,78.10241,1.58728,-0.41000,0.00677,1.90290,10.71461,29.25000,60.00000,131.14759,1.37433,0.78441,0.15858,0.00000,0.00000,0.00000,0.00000,none
0.32917,89.91350,78.02363,1.59800,-0.40976,0.00687,1.94773,10.80081,29.62500,60.00000,131.60137,1.37272,0.77408,0.16231,0.00000,0.00000,0.00000,0.00000,none
0.33333,89.91185,77.94490,1.60874,-0.40945,0.00698,1.99291,10.88499,30.00000,60.00000,132.05510,1.37092,0.76375,0.16608,0.00000,0.00000,0.00000,0.00000,none
0.33750,89.91017,77.86623,1.61949,-0.40905,0.00708,2.03843,10.96714,30.37500,60.00000,132.50877,1.36776,0.75274,0.16987,0.00000,0.00000,0.00000,0.00000,none
0.34167,89.90847,77.78771,1.63025,-0.40857,0.00719,2.08430,11.04715,30.75000,60.00000,132.96229,1.36460,0.74186,0.17369,0.00000,0.00000,0.00000,0.00000,none
0.34583,89.90674,77.70933,1.64100,-0.40801,0.00730,2.13049,11.12502,31.12500,60.00000,133.41567,1.36144,0.73111,0.17754,0.00000,0.00000,0.00000,0.00000,none
0.35000,89.90499,77.63108,1.65176,-0.40737,0.00740,2.17700,11.20080,31.50000,60.00000,133.86892,1.35828,0.72049,0.18142,0.00000,0.00000,0.00000,0.00000,none
0.35417,89.90321,77.55296,1.66252,-0.40665,0.00751,2.22382,11.27450,31.87500,60.00000,134.32204,1.35402,0.70937,0.18532,0.00000,0.00000,0.00000,0.00000,none
0.35833,89.90140,77.47504,1.67328,-0.40587,0.00761,2.27095,11.34601,32.25000,60.00000,134.77496,1.34932,0.69812,0.18925,0.00000,0.00000,0.00000,0.00000,none
0.36250,89.89957,77.39735,1.68403,-0.40500,0.00771,2.31837,11.41532,32.62500,60.00000,135.22765,1.34462,0.68703,0.19320,0.00000,0.00000,0.00000,0.00000,none
0.36667,89.89772,77.31988,1.69476,-0.40407,0.00782,2.36607,11.48245,33.00000,60.00000,135.68012,1.33992,0.67608,0.19717,0.00000,0.00000,0.00000,0.00000,none
0.37083,89.89584,77.24262,1.70549,-0.40307,0.00792,2.41405,11.54744,33.37500,60.00000,136.13238,1.33480,0.66504,0.20117,0.00000,0.00000,0.00000,0.00000,none
0.37500,89.89394,77.16561,1.71621,-0.40201,0.00801,2.46230,11.61024,33.75000,60.00000,136.58439,1.32867,0.65357,0.20519,0.00000,0.00000,0.00000,0.00000,none
0.37917,89.89202,77.08891,1.72690,-0.40087,0.00811,2.51080,11.67078,34.12500,60.00000,137.03609,1.32254,0.64226,0.20923,0.00000,0.00000,0.00000,0.00000,none
0.38333,89.89007,77.01252,1.73757,-0.39968,0.00820,2.55955,11.72909,34.50000,60.00000,137.48748,1.31642,0.63112,0.21330,0.00000,0.00000,0.00000,0.00000,none
0.38750,89.88810,76.93643,1.74822,-0.39842,0.00829,2.60854,11.78520,34.87500,60.00000,137.93857,1.31030,0.62014,0.21738,0.00000,0.00000,0.00000,0.00000,none
0.39167,89.88611,76.86065,1.75885,-0.39710,0.00838,2.65776,11.83913,35.25000,60.00000,138.38935,1.30294,0.60863,0.22148,0.00000,0.00000,0.00000,0.00000,none
0.39583,89.88410,76.78526,1.76944,-0.39573,0.00847,2.70719,11.89075,35.62500,60.00000,138.83974,1.29539,0.59718,0.22560,0.00000,0.00000,0.00000,0.00000,none
0.40000,89.88207,76.71027,1.78000,-0.39429,0.00855,2.75684,11.94010,36.00000,60.00000,139.28973,1.28784,0.58592,0.22974,0.00000,0.00000,0.00000,0.00000,none
0.40417,89.88002,76.63568,1.79053,-0.39279,0.00863,2.80669,11.98720,36.37500,60.00000,139.73932,1.28030,0.57483,0.23389,0.00000,0.00000,0.00000,0.00000,none
0.40833,89.87795,76.56150,1.80102,-0.39125,0.00871,2.85673,12.03207,36.75000,60.00000,140.18850,1.27222,0.56362,0.23806,0.00000,0.00000,0.00000,0.00000,none
0.41250,89.87586,76.48789,1.81145,-0.38965,0.00878,2.90695,12.07468,37.12500,60.00000,140.63711,1.26337,0.55217,0.24225,0.00000,0.00000,0.00000,0.00000,none
0.41667,89.87376,76.41490,1.82181,-0.38799,0.00884,2.95735,12.11497,37.50000,60.00000,141.08510,1.25454,0.54093,0.24645,0.00000,0.00000,0.00000,0.00000,none
0.42083,89.87164,76.34252,1.83211,-0.38628,0.00891,3.00791,12.15299,37.87500,60.00000,141.53248,1.24572,0.52987,0.25066,0.00000,0.00000,0.00000,0.00000,none
0.42500,89.86950,76.27074,1.84235,-0.38453,0.00896,3.05862,12.18875,38.25000,60.00000,141.97926,1.23691,0.51901,0.25489,0.00000,0.00000,0.00000,0.00000,none
0.42917,89.86736,76.19958,1.85252,-0.38273,0.00902,3.10948,12.22229,38.62500,60.00000,142.42542,1.22690,0.50770,0.25912,0.00000,0.00000,0.00000,0.00000,none
0.43333,89.86520,76.12910,1.86261,-0.38088,0.00907,3.16047,12.25350,39.00000,60.00000,142.87090,1.21685,0.49657,0.26337,0.00000,0.00000,0.00000,0.00000,none
0.43750,89.86303,76.05931,1.87263,-0.37898,0.00911,3.21159,12.28242,39.37500,60.00000,143.31569,1.20681,0.48564,0.26763,0.00000,0.00000,0.00000,0.00000,none
0.44167,89.86085,75.99020,1.88257,-0.37703,0.00915,3.26282,12.30906,39.75000,60.00000,143.75980,1.19679,0.47491,0.27190,0.00000,0.00000,0.00000,0.00000,none
0.44583,89.85866,75.92176,1.89244,-0.37505,0.00919,3.31416,12.33348,40.12500,60.00000,144.20324,1.18626,0.46412,0.27618,0.00000,0.00000,0.00000,0.00000,none
0.45000,89.85646,75.85405,1.90222,-0.37302,0.00922,3.36559,12.35562,40.50000,60.00000,144.64595,1.17512,0.45322,0.28047,0.00000,0.00000,0.00000,0.00000,none
0.45417,89.85426,75.78709,1.91192,-0.37095,0.00924,3.41712,12.37547,40.87500,60.00000,145.08791,1.16401,0.44253,0.28476,0.00000,0.00000,0.00000,0.00000,none
0.45833,89.85205,75.72087,1.92153,-0.36884,0.00926,3.46872,12.39306,41.25000,60.00000,145.52913,1.15291,0.43205,0.28906,0.00000,0.00000,0.00000,0.00000,none
0.46250,89.84984,75.65540,1.93106,-0.36669,0.00927,3.52039,12.40842,41.62500,60.00000,145.96960,1.14183,0.42178,0.29337,0.00000,0.00000,0.00000,0.00000,none
0.46667,89.84763,75.59067,1.94050,-0.36450,0.00928,3.57212,12.42157,42.00000,60.00000,146.40933,1.12980,0.41125,0.29768,0.00000,0.00000,0.00000,0.00000,none
0.47083,89.84541,75.52676,1.94985,-0.36228,0.00928,3.62390,12.43246,42.37500,60.00000,146.84824,1.11771,0.40089,0.30199,0.00000,0.00000,0.00000,0.00000,none
0.47500,89.84320,75.46365,1.95910,-0.36002,0.00927,3.67572,12.44110,42.75000,60.00000,147.28635,1.10565,0.39076,0.30631,0.00000,0.00000,0.00000,0.00000,none
0.47917,89.84099,75.40135,1.96826,-0.35772,0.00926,3.72757,12.44753,43.12500,60.00000,147.72365,1.09361,0.38083,0.31063,0.00000,0.00000,0.00000,0.00000,none
0.48333,89.83878,75.33985,1.97732,-0.35540,0.00925,3.77944,12.45178,43.50000,60.00000,148.16015,1.08124,0.37095,0.31495,0.00000,0.00000,0.00000,0.00000,none
0.48750,89.83657,75.27919,1.98629,-0.35304,0.00923,3.83133,12.45385,43.87500,60.00000,148.59581,1.06829,0.36101,0.31928,0.00000,0.00000,0.00000,0.00000,none
0.49167,89.83437,75.21938,1.99514,-0.35065,0.00920,3.88322,12.45370,44.25000,60.00000,149.03062,1.05537,0.35129,0.32360,0.00000,0.00000,0.00000,0.00000,none
0.49583,89.83218,75.16044,2.00390,-0.34822,0.00916,3.93511,12.45138,44.62500,60.00000,149.46456,1.04248,0.34179,0.32793,0.00000,0.00000,0.00000,0.00000,none
0.50000,89.83000,75.10236,2.01255,-0.34577,0.00912,3.98698,12.44691,45.00000,60.00000,149.89764,1.02961,0.33249,0.33225,0.00000,0.00000,0.00000,0.00000,none
0.50417,89.82783,75.04513,2.02110,-0.34329,0.00908,4.03883,12.44034,45.37500,60.00000,150.32987,1.01614,0.32314,0.33657,0.00000,0.00000,0.00000,0.00000,none
0.50833,89.82567,74.98881,2.02953,-0.34079,0.00903,4.09064,12.43162,45.75000,60.00000,150.76119,1.00250,0.31391,0.34089,0.00000,0.00000,0.00000,0.00000,none
0.51250,89.82352,74.93340,2.03786,-0.33825,0.00897,4.14242,12.42077,46.12500,60.00000,151.19160,0.98889,0.30491,0.34520,0.00000,0.00000,0.00000,0.00000,none
0.51667,89.82138,74.87889,2.04607,-0.33569,0.00891,4.19414,12.40783,46.50000,60.00000,151.62111,0.97531,0.29611,0.34951,0.00000,0.00000,0.00000,0.00000,none
0.52083,89.81927,74.82529,2.05417,-0.33311,0.00884,4.24581,12.39282,46.87500,60.00000,152.04971,0.96168,0.28750,0.35382,0.00000,0.00000,0.00000,0.00000,none
0.52500,89.81716,74.77259,2.06215,-0.33051,0.00876,4.29741,12.37578,47.25000,60.00000,152.47741,0.94746,0.27883,0.35812,0.00000,0.00000,0.00000,0.00000,none
0.52917,89.81508,74.72085,2.07002,-0.32788,0.00868,4.34894,12.35668,47.62500,60.00000,152.90415,0.93327,0.27039,0.36241,0.00000,0.00000,0.00000,0.00000,none
0.53333,89.81302,74.67006,2.07777,-0.32523,0.00860,4.40038,12.33555,48.00000,60.00000,153.32994,0.91911,0.26215,0.36670,0.00000,0.00000,0.00000,0.00000,none
0.53750,89.81098,74.62020,2.08540,-0.32256,0.00850,4.45173,12.31242,48.37500,60.00000,153.75480,0.90499,0.25412,0.37098,0.00000,0.00000,0.00000,0.00000,none
0.54167,89.80896,74.57130,2.09291,-0.31988,0.00841,4.50298,12.28732,48.75000,60.00000,154.17870,0.89065,0.24620,0.37525,0.00000,0.00000,0.00000,0.00000,none
0.54583,89.80697,74.52335,2.10030,-0.31717,0.00830,4.55412,12.26027,49.12500,60.00000,154.60165,0.87601,0.23836,0.37951,0.00000,0.00000,0.00000,0.00000,none
0.55000,89.80500,74.47638,2.10757,-0.31445,0.00819,4.60515,12.23127,49.50000,60.00000,155.02362,0.86140,0.23073,0.38376,0.00000,0.00000,0.00000,0.00000,none
0.55417,89.80306,74.43038,2.11471,-0.31170,0.00808,4.65605,12.20035,49.87500,60.00000,155.44462,0.84683,0.22329,0.38800,0.00000,0.00000,0.00000,0.00000,none
0.55833,89.80114,74.38536,2.12172,-0.30895,0.00796,4.70681,12.16754,50.25000,60.00000,155.86464,0.83229,0.21606,0.39223,0.00000,0.00000,0.00000,0.00000,none
0.56250,89.79926,74.34132,2.12861,-0.30618,0.00783,4.75744,12.13287,50.62500,60.00000,156.28368,0.81749,0.20892,0.39645,0.00000,0.00000,0.00000,0.00000,none
0.56667,89.79740,74.29831,2.13536,-0.30339,0.00771,4.80792,12.09635,51.00000,60.00000,156.70169,0.80260,0.20193,0.40066,0.00000,0.00000,0.00000,0.00000,none
0.57083,89.79558,74.25638,2.14197,-0.30060,0.00757,4.85824,12.05800,51.37500,60.00000,157.11862,0.78774,0.19514,0.40485,0.00000,0.00000,0.00000,0.00000,none
0.57500,89.79379,74.21552,2.14845,-0.29779,0.00743,4.90840,12.01786,51.75000,60.00000,157.53448,0.77292,0.18854,0.40903,0.00000,0.00000,0.00000,0.00000,none
0.57917,89.79203,74.17573,2.15478,-0.29497,0.00729,4.95838,11.97594,52.12500,60.00000,157.94927,0.75814,0.18213,0.41320,0.00000,0.00000,0.00000,0.00000,none
0.58333,89.79031,74.13699,2.16097,-0.29214,0.00714,5.00819,11.93229,52.50000,60.00000,158.36301,0.74310,0.17582,0.41735,0.00000,0.00000,0.00000,0.00000,none
0.58750,89.78863,74.09934,2.16702,-0.28930,0.00698,5.05782,11.88691,52.87500,60.00000,158.77566,0.72806,0.16967,0.42148,0.00000,0.00000,0.00000,0.00000,none
0.59167,89.78698,74.06275,2.17293,-0.28645,0.00682,5.10725,11.83982,53.25000,60.00000,159.18725,0.71306,0.16371,0.42560,0.00000,0.00000,0.00000,0.00000,none
0.59583,89.78537,74.02723,2.17869,-0.28360,0.00666,5.15648,11.79106,53.62500,60.00000,159.59777,0.69809,0.15793,0.42971,0.00000,0.00000,0.00000,0.00000,none
0.60000,89.78380,73.99277,2.18431,-0.28073,0.00649,5.20550,11.74066,54.00000,60.00000,160.00723,0.68317,0.15233,0.43379,0.00000,0.00000,0.00000,0.00000,none
0.60417,89.78227,73.95937,2.18980,-0.27787,0.00632,5.25431,11.68864,54.37500,60.00000,160.41563,0.66810,0.14685,0.43786,0.00000,0.00000,0.00000,0.00000,none
0.60833,89.78078,73.92702,2.19514,-0.27499,0.00615,5.30291,11.63503,54.75000,60.00000,160.82298,0.65307,0.14154,0.44191,0.00000,0.00000,0.00000,0.00000,none
0.61250,89.77934,73.89574,2.20033,-0.27212,0.00597,5.35127,11.57985,55.12500,60.00000,161.22926,0.63807,0.13640,0.44594,0.00000,0.00000,0.00000,0.00000,none
0.61667,89.77793,73.86550,2.20539,-0.26924,0.00578,5.39940,11.52313,55.50000,60.00000,161.63450,0.62312,0.13143,0.44995,0.00000,0.00000,0.00000,0.00000,none
0.62083,89.77658,73.83631,2.21031,-0.26635,0.00560,5.44729,11.46489,55.87500,60.00000,162.03869,0.60820,0.12662,0.45394,0.00000,0.00000,0.00000,0.00000,none
0.62500,89.77526,73.80816,2.21508,-0.26347,0.00541,5.49494,11.40518,56.25000,60.00000,162.44184,0.59325,0.12195,0.45791,0.00000,0.00000,0.00000,0.00000,none
0.62917,89.77399,73.78105,2.21971,-0.26058,0.00521,5.54233,11.34401,56.62500,60.00000,162.84395,0.57834,0.11744,0.46186,0.00000,0.00000,0.00000,0.00000,none
0.63333,89.77277,73.75498,2.22420,-0.25769,0.00502,5.58947,11.28141,57.00000,60.00000,163.24502,0.56346,0.11308,0.46579,0.00000,0.00000,0.00000,0.00000,none
0.63750,89.77160,73.72994,2.22855,-0.25480,0.00482,5.63634,11.21740,57.37500,60.00000,163.64506,0.54863,0.10888,0.46970,0.00000,0.00000,0.00000,0.00000,none
0.64167,89.77047,73.70593,2.23276,-0.25191,0.00461,5.68295,11.15202,57.75000,60.00000,164.04407,0.53384,0.10482,0.47358,0.00000,0.00000,0.00000,0.00000,none
0.64583,89.76940,73.68295,2.23683,-0.24903,0.00441,5.72927,11.08529,58.12500,60.00000,164.44205,0.51914,0.10093,0.47744,0.00000,0.00000,0.00000,0.00000,none
0.65000,89.76837,73.66098,2.24076,-0.24614,0.00420,5.77532,11.01724,58.50000,60.00000,164.83902,0.50448,0.09718,0.48128,0.00000,0.00000,0.00000,0.00000,none
0.65417,89.76739,73.64002,2.24455,-0.24326,0.00399,5.82108,10.94790,58.87500,60.00000,165.23498,0.48985,0.09356,0.48509,0.00000,0.00000,0.00000,0.00000,none
0.65833,89.76647,73.62006,2.24820,-0.24039,0.00377,5.86655,10.87730,59.25000,60.00000,165.62994,0.47527,0.09009,0.48888,0.00000,0.00000,0.00000,0.00000,none
0.66250,89.76560,73.60112,2.25171,-0.23751,0.00355,5.91172,10.80546,59.62500,60.00000,166.02388,0.46073,0.08674,0.49264,0.00000,0.00000,0.00000,0.00000,none
0.66667,89.76477,73.58317,2.25508,-0.23464,0.00334,5.95659,10.73240,60.00000,60.00000,166.41683,0.44639,0.08357,0.49638,0.00000,0.00000,0.00000,0.00000,none
0.67083,89.76400,73.56620,2.25832,-0.23178,0.00311,6.00116,10.65817,60.00000,60.00000,166.43380,0.44577,0.08343,0.50010,0.00000,0.00000,0.00000,0.00000,none
0.67500,89.76328,73.54920,2.26155,-0.22899,0.00292,6.04541,10.58380,60.00000,60.00000,166.45080,0.44515,0.08330,0.50378,0.00000,0.00000,0.00000,0.00000,none
0.67917,89.76261,73.53216,2.26477,-0.22627,0.00274,6.08935,10.50930,60.00000,60.00000,166.46784,0.44452,0.08316,0.50745,0.00000,0.00000,0.00000,0.00000,none
0.68333,89.76197,73.51508,2.26799,-0.22363,0.00259,6.13299,10.43467,60.00000,60.00000,166.48492,0.44390,0.08303,0.51108,0.00000,0.00000,0.00000,0.00000,none
0.68750,89.76137,73.49795,2.27119,-0.22105,0.00245,6.17631,10.35992,60.00000,60.00000,166.50205,0.44328,0.08289,0.51469,0.00000,0.00000,0.00000,0.00000,none
0.69167,89.76080,73.48079,2.27439,-0.21855,0.00234,6.21932,10.28505,60.00000,60.00000,166.51921,0.44265,0.08276,0.51828,0.00000,0.00000,0.00000,0.00000,none
0.69583,89.76025,73.46357,2.27758,-0.21611,0.00223,6.26202,10.21007,60.00000,60.00000,166.53643,0.44202,0.08262,0.52183,0.00000,0.00000,0.00000,0.00000,none
0.70000,89.75973,73.44631,2.28077,-0.21373,0.00214,6.30440,10.13499,60.00000,60.00000,166.55369,0.44139,0.08249,0.52537,0.00000,0.00000,0.00000,0.00000,none
0.70417,89.75923,73.42901,2.28394,-0.21142,0.00207,6.34648,10.05979,60.00000,60.00000,166.57099,0.44076,0.08235,0.52887,0.00000,0.00000,0.00000,0.00000,none
0.70833,89.75874,73.41166,2.28711,-0.20917,0.00200,6.38824,9.98451,60.00000,60.00000,166.58834,0.44013,0.08222,0.53235,0.00000,0.00000,0.00000,0.00000,none
0.71250,89.75827,73.39427,2.29028,-0.20697,0.00195,6.42968,9.90912,60.00000,60.00000,166.60573,0.43949,0.08208,0.53581,0.00000,0.00000,0.00000,0.00000,none
0.71667,89.75781,73.37683,2.29343,-0.20484,0.00190,6.47081,9.83365,60.00000,60.00000,166.62317,0.43885,0.08194,0.53923,0.00000,0.00000,0.00000,0.00000,none
0.72083,89.75736,73.35935,2.29658,-0.20276,0.00186,6.51163,9.75809,60.00000,60.00000,166.64065,0.43822,0.08181,0.54264,0.00000,0.00000,0.00000,0.00000,none
0.72500,89.75692,73.34183,2.29972,-0.20074,0.00183,6.55213,9.68245,60.00000,60.00000,166.65817,0.43758,0.08167,0.54601,0.00000,0.00000,0.00000,0.00000,none
0.72917,89.75649,73.32428,2.30286,-0.19877,0.00181,6.59231,9.60673,60.00000,60.00000,166.67572,0.43694,0.08154,0.54936,0.00000,0.00000,0.00000,0.00000,none
0.73333,89.75606,73.30668,2.30598,-0.19686,0.00179,6.63218,9.53094,60.00000,60.00000,166.69332,0.43629,0.08140,0.55268,0.00000,0.00000,0.00000,0.00000,none
0.73750,89.75563,73.28905,2.30910,-0.19499,0.00177,6.67174,9.45508,60.00000,60.00000,166.71095,0.43565,0.08126,0.55598,0.00000,0.00000,0.00000,0.00000,none
0.74167,89.75521,73.27138,2.31221,-0.19317,0.00176,6.71098,9.37915,60.00000,60.00000,166.72862,0.43501,0.08113,0.55925,0.00000,0.00000,0.00000,0.00000,none
0.74583,89.75479,73.25368,2.31532,-0.19140,0.00176,6.74990,9.30317,60.00000,60.00000,166.74632,0.43436,0.08099,0.56249,0.00000,0.00000,0.00000,0.00000,none
0.75000,89.75437,73.23595,2.31841,-0.18968,0.00175,6.78850,9.22713,60.00000,60.00000,166.76405,0.43371,0.08086,0.56571,0.00000,0.00000,0.00000,0.00000,none
0.75417,89.75395,73.21819,2.32150,-0.18800,0.00175,6.82679,9.15104,60.00000,60.00000,166.78181,0.43306,0.08072,0.56890,0.00000,0.00000,0.00000,0.00000,none
0.75833,89.75354,73.20040,2.32458,-0.18637,0.00176,6.86476,9.07489,60.00000,60.00000,166.79960,0.43241,0.08058,0.57206,0.00000,0.00000,0.00000,0.00000,none
0.76250,89.75312,73.18259,2.32765,-0.18478,0.00176,6.90242,8.99871,60.00000,60.00000,166.81741,0.43176,0.08045,0.57520,0.00000,0.00000,0.00000,0.00000,none
0.76667,89.75269,73.16476,2.33072,-0.18323,0.00177,6.93975,8.92248,60.00000,60.00000,166.83524,0.43111,0.08031,0.57831,0.00000,0.00000,0.00000,0.00000,none
0.77083,89.75227,73.14690,2.33377,-0.18172,0.00178,6.97677,8.84622,60.00000,60.00000,166.85310,0.43046,0.08018,0.58140,0.00000,0.00000,0.00000,0.00000,none
0.77500,89.75185,73.12903,2.33682,-0.18025,0.00179,7.01347,8.76992,60.00000,60.00000,166.87097,0.42981,0.08004,0.58446,0.00000,0.00000,0.00000,0.00000,none
0.77917,89.75142,73.11115,2.33986,-0.17882,0.00180,7.04985,8.69359,60.00000,60.00000,166.88885,0.42916,0.07990,0.58749,0.00000,0.00000,0.00000,0.00000,none
0.78333,89.75099,73.09325,2.34290,-0.17742,0.00181,7.08592,8.61724,60.00000,60.00000,166.90675,0.42850,0.07977,0.59049,0.00000,0.00000,0.00000,0.00000,none
0.78750,89.75056,73.07534,2.34592,-0.17606,0.00182,7.12166,8.54087,60.00000,60.00000,166.92466,0.42785,0.07963,0.59347,0.00000,0.00000,0.00000,0.00000,none
0.79167,89.75012,73.05741,2.34894,-0.17474,0.00183,7.15709,8.46447,60.00000,60.00000,166.94259,0.42720,0.07950,0.59642,0.00000,0.00000,0.00000,0.00000,none
0.79583,89.74968,73.03949,2.35195,-0.17345,0.00184,7.19220,8.38807,60.00000,60.00000,166.96051,0.42654,0.07936,0.59935,0.00000,0.00000,0.00000,0.00000,none
0.80000,89.74924,73.02155,2.35495,-0.17219,0.00185,7.22699,8.31165,60.00000,60.00000,166.97845,0.42589,0.07923,0.60225,0.00000,0.00000,0.00000,0.00000,none
0.80417,89.74880,73.00362,2.35794,-0.17096,0.00186,7.26146,8.23522,60.00000,60.00000,166.99638,0.42523,0.07909,0.60512,0.00000,0.00000,0.00000,0.00000,none
0.80833,89.74835,72.98568,2.36092,-0.16977,0.00188,7.29562,8.15879,60.00000,60.00000,167.01432,0.42458,0.07896,0.60797,0.00000,0.00000,0.00000,0.00000,none
0.81250,89.74790,72.96775,2.36390,-0.16860,0.00189,7.32945,8.08235,60.00000,60.00000,167.03225,0.42392,0.07883,0.61079,0.00000,0.00000,0.00000,0.00000,none
0.81667,89.74745,72.94981,2.36686,-0.16746,0.00190,7.36297,8.00592,60.00000,60.00000,167.05019,0.42327,0.07869,0.61358,0.00000,0.00000,0.00000,0.00000,none
0.82083,89.74700,72.93189,2.36982,-0.16636,0.00191,7.39617,7.92949,60.00000,60.00000,167.06811,0.42261,0.07856,0.61635,0.00000,0.00000,0.00000,0.00000,none
0.82500,89.74654,72.91397,2.37277,-0.16528,0.00192,7.42905,7.85307,60.00000,60.00000,167.08603,0.42196,0.07843,0.61909,0.00000,0.00000,0.00000,0.00000,none
0.82917,89.74608,72.89606,2.37571,-0.16422,0.00193,7.46161,7.77667,60.00000,60.00000,167.10394,0.42131,0.07829,0.62180,0.00000,0.00000,0.00000,0.00000,none
0.83333,89.74562,72.87816,2.37864,-0.16320,0.00194,7.49386,7.70028,60.00000,60.00000,167.12184,0.42065,0.07816,0.62449,0.00000,0.00000,0.00000,0.00000,none
0.83750,89.74516,72.86027,2.38157,-0.16219,0.00194,7.52578,7.62390,60.00000,60.00000,167.13973,0.42000,0.07803,0.62715,0.00000,0.00000,0.00000,0.00000,none
0.84167,89.74469,72.84239,2.38448,-0.16122,0.00195,7.55739,7.54755,60.00000,60.00000,167.15761,0.41935,0.07790,0.62978,0.00000,0.00000,0.00000,0.00000,none
0.84583,89.74423,72.82454,2.38739,-0.16026,0.00196,7.58868,7.47122,60.00000,60.00000,167.17546,0.41870,0.07776,0.63239,0.00000,0.00000,0.00000,0.00000,none
0.85000,89.74376,72.80669,2.39029,-0.15933,0.00196,7.61965,7.39492,60.00000,60.00000,167.19331,0.41804,0.07763,0.63497,0.00000,0.00000,0.00000,0.00000,none
0.85417,89.74329,72.78887,2.39317,-0.15842,0.00197,7.65030,7.31864,60.00000,60.00000,167.21113,0.41739,0.07750,0.63753,0.00000,0.00000,0.00000,0.00000,none
0.85833,89.74282,72.77107,2.39605,-0.15754,0.00197,7.68064,7.24240,60.00000,60.00000,167.22893,0.41674,0.07737,0.64005,0.00000,0.00000,0.00000,0.00000,none
0.86250,89.74235,72.75329,2.39892,-0.15667,0.00198,7.71065,7.16620,60.00000,60.00000,167.24671,0.41610,0.07724,0.64255,0.00000,0.00000,0.00000,0.00000,none
0.86667,89.74187,72.73554,2.40179,-0.15582,0.00198,7.74036,7.09003,60.00000,60.00000,167.26446,0.41545,0.07711,0.64503,0.00000,0.00000,0.00000,0.00000,none
0.87083,89.74140,72.71781,2.40464,-0.15500,0.00198,7.76974,7.01391,60.00000,60.00000,167.28219,0.41480,0.07698,0.64748,0.00000,0.00000,0.00000,0.00000,none
0.87500,89.74093,72.70011,2.40748,-0.15419,0.00198,7.79880,6.93783,60.00000,60.00000,167.29989,0.41415,0.07685,0.64990,0.00000,0.00000,0.00000,0.00000,none
0.87917,89.74045,72.68243,2.41032,-0.15341,0.00198,7.82755,6.86179,60.00000,60.00000,167.31757,0.41351,0.07673,0.65230,0.00000,0.00000,0.00000,0.00000,none
0.88333,89.73998,72.66479,2.41314,-0.15264,0.00198,7.85599,6.78581,60.00000,60.00000,167.33521,0.41286,0.07660,0.65467,0.00000,0.00000,0.00000,0.00000,none
0.88750,89.73951,72.64717,2.41596,-0.15189,0.00198,7.88410,6.70988,60.00000,60.00000,167.35283,0.41222,0.07647,0.65701,0.00000,0.00000,0.00000,0.00000,none
0.89167,89.73904,72.62959,2.41877,-0.15115,0.00198,7.91190,6.63400,60.00000,60.00000,167.37041,0.41158,0.07634,0.65933,0.00000,0.00000,0.00000,0.00000,none
0.89583,89.73856,72.61204,2.42156,-0.15043,0.00198,7.93939,6.55818,60.00000,60.00000,167.38796,0.41094,0.07622,0.66162,0.00000,0.00000,0.00000,0.00000,none
0.90000,89.73809,72.59452,2.42435,-0.14973,0.00197,7.96655,6.48241,60.00000,60.00000,167.40548,0.41030,0.07609,0.66388,0.00000,0.00000,0.00000,0.00000,none
0.90417,89.73762,72.57704,2.42713,-0.14905,0.00197,7.99341,6.40671,60.00000,60.00000,167.42296,0.40966,0.07597,0.66612,0.00000,0.00000,0.00000,0.00000,none
0.90833,89.73715,72.55959,2.42990,-0.14838,0.00196,8.01994,6.33108,60.00000,60.00000,167.44041,0.40903,0.07584,0.66833,0.00000,0.00000,0.00000,0.00000,none
0.91250,89.73668,72.54219,2.43267,-0.14772,0.00196,8.04616,6.25551,60.00000,60.00000,167.45781,0.40839,0.07572,0.67051,0.00000,0.00000,0.00000,0.00000,none
0.91667,89.73622,72.52482,2.43542,-0.14708,0.00195,8.07207,6.18001,60.00000,60.00000,167.47518,0.40776,0.07559,0.67267,0.00000,0.00000,0.00000,0.00000,none
0.92083,89.73575,72.50749,2.43816,-0.14646,0.00195,8.09766,6.10458,60.00000,60.00000,167.49251,0.40712,0.07547,0.67481,0.00000,0.00000,0.00000,0.00000,none
0.92500,89.73529,72.49020,2.44090,-0.14584,0.00194,8.12294,6.02922,60.00000,60.00000,167.50980,0.40649,0.07534,0.67691,0.00000,0.00000,0.00000,0.00000,none
0.92917,89.73483,72.47295,2.44362,-0.14524,0.00193,8.14791,5.95394,60.00000,60.00000,167.52705,0.40586,0.07522,0.67899,0.00000,0.00000,0.00000,0.00000,none
0.93333,89.73437,72.45574,2.44634,-0.14466,0.00192,8.17256,5.87874,60.00000,60.00000,167.54426,0.40523,0.07510,0.68105,0.00000,0.00000,0.00000,0.00000,none
0.93750,89.73391,72.43858,2.44904,-0.14408,0.00191,8.19690,5.80362,60.00000,60.00000,167.56142,0.40461,0.07498,0.68307,0.00000,0.00000,0.00000,0.00000,none
0.94167,89.73345,72.42146,2.45174,-0.14352,0.00190,8.22092,5.72858,60.00000,60.00000,167.57854,0.40398,0.07486,0.68508,0.00000,0.00000,0.00000,0.00000,none
0.94583,89.73300,72.40439,2.45443,-0.14297,0.00189,8.24464,5.65362,60.00000,60.00000,167.59561,0.40336,0.07474,0.68705,0.00000,0.00000,0.00000,0.00000,none
0.95000,89.73255,72.38736,2.45711,-0.14243,0.00188,8.26804,5.57876,60.00000,60.00000,167.61264,0.40274,0.07462,0.68900,0.00000,0.00000,0.00000,0.00000,none
0.95417,89.73210,72.37037,2.45978,-0.14190,0.00187,8.29113,5.50398,60.00000,60.00000,167.62963,0.40212,0.07450,0.69093,0.00000,0.00000,0.00000,0.00000,none
0.95833,89.73166,72.35344,2.46244,-0.14138,0.00186,8.31390,5.42929,60.00000,60.00000,167.64656,0.40150,0.07438,0.69283,0.00000,0.00000,0.00000,0.00000,none
0.96250,89.73122,72.33655,2.46509,-0.14088,0.00184,8.33637,5.35469,60.00000,60.00000,167.66345,0.40088,0.07426,0.69470,0.00000,0.00000,0.00000,0.00000,none
0.96667,89.73078,72.31971,2.46773,-0.14038,0.00183,8.35853,5.28019,60.00000,60.00000,167.68029,0.40027,0.07414,0.69654,0.00000,0.00000,0.00000,0.00000,none
0.97083,89.73034,72.30291,2.47036,-0.13990,0.00182,8.38037,5.20578,60.00000,60.00000,167.69709,0.39966,0.07403,0.69836,0.00000,0.00000,0.00000,0.00000,none
0.97500,89.72991,72.28617,2.47298,-0.13942,0.00180,8.40191,5.13147,60.00000,60.00000,167.71383,0.39905,0.07391,0.70016,0.00000,0.00000,0.00000,0.00000,none
0.97917,89.72948,72.26948,2.47560,-0.13895,0.00179,8.42313,5.05726,60.00000,60.00000,167.73052,0.39844,0.07379,0.70193,0.00000,0.00000,0.00000,0.00000,none
0.98333,89.72906,72.25283,2.47820,-0.13849,0.00177,8.44405,4.98316,60.00000,60.00000,167.74717,0.39783,0.07368,0.70367,0.00000,0.00000,0.00000,0.00000,none
0.98750,89.72864,72.23624,2.48080,-0.13804,0.00176,8.46466,4.90915,60.00000,60.00000,167.76376,0.39722,0.07356,0.70539,0.00000,0.00000,0.00000,0.00000,none
0.99167,89.72822,72.21970,2.48338,-0.13760,0.00174,8.48496,4.83526,60.00000,60.00000,167.78030,0.39662,0.07345,0.70708,0.00000,0.00000,0.00000,0.00000,none
0.99583,89.72781,72.20321,2.48596,-0.13717,0.00173,8.50495,4.76147,60.00000,60.00000,167.79679,0.39602,0.07333,0.70875,0.00000,0.00000,0.00000,0.00000,none
1.00000,89.72740,72.18678,2.48852,-0.13675,0.00171,8.52464,4.68778,60.00000,60.00000,167.81322,0.39542,0.07322,0.71039,0.00000,0.00000,0.00000,0.00000,none
1.00417,89.72699,72.17039,2.49108,-0.13633,0.00169,8.54402,4.61421,60.00000,60.00000,167.82961,0.39482,0.07311,0.71200,0.00000,0.00000,0.00000,0.00000,none
1.00833,89.72659,72.15406,2.49363,-0.13592,0.00167,8.56309,4.54075,60.00000,60.00000,167.84594,0.39422,0.07300,0.71359,0.00000,0.00000,0.00000,0.00000,none
1.01250,89.72619,72.13779,2.49617,-0.13552,0.00166,8.58186,4.46741,60.00000,60.00000,167.86221,0.39363,0.07288,0.71515,0.00000,0.00000,0.00000,0.00000,none
1.01667,89.72580,72.12156,2.49870,-0.13513,0.00164,8.60032,4.39417,60.00000,60.00000,167.87844,0.39304,0.07277,0.71669,0.00000,0.00000,0.00000,0.00000,none
1.02083,89.72541,72.10540,2.50122,-0.13474,0.00162,8.61848,4.32106,60.00000,60.00000,167.89460,0.39245,0.07266,0.71821,0.00000,0.00000,0.00000,0.00000,none
1.02500,89.72502,72.08928,2.50373,-0.13436,0.00160,8.63633,4.24806,60.00000,60.00000,167.91072,0.39186,0.07255,0.71969,0.00000,0.00000,0.00000,0.00000,none
1.02917,89.72464,72.07322,2.50624,-0.13399,0.00158,8.65388,4.17519,60.00000,60.00000,167.92678,0.39127,0.07244,0.72116,0.00000,0.00000,0.00000,0.00000,none
1.03333,89.72427,72.05722,2.50873,-0.13362,0.00157,8.67112,4.10243,60.00000,60.00000,167.94278,0.39069,0.07234,0.72259,0.00000,0.00000,0.00000,0.00000,none
1.03750,89.72389,72.04127,2.51121,-0.13326,0.00155,8.68807,4.02980,60.00000,60.00000,167.95873,0.39011,0.07223,0.72401,0.00000,0.00000,0.00000,0.00000,none
1.04167,89.72353,72.02538,2.51369,-0.13290,0.00153,8.70471,3.95729,60.00000,60.00000,167.97462,0.38953,0.07212,0.72539,0.00000,0.00000,0.00000,0.00000,none
1.04583,89.72316,72.00954,2.51615,-0.13256,0.00151,8.72104,3.88490,60.00000,60.00000,167.99046,0.38895,0.07201,0.72675,0.00000,0.00000,0.00000,0.00000,none
1.05000,89.72281,71.99376,2.51861,-0.13221,0.00149,8.73708,3.81264,60.00000,60.00000,168.00624,0.38838,0.07191,0.72809,0.00000,0.00000,0.00000,0.00000,none
1.05417,89.72245,71.97804,2.52106,-0.13188,0.00147,8.75282,3.74052,60.00000,60.00000,168.02196,0.38781,0.07180,0.72940,0.00000,0.00000,0.00000,0.00000,none
1.05833,89.72211,71.96237,2.52350,-0.13155,0.00145,8.76825,3.66852,60.00000,60.00000,168.03763,0.38725,0.07170,0.73069,0.00000,0.00000,0.00000,0.00000,none
1.06250,89.72176,71.94676,2.52593,-0.13122,0.00143,8.78339,3.59665,60.00000,60.00000,168.05324,0.38669,0.07160,0.73195,0.00000,0.00000,0.00000,0.00000,none
1.06667,89.72143,71.93121,2.52835,-0.13090,0.00141,8.79822,3.52491,60.00000,60.00000,168.06879,0.38614,0.07149,0.73319,0.00000,0.00000,0.00000,0.00000,none
1.07083,89.72109,71.91571,2.53076,-0.13058,0.00139,8.81276,3.45331,60.00000,60.00000,168.08429,0.38558,0.07139,0.73440,0.00000,0.00000,0.00000,0.00000,none
1.07500,89.72076,71.90027,2.53316,-0.13027,0.00137,8.82700,3.38185,60.00000,60.00000,168.09973,0.38503,0.07129,0.73558,0.00000,0.00000,0.00000,0.00000,none
1.07917,89.72044,71.88488,2.53556,-0.12997,0.00134,8.84094,3.31052,60.00000,60.00000,168.11512,0.38448,0.07119,0.73675,0.00000,0.00000,0.00000,0.00000,none
1.08333,89.72012,71.86956,2.53794,-0.12967,0.00132,8.85459,3.23932,60.00000,60.00000,168.13044,0.38393,0.07109,0.73788,0.00000,0.00000,0.00000,0.00000,none
1.08750,89.71981,71.85428,2.54032,-0.12937,0.00130,8.86794,3.16827,60.00000,60.00000,168.14572,0.38339,0.07099,0.73899,0.00000,0.00000,0.00000,0.00000,none
1.09167,89.71950,71.83907,2.54268,-0.12908,0.00128,8.88099,3.09736,60.00000,60.00000,168.16093,0.38284,0.07089,0.74008,0.00000,0.00000,0.00000,0.00000,none
1.09583,89.71920,71.82392,2.54504,-0.12879,0.00126,8.89375,3.02658,60.00000,60.00000,168.17608,0.38230,0.07079,0.74115,0.00000,0.00000,0.00000,0.00000,none
1.10000,89.71890,71.80882,2.54739,-0.12851,0.00124,8.90621,2.95595,60.00000,60.00000,168.19118,0.38176,0.07069,0.74218,0.00000,0.00000,0.00000,0.00000,none
1.10417,89.71861,71.79378,2.54973,-0.12823,0.00122,8.91838,2.88546,60.00000,60.00000,168.20622,0.38122,0.07060,0.74320,0.00000,0.00000,0.00000,0.00000,none
1.10833,89.71832,71.77879,2.55206,-0.12796,0.00120,8.93026,2.81512,60.00000,60.00000,168.22121,0.38068,0.07050,0.74419,0.00000,0.00000,0.00000,0.00000,none
1.11250,89.71803,71.76387,2.55439,-0.12769,0.00117,8.94184,2.74492,60.00000,60.00000,168.23613,0.38015,0.07040,0.74515,0.00000,0.00000,0.00000,0.00000,none
1.11667,89.71776,71.74900,2.55670,-0.12742,0.00115,8.95313,2.67486,60.00000,60.00000,168.25100,0.37962,0.07031,0.74609,0.00000,0.00000,0.00000,0.00000,none
1.12083,89.71748,71.73419,2.55901,-0.12715,0.00113,8.96413,2.60496,60.00000,60.00000,168.26581,0.37909,0.07021,0.74701,0.00000,0.00000,0.00000,0.00000,none
1.12500,89.71722,71.71944,2.56130,-0.12689,0.00111,8.97484,2.53520,60.00000,60.00000,168.28056,0.37856,0.07012,0.74790,0.00000,0.00000,0.00000,0.00000,none
1.12917,89.71696,71.70475,2.56359,-0.12664,0.00109,8.98526,2.46559,60.00000,60.00000,168.29525,0.37803,0.07002,0.74877,0.00000,0.00000,0.00000,0.00000,none
1.13333,89.71670,71.69011,2.56587,-0.12639,0.00106,8.99539,2.39613,60.00000,60.00000,168.30989,0.37751,0.06993,0.74962,0.00000,0.00000,0.00000,0.00000,none
1.13750,89.71645,71.67553,2.56814,-0.12614,0.00104,9.00523,2.32682,60.00000,60.00000,168.32447,0.37699,0.06983,0.75044,0.00000,0.00000,0.00000,0.00000,none
1.14167,89.71620,71.66101,2.57040,-0.12589,0.00102,9.01478,2.25766,60.00000,60.00000,168.33899,0.37647,0.06974,0.75123,0.00000,0.00000,0.00000,0.00000,none
1.14583,89.71596,71.64655,2.57265,-0.12565,0.00100,9.02404,2.18866,60.00000,60.00000,168.35345,0.37595,0.06965,0.75200,0.00000,0.00000,0.00000,0.00000,none
1.15000,89.71572,71.63215,2.57490,-0.12541,0.00098,9.03302,2.11981,60.00000,60.00000,168.36785,0.37544,0.06956,0.75275,0.00000,0.00000,0.00000,0.00000,none
1.15417,89.71549,71.61780,2.57713,-0.12517,0.00095,9.04171,2.05111,60.00000,60.00000,168.38220,0.37492,0.06947,0.75348,0.00000,0.00000,0.00000,0.00000,none
1.15833,89.71527,71.60351,2.57936,-0.12494,0.00093,9.05011,1.98257,60.00000,60.00000,168.39649,0.37441,0.06937,0.75418,0.00000,0.00000,0.00000,0.00000,none
1.16250,89.71505,71.58928,2.58158,-0.12470,0.00091,9.05823,1.91418,60.00000,60.00000,168.41072,0.37390,0.06928,0.75485,0.00000,0.00000,0.00000,0.00000,none
1.16667,89.71483,71.57511,2.58379,-0.12448,0.00089,9.06606,1.84595,60.00000,60.00000,168.42489,0.37340,0.06919,0.75551,0.00000,0.00000,0.00000,0.00000,none
1.17083,89.71462,71.56100,2.58599,-0.12425,0.00087,9.07361,1.77788,60.00000,60.00000,168.43900,0.37289,0.06911,0.75613,0.00000,0.00000,0.00000,0.00000,none
1.17500,89.71442,71.54694,2.58818,-0.12403,0.00084,9.08088,1.70997,60.00000,60.00000,168.45306,0.37239,0.06902,0.75674,0.00000,0.00000,0.00000,0.00000,none
1.17917,89.71422,71.53295,2.59037,-0.12381,0.00082,9.08786,1.64221,60.00000,60.00000,168.46705,0.37189,0.06893,0.75732,0.00000,0.00000,0.00000,0.00000,none
1.18333,89.71403,71.51901,2.59254,-0.12359,0.00080,9.09456,1.57462,60.00000,60.00000,168.48099,0.37139,0.06884,0.75788,0.00000,0.00000,0.00000,0.00000,none
1.18750,89.71384,71.50512,2.59471,-0.12337,0.00078,9.10098,1.50719,60.00000,60.00000,168.49488,0.37089,0.06875,0.75842,0.00000,0.00000,0.00000,0.00000,none
1.19167,89.71366,71.49130,2.59687,-0.12316,0.00075,9.10712,1.43991,60.00000,60.00000,168.50870,0.37040,0.06867,0.75893,0.00000,0.00000,0.00000,0.00000,none
1.19583,89.71348,71.47753,2.59902,-0.12295,0.00073,9.11298,1.37280,60.00000,60.00000,168.52247,0.36990,0.06858,0.75942,0.00000,0.00000,0.00000,0.00000,none
1.20000,89.71331,71.46382,2.60116,-0.12274,0.00071,9.11856,1.30586,60.00000,60.00000,168.53618,0.36941,0.06849,0.75988,0.00000,0.00000,0.00000,0.00000,none
1.20417,89.71314,71.45017,2.60330,-0.12253,0.00069,9.12387,1.23907,60.00000,60.00000,168.54983,0.36893,0.06841,0.76032,0.00000,0.00000,0.00000,0.00000,none
1.20833,89.71298,71.43658,2.60542,-0.12233,0.00067,9.12889,1.17245,60.00000,60.00000,168.56342,0.36844,0.06832,0.76074,0.00000,0.00000,0.00000,0.00000,none
1.21250,89.71282,71.42304,2.60754,-0.12213,0.00064,9.13364,1.10600,60.00000,60.00000,168.57696,0.36795,0.06824,0.76114,0.00000,0.00000,0.00000,0.00000,none
1.21667,89.71267,71.40956,2.60965,-0.12193,0.00062,9.13811,1.03971,60.00000,60.00000,168.59044,0.36747,0.06816,0.76151,0.00000,0.00000,0.00000,0.00000,none
1.22083,89.71253,71.39614,2.61175,-0.12173,0.00060,9.14230,0.97359,60.00000,60.00000,168.60386,0.36699,0.06807,0.76186,0.00000,0.00000,0.00000,0.00000,none
1.22500,89.71239,71.38278,2.61384,-0.12153,0.00058,9.14622,0.90763,60.00000,60.00000,168.61722,0.36651,0.06799,0.76218,0.00000,0.00000,0.00000,0.00000,none
1.22917,89.71225,71.36947,2.61593,-0.12134,0.00056,9.14986,0.84185,60.00000,60.00000,168.63053,0.36604,0.06791,0.76249,0.00000,0.00000,0.00000,0.00000,none
1.23333,89.71212,71.35622,2.61800,-0.12115,0.00053,9.15324,0.77623,60.00000,60.00000,168.64378,0.36556,0.06783,0.76277,0.00000,0.00000,0.00000,0.00000,none
1.23750,89.71199,71.34302,2.62007,-0.12096,0.00051,9.15633,0.71078,60.00000,60.00000,168.65698,0.36509,0.06774,0.76303,0.00000,0.00000,0.00000,0.00000,none
1.24167,89.71187,71.32988,2.62213,-0.12077,0.00049,9.15916,0.64549,60.00000,60.00000,168.67012,0.36462,0.06766,0.76326,0.00000,0.00000,0.00000,0.00000,none
1.24583,89.71176,71.31680,2.62418,-0.12058,0.00047,9.16171,0.58038,60.00000,60.00000,168.68320,0.36415,0.06758,0.76348,0.00000,0.00000,0.00000,0.00000,none
1.25000,89.71165,71.30378,2.62622,-0.12039,0.00045,9.16400,0.51544,60.00000,60.00000,168.69622,0.36369,0.06750,0.76367,0.00000,0.00000,0.00000,0.00000,none
1.25417,89.71155,71.29081,2.62826,-0.12021,0.00043,9.16601,0.45067,60.00000,60.00000,168.70919,0.36322,0.06742,0.76383,0.00000,0.00000,0.00000,0.00000,none
1.25833,89.71145,71.27790,2.63029,-0.12003,0.00040,9.16775,0.38608,60.00000,60.00000,168.72210,0.36276,0.06734,0.76398,0.00000,0.00000,0.00000,0.00000,none
1.26250,89.71135,71.26504,2.63231,-0.11985,0.00038,9.16923,0.32165,60.00000,60.00000,168.73496,0.36230,0.06726,0.76410,0.00000,0.00000,0.00000,0.00000,none
1.26667,89.71126,71.25224,2.63432,-0.11967,0.00036,9.17043,0.25740,60.00000,60.00000,168.74776,0.36184,0.06719,0.76420,0.00000,0.00000,0.00000,0.00000,none
1.27083,89.71118,71.23950,2.63632,-0.11949,0.00034,9.17137,0.19332,60.00000,60.00000,168.76050,0.36139,0.06711,0.76428,0.00000,0.00000,0.00000,0.00000,none
1.27500,89.71110,71.22681,2.63832,-0.11932,0.00032,9.17204,0.12942,60.00000,60.00000,168.77319,0.36093,0.06703,0.76434,0.00000,0.00000,0.00000,0.00000,none
1.27917,89.71103,71.21417,2.64031,-0.11914,0.00030,9.17245,0.06569,60.00000,60.00000,168.78583,0.36048,0.06695,0.76437,0.00000,0.00000,0.00000,0.00000,none
1.28333,89.71096,71.20160,2.64228,-0.11897,0.00028,9.17259,0.00213,60.00000,60.00000,168.79840,0.36003,0.06688,0.76438,0.00000,0.00000,0.00000,0.00000,none
1.28750,89.71089,71.18907,2.64426,-0.11880,0.00026,9.17247,-0.06124,60.00000,60.00000,168.81093,0.35958,0.06680,0.76437,0.00000,0.00000,0.00000,0.00000,none
1.29167,89.71084,71.17661,2.64622,-0.11862,0.00024,9.17208,-0.12444,60.00000,60.00000,168.82339,0.35914,0.06673,0.76434,0.00000,0.00000,0.00000,0.00000,none
1.29583,89.71078,71.16420,2.64818,-0.11846,0.00021,9.17143,-0.18747,60.00000,60.00000,168.83580,0.35869,0.06665,0.76429,0.00000,0.00000,0.00000,0.00000,none
1.30000,89.71073,71.15184,2.65013,-0.11829,0.00019,9.17052,-0.25032,60.00000,60.00000,168.84816,0.35825,0.06658,0.76421,0.00000,0.00000,0.00000,0.00000,none
1.30417,89.71069,71.13954,2.65207,-0.11812,0.00017,9.16935,-0.31298,60.00000,60.00000,168.86046,0.35781,0.06650,0.76411,0.00000,0.00000,0.00000,0.00000,none
1.30833,89.71065,71.12729,2.65400,-0.11796,0.00015,9.16791,-0.37547,60.00000,60.00000,168.87271,0.35737,0.06643,0.76399,0.00000,0.00000,0.00000,0.00000,none
1.31250,89.71062,71.11509,2.65592,-0.11779,0.00013,9.16622,-0.43778,60.00000,60.00000,168.88491,0.35694,0.06636,0.76385,0.00000,0.00000,0.00000,0.00000,none
1.31667,89.71059,71.10295,2.65784,-0.11763,0.00011,9.16426,-0.49992,60.00000,60.00000,168.89705,0.35650,0.06628,0.76369,0.00000,0.00000,0.00000,0.00000,none
1.32083,89.71056,71.09087,2.65975,-0.11747,0.00009,9.16205,-0.56187,60.00000,60.00000,168.90913,0.35607,0.06621,0.76350,0.00000,0.00000,0.00000,0.00000,none
1.32500,89.71054,71.07884,2.66165,-0.11730,0.00007,9.15958,-0.62364,60.00000,60.00000,168.92116,0.35564,0.06614,0.76330,0.00000,0.00000,0.00000,0.00000,none
1.32917,89.71053,71.06686,2.66355,-0.11714,0.00005,9.15685,-0.68523,60.00000,60.00000,168.93314,0.35521,0.06607,0.76307,0.00000,0.00000,0.00000,0.00000,none
1.33333,89.71052,71.05494,2.66543,-0.11699,0.00003,9.15387,-0.74663,60.00000,60.00000,168.94506,0.35478,0.06600,0.76282,0.00000,0.00000,0.00000,0.00000,none
1.33750,89.71052,71.04307,2.66731,-0.11683,0.00001,9.15063,-0.80786,60.00000,60.00000,168.95693,0.35436,0.06592,0.76255,0.00000,0.00000,0.00000,0.00000,none
1.34167,89.71052,71.03125,2.66918,-0.11667,-0.00001,9.14714,-0.86890,60.00000,60.00000,168.96875,0.35393,0.06585,0.76226,0.00000,0.00000,0.00000,0.00000,none
1.34583,89.71052,71.01948,2.67105,-0.11652,-0.00003,9.14339,-0.92976,60.00000,60.00000,168.98052,0.35351,0.06578,0.76195,0.00000,0.00000,0.00000,0.00000,none
1.35000,89.71053,71.00777,2.67291,-0.11636,-0.00005,9.13939,-0.99043,60.00000,60.00000,168.99223,0.35309,0.06571,0.76162,0.00000,0.00000,0.00000,0.00000,none
1.35417,89.71054,70.99611,2.67476,-0.11621,-0.00007,9.13514,-1.05092,60.00000,60.00000,169.00389,0.35268,0.06565,0.76126,0.00000,0.00000,0.00000,0.00000,none
1.35833,89.71056,70.98451,2.67660,-0.11605,-0.00009,9.13063,-1.11123,60.00000,60.00000,169.01549,0.35226,0.06558,0.76089,0.00000,0.00000,0.00000,0.00000,none
1.36250,89.71059,70.97295,2.67843,-0.11590,-0.00011,9.12588,-1.17135,60.00000,60.00000,169.02705,0.35185,0.06551,0.76049,0.00000,0.00000,0.00000,0.00000,none
1.36667,89.71061,70.96145,2.68026,-0.11575,-0.00013,9.12087,-1.23128,60.00000,60.00000,169.03855,0.35144,0.06544,0.76007,0.00000,0.00000,0.00000,0.00000,none
1.37083,89.71065,70.95000,2.68208,-0.11560,-0.00015,9.11562,-1.29103,60.00000,60.00000,169.05000,0.35103,0.06537,0.75963,0.00000,0.00000,0.00000,0.00000,none
1.37500,89.71069,70.93861,2.68389,-0.11545,-0.00017,9.11011,-1.35059,60.00000,60.00000,169.06139,0.35062,0.06531,0.75918,0.00000,0.00000,0.00000,0.00000,none
1.37917,89.71073,70.92726,2.68570,-0.11530,-0.00019,9.10436,-1.40996,60.00000,60.00000,169.07274,0.35021,0.06524,0.75870,0.00000,0.00000,0.00000,0.00000,none
1.38333,89.71077,70.91597,2.68749,-0.11516,-0.00020,9.09837,-1.46915,60.00000,60.00000,169.08403,0.34981,0.06517,0.75820,0.00000,0.00000,0.00000,0.00000,none
1.38750,89.71082,70.90473,2.68928,-0.11501,-0.00022,9.09212,-1.52814,60.00000,60.00000,169.09527,0.34941,0.06511,0.75768,0.00000,0.00000,0.00000,0.00000,none
1.39167,89.71088,70.89354,2.69107,-0.11486,-0.00024,9.08563,-1.58695,60.00000,60.00000,169.10646,0.34901,0.06504,0.75714,0.00000,0.00000,0.00000,0.00000,none
1.39583,89.71094,70.88240,2.69284,-0.11472,-0.00026,9.07890,-1.64557,60.00000,60.00000,169.11760,0.34861,0.06498,0.75657,0.00000,0.00000,0.00000,0.00000,none
1.40000,89.71100,70.87131,2.69461,-0.11457,-0.00028,9.07192,-1.70400,60.00000,60.00000,169.12869,0.34821,0.06491,0.75599,0.00000,0.00000,0.00000,0.00000,none
1.40417,89.71107,70.86027,2.69637,-0.11443,-0.00030,9.06470,-1.76224,60.00000,60.00000,169.13973,0.34782,0.06485,0.75539,0.00000,0.00000,0.00000,0.00000,none
1.40833,89.71115,70.84928,2.69813,-0.11429,-0.00032,9.05723,-1.82028,60.00000,60.00000,169.15072,0.34742,0.06478,0.75477,0.00000,0.00000,0.00000,0.00000,none
1.41250,89.71123,70.83834,2.69987,-0.11414,-0.00034,9.04953,-1.87814,60.00000,60.00000,169.16166,0.34703,0.06472,0.75413,0.00000,0.00000,0.00000,0.00000,none
1.41667,89.71131,70.82746,2.70161,-0.11400,-0.00035,9.04158,-1.93580,60.00000,60.00000,169.17254,0.34664,0.06465,0.75347,0.00000,0.00000,0.00000,0.00000,none
1.42083,89.71139,70.81662,2.70335,-0.11386,-0.00037,9.03340,-1.99327,60.00000,60.00000,169.18338,0.34625,0.06459,0.75278,0.00000,0.00000,0.00000,0.00000,none
1.42500,89.71148,70.80583,2.70507,-0.11372,-0.00039,9.02497,-2.05054,60.00000,60.00000,169.19417,0.34587,0.06453,0.75208,0.00000,0.00000,0.00000,0.00000,none
1.42917,89.71158,70.79509,2.70679,-0.11358,-0.00041,9.01631,-2.10762,60.00000,60.00000,169.20491,0.34548,0.06447,0.75136,0.00000,0.00000,0.00000,0.00000,none
1.43333,89.71168,70.78440,2.70850,-0.11344,-0.00043,9.00741,-2.16451,60.00000,60.00000,169.21560,0.34510,0.06440,0.75062,0.00000,0.00000,0.00000,0.00000,none
1.43750,89.71178,70.77377,2.71021,-0.11330,-0.00044,8.99827,-2.22120,60.00000,60.00000,169.22623,0.34472,0.06434,0.74986,0.00000,0.00000,0.00000,0.00000,none
1.44167,89.71189,70.76318,2.71191,-0.11317,-0.00046,8.98890,-2.27770,60.00000,60.00000,169.23682,0.34434,0.06428,0.74907,0.00000,0.00000,0.00000,0.00000,none
1.44583,89.71200,70.75263,2.71360,-0.11303,-0.00048,8.97929,-2.33400,60.00000,60.00000,169.24737,0.34397,0.06422,0.74827,0.00000,0.00000,0.00000,0.00000,none
1.45000,89.71212,70.74214,2.71528,-0.11289,-0.00050,8.96945,-2.39011,60.00000,60.00000,169.25786,0.34359,0.06416,0.74745,0.00000,0.00000,0.00000,0.00000,none
1.45417,89.71224,70.73170,2.71696,-0.11276,-0.00051,8.95937,-2.44602,60.00000,60.00000,169.26830,0.34322,0.06410,0.74661,0.00000,0.00000,0.00000,0.00000,none
1.45833,89.71236,70.72130,2.71863,-0.11262,-0.00053,8.94907,-2.50172,60.00000,60.00000,169.27870,0.34284,0.06404,0.74576,0.00000,0.00000,0.00000,0.00000,none
1.46250,89.71249,70.71096,2.72030,-0.11249,-0.00055,8.93853,-2.55724,60.00000,60.00000,169.28904,0.34247,0.06398,0.74488,0.00000,0.00000,0.00000,0.00000,none
1.46667,89.71263,70.70066,2.72195,-0.11235,-0.00056,8.92776,-2.61255,60.00000,60.00000,169.29934,0.34211,0.06392,0.74398,0.00000,0.00000,0.00000,0.00000,none
1.47083,89.71276,70.69040,2.72360,-0.11222,-0.00058,8.91676,-2.66766,60.00000,60.00000,169.30960,0.34174,0.06386,0.74306,0.00000,0.00000,0.00000,0.00000,none
1.47500,89.71290,70.68020,2.72525,-0.11209,-0.00060,8.90553,-2.72257,60.00000,60.00000,169.31980,0.34137,0.06381,0.74213,0.00000,0.00000,0.00000,0.00000,none
1.47917,89.71305,70.67004,2.72688,-0.11196,-0.00062,8.89407,-2.77729,60.00000,60.00000,169.32996,0.34101,0.06375,0.74117,0.00000,0.00000,0.00000,0.00000,none
1.48333,89.71320,70.65994,2.72851,-0.11182,-0.00063,8.88238,-2.83180,60.00000,60.00000,169.34006,0.34065,0.06369,0.74020,0.00000,0.00000,0.00000,0.00000,none
1.48750,89.71335,70.64987,2.73014,-0.11169,-0.00065,8.87047,-2.88611,60.00000,60.00000,169.35013,0.34029,0.06363,0.73921,0.00000,0.00000,0.00000,0.00000,none
1.49167,89.71351,70.63986,2.73175,-0.11156,-0.00066,8.85833,-2.94021,60.00000,60.00000,169.36014,0.33993,0.06358,0.73819,0.00000,0.00000,0.00000,0.00000,none
1.49583,89.71367,70.62989,2.73336,-0.11143,-0.00068,8.84597,-2.99412,60.00000,60.00000,169.37011,0.33957,0.06352,0.73716,0.00000,0.00000,0.00000,0.00000,none
1.50000,89.71383,70.61997,2.73497,-0.11130,-0.00070,8.83338,-3.04782,60.00000,60.00000,169.38003,0.33922,0.06346,0.73612,0.00000,0.00000,0.00000,0.00000,none
1.50417,89.71400,70.61009,2.73656,-0.11117,-0.00071,8.82057,-3.10131,60.00000,60.00000,169.38991,0.33886,0.06341,0.73505,0.00000,0.00000,0.00000,0.00000,none
1.50833,89.71417,70.60026,2.73815,-0.11105,-0.00073,8.80754,-3.15460,60.00000,60.00000,169.39974,0.33851,0.06335,0.73396,0.00000,0.00000,0.00000,0.00000,none
1.51250,89.71435,70.59048,2.73974,-0.11092,-0.00075,8.79428,-3.20769,60.00000,60.00000,169.40952,0.33816,0.06330,0.73286,0.00000,0.00000,0.00000,0.00000,none
1.51667,89.71453,70.58074,2.74132,-0.11079,-0.00076,8.78081,-3.26057,60.00000,60.00000,169.41926,0.33781,0.06324,0.73173,0.00000,0.00000,0.00000,0.00000,none
1.52083,89.71471,70.57105,2.74289,-0.11066,-0.00078,8.76711,-3.31324,60.00000,60.00000,169.42895,0.33747,0.06319,0.73059,0.00000,0.00000,0.00000,0.00000,none
1.52500,89.71490,70.56140,2.74445,-0.11054,-0.00079,8.75320,-3.36570,60.00000,60.00000,169.43860,0.33712,0.06313,0.72943,0.00000,0.00000,0.00000,0.00000,none
1.52917,89.71509,70.55180,2.74601,-0.11041,-0.00081,8.73906,-3.41796,60.00000,60.00000,169.44820,0.33678,0.06308,0.72826,0.00000,0.00000,0.00000,0.00000,none
1.53333,89.71528,70.54225,2.74756,-0.11028,-0.00082,8.72471,-3.47001,60.00000,60.00000,169.45775,0.33644,0.06302,0.72706,0.00000,0.00000,0.00000,0.00000,none
1.53750,89.71548,70.53274,2.74911,-0.11016,-0.00084,8.71015,-3.52184,60.00000,60.00000,169.46726,0.33610,0.06297,0.72585,0.00000,0.00000,0.00000,0.00000,none
1.54167,89.71569,70.52327,2.75065,-0.11003,-0.00085,8.69537,-3.57347,60.00000,60.00000,169.47673,0.33576,0.06292,0.72461,0.00000,0.00000,0.00000,0.00000,none
1.54583,89.71589,70.51385,2.75218,-0.10991,-0.00087,8.68037,-3.62489,60.00000,60.00000,169.48615,0.33542,0.06286,0.72336,0.00000,0.00000,0.00000,0.00000,none
1.55000,89.71610,70.50447,2.75370,-0.10978,-0.00088,8.66516,-3.67609,60.00000,60.00000,169.49553,0.33508,0.06281,0.72210,0.00000,0.00000,0.00000,0.00000,none
1.55417,89.71631,70.49514,2.75522,-0.10966,-0.00090,8.64973,-3.72709,60.00000,60.00000,169.50486,0.33475,0.06276,0.72081,0.00000,0.00000,0.00000,0.00000,none
1.55833,89.71653,70.48585,2.75674,-0.10954,-0.00091,8.63410,-3.77787,60.00000,60.00000,169.51415,0.33442,0.06271,0.71951,0.00000,0.00000,0.00000,0.00000,none
1.56250,89.71675,70.47660,2.75825,-0.10942,-0.00093,8.61825,-3.82843,60.00000,60.00000,169.52340,0.33409,0.06266,0.71819,0.00000,0.00000,0.00000,0.00000,none
1.56667,89.71697,70.46740,2.75975,-0.10929,-0.00094,8.60220,-3.87878,60.00000,60.00000,169.53260,0.33376,0.06260,0.71685,0.00000,0.00000,0.00000,0.00000,none
1.57083,89.71720,70.45824,2.76124,-0.10917,-0.00096,8.58593,-3.92892,60.00000,60.00000,169.54176,0.33343,0.06255,0.71549,0.00000,0.00000,0.00000,0.00000,none
1.57500,89.71743,70.44913,2.76273,-0.10905,-0.00097,8.56946,-3.97884,60.00000,60.00000,169.55087,0.33310,0.06250,0.71412,0.00000,0.00000,0.00000,0.00000,none
1.57917,89.71766,70.44005,2.76421,-0.10893,-0.00099,8.55277,-4.02855,60.00000,60.00000,169.55995,0.33278,0.06245,0.71273,0.00000,0.00000,0.00000,0.00000,none
1.58333,89.71790,70.43102,2.76569,-0.10881,-0.00100,8.53588,-4.07803,60.00000,60.00000,169.56898,0.33246,0.06240,0.71132,0.00000,0.00000,0.00000,0.00000,none
1.58750,89.71814,70.42204,2.76716,-0.10869,-0.00102,8.51879,-4.12730,60.00000,60.00000,169.57796,0.33214,0.06235,0.70990,0.00000,0.00000,0.00000,0.00000,none
1.59167,89.71839,70.41309,2.76863,-0.10857,-0.00103,8.50149,-4.17635,60.00000,60.00000,169.58691,0.33182,0.06230,0.70846,0.00000,0.00000,0.00000,0.00000,none
1.59583,89.71863,70.40419,2.77008,-0.10845,-0.00104,8.48399,-4.22518,60.00000,60.00000,169.59581,0.33150,0.06225,0.70700,0.00000,0.00000,0.00000,0.00000,none
1.60000,89.71888,70.39533,2.77154,-0.10833,-0.00106,8.46628,-4.27379,60.00000,60.00000,169.60467,0.33118,0.06220,0.70552,0.00000,0.00000,0.00000,0.00000,none
1.60417,89.71914,70.38652,2.77298,-0.10821,-0.00107,8.44837,-4.32218,60.00000,60.00000,169.61348,0.33086,0.06216,0.70403,0.00000,0.00000,0.00000,0.00000,none
1.60833,89.71940,70.37774,2.77442,-0.10809,-0.00108,8.43026,-4.37035,60.00000,60.00000,169.62226,0.33055,0.06211,0.70252,0.00000,0.00000,0.00000,0.00000,none
1.61250,89.71966,70.36901,2.77586,-0.10797,-0.00110,8.41195,-4.41829,60.00000,60.00000,169.63099,0.33024,0.06206,0.70100,0.00000,0.00000,0.00000,0.00000,none
1.61667,89.71992,70.36032,2.77729,-0.10785,-0.00111,8.39344,-4.46601,60.00000,60.00000,169.63968,0.32993,0.06201,0.69945,0.00000,0.00000,0.00000,0.00000,none
1.62083,89.72019,70.35167,2.77871,-0.10774,-0.00113,8.37474,-4.51351,60.00000,60.00000,169.64833,0.32962,0.06196,0.69789,0.00000,0.00000,0.00000,0.00000,none
1.62500,89.72046,70.34306,2.78013,-0.10762,-0.00114,8.35583,-4.56078,60.00000,60.00000,169.65694,0.32931,0.06192,0.69632,0.00000,0.00000,0.00000,0.00000,none
1.62917,89.72073,70.33449,2.78154,-0.10750,-0.00115,8.33673,-4.60782,60.00000,60.00000,169.66551,0.32900,0.06187,0.69473,0.00000,0.00000,0.00000,0.00000,none
1.63333,89.72101,70.32596,2.78294,-0.10739,-0.00116,8.31743,-4.65464,60.00000,60.00000,169.67404,0.32870,0.06182,0.69312,0.00000,0.00000,0.00000,0.00000,none
1.63750,89.72129,70.31747,2.78434,-0.10727,-0.00118,8.29794,-4.70123,60.00000,60.00000,169.68253,0.32839,0.06178,0.69150,0.00000,0.00000,0.00000,0.00000,none
1.64167,89.72157,70.30903,2.78574,-0.10715,-0.00119,8.27826,-4.74759,60.00000,60.00000,169.69097,0.32809,0.06173,0.68985,0.00000,0.00000,0.00000,0.00000,none
1.64583,89.72185,70.30062,2.78712,-0.10704,-0.00120,8.25838,-4.79372,60.00000,60.00000,169.69938,0.32779,0.06168,0.68820,0.00000,0.00000,0.00000,0.00000,none
1.65000,89.72214,70.29225,2.78850,-0.10692,-0.00122,8.23831,-4.83962,60.00000,60.00000,169.70775,0.32749,0.06164,0.68653,0.00000,0.00000,0.00000,0.00000,none
1.65417,89.72244,70.28393,2.78988,-0.10681,-0.00123,8.21805,-4.88529,60.00000,60.00000,169.71607,0.32719,0.06159,0.68484,0.00000,0.00000,0.00000,0.00000,none
1.65833,89.72273,70.27564,2.79125,-0.10669,-0.00124,8.19760,-4.93073,60.00000,60.00000,169.72436,0.32690,0.06155,0.68313,0.00000,0.00000,0.00000,0.00000,none
1.66250,89.72303,70.26740,2.79262,-0.10658,-0.00125,8.17696,-4.97594,60.00000,60.00000,169.73260,0.32660,0.06150,0.68141,0.00000,0.00000,0.00000,0.00000,none
1.66667,89.72333,70.25919,2.79398,-0.10647,-0.00127,8.15613,-5.02091,60.00000,60.00000,169.74081,0.32631,0.06146,0.67968,0.00000,0.00000,0.00000,0.00000,none
1.67083,89.72363,70.25102,2.79533,-0.10635,-0.00128,8.13512,-5.06564,60.00000,60.00000,169.74898,0.32602,0.06141,0.67793,0.00000,0.00000,0.00000,0.00000,none
1.67500,89.72394,70.24289,2.79668,-0.10624,-0.00129,8.11392,-5.11014,60.00000,60.00000,169.75711,0.32572,0.06137,0.67616,0.00000,0.00000,0.00000,0.00000,none
1.67917,89.72425,70.23480,2.79802,-0.10613,-0.00130,8.09254,-5.15441,60.00000,60.00000,169.76520,0.32544,0.06133,0.67438,0.00000,0.00000,0.00000,0.00000,none
1.68333,89.72456,70.22675,2.79936,-0.10601,-0.00131,8.07097,-5.19844,60.00000,60.00000,169.77325,0.32515,0.06128,0.67258,0.00000,0.00000,0.00000,0.00000,none
1.68750,89.72488,70.21874,2.80069,-0.10590,-0.00133,8.04922,-5.24222,60.00000,60.00000,169.78126,0.32486,0.06124,0.67077,0.00000,0.00000,0.00000,0.00000,none
1.69167,89.72519,70.21077,2.80201,-0.10579,-0.00134,8.02728,-5.28577,60.00000,60.00000,169.78923,0.32458,0.06120,0.66894,0.00000,0.00000,0.00000,0.00000,none
1.69583,89.72552,70.20283,2.80333,-0.10568,-0.00135,8.00517,-5.32908,60.00000,60.00000,169.79717,0.32429,0.06115,0.66710,0.00000,0.00000,0.00000,0.00000,none
1.70000,89.72584,70.19493,2.80465,-0.10557,-0.00136,7.98287,-5.37215,60.00000,60.00000,169.80507,0.32401,0.06111,0.66524,0.00000,0.00000,0.00000,0.00000,none
1.70417,89.72617,70.18707,2.80596,-0.10546,-0.00137,7.96040,-5.41497,60.00000,60.00000,169.81293,0.32373,0.06107,0.66337,0.00000,0.00000,0.00000,0.00000,none
1.70833,89.72649,70.17925,2.80726,-0.10534,-0.00138,7.93775,-5.45755,60.00000,60.00000,169.82075,0.32345,0.06103,0.66148,0.00000,0.00000,0.00000,0.00000,none
1.71250,89.72683,70.17147,2.80856,-0.10523,-0.00140,7.91492,-5.49989,60.00000,60.00000,169.82853,0.32317,0.06099,0.65958,0.00000,0.00000,0.00000,0.00000,none
1.71667,89.72716,70.16372,2.80985,-0.10512,-0.00141,7.89192,-5.54198,60.00000,60.00000,169.83628,0.32289,0.06094,0.65766,0.00000,0.00000,0.00000,0.00000,none
1.72083,89.72750,70.15601,2.81114,-0.10501,-0.00142,7.86874,-5.58383,60.00000,60.00000,169.84399,0.32262,0.06090,0.65573,0.00000,0.00000,0.00000,0.00000,none
1.72500,89.72784,70.14834,2.81242,-0.10490,-0.00143,7.84539,-5.62542,60.00000,60.00000,169.85166,0.32234,0.06086,0.65378,0.00000,0.00000,0.00000,0.00000,none
1.72917,89.72818,70.14071,2.81370,-0.10479,-0.00144,7.82186,-5.66677,60.00000,60.00000,169.85929,0.32207,0.06082,0.65182,0.00000,0.00000,0.00000,0.00000,none
1.73333,89.72853,70.13311,2.81497,-0.10469,-0.00145,7.79816,-5.70787,60.00000,60.00000,169.86689,0.32180,0.06078,0.64985,0.00000,0.00000,0.00000,0.00000,none
1.73750,89.72887,70.12555,2.81623,-0.10458,-0.00146,7.77429,-5.74872,60.00000,60.00000,169.87445,0.32153,0.06074,0.64786,0.00000,0.00000,0.00000,0.00000,none
1.74167,89.72922,70.11802,2.81749,-0.10447,-0.00147,7.75026,-5.78932,60.00000,60.00000,169.88198,0.32126,0.06070,0.64585,0.00000,0.00000,0.00000,0.00000,none
1.74583,89.72958,70.11053,2.81875,-0.10436,-0.00148,7.72605,-5.82967,60.00000,60.00000,169.88947,0.32099,0.06066,0.64384,0.00000,0.00000,0.00000,0.00000,none
1.75000,89.72993,70.10308,2.82000,-0.10425,-0.00149,7.70168,-5.86976,60.00000,60.00000,169.89692,0.32072,0.06062,0.64181,0.00000,0.00000,0.00000,0.00000,none
1.75417,89.73029,70.09566,2.82125,-0.10414,-0.00151,7.67714,-5.90960,60.00000,60.00000,169.90434,0.32046,0.06058,0.63976,0.00000,0.00000,0.00000,0.00000,none
1.75833,89.73065,70.08828,2.82249,-0.10404,-0.00152,7.65243,-5.94918,60.00000,60.00000,169.91172,0.32019,0.06054,0.63770,0.00000,0.00000,0.00000,0.00000,none
1.76250,89.73102,70.08094,2.82372,-0.10393,-0.00153,7.62756,-5.98851,60.00000,60.00000,169.91906,0.31993,0.06050,0.63563,0.00000,0.00000,0.00000,0.00000,none
1.76667,89.73138,70.07363,2.82495,-0.10382,-0.00154,7.60253,-6.02757,60.00000,60.00000,169.92637,0.31967,0.06046,0.63354,0.00000,0.00000,0.00000,0.00000,none
1.77083,89.73175,70.06636,2.82617,-0.10372,-0.00155,7.57733,-6.06638,60.00000,60.00000,169.93364,0.31941,0.06042,0.63144,0.00000,0.00000,0.00000,0.00000,none
1.77500,89.73212,70.05912,2.82739,-0.10361,-0.00156,7.55197,-6.10493,60.00000,60.00000,169.94088,0.31915,0.06039,0.62933,0.00000,0.00000,0.00000,0.00000,none
1.77917,89.73249,70.05192,2.82861,-0.10350,-0.00157,7.52646,-6.14322,60.00000,60.00000,169.94808,0.31889,0.06035,0.62720,0.00000,0.00000,0.00000,0.00000,none
1.78333,89.73287,70.04475,2.82982,-0.10340,-0.00158,7.50078,-6.18125,60.00000,60.00000,169.95525,0.31863,0.06031,0.62507,0.00000,0.00000,0.00000,0.00000,none
1.78750,89.73324,70.03761,2.83102,-0.10329,-0.00159,7.47495,-6.21901,60.00000,60.00000,169.96239,0.31838,0.06027,0.62291,0.00000,0.00000,0.00000,0.00000,none
1.79167,89.73362,70.03052,2.83222,-0.10319,-0.00160,7.44896,-6.25651,60.00000,60.00000,169.96948,0.31813,0.06023,0.62075,0.00000,0.00000,0.00000,0.00000,none
1.79583,89.73401,70.02345,2.83341,-0.10308,-0.00161,7.42281,-6.29374,60.00000,60.00000,169.97655,0.31787,0.06020,0.61857,0.00000,0.00000,0.00000,0.00000,none
1.80000,89.73439,70.01642,2.83460,-0.10298,-0.00162,7.39651,-6.33071,60.00000,60.00000,169.98358,0.31762,0.06016,0.61638,0.00000,0.00000,0.00000,0.00000,none
1.80417,89.73478,70.00943,2.83579,-0.10287,-0.00163,7.37005,-6.36741,60.00000,60.00000,169.99057,0.31737,0.06012,0.61417,0.00000,0.00000,0.00000,0.00000,none
1.80833,89.73517,70.00246,2.83696,-0.10277,-0.00163,7.34345,-6.40384,60.00000,60.00000,169.99754,0.31712,0.06009,0.61195,0.00000,0.00000,0.00000,0.00000,none
1.81250,89.73556,69.99554,2.83814,-0.10266,-0.00164,7.31669,-6.44000,60.00000,60.00000,170.00446,0.31688,0.06005,0.60972,0.00000,0.00000,0.00000,0.00000,none
1.81667,89.73595,69.98864,2.83931,-0.10256,-0.00165,7.28978,-6.47589,60.00000,60.00000,170.01136,0.31664,0.06002,0.60748,0.00000,0.00000,0.00000,0.00000,none
1.82083,89.73635,69.98178,2.84047,-0.10245,-0.00166,7.26272,-6.51150,60.00000,60.00000,170.01822,0.31640,0.05998,0.60523,0.00000,0.00000,0.00000,0.00000,none
1.82500,89.73675,69.97495,2.84163,-0.10235,-0.00167,7.23552,-6.54685,60.00000,60.00000,170.02505,0.31616,0.05995,0.60296,0.00000,0.00000,0.00000,0.00000,none
1.82917,89.73715,69.96816,2.84279,-0.10225,-0.00168,7.20817,-6.58191,60.00000,60.00000,170.03184,0.31593,0.05991,0.60068,0.00000,0.00000,0.00000,0.00000,none
1.83333,89.73755,69.96139,2.84394,-0.10214,-0.00169,7.18067,-6.61670,60.00000,60.00000,170.03861,0.31569,0.05988,0.59839,0.00000,0.00000,0.00000,0.00000,none
1.83750,89.73795,69.95466,2.84508,-0.10204,-0.00170,7.15303,-6.65122,60.00000,60.00000,170.04534,0.31546,0.05984,0.59609,0.00000,0.00000,0.00000,0.00000,none
1.84167,89.73836,69.94796,2.84622,-0.10194,-0.00171,7.12524,-6.68545,60.00000,60.00000,170.05204,0.31523,0.05981,0.59377,0.00000,0.00000,0.00000,0.00000,none
1.84583,89.73877,69.94130,2.84736,-0.10184,-0.00172,7.09732,-6.71940,60.00000,60.00000,170.05870,0.31499,0.05977,0.59144,0.00000,0.00000,0.00000,0.00000,none
1.85000,89.73918,69.93466,2.84849,-0.10174,-0.00172,7.06925,-6.75308,60.00000,60.00000,170.06534,0.31476,0.05974,0.58910,0.00000,0.00000,0.00000,0.00000,none
1.85417,89.73959,69.92806,2.84962,-0.10163,-0.00173,7.04104,-6.78647,60.00000,60.00000,170.07194,0.31453,0.05971,0.58675,0.00000,0.00000,0.00000,0.00000,none
1.85833,89.74001,69.92149,2.85074,-0.10153,-0.00174,7.01270,-6.81958,60.00000,60.00000,170.07851,0.31431,0.05967,0.58439,0.00000,0.00000,0.00000,0.00000,none
1.86250,89.74042,69.91495,2.85185,-0.10143,-0.00175,6.98421,-6.85240,60.00000,60.00000,170.08505,0.31408,0.05964,0.58202,0.00000,0.00000,0.00000,0.00000,none
1.86667,89.74084,69.90845,2.85297,-0.10133,-0.00176,6.95559,-6.88494,60.00000,60.00000,170.09155,0.31385,0.05961,0.57963,0.00000,0.00000,0.00000,0.00000,none
1.87083,89.74126,69.90197,2.85407,-0.10123,-0.00177,6.92684,-6.91719,60.00000,60.00000,170.09803,0.31363,0.05957,0.57724,0.00000,0.00000,0.00000,0.00000,none
1.87500,89.74169,69.89553,2.85518,-0.10113,-0.00178,6.89795,-6.94915,60.00000,60.00000,170.10447,0.31340,0.05954,0.57483,0.00000,0.00000,0.00000,0.00000,none
1.87917,89.74211,69.88911,2.85628,-0.10103,-0.00178,6.86893,-6.98082,60.00000,60.00000,170.11089,0.31318,0.05951,0.57241,0.00000,0.00000,0.00000,0.00000,none
1.88333,89.74254,69.88273,2.85737,-0.10093,-0.00179,6.83978,-7.01220,60.00000,60.00000,170.11727,0.31296,0.05948,0.56998,0.00000,0.00000,0.00000,0.00000,none
1.88750,89.74297,69.87638,2.85846,-0.10083,-0.00180,6.81049,-7.04329,60.00000,60.00000,170.12362,0.31274,0.05945,0.56754,0.00000,0.00000,0.00000,0.00000,none
1.89167,89.74340,69.87006,2.85955,-0.10073,-0.00181,6.78108,-7.07409,60.00000,60.00000,170.12994,0.31252,0.05941,0.56509,0.00000,0.00000,0.00000,0.00000,none
1.89583,89.74383,69.86377,2.86063,-0.10063,-0.00181,6.75154,-7.10459,60.00000,60.00000,170.13623,0.31230,0.05938,0.56263,0.00000,0.00000,0.00000,0.00000,none
1.90000,89.74426,69.85751,2.86170,-0.10053,-0.00182,6.72188,-7.13480,60.00000,60.00000,170.14249,0.31208,0.05935,0.56016,0.00000,0.00000,0.00000,0.00000,none
1.90417,89.74470,69.85128,2.86277,-0.10044,-0.00183,6.69209,-7.16471,60.00000,60.00000,170.14872,0.31187,0.05932,0.55767,0.00000,0.00000,0.00000,0.00000,none
1.90833,89.74514,69.84508,2.86384,-0.10034,-0.00184,6.66217,-7.19432,60.00000,60.00000,170.15492,0.31165,0.05929,0.55518,0.00000,0.00000,0.00000,0.00000,none
1.91250,89.74558,69.83891,2.86490,-0.10024,-0.00185,6.63214,-7.22364,60.00000,60.00000,170.16109,0.31144,0.05926,0.55268,0.00000,0.00000,0.00000,0.00000,none
1.91667,89.74602,69.83277,2.86596,-0.10014,-0.00185,6.60198,-7.25265,60.00000,60.00000,170.16723,0.31123,0.05923,0.55016,0.00000,0.00000,0.00000,0.00000,none
1.92083,89.74646,69.82666,2.86702,-0.10004,-0.00186,6.57170,-7.28136,60.00000,60.00000,170.17334,0.31101,0.05920,0.54764,0.00000,0.00000,0.00000,0.00000,none
1.92500,89.74691,69.82059,2.86806,-0.09995,-0.00187,6.54130,-7.30977,60.00000,60.00000,170.17941,0.31080,0.05917,0.54511,0.00000,0.00000,0.00000,0.00000,none
1.92917,89.74735,69.81454,2.86911,-0.09985,-0.00187,6.51078,-7.33788,60.00000,60.00000,170.18546,0.31059,0.05914,0.54257,0.00000,0.00000,0.00000,0.00000,none
1.93333,89.74780,69.80851,2.87015,-0.09975,-0.00188,6.48015,-7.36568,60.00000,60.00000,170.19149,0.31038,0.05911,0.54001,0.00000,0.00000,0.00000,0.00000,none
1.93750,89.74825,69.80252,2.87119,-0.09966,-0.00189,6.44940,-7.39317,60.00000,60.00000,170.19748,0.31017,0.05908,0.53745,0.00000,0.00000,0.00000,0.00000,none
1.94167,89.74870,69.79656,2.87222,-0.09956,-0.00190,6.41854,-7.42035,60.00000,60.00000,170.20344,0.30997,0.05905,0.53488,0.00000,0.00000,0.00000,0.00000,none
1.94583,89.74916,69.79063,2.87325,-0.09946,-0.00190,6.38757,-7.44723,60.00000,60.00000,170.20937,0.30976,0.05902,0.53230,0.00000,0.00000,0.00000,0.00000,none
1.95000,89.74961,69.78473,2.87427,-0.09937,-0.00191,6.35648,-7.47379,60.00000,60.00000,170.21527,0.30956,0.05899,0.52971,0.00000,0.00000,0.00000,0.00000,none
1.95417,89.75007,69.77885,2.87529,-0.09927,-0.00192,6.32529,-7.50005,60.00000,60.00000,170.22115,0.30935,0.05896,0.52711,0.00000,0.00000,0.00000,0.00000,none
1.95833,89.75053,69.77300,2.87630,-0.09917,-0.00192,6.29398,-7.52599,60.00000,60.00000,170.22700,0.30915,0.05893,0.52450,0.00000,0.00000,0.00000,0.00000,none
1.96250,89.75099,69.76719,2.87731,-0.09908,-0.00193,6.26257,-7.55162,60.00000,60.00000,170.23281,0.30895,0.05890,0.52188,0.00000,0.00000,0.00000,0.00000,none
1.96667,89.75145,69.76140,2.87832,-0.09898,-0.00194,6.23105,-7.57693,60.00000,60.00000,170.23860,0.30875,0.05887,0.51925,0.00000,0.00000,0.00000,0.00000,none
1.97083,89.75191,69.75564,2.87932,-0.09889,-0.00194,6.19943,-7.60192,60.00000,60.00000,170.24436,0.30855,0.05884,0.51662,0.00000,0.00000,0.00000,0.00000,none
1.97500,89.75238,69.74990,2.88032,-0.09879,-0.00195,6.16770,-7.62660,60.00000,60.00000,170.25010,0.30835,0.05881,0.51398,0.00000,0.00000,0.00000,0.00000,none
1.97917,89.75284,69.74420,2.88132,-0.09870,-0.00196,6.13587,-7.65096,60.00000,60.00000,170.25580,0.30815,0.05879,0.51132,0.00000,0.00000,0.00000,0.00000,none
1.98333,89.75331,69.73852,2.88231,-0.09861,-0.00196,6.10394,-7.67500,60.00000,60.00000,170.26148,0.30795,0.05876,0.50866,0.00000,0.00000,0.00000,0.00000,none
1.98750,89.75378,69.73287,2.88329,-0.09851,-0.00197,6.07192,-7.69871,60.00000,60.00000,170.26713,0.30776,0.05873,0.50599,0.00000,0.00000,0.00000,0.00000,none
1.99167,89.75425,69.72725,2.88427,-0.09842,-0.00198,6.03979,-7.72211,60.00000,60.00000,170.27275,0.30756,0.05870,0.50332,0.00000,0.00000,0.00000,0.00000,none
1.99583,89.75472,69.72166,2.88525,-0.09832,-0.00198,6.00757,-7.74518,60.00000,60.00000,170.27834,0.30737,0.05867,0.50063,0.00000,0.00000,0.00000,0.00000,none
2.00000,89.75520,69.71609,2.88622,-0.09823,-0.00199,5.97525,-7.76792,60.00000,60.00000,170.28391,0.30717,0.05865,0.49794,0.00000,0.00000,0.00000,0.00000,none
2.00417,89.75567,69.71055,2.88719,-0.09814,-0.00199,5.94283,-7.79034,60.00000,60.00000,170.28945,0.30698,0.05862,0.49524,0.00000,0.00000,0.00000,0.00000,none
2.00833,89.75615,69.70504,2.88816,-0.09804,-0.00200,5.91033,-7.81243,60.00000,60.00000,170.29496,0.30679,0.05859,0.49253,0.00000,0.00000,0.00000,0.00000,none
2.01250,89.75663,69.69956,2.88912,-0.09795,-0.00201,5.87773,-7.83419,60.00000,60.00000,170.30044,0.30660,0.05856,0.48981,0.00000,0.00000,0.00000,0.00000,none
2.01667,89.75710,69.69410,2.89008,-0.09786,-0.00201,5.84504,-7.85562,60.00000,60.00000,170.30590,0.30641,0.05854,0.48709,0.00000,0.00000,0.00000,0.00000,none
2.02083,89.75759,69.68867,2.89103,-0.09777,-0.00202,5.81227,-7.87672,60.00000,60.00000,170.31133,0.30622,0.05851,0.48436,0.00000,0.00000,0.00000,0.00000,none
2.02500,89.75807,69.68327,2.89198,-0.09767,-0.00202,5.77940,-7.89749,60.00000,60.00000,170.31673,0.30603,0.05848,0.48162,0.00000,0.00000,0.00000,0.00000,none
2.02917,89.75855,69.67789,2.89292,-0.09758,-0.00203,5.74646,-7.91793,60.00000,60.00000,170.32211,0.30585,0.05846,0.47887,0.00000,0.00000,0.00000,0.00000,none
2.03333,89.75904,69.67254,2.89386,-0.09749,-0.00203,5.71342,-7.93803,60.00000,60.00000,170.32746,0.30566,0.05843,0.47612,0.00000,0.00000,0.00000,0.00000,none
2.03750,89.75952,69.66721,2.89480,-0.09740,-0.00204,5.68031,-7.95779,60.00000,60.00000,170.33279,0.30547,0.05841,0.47336,0.00000,0.00000,0.00000,0.00000,none
2.04167,89.76001,69.66192,2.89573,-0.09731,-0.00205,5.64711,-7.97722,60.00000,60.00000,170.33808,0.30529,0.05838,0.47059,0.00000,0.00000,0.00000,0.00000,none
2.04583,89.76050,69.65665,2.89666,-0.09721,-0.00205,5.61383,-7.99630,60.00000,60.00000,170.34335,0.30511,0.05835,0.46782,0.00000,0.00000,0.00000,0.00000,none
2.05000,89.76099,69.65140,2.89759,-0.09712,-0.00206,5.58047,-8.01505,60.00000,60.00000,170.34860,0.30493,0.05833,0.46504,0.00000,0.00000,0.00000,0.00000,none
2.05417,89.76148,69.64618,2.89851,-0.09703,-0.00206,5.54704,-8.03346,60.00000,60.00000,170.35382,0.30474,0.05830,0.46225,0.00000,0.00000,0.00000,0.00000,none
2.05833,89.76197,69.64099,2.89943,-0.09694,-0.00207,5.51353,-8.05152,60.00000,60.00000,170.35901,0.30456,0.05828,0.45946,0.00000,0.00000,0.00000,0.00000,none
2.06250,89.76247,69.63582,2.90034,-0.09685,-0.00207,5.47994,-8.06924,60.00000,60.00000,170.36418,0.30438,0.05825,0.45666,0.00000,0.00000,0.00000,0.00000,none
2.06667,89.76296,69.63068,2.90125,-0.09676,-0.00208,5.44628,-8.08662,60.00000,60.00000,170.36932,0.30421,0.05823,0.45386,0.00000,0.00000,0.00000,0.00000,none
2.07083,89.76346,69.62556,2.90216,-0.09667,-0.00208,5.41255,-8.10365,60.00000,60.00000,170.37444,0.30403,0.05820,0.45105,0.00000,0.00000,0.00000,0.00000,none
2.07500,89.76396,69.62047,2.90306,-0.09658,-0.00209,5.37875,-8.12034,60.00000,60.00000,170.37953,0.30385,0.05818,0.44823,0.00000,0.00000,0.00000,0.00000,none
2.07917,89.76446,69.61540,2.90396,-0.09649,-0.00209,5.34489,-8.13668,60.00000,60.00000,170.38460,0.30368,0.05815,0.44541,0.00000,0.00000,0.00000,0.00000,none
2.08333,89.76496,69.61036,2.90485,-0.09640,-0.00210,5.31095,-8.15267,60.00000,60.00000,170.38964,0.30350,0.05813,0.44258,0.00000,0.00000,0.00000,0.00000,none
2.08750,89.76546,69.60535,2.90574,-0.09631,-0.00210,5.27695,-8.16830,60.00000,60.00000,170.39465,0.30333,0.05810,0.43975,0.00000,0.00000,0.00000,0.00000,none
2.09167,89.76596,69.60036,2.90663,-0.09622,-0.00211,5.24288,-8.18359,60.00000,60.00000,170.39964,0.30315,0.05808,0.43691,0.00000,0.00000,0.00000,0.00000,none
2.09583,89.76646,69.59539,2.90751,-0.09613,-0.00211,5.20875,-8.19853,60.00000,60.00000,170.40461,0.30298,0.05805,0.43406,0.00000,0.00000,0.00000,0.00000,none
2.10000,89.76697,69.59045,2.90839,-0.09604,-0.00212,5.17456,-8.21311,60.00000,60.00000,170.40955,0.30281,0.05803,0.43121,0.00000,0.00000,0.00000,0.00000,none
2.10417,89.76747,69.58553,2.90927,-0.09595,-0.00212,5.14031,-8.22734,60.00000,60.00000,170.41447,0.30264,0.05801,0.42836,0.00000,0.00000,0.00000,0.00000,none
2.10833,89.76798,69.58064,2.91014,-0.09587,-0.00213,5.10600,-8.24121,60.00000,60.00000,170.41936,0.30247,0.05798,0.42550,0.00000,0.00000,0.00000,0.00000,none
2.11250,89.76849,69.57577,2.91101,-0.09578,-0.00213,5.07163,-8.25472,60.00000,60.00000,170.42423,0.30230,0.05796,0.42264,0.00000,0.00000,0.00000,0.00000,none
2.11667,89.76900,69.57093,2.91187,-0.09569,-0.00213,5.03721,-8.26788,60.00000,60.00000,170.42907,0.30213,0.05794,0.41977,0.00000,0.00000,0.00000,0.00000,none
2.12083,89.76951,69.56611,2.91274,-0.09560,-0.00214,5.00273,-8.28068,60.00000,60.00000,170.43389,0.30196,0.05791,0.41689,0.00000,0.00000,0.00000,0.00000,none
2.12500,89.77002,69.56132,2.91359,-0.09551,-0.00214,4.96820,-8.29312,60.00000,60.00000,170.43868,0.30180,0.05789,0.41402,0.00000,0.00000,0.00000,0.00000,none
2.12917,89.77053,69.55654,2.91445,-0.09542,-0.00215,4.93362,-8.30520,60.00000,60.00000,170.44346,0.30163,0.05787,0.41114,0.00000,0.00000,0.00000,0.00000,none
2.13333,89.77104,69.55180,2.91530,-0.09534,-0.00215,4.89900,-8.31692,60.00000,60.00000,170.44820,0.30147,0.05784,0.40825,0.00000,0.00000,0.00000,0.00000,none
2.13750,89.77156,69.54707,2.91614,-0.09525,-0.00216,4.86432,-8.32827,60.00000,60.00000,170.45293,0.30130,0.05782,0.40536,0.00000,0.00000,0.00000,0.00000,none
2.14167,89.77207,69.54237,2.91699,-0.09516,-0.00216,4.82959,-8.33926,60.00000,60.00000,170.45763,0.30114,0.05780,0.40247,0.00000,0.00000,0.00000,0.00000,none
2.14583,89.77259,69.53770,2.91783,-0.09508,-0.00216,4.79482,-8.34988,60.00000,60.00000,170.46230,0.30098,0.05778,0.39957,0.00000,0.00000,0.00000,0.00000,none
2.15000,89.77310,69.53305,2.91866,-0.09499,-0.00217,4.76001,-8.36014,60.00000,60.00000,170.46695,0.30081,0.05775,0.39667,0.00000,0.00000,0.00000,0.00000,none
2.15417,89.77362,69.52842,2.91950,-0.09490,-0.00217,4.72516,-8.37004,60.00000,60.00000,170.47158,0.30065,0.05773,0.39376,0.00000,0.00000,0.00000,0.00000,none
2.15833,89.77414,69.52381,2.92032,-0.09482,-0.00217,4.69026,-8.37956,60.00000,60.00000,170.47619,0.30049,0.05771,0.39086,0.00000,0.00000,0.00000,0.00000,none
2.16250,89.77466,69.51923,2.92115,-0.09473,-0.00218,4.65533,-8.38872,60.00000,60.00000,170.48077,0.30033,0.05769,0.38794,0.00000,0.00000,0.00000,0.00000,none
2.16667,89.77518,69.51467,2.92197,-0.09464,-0.00218,4.62036,-8.39750,60.00000,60.00000,170.48533,0.30018,0.05766,0.38503,0.00000,0.00000,0.00000,0.00000,none
2.17083,89.77570,69.51013,2.92279,-0.09456,-0.00219,4.58535,-8.40592,60.00000,60.00000,170.48987,0.30002,0.05764,0.38211,0.00000,0.00000,0.00000,0.00000,none
2.17500,89.77623,69.50562,2.92361,-0.09447,-0.00219,4.55031,-8.41396,60.00000,60.00000,170.49438,0.29986,0.05762,0.37919,0.00000,0.00000,0.00000,0.00000,none
2.17917,89.77675,69.50113,2.92442,-0.09439,-0.00219,4.51523,-8.42163,60.00000,60.00000,170.49887,0.29971,0.05760,0.37627,0.00000,0.00000,0.00000,0.00000,none
2.18333,89.77727,69.49666,2.92522,-0.09430,-0.00220,4.48013,-8.42893,60.00000,60.00000,170.50334,0.29955,0.05758,0.37334,0.00000,0.00000,0.00000,0.00000,none
2.18750,89.77780,69.49221,2.92603,-0.09422,-0.00220,4.44499,-8.43586,60.00000,60.00000,170.50779,0.29940,0.05756,0.37042,0.00000,0.00000,0.00000,0.00000,none
2.19167,89.77832,69.48779,2.92683,-0.09413,-0.00220,4.40983,-8.44241,60.00000,60.00000,170.51221,0.29924,0.05753,0.36749,0.00000,0.00000,0.00000,0.00000,none
2.19583,89.77885,69.48339,2.92763,-0.09405,-0.00221,4.37464,-8.44858,60.00000,60.00000,170.51661,0.29909,0.05751,0.36455,0.00000,0.00000,0.00000,0.00000,none
2.20000,89.77938,69.47901,2.92842,-0.09396,-0.00221,4.33943,-8.45438,60.00000,60.00000,170.52099,0.29894,0.05749,0.36162,0.00000,0.00000,0.00000,0.00000,none
2.20417,89.77990,69.47465,2.92921,-0.09388,-0.00221,4.30419,-8.45980,60.00000,60.00000,170.52535,0.29879,0.05747,0.35868,0.00000,0.00000,0.00000,0.00000,none
2.20833,89.78043,69.47031,2.93000,-0.09379,-0.00222,4.26893,-8.46484,60.00000,60.00000,170.52969,0.29864,0.05745,0.35574,0.00000,0.00000,0.00000,0.00000,none
2.21250,89.78096,69.46600,2.93079,-0.09371,-0.00222,4.23365,-8.46950,60.00000,60.00000,170.53400,0.29849,0.05743,0.35280,0.00000,0.00000,0.00000,0.00000,none
2.21667,89.78149,69.46171,2.93157,-0.09362,-0.00222,4.19835,-8.47379,60.00000,60.00000,170.53829,0.29834,0.05741,0.34986,0.00000,0.00000,0.00000,0.00000,none
2.22083,89.78202,69.45744,2.93234,-0.09354,-0.00223,4.16303,-8.47769,60.00000,60.00000,170.54256,0.29819,0.05739,0.34692,0.00000,0.00000,0.00000,0.00000,none
2.22500,89.78255,69.45319,2.93312,-0.09346,-0.00223,4.12770,-8.48121,60.00000,60.00000,170.54681,0.29804,0.05737,0.34398,0.00000,0.00000,0.00000,0.00000,none
2.22917,89.78309,69.44897,2.93389,-0.09337,-0.00223,4.09236,-8.48435,60.00000,60.00000,170.55103,0.29789,0.05735,0.34103,0.00000,0.00000,0.00000,0.00000,none
2.23333,89.78362,69.44476,2.93466,-0.09329,-0.00223,4.05700,-8.48711,60.00000,60.00000,170.55524,0.29775,0.05733,0.33808,0.00000,0.00000,0.00000,0.00000,none
2.23750,89.78415,69.44058,2.93542,-0.09321,-0.00224,4.02163,-8.48948,60.00000,60.00000,170.55942,0.29760,0.05731,0.33514,0.00000,0.00000,0.00000,0.00000,none
2.24167,89.78469,69.43641,2.93618,-0.09312,-0.00224,3.98625,-8.49147,60.00000,60.00000,170.56359,0.29746,0.05729,0.33219,0.00000,0.00000,0.00000,0.00000,none
2.24583,89.78522,69.43227,2.93694,-0.09304,-0.00224,3.95087,-8.49308,60.00000,60.00000,170.56773,0.29731,0.05727,0.32924,0.00000,0.00000,0.00000,0.00000,none
2.25000,89.78576,69.42815,2.93769,-0.09296,-0.00224,3.91548,-8.49430,60.00000,60.00000,170.57185,0.29717,0.05725,0.32629,0.00000,0.00000,0.00000,0.00000,none
2.25417,89.78629,69.42405,2.93845,-0.09287,-0.00225,3.88008,-8.49514,60.00000,60.00000,170.57595,0.29703,0.05723,0.32334,0.00000,0.00000,0.00000,0.00000,none
2.25833,89.78683,69.41997,2.93919,-0.09279,-0.00225,3.84469,-8.49558,60.00000,60.00000,170.58003,0.29689,0.05721,0.32039,0.00000,0.00000,0.00000,0.00000,none
2.26250,89.78737,69.41592,2.93994,-0.09271,-0.00225,3.80929,-8.49565,60.00000,60.00000,170.58408,0.29675,0.05719,0.31744,0.00000,0.00000,0.00000,0.00000,none
2.26667,89.78791,69.41188,2.94068,-0.09263,-0.00225,3.77389,-8.49532,60.00000,60.00000,170.58812,0.29661,0.05717,0.31449,0.00000,0.00000,0.00000,0.00000,none
2.27083,89.78844,69.40786,2.94142,-0.09255,-0.00226,3.73849,-8.49461,60.00000,60.00000,170.59214,0.29647,0.05715,0.31154,0.00000,0.00000,0.00000,0.00000,none
2.27500,89.78898,69.40387,2.94215,-0.09246,-0.00226,3.70310,-8.49351,60.00000,60.00000,170.59613,0.29633,0.05713,0.30859,0.00000,0.00000,0.00000,0.00000,none
2.27917,89.78952,69.39989,2.94289,-0.09238,-0.00226,3.66772,-8.49202,60.00000,60.00000,170.60011,0.29619,0.05712,0.30564,0.00000,0.00000,0.00000,0.00000,none
2.28333,89.79006,69.39594,2.94362,-0.09230,-0.00226,3.63234,-8.49014,60.00000,60.00000,170.60406,0.29605,0.05710,0.30269,0.00000,0.00000,0.00000,0.00000,none
2.28750,89.79060,69.39200,2.94434,-0.09222,-0.00226,3.59697,-8.48787,60.00000,60.00000,170.60800,0.29592,0.05708,0.29975,0.00000,0.00000,0.00000,0.00000,none
2.29167,89.79114,69.38809,2.94506,-0.09214,-0.00227,3.56160,-8.48521,60.00000,60.00000,170.61191,0.29578,0.05706,0.29680,0.00000,0.00000,0.00000,0.00000,none
2.29583,89.79169,69.38419,2.94578,-0.09206,-0.00227,3.52626,-8.48216,60.00000,60.00000,170.61581,0.29564,0.05704,0.29385,0.00000,0.00000,0.00000,0.00000,none
2.30000,89.79223,69.38032,2.94650,-0.09198,-0.00227,3.49092,-8.47871,60.00000,60.00000,170.61968,0.29551,0.05702,0.29091,0.00000,0.00000,0.00000,0.00000,none
2.30417,89.79277,69.37646,2.94721,-0.09190,-0.00227,3.45560,-8.47488,60.00000,60.00000,170.62354,0.29538,0.05700,0.28797,0.00000,0.00000,0.00000,0.00000,none
2.30833,89.79331,69.37262,2.94792,-0.09182,-0.00227,3.42030,-8.47066,60.00000,60.00000,170.62738,0.29524,0.05699,0.28502,0.00000,0.00000,0.00000,0.00000,none
2.31250,89.79385,69.36881,2.94863,-0.09174,-0.00228,3.38501,-8.46604,60.00000,60.00000,170.63119,0.29511,0.05697,0.28208,0.00000,0.00000,0.00000,0.00000,none
2.31667,89.79440,69.36501,2.94934,-0.09166,-0.00228,3.34975,-8.46103,60.00000,60.00000,170.63499,0.29498,0.05695,0.27915,0.00000,0.00000,0.00000,0.00000,none
2.32083,89.79494,69.36123,2.95004,-0.09158,-0.00228,3.31450,-8.45563,60.00000,60.00000,170.63877,0.29485,0.05693,0.27621,0.00000,0.00000,0.00000,0.00000,none
2.32500,89.79549,69.35748,2.95074,-0.09150,-0.00228,3.27928,-8.44984,60.00000,60.00000,170.64252,0.29472,0.05692,0.27327,0.00000,0.00000,0.00000,0.00000,none
2.32917,89.79603,69.35374,2.95143,-0.09142,-0.00228,3.24409,-8.44365,60.00000,60.00000,170.64626,0.29459,0.05690,0.27034,0.00000,0.00000,0.00000,0.00000,none
2.33333,89.79658,69.35002,2.95212,-0.09134,-0.00228,3.20892,-8.43707,60.00000,60.00000,170.64998,0.29446,0.05688,0.26741,0.00000,0.00000,0.00000,0.00000,none
2.33750,89.79712,69.34632,2.95281,-0.09126,-0.00229,3.17378,-8.43010,60.00000,60.00000,170.65368,0.29433,0.05686,0.26448,0.00000,0.00000,0.00000,0.00000,none
2.34167,89.79767,69.34264,2.95350,-0.09118,-0.00229,3.13867,-8.42273,60.00000,60.00000,170.65736,0.29420,0.05685,0.26156,0.00000,0.00000,0.00000,0.00000,none
2.34583,89.79821,69.33898,2.95418,-0.09110,-0.00229,3.10359,-8.41497,60.00000,60.00000,170.66102,0.29407,0.05683,0.25863,0.00000,0.00000,0.00000,0.00000,none
2.35000,89.79876,69.33533,2.95486,-0.09102,-0.00229,3.06855,-8.40682,60.00000,60.00000,170.66467,0.29395,0.05681,0.25571,0.00000,0.00000,0.00000,0.00000,none
2.35417,89.79931,69.33171,2.95554,-0.09095,-0.00229,3.03354,-8.39827,60.00000,60.00000,170.66829,0.29382,0.05679,0.25279,0.00000,0.00000,0.00000,0.00000,none
2.35833,89.79985,69.32810,2.95622,-0.09087,-0.00229,2.99856,-8.38933,60.00000,60.00000,170.67190,0.29370,0.05678,0.24988,0.00000,0.00000,0.00000,0.00000,none
2.36250,89.80040,69.32451,2.95689,-0.09079,-0.00229,2.96363,-8.37999,60.00000,60.00000,170.67549,0.29357,0.05676,0.24697,0.00000,0.00000,0.00000,0.00000,none
2.36667,89.80095,69.32094,2.95756,-0.09071,-0.00229,2.92873,-8.37026,60.00000,60.00000,170.67906,0.29345,0.05674,0.24406,0.00000,0.00000,0.00000,0.00000,none
2.37083,89.80149,69.31739,2.95822,-0.09063,-0.00229,2.89387,-8.36014,60.00000,60.00000,170.68261,0.29332,0.05673,0.24116,0.00000,0.00000,0.00000,0.00000,none
2.37500,89.80204,69.31386,2.95888,-0.09056,-0.00230,2.85906,-8.34963,60.00000,60.00000,170.68614,0.29320,0.05671,0.23826,0.00000,0.00000,0.00000,0.00000,none
2.37917,89.80259,69.31035,2.95955,-0.09048,-0.00230,2.82429,-8.33872,60.00000,60.00000,170.68965,0.29308,0.05669,0.23536,0.00000,0.00000,0.00000,0.00000,none
2.38333,89.80314,69.30685,2.96020,-0.09040,-0.00230,2.78957,-8.32741,60.00000,60.00000,170.69315,0.29296,0.05668,0.23246,0.00000,0.00000,0.00000,0.00000,none
2.38750,89.80369,69.30337,2.96086,-0.09033,-0.00230,2.75490,-8.31572,60.00000,60.00000,170.69663,0.29284,0.05666,0.22957,0.00000,0.00000,0.00000,0.00000,none
2.39167,89.80424,69.29991,2.96151,-0.09025,-0.00230,2.72028,-8.30363,60.00000,60.00000,170.70009,0.29272,0.05664,0.22669,0.00000,0.00000,0.00000,0.00000,none
2.39583,89.80478,69.29647,2.96216,-0.09017,-0.00230,2.68570,-8.29114,60.00000,60.00000,170.70353,0.29260,0.05663,0.22381,0.00000,0.00000,0.00000,0.00000,none
2.40000,89.80533,69.29304,2.96280,-0.09010,-0.00230,2.65118,-8.27827,60.00000,60.00000,170.70696,0.29248,0.05661,0.22093,0.00000,0.00000,0.00000,0.00000,none
2.40417,89.80588,69.28964,2.96345,-0.09002,-0.00230,2.61672,-8.26500,60.00000,60.00000,170.71036,0.29236,0.05660,0.21806,0.00000,0.00000,0.00000,0.00000,none
2.40833,89.80643,69.28625,2.96409,-0.08994,-0.00230,2.58231,-8.25134,60.00000,60.00000,170.71375,0.29224,0.05658,0.21519,0.00000,0.00000,0.00000,0.00000,none
2.41250,89.80698,69.28287,2.96472,-0.08987,-0.00230,2.54796,-8.23729,60.00000,60.00000,170.71713,0.29213,0.05657,0.21233,0.00000,0.00000,0.00000,0.00000,none
2.41667,89.80753,69.27952,2.96536,-0.08979,-0.00230,2.51367,-8.22284,60.00000,60.00000,170.72048,0.29201,0.05655,0.20947,0.00000,0.00000,0.00000,0.00000,none
2.42083,89.80808,69.27618,2.96599,-0.08972,-0.00230,2.47943,-8.20801,60.00000,60.00000,170.72382,0.29189,0.05653,0.20662,0.00000,0.00000,0.00000,0.00000,none
2.42500,89.80863,69.27286,2.96662,-0.08964,-0.00230,2.44527,-8.19278,60.00000,60.00000,170.72714,0.29178,0.05652,0.20377,0.00000,0.00000,0.00000,0.00000,none
2.42917,89.80918,69.26956,2.96725,-0.08957,-0.00230,2.41116,-8.17716,60.00000,60.00000,170.73044,0.29166,0.05650,0.20093,0.00000,0.00000,0.00000,0.00000,none
2.43333,89.80973,69.26627,2.96787,-0.08949,-0.00230,2.37712,-8.16116,60.00000,60.00000,170.73373,0.29155,0.05649,0.19809,0.00000,0.00000,0.00000,0.00000,none
2.43750,89.81028,69.26300,2.96849,-0.08942,-0.00230,2.34315,-8.14476,60.00000,60.00000,170.73700,0.29144,0.05647,0.19526,0.00000,0.00000,0.00000,0.00000,none
2.44167,89.81083,69.25975,2.96911,-0.08934,-0.00230,2.30925,-8.12798,60.00000,60.00000,170.74025,0.29132,0.05646,0.19244,0.00000,0.00000,0.00000,0.00000,none
2.44583,89.81138,69.25652,2.96973,-0.08927,-0.00230,2.27542,-8.11080,60.00000,60.00000,170.74348,0.29121,0.05644,0.18962,0.00000,0.00000,0.00000,0.00000,none
2.45000,89.81192,69.25330,2.97034,-0.08919,-0.00230,2.24166,-8.09324,60.00000,60.00000,170.74670,0.29110,0.05643,0.18681,0.00000,0.00000,0.00000,0.00000,none
2.45417,89.81247,69.25010,2.97095,-0.08912,-0.00230,2.20798,-8.07529,60.00000,60.00000,170.74990,0.29099,0.05641,0.18400,0.00000,0.00000,0.00000,0.00000,none
2.45833,89.81302,69.24691,2.97156,-0.08905,-0.00230,2.17437,-8.05696,60.00000,60.00000,170.75309,0.29088,0.05640,0.18120,0.00000,0.00000,0.00000,0.00000,none
2.46250,89.81357,69.24374,2.97216,-0.08897,-0.00230,2.14084,-8.03823,60.00000,60.00000,170.75626,0.29077,0.05638,0.17840,0.00000,0.00000,0.00000,0.00000,none
2.46667,89.81412,69.24059,2.97276,-0.08890,-0.00230,2.10738,-8.01913,60.00000,60.00000,170.75941,0.29066,0.05637,0.17562,0.00000,0.00000,0.00000,0.00000,none
2.47083,89.81467,69.23745,2.97336,-0.08883,-0.00230,2.07401,-7.99964,60.00000,60.00000,170.76255,0.29055,0.05635,0.17283,0.00000,0.00000,0.00000,0.00000,none
2.47500,89.81522,69.23433,2.97396,-0.08875,-0.00230,2.04072,-7.97976,60.00000,60.00000,170.76567,0.29044,0.05634,0.17006,0.00000,0.00000,0.00000,0.00000,none
2.47917,89.81577,69.23123,2.97456,-0.08868,-0.00230,2.00751,-7.95950,60.00000,60.00000,170.76877,0.29033,0.05632,0.16729,0.00000,0.00000,0.00000,0.00000,none
2.48333,89.81632,69.22814,2.97515,-0.08861,-0.00230,1.97439,-7.93886,60.00000,60.00000,170.77186,0.29022,0.05631,0.16453,0.00000,0.00000,0.00000,0.00000,none
2.48750,89.81687,69.22507,2.97574,-0.08854,-0.00230,1.94136,-7.91784,60.00000,60.00000,170.77493,0.29012,0.05630,0.16178,0.00000,0.00000,0.00000,0.00000,none
2.49167,89.81741,69.22201,2.97632,-0.08846,-0.00230,1.90841,-7.89643,60.00000,60.00000,170.77799,0.29001,0.05628,0.15903,0.00000,0.00000,0.00000,0.00000,none
2.49583,89.81796,69.21897,2.97691,-0.08839,-0.00230,1.87555,-7.87465,60.00000,60.00000,170.78103,0.28991,0.05627,0.15630,0.00000,0.00000,0.00000,0.00000,none
2.50000,89.81851,69.21595,2.97749,-0.08832,-0.00230,1.84279,-7.85249,60.00000,60.00000,170.78405,0.28980,0.05625,0.15357,0.00000,0.00000,0.00000,0.00000,none
2.50417,89.81906,69.21294,2.97807,-0.08825,-0.00230,1.81012,-7.82995,60.00000,60.00000,170.78706,0.28970,0.05624,0.15084,0.00000,0.00000,0.00000,0.00000,none
2.50833,89.81961,69.20995,2.97865,-0.08818,-0.00229,1.77754,-7.80703,60.00000,60.00000,170.79005,0.28959,0.05623,0.14813,0.00000,0.00000,0.00000,0.00000,none
2.51250,89.82015,69.20697,2.97922,-0.08810,-0.00229,1.74506,-7.78374,60.00000,60.00000,170.79303,0.28949,0.05621,0.14542,0.00000,0.00000,0.00000,0.00000,none
2.51667,89.82070,69.20401,2.97979,-0.08803,-0.00229,1.71268,-7.76007,60.00000,60.00000,170.79599,0.28939,0.05620,0.14272,0.00000,0.00000,0.00000,0.00000,none
2.52083,89.82125,69.20106,2.98036,-0.08796,-0.00229,1.68039,-7.73603,60.00000,60.00000,170.79894,0.28928,0.05619,0.14003,0.00000,0.00000,0.00000,0.00000,none
2.52500,89.82180,69.19813,2.98093,-0.08789,-0.00229,1.64821,-7.71161,60.00000,60.00000,170.80187,0.28918,0.05617,0.13735,0.00000,0.00000,0.00000,0.00000,none
2.52917,89.82234,69.19521,2.98149,-0.08782,-0.00229,1.61613,-7.68683,60.00000,60.00000,170.80479,0.28908,0.05616,0.13468,0.00000,0.00000,0.00000,0.00000,none
2.53333,89.82289,69.19231,2.98205,-0.08775,-0.00229,1.58415,-7.66167,60.00000,60.00000,170.80769,0.28898,0.05614,0.13201,0.00000,0.00000,0.00000,0.00000,none
2.53750,89.82344,69.18943,2.98261,-0.08768,-0.00229,1.55228,-7.63615,60.00000,60.00000,170.81057,0.28888,0.05613,0.12936,0.00000,0.00000,0.00000,0.00000,none
2.54167,89.82398,69.18655,2.98317,-0.08761,-0.00229,1.52052,-7.61025,60.00000,60.00000,170.81345,0.28878,0.05612,0.12671,0.00000,0.00000,0.00000,0.00000,none
2.54583,89.82453,69.18370,2.98372,-0.08754,-0.00228,1.48886,-7.58399,60.00000,60.00000,170.81630,0.28868,0.05611,0.12407,0.00000,0.00000,0.00000,0.00000,none
2.55000,89.82507,69.18086,2.98427,-0.08747,-0.00228,1.45732,-7.55737,60.00000,60.00000,170.81914,0.28858,0.05609,0.12144,0.00000,0.00000,0.00000,0.00000,none
2.55417,89.82562,69.17803,2.98482,-0.08740,-0.00228,1.42589,-7.53038,60.00000,60.00000,170.82197,0.28848,0.05608,0.11882,0.00000,0.00000,0.00000,0.00000,none
2.55833,89.82616,69.17522,2.98537,-0.08733,-0.00228,1.39457,-7.50303,60.00000,60.00000,170.82478,0.28839,0.05607,0.11621,0.00000,0.00000,0.00000,0.00000,none
2.56250,89.82670,69.17242,2.98592,-0.08726,-0.00228,1.36336,-7.47532,60.00000,60.00000,170.82758,0.28829,0.05605,0.11361,0.00000,0.00000,0.00000,0.00000,none
2.56667,89.82725,69.16963,2.98646,-0.08720,-0.00228,1.33227,-7.44724,60.00000,60.00000,170.83037,0.28819,0.05604,0.11102,0.00000,0.00000,0.00000,0.00000,none
2.57083,89.82779,69.16687,2.98700,-0.08713,-0.00227,1.30130,-7.41881,60.00000,60.00000,170.83313,0.28810,0.05603,0.10844,0.00000,0.00000,0.00000,0.00000,none
2.57500,89.82833,69.16411,2.98753,-0.08706,-0.00227,1.27045,-7.39002,60.00000,60.00000,170.83589,0.28800,0.05601,0.10587,0.00000,0.00000,0.00000,0.00000,none
2.57917,89.82888,69.16137,2.98807,-0.08699,-0.00227,1.23972,-7.36088,60.00000,60.00000,170.83863,0.28790,0.05600,0.10331,0.00000,0.00000,0.00000,0.00000,none
2.58333,89.82942,69.15864,2.98860,-0.08692,-0.00227,1.20911,-7.33138,60.00000,60.00000,170.84136,0.28781,0.05599,0.10076,0.00000,0.00000,0.00000,0.00000,none
2.58750,89.82996,69.15593,2.98913,-0.08686,-0.00227,1.17862,-7.30154,60.00000,60.00000,170.84407,0.28772,0.05598,0.09822,0.00000,0.00000,0.00000,0.00000,none
2.59167,89.83050,69.15323,2.98966,-0.08679,-0.00227,1.14826,-7.27134,60.00000,60.00000,170.84677,0.28762,0.05596,0.09569,0.00000,0.00000,0.00000,0.00000,none
2.59583,89.83104,69.15055,2.99019,-0.08672,-0.00226,1.11803,-7.24079,60.00000,60.00000,170.84945,0.28753,0.05595,0.09317,0.00000,0.00000,0.00000,0.00000,none
2.60000,89.83158,69.14788,2.99071,-0.08665,-0.00226,1.08792,-7.20989,60.00000,60.00000,170.85212,0.28744,0.05594,0.09066,0.00000,0.00000,0.00000,0.00000,none
2.60417,89.83212,69.14522,2.99123,-0.08659,-0.00226,1.05795,-7.17865,60.00000,60.00000,170.85478,0.28734,0.05593,0.08816,0.00000,0.00000,0.00000,0.00000,none
2.60833,89.83266,69.14258,2.99175,-0.08652,-0.00226,1.02810,-7.14707,60.00000,60.00000,170.85742,0.28725,0.05592,0.08568,0.00000,0.00000,0.00000,0.00000,none
2.61250,89.83320,69.13995,2.99227,-0.08645,-0.00226,0.99839,-7.11514,60.00000,60.00000,170.86005,0.28716,0.05590,0.08320,0.00000,0.00000,0.00000,0.00000,none
2.61667,89.83374,69.13733,2.99278,-0.08639,-0.00225,0.96881,-7.08287,60.00000,60.00000,170.86267,0.28707,0.05589,0.08073,0.00000,0.00000,0.00000,0.00000,none
2.62083,89.83427,69.13473,2.99329,-0.08632,-0.00225,0.93937,-7.05027,60.00000,60.00000,170.86527,0.28698,0.05588,0.07828,0.00000,0.00000,0.00000,0.00000,none
2.62500,89.83481,69.13214,2.99380,-0.08626,-0.00225,0.91006,-7.01733,60.00000,60.00000,170.86786,0.28689,0.05587,0.07584,0.00000,0.00000,0.00000,0.00000,none
2.62917,89.83535,69.12956,2.99431,-0.08619,-0.00225,0.88089,-6.98405,60.00000,60.00000,170.87044,0.28680,0.05586,0.07341,0.00000,0.00000,0.00000,0.00000,none
2.63333,89.83588,69.12700,2.99481,-0.08613,-0.00224,0.85186,-6.95044,60.00000,60.00000,170.87300,0.28671,0.05584,0.07099,0.00000,0.00000,0.00000,0.00000,none
2.63750,89.83642,69.12445,2.99532,-0.08606,-0.00224,0.82297,-6.91650,60.00000,60.00000,170.87555,0.28662,0.05583,0.06858,0.00000,0.00000,0.00000,0.00000,none
2.64167,89.83695,69.12192,2.99582,-0.08600,-0.00224,0.79422,-6.88224,60.00000,60.00000,170.87808,0.28653,0.05582,0.06619,0.00000,0.00000,0.00000,0.00000,none
2.64583,89.83749,69.11939,2.99632,-0.08593,-0.00224,0.76562,-6.84764,60.00000,60.00000,170.88061,0.28645,0.05581,0.06380,0.00000,0.00000,0.00000,0.00000,none
2.65000,89.83802,69.11688,2.99681,-0.08587,-0.00223,0.73716,-6.81272,60.00000,60.00000,170.88312,0.28636,0.05580,0.06143,0.00000,0.00000,0.00000,0.00000,none
2.65417,89.83855,69.11438,2.99731,-0.08580,-0.00223,0.70885,-6.77748,60.00000,60.00000,170.88562,0.28627,0.05579,0.05907,0.00000,0.00000,0.00000,0.00000,none
2.65833,89.83909,69.11190,2.99780,-0.08574,-0.00223,0.68068,-6.74192,60.00000,60.00000,170.88810,0.28619,0.05578,0.05672,0.00000,0.00000,0.00000,0.00000,none
2.66250,89.83962,69.10943,2.99829,-0.08568,-0.00222,0.65266,-6.70604,60.00000,60.00000,170.89057,0.28610,0.05576,0.05439,0.00000,0.00000,0.00000,0.00000,none
2.66667,89.84015,69.10697,2.99878,-0.08561,-0.00222,0.62480,-6.66985,60.00000,60.00000,170.89303,0.28602,0.05575,0.05207,0.00000,0.00000,0.00000,0.00000,none
2.67083,89.84068,69.10452,2.99926,-0.08555,-0.00222,0.59708,-6.63334,60.00000,60.00000,170.89548,0.28593,0.05574,0.04976,0.00000,0.00000,0.00000,0.00000,none
2.67500,89.84121,69.10209,2.99975,-0.08549,-0.00222,0.56952,-6.59652,60.00000,60.00000,170.89791,0.28585,0.05573,0.04746,0.00000,0.00000,0.00000,0.00000,none
2.67917,89.84174,69.09966,3.00023,-0.08542,-0.00221,0.54211,-6.55939,60.00000,60.00000,170.90034,0.28576,0.05572,0.04518,0.00000,0.00000,0.00000,0.00000,none
2.68333,89.84226,69.09725,3.00071,-0.08536,-0.00221,0.51486,-6.52195,60.00000,60.00000,170.90275,0.28568,0.05571,0.04290,0.00000,0.00000,0.00000,0.00000,none
2.68750,89.84279,69.09486,3.00118,-0.08530,-0.00221,0.48776,-6.48421,60.00000,60.00000,170.90514,0.28559,0.05570,0.04065,0.00000,0.00000,0.00000,0.00000,none
2.69167,89.84332,69.09247,3.00166,-0.08524,-0.00220,0.46082,-6.44617,60.00000,60.00000,170.90753,0.28551,0.05569,0.03840,0.00000,0.00000,0.00000,0.00000,none
2.69583,89.84384,69.09010,3.00213,-0.08517,-0.00220,0.43404,-6.40782,60.00000,60.00000,170.90990,0.28543,0.05568,0.03617,0.00000,0.00000,0.00000,0.00000,none
2.70000,89.84437,69.08774,3.00260,-0.08511,-0.00220,0.40743,-6.36918,60.00000,60.00000,170.91226,0.28535,0.05567,0.03395,0.00000,0.00000,0.00000,0.00000,none
2.70417,89.84489,69.08539,3.00307,-0.08505,-0.00219,0.38097,-6.33025,60.00000,60.00000,170.91461,0.28527,0.05565,0.03175,0.00000,0.00000,0.00000,0.00000,none
2.70833,89.84541,69.08305,3.00354,-0.08499,-0.00219,0.35467,-6.29102,60.00000,60.00000,170.91695,0.28518,0.05564,0.02956,0.00000,0.00000,0.00000,0.00000,none
2.71250,89.84594,69.08073,3.00400,-0.08493,-0.00219,0.32854,-6.25150,60.00000,60.00000,170.91927,0.28510,0.05563,0.02738,0.00000,0.00000,0.00000,0.00000,none
2.71667,89.84646,69.07841,3.00446,-0.08487,-0.00218,0.30258,-6.21170,60.00000,60.00000,170.92159,0.28502,0.05562,0.02521,0.00000,0.00000,0.00000,0.00000,none
2.72083,89.84698,69.07611,3.00492,-0.08481,-0.00218,0.27678,-6.17161,60.00000,60.00000,170.92389,0.28494,0.05561,0.02306,0.00000,0.00000,0.00000,0.00000,none
2.72500,89.84750,69.07382,3.00538,-0.08475,-0.00218,0.25115,-6.13124,60.00000,60.00000,170.92618,0.28486,0.05560,0.02093,0.00000,0.00000,0.00000,0.00000,none
2.72917,89.84802,69.07154,3.00584,-0.08469,-0.00217,0.22569,-6.09059,60.00000,60.00000,170.92846,0.28478,0.05559,0.01881,0.00000,0.00000,0.00000,0.00000,none
2.73333,89.84853,69.06928,3.00629,-0.08463,-0.00217,0.20039,-6.04966,60.00000,60.00000,170.93072,0.28471,0.05558,0.01670,0.00000,0.00000,0.00000,0.00000,none
2.73750,89.84905,69.06702,3.00674,-0.08457,-0.00216,0.17527,-6.00846,60.00000,60.00000,170.93298,0.28463,0.05557,0.01461,0.00000,0.00000,0.00000,0.00000,none
2.74167,89.84957,69.06478,3.00719,-0.08451,-0.00216,0.15032,-5.96698,60.00000,60.00000,170.93522,0.28455,0.05556,0.01253,0.00000,0.00000,0.00000,0.00000,none
2.74583,89.85008,69.06254,3.00764,-0.08445,-0.00216,0.12555,-5.92524,60.00000,60.00000,170.93746,0.28447,0.05555,0.01046,0.00000,0.00000,0.00000,0.00000,none
2.75000,89.85060,69.06032,3.00809,-0.08439,-0.00215,0.10095,-5.88323,60.00000,60.00000,170.93968,0.28440,0.05554,0.00841,0.00000,0.00000,0.00000,0.00000,none
2.75417,89.85111,69.05811,3.00853,-0.08433,-0.00215,0.07652,-5.84096,60.00000,60.00000,170.94189,0.28432,0.05553,0.00638,0.00000,0.00000,0.00000,0.00000,none
2.75833,89.85162,69.05591,3.00898,-0.08427,-0.00214,0.05227,-5.79843,60.00000,60.00000,170.94409,0.28424,0.05552,0.00436,0.00000,0.00000,0.00000,0.00000,none
2.76250,89.85214,69.05372,3.00942,-0.08421,-0.00214,0.02820,-5.75564,60.00000,60.00000,170.94628,0.28417,0.05551,0.00235,0.00000,0.00000,0.00000,0.00000,none
2.76667,89.85265,69.05155,3.00985,-0.08416,-0.00214,0.00431,-5.71260,60.00000,60.00000,170.94845,0.28409,0.05550,0.00036,0.00000,0.00000,0.00000,0.00000,none
2.77083,89.85316,69.04938,3.01029,-0.08410,-0.00213,-0.01940,-5.66892,60.00000,60.00000,170.95062,0.28402,0.05549,0.00194,0.00000,0.00000,0.00000,0.00000,none
2.77500,89.85366,69.04723,3.01073,-0.08404,-0.00213,-0.04293,-5.62395,60.00000,60.00000,170.95277,0.28394,0.05548,0.00429,0.00000,0.00000,0.00000,0.00000,none
2.77917,89.85417,69.04509,3.01116,-0.08398,-0.00212,-0.06627,-5.57765,60.00000,60.00000,170.95491,0.28387,0.05547,0.00663,0.00000,0.00000,0.00000,0.00000,none
2.78333,89.85468,69.04296,3.01159,-0.08393,-0.00212,-0.08941,-5.53007,60.00000,60.00000,170.95704,0.28379,0.05546,0.00894,0.00000,0.00000,0.00000,0.00000,none
2.78750,89.85518,69.04085,3.01201,-0.08387,-0.00211,-0.11235,-5.48121,60.00000,60.00000,170.95915,0.28372,0.05545,0.01123,0.00000,0.00000,0.00000,0.00000,none
2.79167,89.85568,69.03874,3.01244,-0.08382,-0.00210,-0.13508,-5.43109,60.00000,60.00000,170.96126,0.28365,0.05544,0.01351,0.00000,0.00000,0.00000,0.00000,none
2.79583,89.85619,69.03665,3.01286,-0.08376,-0.00210,-0.15761,-5.37974,60.00000,60.00000,170.96335,0.28357,0.05543,0.01576,0.00000,0.00000,0.00000,0.00000,none
2.80000,89.85669,69.03457,3.01328,-0.08370,-0.00209,-0.17991,-5.32717,60.00000,60.00000,170.96543,0.28350,0.05542,0.01799,0.00000,0.00000,0.00000,0.00000,none
2.80417,89.85718,69.03251,3.01370,-0.08365,-0.00208,-0.20200,-5.27340,60.00000,60.00000,170.96749,0.28343,0.05542,0.02020,0.00000,0.00000,0.00000,0.00000,none
2.80833,89.85768,69.03045,3.01412,-0.08360,-0.00208,-0.22386,-5.21846,60.00000,60.00000,170.96955,0.28336,0.05541,0.02239,0.00000,0.00000,0.00000,0.00000,none
2.81250,89.85817,69.02841,3.01453,-0.08354,-0.00207,-0.24548,-5.16237,60.00000,60.00000,170.97159,0.28329,0.05540,0.02455,0.00000,0.00000,0.00000,0.00000,none
2.81667,89.85867,69.02637,3.01494,-0.08349,-0.00206,-0.26687,-5.10514,60.00000,60.00000,170.97363,0.28322,0.05539,0.02669,0.00000,0.00000,0.00000,0.00000,none
2.82083,89.85916,69.02435,3.01535,-0.08344,-0.00205,-0.28802,-5.04680,60.00000,60.00000,170.97565,0.28315,0.05538,0.02880,0.00000,0.00000,0.00000,0.00000,none
2.82500,89.85965,69.02234,3.01576,-0.08338,-0.00204,-0.30893,-4.98736,60.00000,60.00000,170.97766,0.28308,0.05537,0.03089,0.00000,0.00000,0.00000,0.00000,none
2.82917,89.86013,69.02034,3.01616,-0.08333,-0.00204,-0.32958,-4.92686,60.00000,60.00000,170.97966,0.28301,0.05536,0.03296,0.00000,0.00000,0.00000,0.00000,none
2.83333,89.86062,69.01835,3.01657,-0.08328,-0.00203,-0.34998,-4.86530,60.00000,60.00000,170.98165,0.28294,0.05535,0.03500,0.00000,0.00000,0.00000,0.00000,none
2.83750,89.86110,69.01637,3.01697,-0.08323,-0.00202,-0.37013,-4.80272,60.00000,60.00000,170.98363,0.28287,0.05534,0.03701,0.00000,0.00000,0.00000,0.00000,none
2.84167,89.86158,69.01440,3.01737,-0.08318,-0.00201,-0.39001,-4.73913,60.00000,60.00000,170.98560,0.28280,0.05533,0.03900,0.00000,0.00000,0.00000,0.00000,none
2.84583,89.86206,69.01244,3.01776,-0.08313,-0.00200,-0.40962,-4.67455,60.00000,60.00000,170.98756,0.28273,0.05532,0.04096,0.00000,0.00000,0.00000,0.00000,none
2.85000,89.86254,69.01050,3.01816,-0.08308,-0.00200,-0.42896,-4.60901,60.00000,60.00000,170.98950,0.28266,0.05532,0.04290,0.00000,0.00000,0.00000,0.00000,none
2.85417,89.86302,69.00856,3.01855,-0.08303,-0.00199,-0.44803,-4.54252,60.00000,60.00000,170.99144,0.28260,0.05531,0.04480,0.00000,0.00000,0.00000,0.00000,none
2.85833,89.86349,69.00663,3.01894,-0.08298,-0.00198,-0.46681,-4.47511,60.00000,60.00000,170.99337,0.28253,0.05530,0.04668,0.00000,0.00000,0.00000,0.00000,none
2.86250,89.86396,69.00471,3.01933,-0.08293,-0.00197,-0.48532,-4.40681,60.00000,60.00000,170.99529,0.28246,0.05529,0.04853,0.00000,0.00000,0.00000,0.00000,none
2.86667,89.86443,69.00281,3.01971,-0.08288,-0.00196,-0.50353,-4.33762,60.00000,60.00000,170.99719,0.28240,0.05528,0.05035,0.00000,0.00000,0.00000,0.00000,none
2.87083,89.86490,69.00091,3.02010,-0.08283,-0.00196,-0.52146,-4.26758,60.00000,60.00000,170.99909,0.28233,0.05527,0.05215,0.00000,0.00000,0.00000,0.00000,none
2.87500,89.86537,68.99902,3.02048,-0.08279,-0.00195,-0.53910,-4.19671,60.00000,60.00000,171.00098,0.28227,0.05526,0.05391,0.00000,0.00000,0.00000,0.00000,none
2.87917,89.86583,68.99714,3.02086,-0.08274,-0.00194,-0.55643,-4.12502,60.00000,60.00000,171.00286,0.28220,0.05526,0.05564,0.00000,0.00000,0.00000,0.00000,none
2.88333,89.86629,68.99528,3.02124,-0.08269,-0.00193,-0.57347,-4.05254,60.00000,60.00000,171.00472,0.28214,0.05525,0.05735,0.00000,0.00000,0.00000,0.00000,none
2.88750,89.86675,68.99342,3.02162,-0.08265,-0.00192,-0.59020,-3.97930,60.00000,60.00000,171.00658,0.28207,0.05524,0.05902,0.00000,0.00000,0.00000,0.00000,none
2.89167,89.86721,68.99157,3.02199,-0.08260,-0.00191,-0.60663,-3.90530,60.00000,60.00000,171.00843,0.28201,0.05523,0.06066,0.00000,0.00000,0.00000,0.00000,none
2.89583,89.86766,68.98973,3.02236,-0.08256,-0.00190,-0.62275,-3.83059,60.00000,60.00000,171.01027,0.28194,0.05522,0.06227,0.00000,0.00000,0.00000,0.00000,none
2.90000,89.86812,68.98790,3.02273,-0.08251,-0.00190,-0.63855,-3.75517,60.00000,60.00000,171.01210,0.28188,0.05521,0.06386,0.00000,0.00000,0.00000,0.00000,none
2.90417,89.86857,68.98608,3.02310,-0.08247,-0.00189,-0.65404,-3.67907,60.00000,60.00000,171.01392,0.28182,0.05521,0.06540,0.00000,0.00000,0.00000,0.00000,none
2.90833,89.86902,68.98427,3.02347,-0.08242,-0.00188,-0.66921,-3.60231,60.00000,60.00000,171.01573,0.28175,0.05520,0.06692,0.00000,0.00000,0.00000,0.00000,none
2.91250,89.86947,68.98247,3.02384,-0.08238,-0.00187,-0.68406,-3.52492,60.00000,60.00000,171.01753,0.28169,0.05519,0.06841,0.00000,0.00000,0.00000,0.00000,none
2.91667,89.86991,68.98067,3.02420,-0.08234,-0.00186,-0.69858,-3.44691,60.00000,60.00000,171.01933,0.28163,0.05518,0.06986,0.00000,0.00000,0.00000,0.00000,none
2.92083,89.87036,68.97889,3.02456,-0.08230,-0.00185,-0.71278,-3.36831,60.00000,60.00000,171.02111,0.28157,0.05517,0.07128,0.00000,0.00000,0.00000,0.00000,none
2.92500,89.87080,68.97711,3.02492,-0.08225,-0.00184,-0.72665,-3.28914,60.00000,60.00000,171.02289,0.28151,0.05517,0.07267,0.00000,0.00000,0.00000,0.00000,none
2.92917,89.87124,68.97534,3.02528,-0.08221,-0.00184,-0.74019,-3.20942,60.00000,60.00000,171.02466,0.28144,0.05516,0.07402,0.00000,0.00000,0.00000,0.00000,none
2.93333,89.87167,68.97359,3.02563,-0.08217,-0.00183,-0.75340,-3.12917,60.00000,60.00000,171.02641,0.28138,0.05515,0.07534,0.00000,0.00000,0.00000,0.00000,none
2.93750,89.87211,68.97184,3.02599,-0.08213,-0.00182,-0.76627,-3.04843,60.00000,60.00000,171.02816,0.28132,0.05514,0.07663,0.00000,0.00000,0.00000,0.00000,none
2.94167,89.87254,68.97010,3.02634,-0.08209,-0.00181,-0.77880,-2.96720,60.00000,60.00000,171.02990,0.28126,0.05513,0.07788,0.00000,0.00000,0.00000,0.00000,none
2.94583,89.87297,68.96836,3.02669,-0.08205,-0.00180,-0.79099,-2.88550,60.00000,60.00000,171.03164,0.28120,0.05513,0.07910,0.00000,0.00000,0.00000,0.00000,none
2.95000,89.87340,68.96664,3.02704,-0.08201,-0.00179,-0.80284,-2.80338,60.00000,60.00000,171.03336,0.28114,0.05512,0.08028,0.00000,0.00000,0.00000,0.00000,none
2.95417,89.87383,68.96492,3.02739,-0.08197,-0.00178,-0.81435,-2.72083,60.00000,60.00000,171.03508,0.28108,0.05511,0.08144,0.00000,0.00000,0.00000,0.00000,none
2.95833,89.87426,68.96321,3.02773,-0.08193,-0.00178,-0.82552,-2.63789,60.00000,60.00000,171.03679,0.28102,0.05510,0.08255,0.00000,0.00000,0.00000,0.00000,none
2.96250,89.87468,68.96151,3.02808,-0.08189,-0.00177,-0.83633,-2.55458,60.00000,60.00000,171.03849,0.28096,0.05510,0.08363,0.00000,0.00000,0.00000,0.00000,none
2.96667,89.87510,68.95982,3.02842,-0.08185,-0.00176,-0.84680,-2.47091,60.00000,60.00000,171.04018,0.28090,0.05509,0.08468,0.00000,0.00000,0.00000,0.00000,none
2.97083,89.87552,68.95814,3.02876,-0.08181,-0.00175,-0.85692,-2.38692,60.00000,60.00000,171.04186,0.28085,0.05508,0.08569,0.00000,0.00000,0.00000,0.00000,none
2.97500,89.87594,68.95646,3.02910,-0.08177,-0.00174,-0.86669,-2.30261,60.00000,60.00000,171.04354,0.28079,0.05507,0.08667,0.00000,0.00000,0.00000,0.00000,none
2.97917,89.87635,68.95479,3.02944,-0.08174,-0.00173,-0.87611,-2.21803,60.00000,60.00000,171.04521,0.28073,0.05507,0.08761,0.00000,0.00000,0.00000,0.00000,none
2.98333,89.87676,68.95313,3.02977,-0.08170,-0.00172,-0.88518,-2.13317,60.00000,60.00000,171.04687,0.28067,0.05506,0.08852,0.00000,0.00000,0.00000,0.00000,none
2.98750,89.87717,68.95148,3.03010,-0.08166,-0.00172,-0.89389,-2.04808,60.00000,60.00000,171.04852,0.28061,0.05505,0.08939,0.00000,0.00000,0.00000,0.00000,none
2.99167,89.87758,68.94983,3.03044,-0.08163,-0.00171,-0.90224,-1.96276,60.00000,60.00000,171.05017,0.28056,0.05504,0.09022,0.00000,0.00000,0.00000,0.00000,none
2.99583,89.87799,68.94819,3.03077,-0.08159,-0.00170,-0.91024,-1.87723,60.00000,60.00000,171.05181,0.28050,0.05504,0.09102,0.00000,0.00000,0.00000,0.00000,none
3.00000,89.87839,68.94656,3.03110,-0.08155,-0.00169,-0.91789,-1.79153,60.00000,60.00000,171.05344,0.28044,0.05503,0.09179,0.00000,0.00000,0.00000,0.00000,none
3.00417,89.87882,68.96685,3.02859,-0.07985,-0.00190,-0.92523,-1.73114,60.00000,60.00000,171.03315,0.00000,0.09813,0.09252,1.00000,1.00000,0.00000,0.00000,none
3.00833,89.87930,68.98705,3.02610,-0.07817,-0.00207,-0.93231,-1.67053,60.00000,60.00000,171.01295,0.00000,0.09813,0.09323,1.00000,1.00000,0.00000,0.00000,none
3.01250,89.87981,69.00716,3.02361,-0.07653,-0.00222,-0.93915,-1.60970,60.00000,60.00000,170.99284,0.00000,0.09814,0.09391,1.00000,1.00000,0.00000,0.00000,none
3.01667,89.88035,69.02718,3.02113,-0.07491,-0.00234,-0.94573,-1.54868,60.00000,60.00000,170.97282,0.00000,0.09814,0.09457,1.00000,1.00000,0.00000,0.00000,none
3.02083,89.88092,69.04708,3.01866,-0.07333,-0.00244,-0.95205,-1.48748,60.00000,60.00000,170.95292,0.00000,0.09815,0.09521,1.00000,1.00000,0.00000,0.00000,none
3.02500,89.88152,69.06688,3.01620,-0.07178,-0.00252,-0.95812,-1.42612,60.00000,60.00000,170.93312,0.00000,0.09815,0.09581,1.00000,1.00000,0.00000,0.00000,none
3.02917,89.88213,69.08656,3.01374,-0.07026,-0.00259,-0.96394,-1.36462,60.00000,60.00000,170.91344,0.00000,0.09816,0.09639,1.00000,1.00000,0.00000,0.00000,none
3.03333,89.88275,69.10612,3.01129,-0.06878,-0.00264,-0.96950,-1.30298,60.00000,60.00000,170.89388,0.00000,0.09817,0.09695,1.00000,1.00000,0.00000,0.00000,none
3.03750,89.88338,69.12556,3.00885,-0.06733,-0.00267,-0.97480,-1.24122,60.00000,60.00000,170.87444,0.00000,0.09817,0.09748,1.00000,1.00000,0.00000,0.00000,none
3.04167,89.88403,69.14488,3.00642,-0.06591,-0.00270,-0.97984,-1.17936,60.00000,60.00000,170.85512,0.00000,0.09818,0.09798,1.00000,1.00000,0.00000,0.00000,none
3.04583,89.88467,69.16408,3.00399,-0.06453,-0.00272,-0.98462,-1.11741,60.00000,60.00000,170.83592,0.00000,0.09818,0.09846,1.00000,1.00000,0.00000,0.00000,none
3.05000,89.88532,69.18315,3.00157,-0.06317,-0.00273,-0.98915,-1.05539,60.00000,60.00000,170.81685,0.00000,0.09819,0.09892,1.00000,1.00000,0.00000,0.00000,none
3.05417,89.88598,69.20211,2.99916,-0.06185,-0.00274,-0.99342,-0.99331,60.00000,60.00000,170.79789,0.00000,0.09819,0.09934,1.00000,1.00000,0.00000,0.00000,none
3.05833,89.88663,69.22094,2.99675,-0.06056,-0.00274,-0.99743,-0.93119,60.00000,60.00000,170.77906,0.00000,0.09820,0.09974,1.00000,1.00000,0.00000,0.00000,none
3.06250,89.88728,69.23965,2.99436,-0.05930,-0.00273,-1.00118,-0.86904,60.00000,60.00000,170.76035,0.00000,0.09820,0.10012,1.00000,1.00000,0.00000,0.00000,none
3.06667,89.88794,69.25824,2.99197,-0.05808,-0.00272,-1.00467,-0.80687,60.00000,60.00000,170.74176,0.00000,0.09821,0.10047,1.00000,1.00000,0.00000,0.00000,none
3.07083,89.88859,69.27672,2.98958,-0.05688,-0.00271,-1.00790,-0.74471,60.00000,60.00000,170.72328,0.00000,0.09822,0.10079,1.00000,1.00000,0.00000,0.00000,none
3.07500,89.88923,69.29507,2.98721,-0.05571,-0.00270,-1.01088,-0.68256,60.00000,60.00000,170.70493,0.00000,0.09822,0.10109,1.00000,1.00000,0.00000,0.00000,none
3.07917,89.88987,69.31331,2.98484,-0.05457,-0.00268,-1.01359,-0.62044,60.00000,60.00000,170.68669,0.00000,0.09823,0.10136,1.00000,1.00000,0.00000,0.00000,none
3.08333,89.89051,69.33143,2.98247,-0.05346,-0.00266,-1.01605,-0.55837,60.00000,60.00000,170.66857,0.00000,0.09823,0.10160,1.00000,1.00000,0.00000,0.00000,none
3.08750,89.89114,69.34944,2.98012,-0.05238,-0.00264,-1.01824,-0.49636,60.00000,60.00000,170.65056,0.00000,0.09824,0.10182,1.00000,1.00000,0.00000,0.00000,none
3.09167,89.89177,69.36734,2.97777,-0.05132,-0.00262,-1.02018,-0.43442,60.00000,60.00000,170.63266,0.00000,0.09824,0.10202,1.00000,1.00000,0.00000,0.00000,none
3.09583,89.89239,69.38513,2.97543,-0.05029,-0.00260,-1.02186,-0.37256,60.00000,60.00000,170.61487,0.00000,0.09825,0.10219,1.00000,1.00000,0.00000,0.00000,none
3.10000,89.89301,69.40282,2.97309,-0.04928,-0.00257,-1.02329,-0.31081,60.00000,60.00000,170.59718,0.00000,0.09826,0.10233,1.00000,1.00000,0.00000,0.00000,none
3.10417,89.89362,69.42039,2.97076,-0.04830,-0.00255,-1.02445,-0.24918,60.00000,60.00000,170.57961,0.00000,0.09826,0.10245,1.00000,1.00000,0.00000,0.00000,none
3.10833,89.89423,69.43786,2.96844,-0.04734,-0.00252,-1.02536,-0.18767,60.00000,60.00000,170.56214,0.00000,0.09827,0.10254,1.00000,1.00000,0.00000,0.00000,none
3.11250,89.89483,69.45523,2.96612,-0.04641,-0.00250,-1.02602,-0.12631,60.00000,60.00000,170.54477,0.00000,0.09827,0.10260,1.00000,1.00000,0.00000,0.00000,none
3.11667,89.89542,69.47250,2.96381,-0.04550,-0.00247,-1.02642,-0.06511,60.00000,60.00000,170.52750,0.00000,0.09828,0.10264,1.00000,1.00000,0.00000,0.00000,none
3.12083,89.89600,69.48966,2.96151,-0.04462,-0.00244,-1.02656,-0.00408,60.00000,60.00000,170.51034,0.00000,0.09828,0.10266,1.00000,1.00000,0.00000,0.00000,none
3.12500,89.89659,69.50674,2.95921,-0.04375,-0.00242,-1.02645,0.05677,60.00000,60.00000,170.49326,0.00000,0.09829,0.10265,1.00000,1.00000,0.00000,0.00000,none
3.12917,89.89716,69.52371,2.95692,-0.04291,-0.00239,-1.02609,0.11742,60.00000,60.00000,170.47629,0.00000,0.09829,0.10261,1.00000,1.00000,0.00000,0.00000,none
3.13333,89.89773,69.54059,2.95463,-0.04208,-0.00237,-1.02547,0.17785,60.00000,60.00000,170.45941,0.00000,0.09830,0.10255,1.00000,1.00000,0.00000,0.00000,none
3.13750,89.89829,69.55738,2.95236,-0.04128,-0.00234,-1.02461,0.23806,60.00000,60.00000,170.44262,0.00000,0.09831,0.10246,1.00000,1.00000,0.00000,0.00000,none
3.14167,89.89885,69.57407,2.95008,-0.04050,-0.00232,-1.02349,0.29803,60.00000,60.00000,170.42593,0.00000,0.09831,0.10235,1.00000,1.00000,0.00000,0.00000,none
3.14583,89.89940,69.59068,2.94782,-0.03973,-0.00229,-1.02212,0.35775,60.00000,60.00000,170.40932,0.00000,0.09832,0.10221,1.00000,1.00000,0.00000,0.00000,none
3.15000,89.89994,69.60720,2.94556,-0.03899,-0.00227,-1.02051,0.41720,60.00000,60.00000,170.39280,0.00000,0.09832,0.10205,1.00000,1.00000,0.00000,0.00000,none
3.15417,89.90048,69.62363,2.94331,-0.03826,-0.00224,-1.01865,0.47638,60.00000,60.00000,170.37637,0.00000,0.09833,0.10186,1.00000,1.00000,0.00000,0.00000,none
3.15833,89.90101,69.63998,2.94106,-0.03755,-0.00222,-1.01654,0.53526,60.00000,60.00000,170.36002,0.00000,0.09833,0.10165,1.00000,1.00000,0.00000,0.00000,none
3.16250,89.90154,69.65625,2.93882,-0.03686,-0.00219,-1.01419,0.59384,60.00000,60.00000,170.34375,0.00000,0.09834,0.10142,1.00000,1.00000,0.00000,0.00000,none
3.16667,89.90206,69.67243,2.93658,-0.03619,-0.00217,-1.01159,0.65210,60.00000,60.00000,170.32757,0.00000,0.09834,0.10116,1.00000,1.00000,0.00000,0.00000,none
3.17083,89.90257,69.68853,2.93435,-0.03553,-0.00215,-1.00875,0.71003,60.00000,60.00000,170.31147,0.00000,0.09835,0.10088,1.00000,1.00000,0.00000,0.00000,none
3.17500,89.90308,69.70455,2.93213,-0.03489,-0.00212,-1.00567,0.76762,60.00000,60.00000,170.29545,0.00000,0.09836,0.10057,1.00000,1.00000,0.00000,0.00000,none
3.17917,89.90358,69.72050,2.92991,-0.03426,-0.00210,-1.00236,0.82485,60.00000,60.00000,170.27950,0.00000,0.09836,0.10024,1.00000,1.00000,0.00000,0.00000,none
3.18333,89.90408,69.73636,2.92770,-0.03365,-0.00208,-0.99880,0.88171,60.00000,60.00000,170.26364,0.00000,0.09837,0.09988,1.00000,1.00000,0.00000,0.00000,none
3.18750,89.90458,69.75216,2.92550,-0.03305,-0.00206,-0.99501,0.93820,60.00000,60.00000,170.24784,0.00000,0.09837,0.09950,1.00000,1.00000,0.00000,0.00000,none
3.19167,89.90506,69.76787,2.92330,-0.03247,-0.00203,-0.99098,0.99429,60.00000,60.00000,170.23213,0.00000,0.09838,0.09910,1.00000,1.00000,0.00000,0.00000,none
3.19583,89.90555,69.78352,2.92110,-0.03190,-0.00201,-0.98672,1.04998,60.00000,60.00000,170.21648,0.00000,0.09838,0.09867,1.00000,1.00000,0.00000,0.00000,none
3.20000,89.90603,69.79909,2.91891,-0.03134,-0.00199,-0.98223,1.10526,60.00000,60.00000,170.20091,0.00000,0.09839,0.09822,1.00000,1.00000,0.00000,0.00000,none
3.20417,89.90650,69.81459,2.91673,-0.03080,-0.00197,-0.97751,1.16010,60.00000,60.00000,170.18541,0.00000,0.09839,0.09775,1.00000,1.00000,0.00000,0.00000,none
3.20833,89.90697,69.83002,2.91456,-0.03027,-0.00195,-0.97257,1.21451,60.00000,60.00000,170.16998,0.00000,0.09840,0.09726,1.00000,1.00000,0.00000,0.00000,none
3.21250,89.90743,69.84539,2.91238,-0.02975,-0.00193,-0.96739,1.26846,60.00000,60.00000,170.15461,0.00000,0.09841,0.09674,1.00000,1.00000,0.00000,0.00000,none
3.21667,89.90789,69.86068,2.91022,-0.02925,-0.00191,-0.96200,1.32196,60.00000,60.00000,170.13932,0.00000,0.09841,0.09620,1.00000,1.00000,0.00000,0.00000,none
3.22083,89.90834,69.87591,2.90806,-0.02876,-0.00189,-0.95638,1.37498,60.00000,60.00000,170.12409,0.00000,0.09842,0.09564,1.00000,1.00000,0.00000,0.00000,none
3.22500,89.90879,69.89107,2.90591,-0.02828,-0.00187,-0.95054,1.42751,60.00000,60.00000,170.10893,0.00000,0.09842,0.09505,1.00000,1.00000,0.00000,0.00000,none
3.22917,89.90924,69.90617,2.90376,-0.02781,-0.00186,-0.94448,1.47955,60.00000,60.00000,170.09383,0.00000,0.09843,0.09445,1.00000,1.00000,0.00000,0.00000,none
3.23333,89.90968,69.92120,2.90162,-0.02735,-0.00184,-0.93821,1.53109,60.00000,60.00000,170.07880,0.00000,0.09843,0.09382,1.00000,1.00000,0.00000,0.00000,none
3.23750,89.91012,69.93617,2.89948,-0.02690,-0.00182,-0.93172,1.58210,60.00000,60.00000,170.06383,0.00000,0.09844,0.09317,1.00000,1.00000,0.00000,0.00000,none
3.24167,89.91055,69.95108,2.89735,-0.02646,-0.00180,-0.92503,1.63259,60.00000,60.00000,170.04892,0.00000,0.09845,0.09250,1.00000,1.00000,0.00000,0.00000,none
3.24583,89.91098,69.96593,2.89522,-0.02604,-0.00179,-0.91812,1.68254,60.00000,60.00000,170.03407,0.00000,0.09845,0.09181,1.00000,1.00000,0.00000,0.00000,none
3.25000,89.91140,69.98072,2.89310,-0.02562,-0.00177,-0.91101,1.73193,60.00000,60.00000,170.01928,0.00000,0.09846,0.09110,1.00000,1.00000,0.00000,0.00000,none
3.25417,89.91182,69.99545,2.89099,-0.02521,-0.00175,-0.90369,1.78077,60.00000,60.00000,170.00455,0.00000,0.09846,0.09037,1.00000,1.00000,0.00000,0.00000,none
3.25833,89.91224,70.01012,2.88888,-0.02481,-0.00174,-0.89617,1.82904,60.00000,60.00000,169.98988,0.00000,0.09847,0.08962,1.00000,1.00000,0.00000,0.00000,none
3.26250,89.91265,70.02473,2.88678,-0.02442,-0.00172,-0.88845,1.87673,60.00000,60.00000,169.97527,0.00000,0.09847,0.08884,1.00000,1.00000,0.00000,0.00000,none
3.26667,89.91306,70.03928,2.88468,-0.02404,-0.00171,-0.88053,1.92383,60.00000,60.00000,169.96072,0.00000,0.09848,0.08805,1.00000,1.00000,0.00000,0.00000,none
3.27083,89.91347,70.05378,2.88259,-0.02367,-0.00169,-0.87242,1.97033,60.00000,60.00000,169.94622,0.00000,0.09848,0.08724,1.00000,1.00000,0.00000,0.00000,none
3.27500,89.91387,70.06822,2.88050,-0.02331,-0.00168,-0.86411,2.01622,60.00000,60.00000,169.93178,0.00000,0.09849,0.08641,1.00000,1.00000,0.00000,0.00000,none
3.27917,89.91427,70.08261,2.87842,-0.02295,-0.00166,-0.85562,2.06149,60.00000,60.00000,169.91739,0.00000,0.09850,0.08556,1.00000,1.00000,0.00000,0.00000,none
3.28333,89.91466,70.09694,2.87634,-0.02261,-0.00165,-0.84693,2.10613,60.00000,60.00000,169.90306,0.00000,0.09850,0.08469,1.00000,1.00000,0.00000,0.00000,none
3.28750,89.91505,70.11122,2.87427,-0.02227,-0.00163,-0.83807,2.15014,60.00000,60.00000,169.88878,0.00000,0.09851,0.08381,1.00000,1.00000,0.00000,0.00000,none
3.29167,89.91544,70.12544,2.87220,-0.02194,-0.00162,-0.82902,2.19350,60.00000,60.00000,169.87456,0.00000,0.09851,0.08290,1.00000,1.00000,0.00000,0.00000,none
3.29583,89.91583,70.13962,2.87014,-0.02162,-0.00161,-0.81979,2.23621,60.00000,60.00000,169.86038,0.00000,0.09852,0.08198,1.00000,1.00000,0.00000,0.00000,none
3.30000,89.91621,70.15374,2.86809,-0.02130,-0.00159,-0.81038,2.27825,60.00000,60.00000,169.84626,0.00000,0.09852,0.08104,1.00000,1.00000,0.00000,0.00000,none
3.30417,89.91659,70.16781,2.86604,-0.02099,-0.00158,-0.80080,2.31962,60.00000,60.00000,169.83219,0.00000,0.09853,0.08008,1.00000,1.00000,0.00000,0.00000,none
3.30833,89.91696,70.18183,2.86399,-0.02069,-0.00157,-0.79105,2.36031,60.00000,60.00000,169.81817,0.00000,0.09854,0.07911,1.00000,1.00000,0.00000,0.00000,none
3.31250,89.91733,70.19580,2.86195,-0.02039,-0.00155,-0.78113,2.40031,60.00000,60.00000,169.80420,0.00000,0.09854,0.07811,1.00000,1.00000,0.00000,0.00000,none
3.31667,89.91770,70.20972,2.85992,-0.02010,-0.00154,-0.77105,2.43961,60.00000,60.00000,169.79028,0.00000,0.09855,0.07711,1.00000,1.00000,0.00000,0.00000,none
3.32083,89.91807,70.22359,2.85789,-0.01982,-0.00153,-0.76080,2.47821,60.00000,60.00000,169.77641,0.00000,0.09855,0.07608,1.00000,1.00000,0.00000,0.00000,none
3.32500,89.91843,70.23741,2.85586,-0.01955,-0.00152,-0.75040,2.51610,60.00000,60.00000,169.76259,0.00000,0.09856,0.07504,1.00000,1.00000,0.00000,0.00000,none
3.32917,89.91879,70.25119,2.85384,-0.01928,-0.00150,-0.73984,2.55326,60.00000,60.00000,169.74881,0.00000,0.09856,0.07398,1.00000,1.00000,0.00000,0.00000,none
3.33333,89.91915,70.26491,2.85183,-0.01901,-0.00149,-0.72912,2.58970,60.00000,60.00000,169.73509,0.00000,0.09857,0.07291,1.00000,1.00000,0.00000,0.00000,none
3.33750,89.91951,70.27860,2.84982,-0.01875,-0.00148,-0.71826,2.62540,60.00000,60.00000,169.72140,0.00000,0.09857,0.07183,1.00000,1.00000,0.00000,0.00000,none
3.34167,89.91986,70.29223,2.84782,-0.01850,-0.00147,-0.70725,2.66037,60.00000,60.00000,169.70777,0.00000,0.09858,0.07072,1.00000,1.00000,0.00000,0.00000,none
3.34583,89.92021,70.30582,2.84582,-0.01826,-0.00146,-0.69609,2.69458,60.00000,60.00000,169.69418,0.00000,0.09859,0.06961,1.00000,1.00000,0.00000,0.00000,none
3.35000,89.92056,70.31936,2.84383,-0.01801,-0.00145,-0.68479,2.72803,60.00000,60.00000,169.68064,0.00000,0.09859,0.06848,1.00000,1.00000,0.00000,0.00000,none
3.35417,89.92090,70.33286,2.84184,-0.01778,-0.00144,-0.67336,2.76073,60.00000,60.00000,169.66714,0.00000,0.09860,0.06734,1.00000,1.00000,0.00000,0.00000,none
3.35833,89.92124,70.34632,2.83985,-0.01755,-0.00143,-0.66179,2.79265,60.00000,60.00000,169.65368,0.00000,0.09860,0.06618,1.00000,1.00000,0.00000,0.00000,none
3.36250,89.92158,70.35973,2.83788,-0.01732,-0.00142,-0.65009,2.82380,60.00000,60.00000,169.64027,0.00000,0.09861,0.06501,1.00000,1.00000,0.00000,0.00000,none
3.36667,89.92192,70.37310,2.83590,-0.01710,-0.00141,-0.63826,2.85417,60.00000,60.00000,169.62690,0.00000,0.09861,0.06383,1.00000,1.00000,0.00000,0.00000,none
3.37083,89.92226,70.38642,2.83393,-0.01688,-0.00140,-0.62630,2.88376,60.00000,60.00000,169.61358,0.00000,0.09862,0.06263,1.00000,1.00000,0.00000,0.00000,none
3.37500,89.92259,70.39970,2.83197,-0.01667,-0.00139,-0.61423,2.91254,60.00000,60.00000,169.60030,0.00000,0.09863,0.06142,1.00000,1.00000,0.00000,0.00000,none
3.37917,89.92292,70.41294,2.83001,-0.01647,-0.00138,-0.60203,2.94054,60.00000,60.00000,169.58706,0.00000,0.09863,0.06020,1.00000,1.00000,0.00000,0.00000,none
3.38333,89.92325,70.42614,2.82806,-0.01626,-0.00137,-0.58972,2.96773,60.00000,60.00000,169.57386,0.00000,0.09864,0.05897,1.00000,1.00000,0.00000,0.00000,none
3.38750,89.92357,70.43930,2.82611,-0.01606,-0.00136,-0.57730,2.99410,60.00000,60.00000,169.56070,0.00000,0.09864,0.05773,1.00000,1.00000,0.00000,0.00000,none
3.39167,89.92390,70.45241,2.82416,-0.01587,-0.00135,-0.56477,3.01967,60.00000,60.00000,169.54759,0.00000,0.09865,0.05648,1.00000,1.00000,0.00000,0.00000,none
3.39583,89.92422,70.46549,2.82223,-0.01568,-0.00134,-0.55214,3.04442,60.00000,60.00000,169.53451,0.00000,0.09865,0.05521,1.00000,1.00000,0.00000,0.00000,none
3.40000,89.92454,70.47852,2.82029,-0.01549,-0.00133,-0.53940,3.06834,60.00000,60.00000,169.52148,0.00000,0.09866,0.05394,1.00000,1.00000,0.00000,0.00000,none
3.40417,89.92486,70.49152,2.81836,-0.01531,-0.00133,-0.52657,3.09144,60.00000,60.00000,169.50848,0.00000,0.09867,0.05266,1.00000,1.00000,0.00000,0.00000,none
3.40833,89.92517,70.50447,2.81644,-0.01513,-0.00132,-0.51364,3.11371,60.00000,60.00000,169.49553,0.00000,0.09867,0.05136,1.00000,1.00000,0.00000,0.00000,none
3.41250,89.92548,70.51739,2.81452,-0.01496,-0.00131,-0.50063,3.13514,60.00000,60.00000,169.48261,0.00000,0.09868,0.05006,1.00000,1.00000,0.00000,0.00000,none
3.41667,89.92580,70.53026,2.81260,-0.01479,-0.00130,-0.48752,3.15573,60.00000,60.00000,169.46974,0.00000,0.09868,0.04875,1.00000,1.00000,0.00000,0.00000,none
3.42083,89.92611,70.54310,2.81069,-0.01462,-0.00129,-0.47433,3.17548,60.00000,60.00000,169.45690,0.00000,0.09869,0.04743,1.00000,1.00000,0.00000,0.00000,none
3.42500,89.92641,70.55590,2.80879,-0.01446,-0.00129,-0.46106,3.19439,60.00000,60.00000,169.44410,0.00000,0.09869,0.04611,1.00000,1.00000,0.00000,0.00000,none
3.42917,89.92672,70.56866,2.80689,-0.01430,-0.00128,-0.44771,3.21244,60.00000,60.00000,169.43134,0.00000,0.09870,0.04477,1.00000,1.00000,0.00000,0.00000,none
3.43333,89.92702,70.58139,2.80499,-0.01414,-0.00127,-0.43429,3.22964,60.00000,60.00000,169.41861,0.00000,0.09871,0.04343,1.00000,1.00000,0.00000,0.00000,none
3.43750,89.92733,70.59408,2.80310,-0.01399,-0.00126,-0.42080,3.24599,60.00000,60.00000,169.40592,0.00000,0.09871,0.04208,1.00000,1.00000,0.00000,0.00000,none
3.44167,89.92763,70.60673,2.80121,-0.01384,-0.00126,-0.40724,3.26148,60.00000,60.00000,169.39327,0.00000,0.09872,0.04072,1.00000,1.00000,0.00000,0.00000,none
3.44583,89.92792,70.61934,2.79933,-0.01369,-0.00125,-0.39362,3.27610,60.00000,60.00000,169.38066,0.00000,0.09872,0.03936,1.00000,1.00000,0.00000,0.00000,none
3.45000,89.92822,70.63192,2.79745,-0.01355,-0.00124,-0.37994,3.28987,60.00000,60.00000,169.36808,0.00000,0.09873,0.03799,1.00000,1.00000,0.00000,0.00000,none
3.45417,89.92852,70.64446,2.79558,-0.01340,-0.00123,-0.36621,3.30277,60.00000,60.00000,169.35554,0.00000,0.09873,0.03662,1.00000,1.00000,0.00000,0.00000,none
3.45833,89.92881,70.65696,2.79371,-0.01327,-0.00123,-0.35242,3.31481,60.00000,60.00000,169.34304,0.00000,0.09874,0.03524,1.00000,1.00000,0.00000,0.00000,none
3.46250,89.92910,70.66943,2.79185,-0.01313,-0.00122,-0.33858,3.32598,60.00000,60.00000,169.33057,0.00000,0.09875,0.03386,1.00000,1.00000,0.00000,0.00000,none
3.46667,89.92939,70.68187,2.78999,-0.01300,-0.00121,-0.32470,3.33628,60.00000,60.00000,169.31813,0.00000,0.09875,0.03247,1.00000,1.00000,0.00000,0.00000,none
3.47083,89.92968,70.69427,2.78813,-0.01287,-0.00121,-0.31078,3.34570,60.00000,60.00000,169.30573,0.00000,0.09876,0.03108,1.00000,1.00000,0.00000,0.00000,none
3.47500,89.92997,70.70663,2.78628,-0.01274,-0.00120,-0.29682,3.35426,60.00000,60.00000,169.29337,0.00000,0.09876,0.02968,1.00000,1.00000,0.00000,0.00000,none
3.47917,89.93026,70.71896,2.78444,-0.01261,-0.00119,-0.28283,3.36195,60.00000,60.00000,169.28104,0.00000,0.09877,0.02828,1.00000,1.00000,0.00000,0.00000,none
3.48333,89.93054,70.73126,2.78259,-0.01249,-0.00119,-0.26881,3.36876,60.00000,60.00000,169.26874,0.00000,0.09877,0.02688,1.00000,1.00000,0.00000,0.00000,none
3.48750,89.93082,70.74352,2.78076,-0.01237,-0.00118,-0.25476,3.37470,60.00000,60.00000,169.25648,0.00000,0.09878,0.02548,1.00000,1.00000,0.00000,0.00000,none
3.49167,89.93110,70.75575,2.77893,-0.01225,-0.00118,-0.24069,3.37977,60.00000,60.00000,169.24425,0.00000,0.09879,0.02407,1.00000,1.00000,0.00000,0.00000,none
3.49583,89.93138,70.76795,2.77710,-0.01214,-0.00117,-0.22660,3.38397,60.00000,60.00000,169.23205,0.00000,0.09879,0.02266,1.00000,1.00000,0.00000,0.00000,none
3.50000,89.93166,70.78011,2.77527,-0.01202,-0.00116,-0.21249,3.38730,60.00000,60.00000,169.21989,0.00000,0.09880,0.02125,1.00000,1.00000,0.00000,0.00000,none
3.50417,89.93194,70.79224,2.77345,-0.01191,-0.00116,-0.19837,3.38975,60.00000,60.00000,169.20776,0.00000,0.09880,0.01984,1.00000,1.00000,0.00000,0.00000,none
3.50833,89.93222,70.80434,2.77164,-0.01180,-0.00115,-0.18424,3.39133,60.00000,60.00000,169.19566,0.00000,0.09881,0.01842,1.00000,1.00000,0.00000,0.00000,none
3.51250,89.93249,70.81640,2.76983,-0.01170,-0.00115,-0.17011,3.39204,60.00000,60.00000,169.18360,0.00000,0.09881,0.01701,1.00000,1.00000,0.00000,0.00000,none
3.51667,89.93276,70.82843,2.76802,-0.01159,-0.00114,-0.15598,3.39189,60.00000,60.00000,169.17157,0.00000,0.09882,0.01560,1.00000,1.00000,0.00000,0.00000,none
3.52083,89.93304,70.84043,2.76622,-0.01149,-0.00114,-0.14184,3.39086,60.00000,60.00000,169.15957,0.00000,0.09883,0.01418,1.00000,1.00000,0.00000,0.00000,none
3.52500,89.93331,70.85240,2.76443,-0.01139,-0.00113,-0.12772,3.38898,60.00000,60.00000,169.14760,0.00000,0.09883,0.01277,1.00000,1.00000,0.00000,0.00000,none
3.52917,89.93357,70.86434,2.76263,-0.01129,-0.00112,-0.11360,3.38622,60.00000,60.00000,169.13566,0.00000,0.09884,0.01136,1.00000,1.00000,0.00000,0.00000,none
3.53333,89.93384,70.87624,2.76084,-0.01119,-0.00112,-0.09950,3.38261,60.00000,60.00000,169.12376,0.00000,0.09884,0.00995,1.00000,1.00000,0.00000,0.00000,none
3.53750,89.93411,70.88812,2.75906,-0.01110,-0.00111,-0.08542,3.37814,60.00000,60.00000,169.11188,0.00000,0.09885,0.00854,1.00000,1.00000,0.00000,0.00000,none
3.54167,89.93437,70.89996,2.75728,-0.01100,-0.00111,-0.07135,3.37281,60.00000,60.00000,169.10004,0.00000,0.09886,0.00714,1.00000,1.00000,0.00000,0.00000,none
3.54583,89.93464,70.91177,2.75550,-0.01091,-0.00110,-0.05731,3.36663,60.00000,60.00000,169.08823,0.00000,0.09886,0.00573,1.00000,1.00000,0.00000,0.00000,none
3.55000,89.93490,70.92355,2.75373,-0.01082,-0.00110,-0.04330,3.35959,60.00000,60.00000,169.07645,0.00000,0.09887,0.00433,1.00000,1.00000,0.00000,0.00000,none
3.55417,89.93516,70.93530,2.75196,-0.01074,-0.00109,-0.02932,3.35171,60.00000,60.00000,169.06470,0.00000,0.09887,0.00293,1.00000,1.00000,0.00000,0.00000,none
3.55833,89.93542,70.94703,2.75020,-0.01065,-0.00109,-0.01537,3.34299,60.00000,60.00000,169.05297,0.00000,0.09888,0.00154,1.00000,1.00000,0.00000,0.00000,none
3.56250,89.93568,70.95872,2.74844,-0.01056,-0.00108,-0.00146,3.33342,60.00000,60.00000,169.04128,0.00000,0.09888,0.00015,1.00000,1.00000,0.00000,0.00000,none
3.56667,89.93594,70.97038,2.74669,-0.01048,-0.00108,0.01241,3.32328,60.00000,60.00000,169.02962,0.00000,0.09889,0.00103,1.00000,1.00000,0.00000,0.00000,none
3.57083,89.93620,70.98201,2.74494,-0.01040,-0.00107,0.02623,3.31294,60.00000,60.00000,169.01799,0.00000,0.09890,0.00219,1.00000,1.00000,0.00000,0.00000,none
3.57500,89.93645,70.99362,2.74319,-0.01032,-0.00107,0.04002,3.30240,60.00000,60.00000,169.00638,0.00000,0.09890,0.00333,1.00000,1.00000,0.00000,0.00000,none
3.57917,89.93671,71.00519,2.74145,-0.01024,-0.00106,0.05375,3.29168,60.00000,60.00000,168.99481,0.00000,0.09891,0.00448,1.00000,1.00000,0.00000,0.00000,none
3.58333,89.93696,71.01674,2.73971,-0.01016,-0.00106,0.06745,3.28076,60.00000,60.00000,168.98326,0.00000,0.09891,0.00562,1.00000,1.00000,0.00000,0.00000,none
3.58750,89.93721,71.02826,2.73797,-0.01009,-0.00105,0.08109,3.26966,60.00000,60.00000,168.97174,0.00000,0.09892,0.00676,1.00000,1.00000,0.00000,0.00000,none
3.59167,89.93746,71.03976,2.73624,-0.01001,-0.00105,0.09469,3.25837,60.00000,60.00000,168.96024,0.00000,0.09893,0.00789,1.00000,1.00000,0.00000,0.00000,none
3.59583,89.93771,71.05122,2.73451,-0.00994,-0.00104,0.10825,3.24690,60.00000,60.00000,168.94878,0.00000,0.09893,0.00902,1.00000,1.00000,0.00000,0.00000,none
3.60000,89.93796,71.06266,2.73279,-0.00987,-0.00103,0.12175,3.23524,60.00000,60.00000,168.93734,0.00000,0.09894,0.01015,1.00000,1.00000,0.00000,0.00000,none
3.60417,89.93821,71.07407,2.73107,-0.00980,-0.00103,0.13521,3.22341,60.00000,60.00000,168.92593,0.00000,0.09894,0.01127,1.00000,1.00000,0.00000,0.00000,none
3.60833,89.93845,71.08545,2.72935,-0.00973,-0.00102,0.14861,3.21139,60.00000,60.00000,168.91455,0.00000,0.09895,0.01238,1.00000,1.00000,0.00000,0.00000,none
3.61250,89.93869,71.09681,2.72764,-0.00966,-0.00102,0.16197,3.19920,60.00000,60.00000,168.90319,0.00000,0.09895,0.01350,1.00000,1.00000,0.00000,0.00000,none
3.61667,89.93894,71.10814,2.72593,-0.00960,-0.00101,0.17527,3.18683,60.00000,60.00000,168.89186,0.00000,0.09896,0.01461,1.00000,1.00000,0.00000,0.00000,none
3.62083,89.93918,71.11944,2.72423,-0.00953,-0.00100,0.18852,3.17428,60.00000,60.00000,168.88056,0.00000,0.09897,0.01571,1.00000,1.00000,0.00000,0.00000,none
3.62500,89.93942,71.13071,2.72252,-0.00947,-0.00100,0.20172,3.16156,60.00000,60.00000,168.86929,0.00000,0.09897,0.01681,1.00000,1.00000,0.00000,0.00000,none
3.62917,89.93965,71.14196,2.72083,-0.00941,-0.00099,0.21487,3.14867,60.00000,60.00000,168.85804,0.00000,0.09898,0.01791,1.00000,1.00000,0.00000,0.00000,none
3.63333,89.93989,71.15318,2.71913,-0.00935,-0.00099,0.22796,3.13561,60.00000,60.00000,168.84682,0.00000,0.09898,0.01900,1.00000,1.00000,0.00000,0.00000,none
3.63750,89.94012,71.16438,2.71744,-0.00929,-0.00098,0.24100,3.12239,60.00000,60.00000,168.83562,0.00000,0.09899,0.02008,1.00000,1.00000,0.00000,0.00000,none
3.64167,89.94036,71.17554,2.71576,-0.00923,-0.00098,0.25398,3.10899,60.00000,60.00000,168.82446,0.00000,0.09900,0.02117,1.00000,1.00000,0.00000,0.00000,none
3.64583,89.94059,71.18669,2.71408,-0.00917,-0.00097,0.26691,3.09543,60.00000,60.00000,168.81331,0.00000,0.09900,0.02224,1.00000,1.00000,0.00000,0.00000,none
3.65000,89.94082,71.19780,2.71240,-0.00911,-0.00096,0.27978,3.08171,60.00000,60.00000,168.80220,0.00000,0.09901,0.02331,1.00000,1.00000,0.00000,0.00000,none
3.65417,89.94105,71.20889,2.71072,-0.00906,-0.00096,0.29259,3.06783,60.00000,60.00000,168.79111,0.00000,0.09901,0.02438,1.00000,1.00000,0.00000,0.00000,none
3.65833,89.94128,71.21996,2.70905,-0.00900,-0.00095,0.30534,3.05378,60.00000,60.00000,168.78004,0.00000,0.09902,0.02545,1.00000,1.00000,0.00000,0.00000,none
3.66250,89.94150,71.23100,2.70738,-0.00895,-0.00095,0.31804,3.03958,60.00000,60.00000,168.76900,0.00000,0.09903,0.02650,1.00000,1.00000,0.00000,0.00000,none
3.66667,89.94173,71.24201,2.70572,-0.00890,-0.00094,0.33067,3.02522,60.00000,60.00000,168.75799,0.00000,0.09903,0.02756,1.00000,1.00000,0.00000,0.00000,none
3.67083,89.94195,71.25300,2.70406,-0.00885,-0.00093,0.34325,3.01070,60.00000,60.00000,168.74700,0.00000,0.09904,0.02860,1.00000,1.00000,0.00000,0.00000,none
3.67500,89.94218,71.26396,2.70240,-0.00880,-0.00093,0.35576,2.99603,60.00000,60.00000,168.73604,0.00000,0.09904,0.02965,1.00000,1.00000,0.00000,0.00000,none
3.67917,89.94240,71.27490,2.70075,-0.00875,-0.00092,0.36821,2.98121,60.00000,60.00000,168.72510,0.00000,0.09905,0.03068,1.00000,1.00000,0.00000,0.00000,none
3.68333,89.94262,71.28582,2.69910,-0.00870,-0.00092,0.38060,2.96624,60.00000,60.00000,168.71418,0.00000,0.09905,0.03172,1.00000,1.00000,0.00000,0.00000,none
3.68750,89.94284,71.29671,2.69745,-0.00865,-0.00091,0.39293,2.95112,60.00000,60.00000,168.70329,0.00000,0.09906,0.03274,1.00000,1.00000,0.00000,0.00000,none
3.69167,89.94305,71.30757,2.69581,-0.00861,-0.00091,0.40520,2.93585,60.00000,60.00000,168.69243,0.00000,0.09907,0.03377,1.00000,1.00000,0.00000,0.00000,none
3.69583,89.94327,71.31841,2.69417,-0.00856,-0.00090,0.41740,2.92044,60.00000,60.00000,168.68159,0.00000,0.09907,0.03478,1.00000,1.00000,0.00000,0.00000,none
3.70000,89.94348,71.32922,2.69253,-0.00852,-0.00090,0.42953,2.90488,60.00000,60.00000,168.67078,0.00000,0.09908,0.03579,1.00000,1.00000,0.00000,0.00000,none
3.70417,89.94370,71.34001,2.69090,-0.00847,-0.00089,0.44160,2.88919,60.00000,60.00000,168.65999,0.00000,0.09908,0.03680,1.00000,1.00000,0.00000,0.00000,none
3.70833,89.94391,71.35078,2.68927,-0.00843,-0.00089,0.45361,2.87335,60.00000,60.00000,168.64922,0.00000,0.09909,0.03780,1.00000,1.00000,0.00000,0.00000,none
3.71250,89.94412,71.36152,2.68765,-0.00839,-0.00088,0.46555,2.85737,60.00000,60.00000,168.63848,0.00000,0.09910,0.03880,1.00000,1.00000,0.00000,0.00000,none
3.71667,89.94433,71.37224,2.68603,-0.00835,-0.00087,0.47742,2.84126,60.00000,60.00000,168.62776,0.00000,0.09910,0.03979,1.00000,1.00000,0.00000,0.00000,none
3.72083,89.94454,71.38294,2.68441,-0.00830,-0.00087,0.48923,2.82501,60.00000,60.00000,168.61706,0.00000,0.09911,0.04077,1.00000,1.00000,0.00000,0.00000,none
3.72500,89.94474,71.39361,2.68279,-0.00826,-0.00086,0.50096,2.80862,60.00000,60.00000,168.60639,0.00000,0.09911,0.04175,1.00000,1.00000,0.00000,0.00000,none
3.72917,89.94495,71.40426,2.68118,-0.00823,-0.00086,0.51263,2.79211,60.00000,60.00000,168.59574,0.00000,0.09912,0.04272,1.00000,1.00000,0.00000,0.00000,none
3.73333,89.94515,71.41488,2.67957,-0.00819,-0.00085,0.52423,2.77546,60.00000,60.00000,168.58512,0.00000,0.09913,0.04369,1.00000,1.00000,0.00000,0.00000,none
3.73750,89.94536,71.42548,2.67797,-0.00815,-0.00085,0.53576,2.75869,60.00000,60.00000,168.57452,0.00000,0.09913,0.04465,1.00000,1.00000,0.00000,0.00000,none
3.74167,89.94556,71.43606,2.67637,-0.00811,-0.00084,0.54722,2.74178,60.00000,60.00000,168.56394,0.00000,0.09914,0.04560,1.00000,1.00000,0.00000,0.00000,none
3.74583,89.94576,71.44661,2.67477,-0.00808,-0.00084,0.55861,2.72476,60.00000,60.00000,168.55339,0.00000,0.09914,0.04655,1.00000,1.00000,0.00000,0.00000,none
3.75000,89.94596,71.45714,2.67317,-0.00804,-0.00083,0.56993,2.70760,60.00000,60.00000,168.54286,0.00000,0.09915,0.04749,1.00000,1.00000,0.00000,0.00000,none
3.75417,89.94616,71.46765,2.67158,-0.00801,-0.00083,0.58117,2.69033,60.00000,60.00000,168.53235,0.00000,0.09916,0.04843,1.00000,1.00000,0.00000,0.00000,none
3.75833,89.94636,71.47814,2.67000,-0.00797,-0.00082,0.59234,2.67294,60.00000,60.00000,168.52186,0.00000,0.09916,0.04936,1.00000,1.00000,0.00000,0.00000,none
3.76250,89.94655,71.48860,2.66841,-0.00794,-0.00082,0.60345,2.65542,60.00000,60.00000,168.51140,0.00000,0.09917,0.05029,1.00000,1.00000,0.00000,0.00000,none
3.76667,89.94675,71.49904,2.66683,-0.00791,-0.00081,0.61447,2.63779,60.00000,60.00000,168.50096,0.00000,0.09917,0.05121,1.00000,1.00000,0.00000,0.00000,none
3.77083,89.94694,71.50946,2.66525,-0.00787,-0.00081,0.62543,2.62005,60.00000,60.00000,168.49054,0.00000,0.09918,0.05212,1.00000,1.00000,0.00000,0.00000,none
3.77500,89.94713,71.51986,2.66368,-0.00784,-0.00081,0.63631,2.60219,60.00000,60.00000,168.48014,0.00000,0.09919,0.05303,1.00000,1.00000,0.00000,0.00000,none
3.77917,89.94733,71.53023,2.66211,-0.00781,-0.00080,0.64711,2.58422,60.00000,60.00000,168.46977,0.00000,0.09919,0.05393,1.00000,1.00000,0.00000,0.00000,none
3.78333,89.94752,71.54058,2.66054,-0.00778,-0.00080,0.65784,2.56613,60.00000,60.00000,168.45942,0.00000,0.09920,0.05482,1.00000,1.00000,0.00000,0.00000,none
3.78750,89.94771,71.55091,2.65897,-0.00775,-0.00079,0.66850,2.54794,60.00000,60.00000,168.44909,0.00000,0.09920,0.05571,1.00000,1.00000,0.00000,0.00000,none
3.79167,89.94789,71.56122,2.65741,-0.00772,-0.00079,0.67907,2.52964,60.00000,60.00000,168.43878,0.00000,0.09921,0.05659,1.00000,1.00000,0.00000,0.00000,none
3.79583,89.94808,71.57150,2.65585,-0.00769,-0.00078,0.68958,2.51124,60.00000,60.00000,168.42850,0.00000,0.09922,0.05746,1.00000,1.00000,0.00000,0.00000,none
3.80000,89.94827,71.58177,2.65430,-0.00766,-0.00078,0.70000,2.49273,60.00000,60.00000,168.41823,0.00000,0.09922,0.05833,1.00000,1.00000,0.00000,0.00000,none
3.80417,89.94845,71.59201,2.65275,-0.00763,-0.00077,0.71035,2.47412,60.00000,60.00000,168.40799,0.00000,0.09923,0.05920,1.00000,1.00000,0.00000,0.00000,none
3.80833,89.94864,71.60223,2.65120,-0.00761,-0.00077,0.72062,2.45541,60.00000,60.00000,168.39777,0.00000,0.09923,0.06005,1.00000,1.00000,0.00000,0.00000,none
3.81250,89.94882,71.61243,2.64965,-0.00758,-0.00076,0.73081,2.43660,60.00000,60.00000,168.38757,0.00000,0.09924,0.06090,1.00000,1.00000,0.00000,0.00000,none
3.81667,89.94900,71.62261,2.64811,-0.00755,-0.00076,0.74092,2.41769,60.00000,60.00000,168.37739,0.00000,0.09925,0.06174,1.00000,1.00000,0.00000,0.00000,none
3.82083,89.94918,71.63277,2.64657,-0.00753,-0.00076,0.75096,2.39869,60.00000,60.00000,168.36723,0.00000,0.09925,0.06258,1.00000,1.00000,0.00000,0.00000,none
3.82500,89.94936,71.64290,2.64503,-0.00750,-0.00075,0.76091,2.37959,60.00000,60.00000,168.35710,0.00000,0.09926,0.06341,1.00000,1.00000,0.00000,0.00000,none
3.82917,89.94954,71.65302,2.64350,-0.00748,-0.00075,0.77079,2.36040,60.00000,60.00000,168.34698,0.00000,0.09926,0.06423,1.00000,1.00000,0.00000,0.00000,none
3.83333,89.94972,71.66311,2.64197,-0.00745,-0.00074,0.78058,2.34112,60.00000,60.00000,168.33689,0.00000,0.09927,0.06505,1.00000,1.00000,0.00000,0.00000,none
3.83750,89.94990,71.67318,2.64044,-0.00743,-0.00074,0.79030,2.32175,60.00000,60.00000,168.32682,0.00000,0.09928,0.06586,1.00000,1.00000,0.00000,0.00000,none
3.84167,89.95007,71.68324,2.63892,-0.00740,-0.00073,0.79993,2.30229,60.00000,60.00000,168.31676,0.00000,0.09928,0.06666,1.00000,1.00000,0.00000,0.00000,none
3.84583,89.95025,71.69327,2.63740,-0.00738,-0.00073,0.80948,2.28274,60.00000,60.00000,168.30673,0.00000,0.09929,0.06746,1.00000,1.00000,0.00000,0.00000,none
3.85000,89.95042,71.70328,2.63588,-0.00736,-0.00073,0.81895,2.26311,60.00000,60.00000,168.29672,0.00000,0.09929,0.06825,1.00000,1.00000,0.00000,0.00000,none
3.85417,89.95059,71.71327,2.63437,-0.00733,-0.00072,0.82834,2.24340,60.00000,60.00000,168.28673,0.00000,0.09930,0.06903,1.00000,1.00000,0.00000,0.00000,none
3.85833,89.95076,71.72324,2.63286,-0.00731,-0.00072,0.83765,2.22361,60.00000,60.00000,168.27676,0.00000,0.09931,0.06980,1.00000,1.00000,0.00000,0.00000,none
3.86250,89.95093,71.73319,2.63135,-0.00729,-0.00071,0.84687,2.20374,60.00000,60.00000,168.26681,0.00000,0.09931,0.07057,1.00000,1.00000,0.00000,0.00000,none
3.86667,89.95110,71.74312,2.62984,-0.00727,-0.00071,0.85601,2.18379,60.00000,60.00000,168.25688,0.00000,0.09932,0.07133,1.00000,1.00000,0.00000,0.00000,none
3.87083,89.95127,71.75303,2.62834,-0.00725,-0.00071,0.86507,2.16376,60.00000,60.00000,168.24697,0.00000,0.09932,0.07209,1.00000,1.00000,0.00000,0.00000,none
3.87500,89.95144,71.76292,2.62684,-0.00723,-0.00070,0.87404,2.14366,60.00000,60.00000,168.23708,0.00000,0.09933,0.07284,1.00000,1.00000,0.00000,0.00000,none
3.87917,89.95161,71.77279,2.62535,-0.00721,-0.00070,0.88293,2.12349,60.00000,60.00000,168.22721,0.00000,0.09934,0.07358,1.00000,1.00000,0.00000,0.00000,none
3.88333,89.95177,71.78264,2.62385,-0.00719,-0.00069,0.89174,2.10324,60.00000,60.00000,168.21736,0.00000,0.09934,0.07431,1.00000,1.00000,0.00000,0.00000,none
3.88750,89.95194,71.79247,2.62236,-0.00717,-0.00069,0.90046,2.08292,60.00000,60.00000,168.20753,0.00000,0.09935,0.07504,1.00000,1.00000,0.00000,0.00000,none
3.89167,89.95210,71.80228,2.62088,-0.00715,-0.00069,0.90910,2.06254,60.00000,60.00000,168.19772,0.00000,0.09936,0.07576,1.00000,1.00000,0.00000,0.00000,none
3.89583,89.95227,71.81207,2.61939,-0.00713,-0.00068,0.91765,2.04209,60.00000,60.00000,168.18793,0.00000,0.09936,0.07647,1.00000,1.00000,0.00000,0.00000,none
3.90000,89.95243,71.82184,2.61791,-0.00711,-0.00068,0.92611,2.02157,60.00000,60.00000,168.17816,0.00000,0.09937,0.07718,1.00000,1.00000,0.00000,0.00000,none
3.90417,89.95259,71.83159,2.61643,-0.00709,-0.00067,0.93449,2.00099,60.00000,60.00000,168.16841,0.00000,0.09937,0.07787,1.00000,1.00000,0.00000,0.00000,none
3.90833,89.95275,71.84132,2.61496,-0.00707,-0.00067,0.94279,1.98035,60.00000,60.00000,168.15868,0.00000,0.09938,0.07857,1.00000,1.00000,0.00000,0.00000,none
3.91250,89.95291,71.85103,2.61348,-0.00706,-0.00067,0.95100,1.95965,60.00000,60.00000,168.14897,0.00000,0.09939,0.07925,1.00000,1.00000,0.00000,0.00000,none
3.91667,89.95307,71.86072,2.61201,-0.00704,-0.00066,0.95912,1.93889,60.00000,60.00000,168.13928,0.00000,0.09939,0.07993,1.00000,1.00000,0.00000,0.00000,none
3.92083,89.95323,71.87040,2.61055,-0.00702,-0.00066,0.96715,1.91807,60.00000,60.00000,168.12960,0.00000,0.09940,0.08060,1.00000,1.00000,0.00000,0.00000,none
3.92500,89.95338,71.88005,2.60908,-0.00701,-0.00065,0.97510,1.89719,60.00000,60.00000,168.11995,0.00000,0.09940,0.08126,1.00000,1.00000,0.00000,0.00000,none
3.92917,89.95354,71.88969,2.60762,-0.00699,-0.00065,0.98296,1.87626,60.00000,60.00000,168.11031,0.00000,0.09941,0.08191,1.00000,1.00000,0.00000,0.00000,none
3.93333,89.95369,71.89931,2.60616,-0.00697,-0.00065,0.99074,1.85528,60.00000,60.00000,168.10069,0.00000,0.09942,0.08256,1.00000,1.00000,0.00000,0.00000,none
3.93750,89.95385,71.90891,2.60471,-0.00696,-0.00064,0.99842,1.83425,60.00000,60.00000,168.09109,0.00000,0.09942,0.08320,1.00000,1.00000,0.00000,0.00000,none
3.94167,89.95400,71.91848,2.60326,-0.00694,-0.00064,1.00602,1.81317,60.00000,60.00000,168.08152,0.00000,0.09943,0.08384,1.00000,1.00000,0.00000,0.00000,none
3.94583,89.95415,71.92805,2.60181,-0.00693,-0.00064,1.01353,1.79204,60.00000,60.00000,168.07195,0.00000,0.09943,0.08446,1.00000,1.00000,0.00000,0.00000,none
3.95000,89.95430,71.93759,2.60036,-0.00691,-0.00063,1.02096,1.77086,60.00000,60.00000,168.06241,0.00000,0.09944,0.08508,1.00000,1.00000,0.00000,0.00000,none
3.95417,89.95446,71.94711,2.59892,-0.00690,-0.00063,1.02829,1.74964,60.00000,60.00000,168.05289,0.00000,0.09945,0.08569,1.00000,1.00000,0.00000,0.00000,none
3.95833,89.95460,71.95662,2.59748,-0.00688,-0.00063,1.03554,1.72837,60.00000,60.00000,168.04338,0.00000,0.09945,0.08629,1.00000,1.00000,0.00000,0.00000,none
3.96250,89.95475,71.96610,2.59604,-0.00687,-0.00062,1.04269,1.70707,60.00000,60.00000,168.03390,0.00000,0.09946,0.08689,1.00000,1.00000,0.00000,0.00000,none
3.96667,89.95490,71.97557,2.59460,-0.00685,-0.00062,1.04976,1.68572,60.00000,60.00000,168.02443,0.00000,0.09946,0.08748,1.00000,1.00000,0.00000,0.00000,none
3.97083,89.95505,71.98502,2.59317,-0.00684,-0.00062,1.05674,1.66433,60.00000,60.00000,168.01498,0.00000,0.09947,0.08806,1.00000,1.00000,0.00000,0.00000,none
3.97500,89.95520,71.99445,2.59174,-0.00683,-0.00061,1.06363,1.64291,60.00000,60.00000,168.00555,0.00000,0.09948,0.08864,1.00000,1.00000,0.00000,0.00000,none
3.97917,89.95534,72.00387,2.59031,-0.00681,-0.00061,1.07043,1.62145,60.00000,60.00000,167.99613,0.00000,0.09948,0.08920,1.00000,1.00000,0.00000,0.00000,none
3.98333,89.95549,72.01326,2.58889,-0.00680,-0.00061,1.07714,1.59995,60.00000,60.00000,167.98674,0.00000,0.09949,0.08976,1.00000,1.00000,0.00000,0.00000,none
3.98750,89.95563,72.02264,2.58747,-0.00679,-0.00060,1.08377,1.57842,60.00000,60.00000,167.97736,0.00000,0.09950,0.09031,1.00000,1.00000,0.00000,0.00000,none
3.99167,89.95577,72.03200,2.58605,-0.00677,-0.00060,1.09030,1.55687,60.00000,60.00000,167.96800,0.00000,0.09950,0.09086,1.00000,1.00000,0.00000,0.00000,none
3.99583,89.95592,72.04134,2.58463,-0.00676,-0.00060,1.09674,1.53528,60.00000,60.00000,167.95866,0.00000,0.09951,0.09139,1.00000,1.00000,0.00000,0.00000,none
4.00000,89.95606,72.05067,2.58322,-0.00675,-0.00059,1.10309,1.51366,60.00000,60.00000,167.94933,0.00000,0.09951,0.09192,1.00000,1.00000,0.00000,0.00000,none
4.00417,89.95620,72.05997,2.58181,-0.00674,-0.00059,1.10935,1.49201,60.00000,60.00000,167.94003,0.00000,0.09952,0.09245,1.00000,1.00000,0.00000,0.00000,none
4.00833,89.95634,72.06926,2.58040,-0.00672,-0.00059,1.11553,1.47034,60.00000,60.00000,167.93074,0.00000,0.09953,0.09296,1.00000,1.00000,0.00000,0.00000,none
4.01250,89.95648,72.07853,2.57899,-0.00671,-0.00058,1.12161,1.44865,60.00000,60.00000,167.92147,0.00000,0.09953,0.09347,1.00000,1.00000,0.00000,0.00000,none
4.01667,89.95662,72.08779,2.57759,-0.00670,-0.00058,1.12760,1.42693,60.00000,60.00000,167.91221,0.00000,0.09954,0.09397,1.00000,1.00000,0.00000,0.00000,none
4.02083,89.95675,72.09702,2.57619,-0.00669,-0.00058,1.13350,1.40519,60.00000,60.00000,167.90298,0.00000,0.09954,0.09446,1.00000,1.00000,0.00000,0.00000,none
4.02500,89.95689,72.10624,2.57479,-0.00668,-0.00057,1.13931,1.38344,60.00000,60.00000,167.89376,0.00000,0.09955,0.09494,1.00000,1.00000,0.00000,0.00000,none
4.02917,89.95703,72.11545,2.57340,-0.00667,-0.00057,1.14503,1.36166,60.00000,60.00000,167.88455,0.00000,0.09956,0.09542,1.00000,1.00000,0.00000,0.00000,none
4.03333,89.95716,72.12463,2.57200,-0.00666,-0.00057,1.15065,1.33987,60.00000,60.00000,167.87537,0.00000,0.09956,0.09589,1.00000,1.00000,0.00000,0.00000,none
4.03750,89.95730,72.13380,2.57061,-0.00665,-0.00056,1.15619,1.31806,60.00000,60.00000,167.86620,0.00000,0.09957,0.09635,1.00000,1.00000,0.00000,0.00000,none
4.04167,89.95743,72.14295,2.56923,-0.00663,-0.00056,1.16164,1.29624,60.00000,60.00000,167.85705,0.00000,0.09958,0.09680,1.00000,1.00000,0.00000,0.00000,none
4.04583,89.95756,72.15208,2.56784,-0.00662,-0.00056,1.16699,1.27440,60.00000,60.00000,167.84792,0.00000,0.09958,0.09725,1.00000,1.00000,0.00000,0.00000,none
4.05000,89.95770,72.16120,2.56646,-0.00661,-0.00055,1.17226,1.25255,60.00000,60.00000,167.83880,0.00000,0.09959,0.09769,1.00000,1.00000,0.00000,0.00000,none
4.05417,89.95783,72.17030,2.56508,-0.00660,-0.00055,1.17743,1.23070,60.00000,60.00000,167.82970,0.00000,0.09959,0.09812,1.00000,1.00000,0.00000,0.00000,none
4.05833,89.95796,72.17938,2.56371,-0.00659,-0.00055,1.18251,1.20883,60.00000,60.00000,167.82062,0.00000,0.09960,0.09854,1.00000,1.00000,0.00000,0.00000,none
4.06250,89.95809,72.18844,2.56233,-0.00658,-0.00054,1.18751,1.18696,60.00000,60.00000,167.81156,0.00000,0.09961,0.09896,1.00000,1.00000,0.00000,0.00000,none
4.06667,89.95822,72.19749,2.56096,-0.00657,-0.00054,1.19241,1.16508,60.00000,60.00000,167.80251,0.00000,0.09961,0.09937,1.00000,1.00000,0.00000,0.00000,none
4.07083,89.95835,72.20653,2.55959,-0.00657,-0.00054,1.19721,1.14320,60.00000,60.00000,167.79347,0.00000,0.09962,0.09977,1.00000,1.00000,0.00000,0.00000,none
4.07500,89.95848,72.21554,2.55822,-0.00656,-0.00053,1.20193,1.12132,60.00000,60.00000,167.78446,0.00000,0.09962,0.10016,1.00000,1.00000,0.00000,0.00000,none
4.07917,89.95860,72.22454,2.55686,-0.00655,-0.00053,1.20656,1.09943,60.00000,60.00000,167.77546,0.00000,0.09963,0.10055,1.00000,1.00000,0.00000,0.00000,none
4.08333,89.95873,72.23352,2.55550,-0.00654,-0.00053,1.21109,1.07754,60.00000,60.00000,167.76648,0.00000,0.09964,0.10092,1.00000,1.00000,0.00000,0.00000,none
4.08750,89.95886,72.24249,2.55414,-0.00653,-0.00053,1.21554,1.05566,60.00000,60.00000,167.75751,0.00000,0.09964,0.10129,1.00000,1.00000,0.00000,0.00000,none
4.09167,89.95898,72.25144,2.55278,-0.00652,-0.00052,1.21989,1.03378,60.00000,60.00000,167.74856,0.00000,0.09965,0.10166,1.00000,1.00000,0.00000,0.00000,none
4.09583,89.95911,72.26037,2.55143,-0.00651,-0.00052,1.22415,1.01190,60.00000,60.00000,167.73963,0.00000,0.09966,0.10201,1.00000,1.00000,0.00000,0.00000,none
4.10000,89.95923,72.26929,2.55008,-0.00650,-0.00052,1.22832,0.99002,60.00000,60.00000,167.73071,0.00000,0.09966,0.10236,1.00000,1.00000,0.00000,0.00000,none
4.10417,89.95935,72.27819,2.54873,-0.00650,-0.00051,1.23240,0.96816,60.00000,60.00000,167.72181,0.00000,0.09967,0.10270,1.00000,1.00000,0.00000,0.00000,none
4.10833,89.95947,72.28708,2.54738,-0.00649,-0.00051,1.23639,0.94630,60.00000,60.00000,167.71292,0.00000,0.09967,0.10303,1.00000,1.00000,0.00000,0.00000,none
4.11250,89.95960,72.29595,2.54604,-0.00648,-0.00051,1.24029,0.92445,60.00000,60.00000,167.70405,0.00000,0.09968,0.10336,1.00000,1.00000,0.00000,0.00000,none
4.11667,89.95972,72.30480,2.54470,-0.00647,-0.00051,1.24410,0.90261,60.00000,60.00000,167.69520,0.00000,0.09969,0.10367,1.00000,1.00000,0.00000,0.00000,none
4.12083,89.95984,72.31364,2.54336,-0.00646,-0.00050,1.24781,0.88078,60.00000,60.00000,167.68636,0.00000,0.09969,0.10398,1.00000,1.00000,0.00000,0.00000,none
4.12500,89.95996,72.32246,2.54202,-0.00646,-0.00050,1.25144,0.85897,60.00000,60.00000,167.67754,0.00000,0.09970,0.10429,1.00000,1.00000,0.00000,0.00000,none
4.12917,89.96008,72.33126,2.54069,-0.00645,-0.00050,1.25497,0.83717,60.00000,60.00000,167.66874,0.00000,0.09971,0.10458,1.00000,1.00000,0.00000,0.00000,none
4.13333,89.96019,72.34005,2.53936,-0.00644,-0.00049,1.25841,0.81539,60.00000,60.00000,167.65995,0.00000,0.09971,0.10487,1.00000,1.00000,0.00000,0.00000,none
4.13750,89.96031,72.34883,2.53803,-0.00643,-0.00049,1.26176,0.79362,60.00000,60.00000,167.65117,0.00000,0.09972,0.10515,1.00000,1.00000,0.00000,0.00000,none
4.14167,89.96043,72.35758,2.53670,-0.00643,-0.00049,1.26503,0.77187,60.00000,60.00000,167.64242,0.00000,0.09972,0.10542,1.00000,1.00000,0.00000,0.00000,none
4.14583,89.96055,72.36633,2.53538,-0.00642,-0.00049,1.26820,0.75014,60.00000,60.00000,167.63367,0.00000,0.09973,0.10568,1.00000,1.00000,0.00000,0.00000,none
4.15000,89.96066,72.37505,2.53405,-0.00641,-0.00048,1.27128,0.72844,60.00000,60.00000,167.62495,0.00000,0.09974,0.10594,1.00000,1.00000,0.00000,0.00000,none
4.15417,89.96078,72.38377,2.53273,-0.00641,-0.00048,1.27427,0.70675,60.00000,60.00000,167.61623,0.00000,0.09974,0.10619,1.00000,1.00000,0.00000,0.00000,none
4.15833,89.96089,72.39246,2.53142,-0.00640,-0.00048,1.27717,0.68509,60.00000,60.00000,167.60754,0.00000,0.09975,0.10643,1.00000,1.00000,0.00000,0.00000,none
4.16250,89.96100,72.40114,2.53010,-0.00639,-0.00047,1.27998,0.66345,60.00000,60.00000,167.59886,0.00000,0.09975,0.10666,1.00000,1.00000,0.00000,0.00000,none
4.16667,89.96112,72.40981,2.52879,-0.00639,-0.00047,1.28269,0.64184,60.00000,60.00000,167.59019,0.00000,0.09976,0.10689,1.00000,1.00000,0.00000,0.00000,none
4.17083,89.96123,72.41846,2.52748,-0.00638,-0.00047,1.28532,0.62026,60.00000,60.00000,167.58154,0.00000,0.09977,0.10711,1.00000,1.00000,0.00000,0.00000,none
4.17500,89.96134,72.42709,2.52617,-0.00637,-0.00047,1.28786,0.59870,60.00000,60.00000,167.57291,0.00000,0.09977,0.10732,1.00000,1.00000,0.00000,0.00000,none
4.17917,89.96145,72.43571,2.52486,-0.00637,-0.00046,1.29031,0.57717,60.00000,60.00000,167.56429,0.00000,0.09978,0.10753,1.00000,1.00000,0.00000,0.00000,none
4.18333,89.96156,72.44432,2.52356,-0.00636,-0.00046,1.29267,0.55568,60.00000,60.00000,167.55568,0.00000,0.09979,0.10772,1.00000,1.00000,0.00000,0.00000,none
4.18750,89.96167,72.45291,2.52226,-0.00636,-0.00046,1.29494,0.53422,60.00000,60.00000,167.54709,0.00000,0.09979,0.10791,1.00000,1.00000,0.00000,0.00000,none
4.19167,89.96178,72.46148,2.52096,-0.00635,-0.00046,1.29713,0.51278,60.00000,60.00000,167.53852,0.00000,0.09980,0.10809,1.00000,1.00000,0.00000,0.00000,none
4.19583,89.96189,72.47004,2.51966,-0.00634,-0.00045,1.29922,0.49139,60.00000,60.00000,167.52996,0.00000,0.09980,0.10827,1.00000,1.00000,0.00000,0.00000,none
4.20000,89.96200,72.47858,2.51837,-0.00634,-0.00045,1.30122,0.47003,60.00000,60.00000,167.52142,0.00000,0.09981,0.10844,1.00000,1.00000,0.00000,0.00000,none
4.20417,89.96211,72.48711,2.51708,-0.00633,-0.00045,1.30313,0.44871,60.00000,60.00000,167.51289,0.00000,0.09982,0.10859,1.00000,1.00000,0.00000,0.00000,none
4.20833,89.96221,72.49563,2.51579,-0.00633,-0.00045,1.30496,0.42742,60.00000,60.00000,167.50437,0.00000,0.09982,0.10875,1.00000,1.00000,0.00000,0.00000,none
4.21250,89.96232,72.50413,2.51450,-0.00632,-0.00044,1.30670,0.40617,60.00000,60.00000,167.49587,0.00000,0.09983,0.10889,1.00000,1.00000,0.00000,0.00000,none
4.21667,89.96242,72.51261,2.51322,-0.00632,-0.00044,1.30834,0.38497,60.00000,60.00000,167.48739,0.00000,0.09984,0.10903,1.00000,1.00000,0.00000,0.00000,none
4.22083,89.96253,72.52108,2.51193,-0.00631,-0.00044,1.30990,0.36380,60.00000,60.00000,167.47892,0.00000,0.09984,0.10916,1.00000,1.00000,0.00000,0.00000,none
4.22500,89.96263,72.52954,2.51065,-0.00631,-0.00044,1.31138,0.34268,60.00000,60.00000,167.47046,0.00000,0.09985,0.10928,1.00000,1.00000,0.00000,0.00000,none
4.22917,89.96274,72.53798,2.50938,-0.00630,-0.00043,1.31276,0.32160,60.00000,60.00000,167.46202,0.00000,0.09985,0.10940,1.00000,1.00000,0.00000,0.00000,none
4.23333,89.96284,72.54641,2.50810,-0.00629,-0.00043,1.31406,0.30057,60.00000,60.00000,167.45359,0.00000,0.09986,0.10950,1.00000,1.00000,0.00000,0.00000,none
4.23750,89.96294,72.55482,2.50683,-0.00629,-0.00043,1.31526,0.27958,60.00000,60.00000,167.44518,0.00000,0.09987,0.10961,1.00000,1.00000,0.00000,0.00000,none
4.24167,89.96304,72.56322,2.50555,-0.00629,-0.00043,1.31639,0.25865,60.00000,60.00000,167.43678,0.00000,0.09987,0.10970,1.00000,1.00000,0.00000,0.00000,none
4.24583,89.96314,72.57160,2.50429,-0.00628,-0.00042,1.31742,0.23775,60.00000,60.00000,167.42840,0.00000,0.09988,0.10979,1.00000,1.00000,0.00000,0.00000,none
4.25000,89.96325,72.57997,2.50302,-0.00628,-0.00042,1.31837,0.21691,60.00000,60.00000,167.42003,0.00000,0.09989,0.10986,1.00000,1.00000,0.00000,0.00000,none
4.25417,89.96335,72.58833,2.50175,-0.00627,-0.00042,1.31923,0.19612,60.00000,60.00000,167.41167,0.00000,0.09989,0.10994,1.00000,1.00000,0.00000,0.00000,none
4.25833,89.96345,72.59667,2.50049,-0.00627,-0.00042,1.32000,0.17538,60.00000,60.00000,167.40333,0.00000,0.09990,0.11000,1.00000,1.00000,0.00000,0.00000,none
4.26250,89.96354,72.60500,2.49923,-0.00626,-0.00041,1.32069,0.15469,60.00000,60.00000,167.39500,0.00000,0.09990,0.11006,1.00000,1.00000,0.00000,0.00000,none
4.26667,89.96364,72.61331,2.49797,-0.00626,-0.00041,1.32129,0.13406,60.00000,60.00000,167.38669,0.00000,0.09991,0.11011,1.00000,1.00000,0.00000,0.00000,none
4.27083,89.96374,72.62161,2.49671,-0.00625,-0.00041,1.32181,0.11348,60.00000,60.00000,167.37839,0.00000,0.09992,0.11015,1.00000,1.00000,0.00000,0.00000,none
4.27500,89.96384,72.62989,2.49546,-0.00625,-0.00041,1.32224,0.09296,60.00000,60.00000,167.37011,0.00000,0.09992,0.11019,1.00000,1.00000,0.00000,0.00000,none
4.27917,89.96393,72.63816,2.49421,-0.00624,-0.00040,1.32258,0.07249,60.00000,60.00000,167.36184,0.00000,0.09993,0.11022,1.00000,1.00000,0.00000,0.00000,none
4.28333,89.96403,72.64642,2.49296,-0.00624,-0.00040,1.32284,0.05209,60.00000,60.00000,167.35358,0.00000,0.09994,0.11024,1.00000,1.00000,0.00000,0.00000,none
4.28750,89.96413,72.65466,2.49171,-0.00624,-0.00040,1.32302,0.03174,60.00000,60.00000,167.34534,0.00000,0.09994,0.11025,1.00000,1.00000,0.00000,0.00000,none
4.29167,89.96422,72.66289,2.49047,-0.00623,-0.00040,1.32311,0.01145,60.00000,60.00000,167.33711,0.00000,0.09995,0.11026,1.00000,1.00000,0.00000,0.00000,none
4.29583,89.96431,72.67111,2.48922,-0.00623,-0.00039,1.32311,-0.00878,60.00000,60.00000,167.32889,0.00000,0.09995,0.11026,1.00000,1.00000,0.00000,0.00000,none
4.30000,89.96441,72.67931,2.48798,-0.00622,-0.00039,1.32303,-0.02894,60.00000,60.00000,167.32069,0.00000,0.09996,0.11025,1.00000,1.00000,0.00000,0.00000,none
4.30417,89.96450,72.68749,2.48674,-0.00622,-0.00039,1.32287,-0.04904,60.00000,60.00000,167.31251,0.00000,0.09997,0.11024,1.00000,1.00000,0.00000,0.00000,none
4.30833,89.96459,72.69567,2.48551,-0.00622,-0.00039,1.32262,-0.06908,60.00000,60.00000,167.30433,0.00000,0.09997,0.11022,1.00000,1.00000,0.00000,0.00000,none
4.31250,89.96469,72.70383,2.48427,-0.00621,-0.00038,1.32229,-0.08905,60.00000,60.00000,167.29617,0.00000,0.09998,0.11019,1.00000,1.00000,0.00000,0.00000,none
4.31667,89.96478,72.71198,2.48304,-0.00621,-0.00038,1.32188,-0.10896,60.00000,60.00000,167.28802,0.00000,0.09999,0.11016,1.00000,1.00000,0.00000,0.00000,none
4.32083,89.96487,72.72011,2.48181,-0.00621,-0.00038,1.32139,-0.12880,60.00000,60.00000,167.27989,0.00000,0.09999,0.11012,1.00000,1.00000,0.00000,0.00000,none
4.32500,89.96496,72.72823,2.48058,-0.00620,-0.00038,1.32081,-0.14857,60.00000,60.00000,167.27177,0.00000,0.10000,0.11007,1.00000,1.00000,0.00000,0.00000,none
4.32917,89.96505,72.73633,2.47935,-0.00620,-0.00038,1.32015,-0.16827,60.00000,60.00000,167.26367,0.00000,0.10000,0.11001,1.00000,1.00000,0.00000,0.00000,none
4.33333,89.96514,72.74443,2.47813,-0.00620,-0.00037,1.31941,-0.18790,60.00000,60.00000,167.25557,0.00000,0.10001,0.10995,1.00000,1.00000,0.00000,0.00000,none
4.33750,89.96523,72.75251,2.47690,-0.00619,-0.00037,1.31858,-0.20746,60.00000,60.00000,167.24749,0.00000,0.10002,0.10988,1.00000,1.00000,0.00000,0.00000,none
4.34167,89.96532,72.76057,2.47568,-0.00619,-0.00037,1.31768,-0.22694,60.00000,60.00000,167.23943,0.00000,0.10002,0.10981,1.00000,1.00000,0.00000,0.00000,none
4.34583,89.96540,72.76863,2.47447,-0.00619,-0.00037,1.31669,-0.24636,60.00000,60.00000,167.23137,0.00000,0.10003,0.10972,1.00000,1.00000,0.00000,0.00000,none
4.35000,89.96549,72.77667,2.47325,-0.00618,-0.00036,1.31563,-0.26570,60.00000,60.00000,167.22333,0.00000,0.10004,0.10964,1.00000,1.00000,0.00000,0.00000,none
4.35417,89.96558,72.78469,2.47203,-0.00618,-0.00036,1.31448,-0.28496,60.00000,60.00000,167.21531,0.00000,0.10004,0.10954,1.00000,1.00000,0.00000,0.00000,none
4.35833,89.96566,72.79271,2.47082,-0.00618,-0.00036,1.31325,-0.30415,60.00000,60.00000,167.20729,0.00000,0.10005,0.10944,1.00000,1.00000,0.00000,0.00000,none
4.36250,89.96575,72.80071,2.46961,-0.00617,-0.00036,1.31194,-0.32326,60.00000,60.00000,167.19929,0.00000,0.10005,0.10933,1.00000,1.00000,0.00000,0.00000,none
4.36667,89.96583,72.80869,2.46840,-0.00617,-0.00036,1.31056,-0.34230,60.00000,60.00000,167.19131,0.00000,0.10006,0.10921,1.00000,1.00000,0.00000,0.00000,none
4.37083,89.96592,72.81667,2.46720,-0.00617,-0.00035,1.30909,-0.36125,60.00000,60.00000,167.18333,0.00000,0.10007,0.10909,1.00000,1.00000,0.00000,0.00000,none
4.37500,89.96600,72.82463,2.46599,-0.00617,-0.00035,1.30755,-0.38013,60.00000,60.00000,167.17537,0.00000,0.10007,0.10896,1.00000,1.00000,0.00000,0.00000,none
4.37917,89.96609,72.83258,2.46479,-0.00616,-0.00035,1.30592,-0.39892,60.00000,60.00000,167.16742,0.00000,0.10008,0.10883,1.00000,1.00000,0.00000,0.00000,none
4.38333,89.96617,72.84051,2.46359,-0.00616,-0.00035,1.30422,-0.41764,60.00000,60.00000,167.15949,0.00000,0.10009,0.10869,1.00000,1.00000,0.00000,0.00000,none
4.38750,89.96625,72.84844,2.46239,-0.00616,-0.00034,1.30244,-0.43627,60.00000,60.00000,167.15156,0.00000,0.10009,0.10854,1.00000,1.00000,0.00000,0.00000,none
4.39167,89.96634,72.85635,2.46120,-0.00615,-0.00034,1.30059,-0.45482,60.00000,60.00000,167.14365,0.00000,0.10010,0.10838,1.00000,1.00000,0.00000,0.00000,none
4.39583,89.96642,72.86424,2.46000,-0.00615,-0.00034,1.29865,-0.47328,60.00000,60.00000,167.13576,0.00000,0.10010,0.10822,1.00000,1.00000,0.00000,0.00000,none
4.40000,89.96650,72.87213,2.45881,-0.00615,-0.00034,1.29664,-0.49166,60.00000,60.00000,167.12787,0.00000,0.10011,0.10805,1.00000,1.00000,0.00000,0.00000,none
4.40417,89.96658,72.88000,2.45762,-0.00615,-0.00034,1.29456,-0.50996,60.00000,60.00000,167.12000,0.00000,0.10012,0.10788,1.00000,1.00000,0.00000,0.00000,none
4.40833,89.96666,72.88786,2.45643,-0.00614,-0.00033,1.29239,-0.52816,60.00000,60.00000,167.11214,0.00000,0.10012,0.10770,1.00000,1.00000,0.00000,0.00000,none
4.41250,89.96674,72.89571,2.45524,-0.00614,-0.00033,1.29015,-0.54628,60.00000,60.00000,167.10429,0.00000,0.10013,0.10751,1.00000,1.00000,0.00000,0.00000,none
4.41667,89.96682,72.90354,2.45406,-0.00614,-0.00033,1.28784,-0.56431,60.00000,60.00000,167.09646,0.00000,0.10014,0.10732,1.00000,1.00000,0.00000,0.00000,none
4.42083,89.96690,72.91136,2.45288,-0.00614,-0.00033,1.28545,-0.58226,60.00000,60.00000,167.08864,0.00000,0.10014,0.10712,1.00000,1.00000,0.00000,0.00000,none
4.42500,89.96697,72.91917,2.45169,-0.00613,-0.00033,1.28299,-0.60011,60.00000,60.00000,167.08083,0.00000,0.10015,0.10692,1.00000,1.00000,0.00000,0.00000,none
4.42917,89.96705,72.92697,2.45052,-0.00613,-0.00032,1.28045,-0.61787,60.00000,60.00000,167.07303,0.00000,0.10015,0.10670,1.00000,1.00000,0.00000,0.00000,none
4.43333,89.96713,72.93475,2.44934,-0.00613,-0.00032,1.27784,-0.63554,60.00000,60.00000,167.06525,0.00000,0.10016,0.10649,1.00000,1.00000,0.00000,0.00000,none
4.43750,89.96720,72.94252,2.44816,-0.00613,-0.00032,1.27516,-0.65312,60.00000,60.00000,167.05748,0.00000,0.10017,0.10626,1.00000,1.00000,0.00000,0.00000,none
4.44167,89.96728,72.95028,2.44699,-0.00613,-0.00032,1.27240,-0.67060,60.00000,60.00000,167.04972,0.00000,0.10017,0.10603,1.00000,1.00000,0.00000,0.00000,none
4.44583,89.96736,72.95803,2.44582,-0.00612,-0.00032,1.26957,-0.68800,60.00000,60.00000,167.04197,0.00000,0.10018,0.10580,1.00000,1.00000,0.00000,0.00000,none
4.45000,89.96743,72.96577,2.44465,-0.00612,-0.00031,1.26666,-0.70529,60.00000,60.00000,167.03423,0.00000,0.10019,0.10556,1.00000,1.00000,0.00000,0.00000,none
4.45417,89.96751,72.97349,2.44348,-0.00612,-0.00031,1.26369,-0.72249,60.00000,60.00000,167.02651,0.00000,0.10019,0.10531,1.00000,1.00000,0.00000,0.00000,none
4.45833,89.96758,72.98120,2.44232,-0.00612,-0.00031,1.26064,-0.73960,60.00000,60.00000,167.01880,0.00000,0.10020,0.10505,1.00000,1.00000,0.00000,0.00000,none
4.46250,89.96765,72.98890,2.44115,-0.00612,-0.00031,1.25753,-0.75660,60.00000,60.00000,167.01110,0.00000,0.10021,0.10479,1.00000,1.00000,0.00000,0.00000,none
4.46667,89.96773,72.99659,2.43999,-0.00611,-0.00031,1.25434,-0.77351,60.00000,60.00000,167.00341,0.00000,0.10021,0.10453,1.00000,1.00000,0.00000,0.00000,none
4.47083,89.96780,73.00426,2.43883,-0.00611,-0.00030,1.25108,-0.79033,60.00000,60.00000,166.99574,0.00000,0.10022,0.10426,1.00000,1.00000,0.00000,0.00000,none
4.47500,89.96787,73.01192,2.43767,-0.00611,-0.00030,1.24775,-0.80704,60.00000,60.00000,166.98808,0.00000,0.10022,0.10398,1.00000,1.00000,0.00000,0.00000,none
4.47917,89.96794,73.01957,2.43652,-0.00611,-0.00030,1.24436,-0.82365,60.00000,60.00000,166.98043,0.00000,0.10023,0.10370,1.00000,1.00000,0.00000,0.00000,none
4.48333,89.96802,73.02721,2.43536,-0.00611,-0.00030,1.24089,-0.84016,60.00000,60.00000,166.97279,0.00000,0.10024,0.10341,1.00000,1.00000,0.00000,0.00000,none
4.48750,89.96809,73.03484,2.43421,-0.00611,-0.00030,1.23735,-0.85657,60.00000,60.00000,166.96516,0.00000,0.10024,0.10311,1.00000,1.00000,0.00000,0.00000,none
4.49167,89.96816,73.04245,2.43306,-0.00610,-0.00029,1.23375,-0.87288,60.00000,60.00000,166.95755,0.00000,0.10025,0.10281,1.00000,1.00000,0.00000,0.00000,none
4.49583,89.96823,73.05006,2.43191,-0.00610,-0.00029,1.23008,-0.88909,60.00000,60.00000,166.94994,0.00000,0.10026,0.10251,1.00000,1.00000,0.00000,0.00000,none
4.50000,89.96830,73.05765,2.43076,-0.00610,-0.00029,1.22634,-0.90519,60.00000,60.00000,166.94235,0.00000,0.10026,0.10220,1.00000,1.00000,0.00000,0.00000,none
4.50417,89.96837,73.06523,2.42962,-0.00610,-0.00029,1.22254,-0.92119,60.00000,60.00000,166.93477,0.00000,0.10027,0.10188,1.00000,1.00000,0.00000,0.00000,none
4.50833,89.96843,73.07279,2.42847,-0.00610,-0.00029,1.21867,-0.93708,60.00000,60.00000,166.92721,0.00000,0.10027,0.10156,1.00000,1.00000,0.00000,0.00000,none
4.51250,89.96850,73.08035,2.42733,-0.00610,-0.00028,1.21473,-0.95287,60.00000,60.00000,166.91965,0.00000,0.10028,0.10123,1.00000,1.00000,0.00000,0.00000,none
4.51667,89.96857,73.08790,2.42619,-0.00610,-0.00028,1.21073,-0.96855,60.00000,60.00000,166.91210,0.00000,0.10029,0.10089,1.00000,1.00000,0.00000,0.00000,none
4.52083,89.96864,73.09543,2.42505,-0.00609,-0.00028,1.20666,-0.98412,60.00000,60.00000,166.90457,0.00000,0.10029,0.10055,1.00000,1.00000,0.00000,0.00000,none
4.52500,89.96871,73.10295,2.42392,-0.00609,-0.00028,1.20252,-0.99959,60.00000,60.00000,166.89705,0.00000,0.10030,0.10021,1.00000,1.00000,0.00000,0.00000,none
4.52917,89.96877,73.11046,2.42278,-0.00609,-0.00028,1.19833,-1.01495,60.00000,60.00000,166.88954,0.00000,0.10031,0.09986,1.00000,1.00000,0.00000,0.00000,none
4.53333,89.96884,73.11796,2.42165,-0.00609,-0.00028,1.19407,-1.03020,60.00000,60.00000,166.88204,0.00000,0.10031,0.09951,1.00000,1.00000,0.00000,0.00000,none
4.53750,89.96890,73.12544,2.42052,-0.00609,-0.00027,1.18974,-1.04534,60.00000,60.00000,166.87456,0.00000,0.10032,0.09915,1.00000,1.00000,0.00000,0.00000,none
4.54167,89.96897,73.13292,2.41939,-0.00609,-0.00027,1.18536,-1.06037,60.00000,60.00000,166.86708,0.00000,0.10033,0.09878,1.00000,1.00000,0.00000,0.00000,none
4.54583,89.96903,73.14038,2.41826,-0.00609,-0.00027,1.18091,-1.07530,60.00000,60.00000,166.85962,0.00000,0.10033,0.09841,1.00000,1.00000,0.00000,0.00000,none
4.55000,89.96910,73.14784,2.41713,-0.00609,-0.00027,1.17640,-1.09011,60.00000,60.00000,166.85216,0.00000,0.10034,0.09803,1.00000,1.00000,0.00000,0.00000,none
4.55417,89.96916,73.15528,2.41601,-0.00609,-0.00027,1.17182,-1.10480,60.00000,60.00000,166.84472,0.00000,0.10034,0.09765,1.00000,1.00000,0.00000,0.00000,none
4.55833,89.96922,73.16271,2.41489,-0.00608,-0.00026,1.16719,-1.11939,60.00000,60.00000,166.83729,0.00000,0.10035,0.09727,1.00000,1.00000,0.00000,0.00000,none
4.56250,89.96929,73.17013,2.41377,-0.00608,-0.00026,1.16249,-1.13386,60.00000,60.00000,166.82987,0.00000,0.10036,0.09687,1.00000,1.00000,0.00000,0.00000,none
4.56667,89.96935,73.17753,2.41265,-0.00608,-0.00026,1.15774,-1.14822,60.00000,60.00000,166.82247,0.00000,0.10036,0.09648,1.00000,1.00000,0.00000,0.00000,none
4.57083,89.96941,73.18493,2.41153,-0.00608,-0.00026,1.15293,-1.16247,60.00000,60.00000,166.81507,0.00000,0.10037,0.09608,1.00000,1.00000,0.00000,0.00000,none
4.57500,89.96947,73.19232,2.41041,-0.00608,-0.00026,1.14805,-1.17660,60.00000,60.00000,166.80768,0.00000,0.10038,0.09567,1.00000,1.00000,0.00000,0.00000,none
4.57917,89.96953,73.19969,2.40930,-0.00608,-0.00026,1.14312,-1.19061,60.00000,60.00000,166.80031,0.00000,0.10038,0.09526,1.00000,1.00000,0.00000,0.00000,none
4.58333,89.96960,73.20705,2.40819,-0.00608,-0.00025,1.13813,-1.20451,60.00000,60.00000,166.79295,0.00000,0.10039,0.09484,1.00000,1.00000,0.00000,0.00000,none
4.58750,89.96966,73.21440,2.40708,-0.00608,-0.00025,1.13308,-1.21830,60.00000,60.00000,166.78560,0.00000,0.10039,0.09442,1.00000,1.00000,0.00000,0.00000,none
4.59167,89.96972,73.22175,2.40597,-0.00608,-0.00025,1.12798,-1.23197,60.00000,60.00000,166.77825,0.00000,0.10040,0.09400,1.00000,1.00000,0.00000,0.00000,none
4.59583,89.96978,73.22908,2.40486,-0.00608,-0.00025,1.12282,-1.24552,60.00000,60.00000,166.77092,0.00000,0.10041,0.09357,1.00000,1.00000,0.00000,0.00000,none
4.60000,89.96983,73.23639,2.40376,-0.00608,-0.00025,1.11760,-1.25895,60.00000,60.00000,166.76361,0.00000,0.10041,0.09313,1.00000,1.00000,0.00000,0.00000,none
4.60417,89.96989,73.24370,2.40265,-0.00607,-0.00025,1.11233,-1.27226,60.00000,60.00000,166.75630,0.00000,0.10042,0.09269,1.00000,1.00000,0.00000,0.00000,none
4.60833,89.96995,73.25100,2.40155,-0.00607,-0.00024,1.10700,-1.28546,60.00000,60.00000,166.74900,0.00000,0.10043,0.09225,1.00000,1.00000,0.00000,0.00000,none
4.61250,89.97001,73.25829,2.40045,-0.00607,-0.00024,1.10161,-1.29853,60.00000,60.00000,166.74171,0.00000,0.10043,0.09180,1.00000,1.00000,0.00000,0.00000,none
4.61667,89.97007,73.26556,2.39935,-0.00607,-0.00024,1.09618,-1.31149,60.00000,60.00000,166.73444,0.00000,0.10044,0.09135,1.00000,1.00000,0.00000,0.00000,none
4.62083,89.97012,73.27283,2.39825,-0.00607,-0.00024,1.09069,-1.32433,60.00000,60.00000,166.72717,0.00000,0.10045,0.09089,1.00000,1.00000,0.00000,0.00000,none
4.62500,89.97018,73.28008,2.39716,-0.00607,-0.00024,1.08514,-1.33704,60.00000,60.00000,166.71992,0.00000,0.10045,0.09043,1.00000,1.00000,0.00000,0.00000,none
4.62917,89.97024,73.28732,2.39607,-0.00607,-0.00024,1.07954,-1.34964,60.00000,60.00000,166.71268,0.00000,0.10046,0.08996,1.00000,1.00000,0.00000,0.00000,none
4.63333,89.97029,73.29456,2.39497,-0.00607,-0.00023,1.07389,-1.36211,60.00000,60.00000,166.70544,0.00000,0.10046,0.08949,1.00000,1.00000,0.00000,0.00000,none
4.63750,89.97035,73.30178,2.39388,-0.00607,-0.00023,1.06819,-1.37446,60.00000,60.00000,166.69822,0.00000,0.10047,0.08902,1.00000,1.00000,0.00000,0.00000,none
4.64167,89.97040,73.30899,2.39279,-0.00607,-0.00023,1.06244,-1.38669,60.00000,60.00000,166.69101,0.00000,0.10048,0.08854,1.00000,1.00000,0.00000,0.00000,none
4.64583,89.97046,73.31619,2.39171,-0.00607,-0.00023,1.05664,-1.39880,60.00000,60.00000,166.68381,0.00000,0.10048,0.08805,1.00000,1.00000,0.00000,0.00000,none
4.65000,89.97051,73.32338,2.39062,-0.00607,-0.00023,1.05078,-1.41078,60.00000,60.00000,166.67662,0.00000,0.10049,0.08757,1.00000,1.00000,0.00000,0.00000,none
4.65417,89.97057,73.33056,2.38954,-0.00607,-0.00023,1.04488,-1.42264,60.00000,60.00000,166.66944,0.00000,0.10050,0.08707,1.00000,1.00000,0.00000,0.00000,none
4.65833,89.97062,73.33773,2.38846,-0.00607,-0.00022,1.03893,-1.43437,60.00000,60.00000,166.66227,0.00000,0.10050,0.08658,1.00000,1.00000,0.00000,0.00000,none
4.66250,89.97067,73.34489,2.38737,-0.00607,-0.00022,1.03293,-1.44598,60.00000,60.00000,166.65511,0.00000,0.10051,0.08608,1.00000,1.00000,0.00000,0.00000,none
4.66667,89.97073,73.35204,2.38630,-0.00607,-0.00022,1.02688,-1.45747,60.00000,60.00000,166.64796,0.00000,0.10051,0.08557,1.00000,1.00000,0.00000,0.00000,none
4.67083,89.97078,73.35917,2.38522,-0.00607,-0.00022,1.02078,-1.46883,60.00000,60.00000,166.64083,0.00000,0.10052,0.08507,1.00000,1.00000,0.00000,0.00000,none
4.67500,89.97083,73.36630,2.38414,-0.00607,-0.00022,1.01464,-1.48006,60.00000,60.00000,166.63370,0.00000,0.10053,0.08455,1.00000,1.00000,0.00000,0.00000,none
4.67917,89.97088,73.37342,2.38307,-0.00607,-0.00022,1.00845,-1.49117,60.00000,60.00000,166.62658,0.00000,0.10053,0.08404,1.00000,1.00000,0.00000,0.00000,none
4.68333,89.97093,73.38052,2.38200,-0.00607,-0.00021,1.00221,-1.50215,60.00000,60.00000,166.61948,0.00000,0.10054,0.08352,1.00000,1.00000,0.00000,0.00000,none
4.68750,89.97098,73.38762,2.38092,-0.00607,-0.00021,0.99593,-1.51301,60.00000,60.00000,166.61238,0.00000,0.10055,0.08299,1.00000,1.00000,0.00000,0.00000,none
4.69167,89.97103,73.39471,2.37985,-0.00607,-0.00021,0.98960,-1.52374,60.00000,60.00000,166.60529,0.00000,0.10055,0.08247,1.00000,1.00000,0.00000,0.00000,none
4.69583,89.97109,73.40178,2.37879,-0.00607,-0.00021,0.98323,-1.53434,60.00000,60.00000,166.59822,0.00000,0.10056,0.08194,1.00000,1.00000,0.00000,0.00000,none
4.70000,89.97113,73.40885,2.37772,-0.00607,-0.00021,0.97682,-1.54482,60.00000,60.00000,166.59115,0.00000,0.10057,0.08140,1.00000,1.00000,0.00000,0.00000,none
4.70417,89.97118,73.41590,2.37666,-0.00607,-0.00021,0.97036,-1.55516,60.00000,60.00000,166.58410,0.00000,0.10057,0.08086,1.00000,1.00000,0.00000,0.00000,none
4.70833,89.97123,73.42295,2.37559,-0.00607,-0.00020,0.96386,-1.56538,60.00000,60.00000,166.57705,0.00000,0.10058,0.08032,1.00000,1.00000,0.00000,0.00000,none
4.71250,89.97128,73.42998,2.37453,-0.00607,-0.00020,0.95732,-1.57547,60.00000,60.00000,166.57002,0.00000,0.10058,0.07978,1.00000,1.00000,0.00000,0.00000,none
4.71667,89.97133,73.43701,2.37347,-0.00607,-0.00020,0.95073,-1.58543,60.00000,60.00000,166.56299,0.00000,0.10059,0.07923,1.00000,1.00000,0.00000,0.00000,none
4.72083,89.97138,73.44402,2.37241,-0.00607,-0.00020,0.94410,-1.59526,60.00000,60.00000,166.55598,0.00000,0.10060,0.07868,1.00000,1.00000,0.00000,0.00000,none
4.72500,89.97143,73.45103,2.37135,-0.00607,-0.00020,0.93744,-1.60496,60.00000,60.00000,166.54897,0.00000,0.10060,0.07812,1.00000,1.00000,0.00000,0.00000,none
4.72917,89.97147,73.45803,2.37030,-0.00607,-0.00020,0.93073,-1.61453,60.00000,60.00000,166.54197,0.00000,0.10061,0.07756,1.00000,1.00000,0.00000,0.00000,none
4.73333,89.97152,73.46501,2.36925,-0.00607,-0.00020,0.92398,-1.62397,60.00000,60.00000,166.53499,0.00000,0.10062,0.07700,1.00000,1.00000,0.00000,0.00000,none
4.73750,89.97157,73.47199,2.36819,-0.00607,-0.00019,0.91720,-1.63329,60.00000,60.00000,166.52801,0.00000,0.10062,0.07643,1.00000,1.00000,0.00000,0.00000,none
4.74167,89.97161,73.47895,2.36714,-0.00607,-0.00019,0.91037,-1.64247,60.00000,60.00000,166.52105,0.00000,0.10063,0.07586,1.00000,1.00000,0.00000,0.00000,none
4.74583,89.97166,73.48591,2.36609,-0.00607,-0.00019,0.90351,-1.65152,60.00000,60.00000,166.51409,0.00000,0.10064,0.07529,1.00000,1.00000,0.00000,0.00000,none
4.75000,89.97170,73.49285,2.36504,-0.00607,-0.00019,0.89661,-1.66044,60.00000,60.00000,166.50715,0.00000,0.10064,0.07472,1.00000,1.00000,0.00000,0.00000,none
4.75417,89.97175,73.49979,2.36400,-0.00607,-0.00019,0.88967,-1.66923,60.00000,60.00000,166.50021,0.00000,0.10065,0.07414,1.00000,1.00000,0.00000,0.00000,none
4.75833,89.97179,73.50671,2.36295,-0.00607,-0.00019,0.88270,-1.67788,60.00000,60.00000,166.49329,0.00000,0.10065,0.07356,1.00000,1.00000,0.00000,0.00000,none
4.76250,89.97184,73.51363,2.36191,-0.00607,-0.00019,0.87569,-1.68641,60.00000,60.00000,166.48637,0.00000,0.10066,0.07297,1.00000,1.00000,0.00000,0.00000,none
4.76667,89.97188,73.52054,2.36087,-0.00607,-0.00018,0.86865,-1.69480,60.00000,60.00000,166.47946,0.00000,0.10067,0.07239,1.00000,1.00000,0.00000,0.00000,none
4.77083,89.97192,73.52743,2.35983,-0.00607,-0.00018,0.86157,-1.70306,60.00000,60.00000,166.47257,0.00000,0.10067,0.07180,1.00000,1.00000,0.00000,0.00000,none
4.77500,89.97197,73.53432,2.35879,-0.00607,-0.00018,0.85445,-1.71119,60.00000,60.00000,166.46568,0.00000,0.10068,0.07120,1.00000,1.00000,0.00000,0.00000,none
4.77917,89.97201,73.54120,2.35775,-0.00607,-0.00018,0.84731,-1.71919,60.00000,60.00000,166.45880,0.00000,0.10069,0.07061,1.00000,1.00000,0.00000,0.00000,none
4.78333,89.97205,73.54807,2.35672,-0.00607,-0.00018,0.84013,-1.72705,60.00000,60.00000,166.45193,0.00000,0.10069,0.07001,1.00000,1.00000,0.00000,0.00000,none
4.78750,89.97210,73.55492,2.35568,-0.00607,-0.00018,0.83292,-1.73479,60.00000,60.00000,166.44508,0.00000,0.10070,0.06941,1.00000,1.00000,0.00000,0.00000,none
4.79167,89.97214,73.56177,2.35465,-0.00607,-0.00017,0.82567,-1.74239,60.00000,60.00000,166.43823,0.00000,0.10071,0.06881,1.00000,1.00000,0.00000,0.00000,none
4.79583,89.97218,73.56861,2.35362,-0.00607,-0.00017,0.81840,-1.74985,60.00000,60.00000,166.43139,0.00000,0.10071,0.06820,1.00000,1.00000,0.00000,0.00000,none
4.80000,89.97222,73.57544,2.35259,-0.00607,-0.00017,0.81109,-1.75718,60.00000,60.00000,166.42456,0.00000,0.10072,0.06759,1.00000,1.00000,0.00000,0.00000,none
4.80417,89.97226,73.58226,2.35156,-0.00607,-0.00017,0.80375,-1.76438,60.00000,60.00000,166.41774,0.00000,0.10072,0.06698,1.00000,1.00000,0.00000,0.00000,none
4.80833,89.97230,73.58907,2.35053,-0.00607,-0.00017,0.79639,-1.77145,60.00000,60.00000,166.41093,0.00000,0.10073,0.06637,1.00000,1.00000,0.00000,0.00000,none
4.81250,89.97234,73.59587,2.34950,-0.00607,-0.00017,0.78899,-1.77838,60.00000,60.00000,166.40413,0.00000,0.10074,0.06575,1.00000,1.00000,0.00000,0.00000,none
4.81667,89.97238,73.60267,2.34848,-0.00607,-0.00017,0.78157,-1.78518,60.00000,60.00000,166.39733,0.00000,0.10074,0.06513,1.00000,1.00000,0.00000,0.00000,none
4.82083,89.97242,73.60945,2.34746,-0.00607,-0.00017,0.77411,-1.79185,60.00000,60.00000,166.39055,0.00000,0.10075,0.06451,1.00000,1.00000,0.00000,0.00000,none
4.82500,89.97246,73.61622,2.34644,-0.00607,-0.00016,0.76664,-1.79838,60.00000,60.00000,166.38378,0.00000,0.10076,0.06389,1.00000,1.00000,0.00000,0.00000,none
4.82917,89.97250,73.62298,2.34542,-0.00607,-0.00016,0.75913,-1.80478,60.00000,60.00000,166.37702,0.00000,0.10076,0.06326,1.00000,1.00000,0.00000,0.00000,none
4.83333,89.97254,73.62974,2.34440,-0.00607,-0.00016,0.75160,-1.81104,60.00000,60.00000,166.37026,0.00000,0.10077,0.06263,1.00000,1.00000,0.00000,0.00000,none
4.83750,89.97258,73.63648,2.34338,-0.00607,-0.00016,0.74404,-1.81717,60.00000,60.00000,166.36352,0.00000,0.10077,0.06200,1.00000,1.00000,0.00000,0.00000,none
4.84167,89.97262,73.64322,2.34237,-0.00607,-0.00016,0.73645,-1.82317,60.00000,60.00000,166.35678,0.00000,0.10078,0.06137,1.00000,1.00000,0.00000,0.00000,none
4.84583,89.97265,73.64995,2.34135,-0.00608,-0.00016,0.72884,-1.82903,60.00000,60.00000,166.35005,0.00000,0.10079,0.06074,1.00000,1.00000,0.00000,0.00000,none
4.85000,89.97269,73.65666,2.34034,-0.00608,-0.00016,0.72121,-1.83476,60.00000,60.00000,166.34334,0.00000,0.10079,0.06010,1.00000,1.00000,0.00000,0.00000,none
4.85417,89.97273,73.66337,2.33933,-0.00608,-0.00015,0.71355,-1.84035,60.00000,60.00000,166.33663,0.00000,0.10080,0.05946,1.00000,1.00000,0.00000,0.00000,none
4.85833,89.97276,73.67007,2.33832,-0.00608,-0.00015,0.70587,-1.84581,60.00000,60.00000,166.32993,0.00000,0.10081,0.05882,1.00000,1.00000,0.00000,0.00000,none
4.86250,89.97280,73.67676,2.33731,-0.00608,-0.00015,0.69817,-1.85114,60.00000,60.00000,166.32324,0.00000,0.10081,0.05818,1.00000,1.00000,0.00000,0.00000,none
4.86667,89.97284,73.68344,2.33630,-0.00608,-0.00015,0.69045,-1.85633,60.00000,60.00000,166.31656,0.00000,0.10082,0.05754,1.00000,1.00000,0.00000,0.00000,none
4.87083,89.97287,73.69011,2.33530,-0.00608,-0.00015,0.68270,-1.86139,60.00000,60.00000,166.30989,0.00000,0.10083,0.05689,1.00000,1.00000,0.00000,0.00000,none
4.87500,89.97291,73.69678,2.33429,-0.00608,-0.00015,0.67494,-1.86631,60.00000,60.00000,166.30322,0.00000,0.10083,0.05624,1.00000,1.00000,0.00000,0.00000,none
4.87917,89.97294,73.70343,2.33329,-0.00608,-0.00015,0.66715,-1.87110,60.00000,60.00000,166.29657,0.00000,0.10084,0.05560,1.00000,1.00000,0.00000,0.00000,none
4.88333,89.97298,73.71007,2.33229,-0.00608,-0.00015,0.65935,-1.87575,60.00000,60.00000,166.28993,0.00000,0.10084,0.05495,1.00000,1.00000,0.00000,0.00000,none
4.88750,89.97301,73.71671,2.33129,-0.00608,-0.00014,0.65152,-1.88027,60.00000,60.00000,166.28329,0.00000,0.10085,0.05429,1.00000,1.00000,0.00000,0.00000,none
4.89167,89.97305,73.72334,2.33029,-0.00608,-0.00014,0.64368,-1.88466,60.00000,60.00000,166.27666,0.00000,0.10086,0.05364,1.00000,1.00000,0.00000,0.00000,none
4.89583,89.97308,73.72996,2.32929,-0.00608,-0.00014,0.63581,-1.88891,60.00000,60.00000,166.27004,0.00000,0.10086,0.05298,1.00000,1.00000,0.00000,0.00000,none
4.90000,89.97312,73.73656,2.32829,-0.00608,-0.00014,0.62794,-1.89303,60.00000,60.00000,166.26344,0.00000,0.10087,0.05233,1.00000,1.00000,0.00000,0.00000,none
4.90417,89.97315,73.74316,2.32730,-0.00609,-0.00014,0.62004,-1.89701,60.00000,60.00000,166.25684,0.00000,0.10088,0.05167,1.00000,1.00000,0.00000,0.00000,none
4.90833,89.97318,73.74976,2.32631,-0.00609,-0.00014,0.61213,-1.90086,60.00000,60.00000,166.25024,0.00000,0.10088,0.05101,1.00000,1.00000,0.00000,0.00000,none
4.91250,89.97321,73.75634,2.32531,-0.00609,-0.00014,0.60420,-1.90458,60.00000,60.00000,166.24366,0.00000,0.10089,0.05035,1.00000,1.00000,0.00000,0.00000,none
4.91667,89.97325,73.76291,2.32432,-0.00609,-0.00014,0.59626,-1.90816,60.00000,60.00000,166.23709,0.00000,0.10090,0.04969,1.00000,1.00000,0.00000,0.00000,none
4.92083,89.97328,73.76948,2.32333,-0.00609,-0.00013,0.58830,-1.91161,60.00000,60.00000,166.23052,0.00000,0.10090,0.04902,1.00000,1.00000,0.00000,0.00000,none
4.92500,89.97331,73.77603,2.32235,-0.00609,-0.00013,0.58033,-1.91493,60.00000,60.00000,166.22397,0.00000,0.10091,0.04836,1.00000,1.00000,0.00000,0.00000,none
4.92917,89.97334,73.78258,2.32136,-0.00609,-0.00013,0.57234,-1.91811,60.00000,60.00000,166.21742,0.00000,0.10091,0.04770,1.00000,1.00000,0.00000,0.00000,none
4.93333,89.97337,73.78912,2.32037,-0.00609,-0.00013,0.56434,-1.92116,60.00000,60.00000,166.21088,0.00000,0.10092,0.04703,1.00000,1.00000,0.00000,0.00000,none
4.93750,89.97341,73.79565,2.31939,-0.00609,-0.00013,0.55633,-1.92407,60.00000,60.00000,166.20435,0.00000,0.10093,0.04636,1.00000,1.00000,0.00000,0.00000,none
4.94167,89.97344,73.80217,2.31841,-0.00609,-0.00013,0.54831,-1.92686,60.00000,60.00000,166.19783,0.00000,0.10093,0.04569,1.00000,1.00000,0.00000,0.00000,none
4.94583,89.97347,73.80868,2.31743,-0.00609,-0.00013,0.54027,-1.92951,60.00000,60.00000,166.19132,0.00000,0.10094,0.04502,1.00000,1.00000,0.00000,0.00000,none
4.95000,89.97350,73.81519,2.31645,-0.00609,-0.00013,0.53223,-1.93202,60.00000,60.00000,166.18481,0.00000,0.10095,0.04435,1.00000,1.00000,0.00000,0.00000,none
4.95417,89.97353,73.82168,2.31547,-0.00610,-0.00012,0.52417,-1.93441,60.00000,60.00000,166.17832,0.00000,0.10095,0.04368,1.00000,1.00000,0.00000,0.00000,none
4.95833,89.97356,73.82817,2.31449,-0.00610,-0.00012,0.51611,-1.93666,60.00000,60.00000,166.17183,0.00000,0.10096,0.04301,1.00000,1.00000,0.00000,0.00000,none
4.96250,89.97359,73.83465,2.31351,-0.00610,-0.00012,0.50804,-1.93878,60.00000,60.00000,166.16535,0.00000,0.10097,0.04234,1.00000,1.00000,0.00000,0.00000,none
4.96667,89.97361,73.84112,2.31254,-0.00610,-0.00012,0.49995,-1.94077,60.00000,60.00000,166.15888,0.00000,0.10097,0.04166,1.00000,1.00000,0.00000,0.00000,none
4.97083,89.97364,73.84758,2.31157,-0.00610,-0.00012,0.49186,-1.94262,60.00000,60.00000,166.15242,0.00000,0.10098,0.04099,1.00000,1.00000,0.00000,0.00000,none
4.97500,89.97367,73.85403,2.31059,-0.00610,-0.00012,0.48376,-1.94435,60.00000,60.00000,166.14597,0.00000,0.10098,0.04031,1.00000,1.00000,0.00000,0.00000,none
4.97917,89.97370,73.86047,2.30962,-0.00610,-0.00012,0.47566,-1.94594,60.00000,60.00000,166.13953,0.00000,0.10099,0.03964,1.00000,1.00000,0.00000,0.00000,none
4.98333,89.97373,73.86691,2.30865,-0.00610,-0.00012,0.46755,-1.94740,60.00000,60.00000,166.13309,0.00000,0.10100,0.03896,1.00000,1.00000,0.00000,0.00000,none
4.98750,89.97376,73.87334,2.30769,-0.00610,-0.00012,0.45943,-1.94873,60.00000,60.00000,166.12666,0.00000,0.10100,0.03829,1.00000,1.00000,0.00000,0.00000,none
4.99167,89.97378,73.87976,2.30672,-0.00611,-0.00011,0.45131,-1.94993,60.00000,60.00000,166.12024,0.00000,0.10101,0.03761,1.00000,1.00000,0.00000,0.00000,none
4.99583,89.97381,73.88617,2.30575,-0.00611,-0.00011,0.44318,-1.95100,60.00000,60.00000,166.11383,0.00000,0.10102,0.03693,1.00000,1.00000,0.00000,0.00000,none
5.00000,89.97384,73.89257,2.30479,-0.00611,-0.00011,0.43505,-1.95194,60.00000,60.00000,166.10743,0.00000,0.10102,0.03625,1.00000,1.00000,0.00000,0.00000,none
5.00417,89.97386,73.89896,2.30383,-0.00611,-0.00011,0.42692,-1.95274,60.00000,60.00000,166.10104,0.00000,0.10103,0.03558,1.00000,1.00000,0.00000,0.00000,none
5.00833,89.97389,73.90535,2.30286,-0.00611,-0.00011,0.41878,-1.95342,60.00000,60.00000,166.09465,0.00000,0.10104,0.03490,1.00000,1.00000,0.00000,0.00000,none
5.01250,89.97392,73.91173,2.30190,-0.00611,-0.00011,0.41064,-1.95397,60.00000,60.00000,166.08827,0.00000,0.10104,0.03422,1.00000,1.00000,0.00000,0.00000,none
5.01667,89.97394,73.91810,2.30094,-0.00611,-0.00011,0.40250,-1.95439,60.00000,60.00000,166.08190,0.00000,0.10105,0.03354,1.00000,1.00000,0.00000,0.00000,none
5.02083,89.97397,73.92446,2.29999,-0.00611,-0.00011,0.39435,-1.95468,60.00000,60.00000,166.07554,0.00000,0.10105,0.03286,1.00000,1.00000,0.00000,0.00000,none
5.02500,89.97399,73.93081,2.29903,-0.00611,-0.00011,0.38621,-1.95484,60.00000,60.00000,166.06919,0.00000,0.10106,0.03218,1.00000,1.00000,0.00000,0.00000,none
5.02917,89.97402,73.93716,2.29807,-0.00612,-0.00010,0.37806,-1.95487,60.00000,60.00000,166.06284,0.00000,0.10107,0.03151,1.00000,1.00000,0.00000,0.00000,none
5.03333,89.97404,73.94349,2.29712,-0.00612,-0.00010,0.36992,-1.95478,60.00000,60.00000,166.05651,0.00000,0.10107,0.03083,1.00000,1.00000,0.00000,0.00000,none
5.03750,89.97407,73.94982,2.29617,-0.00612,-0.00010,0.36177,-1.95455,60.00000,60.00000,166.05018,0.00000,0.10108,0.03015,1.00000,1.00000,0.00000,0.00000,none
5.04167,89.97409,73.95614,2.29521,-0.00612,-0.00010,0.35363,-1.95420,60.00000,60.00000,166.04386,0.00000,0.10109,0.02947,1.00000,1.00000,0.00000,0.00000,none
5.04583,89.97412,73.96245,2.29426,-0.00612,-0.00010,0.34549,-1.95372,60.00000,60.00000,166.03755,0.00000,0.10109,0.02879,1.00000,1.00000,0.00000,0.00000,none
5.05000,89.97414,73.96876,2.29332,-0.00612,-0.00010,0.33735,-1.95312,60.00000,60.00000,166.03124,0.00000,0.10110,0.02811,1.00000,1.00000,0.00000,0.00000,none
5.05417,89.97417,73.97505,2.29237,-0.00612,-0.00010,0.32921,-1.95239,60.00000,60.00000,166.02495,0.00000,0.10111,0.02743,1.00000,1.00000,0.00000,0.00000,none
5.05833,89.97419,73.98134,2.29142,-0.00612,-0.00010,0.32108,-1.95153,60.00000,60.00000,166.01866,0.00000,0.10111,0.02676,1.00000,1.00000,0.00000,0.00000,none
5.06250,89.97421,73.98762,2.29048,-0.00613,-0.00010,0.31295,-1.95055,60.00000,60.00000,166.01238,0.00000,0.10112,0.02608,1.00000,1.00000,0.00000,0.00000,none
5.06667,89.97424,73.99389,2.28953,-0.00613,-0.00010,0.30482,-1.94944,60.00000,60.00000,166.00611,0.00000,0.10112,0.02540,1.00000,1.00000,0.00000,0.00000,none
5.07083,89.97426,74.00016,2.28859,-0.00613,-0.00009,0.29670,-1.94820,60.00000,60.00000,165.99984,0.00000,0.10113,0.02473,1.00000,1.00000,0.00000,0.00000,none
5.07500,89.97428,74.00641,2.28765,-0.00613,-0.00009,0.28859,-1.94684,60.00000,60.00000,165.99359,0.00000,0.10114,0.02405,1.00000,1.00000,0.00000,0.00000,none
5.07917,89.97430,74.01266,2.28671,-0.00613,-0.00009,0.28048,-1.94536,60.00000,60.00000,165.98734,0.00000,0.10114,0.02337,1.00000,1.00000,0.00000,0.00000,none
5.08333,89.97432,74.01890,2.28577,-0.00613,-0.00009,0.27238,-1.94375,60.00000,60.00000,165.98110,0.00000,0.10115,0.02270,1.00000,1.00000,0.00000,0.00000,none
5.08750,89.97435,74.02513,2.28483,-0.00613,-0.00009,0.26428,-1.94202,60.00000,60.00000,165.97487,0.00000,0.10116,0.02202,1.00000,1.00000,0.00000,0.00000,none
5.09167,89.97437,74.03136,2.28389,-0.00613,-0.00009,0.25619,-1.94016,60.00000,60.00000,165.96864,0.00000,0.10116,0.02135,1.00000,1.00000,0.00000,0.00000,none
5.09583,89.97439,74.03757,2.28296,-0.00614,-0.00009,0.24811,-1.93819,60.00000,60.00000,165.96243,0.00000,0.10117,0.02068,1.00000,1.00000,0.00000,0.00000,none
5.10000,89.97441,74.04378,2.28202,-0.00614,-0.00009,0.24004,-1.93609,60.00000,60.00000,165.95622,0.00000,0.10118,0.02000,1.00000,1.00000,0.00000,0.00000,none
5.10417,89.97443,74.04998,2.28109,-0.00614,-0.00009,0.23198,-1.93386,60.00000,60.00000,165.95002,0.00000,0.10118,0.01933,1.00000,1.00000,0.00000,0.00000,none
5.10833,89.97445,74.05618,2.28016,-0.00614,-0.00009,0.22393,-1.93152,60.00000,60.00000,165.94382,0.00000,0.10119,0.01866,1.00000,1.00000,0.00000,0.00000,none
5.11250,89.97447,74.06236,2.27922,-0.00614,-0.00009,0.21588,-1.92906,60.00000,60.00000,165.93764,0.00000,0.10119,0.01799,1.00000,1.00000,0.00000,0.00000,none
5.11667,89.97449,74.06854,2.27829,-0.00614,-0.00008,0.20785,-1.92647,60.00000,60.00000,165.93146,0.00000,0.10120,0.01732,1.00000,1.00000,0.00000,0.00000,none
5.12083,89.97451,74.07471,2.27737,-0.00614,-0.00008,0.19983,-1.92377,60.00000,60.00000,165.92529,0.00000,0.10121,0.01665,1.00000,1.00000,0.00000,0.00000,none
5.12500,89.97453,74.08087,2.27644,-0.00615,-0.00008,0.19182,-1.92094,60.00000,60.00000,165.91913,0.00000,0.10121,0.01599,1.00000,1.00000,0.00000,0.00000,none
5.12917,89.97455,74.08702,2.27551,-0.00615,-0.00008,0.18382,-1.91800,60.00000,60.00000,165.91298,0.00000,0.10122,0.01532,1.00000,1.00000,0.00000,0.00000,none
5.13333,89.97457,74.09317,2.27459,-0.00615,-0.00008,0.17584,-1.91493,60.00000,60.00000,165.90683,0.00000,0.10123,0.01465,1.00000,1.00000,0.00000,0.00000,none
5.13750,89.97459,74.09931,2.27366,-0.00615,-0.00008,0.16787,-1.91175,60.00000,60.00000,165.90069,0.00000,0.10123,0.01399,1.00000,1.00000,0.00000,0.00000,none
5.14167,89.97461,74.10544,2.27274,-0.00615,-0.00008,0.15991,-1.90845,60.00000,60.00000,165.89456,0.00000,0.10124,0.01333,1.00000,1.00000,0.00000,0.00000,none
5.14583,89.97463,74.11156,2.27182,-0.00615,-0.00008,0.15196,-1.90504,60.00000,60.00000,165.88844,0.00000,0.10125,0.01266,1.00000,1.00000,0.00000,0.00000,none
5.15000,89.97465,74.11768,2.27090,-0.00615,-0.00008,0.14403,-1.90150,60.00000,60.00000,165.88232,0.00000,0.10125,0.01200,1.00000,1.00000,0.00000,0.00000,none
5.15417,89.97466,74.12379,2.26998,-0.00615,-0.00008,0.13612,-1.89785,60.00000,60.00000,165.87621,0.00000,0.10126,0.01134,1.00000,1.00000,0.00000,0.00000,none
5.15833,89.97468,74.12989,2.26906,-0.00616,-0.00008,0.12822,-1.89409,60.00000,60.00000,165.87011,0.00000,0.10126,0.01068,1.00000,1.00000,0.00000,0.00000,none
5.16250,89.97470,74.13598,2.26815,-0.00616,-0.00007,0.12033,-1.89020,60.00000,60.00000,165.86402,0.00000,0.10127,0.01003,1.00000,1.00000,0.00000,0.00000,none
5.16667,89.97472,74.14207,2.26723,-0.00616,-0.00007,0.11247,-1.88621,60.00000,60.00000,165.85793,0.00000,0.10128,0.00937,1.00000,1.00000,0.00000,0.00000,none
5.17083,89.97474,74.14815,2.26632,-0.00616,-0.00007,0.10461,-1.88210,60.00000,60.00000,165.85185,0.00000,0.10128,0.00872,1.00000,1.00000,0.00000,0.00000,none
5.17500,89.97475,74.15422,2.26540,-0.00616,-0.00007,0.09678,-1.87787,60.00000,60.00000,165.84578,0.00000,0.10129,0.00807,1.00000,1.00000,0.00000,0.00000,none
5.17917,89.97477,74.16028,2.26449,-0.00616,-0.00007,0.08897,-1.87354,60.00000,60.00000,165.83972,0.00000,0.10130,0.00741,1.00000,1.00000,0.00000,0.00000,none
5.18333,89.97479,74.16634,2.26358,-0.00617,-0.00007,0.08117,-1.86909,60.00000,60.00000,165.83366,0.00000,0.10130,0.00676,1.00000,1.00000,0.00000,0.00000,none
5.18750,89.97480,74.17239,2.26267,-0.00617,-0.00007,0.07339,-1.86453,60.00000,60.00000,165.82761,0.00000,0.10131,0.00612,1.00000,1.00000,0.00000,0.00000,none
5.19167,89.97482,74.17843,2.26176,-0.00617,-0.00007,0.06563,-1.85985,60.00000,60.00000,165.82157,0.00000,0.10132,0.00547,1.00000,1.00000,0.00000,0.00000,none
5.19583,89.97484,74.18446,2.26085,-0.00617,-0.00007,0.05789,-1.85507,60.00000,60.00000,165.81554,0.00000,0.10132,0.00482,1.00000,1.00000,0.00000,0.00000,none
5.20000,89.97485,74.19049,2.25995,-0.00617,-0.00007,0.05017,-1.85018,60.00000,60.00000,165.80951,0.00000,0.10133,0.00418,1.00000,1.00000,0.00000,0.00000,none
5.20417,89.97487,74.19651,2.25904,-0.00617,-0.00007,0.04247,-1.84517,60.00000,60.00000,165.80349,0.00000,0.10133,0.00354,1.00000,1.00000,0.00000,0.00000,none
5.20833,89.97488,74.20252,2.25814,-0.00617,-0.00007,0.03480,-1.84006,60.00000,60.00000,165.79748,0.00000,0.10134,0.00290,1.00000,1.00000,0.00000,0.00000,none
5.21250,89.97490,74.20852,2.25723,-0.00618,-0.00006,0.02714,-1.83484,60.00000,60.00000,165.79148,0.00000,0.10135,0.00226,1.00000,1.00000,0.00000,0.00000,none
5.21667,89.97491,74.21452,2.25633,-0.00618,-0.00006,0.01951,-1.82951,60.00000,60.00000,165.78548,0.00000,0.10135,0.00163,1.00000,1.00000,0.00000,0.00000,none
5.22083,89.97493,74.22051,2.25543,-0.00618,-0.00006,0.01189,-1.82407,60.00000,60.00000,165.77949,0.00000,0.10136,0.00099,1.00000,1.00000,0.00000,0.00000,none
5.22500,89.97494,74.22649,2.25453,-0.00618,-0.00006,0.00431,-1.81853,60.00000,60.00000,165.77351,0.00000,0.10137,0.00036,1.00000,1.00000,0.00000,0.00000,none
5.22917,89.97496,74.23247,2.25363,-0.00618,-0.00006,-0.00326,-1.81285,60.00000,60.00000,165.76753,0.00000,0.10137,0.00033,1.00000,1.00000,0.00000,0.00000,none
5.23333,89.97497,74.23844,2.25274,-0.00618,-0.00006,-0.01080,-1.80677,60.00000,60.00000,165.76156,0.00000,0.10138,0.00108,1.00000,1.00000,0.00000,0.00000,none
5.23750,89.97499,74.24440,2.25184,-0.00618,-0.00006,-0.01832,-1.80024,60.00000,60.00000,165.75560,0.00000,0.10139,0.00183,1.00000,1.00000,0.00000,0.00000,none
5.24167,89.97500,74.25035,2.25094,-0.00619,-0.00006,-0.02580,-1.79327,60.00000,60.00000,165.74965,0.00000,0.10139,0.00258,1.00000,1.00000,0.00000,0.00000,none
5.24583,89.97502,74.25630,2.25005,-0.00619,-0.00006,-0.03326,-1.78585,60.00000,60.00000,165.74370,0.00000,0.10140,0.00333,1.00000,1.00000,0.00000,0.00000,none
5.25000,89.97503,74.26224,2.24916,-0.00619,-0.00006,-0.04068,-1.77799,60.00000,60.00000,165.73776,0.00000,0.10140,0.00407,1.00000,1.00000,0.00000,0.00000,none
5.25417,89.97504,74.26818,2.24826,-0.00619,-0.00006,-0.04808,-1.76969,60.00000,60.00000,165.73182,0.00000,0.10141,0.00481,1.00000,1.00000,0.00000,0.00000,none
5.25833,89.97506,74.27411,2.24737,-0.00619,-0.00005,-0.05543,-1.76096,60.00000,60.00000,165.72589,0.00000,0.10142,0.00554,1.00000,1.00000,0.00000,0.00000,none
5.26250,89.97507,74.28003,2.24648,-0.00619,-0.00005,-0.06275,-1.75180,60.00000,60.00000,165.71997,0.00000,0.10142,0.00627,1.00000,1.00000,0.00000,0.00000,none
5.26667,89.97508,74.28594,2.24559,-0.00620,-0.00005,-0.07003,-1.74222,60.00000,60.00000,165.71406,0.00000,0.10143,0.00700,1.00000,1.00000,0.00000,0.00000,none
5.27083,89.97509,74.29185,2.24471,-0.00620,-0.00005,-0.07727,-1.73222,60.00000,60.00000,165.70815,0.00000,0.10144,0.00773,1.00000,1.00000,0.00000,0.00000,none
5.27500,89.97510,74.29775,2.24382,-0.00620,-0.00005,-0.08446,-1.72180,60.00000,60.00000,165.70225,0.00000,0.10144,0.00845,1.00000,1.00000,0.00000,0.00000,none
5.27917,89.97512,74.30364,2.24293,-0.00620,-0.00005,-0.09161,-1.71098,60.00000,60.00000,165.69636,0.00000,0.10145,0.00916,1.00000,1.00000,0.00000,0.00000,none
5.28333,89.97513,74.30953,2.24205,-0.00620,-0.00005,-0.09872,-1.69974,60.00000,60.00000,165.69047,0.00000,0.10146,0.00987,1.00000,1.00000,0.00000,0.00000,none
5.28750,89.97514,74.31541,2.24116,-0.00621,-0.00004,-0.10578,-1.68810,60.00000,60.00000,165.68459,0.00000,0.10146,0.01058,1.00000,1.00000,0.00000,0.00000,none
5.29167,89.97515,74.32128,2.24028,-0.00621,-0.00004,-0.11279,-1.67606,60.00000,60.00000,165.67872,0.00000,0.10147,0.01128,1.00000,1.00000,0.00000,0.00000,none
5.29583,89.97516,74.32715,2.23940,-0.00621,-0.00004,-0.11975,-1.66363,60.00000,60.00000,165.67285,0.00000,0.10147,0.01197,1.00000,1.00000,0.00000,0.00000,none
5.30000,89.97517,74.33301,2.23852,-0.00621,-0.00004,-0.12665,-1.65081,60.00000,60.00000,165.66699,0.00000,0.10148,0.01267,1.00000,1.00000,0.00000,0.00000,none
5.30417,89.97518,74.33886,2.23764,-0.00621,-0.00004,-0.13350,-1.63760,60.00000,60.00000,165.66114,0.00000,0.10149,0.01335,1.00000,1.00000,0.00000,0.00000,none
5.30833,89.97519,74.34471,2.23676,-0.00622,-0.00004,-0.14030,-1.62402,60.00000,60.00000,165.65529,0.00000,0.10149,0.01403,1.00000,1.00000,0.00000,0.00000,none
5.31250,89.97519,74.35055,2.23588,-0.00622,-0.00004,-0.14703,-1.61006,60.00000,60.00000,165.64945,0.00000,0.10150,0.01470,1.00000,1.00000,0.00000,0.00000,none
5.31667,89.97520,74.35638,2.23500,-0.00622,-0.00003,-0.15371,-1.59573,60.00000,60.00000,165.64362,0.00000,0.10151,0.01537,1.00000,1.00000,0.00000,0.00000,none
5.32083,89.97521,74.36221,2.23413,-0.00622,-0.00003,-0.16033,-1.58104,60.00000,60.00000,165.63779,0.00000,0.10151,0.01603,1.00000,1.00000,0.00000,0.00000,none
5.32500,89.97522,74.36803,2.23325,-0.00622,-0.00003,-0.16689,-1.56598,60.00000,60.00000,165.63197,0.00000,0.10152,0.01669,1.00000,1.00000,0.00000,0.00000,none
5.32917,89.97522,74.37384,2.23238,-0.00623,-0.00003,-0.17338,-1.55058,60.00000,60.00000,165.62616,0.00000,0.10153,0.01734,1.00000,1.00000,0.00000,0.00000,none
5.33333,89.97523,74.37965,2.23150,-0.00623,-0.00003,-0.17981,-1.53482,60.00000,60.00000,165.62035,0.00000,0.10153,0.01798,1.00000,1.00000,0.00000,0.00000,none
5.33750,89.97524,74.38545,2.23063,-0.00623,-0.00003,-0.18617,-1.51872,60.00000,60.00000,165.61455,0.00000,0.10154,0.01862,1.00000,1.00000,0.00000,0.00000,none
5.34167,89.97524,74.39124,2.22976,-0.00623,-0.00002,-0.19246,-1.50228,60.00000,60.00000,165.60876,0.00000,0.10154,0.01925,1.00000,1.00000,0.00000,0.00000,none
5.34583,89.97525,74.39703,2.22889,-0.00623,-0.00002,-0.19869,-1.48551,60.00000,60.00000,165.60297,0.00000,0.10155,0.01987,1.00000,1.00000,0.00000,0.00000,none
5.35000,89.97526,74.40280,2.22802,-0.00624,-0.00002,-0.20484,-1.46842,60.00000,60.00000,165.59720,0.00000,0.10156,0.02048,1.00000,1.00000,0.00000,0.00000,none
5.35417,89.97526,74.40858,2.22715,-0.00624,-0.00002,-0.21093,-1.45100,60.00000,60.00000,165.59142,0.00000,0.10156,0.02109,1.00000,1.00000,0.00000,0.00000,none
5.35833,89.97526,74.41434,2.22629,-0.00624,-0.00002,-0.21693,-1.43326,60.00000,60.00000,165.58566,0.00000,0.10157,0.02169,1.00000,1.00000,0.00000,0.00000,none
5.36250,89.97527,74.42010,2.22542,-0.00624,-0.00002,-0.22287,-1.41522,60.00000,60.00000,165.57990,0.00000,0.10158,0.02229,1.00000,1.00000,0.00000,0.00000,none
5.36667,89.97527,74.42586,2.22456,-0.00625,-0.00002,-0.22873,-1.39687,60.00000,60.00000,165.57414,0.00000,0.10158,0.02287,1.00000,1.00000,0.00000,0.00000,none
5.37083,89.97528,74.43160,2.22369,-0.00625,-0.00001,-0.23451,-1.37822,60.00000,60.00000,165.56840,0.00000,0.10159,0.02345,1.00000,1.00000,0.00000,0.00000,none
5.37500,89.97528,74.43734,2.22283,-0.00625,-0.00001,-0.24021,-1.35928,60.00000,60.00000,165.56266,0.00000,0.10160,0.02402,1.00000,1.00000,0.00000,0.00000,none
5.37917,89.97528,74.44308,2.22197,-0.00625,-0.00001,-0.24584,-1.34005,60.00000,60.00000,165.55692,0.00000,0.10160,0.02458,1.00000,1.00000,0.00000,0.00000,none
5.38333,89.97529,74.44880,2.22110,-0.00626,-0.00001,-0.25138,-1.32054,60.00000,60.00000,165.55120,0.00000,0.10161,0.02514,1.00000,1.00000,0.00000,0.00000,none
5.38750,89.97529,74.45452,2.22024,-0.00626,-0.00001,-0.25684,-1.30076,60.00000,60.00000,165.54548,0.00000,0.10161,0.02568,1.00000,1.00000,0.00000,0.00000,none
5.39167,89.97529,74.46024,2.21938,-0.00626,-0.00001,-0.26222,-1.28070,60.00000,60.00000,165.53976,0.00000,0.10162,0.02622,1.00000,1.00000,0.00000,0.00000,none
5.39583,89.97529,74.46594,2.21853,-0.00627,-0.00001,-0.26751,-1.26039,60.00000,60.00000,165.53406,0.00000,0.10163,0.02675,1.00000,1.00000,0.00000,0.00000,none
5.40000,89.97529,74.47164,2.21767,-0.00627,-0.00001,-0.27272,-1.23982,60.00000,60.00000,165.52836,0.00000,0.10163,0.02727,1.00000,1.00000,0.00000,0.00000,none
5.40417,89.97529,74.47734,2.21681,-0.00627,-0.00000,-0.27784,-1.21899,60.00000,60.00000,165.52266,0.00000,0.10164,0.02778,1.00000,1.00000,0.00000,0.00000,none
5.40833,89.97530,74.48303,2.21596,-0.00627,-0.00000,-0.28288,-1.19793,60.00000,60.00000,165.51697,0.00000,0.10165,0.02829,1.00000,1.00000,0.00000,0.00000,none
5.41250,89.97530,74.48871,2.21510,-0.00628,-0.00000,-0.28783,-1.17662,60.00000,60.00000,165.51129,0.00000,0.10165,0.02878,1.00000,1.00000,0.00000,0.00000,none
5.41667,89.97530,74.49438,2.21425,-0.00628,-0.00000,-0.29268,-1.15508,60.00000,60.00000,165.50562,0.00000,0.10166,0.02927,1.00000,1.00000,0.00000,0.00000,none
5.42083,89.97530,74.50005,2.21340,-0.00628,0.00000,-0.29745,-1.13332,60.00000,60.00000,165.49995,0.00000,0.10167,0.02975,1.00000,1.00000,0.00000,0.00000,none
5.42500,89.97530,74.50571,2.21255,-0.00628,0.00000,-0.30213,-1.11134,60.00000,60.00000,165.49429,0.00000,0.10167,0.03021,1.00000,1.00000,0.00000,0.00000,none
5.42917,89.97530,74.51137,2.21170,-0.00629,0.00000,-0.30671,-1.08914,60.00000,60.00000,165.48863,0.00000,0.10168,0.03067,1.00000,1.00000,0.00000,0.00000,none
5.43333,89.97530,74.51702,2.21085,-0.00629,0.00000,-0.31120,-1.06674,60.00000,60.00000,165.48298,0.00000,0.10169,0.03112,1.00000,1.00000,0.00000,0.00000,none
5.43750,89.97529,74.52266,2.21000,-0.00629,0.00000,-0.31560,-1.04414,60.00000,60.00000,165.47734,0.00000,0.10169,0.03156,1.00000,1.00000,0.00000,0.00000,none
5.44167,89.97529,74.52830,2.20915,-0.00630,0.00001,-0.31991,-1.02134,60.00000,60.00000,165.47170,0.00000,0.10170,0.03199,1.00000,1.00000,0.00000,0.00000,none
5.44583,89.97529,74.53393,2.20830,-0.00630,0.00001,-0.32411,-0.99836,60.00000,60.00000,165.46607,0.00000,0.10170,0.03241,1.00000,1.00000,0.00000,0.00000,none
5.45000,89.97529,74.53955,2.20746,-0.00630,0.00001,-0.32822,-0.97520,60.00000,60.00000,165.46045,0.00000,0.10171,0.03282,1.00000,1.00000,0.00000,0.00000,none
5.45417,89.97529,74.54517,2.20661,-0.00630,0.00001,-0.33224,-0.95186,60.00000,60.00000,165.45483,0.00000,0.10172,0.03322,1.00000,1.00000,0.00000,0.00000,none
5.45833,89.97529,74.55078,2.20577,-0.00631,0.00001,-0.33616,-0.92835,60.00000,60.00000,165.44922,0.00000,0.10172,0.03362,1.00000,1.00000,0.00000,0.00000,none
5.46250,89.97528,74.55639,2.20493,-0.00631,0.00001,-0.33998,-0.90469,60.00000,60.00000,165.44361,0.00000,0.10173,0.03400,1.00000,1.00000,0.00000,0.00000,none
5.46667,89.97528,74.56199,2.20408,-0.00631,0.00001,-0.34370,-0.88086,60.00000,60.00000,165.43801,0.00000,0.10174,0.03437,1.00000,1.00000,0.00000,0.00000,none
5.47083,89.97528,74.56758,2.20324,-0.00632,0.00001,-0.34732,-0.85689,60.00000,60.00000,165.43242,0.00000,0.10174,0.03473,1.00000,1.00000,0.00000,0.00000,none
5.47500,89.97527,74.57316,2.20240,-0.00632,0.00001,-0.35084,-0.83278,60.00000,60.00000,165.42684,0.00000,0.10175,0.03508,1.00000,1.00000,0.00000,0.00000,none
5.47917,89.97527,74.57874,2.20156,-0.00632,0.00001,-0.35426,-0.80853,60.00000,60.00000,165.42126,0.00000,0.10176,0.03543,1.00000,1.00000,0.00000,0.00000,none
5.48333,89.97527,74.58432,2.20073,-0.00632,0.00001,-0.35757,-0.78416,60.00000,60.00000,165.41568,0.00000,0.10176,0.03576,1.00000,1.00000,0.00000,0.00000,none
5.48750,89.97526,74.58988,2.19989,-0.00633,0.00002,-0.36079,-0.75966,60.00000,60.00000,165.41012,0.00000,0.10177,0.03608,1.00000,1.00000,0.00000,0.00000,none
5.49167,89.97526,74.59545,2.19905,-0.00633,0.00002,-0.36390,-0.73504,60.00000,60.00000,165.40455,0.00000,0.10177,0.03639,1.00000,1.00000,0.00000,0.00000,none
5.49583,89.97526,74.60100,2.19822,-0.00633,0.00002,-0.36692,-0.71032,60.00000,60.00000,165.39900,0.00000,0.10178,0.03669,1.00000,1.00000,0.00000,0.00000,none
5.50000,89.97525,74.60655,2.19738,-0.00634,0.00002,-0.36982,-0.68549,60.00000,60.00000,165.39345,0.00000,0.10179,0.03698,1.00000,1.00000,0.00000,0.00000,none
5.50417,89.97525,74.61209,2.19655,-0.00634,0.00002,-0.37263,-0.66057,60.00000,60.00000,165.38791,0.00000,0.10179,0.03726,1.00000,1.00000,0.00000,0.00000,none
5.50833,89.97524,74.61763,2.19572,-0.00634,0.00002,-0.37533,-0.63556,60.00000,60.00000,165.38237,0.00000,0.10180,0.03753,1.00000,1.00000,0.00000,0.00000,none
5.51250,89.97524,74.62316,2.19489,-0.00635,0.00002,-0.37792,-0.61047,60.00000,60.00000,165.37684,0.00000,0.10181,0.03779,1.00000,1.00000,0.00000,0.00000,none
5.51667,89.97523,74.62868,2.19406,-0.00635,0.00002,-0.38041,-0.58530,60.00000,60.00000,165.37132,0.00000,0.10181,0.03804,1.00000,1.00000,0.00000,0.00000,none
5.52083,89.97523,74.63420,2.19323,-0.00635,0.00002,-0.38280,-0.56006,60.00000,60.00000,165.36580,0.00000,0.10182,0.03828,1.00000,1.00000,0.00000,0.00000,none
5.52500,89.97522,74.63971,2.19240,-0.00635,0.00002,-0.38508,-0.53476,60.00000,60.00000,165.36029,0.00000,0.10183,0.03851,1.00000,1.00000,0.00000,0.00000,none
5.52917,89.97522,74.64522,2.19157,-0.00636,0.00002,-0.38726,-0.50940,60.00000,60.00000,165.35478,0.00000,0.10183,0.03873,1.00000,1.00000,0.00000,0.00000,none
5.53333,89.97521,74.65072,2.19074,-0.00636,0.00002,-0.38933,-0.48400,60.00000,60.00000,165.34928,0.00000,0.10184,0.03893,1.00000,1.00000,0.00000,0.00000,none
5.53750,89.97521,74.65621,2.18992,-0.00636,0.00002,-0.39129,-0.45854,60.00000,60.00000,165.34379,0.00000,0.10184,0.03913,1.00000,1.00000,0.00000,0.00000,none
5.54167,89.97520,74.66170,2.18909,-0.00637,0.00002,-0.39315,-0.43306,60.00000,60.00000,165.33830,0.00000,0.10185,0.03931,1.00000,1.00000,0.00000,0.00000,none
5.54583,89.97520,74.66718,2.18827,-0.00637,0.00002,-0.39490,-0.40754,60.00000,60.00000,165.33282,0.00000,0.10186,0.03949,1.00000,1.00000,0.00000,0.00000,none
5.55000,89.97519,74.67266,2.18745,-0.00637,0.00002,-0.39654,-0.38200,60.00000,60.00000,165.32734,0.00000,0.10186,0.03965,1.00000,1.00000,0.00000,0.00000,none
5.55417,89.97519,74.67813,2.18662,-0.00637,0.00002,-0.39808,-0.35644,60.00000,60.00000,165.32187,0.00000,0.10187,0.03981,1.00000,1.00000,0.00000,0.00000,none
5.55833,89.97518,74.68359,2.18580,-0.00638,0.00003,-0.39951,-0.33087,60.00000,60.00000,165.31641,0.00000,0.10188,0.03995,1.00000,1.00000,0.00000,0.00000,none
5.56250,89.97517,74.68905,2.18498,-0.00638,0.00003,-0.40084,-0.30529,60.00000,60.00000,165.31095,0.00000,0.10188,0.04008,1.00000,1.00000,0.00000,0.00000,none
5.56667,89.97517,74.69450,2.18416,-0.00638,0.00003,-0.40206,-0.27972,60.00000,60.00000,165.30550,0.00000,0.10189,0.04021,1.00000,1.00000,0.00000,0.00000,none
5.57083,89.97516,74.69995,2.18334,-0.00639,0.00003,-0.40317,-0.25415,60.00000,60.00000,165.30005,0.00000,0.10190,0.04032,1.00000,1.00000,0.00000,0.00000,none
5.57500,89.97515,74.70539,2.18253,-0.00639,0.00003,-0.40418,-0.22860,60.00000,60.00000,165.29461,0.00000,0.10190,0.04042,1.00000,1.00000,0.00000,0.00000,none
5.57917,89.97515,74.71082,2.18171,-0.00639,0.00003,-0.40508,-0.20307,60.00000,60.00000,165.28918,0.00000,0.10191,0.04051,1.00000,1.00000,0.00000,0.00000,none
5.58333,89.97514,74.71625,2.18090,-0.00639,0.00003,-0.40587,-0.17757,60.00000,60.00000,165.28375,0.00000,0.10191,0.04059,1.00000,1.00000,0.00000,0.00000,none
5.58750,89.97514,74.72167,2.18008,-0.00640,0.00003,-0.40656,-0.15210,60.00000,60.00000,165.27833,0.00000,0.10192,0.04066,1.00000,1.00000,0.00000,0.00000,none
5.59167,89.97513,74.72708,2.17927,-0.00640,0.00003,-0.40714,-0.12668,60.00000,60.00000,165.27292,0.00000,0.10193,0.04071,1.00000,1.00000,0.00000,0.00000,none
5.59583,89.97512,74.73249,2.17845,-0.00640,0.00003,-0.40761,-0.10129,60.00000,60.00000,165.26751,0.00000,0.10193,0.04076,1.00000,1.00000,0.00000,0.00000,none
5.60000,89.97512,74.73790,2.17764,-0.00641,0.00003,-0.40798,-0.07596,60.00000,60.00000,165.26210,0.00000,0.10194,0.04080,1.00000,1.00000,0.00000,0.00000,none
5.60417,89.97511,74.74330,2.17683,-0.00641,0.00003,-0.40824,-0.05069,60.00000,60.00000,165.25670,0.00000,0.10195,0.04082,1.00000,1.00000,0.00000,0.00000,none
5.60833,89.97510,74.74869,2.17602,-0.00641,0.00003,-0.40840,-0.02548,60.00000,60.00000,165.25131,0.00000,0.10195,0.04084,1.00000,1.00000,0.00000,0.00000,none
5.61250,89.97510,74.75407,2.17521,-0.00641,0.00003,-0.40846,-0.00035,60.00000,60.00000,165.24593,0.00000,0.10196,0.04085,1.00000,1.00000,0.00000,0.00000,none
5.61667,89.97509,74.75946,2.17441,-0.00642,0.00003,-0.40841,0.02472,60.00000,60.00000,165.24054,0.00000,0.10197,0.04084,1.00000,1.00000,0.00000,0.00000,none
5.62083,89.97508,74.76483,2.17360,-0.00642,0.00003,-0.40825,0.04969,60.00000,60.00000,165.23517,0.00000,0.10197,0.04083,1.00000,1.00000,0.00000,0.00000,none
5.62500,89.97508,74.77020,2.17279,-0.00642,0.00003,-0.40799,0.07458,60.00000,60.00000,165.22980,0.00000,0.10198,0.04080,1.00000,1.00000,0.00000,0.00000,none
5.62917,89.97507,74.77556,2.17199,-0.00642,0.00003,-0.40763,0.09938,60.00000,60.00000,165.22444,0.00000,0.10198,0.04076,1.00000,1.00000,0.00000,0.00000,none
5.63333,89.97506,74.78092,2.17118,-0.00643,0.00003,-0.40716,0.12407,60.00000,60.00000,165.21908,0.00000,0.10199,0.04072,1.00000,1.00000,0.00000,0.00000,none
5.63750,89.97506,74.78627,2.17038,-0.00643,0.00003,-0.40660,0.14866,60.00000,60.00000,165.21373,0.00000,0.10200,0.04066,1.00000,1.00000,0.00000,0.00000,none
5.64167,89.97505,74.79161,2.16958,-0.00643,0.00003,-0.40593,0.17314,60.00000,60.00000,165.20839,0.00000,0.10200,0.04059,1.00000,1.00000,0.00000,0.00000,none
5.64583,89.97504,74.79695,2.16878,-0.00643,0.00003,-0.40515,0.19749,60.00000,60.00000,165.20305,0.00000,0.10201,0.04052,1.00000,1.00000,0.00000,0.00000,none
5.65000,89.97504,74.80229,2.16797,-0.00644,0.00003,-0.40428,0.22173,60.00000,60.00000,165.19771,0.00000,0.10202,0.04043,1.00000,1.00000,0.00000,0.00000,none
5.65417,89.97503,74.80762,2.16717,-0.00644,0.00003,-0.40331,0.24583,60.00000,60.00000,165.19238,0.00000,0.10202,0.04033,1.00000,1.00000,0.00000,0.00000,none
5.65833,89.97502,74.81294,2.16638,-0.00644,0.00003,-0.40223,0.26980,60.00000,60.00000,165.18706,0.00000,0.10203,0.04022,1.00000,1.00000,0.00000,0.00000,none
5.66250,89.97502,74.81825,2.16558,-0.00644,0.00003,-0.40106,0.29363,60.00000,60.00000,165.18175,0.00000,0.10204,0.04011,1.00000,1.00000,0.00000,0.00000,none
5.66667,89.97501,74.82357,2.16478,-0.00645,0.00003,-0.39978,0.31732,60.00000,60.00000,165.17643,0.00000,0.10204,0.03998,1.00000,1.00000,0.00000,0.00000,none
5.67083,89.97501,74.82887,2.16399,-0.00645,0.00003,-0.39841,0.34085,60.00000,60.00000,165.17113,0.00000,0.10205,0.03984,1.00000,1.00000,0.00000,0.00000,none
5.67500,89.97500,74.83417,2.16319,-0.00645,0.00003,-0.39694,0.36423,60.00000,60.00000,165.16583,0.00000,0.10205,0.03969,1.00000,1.00000,0.00000,0.00000,none
5.67917,89.97499,74.83946,2.16240,-0.00645,0.00003,-0.39538,0.38744,60.00000,60.00000,165.16054,0.00000,0.10206,0.03954,1.00000,1.00000,0.00000,0.00000,none
5.68333,89.97499,74.84475,2.16160,-0.00646,0.00003,-0.39372,0.41049,60.00000,60.00000,165.15525,0.00000,0.10207,0.03937,1.00000,1.00000,0.00000,0.00000,none
5.68750,89.97498,74.85003,2.16081,-0.00646,0.00002,-0.39196,0.43336,60.00000,60.00000,165.14997,0.00000,0.10207,0.03920,1.00000,1.00000,0.00000,0.00000,none
5.69167,89.97498,74.85531,2.16002,-0.00646,0.00002,-0.39010,0.45606,60.00000,60.00000,165.14469,0.00000,0.10208,0.03901,1.00000,1.00000,0.00000,0.00000,none
5.69583,89.97497,74.86058,2.15923,-0.00646,0.00002,-0.38816,0.47857,60.00000,60.00000,165.13942,0.00000,0.10209,0.03882,1.00000,1.00000,0.00000,0.00000,none
5.70000,89.97496,74.86585,2.15844,-0.00646,0.00002,-0.38612,0.50089,60.00000,60.00000,165.13415,0.00000,0.10209,0.03861,1.00000,1.00000,0.00000,0.00000,none
5.70417,89.97496,74.87110,2.15765,-0.00647,0.00002,-0.38398,0.52303,60.00000,60.00000,165.12890,0.00000,0.10210,0.03840,1.00000,1.00000,0.00000,0.00000,none
5.70833,89.97495,74.87636,2.15686,-0.00647,0.00002,-0.38176,0.54496,60.00000,60.00000,165.12364,0.00000,0.10211,0.03818,1.00000,1.00000,0.00000,0.00000,none
5.71250,89.97495,74.88161,2.15607,-0.00647,0.00002,-0.37944,0.56669,60.00000,60.00000,165.11839,0.00000,0.10211,0.03794,1.00000,1.00000,0.00000,0.00000,none
5.71667,89.97494,74.88685,2.15529,-0.00647,0.00002,-0.37704,0.58821,60.00000,60.00000,165.11315,0.00000,0.10212,0.03770,1.00000,1.00000,0.00000,0.00000,none
5.72083,89.97494,74.89209,2.15450,-0.00647,0.00002,-0.37454,0.60952,60.00000,60.00000,165.10791,0.00000,0.10212,0.03745,1.00000,1.00000,0.00000,0.00000,none
5.72500,89.97493,74.89732,2.15372,-0.00648,0.00002,-0.37196,0.63061,60.00000,60.00000,165.10268,0.00000,0.10213,0.03720,1.00000,1.00000,0.00000,0.00000,none
5.72917,89.97493,74.90254,2.15294,-0.00648,0.00002,-0.36929,0.65148,60.00000,60.00000,165.09746,0.00000,0.10214,0.03693,1.00000,1.00000,0.00000,0.00000,none
5.73333,89.97492,74.90776,2.15215,-0.00648,0.00002,-0.36653,0.67212,60.00000,60.00000,165.09224,0.00000,0.10214,0.03665,1.00000,1.00000,0.00000,0.00000,none
5.73750,89.97492,74.91298,2.15137,-0.00648,0.00002,-0.36369,0.69254,60.00000,60.00000,165.08702,0.00000,0.10215,0.03637,1.00000,1.00000,0.00000,0.00000,none
5.74167,89.97491,74.91819,2.15059,-0.00648,0.00002,-0.36076,0.71271,60.00000,60.00000,165.08181,0.00000,0.10216,0.03608,1.00000,1.00000,0.00000,0.00000,none
5.74583,89.97491,74.92339,2.14981,-0.00649,0.00002,-0.35775,0.73265,60.00000,60.00000,165.07661,0.00000,0.10216,0.03577,1.00000,1.00000,0.00000,0.00000,none
5.75000,89.97490,74.92859,2.14903,-0.00649,0.00002,-0.35465,0.75234,60.00000,60.00000,165.07141,0.00000,0.10217,0.03547,1.00000,1.00000,0.00000,0.00000,none
5.75417,89.97490,74.93378,2.14825,-0.00649,0.00002,-0.35148,0.77178,60.00000,60.00000,165.06622,0.00000,0.10217,0.03515,1.00000,1.00000,0.00000,0.00000,none
5.75833,89.97490,74.93897,2.14748,-0.00649,0.00002,-0.34822,0.79097,60.00000,60.00000,165.06103,0.00000,0.10218,0.03482,1.00000,1.00000,0.00000,0.00000,none
5.76250,89.97489,74.94415,2.14670,-0.00649,0.00002,-0.34489,0.80991,60.00000,60.00000,165.05585,0.00000,0.10219,0.03449,1.00000,1.00000,0.00000,0.00000,none
5.76667,89.97489,74.94932,2.14593,-0.00649,0.00002,-0.34147,0.82858,60.00000,60.00000,165.05068,0.00000,0.10219,0.03415,1.00000,1.00000,0.00000,0.00000,none
5.77083,89.97488,74.95449,2.14515,-0.00650,0.00001,-0.33798,0.84699,60.00000,60.00000,165.04551,0.00000,0.10220,0.03380,1.00000,1.00000,0.00000,0.00000,none
5.77500,89.97488,74.95966,2.14438,-0.00650,0.00001,-0.33442,0.86512,60.00000,60.00000,165.04034,0.00000,0.10221,0.03344,1.00000,1.00000,0.00000,0.00000,none
5.77917,89.97488,74.96482,2.14361,-0.00650,0.00001,-0.33077,0.88299,60.00000,60.00000,165.03518,0.00000,0.10221,0.03308,1.00000,1.00000,0.00000,0.00000,none
5.78333,89.97488,74.96997,2.14283,-0.00650,0.00001,-0.32706,0.90058,60.00000,60.00000,165.03003,0.00000,0.10222,0.03271,1.00000,1.00000,0.00000,0.00000,none
5.78750,89.97487,74.97512,2.14206,-0.00650,0.00001,-0.32327,0.91789,60.00000,60.00000,165.02488,0.00000,0.10223,0.03233,1.00000,1.00000,0.00000,0.00000,none
5.79167,89.97487,74.98026,2.14129,-0.00650,0.00001,-0.31941,0.93492,60.00000,60.00000,165.01974,0.00000,0.10223,0.03194,1.00000,1.00000,0.00000,0.00000,none
5.79583,89.97487,74.98540,2.14052,-0.00650,0.00001,-0.31548,0.95166,60.00000,60.00000,165.01460,0.00000,0.10224,0.03155,1.00000,1.00000,0.00000,0.00000,none
5.80000,89.97486,74.99053,2.13976,-0.00651,0.00001,-0.31148,0.96810,60.00000,60.00000,165.00947,0.00000,0.10224,0.03115,1.00000,1.00000,0.00000,0.00000,none
5.80417,89.97486,74.99566,2.13899,-0.00651,0.00001,-0.30741,0.98426,60.00000,60.00000,165.00434,0.00000,0.10225,0.03074,1.00000,1.00000,0.00000,0.00000,none
5.80833,89.97486,75.00078,2.13822,-0.00651,0.00001,-0.30328,1.00012,60.00000,60.00000,164.99922,0.00000,0.10226,0.03033,1.00000,1.00000,0.00000,0.00000,none
5.81250,89.97486,75.00590,2.13746,-0.00651,0.00001,-0.29908,1.01567,60.00000,60.00000,164.99410,0.00000,0.10226,0.02991,1.00000,1.00000,0.00000,0.00000,none
5.81667,89.97486,75.01101,2.13669,-0.00651,0.00001,-0.29481,1.03093,60.00000,60.00000,164.98899,0.00000,0.10227,0.02948,1.00000,1.00000,0.00000,0.00000,none
5.82083,89.97486,75.01611,2.13593,-0.00651,0.00001,-0.29049,1.04588,60.00000,60.00000,164.98389,0.00000,0.10228,0.02905,1.00000,1.00000,0.00000,0.00000,none
5.82500,89.97486,75.02121,2.13517,-0.00651,0.00000,-0.28610,1.06051,60.00000,60.00000,164.97879,0.00000,0.10228,0.02861,1.00000,1.00000,0.00000,0.00000,none
5.82917,89.97485,75.02631,2.13440,-0.00651,0.00000,-0.28165,1.07484,60.00000,60.00000,164.97369,0.00000,0.10229,0.02816,1.00000,1.00000,0.00000,0.00000,none
5.83333,89.97485,75.03139,2.13364,-0.00652,0.00000,-0.27714,1.08885,60.00000,60.00000,164.96861,0.00000,0.10230,0.02771,1.00000,1.00000,0.00000,0.00000,none
5.83750,89.97485,75.03648,2.13288,-0.00652,0.00000,-0.27258,1.10254,60.00000,60.00000,164.96352,0.00000,0.10230,0.02726,1.00000,1.00000,0.00000,0.00000,none
5.84167,89.97485,75.04156,2.13212,-0.00652,0.00000,-0.26795,1.11591,60.00000,60.00000,164.95844,0.00000,0.10231,0.02680,1.00000,1.00000,0.00000,0.00000,none
5.84583,89.97485,75.04663,2.13136,-0.00652,0.00000,-0.26328,1.12896,60.00000,60.00000,164.95337,0.00000,0.10231,0.02633,1.00000,1.00000,0.00000,0.00000,none
5.85000,89.97485,75.05170,2.13061,-0.00652,-0.00000,-0.25855,1.14169,60.00000,60.00000,164.94830,0.00000,0.10232,0.02585,1.00000,1.00000,0.00000,0.00000,none
5.85417,89.97485,75.05676,2.12985,-0.00652,-0.00000,-0.25376,1.15408,60.00000,60.00000,164.94324,0.00000,0.10233,0.02538,1.00000,1.00000,0.00000,0.00000,none
5.85833,89.97485,75.06182,2.12909,-0.00652,-0.00000,-0.24893,1.16615,60.00000,60.00000,164.93818,0.00000,0.10233,0.02489,1.00000,1.00000,0.00000,0.00000,none
5.86250,89.97485,75.06687,2.12834,-0.00652,-0.00000,-0.24405,1.17788,60.00000,60.00000,164.93313,0.00000,0.10234,0.02440,1.00000,1.00000,0.00000,0.00000,none
5.86667,89.97486,75.07191,2.12759,-0.00652,-0.00000,-0.23911,1.18928,60.00000,60.00000,164.92809,0.00000,0.10235,0.02391,1.00000,1.00000,0.00000,0.00000,none
5.87083,89.97486,75.07695,2.12683,-0.00652,-0.00001,-0.23414,1.20035,60.00000,60.00000,164.92305,0.00000,0.10235,0.02341,1.00000,1.00000,0.00000,0.00000,none
5.87500,89.97486,75.08199,2.12608,-0.00652,-0.00001,-0.22911,1.21107,60.00000,60.00000,164.91801,0.00000,0.10236,0.02291,1.00000,1.00000,0.00000,0.00000,none
5.87917,89.97486,75.08702,2.12533,-0.00653,-0.00001,-0.22404,1.22146,60.00000,60.00000,164.91298,0.00000,0.10237,0.02240,1.00000,1.00000,0.00000,0.00000,none
5.88333,89.97486,75.09205,2.12458,-0.00653,-0.00001,-0.21893,1.23150,60.00000,60.00000,164.90795,0.00000,0.10237,0.02189,1.00000,1.00000,0.00000,0.00000,none
5.88750,89.97486,75.09707,2.12383,-0.00653,-0.00001,-0.21378,1.24120,60.00000,60.00000,164.90293,0.00000,0.10238,0.02138,1.00000,1.00000,0.00000,0.00000,none
5.89167,89.97487,75.10208,2.12308,-0.00653,-0.00001,-0.20859,1.25055,60.00000,60.00000,164.89792,0.00000,0.10238,0.02086,1.00000,1.00000,0.00000,0.00000,none
5.89583,89.97487,75.10709,2.12233,-0.00653,-0.00001,-0.20336,1.25956,60.00000,60.00000,164.89291,0.00000,0.10239,0.02034,1.00000,1.00000,0.00000,0.00000,none
5.90000,89.97487,75.11210,2.12158,-0.00653,-0.00001,-0.19809,1.26822,60.00000,60.00000,164.88790,0.00000,0.10240,0.01981,1.00000,1.00000,0.00000,0.00000,none
5.90417,89.97487,75.11709,2.12084,-0.00653,-0.00001,-0.19279,1.27653,60.00000,60.00000,164.88291,0.00000,0.10240,0.01928,1.00000,1.00000,0.00000,0.00000,none
5.90833,89.97488,75.12209,2.12009,-0.00653,-0.00001,-0.18746,1.28449,60.00000,60.00000,164.87791,0.00000,0.10241,0.01875,1.00000,1.00000,0.00000,0.00000,none
5.91250,89.97488,75.12708,2.11935,-0.00653,-0.00002,-0.18209,1.29210,60.00000,60.00000,164.87292,0.00000,0.10242,0.01821,1.00000,1.00000,0.00000,0.00000,none
5.91667,89.97488,75.13206,2.11860,-0.00653,-0.00002,-0.17669,1.29935,60.00000,60.00000,164.86794,0.00000,0.10242,0.01767,1.00000,1.00000,0.00000,0.00000,none
5.92083,89.97489,75.13704,2.11786,-0.00653,-0.00002,-0.17126,1.30625,60.00000,60.00000,164.86296,0.00000,0.10243,0.01713,1.00000,1.00000,0.00000,0.00000,none
5.92500,89.97489,75.14201,2.11712,-0.00653,-0.00002,-0.16581,1.31280,60.00000,60.00000,164.85799,0.00000,0.10243,0.01658,1.00000,1.00000,0.00000,0.00000,none
5.92917,89.97490,75.14698,2.11638,-0.00653,-0.00002,-0.16032,1.31899,60.00000,60.00000,164.85302,0.00000,0.10244,0.01603,1.00000,1.00000,0.00000,0.00000,none
5.93333,89.97490,75.15194,2.11564,-0.00653,-0.00002,-0.15481,1.32482,60.00000,60.00000,164.84806,0.00000,0.10245,0.01548,1.00000,1.00000,0.00000,0.00000,none
5.93750,89.97491,75.15690,2.11490,-0.00653,-0.00002,-0.14928,1.33030,60.00000,60.00000,164.84310,0.00000,0.10245,0.01493,1.00000,1.00000,0.00000,0.00000,none
5.94167,89.97491,75.16186,2.11416,-0.00653,-0.00002,-0.14373,1.33542,60.00000,60.00000,164.83814,0.00000,0.10246,0.01437,1.00000,1.00000,0.00000,0.00000,none
5.94583,89.97492,75.16680,2.11342,-0.00653,-0.00002,-0.13816,1.34019,60.00000,60.00000,164.83320,0.00000,0.10247,0.01382,1.00000,1.00000,0.00000,0.00000,none
5.95000,89.97492,75.17175,2.11268,-0.00653,-0.00002,-0.13256,1.34459,60.00000,60.00000,164.82825,0.00000,0.10247,0.01326,1.00000,1.00000,0.00000,0.00000,none
5.95417,89.97493,75.17668,2.11195,-0.00653,-0.00003,-0.12695,1.34864,60.00000,60.00000,164.82332,0.00000,0.10248,0.01270,1.00000,1.00000,0.00000,0.00000,none
5.95833,89.97494,75.18162,2.11121,-0.00653,-0.00003,-0.12132,1.35233,60.00000,60.00000,164.81838,0.00000,0.10249,0.01213,1.00000,1.00000,0.00000,0.00000,none
5.96250,89.97494,75.18654,2.11048,-0.00653,-0.00003,-0.11568,1.35566,60.00000,60.00000,164.81346,0.00000,0.10249,0.01157,1.00000,1.00000,0.00000,0.00000,none
5.96667,89.97495,75.19147,2.10974,-0.00653,-0.00003,-0.11003,1.35863,60.00000,60.00000,164.80853,0.00000,0.10250,0.01100,1.00000,1.00000,0.00000,0.00000,none
5.97083,89.97496,75.19638,2.10901,-0.00653,-0.00003,-0.10436,1.36124,60.00000,60.00000,164.80362,0.00000,0.10250,0.01044,1.00000,1.00000,0.00000,0.00000,none
5.97500,89.97496,75.20129,2.10828,-0.00653,-0.00003,-0.09868,1.36350,60.00000,60.00000,164.79871,0.00000,0.10251,0.00987,1.00000,1.00000,0.00000,0.00000,none
5.97917,89.97497,75.20620,2.10755,-0.00653,-0.00003,-0.09300,1.36540,60.00000,60.00000,164.79380,0.00000,0.10252,0.00930,1.00000,1.00000,0.00000,0.00000,none
5.98333,89.97498,75.21110,2.10681,-0.00653,-0.00003,-0.08731,1.36694,60.00000,60.00000,164.78890,0.00000,0.10252,0.00873,1.00000,1.00000,0.00000,0.00000,none
5.98750,89.97499,75.21600,2.10609,-0.00653,-0.00003,-0.08161,1.36812,60.00000,60.00000,164.78400,0.00000,0.10253,0.00816,1.00000,1.00000,0.00000,0.00000,none
5.99167,89.97499,75.22089,2.10536,-0.00653,-0.00003,-0.07591,1.36895,60.00000,60.00000,164.77911,0.00000,0.10254,0.00759,1.00000,1.00000,0.00000,0.00000,none
5.99583,89.97500,75.22578,2.10463,-0.00653,-0.00004,-0.07020,1.36943,60.00000,60.00000,164.77422,0.00000,0.10254,0.00702,1.00000,1.00000,0.00000,0.00000,none
6.00000,89.97501,75.23066,2.10390,-0.00653,-0.00004,-0.06449,1.36954,60.00000,60.00000,164.76934,0.00000,0.10255,0.00645,1.00000,1.00000,0.00000,0.00000,none
6.00417,89.97502,75.23554,2.10317,-0.00653,-0.00004,-0.05879,1.36931,60.00000,60.00000,164.76446,0.00000,0.10256,0.00588,1.00000,1.00000,0.00000,0.00000,none
6.00833,89.97503,75.24041,2.10245,-0.00653,-0.00004,-0.05308,1.36872,60.00000,60.00000,164.75959,0.00000,0.10256,0.00531,1.00000,1.00000,0.00000,0.00000,none
6.01250,89.97504,75.24528,2.10172,-0.00653,-0.00004,-0.04738,1.36778,60.00000,60.00000,164.75472,0.00000,0.10257,0.00474,1.00000,1.00000,0.00000,0.00000,none
6.01667,89.97505,75.25014,2.10100,-0.00653,-0.00004,-0.04169,1.36649,60.00000,60.00000,164.74986,0.00000,0.10257,0.00417,1.00000,1.00000,0.00000,0.00000,none
6.02083,89.97506,75.25500,2.10028,-0.00653,-0.00004,-0.03600,1.36485,60.00000,60.00000,164.74500,0.00000,0.10258,0.00360,1.00000,1.00000,0.00000,0.00000,none
6.02500,89.97507,75.25985,2.09955,-0.00653,-0.00004,-0.03031,1.36286,60.00000,60.00000,164.74015,0.00000,0.10259,0.00303,1.00000,1.00000,0.00000,0.00000,none
6.02917,89.97508,75.26470,2.09883,-0.00653,-0.00004,-0.02464,1.36052,60.00000,60.00000,164.73530,0.00000,0.10259,0.00246,1.00000,1.00000,0.00000,0.00000,none
6.03333,89.97509,75.26954,2.09811,-0.00653,-0.00005,-0.01898,1.35784,60.00000,60.00000,164.73046,0.00000,0.10260,0.00190,1.00000,1.00000,0.00000,0.00000,none
6.03750,89.97510,75.27438,2.09739,-0.00653,-0.00005,-0.01332,1.35481,60.00000,60.00000,164.72562,0.00000,0.10261,0.00133,1.00000,1.00000,0.00000,0.00000,none
6.04167,89.97511,75.27921,2.09667,-0.00652,-0.00005,-0.00769,1.35145,60.00000,60.00000,164.72079,0.00000,0.10261,0.00077,1.00000,1.00000,0.00000,0.00000,none
6.04583,89.97512,75.28404,2.09596,-0.00652,-0.00005,-0.00206,1.34774,60.00000,60.00000,164.71596,0.00000,0.10262,0.00021,1.00000,1.00000,0.00000,0.00000,none
6.05000,89.97514,75.28886,2.09524,-0.00652,-0.00005,0.00354,1.34374,60.00000,60.00000,164.71114,0.00000,0.10262,0.00030,1.00000,1.00000,0.00000,0.00000,none
6.05417,89.97515,75.29368,2.09452,-0.00652,-0.00005,0.00914,1.33965,60.00000,60.00000,164.70632,0.00000,0.10263,0.00076,1.00000,1.00000,0.00000,0.00000,none
6.05833,89.97516,75.29850,2.09381,-0.00652,-0.00005,0.01471,1.33548,60.00000,60.00000,164.70150,0.00000,0.10264,0.00123,1.00000,1.00000,0.00000,0.00000,none
6.06250,89.97517,75.30331,2.09309,-0.00652,-0.00005,0.02026,1.33123,60.00000,60.00000,164.69669,0.00000,0.10264,0.00169,1.00000,1.00000,0.00000,0.00000,none
6.06667,89.97518,75.30811,2.09238,-0.00652,-0.00005,0.02580,1.32691,60.00000,60.00000,164.69189,0.00000,0.10265,0.00215,1.00000,1.00000,0.00000,0.00000,none
6.07083,89.97520,75.31291,2.09166,-0.00652,-0.00005,0.03132,1.32251,60.00000,60.00000,164.68709,0.00000,0.10266,0.00261,1.00000,1.00000,0.00000,0.00000,none
6.07500,89.97521,75.31771,2.09095,-0.00652,-0.00005,0.03682,1.31803,60.00000,60.00000,164.68229,0.00000,0.10266,0.00307,1.00000,1.00000,0.00000,0.00000,none
6.07917,89.97522,75.32250,2.09024,-0.00652,-0.00005,0.04231,1.31348,60.00000,60.00000,164.67750,0.00000,0.10267,0.00353,1.00000,1.00000,0.00000,0.00000,none
6.08333,89.97523,75.32729,2.08952,-0.00652,-0.00005,0.04777,1.30885,60.00000,60.00000,164.67271,0.00000,0.10267,0.00398,1.00000,1.00000,0.00000,0.00000,none
6.08750,89.97525,75.33207,2.08881,-0.00652,-0.00006,0.05321,1.30415,60.00000,60.00000,164.66793,0.00000,0.10268,0.00443,1.00000,1.00000,0.00000,0.00000,none
6.09167,89.97526,75.33685,2.08810,-0.00652,-0.00006,0.05864,1.29938,60.00000,60.00000,164.66315,0.00000,0.10269,0.00489,1.00000,1.00000,0.00000,0.00000,none
6.09583,89.97527,75.34162,2.08739,-0.00652,-0.00006,0.06404,1.29453,60.00000,60.00000,164.65838,0.00000,0.10269,0.00534,1.00000,1.00000,0.00000,0.00000,none
6.10000,89.97529,75.34639,2.08669,-0.00651,-0.00006,0.06942,1.28961,60.00000,60.00000,164.65361,0.00000,0.10270,0.00579,1.00000,1.00000,0.00000,0.00000,none
6.10417,89.97530,75.35115,2.08598,-0.00651,-0.00006,0.07479,1.28462,60.00000,60.00000,164.64885,0.00000,0.10271,0.00623,1.00000,1.00000,0.00000,0.00000,none
6.10833,89.97531,75.35591,2.08527,-0.00651,-0.00006,0.08013,1.27956,60.00000,60.00000,164.64409,0.00000,0.10271,0.00668,1.00000,1.00000,0.00000,0.00000,none
6.11250,89.97533,75.36066,2.08456,-0.00651,-0.00006,0.08545,1.27442,60.00000,60.00000,164.63934,0.00000,0.10272,0.00712,1.00000,1.00000,0.00000,0.00000,none
6.11667,89.97534,75.36541,2.08386,-0.00651,-0.00006,0.09075,1.26922,60.00000,60.00000,164.63459,0.00000,0.10273,0.00756,1.00000,1.00000,0.00000,0.00000,none
6.12083,89.97536,75.37016,2.08315,-0.00651,-0.00006,0.09603,1.26395,60.00000,60.00000,164.62984,0.00000,0.10273,0.00800,1.00000,1.00000,0.00000,0.00000,none
6.12500,89.97537,75.37490,2.08245,-0.00651,-0.00006,0.10128,1.25861,60.00000,60.00000,164.62510,0.00000,0.10274,0.00844,1.00000,1.00000,0.00000,0.00000,none
6.12917,89.97538,75.37964,2.08175,-0.00651,-0.00006,0.10651,1.25320,60.00000,60.00000,164.62036,0.00000,0.10274,0.00888,1.00000,1.00000,0.00000,0.00000,none
6.13333,89.97540,75.38437,2.08104,-0.00651,-0.00006,0.11173,1.24772,60.00000,60.00000,164.61563,0.00000,0.10275,0.00931,1.00000,1.00000,0.00000,0.00000,none
6.13750,89.97541,75.38909,2.08034,-0.00651,-0.00006,0.11691,1.24218,60.00000,60.00000,164.61091,0.00000,0.10276,0.00974,1.00000,1.00000,0.00000,0.00000,none
6.14167,89.97543,75.39382,2.07964,-0.00651,-0.00006,0.12208,1.23657,60.00000,60.00000,164.60618,0.00000,0.10276,0.01017,1.00000,1.00000,0.00000,0.00000,none
6.14583,89.97544,75.39853,2.07894,-0.00651,-0.00006,0.12722,1.23090,60.00000,60.00000,164.60147,0.00000,0.10277,0.01060,1.00000,1.00000,0.00000,0.00000,none
6.15000,89.97545,75.40325,2.07824,-0.00651,-0.00006,0.13233,1.22516,60.00000,60.00000,164.59675,0.00000,0.10278,0.01103,1.00000,1.00000,0.00000,0.00000,none
6.15417,89.97547,75.40796,2.07754,-0.00650,-0.00006,0.13743,1.21935,60.00000,60.00000,164.59204,0.00000,0.10278,0.01145,1.00000,1.00000,0.00000,0.00000,none
6.15833,89.97548,75.41266,2.07684,-0.00650,-0.00006,0.14250,1.21348,60.00000,60.00000,164.58734,0.00000,0.10279,0.01187,1.00000,1.00000,0.00000,0.00000,none
6.16250,89.97550,75.41736,2.07614,-0.00650,-0.00006,0.14754,1.20755,60.00000,60.00000,164.58264,0.00000,0.10279,0.01229,1.00000,1.00000,0.00000,0.00000,none
6.16667,89.97551,75.42205,2.07545,-0.00650,-0.00006,0.15256,1.20156,60.00000,60.00000,164.57795,0.00000,0.10280,0.01271,1.00000,1.00000,0.00000,0.00000,none
6.17083,89.97553,75.42675,2.07475,-0.00650,-0.00006,0.15755,1.19550,60.00000,60.00000,164.57325,0.00000,0.10281,0.01313,1.00000,1.00000,0.00000,0.00000,none
6.17500,89.97554,75.43143,2.07405,-0.00650,-0.00006,0.16252,1.18938,60.00000,60.00000,164.56857,0.00000,0.10281,0.01354,1.00000,1.00000,0.00000,0.00000,none
6.17917,89.97556,75.43611,2.07336,-0.00650,-0.00006,0.16746,1.18320,60.00000,60.00000,164.56389,0.00000,0.10282,0.01396,1.00000,1.00000,0.00000,0.00000,none
6.18333,89.97557,75.44079,2.07266,-0.00650,-0.00006,0.17238,1.17696,60.00000,60.00000,164.55921,0.00000,0.10283,0.01437,1.00000,1.00000,0.00000,0.00000,none
6.18750,89.97558,75.44546,2.07197,-0.00650,-0.00006,0.17727,1.17067,60.00000,60.00000,164.55454,0.00000,0.10283,0.01477,1.00000,1.00000,0.00000,0.00000,none
6.19167,89.97560,75.45013,2.07128,-0.00650,-0.00006,0.18214,1.16431,60.00000,60.00000,164.54987,0.00000,0.10284,0.01518,1.00000,1.00000,0.00000,0.00000,none
6.19583,89.97561,75.45479,2.07058,-0.00650,-0.00006,0.18697,1.15789,60.00000,60.00000,164.54521,0.00000,0.10285,0.01558,1.00000,1.00000,0.00000,0.00000,none
6.20000,89.97563,75.45945,2.06989,-0.00650,-0.00006,0.19178,1.15142,60.00000,60.00000,164.54055,0.00000,0.10285,0.01598,1.00000,1.00000,0.00000,0.00000,none
6.20417,89.97564,75.46411,2.06920,-0.00650,-0.00006,0.19657,1.14489,60.00000,60.00000,164.53589,0.00000,0.10286,0.01638,1.00000,1.00000,0.00000,0.00000,none
6.20833,89.97566,75.46876,2.06851,-0.00650,-0.00006,0.20133,1.13831,60.00000,60.00000,164.53124,0.00000,0.10286,0.01678,1.00000,1.00000,0.00000,0.00000,none
6.21250,89.97567,75.47340,2.06782,-0.00649,-0.00006,0.20605,1.13166,60.00000,60.00000,164.52660,0.00000,0.10287,0.01717,1.00000,1.00000,0.00000,0.00000,none
6.21667,89.97569,75.47805,2.06713,-0.00649,-0.00006,0.21076,1.12497,60.00000,60.00000,164.52195,0.00000,0.10288,0.01756,1.00000,1.00000,0.00000,0.00000,none
6.22083,89.97570,75.48268,2.06645,-0.00649,-0.00006,0.21543,1.11822,60.00000,60.00000,164.51732,0.00000,0.10288,0.01795,1.00000,1.00000,0.00000,0.00000,none
6.22500,89.97571,75.48732,2.06576,-0.00649,-0.00006,0.22007,1.11141,60.00000,60.00000,164.51268,0.00000,0.10289,0.01834,1.00000,1.00000,0.00000,0.00000,none
6.22917,89.97573,75.49194,2.06507,-0.00649,-0.00006,0.22469,1.10455,60.00000,60.00000,164.50806,0.00000,0.10290,0.01872,1.00000,1.00000,0.00000,0.00000,none
6.23333,89.97574,75.49657,2.06439,-0.00649,-0.00006,0.22928,1.09764,60.00000,60.00000,164.50343,0.00000,0.10290,0.01911,1.00000,1.00000,0.00000,0.00000,none
6.23750,89.97576,75.50119,2.06370,-0.00649,-0.00006,0.23384,1.09068,60.00000,60.00000,164.49881,0.00000,0.10291,0.01949,1.00000,1.00000,0.00000,0.00000,none
6.24167,89.97577,75.50580,2.06302,-0.00649,-0.00006,0.23837,1.08367,60.00000,60.00000,164.49420,0.00000,0.10291,0.01986,1.00000,1.00000,0.00000,0.00000,none
6.24583,89.97579,75.51041,2.06233,-0.00649,-0.00006,0.24287,1.07661,60.00000,60.00000,164.48959,0.00000,0.10292,0.02024,1.00000,1.00000,0.00000,0.00000,none
6.25000,89.97580,75.51502,2.06165,-0.00649,-0.00006,0.24734,1.06949,60.00000,60.00000,164.48498,0.00000,0.10293,0.02061,1.00000,1.00000,0.00000,0.00000,none
6.25417,89.97582,75.51962,2.06097,-0.00649,-0.00006,0.25178,1.06233,60.00000,60.00000,164.48038,0.00000,0.10293,0.02098,1.00000,1.00000,0.00000,0.00000,none
6.25833,89.97583,75.52422,2.06028,-0.00649,-0.00006,0.25619,1.05512,60.00000,60.00000,164.47578,0.00000,0.10294,0.02135,1.00000,1.00000,0.00000,0.00000,none
6.26250,89.97585,75.52881,2.05960,-0.00649,-0.00006,0.26057,1.04786,60.00000,60.00000,164.47119,0.00000,0.10295,0.02171,1.00000,1.00000,0.00000,0.00000,none
6.26667,89.97586,75.53340,2.05892,-0.00649,-0.00006,0.26492,1.04056,60.00000,60.00000,164.46660,0.00000,0.10295,0.02208,1.00000,1.00000,0.00000,0.00000,none
6.27083,89.97588,75.53798,2.05824,-0.00649,-0.00006,0.26924,1.03320,60.00000,60.00000,164.46202,0.00000,0.10296,0.02244,1.00000,1.00000,0.00000,0.00000,none
6.27500,89.97589,75.54256,2.05756,-0.00649,-0.00006,0.27353,1.02580,60.00000,60.00000,164.45744,0.00000,0.10296,0.02279,1.00000,1.00000,0.00000,0.00000,none
6.27917,89.97591,75.54714,2.05688,-0.00649,-0.00006,0.27779,1.01836,60.00000,60.00000,164.45286,0.00000,0.10297,0.02315,1.00000,1.00000,0.00000,0.00000,none
6.28333,89.97592,75.55171,2.05621,-0.00649,-0.00006,0.28202,1.01087,60.00000,60.00000,164.44829,0.00000,0.10298,0.02350,1.00000,1.00000,0.00000,0.00000,none
6.28750,89.97593,75.55628,2.05553,-0.00648,-0.00006,0.28622,1.00334,60.00000,60.00000,164.44372,0.00000,0.10298,0.02385,1.00000,1.00000,0.00000,0.00000,none
6.29167,89.97595,75.56084,2.05485,-0.00648,-0.00006,0.29038,0.99577,60.00000,60.00000,164.43916,0.00000,0.10299,0.02420,1.00000,1.00000,0.00000,0.00000,none
6.29583,89.97596,75.56540,2.05418,-0.00648,-0.00006,0.29451,0.98815,60.00000,60.00000,164.43460,0.00000,0.10300,0.02454,1.00000,1.00000,0.00000,0.00000,none
6.30000,89.97598,75.56995,2.05350,-0.00648,-0.00006,0.29862,0.98049,60.00000,60.00000,164.43005,0.00000,0.10300,0.02488,1.00000,1.00000,0.00000,0.00000,none
6.30417,89.97599,75.57450,2.05283,-0.00648,-0.00006,0.30269,0.97279,60.00000,60.00000,164.42550,0.00000,0.10301,0.02522,1.00000,1.00000,0.00000,0.00000,none
6.30833,89.97601,75.57905,2.05215,-0.00648,-0.00006,0.30672,0.96504,60.00000,60.00000,164.42095,0.00000,0.10301,0.02556,1.00000,1.00000,0.00000,0.00000,none
6.31250,89.97602,75.58359,2.05148,-0.00648,-0.00006,0.31073,0.95726,60.00000,60.00000,164.41641,0.00000,0.10302,0.02589,1.00000,1.00000,0.00000,0.00000,none
6.31667,89.97604,75.58813,2.05081,-0.00648,-0.00006,0.31470,0.94944,60.00000,60.00000,164.41187,0.00000,0.10303,0.02622,1.00000,1.00000,0.00000,0.00000,none
6.32083,89.97605,75.59266,2.05013,-0.00648,-0.00006,0.31864,0.94158,60.00000,60.00000,164.40734,0.00000,0.10303,0.02655,1.00000,1.00000,0.00000,0.00000,none
6.32500,89.97607,75.59719,2.04946,-0.00648,-0.00006,0.32255,0.93368,60.00000,60.00000,164.40281,0.00000,0.10304,0.02688,1.00000,1.00000,0.00000,0.00000,none
6.32917,89.97608,75.60171,2.04879,-0.00648,-0.00006,0.32642,0.92575,60.00000,60.00000,164.39829,0.00000,0.10305,0.02720,1.00000,1.00000,0.00000,0.00000,none
6.33333,89.97610,75.60624,2.04812,-0.00648,-0.00006,0.33026,0.91777,60.00000,60.00000,164.39376,0.00000,0.10305,0.02752,1.00000,1.00000,0.00000,0.00000,none
6.33750,89.97611,75.61075,2.04745,-0.00648,-0.00006,0.33407,0.90977,60.00000,60.00000,164.38925,0.00000,0.10306,0.02784,1.00000,1.00000,0.00000,0.00000,none
6.34167,89.97612,75.61526,2.04678,-0.00648,-0.00006,0.33784,0.90172,60.00000,60.00000,164.38474,0.00000,0.10306,0.02815,1.00000,1.00000,0.00000,0.00000,none
6.34583,89.97614,75.61977,2.04612,-0.00648,-0.00006,0.34158,0.89364,60.00000,60.00000,164.38023,0.00000,0.10307,0.02847,1.00000,1.00000,0.00000,0.00000,none
6.35000,89.97615,75.62427,2.04545,-0.00648,-0.00006,0.34529,0.88553,60.00000,60.00000,164.37573,0.00000,0.10308,0.02877,1.00000,1.00000,0.00000,0.00000,none
6.35417,89.97617,75.62877,2.04478,-0.00648,-0.00006,0.34896,0.87739,60.00000,60.00000,164.37123,0.00000,0.10308,0.02908,1.00000,1.00000,0.00000,0.00000,none
6.35833,89.97618,75.63327,2.04412,-0.00648,-0.00006,0.35260,0.86921,60.00000,60.00000,164.36673,0.00000,0.10309,0.02938,1.00000,1.00000,0.00000,0.00000,none
6.36250,89.97620,75.63776,2.04345,-0.00648,-0.00006,0.35621,0.86100,60.00000,60.00000,164.36224,0.00000,0.10310,0.02968,1.00000,1.00000,0.00000,0.00000,none
6.36667,89.97621,75.64225,2.04278,-0.00648,-0.00006,0.35978,0.85275,60.00000,60.00000,164.35775,0.00000,0.10310,0.02998,1.00000,1.00000,0.00000,0.00000,none
6.37083,89.97623,75.64673,2.04212,-0.00648,-0.00006,0.36331,0.84448,60.00000,60.00000,164.35327,0.00000,0.10311,0.03028,1.00000,1.00000,0.00000,0.00000,none
6.37500,89.97624,75.65121,2.04146,-0.00648,-0.00006,0.36681,0.83618,60.00000,60.00000,164.34879,0.00000,0.10311,0.03057,1.00000,1.00000,0.00000,0.00000,none
6.37917,89.97626,75.65568,2.04079,-0.00648,-0.00006,0.37028,0.82785,60.00000,60.00000,164.34432,0.00000,0.10312,0.03086,1.00000,1.00000,0.00000,0.00000,none
6.38333,89.97627,75.66015,2.04013,-0.00648,-0.00006,0.37371,0.81948,60.00000,60.00000,164.33985,0.00000,0.10313,0.03114,1.00000,1.00000,0.00000,0.00000,none
6.38750,89.97628,75.66462,2.03947,-0.00648,-0.00006,0.37711,0.81109,60.00000,60.00000,164.33538,0.00000,0.10313,0.03143,1.00000,1.00000,0.00000,0.00000,none
6.39167,89.97630,75.66908,2.03881,-0.00648,-0.00006,0.38047,0.80268,60.00000,60.00000,164.33092,0.00000,0.10314,0.03171,1.00000,1.00000,0.00000,0.00000,none
6.39583,89.97631,75.67354,2.03815,-0.00648,-0.00006,0.38380,0.79423,60.00000,60.00000,164.32646,0.00000,0.10315,0.03198,1.00000,1.00000,0.00000,0.00000,none
6.40000,89.97633,75.67800,2.03749,-0.00648,-0.00006,0.38709,0.78576,60.00000,60.00000,164.32200,0.00000,0.10315,0.03226,1.00000,1.00000,0.00000,0.00000,none
6.40417,89.97634,75.68245,2.03683,-0.00647,-0.00006,0.39035,0.77727,60.00000,60.00000,164.31755,0.00000,0.10316,0.03253,1.00000,1.00000,0.00000,0.00000,none
6.40833,89.97636,75.68689,2.03617,-0.00647,-0.00006,0.39357,0.76874,60.00000,60.00000,164.31311,0.00000,0.10317,0.03280,1.00000,1.00000,0.00000,0.00000,none
6.41250,89.97637,75.69133,2.03551,-0.00647,-0.00006,0.39675,0.76020,60.00000,60.00000,164.30867,0.00000,0.10317,0.03306,1.00000,1.00000,0.00000,0.00000,none
6.41667,89.97638,75.69577,2.03485,-0.00647,-0.00006,0.39990,0.75163,60.00000,60.00000,164.30423,0.00000,0.10318,0.03333,1.00000,1.00000,0.00000,0.00000,none
6.42083,89.97640,75.70021,2.03420,-0.00647,-0.00006,0.40302,0.74304,60.00000,60.00000,164.29979,0.00000,0.10318,0.03358,1.00000,1.00000,0.00000,0.00000,none
6.42500,89.97641,75.70464,2.03354,-0.00647,-0.00006,0.40609,0.73442,60.00000,60.00000,164.29536,0.00000,0.10319,0.03384,1.00000,1.00000,0.00000,0.00000,none
6.42917,89.97643,75.70906,2.03289,-0.00647,-0.00006,0.40914,0.72579,60.00000,60.00000,164.29094,0.00000,0.10320,0.03409,1.00000,1.00000,0.00000,0.00000,none
6.43333,89.97644,75.71348,2.03223,-0.00647,-0.00006,0.41214,0.71713,60.00000,60.00000,164.28652,0.00000,0.10320,0.03435,1.00000,1.00000,0.00000,0.00000,none
6.43750,89.97646,75.71790,2.03158,-0.00647,-0.00006,0.41511,0.70845,60.00000,60.00000,164.28210,0.00000,0.10321,0.03459,1.00000,1.00000,0.00000,0.00000,none
6.44167,89.97647,75.72231,2.03092,-0.00647,-0.00006,0.41805,0.69975,60.00000,60.00000,164.27769,0.00000,0.10322,0.03484,1.00000,1.00000,0.00000,0.00000,none
6.44583,89.97648,75.72672,2.03027,-0.00647,-0.00006,0.42094,0.69104,60.00000,60.00000,164.27328,0.00000,0.10322,0.03508,1.00000,1.00000,0.00000,0.00000,none
6.45000,89.97650,75.73113,2.02962,-0.00647,-0.00006,0.42380,0.68230,60.00000,60.00000,164.26887,0.00000,0.10323,0.03532,1.00000,1.00000,0.00000,0.00000,none
6.45417,89.97651,75.73553,2.02897,-0.00647,-0.00006,0.42663,0.67355,60.00000,60.00000,164.26447,0.00000,0.10323,0.03555,1.00000,1.00000,0.00000,0.00000,none
6.45833,89.97653,75.73993,2.02832,-0.00647,-0.00006,0.42942,0.66478,60.00000,60.00000,164.26007,0.00000,0.10324,0.03578,1.00000,1.00000,0.00000,0.00000,none
6.46250,89.97654,75.74432,2.02766,-0.00647,-0.00006,0.43217,0.65599,60.00000,60.00000,164.25568,0.00000,0.10325,0.03601,1.00000,1.00000,0.00000,0.00000,none
6.46667,89.97656,75.74871,2.02701,-0.00647,-0.00006,0.43488,0.64719,60.00000,60.00000,164.25129,0.00000,0.10325,0.03624,1.00000,1.00000,0.00000,0.00000,none
6.47083,89.97657,75.75310,2.02637,-0.00647,-0.00006,0.43756,0.63837,60.00000,60.00000,164.24690,0.00000,0.10326,0.03646,1.00000,1.00000,0.00000,0.00000,none
6.47500,89.97658,75.75748,2.02572,-0.00647,-0.00006,0.44020,0.62954,60.00000,60.00000,164.24252,0.00000,0.10327,0.03668,1.00000,1.00000,0.00000,0.00000,none
6.47917,89.97660,75.76186,2.02507,-0.00647,-0.00006,0.44281,0.62069,60.00000,60.00000,164.23814,0.00000,0.10327,0.03690,1.00000,1.00000,0.00000,0.00000,none
6.48333,89.97661,75.76623,2.02442,-0.00647,-0.00006,0.44538,0.61183,60.00000,60.00000,164.23377,0.00000,0.10328,0.03711,1.00000,1.00000,0.00000,0.00000,none
6.48750,89.97663,75.77060,2.02377,-0.00647,-0.00006,0.44791,0.60296,60.00000,60.00000,164.22940,0.00000,0.10328,0.03733,1.00000,1.00000,0.00000,0.00000,none
6.49167,89.97664,75.77497,2.02313,-0.00647,-0.00006,0.45040,0.59407,60.00000,60.00000,164.22503,0.00000,0.10329,0.03753,1.00000,1.00000,0.00000,0.00000,none
6.49583,89.97665,75.77933,2.02248,-0.00647,-0.00006,0.45286,0.58517,60.00000,60.00000,164.22067,0.00000,0.10330,0.03774,1.00000,1.00000,0.00000,0.00000,none
6.50000,89.97667,75.78369,2.02184,-0.00647,-0.00006,0.45528,0.57627,60.00000,60.00000,164.21631,0.00000,0.10330,0.03794,1.00000,1.00000,0.00000,0.00000,none
6.50417,89.97668,75.78805,2.02119,-0.00647,-0.00006,0.45766,0.56735,60.00000,60.00000,164.21195,0.00000,0.10331,0.03814,1.00000,1.00000,0.00000,0.00000,none
6.50833,89.97670,75.79240,2.02055,-0.00647,-0.00006,0.46000,0.55842,60.00000,60.00000,164.20760,0.00000,0.10332,0.03833,1.00000,1.00000,0.00000,0.00000,none
6.51250,89.97671,75.79674,2.01991,-0.00647,-0.00006,0.46231,0.54948,60.00000,60.00000,164.20326,0.00000,0.10332,0.03853,1.00000,1.00000,0.00000,0.00000,none
6.51667,89.97672,75.80109,2.01926,-0.00647,-0.00006,0.46458,0.54054,60.00000,60.00000,164.19891,0.00000,0.10333,0.03872,1.00000,1.00000,0.00000,0.00000,none
6.52083,89.97674,75.80543,2.01862,-0.00647,-0.00006,0.46682,0.53158,60.00000,60.00000,164.19457,0.00000,0.10333,0.03890,1.00000,1.00000,0.00000,0.00000,none
6.52500,89.97675,75.80976,2.01798,-0.00647,-0.00006,0.46901,0.52262,60.00000,60.00000,164.19024,0.00000,0.10334,0.03908,1.00000,1.00000,0.00000,0.00000,none
6.52917,89.97676,75.81409,2.01734,-0.00647,-0.00006,0.47117,0.51366,60.00000,60.00000,164.18591,0.00000,0.10335,0.03926,1.00000,1.00000,0.00000,0.00000,none
6.53333,89.97678,75.81842,2.01670,-0.00647,-0.00006,0.47329,0.50468,60.00000,60.00000,164.18158,0.00000,0.10335,0.03944,1.00000,1.00000,0.00000,0.00000,none
6.53750,89.97679,75.82274,2.01606,-0.00647,-0.00006,0.47538,0.49570,60.00000,60.00000,164.17726,0.00000,0.10336,0.03961,1.00000,1.00000,0.00000,0.00000,none
6.54167,89.97681,75.82706,2.01542,-0.00647,-0.00006,0.47742,0.48672,60.00000,60.00000,164.17294,0.00000,0.10336,0.03979,1.00000,1.00000,0.00000,0.00000,none
6.54583,89.97682,75.83138,2.01478,-0.00647,-0.00006,0.47943,0.47773,60.00000,60.00000,164.16862,0.00000,0.10337,0.03995,1.00000,1.00000,0.00000,0.00000,none
6.55000,89.97683,75.83569,2.01414,-0.00647,-0.00006,0.48141,0.46874,60.00000,60.00000,164.16431,0.00000,0.10338,0.04012,1.00000,1.00000,0.00000,0.00000,none
6.55417,89.97685,75.84000,2.01350,-0.00647,-0.00006,0.48334,0.45975,60.00000,60.00000,164.16000,0.00000,0.10338,0.04028,1.00000,1.00000,0.00000,0.00000,none
6.55833,89.97686,75.84430,2.01287,-0.00647,-0.00006,0.48524,0.45075,60.00000,60.00000,164.15570,0.00000,0.10339,0.04044,1.00000,1.00000,0.00000,0.00000,none
6.56250,89.97687,75.84861,2.01223,-0.00647,-0.00006,0.48710,0.44175,60.00000,60.00000,164.15139,0.00000,0.10340,0.04059,1.00000,1.00000,0.00000,0.00000,none
6.56667,89.97689,75.85290,2.01160,-0.00647,-0.00006,0.48892,0.43275,60.00000,60.00000,164.14710,0.00000,0.10340,0.04074,1.00000,1.00000,0.00000,0.00000,none
6.57083,89.97690,75.85720,2.01096,-0.00647,-0.00006,0.49070,0.42375,60.00000,60.00000,164.14280,0.00000,0.10341,0.04089,1.00000,1.00000,0.00000,0.00000,none
6.57500,89.97691,75.86149,2.01033,-0.00647,-0.00006,0.49245,0.41475,60.00000,60.00000,164.13851,0.00000,0.10341,0.04104,1.00000,1.00000,0.00000,0.00000,none
6.57917,89.97693,75.86577,2.00969,-0.00647,-0.00006,0.49416,0.40575,60.00000,60.00000,164.13423,0.00000,0.10342,0.04118,1.00000,1.00000,0.00000,0.00000,none
6.58333,89.97694,75.87005,2.00906,-0.00647,-0.00006,0.49583,0.39675,60.00000,60.00000,164.12995,0.00000,0.10343,0.04132,1.00000,1.00000,0.00000,0.00000,none
6.58750,89.97696,75.87433,2.00843,-0.00647,-0.00006,0.49746,0.38775,60.00000,60.00000,164.12567,0.00000,0.10343,0.04146,1.00000,1.00000,0.00000,0.00000,none
6.59167,89.97697,75.87861,2.00779,-0.00647,-0.00006,0.49906,0.37876,60.00000,60.00000,164.12139,0.00000,0.10344,0.04159,1.00000,1.00000,0.00000,0.00000,none
6.59583,89.97698,75.88288,2.00716,-0.00647,-0.00006,0.50062,0.36977,60.00000,60.00000,164.11712,0.00000,0.10345,0.04172,1.00000,1.00000,0.00000,0.00000,none
6.60000,89.97700,75.88714,2.00653,-0.00647,-0.00006,0.50214,0.36078,60.00000,60.00000,164.11286,0.00000,0.10345,0.04185,1.00000,1.00000,0.00000,0.00000,none
6.60417,89.97701,75.89141,2.00590,-0.00647,-0.00006,0.50363,0.35179,60.00000,60.00000,164.10859,0.00000,0.10346,0.04197,1.00000,1.00000,0.00000,0.00000,none
6.60833,89.97702,75.89567,2.00527,-0.00647,-0.00006,0.50507,0.34281,60.00000,60.00000,164.10433,0.00000,0.10346,0.04209,1.00000,1.00000,0.00000,0.00000,none
6.61250,89.97703,75.89992,2.00464,-0.00647,-0.00006,0.50648,0.33384,60.00000,60.00000,164.10008,0.00000,0.10347,0.04221,1.00000,1.00000,0.00000,0.00000,none
6.61667,89.97705,75.90418,2.00401,-0.00647,-0.00006,0.50786,0.32487,60.00000,60.00000,164.09582,0.00000,0.10348,0.04232,1.00000,1.00000,0.00000,0.00000,none
6.62083,89.97706,75.90842,2.00338,-0.00647,-0.00005,0.50919,0.31591,60.00000,60.00000,164.09158,0.00000,0.10348,0.04243,1.00000,1.00000,0.00000,0.00000,none
6.62500,89.97707,75.91267,2.00276,-0.00647,-0.00005,0.51049,0.30695,60.00000,60.00000,164.08733,0.00000,0.10349,0.04254,1.00000,1.00000,0.00000,0.00000,none
6.62917,89.97709,75.91691,2.00213,-0.00647,-0.00005,0.51175,0.29800,60.00000,60.00000,164.08309,0.00000,0.10350,0.04265,1.00000,1.00000,0.00000,0.00000,none
6.63333,89.97710,75.92115,2.00150,-0.00647,-0.00005,0.51297,0.28906,60.00000,60.00000,164.07885,0.00000,0.10350,0.04275,1.00000,1.00000,0.00000,0.00000,none
6.63750,89.97711,75.92538,2.00088,-0.00647,-0.00005,0.51416,0.28013,60.00000,60.00000,164.07462,0.00000,0.10351,0.04285,1.00000,1.00000,0.00000,0.00000,none
6.64167,89.97713,75.92961,2.00025,-0.00647,-0.00005,0.51531,0.27121,60.00000,60.00000,164.07039,0.00000,0.10351,0.04294,1.00000,1.00000,0.00000,0.00000,none
6.64583,89.97714,75.93384,1.99963,-0.00647,-0.00005,0.51642,0.26230,60.00000,60.00000,164.06616,0.00000,0.10352,0.04303,1.00000,1.00000,0.00000,0.00000,none
6.65000,89.97715,75.93806,1.99900,-0.00647,-0.00005,0.51749,0.25339,60.00000,60.00000,164.06194,0.00000,0.10353,0.04312,1.00000,1.00000,0.00000,0.00000,none
6.65417,89.97717,75.94228,1.99838,-0.00647,-0.00005,0.51853,0.24450,60.00000,60.00000,164.05772,0.00000,0.10353,0.04321,1.00000,1.00000,0.00000,0.00000,none
6.65833,89.97718,75.94650,1.99775,-0.00647,-0.00005,0.51953,0.23562,60.00000,60.00000,164.05350,0.00000,0.10354,0.04329,1.00000,1.00000,0.00000,0.00000,none
6.66250,89.97719,75.95071,1.99713,-0.00647,-0.00005,0.52049,0.22675,60.00000,60.00000,164.04929,0.00000,0.10355,0.04337,1.00000,1.00000,0.00000,0.00000,none
6.66667,89.97720,75.95492,1.99651,-0.00647,-0.00005,0.52142,0.21790,60.00000,60.00000,164.04508,0.00000,0.10355,0.04345,1.00000,1.00000,0.00000,0.00000,none
6.67083,89.97722,75.95912,1.99589,-0.00647,-0.00005,0.52231,0.20905,60.00000,60.00000,164.04088,0.00000,0.10356,0.04353,1.00000,1.00000,0.00000,0.00000,none
6.67500,89.97723,75.96332,1.99527,-0.00647,-0.00005,0.52316,0.20022,60.00000,60.00000,164.03668,0.00000,0.10356,0.04360,1.00000,1.00000,0.00000,0.00000,none
6.67917,89.97724,75.96752,1.99465,-0.00647,-0.00005,0.52398,0.19141,60.00000,60.00000,164.03248,0.00000,0.10357,0.04366,1.00000,1.00000,0.00000,0.00000,none
6.68333,89.97725,75.97171,1.99403,-0.00647,-0.00005,0.52476,0.18260,60.00000,60.00000,164.02829,0.00000,0.10358,0.04373,1.00000,1.00000,0.00000,0.00000,none
6.68750,89.97727,75.97591,1.99341,-0.00647,-0.00005,0.52550,0.17382,60.00000,60.00000,164.02409,0.00000,0.10358,0.04379,1.00000,1.00000,0.00000,0.00000,none
6.69167,89.97728,75.98009,1.99279,-0.00647,-0.00005,0.52621,0.16505,60.00000,60.00000,164.01991,0.00000,0.10359,0.04385,1.00000,1.00000,0.00000,0.00000,none
6.69583,89.97729,75.98428,1.99217,-0.00647,-0.00005,0.52688,0.15629,60.00000,60.00000,164.01572,0.00000,0.10360,0.04391,1.00000,1.00000,0.00000,0.00000,none
6.70000,89.97730,75.98846,1.99155,-0.00647,-0.00005,0.52751,0.14755,60.00000,60.00000,164.01154,0.00000,0.10360,0.04396,1.00000,1.00000,0.00000,0.00000,none
6.70417,89.97732,75.99263,1.99093,-0.00647,-0.00005,0.52810,0.13883,60.00000,60.00000,164.00737,0.00000,0.10361,0.04401,1.00000,1.00000,0.00000,0.00000,none
6.70833,89.97733,75.99680,1.99032,-0.00647,-0.00005,0.52867,0.13013,60.00000,60.00000,164.00320,0.00000,0.10361,0.04406,1.00000,1.00000,0.00000,0.00000,none
6.71250,89.97734,76.00097,1.98970,-0.00648,-0.00005,0.52919,0.12144,60.00000,60.00000,163.99903,0.00000,0.10362,0.04410,1.00000,1.00000,0.00000,0.00000,none
6.71667,89.97735,76.00514,1.98909,-0.00648,-0.00005,0.52968,0.11278,60.00000,60.00000,163.99486,0.00000,0.10363,0.04414,1.00000,1.00000,0.00000,0.00000,none
6.72083,89.97737,76.00930,1.98847,-0.00648,-0.00005,0.53013,0.10413,60.00000,60.00000,163.99070,0.00000,0.10363,0.04418,1.00000,1.00000,0.00000,0.00000,none
6.72500,89.97738,76.01346,1.98786,-0.00648,-0.00005,0.53055,0.09550,60.00000,60.00000,163.98654,0.00000,0.10364,0.04421,1.00000,1.00000,0.00000,0.00000,none
6.72917,89.97739,76.01761,1.98724,-0.00648,-0.00005,0.53093,0.08689,60.00000,60.00000,163.98239,0.00000,0.10364,0.04424,1.00000,1.00000,0.00000,0.00000,none
6.73333,89.97740,76.02177,1.98663,-0.00648,-0.00005,0.53127,0.07831,60.00000,60.00000,163.97823,0.00000,0.10365,0.04427,1.00000,1.00000,0.00000,0.00000,none
6.73750,89.97741,76.02591,1.98602,-0.00648,-0.00005,0.53158,0.06974,60.00000,60.00000,163.97409,0.00000,0.10366,0.04430,1.00000,1.00000,0.00000,0.00000,none
6.74167,89.97743,76.03006,1.98540,-0.00648,-0.00005,0.53185,0.06120,60.00000,60.00000,163.96994,0.00000,0.10366,0.04432,1.00000,1.00000,0.00000,0.00000,none
6.74583,89.97744,76.03420,1.98479,-0.00648,-0.00005,0.53209,0.05267,60.00000,60.00000,163.96580,0.00000,0.10367,0.04434,1.00000,1.00000,0.00000,0.00000,none
6.75000,89.97745,76.03834,1.98418,-0.00648,-0.00005,0.53229,0.04418,60.00000,60.00000,163.96166,0.00000,0.10368,0.04436,1.00000,1.00000,0.00000,0.00000,none
6.75417,89.97746,76.04247,1.98357,-0.00648,-0.00005,0.53246,0.03570,60.00000,60.00000,163.95753,0.00000,0.10368,0.04437,1.00000,1.00000,0.00000,0.00000,none
6.75833,89.97747,76.04660,1.98296,-0.00648,-0.00005,0.53259,0.02725,60.00000,60.00000,163.95340,0.00000,0.10369,0.04438,1.00000,1.00000,0.00000,0.00000,none
6.76250,89.97749,76.05073,1.98235,-0.00648,-0.00005,0.53268,0.01882,60.00000,60.00000,163.94927,0.00000,0.10369,0.04439,1.00000,1.00000,0.00000,0.00000,none
6.76667,89.97750,76.05485,1.98174,-0.00648,-0.00005,0.53274,0.01041,60.00000,60.00000,163.94515,0.00000,0.10370,0.04440,1.00000,1.00000,0.00000,0.00000,none
6.77083,89.97751,76.05897,1.98113,-0.00648,-0.00005,0.53277,0.00203,60.00000,60.00000,163.94103,0.00000,0.10371,0.04440,1.00000,1.00000,0.00000,0.00000,none
6.77500,89.97752,76.06309,1.98052,-0.00648,-0.00005,0.53276,-0.00632,60.00000,60.00000,163.93691,0.00000,0.10371,0.04440,1.00000,1.00000,0.00000,0.00000,none
6.77917,89.97753,76.06720,1.97992,-0.00648,-0.00005,0.53272,-0.01465,60.00000,60.00000,163.93280,0.00000,0.10372,0.04439,1.00000,1.00000,0.00000,0.00000,none
6.78333,89.97755,76.07131,1.97931,-0.00648,-0.00005,0.53264,-0.02295,60.00000,60.00000,163.92869,0.00000,0.10373,0.04439,1.00000,1.00000,0.00000,0.00000,none
6.78750,89.97756,76.07542,1.97870,-0.00648,-0.00005,0.53253,-0.03123,60.00000,60.00000,163.92458,0.00000,0.10373,0.04438,1.00000,1.00000,0.00000,0.00000,none
6.79167,89.97757,76.07952,1.97810,-0.00648,-0.00005,0.53238,-0.03947,60.00000,60.00000,163.92048,0.00000,0.10374,0.04436,1.00000,1.00000,0.00000,0.00000,none
6.79583,89.97758,76.08362,1.97749,-0.00648,-0.00005,0.53220,-0.04769,60.00000,60.00000,163.91638,0.00000,0.10374,0.04435,1.00000,1.00000,0.00000,0.00000,none
6.80000,89.97759,76.08772,1.97689,-0.00648,-0.00005,0.53198,-0.05589,60.00000,60.00000,163.91228,0.00000,0.10375,0.04433,1.00000,1.00000,0.00000,0.00000,none
6.80417,89.97760,76.09181,1.97628,-0.00648,-0.00005,0.53173,-0.06405,60.00000,60.00000,163.90819,0.00000,0.10376,0.04431,1.00000,1.00000,0.00000,0.00000,none
6.80833,89.97761,76.09590,1.97568,-0.00648,-0.00005,0.53145,-0.07218,60.00000,60.00000,163.90410,0.00000,0.10376,0.04429,1.00000,1.00000,0.00000,0.00000,none
6.81250,89.97763,76.09998,1.97507,-0.00648,-0.00005,0.53113,-0.08029,60.00000,60.00000,163.90002,0.00000,0.10377,0.04426,1.00000,1.00000,0.00000,0.00000,none
6.81667,89.97764,76.10407,1.97447,-0.00648,-0.00005,0.53078,-0.08836,60.00000,60.00000,163.89593,0.00000,0.10378,0.04423,1.00000,1.00000,0.00000,0.00000,none
6.82083,89.97765,76.10815,1.97387,-0.00648,-0.00005,0.53039,-0.09641,60.00000,60.00000,163.89185,0.00000,0.10378,0.04420,1.00000,1.00000,0.00000,0.00000,none
6.82500,89.97766,76.11222,1.97327,-0.00648,-0.00005,0.52998,-0.10442,60.00000,60.00000,163.88778,0.00000,0.10379,0.04416,1.00000,1.00000,0.00000,0.00000,none
6.82917,89.97767,76.11629,1.97267,-0.00648,-0.00005,0.52952,-0.11240,60.00000,60.00000,163.88371,0.00000,0.10379,0.04413,1.00000,1.00000,0.00000,0.00000,none
6.83333,89.97768,76.12036,1.97206,-0.00648,-0.00005,0.52904,-0.12035,60.00000,60.00000,163.87964,0.00000,0.10380,0.04409,1.00000,1.00000,0.00000,0.00000,none
6.83750,89.97769,76.12443,1.97146,-0.00649,-0.00005,0.52852,-0.12827,60.00000,60.00000,163.87557,0.00000,0.10381,0.04404,1.00000,1.00000,0.00000,0.00000,none
6.84167,89.97770,76.12849,1.97086,-0.00649,-0.00005,0.52797,-0.13616,60.00000,60.00000,163.87151,0.00000,0.10381,0.04400,1.00000,1.00000,0.00000,0.00000,none
6.84583,89.97771,76.13255,1.97026,-0.00649,-0.00005,0.52739,-0.14401,60.00000,60.00000,163.86745,0.00000,0.10382,0.04395,1.00000,1.00000,0.00000,0.00000,none
6.85000,89.97773,76.13660,1.96967,-0.00649,-0.00005,0.52677,-0.15183,60.00000,60.00000,163.86340,0.00000,0.10382,0.04390,1.00000,1.00000,0.00000,0.00000,none
6.85417,89.97774,76.14066,1.96907,-0.00649,-0.00005,0.52612,-0.15962,60.00000,60.00000,163.85934,0.00000,0.10383,0.04384,1.00000,1.00000,0.00000,0.00000,none
6.85833,89.97775,76.14471,1.96847,-0.00649,-0.00005,0.52544,-0.16737,60.00000,60.00000,163.85529,0.00000,0.10384,0.04379,1.00000,1.00000,0.00000,0.00000,none
6.86250,89.97776,76.14875,1.96787,-0.00649,-0.00005,0.52473,-0.17509,60.00000,60.00000,163.85125,0.00000,0.10384,0.04373,1.00000,1.00000,0.00000,0.00000,none
6.86667,89.97777,76.15279,1.96728,-0.00649,-0.00004,0.52398,-0.18277,60.00000,60.00000,163.84721,0.00000,0.10385,0.04367,1.00000,1.00000,0.00000,0.00000,none
6.87083,89.97778,76.15683,1.96668,-0.00649,-0.00004,0.52320,-0.19042,60.00000,60.00000,163.84317,0.00000,0.10386,0.04360,1.00000,1.00000,0.00000,0.00000,none
6.87500,89.97779,76.16087,1.96608,-0.00649,-0.00004,0.52239,-0.19803,60.00000,60.00000,163.83913,0.00000,0.10386,0.04353,1.00000,1.00000,0.00000,0.00000,none
6.87917,89.97780,76.16490,1.96549,-0.00649,-0.00004,0.52155,-0.20561,60.00000,60.00000,163.83510,0.00000,0.10387,0.04346,1.00000,1.00000,0.00000,0.00000,none
6.88333,89.97781,76.16893,1.96489,-0.00649,-0.00004,0.52068,-0.21315,60.00000,60.00000,163.83107,0.00000,0.10387,0.04339,1.00000,1.00000,0.00000,0.00000,none
6.88750,89.97782,76.17296,1.96430,-0.00649,-0.00004,0.51978,-0.22065,60.00000,60.00000,163.82704,0.00000,0.10388,0.04331,1.00000,1.00000,0.00000,0.00000,none
6.89167,89.97783,76.17698,1.96370,-0.00649,-0.00004,0.51884,-0.22812,60.00000,60.00000,163.82302,0.00000,0.10389,0.04324,1.00000,1.00000,0.00000,0.00000,none
6.89583,89.97784,76.18100,1.96311,-0.00649,-0.00004,0.51788,-0.23554,60.00000,60.00000,163.81900,0.00000,0.10389,0.04316,1.00000,1.00000,0.00000,0.00000,none
6.90000,89.97785,76.18501,1.96252,-0.00649,-0.00004,0.51688,-0.24293,60.00000,60.00000,163.81499,0.00000,0.10390,0.04307,1.00000,1.00000,0.00000,0.00000,none
6.90417,89.97786,76.18903,1.96193,-0.00649,-0.00004,0.51585,-0.25029,60.00000,60.00000,163.81097,0.00000,0.10391,0.04299,1.00000,1.00000,0.00000,0.00000,none
6.90833,89.97787,76.19304,1.96133,-0.00649,-0.00004,0.51479,-0.25760,60.00000,60.00000,163.80696,0.00000,0.10391,0.04290,1.00000,1.00000,0.00000,0.00000,none
6.91250,89.97788,76.19704,1.96074,-0.00649,-0.00004,0.51370,-0.26487,60.00000,60.00000,163.80296,0.00000,0.10392,0.04281,1.00000,1.00000,0.00000,0.00000,none
6.91667,89.97789,76.20104,1.96015,-0.00649,-0.00004,0.51259,-0.27211,60.00000,60.00000,163.79896,0.00000,0.10392,0.04272,1.00000,1.00000,0.00000,0.00000,none
6.92083,89.97790,76.20504,1.95956,-0.00649,-0.00004,0.51144,-0.27930,60.00000,60.00000,163.79496,0.00000,0.10393,0.04262,1.00000,1.00000,0.00000,0.00000,none
6.92500,89.97791,76.20904,1.95897,-0.00650,-0.00004,0.51026,-0.28646,60.00000,60.00000,163.79096,0.00000,0.10394,0.04252,1.00000,1.00000,0.00000,0.00000,none
6.92917,89.97792,76.21303,1.95838,-0.00650,-0.00004,0.50905,-0.29357,60.00000,60.00000,163.78697,0.00000,0.10394,0.04242,1.00000,1.00000,0.00000,0.00000,none
6.93333,89.97793,76.21702,1.95779,-0.00650,-0.00004,0.50781,-0.30065,60.00000,60.00000,163.78298,0.00000,0.10395,0.04232,1.00000,1.00000,0.00000,0.00000,none
6.93750,89.97794,76.22101,1.95720,-0.00650,-0.00004,0.50654,-0.30768,60.00000,60.00000,163.77899,0.00000,0.10395,0.04221,1.00000,1.00000,0.00000,0.00000,none
6.94167,89.97795,76.22499,1.95662,-0.00650,-0.00004,0.50525,-0.31467,60.00000,60.00000,163.77501,0.00000,0.10396,0.04210,1.00000,1.00000,0.00000,0.00000,none
6.94583,89.97796,76.22897,1.95603,-0.00650,-0.00004,0.50392,-0.32162,60.00000,60.00000,163.77103,0.00000,0.10397,0.04199,1.00000,1.00000,0.00000,0.00000,none
6.95000,89.97797,76.23295,1.95544,-0.00650,-0.00004,0.50257,-0.32853,60.00000,60.00000,163.76705,0.00000,0.10397,0.04188,1.00000,1.00000,0.00000,0.00000,none
6.95417,89.97798,76.23693,1.95486,-0.00650,-0.00004,0.50118,-0.33539,60.00000,60.00000,163.76307,0.00000,0.10398,0.04177,1.00000,1.00000,0.00000,0.00000,none
6.95833,89.97799,76.24090,1.95427,-0.00650,-0.00004,0.49977,-0.34222,60.00000,60.00000,163.75910,0.00000,0.10399,0.04165,1.00000,1.00000,0.00000,0.00000,none
6.96250,89.97800,76.24486,1.95368,-0.00650,-0.00004,0.49833,-0.34900,60.00000,60.00000,163.75514,0.00000,0.10399,0.04153,1.00000,1.00000,0.00000,0.00000,none
6.96667,89.97801,76.24883,1.95310,-0.00650,-0.00004,0.49686,-0.35573,60.00000,60.00000,163.75117,0.00000,0.10400,0.04141,1.00000,1.00000,0.00000,0.00000,none
6.97083,89.97802,76.25279,1.95252,-0.00650,-0.00004,0.49537,-0.36242,60.00000,60.00000,163.74721,0.00000,0.10400,0.04128,1.00000,1.00000,0.00000,0.00000,none
6.97500,89.97803,76.25675,1.95193,-0.00650,-0.00004,0.49384,-0.36907,60.00000,60.00000,163.74325,0.00000,0.10401,0.04115,1.00000,1.00000,0.00000,0.00000,none
6.97917,89.97804,76.26070,1.95135,-0.00650,-0.00004,0.49229,-0.37568,60.00000,60.00000,163.73930,0.00000,0.10402,0.04102,1.00000,1.00000,0.00000,0.00000,none
6.98333,89.97805,76.26465,1.95076,-0.00650,-0.00004,0.49071,-0.38224,60.00000,60.00000,163.73535,0.00000,0.10402,0.04089,1.00000,1.00000,0.00000,0.00000,none
6.98750,89.97806,76.26860,1.95018,-0.00650,-0.00004,0.48911,-0.38875,60.00000,60.00000,163.73140,0.00000,0.10403,0.04076,1.00000,1.00000,0.00000,0.00000,none
6.99167,89.97807,76.27255,1.94960,-0.00650,-0.00004,0.48747,-0.39522,60.00000,60.00000,163.72745,0.00000,0.10403,0.04062,1.00000,1.00000,0.00000,0.00000,none
6.99583,89.97808,76.27649,1.94902,-0.00651,-0.00004,0.48581,-0.40165,60.00000,60.00000,163.72351,0.00000,0.10404,0.04048,1.00000,1.00000,0.00000,0.00000,none
7.00000,89.97809,76.28043,1.94844,-0.00651,-0.00004,0.48413,-0.40803,60.00000,60.00000,163.71957,0.00000,0.10405,0.04034,1.00000,1.00000,0.00000,0.00000,none
7.00417,89.97809,76.28437,1.94786,-0.00651,-0.00004,0.48241,-0.41436,60.00000,60.00000,163.71563,0.00000,0.10405,0.04020,1.00000,1.00000,0.00000,0.00000,none
7.00833,89.97810,76.28830,1.94728,-0.00651,-0.00004,0.48067,-0.42065,60.00000,60.00000,163.71170,0.00000,0.10406,0.04006,1.00000,1.00000,0.00000,0.00000,none
7.01250,89.97811,76.29223,1.94670,-0.00651,-0.00004,0.47891,-0.42689,60.00000,60.00000,163.70777,0.00000,0.10407,0.03991,1.00000,1.00000,0.00000,0.00000,none
7.01667,89.97812,76.29616,1.94612,-0.00651,-0.00004,0.47712,-0.43308,60.00000,60.00000,163.70384,0.00000,0.10407,0.03976,1.00000,1.00000,0.00000,0.00000,none
7.02083,89.97813,76.30008,1.94554,-0.00651,-0.00004,0.47530,-0.43923,60.00000,60.00000,163.69992,0.00000,0.10408,0.03961,1.00000,1.00000,0.00000,0.00000,none
7.02500,89.97814,76.30400,1.94496,-0.00651,-0.00004,0.47346,-0.44533,60.00000,60.00000,163.69600,0.00000,0.10408,0.03945,1.00000,1.00000,0.00000,0.00000,none
7.02917,89.97815,76.30792,1.94438,-0.00651,-0.00004,0.47159,-0.45138,60.00000,60.00000,163.69208,0.00000,0.10409,0.03930,1.00000,1.00000,0.00000,0.00000,none
7.03333,89.97816,76.31183,1.94380,-0.00651,-0.00004,0.46970,-0.45738,60.00000,60.00000,163.68817,0.00000,0.10410,0.03914,1.00000,1.00000,0.00000,0.00000,none
7.03750,89.97816,76.31574,1.94323,-0.00651,-0.00004,0.46778,-0.46334,60.00000,60.00000,163.68426,0.00000,0.10410,0.03898,1.00000,1.00000,0.00000,0.00000,none
7.04167,89.97817,76.31965,1.94265,-0.00651,-0.00004,0.46583,-0.46924,60.00000,60.00000,163.68035,0.00000,0.10411,0.03882,1.00000,1.00000,0.00000,0.00000,none
7.04583,89.97818,76.32355,1.94207,-0.00651,-0.00004,0.46387,-0.47510,60.00000,60.00000,163.67645,0.00000,0.10411,0.03866,1.00000,1.00000,0.00000,0.00000,none
7.05000,89.97819,76.32746,1.94150,-0.00651,-0.00004,0.46188,-0.48091,60.00000,60.00000,163.67254,0.00000,0.10412,0.03849,1.00000,1.00000,0.00000,0.00000,none
7.05417,89.97820,76.33136,1.94092,-0.00651,-0.00004,0.45986,-0.48667,60.00000,60.00000,163.66864,0.00000,0.10413,0.03832,1.00000,1.00000,0.00000,0.00000,none
7.05833,89.97821,76.33525,1.94035,-0.00652,-0.00003,0.45782,-0.49239,60.00000,60.00000,163.66475,0.00000,0.10413,0.03815,1.00000,1.00000,0.00000,0.00000,none
7.06250,89.97822,76.33914,1.93977,-0.00652,-0.00003,0.45576,-0.49805,60.00000,60.00000,163.66086,0.00000,0.10414,0.03798,1.00000,1.00000,0.00000,0.00000,none
7.06667,89.97822,76.34303,1.93920,-0.00652,-0.00003,0.45367,-0.50366,60.00000,60.00000,163.65697,0.00000,0.10415,0.03781,1.00000,1.00000,0.00000,0.00000,none
7.07083,89.97823,76.34692,1.93863,-0.00652,-0.00003,0.45156,-0.50922,60.00000,60.00000,163.65308,0.00000,0.10415,0.03763,1.00000,1.00000,0.00000,0.00000,none
7.07500,89.97824,76.35080,1.93805,-0.00652,-0.00003,0.44943,-0.51474,60.00000,60.00000,163.64920,0.00000,0.10416,0.03745,1.00000,1.00000,0.00000,0.00000,none
7.07917,89.97825,76.35468,1.93748,-0.00652,-0.00003,0.44727,-0.52020,60.00000,60.00000,163.64532,0.00000,0.10416,0.03727,1.00000,1.00000,0.00000,0.00000,none
7.08333,89.97826,76.35856,1.93691,-0.00652,-0.00003,0.44509,-0.52561,60.00000,60.00000,163.64144,0.00000,0.10417,0.03709,1.00000,1.00000,0.00000,0.00000,none
7.08750,89.97826,76.36244,1.93634,-0.00652,-0.00003,0.44289,-0.53097,60.00000,60.00000,163.63756,0.00000,0.10418,0.03691,1.00000,1.00000,0.00000,0.00000,none
7.09167,89.97827,76.36631,1.93577,-0.00652,-0.00003,0.44067,-0.53628,60.00000,60.00000,163.63369,0.00000,0.10418,0.03672,1.00000,1.00000,0.00000,0.00000,none
7.09583,89.97828,76.37018,1.93520,-0.00652,-0.00003,0.43842,-0.54154,60.00000,60.00000,163.62982,0.00000,0.10419,0.03654,1.00000,1.00000,0.00000,0.00000,none
7.10000,89.97829,76.37404,1.93463,-0.00652,-0.00003,0.43615,-0.54675,60.00000,60.00000,163.62596,0.00000,0.10419,0.03635,1.00000,1.00000,0.00000,0.00000,none
7.10417,89.97830,76.37790,1.93406,-0.00652,-0.00003,0.43386,-0.55190,60.00000,60.00000,163.62210,0.00000,0.10420,0.03616,1.00000,1.00000,0.00000,0.00000,none
7.10833,89.97830,76.38176,1.93349,-0.00652,-0.00003,0.43155,-0.55701,60.00000,60.00000,163.61824,0.00000,0.10421,0.03596,1.00000,1.00000,0.00000,0.00000,none
7.11250,89.97831,76.38562,1.93292,-0.00653,-0.00003,0.42922,-0.56206,60.00000,60.00000,163.61438,0.00000,0.10421,0.03577,1.00000,1.00000,0.00000,0.00000,none
7.11667,89.97832,76.38947,1.93235,-0.00653,-0.00003,0.42687,-0.56706,60.00000,60.00000,163.61053,0.00000,0.10422,0.03557,1.00000,1.00000,0.00000,0.00000,none
7.12083,89.97833,76.39332,1.93178,-0.00653,-0.00003,0.42450,-0.57201,60.00000,60.00000,163.60668,0.00000,0.10423,0.03537,1.00000,1.00000,0.00000,0.00000,none
7.12500,89.97833,76.39717,1.93122,-0.00653,-0.00003,0.42210,-0.57690,60.00000,60.00000,163.60283,0.00000,0.10423,0.03518,1.00000,1.00000,0.00000,0.00000,none
7.12917,89.97834,76.40102,1.93065,-0.00653,-0.00003,0.41969,-0.58175,60.00000,60.00000,163.59898,0.00000,0.10424,0.03497,1.00000,1.00000,0.00000,0.00000,none
7.13333,89.97835,76.40486,1.93008,-0.00653,-0.00003,0.41726,-0.58654,60.00000,60.00000,163.59514,0.00000,0.10424,0.03477,1.00000,1.00000,0.00000,0.00000,none
7.13750,89.97836,76.40870,1.92952,-0.00653,-0.00003,0.41480,-0.59127,60.00000,60.00000,163.59130,0.00000,0.10425,0.03457,1.00000,1.00000,0.00000,0.00000,none
7.14167,89.97836,76.41253,1.92895,-0.00653,-0.00003,0.41233,-0.59596,60.00000,60.00000,163.58747,0.00000,0.10426,0.03436,1.00000,1.00000,0.00000,0.00000,none
7.14583,89.97837,76.41636,1.92839,-0.00653,-0.00003,0.40984,-0.60059,60.00000,60.00000,163.58364,0.00000,0.10426,0.03415,1.00000,1.00000,0.00000,0.00000,none
7.15000,89.97838,76.42019,1.92782,-0.00653,-0.00003,0.40732,-0.60517,60.00000,60.00000,163.57981,0.00000,0.10427,0.03394,1.00000,1.00000,0.00000,0.00000,none
7.15417,89.97838,76.42402,1.92726,-0.00653,-0.00003,0.40479,-0.60969,60.00000,60.00000,163.57598,0.00000,0.10427,0.03373,1.00000,1.00000,0.00000,0.00000,none
7.15833,89.97839,76.42785,1.92669,-0.00653,-0.00003,0.40224,-0.61416,60.00000,60.00000,163.57215,0.00000,0.10428,0.03352,1.00000,1.00000,0.00000,0.00000,none
7.16250,89.97840,76.43167,1.92613,-0.00654,-0.00003,0.39968,-0.61858,60.00000,60.00000,163.56833,0.00000,0.10429,0.03331,1.00000,1.00000,0.00000,0.00000,none
7.16667,89.97841,76.43548,1.92557,-0.00654,-0.00003,0.39709,-0.62294,60.00000,60.00000,163.56452,0.00000,0.10429,0.03309,1.00000,1.00000,0.00000,0.00000,none
7.17083,89.97841,76.43930,1.92501,-0.00654,-0.00003,0.39448,-0.62725,60.00000,60.00000,163.56070,0.00000,0.10430,0.03287,1.00000,1.00000,0.00000,0.00000,none
7.17500,89.97842,76.44311,1.92444,-0.00654,-0.00003,0.39186,-0.63150,60.00000,60.00000,163.55689,0.00000,0.10431,0.03266,1.00000,1.00000,0.00000,0.00000,none
7.17917,89.97843,76.44692,1.92388,-0.00654,-0.00003,0.38922,-0.63570,60.00000,60.00000,163.55308,0.00000,0.10431,0.03244,1.00000,1.00000,0.00000,0.00000,none
7.18333,89.97843,76.45073,1.92332,-0.00654,-0.00003,0.38656,-0.63985,60.00000,60.00000,163.54927,0.00000,0.10432,0.03221,1.00000,1.00000,0.00000,0.00000,none
7.18750,89.97844,76.45453,1.92276,-0.00654,-0.00003,0.38389,-0.64394,60.00000,60.00000,163.54547,0.00000,0.10432,0.03199,1.00000,1.00000,0.00000,0.00000,none
7.19167,89.97845,76.45833,1.92220,-0.00654,-0.00003,0.38120,-0.64798,60.00000,60.00000,163.54167,0.00000,0.10433,0.03177,1.00000,1.00000,0.00000,0.00000,none
7.19583,89.97845,76.46213,1.92164,-0.00654,-0.00003,0.37849,-0.65196,60.00000,60.00000,163.53787,0.00000,0.10434,0.03154,1.00000,1.00000,0.00000,0.00000,none
7.20000,89.97846,76.46592,1.92108,-0.00654,-0.00003,0.37577,-0.65588,60.00000,60.00000,163.53408,0.00000,0.10434,0.03131,1.00000,1.00000,0.00000,0.00000,none
7.20417,89.97847,76.46971,1.92052,-0.00654,-0.00003,0.37302,-0.65976,60.00000,60.00000,163.53029,0.00000,0.10435,0.03109,1.00000,1.00000,0.00000,0.00000,none
7.20833,89.97847,76.47350,1.91996,-0.00654,-0.00003,0.37027,-0.66357,60.00000,60.00000,163.52650,0.00000,0.10435,0.03086,1.00000,1.00000,0.00000,0.00000,none
7.21250,89.97848,76.47729,1.91940,-0.00655,-0.00003,0.36749,-0.66733,60.00000,60.00000,163.52271,0.00000,0.10436,0.03062,1.00000,1.00000,0.00000,0.00000,none
7.21667,89.97849,76.48107,1.91885,-0.00655,-0.00003,0.36471,-0.67104,60.00000,60.00000,163.51893,0.00000,0.10437,0.03039,1.00000,1.00000,0.00000,0.00000,none
7.22083,89.97849,76.48485,1.91829,-0.00655,-0.00003,0.36190,-0.67469,60.00000,60.00000,163.51515,0.00000,0.10437,0.03016,1.00000,1.00000,0.00000,0.00000,none
7.22500,89.97850,76.48863,1.91773,-0.00655,-0.00003,0.35908,-0.67829,60.00000,60.00000,163.51137,0.00000,0.10438,0.02992,1.00000,1.00000,0.00000,0.00000,none
7.22917,89.97850,76.49241,1.91718,-0.00655,-0.00003,0.35625,-0.68183,60.00000,60.00000,163.50759,0.00000,0.10438,0.02969,1.00000,1.00000,0.00000,0.00000,none
7.23333,89.97851,76.49618,1.91662,-0.00655,-0.00003,0.35340,-0.68531,60.00000,60.00000,163.50382,0.00000,0.10439,0.02945,1.00000,1.00000,0.00000,0.00000,none
7.23750,89.97852,76.49995,1.91607,-0.00655,-0.00003,0.35054,-0.68874,60.00000,60.00000,163.50005,0.00000,0.10440,0.02921,1.00000,1.00000,0.00000,0.00000,none
7.24167,89.97852,76.50371,1.91551,-0.00655,-0.00002,0.34766,-0.69211,60.00000,60.00000,163.49629,0.00000,0.10440,0.02897,1.00000,1.00000,0.00000,0.00000,none
7.24583,89.97853,76.50748,1.91496,-0.00655,-0.00002,0.34477,-0.69543,60.00000,60.00000,163.49252,0.00000,0.10441,0.02873,1.00000,1.00000,0.00000,0.00000,none
7.25000,89.97853,76.51124,1.91440,-0.00655,-0.00002,0.34187,-0.69869,60.00000,60.00000,163.48876,0.00000,0.10442,0.02849,1.00000,1.00000,0.00000,0.00000,none
7.25417,89.97854,76.51499,1.91385,-0.00655,-0.00002,0.33895,-0.70190,60.00000,60.00000,163.48501,0.00000,0.10442,0.02825,1.00000,1.00000,0.00000,0.00000,none
7.25833,89.97855,76.51875,1.91329,-0.00656,-0.00002,0.33602,-0.70505,60.00000,60.00000,163.48125,0.00000,0.10443,0.02800,1.00000,1.00000,0.00000,0.00000,none
7.26250,89.97855,76.52250,1.91274,-0.00656,-0.00002,0.33307,-0.70814,60.00000,60.00000,163.47750,0.00000,0.10443,0.02776,1.00000,1.00000,0.00000,0.00000,none
7.26667,89.97856,76.52625,1.91219,-0.00656,-0.00002,0.33012,-0.71118,60.00000,60.00000,163.47375,0.00000,0.10444,0.02751,1.00000,1.00000,0.00000,0.00000,none
7.27083,89.97856,76.52999,1.91164,-0.00656,-0.00002,0.32715,-0.71416,60.00000,60.00000,163.47001,0.00000,0.10445,0.02726,1.00000,1.00000,0.00000,0.00000,none
7.27500,89.97857,76.53374,1.91109,-0.00656,-0.00002,0.32417,-0.71709,60.00000,60.00000,163.46626,0.00000,0.10445,0.02701,1.00000,1.00000,0.00000,0.00000,none
7.27917,89.97857,76.53748,1.91053,-0.00656,-0.00002,0.32117,-0.71996,60.00000,60.00000,163.46252,0.00000,0.10446,0.02676,1.00000,1.00000,0.00000,0.00000,none
7.28333,89.97858,76.54122,1.90998,-0.00656,-0.00002,0.31817,-0.72277,60.00000,60.00000,163.45878,0.00000,0.10446,0.02651,1.00000,1.00000,0.00000,0.00000,none
7.28750,89.97858,76.54495,1.90943,-0.00656,-0.00002,0.31515,-0.72553,60.00000,60.00000,163.45505,0.00000,0.10447,0.02626,1.00000,1.00000,0.00000,0.00000,none
7.29167,89.97859,76.54868,1.90888,-0.00656,-0.00002,0.31212,-0.72823,60.00000,60.00000,163.45132,0.00000,0.10448,0.02601,1.00000,1.00000,0.00000,0.00000,none
7.29583,89.97859,76.55241,1.90833,-0.00656,-0.00002,0.30908,-0.73087,60.00000,60.00000,163.44759,0.00000,0.10448,0.02576,1.00000,1.00000,0.00000,0.00000,none
7.30000,89.97860,76.55614,1.90778,-0.00657,-0.00002,0.30603,-0.73346,60.00000,60.00000,163.44386,0.00000,0.10449,0.02550,1.00000,1.00000,0.00000,0.00000,none
7.30417,89.97861,76.55986,1.90724,-0.00657,-0.00002,0.30297,-0.73599,60.00000,60.00000,163.44014,0.00000,0.10450,0.02525,1.00000,1.00000,0.00000,0.00000,none
7.30833,89.97861,76.56359,1.90669,-0.00657,-0.00002,0.29990,-0.73847,60.00000,60.00000,163.43641,0.00000,0.10450,0.02499,1.00000,1.00000,0.00000,0.00000,none
7.31250,89.97862,76.56730,1.90614,-0.00657,-0.00002,0.29682,-0.74089,60.00000,60.00000,163.43270,0.00000,0.10451,0.02473,1.00000,1.00000,0.00000,0.00000,none
7.31667,89.97862,76.57102,1.90559,-0.00657,-0.00002,0.29372,-0.74325,60.00000,60.00000,163.42898,0.00000,0.10451,0.02448,1.00000,1.00000,0.00000,0.00000,none
7.32083,89.97863,76.57473,1.90504,-0.00657,-0.00002,0.29062,-0.74556,60.00000,60.00000,163.42527,0.00000,0.10452,0.02422,1.00000,1.00000,0.00000,0.00000,none
7.32500,89.97863,76.57844,1.90450,-0.00657,-0.00002,0.28751,-0.74781,60.00000,60.00000,163.42156,0.00000,0.10453,0.02396,1.00000,1.00000,0.00000,0.00000,none
7.32917,89.97864,76.58215,1.90395,-0.00657,-0.00002,0.28439,-0.75000,60.00000,60.00000,163.41785,0.00000,0.10453,0.02370,1.00000,1.00000,0.00000,0.00000,none
7.33333,89.97864,76.58585,1.90341,-0.00657,-0.00002,0.28126,-0.75214,60.00000,60.00000,163.41415,0.00000,0.10454,0.02344,1.00000,1.00000,0.00000,0.00000,none
7.33750,89.97865,76.58956,1.90286,-0.00657,-0.00002,0.27812,-0.75422,60.00000,60.00000,163.41044,0.00000,0.10454,0.02318,1.00000,1.00000,0.00000,0.00000,none
7.34167,89.97865,76.59326,1.90232,-0.00658,-0.00002,0.27498,-0.75625,60.00000,60.00000,163.40674,0.00000,0.10455,0.02291,1.00000,1.00000,0.00000,0.00000,none
7.34583,89.97865,76.59695,1.90177,-0.00658,-0.00002,0.27182,-0.75822,60.00000,60.00000,163.40305,0.00000,0.10456,0.02265,1.00000,1.00000,0.00000,0.00000,none
7.35000,89.97866,76.60065,1.90123,-0.00658,-0.00002,0.26866,-0.76013,60.00000,60.00000,163.39935,0.00000,0.10456,0.02239,1.00000,1.00000,0.00000,0.00000,none
7.35417,89.97866,76.60434,1.90068,-0.00658,-0.00002,0.26549,-0.76199,60.00000,60.00000,163.39566,0.00000,0.10457,0.02212,1.00000,1.00000,0.00000,0.00000,none
7.35833,89.97867,76.60802,1.90014,-0.00658,-0.00002,0.26231,-0.76379,60.00000,60.00000,163.39198,0.00000,0.10457,0.02186,1.00000,1.00000,0.00000,0.00000,none
7.36250,89.97867,76.61171,1.89960,-0.00658,-0.00002,0.25912,-0.76553,60.00000,60.00000,163.38829,0.00000,0.10458,0.02159,1.00000,1.00000,0.00000,0.00000,none
7.36667,89.97868,76.61539,1.89905,-0.00658,-0.00002,0.25593,-0.76722,60.00000,60.00000,163.38461,0.00000,0.10459,0.02133,1.00000,1.00000,0.00000,0.00000,none
7.37083,89.97868,76.61907,1.89851,-0.00658,-0.00002,0.25273,-0.76886,60.00000,60.00000,163.38093,0.00000,0.10459,0.02106,1.00000,1.00000,0.00000,0.00000,none
7.37500,89.97869,76.62275,1.89797,-0.00658,-0.00002,0.24952,-0.77043,60.00000,60.00000,163.37725,0.00000,0.10460,0.02079,1.00000,1.00000,0.00000,0.00000,none
7.37917,89.97869,76.62643,1.89743,-0.00658,-0.00002,0.24631,-0.77195,60.00000,60.00000,163.37357,0.00000,0.10460,0.02053,1.00000,1.00000,0.00000,0.00000,none
7.38333,89.97869,76.63010,1.89689,-0.00659,-0.00002,0.24309,-0.77342,60.00000,60.00000,163.36990,0.00000,0.10461,0.02026,1.00000,1.00000,0.00000,0.00000,none
7.38750,89.97870,76.63377,1.89635,-0.00659,-0.00002,0.23986,-0.77483,60.00000,60.00000,163.36623,0.00000,0.10462,0.01999,1.00000,1.00000,0.00000,0.00000,none
7.39167,89.97870,76.63743,1.89581,-0.00659,-0.00002,0.23663,-0.77618,60.00000,60.00000,163.36257,0.00000,0.10462,0.01972,1.00000,1.00000,0.00000,0.00000,none
7.39583,89.97871,76.64110,1.89527,-0.00659,-0.00002,0.23339,-0.77748,60.00000,60.00000,163.35890,0.00000,0.10463,0.01945,1.00000,1.00000,0.00000,0.00000,none
7.40000,89.97871,76.64476,1.89473,-0.00659,-0.00002,0.23015,-0.77873,60.00000,60.00000,163.35524,0.00000,0.10464,0.01918,1.00000,1.00000,0.00000,0.00000,none
7.40417,89.97871,76.64842,1.89419,-0.00659,-0.00002,0.22690,-0.77991,60.00000,60.00000,163.35158,0.00000,0.10464,0.01891,1.00000,1.00000,0.00000,0.00000,none
7.40833,89.97872,76.65207,1.89365,-0.00659,-0.00002,0.22365,-0.78105,60.00000,60.00000,163.34793,0.00000,0.10465,0.01864,1.00000,1.00000,0.00000,0.00000,none
7.41250,89.97872,76.65573,1.89311,-0.00659,-0.00002,0.22040,-0.78212,60.00000,60.00000,163.34427,0.00000,0.10465,0.01837,1.00000,1.00000,0.00000,0.00000,none
7.41667,89.97873,76.65938,1.89258,-0.00659,-0.00002,0.21714,-0.78314,60.00000,60.00000,163.34062,0.00000,0.10466,0.01809,1.00000,1.00000,0.00000,0.00000,none
7.42083,89.97873,76.66302,1.89204,-0.00660,-0.00002,0.21387,-0.78411,60.00000,60.00000,163.33698,0.00000,0.10467,0.01782,1.00000,1.00000,0.00000,0.00000,none
7.42500,89.97873,76.66667,1.89150,-0.00660,-0.00002,0.21060,-0.78502,60.00000,60.00000,163.33333,0.00000,0.10467,0.01755,1.00000,1.00000,0.00000,0.00000,none
7.42917,89.97874,76.67031,1.89096,-0.00660,-0.00002,0.20733,-0.78588,60.00000,60.00000,163.32969,0.00000,0.10468,0.01728,1.00000,1.00000,0.00000,0.00000,none
7.43333,89.97874,76.67395,1.89043,-0.00660,-0.00002,0.20405,-0.78668,60.00000,60.00000,163.32605,0.00000,0.10468,0.01700,1.00000,1.00000,0.00000,0.00000,none
7.43750,89.97874,76.67759,1.88989,-0.00660,-0.00001,0.20077,-0.78743,60.00000,60.00000,163.32241,0.00000,0.10469,0.01673,1.00000,1.00000,0.00000,0.00000,none
7.44167,89.97875,76.68122,1.88936,-0.00660,-0.00001,0.19749,-0.78812,60.00000,60.00000,163.31878,0.00000,0.10470,0.01646,1.00000,1.00000,0.00000,0.00000,none
7.44583,89.97875,76.68486,1.88882,-0.00660,-0.00001,0.19421,-0.78876,60.00000,60.00000,163.31514,0.00000,0.10470,0.01618,1.00000,1.00000,0.00000,0.00000,none
7.45000,89.97876,76.68849,1.88829,-0.00660,-0.00001,0.19092,-0.78934,60.00000,60.00000,163.31151,0.00000,0.10471,0.01591,1.00000,1.00000,0.00000,0.00000,none
7.45417,89.97876,76.69211,1.88775,-0.00660,-0.00001,0.18763,-0.78987,60.00000,60.00000,163.30789,0.00000,0.10471,0.01564,1.00000,1.00000,0.00000,0.00000,none
7.45833,89.97876,76.69574,1.88722,-0.00661,-0.00001,0.18434,-0.79034,60.00000,60.00000,163.30426,0.00000,0.10472,0.01536,1.00000,1.00000,0.00000,0.00000,none
7.46250,89.97877,76.69936,1.88669,-0.00661,-0.00001,0.18104,-0.79076,60.00000,60.00000,163.30064,0.00000,0.10473,0.01509,1.00000,1.00000,0.00000,0.00000,none
7.46667,89.97877,76.70298,1.88615,-0.00661,-0.00001,0.17775,-0.79113,60.00000,60.00000,163.29702,0.00000,0.10473,0.01481,1.00000,1.00000,0.00000,0.00000,none
7.47083,89.97877,76.70659,1.88562,-0.00661,-0.00001,0.17445,-0.79144,60.00000,60.00000,163.29341,0.00000,0.10474,0.01454,1.00000,1.00000,0.00000,0.00000,none
7.47500,89.97877,76.71021,1.88509,-0.00661,-0.00001,0.17115,-0.79170,60.00000,60.00000,163.28979,0.00000,0.10475,0.01426,1.00000,1.00000,0.00000,0.00000,none
7.47917,89.97878,76.71382,1.88456,-0.00661,-0.00001,0.16785,-0.79191,60.00000,60.00000,163.28618,0.00000,0.10475,0.01399,1.00000,1.00000,0.00000,0.00000,none
7.48333,89.97878,76.71743,1.88403,-0.00661,-0.00001,0.16455,-0.79206,60.00000,60.00000,163.28257,0.00000,0.10476,0.01371,1.00000,1.00000,0.00000,0.00000,none
7.48750,89.97878,76.72103,1.88350,-0.00661,-0.00001,0.16125,-0.79216,60.00000,60.00000,163.27897,0.00000,0.10476,0.01344,1.00000,1.00000,0.00000,0.00000,none
7.49167,89.97879,76.72464,1.88297,-0.00661,-0.00001,0.15795,-0.79220,60.00000,60.00000,163.27536,0.00000,0.10477,0.01316,1.00000,1.00000,0.00000,0.00000,none
7.49583,89.97879,76.72824,1.88244,-0.00662,-0.00001,0.15465,-0.79219,60.00000,60.00000,163.27176,0.00000,0.10478,0.01289,1.00000,1.00000,0.00000,0.00000,none
7.50000,89.97879,76.73184,1.88191,-0.00662,-0.00001,0.15135,-0.79213,60.00000,60.00000,163.26816,0.00000,0.10478,0.01261,1.00000,1.00000,0.00000,0.00000,none
7.50417,89.97880,76.73543,1.88138,-0.00662,-0.00001,0.14805,-0.79202,60.00000,60.00000,163.26457,0.00000,0.10479,0.01234,1.00000,1.00000,0.00000,0.00000,none
7.50833,89.97880,76.73903,1.88085,-0.00662,-0.00001,0.14475,-0.79185,60.00000,60.00000,163.26097,0.00000,0.10479,0.01206,1.00000,1.00000,0.00000,0.00000,none
7.51250,89.97880,76.74262,1.88032,-0.00662,-0.00001,0.14145,-0.79163,60.00000,60.00000,163.25738,0.00000,0.10480,0.01179,1.00000,1.00000,0.00000,0.00000,none
7.51667,89.97880,76.74620,1.87979,-0.00662,-0.00001,0.13815,-0.79136,60.00000,60.00000,163.25380,0.00000,0.10481,0.01151,1.00000,1.00000,0.00000,0.00000,none
7.52083,89.97881,76.74979,1.87926,-0.00662,-0.00001,0.13485,-0.79104,60.00000,60.00000,163.25021,0.00000,0.10481,0.01124,1.00000,1.00000,0.00000,0.00000,none
7.52500,89.97881,76.75337,1.87873,-0.00662,-0.00001,0.13156,-0.79067,60.00000,60.00000,163.24663,0.00000,0.10482,0.01096,1.00000,1.00000,0.00000,0.00000,none
7.52917,89.97881,76.75695,1.87821,-0.00663,-0.00001,0.12827,-0.79024,60.00000,60.00000,163.24305,0.00000,0.10482,0.01069,1.00000,1.00000,0.00000,0.00000,none
7.53333,89.97881,76.76053,1.87768,-0.00663,-0.00001,0.12497,-0.78976,60.00000,60.00000,163.23947,0.00000,0.10483,0.01041,1.00000,1.00000,0.00000,0.00000,none
7.53750,89.97882,76.76411,1.87715,-0.00663,-0.00001,0.12168,-0.78923,60.00000,60.00000,163.23589,0.00000,0.10484,0.01014,1.00000,1.00000,0.00000,0.00000,none
7.54167,89.97882,76.76768,1.87663,-0.00663,-0.00001,0.11840,-0.78865,60.00000,60.00000,163.23232,0.00000,0.10484,0.00987,1.00000,1.00000,0.00000,0.00000,none
7.54583,89.97882,76.77125,1.87610,-0.00663,-0.00001,0.11511,-0.78802,60.00000,60.00000,163.22875,0.00000,0.10485,0.00959,1.00000,1.00000,0.00000,0.00000,none
7.55000,89.97882,76.77482,1.87558,-0.00663,-0.00001,0.11183,-0.78734,60.00000,60.00000,163.22518,0.00000,0.10485,0.00932,1.00000,1.00000,0.00000,0.00000,none
7.55417,89.97883,76.77838,1.87505,-0.00663,-0.00001,0.10855,-0.78660,60.00000,60.00000,163.22162,0.00000,0.10486,0.00905,1.00000,1.00000,0.00000,0.00000,none
7.55833,89.97883,76.78194,1.87453,-0.00663,-0.00001,0.10528,-0.78582,60.00000,60.00000,163.21806,0.00000,0.10487,0.00877,1.00000,1.00000,0.00000,0.00000,none
7.56250,89.97883,76.78550,1.87400,-0.00663,-0.00001,0.10200,-0.78498,60.00000,60.00000,163.21450,0.00000,0.10487,0.00850,1.00000,1.00000,0.00000,0.00000,none
7.56667,89.97883,76.78906,1.87348,-0.00664,-0.00001,0.09873,-0.78410,60.00000,60.00000,163.21094,0.00000,0.10488,0.00823,1.00000,1.00000,0.00000,0.00000,none
7.57083,89.97884,76.79262,1.87296,-0.00664,-0.00001,0.09547,-0.78317,60.00000,60.00000,163.20738,0.00000,0.10488,0.00796,1.00000,1.00000,0.00000,0.00000,none
7.57500,89.97884,76.79617,1.87244,-0.00664,-0.00001,0.09221,-0.78218,60.00000,60.00000,163.20383,0.00000,0.10489,0.00768,1.00000,1.00000,0.00000,0.00000,none
7.57917,89.97884,76.79972,1.87191,-0.00664,-0.00001,0.08895,-0.78115,60.00000,60.00000,163.20028,0.00000,0.10490,0.00741,1.00000,1.00000,0.00000,0.00000,none
7.58333,89.97884,76.80327,1.87139,-0.00664,-0.00001,0.08570,-0.78007,60.00000,60.00000,163.19673,0.00000,0.10490,0.00714,1.00000,1.00000,0.00000,0.00000,none
7.58750,89.97884,76.80681,1.87087,-0.00664,-0.00001,0.08245,-0.77893,60.00000,60.00000,163.19319,0.00000,0.10491,0.00687,1.00000,1.00000,0.00000,0.00000,none
7.59167,89.97885,76.81035,1.87035,-0.00664,-0.00001,0.07921,-0.77775,60.00000,60.00000,163.18965,0.00000,0.10492,0.00660,1.00000,1.00000,0.00000,0.00000,none
7.59583,89.97885,76.81389,1.86983,-0.00664,-0.00001,0.07597,-0.77652,60.00000,60.00000,163.18611,0.00000,0.10492,0.00633,1.00000,1.00000,0.00000,0.00000,none
7.60000,89.97885,76.81743,1.86931,-0.00665,-0.00001,0.07274,-0.77524,60.00000,60.00000,163.18257,0.00000,0.10493,0.00606,1.00000,1.00000,0.00000,0.00000,none
7.60417,89.97885,76.82097,1.86879,-0.00665,-0.00001,0.06951,-0.77392,60.00000,60.00000,163.17903,0.00000,0.10493,0.00579,1.00000,1.00000,0.00000,0.00000,none
7.60833,89.97885,76.82450,1.86827,-0.00665,-0.00001,0.06629,-0.77254,60.00000,60.00000,163.17550,0.00000,0.10494,0.00552,1.00000,1.00000,0.00000,0.00000,none
7.61250,89.97886,76.82803,1.86775,-0.00665,-0.00001,0.06307,-0.77112,60.00000,60.00000,163.17197,0.00000,0.10495,0.00526,1.00000,1.00000,0.00000,0.00000,none
7.61667,89.97886,76.83156,1.86723,-0.00665,-0.00001,0.05986,-0.76965,60.00000,60.00000,163.16844,0.00000,0.10495,0.00499,1.00000,1.00000,0.00000,0.00000,none
7.62083,89.97886,76.83508,1.86671,-0.00665,-0.00001,0.05666,-0.76814,60.00000,60.00000,163.16492,0.00000,0.10496,0.00472,1.00000,1.00000,0.00000,0.00000,none
7.62500,89.97886,76.83861,1.86619,-0.00665,-0.00001,0.05346,-0.76657,60.00000,60.00000,163.16139,0.00000,0.10496,0.00446,1.00000,1.00000,0.00000,0.00000,none
7.62917,89.97886,76.84213,1.86567,-0.00665,-0.00001,0.05027,-0.76496,60.00000,60.00000,163.15787,0.00000,0.10497,0.00419,1.00000,1.00000,0.00000,0.00000,none
7.63333,89.97886,76.84564,1.86515,-0.00665,-0.00001,0.04709,-0.76330,60.00000,60.00000,163.15436,0.00000,0.10498,0.00392,1.00000,1.00000,0.00000,0.00000,none
7.63750,89.97887,76.84916,1.86464,-0.00666,-0.00001,0.04391,-0.76160,60.00000,60.00000,163.15084,0.00000,0.10498,0.00366,1.00000,1.00000,0.00000,0.00000,none
7.64167,89.97887,76.85267,1.86412,-0.00666,-0.00001,0.04074,-0.75985,60.00000,60.00000,163.14733,0.00000,0.10499,0.00339,1.00000,1.00000,0.00000,0.00000,none
7.64583,89.97887,76.85618,1.86360,-0.00666,-0.00001,0.03758,-0.75805,60.00000,60.00000,163.14382,0.00000,0.10499,0.00313,1.00000,1.00000,0.00000,0.00000,none
7.65000,89.97887,76.85969,1.86309,-0.00666,-0.00001,0.03442,-0.75621,60.00000,60.00000,163.14031,0.00000,0.10500,0.00287,1.00000,1.00000,0.00000,0.00000,none
7.65417,89.97887,76.86320,1.86257,-0.00666,-0.00001,0.03127,-0.75432,60.00000,60.00000,163.13680,0.00000,0.10501,0.00261,1.00000,1.00000,0.00000,0.00000,none
7.65833,89.97887,76.86670,1.86206,-0.00666,-0.00001,0.02814,-0.75239,60.00000,60.00000,163.13330,0.00000,0.10501,0.00234,1.00000,1.00000,0.00000,0.00000,none
7.66250,89.97887,76.87020,1.86154,-0.00666,-0.00001,0.02501,-0.75041,60.00000,60.00000,163.12980,0.00000,0.10502,0.00208,1.00000,1.00000,0.00000,0.00000,none
7.66667,89.97887,76.87370,1.86103,-0.00666,-0.00001,0.02188,-0.74839,60.00000,60.00000,163.12630,0.00000,0.10502,0.00182,1.00000,1.00000,0.00000,0.00000,none
7.67083,89.97888,76.87719,1.86051,-0.00667,-0.00001,0.01877,-0.74633,60.00000,60.00000,163.12281,0.00000,0.10503,0.00156,1.00000,1.00000,0.00000,0.00000,none
7.67500,89.97888,76.88069,1.86000,-0.00667,-0.00001,0.01566,-0.74422,60.00000,60.00000,163.11931,0.00000,0.10504,0.00131,1.00000,1.00000,0.00000,0.00000,none
7.67917,89.97888,76.88418,1.85948,-0.00667,-0.00000,0.01257,-0.74206,60.00000,60.00000,163.11582,0.00000,0.10504,0.00105,1.00000,1.00000,0.00000,0.00000,none
7.68333,89.97888,76.88767,1.85897,-0.00667,-0.00000,0.00948,-0.73986,60.00000,60.00000,163.11233,0.00000,0.10505,0.00079,1.00000,1.00000,0.00000,0.00000,none
7.68750,89.97888,76.89115,1.85846,-0.00667,-0.00000,0.00640,-0.73762,60.00000,60.00000,163.10885,0.00000,0.10505,0.00053,1.00000,1.00000,0.00000,0.00000,none
7.69167,89.97888,76.89464,1.85795,-0.00667,-0.00000,0.00333,-0.73534,60.00000,60.00000,163.10536,0.00000,0.10506,0.00028,1.00000,1.00000,0.00000,0.00000,none
7.69583,89.97888,76.89812,1.85743,-0.00667,-0.00000,0.00027,-0.73301,60.00000,60.00000,163.10188,0.00000,0.10507,0.00002,1.00000,1.00000,0.00000,0.00000,none
7.70000,89.97888,76.90160,1.85692,-0.00667,-0.00000,-0.00278,-0.73058,60.00000,60.00000,163.09840,0.00000,0.10507,0.00028,1.00000,1.00000,0.00000,0.00000,none
7.70417,89.97889,76.90507,1.85641,-0.00668,-0.00000,-0.00581,-0.72797,60.00000,60.00000,163.09493,0.00000,0.10508,0.00058,1.00000,1.00000,0.00000,0.00000,none
7.70833,89.97889,76.90855,1.85590,-0.00668,-0.00000,-0.00884,-0.72518,60.00000,60.00000,163.09145,0.00000,0.10508,0.00088,1.00000,1.00000,0.00000,0.00000,none
7.71250,89.97889,76.91202,1.85539,-0.00668,-0.00000,-0.01186,-0.72221,60.00000,60.00000,163.08798,0.00000,0.10509,0.00119,1.00000,1.00000,0.00000,0.00000,none
7.71667,89.97889,76.91549,1.85488,-0.00668,-0.00000,-0.01486,-0.71906,60.00000,60.00000,163.08451,0.00000,0.10510,0.00149,1.00000,1.00000,0.00000,0.00000,none
7.72083,89.97889,76.91896,1.85437,-0.00668,-0.00000,-0.01785,-0.71574,60.00000,60.00000,163.08104,0.00000,0.10510,0.00178,1.00000,1.00000,0.00000,0.00000,none
7.72500,89.97889,76.92242,1.85386,-0.00668,-0.00000,-0.02082,-0.71224,60.00000,60.00000,163.07758,0.00000,0.10511,0.00208,1.00000,1.00000,0.00000,0.00000,none
7.72917,89.97889,76.92589,1.85335,-0.00668,-0.00000,-0.02378,-0.70856,60.00000,60.00000,163.07411,0.00000,0.10512,0.00238,1.00000,1.00000,0.00000,0.00000,none
7.73333,89.97889,76.92935,1.85284,-0.00668,-0.00000,-0.02673,-0.70471,60.00000,60.00000,163.07065,0.00000,0.10512,0.00267,1.00000,1.00000,0.00000,0.00000,none
7.73750,89.97889,76.93281,1.85233,-0.00669,-0.00000,-0.02966,-0.70070,60.00000,60.00000,163.06719,0.00000,0.10513,0.00297,1.00000,1.00000,0.00000,0.00000,none
7.74167,89.97889,76.93626,1.85182,-0.00669,-0.00000,-0.03257,-0.69651,60.00000,60.00000,163.06374,0.00000,0.10513,0.00326,1.00000,1.00000,0.00000,0.00000,none
7.74583,89.97889,76.93972,1.85131,-0.00669,-0.00000,-0.03546,-0.69215,60.00000,60.00000,163.06028,0.00000,0.10514,0.00355,1.00000,1.00000,0.00000,0.00000,none
7.75000,89.97889,76.94317,1.85081,-0.00669,-0.00000,-0.03834,-0.68763,60.00000,60.00000,163.05683,0.00000,0.10515,0.00383,1.00000,1.00000,0.00000,0.00000,none
7.75417,89.97889,76.94662,1.85030,-0.00669,-0.00000,-0.04119,-0.68295,60.00000,60.00000,163.05338,0.00000,0.10515,0.00412,1.00000,1.00000,0.00000,0.00000,none
7.75833,89.97889,76.95007,1.84979,-0.00669,-0.00000,-0.04403,-0.67810,60.00000,60.00000,163.04993,0.00000,0.10516,0.00440,1.00000,1.00000,0.00000,0.00000,none
7.76250,89.97889,76.95351,1.84929,-0.00669,0.00000,-0.04684,-0.67309,60.00000,60.00000,163.04649,0.00000,0.10516,0.00468,1.00000,1.00000,0.00000,0.00000,none
7.76667,89.97889,76.95695,1.84878,-0.00669,0.00000,-0.04964,-0.66792,60.00000,60.00000,163.04305,0.00000,0.10517,0.00496,1.00000,1.00000,0.00000,0.00000,none
7.77083,89.97889,76.96039,1.84827,-0.00670,0.00000,-0.05241,-0.66260,60.00000,60.00000,163.03961,0.00000,0.10518,0.00524,1.00000,1.00000,0.00000,0.00000,none
7.77500,89.97889,76.96383,1.84777,-0.00670,0.00000,-0.05516,-0.65712,60.00000,60.00000,163.03617,0.00000,0.10518,0.00552,1.00000,1.00000,0.00000,0.00000,none
7.77917,89.97889,76.96727,1.84726,-0.00670,0.00000,-0.05788,-0.65149,60.00000,60.00000,163.03273,0.00000,0.10519,0.00579,1.00000,1.00000,0.00000,0.00000,none
7.78333,89.97889,76.97070,1.84676,-0.00670,0.00000,-0.06059,-0.64570,60.00000,60.00000,163.02930,0.00000,0.10519,0.00606,1.00000,1.00000,0.00000,0.00000,none
7.78750,89.97889,76.97413,1.84625,-0.00670,0.00000,-0.06326,-0.63977,60.00000,60.00000,163.02587,0.00000,0.10520,0.00633,1.00000,1.00000,0.00000,0.00000,none
7.79167,89.97889,76.97756,1.84575,-0.00670,0.00000,-0.06592,-0.63369,60.00000,60.00000,163.02244,0.00000,0.10521,0.00659,1.00000,1.00000,0.00000,0.00000,none
7.79583,89.97889,76.98099,1.84524,-0.00670,0.00000,-0.06854,-0.62747,60.00000,60.00000,163.01901,0.00000,0.10521,0.00685,1.00000,1.00000,0.00000,0.00000,none
7.80000,89.97889,76.98441,1.84474,-0.00671,0.00000,-0.07115,-0.62110,60.00000,60.00000,163.01559,0.00000,0.10522,0.00711,1.00000,1.00000,0.00000,0.00000,none
7.80417,89.97889,76.98783,1.84424,-0.00671,0.00000,-0.07372,-0.61459,60.00000,60.00000,163.01217,0.00000,0.10522,0.00737,1.00000,1.00000,0.00000,0.00000,none
7.80833,89.97889,76.99125,1.84373,-0.00671,0.00000,-0.07627,-0.60795,60.00000,60.00000,163.00875,0.00000,0.10523,0.00763,1.00000,1.00000,0.00000,0.00000,none
7.81250,89.97888,76.99467,1.84323,-0.00671,0.00001,-0.07879,-0.60116,60.00000,60.00000,163.00533,0.00000,0.10524,0.00788,1.00000,1.00000,0.00000,0.00000,none
7.81667,89.97888,76.99809,1.84273,-0.00671,0.00001,-0.08128,-0.59424,60.00000,60.00000,163.00191,0.00000,0.10524,0.00813,1.00000,1.00000,0.00000,0.00000,none
7.82083,89.97888,77.00150,1.84223,-0.00671,0.00001,-0.08374,-0.58719,60.00000,60.00000,162.99850,0.00000,0.10525,0.00837,1.00000,1.00000,0.00000,0.00000,none
7.82500,89.97888,77.00491,1.84173,-0.00671,0.00001,-0.08617,-0.58001,60.00000,60.00000,162.99509,0.00000,0.10525,0.00862,1.00000,1.00000,0.00000,0.00000,none
7.82917,89.97888,77.00832,1.84122,-0.00672,0.00001,-0.08857,-0.57271,60.00000,60.00000,162.99168,0.00000,0.10526,0.00886,1.00000,1.00000,0.00000,0.00000,none
7.83333,89.97888,77.01172,1.84072,-0.00672,0.00001,-0.09094,-0.56528,60.00000,60.00000,162.98828,0.00000,0.10527,0.00909,1.00000,1.00000,0.00000,0.00000,none
7.83750,89.97888,77.01513,1.84022,-0.00672,0.00001,-0.09328,-0.55772,60.00000,60.00000,162.98487,0.00000,0.10527,0.00933,1.00000,1.00000,0.00000,0.00000,none
7.84167,89.97887,77.01853,1.83972,-0.00672,0.00001,-0.09559,-0.55005,60.00000,60.00000,162.98147,0.00000,0.10528,0.00956,1.00000,1.00000,0.00000,0.00000,none
7.84583,89.97887,77.02193,1.83922,-0.00672,0.00001,-0.09786,-0.54225,60.00000,60.00000,162.97807,0.00000,0.10528,0.00979,1.00000,1.00000,0.00000,0.00000,none
7.85000,89.97887,77.02532,1.83872,-0.00672,0.00001,-0.10011,-0.53434,60.00000,60.00000,162.97468,0.00000,0.10529,0.01001,1.00000,1.00000,0.00000,0.00000,none
7.85417,89.97887,77.02872,1.83822,-0.00672,0.00001,-0.10232,-0.52632,60.00000,60.00000,162.97128,0.00000,0.10530,0.01023,1.00000,1.00000,0.00000,0.00000,none
7.85833,89.97887,77.03211,1.83772,-0.00673,0.00001,-0.10449,-0.51819,60.00000,60.00000,162.96789,0.00000,0.10530,0.01045,1.00000,1.00000,0.00000,0.00000,none
7.86250,89.97886,77.03550,1.83722,-0.00673,0.00001,-0.10664,-0.50994,60.00000,60.00000,162.96450,0.00000,0.10531,0.01066,1.00000,1.00000,0.00000,0.00000,none
7.86667,89.97886,77.03889,1.83673,-0.00673,0.00001,-0.10874,-0.50160,60.00000,60.00000,162.96111,0.00000,0.10531,0.01087,1.00000,1.00000,0.00000,0.00000,none
7.87083,89.97886,77.04228,1.83623,-0.00673,0.00001,-0.11082,-0.49314,60.00000,60.00000,162.95772,0.00000,0.10532,0.01108,1.00000,1.00000,0.00000,0.00000,none
7.87500,89.97886,77.04566,1.83573,-0.00673,0.00001,-0.11285,-0.48459,60.00000,60.00000,162.95434,0.00000,0.10533,0.01129,1.00000,1.00000,0.00000,0.00000,none
7.87917,89.97885,77.04904,1.83523,-0.00673,0.00001,-0.11485,-0.47594,60.00000,60.00000,162.95096,0.00000,0.10533,0.01149,1.00000,1.00000,0.00000,0.00000,none
7.88333,89.97885,77.05242,1.83474,-0.00674,0.00001,-0.11682,-0.46720,60.00000,60.00000,162.94758,0.00000,0.10534,0.01168,1.00000,1.00000,0.00000,0.00000,none
7.88750,89.97885,77.05580,1.83424,-0.00674,0.00001,-0.11875,-0.45836,60.00000,60.00000,162.94420,0.00000,0.10534,0.01187,1.00000,1.00000,0.00000,0.00000,none
7.89167,89.97885,77.05917,1.83374,-0.00674,0.00001,-0.12064,-0.44942,60.00000,60.00000,162.94083,0.00000,0.10535,0.01206,1.00000,1.00000,0.00000,0.00000,none
7.89583,89.97884,77.06254,1.83325,-0.00674,0.00001,-0.12249,-0.44041,60.00000,60.00000,162.93746,0.00000,0.10536,0.01225,1.00000,1.00000,0.00000,0.00000,none
7.90000,89.97884,77.06591,1.83275,-0.00674,0.00001,-0.12431,-0.43130,60.00000,60.00000,162.93409,0.00000,0.10536,0.01243,1.00000,1.00000,0.00000,0.00000,none
7.90417,89.97884,77.06928,1.83226,-0.00674,0.00001,-0.12609,-0.42211,60.00000,60.00000,162.93072,0.00000,0.10537,0.01261,1.00000,1.00000,0.00000,0.00000,none
7.90833,89.97883,77.07265,1.83176,-0.00675,0.00001,-0.12783,-0.41285,60.00000,60.00000,162.92735,0.00000,0.10537,0.01278,1.00000,1.00000,0.00000,0.00000,none
7.91250,89.97883,77.07601,1.83127,-0.00675,0.00001,-0.12953,-0.40350,60.00000,60.00000,162.92399,0.00000,0.10538,0.01295,1.00000,1.00000,0.00000,0.00000,none
7.91667,89.97883,77.07937,1.83077,-0.00675,0.00001,-0.13119,-0.39408,60.00000,60.00000,162.92063,0.00000,0.10539,0.01312,1.00000,1.00000,0.00000,0.00000,none
7.92083,89.97882,77.08273,1.83028,-0.00675,0.00001,-0.13281,-0.38459,60.00000,60.00000,162.91727,0.00000,0.10539,0.01328,1.00000,1.00000,0.00000,0.00000,none
7.92500,89.97882,77.08609,1.82978,-0.00675,0.00001,-0.13439,-0.37503,60.00000,60.00000,162.91391,0.00000,0.10540,0.01344,1.00000,1.00000,0.00000,0.00000,none
7.92917,89.97882,77.08944,1.82929,-0.00675,0.00001,-0.13594,-0.36540,60.00000,60.00000,162.91056,0.00000,0.10540,0.01359,1.00000,1.00000,0.00000,0.00000,none
7.93333,89.97881,77.09279,1.82880,-0.00675,0.00002,-0.13744,-0.35571,60.00000,60.00000,162.90721,0.00000,0.10541,0.01374,1.00000,1.00000,0.00000,0.00000,none
7.93750,89.97881,77.09614,1.82830,-0.00676,0.00002,-0.13890,-0.34595,60.00000,60.00000,162.90386,0.00000,0.10542,0.01389,1.00000,1.00000,0.00000,0.00000,none
7.94167,89.97881,77.09949,1.82781,-0.00676,0.00002,-0.14032,-0.33614,60.00000,60.00000,162.90051,0.00000,0.10542,0.01403,1.00000,1.00000,0.00000,0.00000,none
7.94583,89.97880,77.10284,1.82732,-0.00676,0.00002,-0.14170,-0.32627,60.00000,60.00000,162.89716,0.00000,0.10543,0.01417,1.00000,1.00000,0.00000,0.00000,none
7.95000,89.97880,77.10618,1.82683,-0.00676,0.00002,-0.14304,-0.31635,60.00000,60.00000,162.89382,0.00000,0.10543,0.01430,1.00000,1.00000,0.00000,0.00000,none
7.95417,89.97879,77.10952,1.82634,-0.00676,0.00002,-0.14434,-0.30637,60.00000,60.00000,162.89048,0.00000,0.10544,0.01443,1.00000,1.00000,0.00000,0.00000,none
7.95833,89.97879,77.11286,1.82585,-0.00676,0.00002,-0.14559,-0.29635,60.00000,60.00000,162.88714,0.00000,0.10545,0.01456,1.00000,1.00000,0.00000,0.00000,none
7.96250,89.97879,77.11620,1.82536,-0.00677,0.00002,-0.14681,-0.28628,60.00000,60.00000,162.88380,0.00000,0.10545,0.01468,1.00000,1.00000,0.00000,0.00000,none
7.96667,89.97878,77.11953,1.82486,-0.00677,0.00002,-0.14798,-0.27617,60.00000,60.00000,162.88047,0.00000,0.10546,0.01480,1.00000,1.00000,0.00000,0.00000,none
7.97083,89.97878,77.12286,1.82437,-0.00677,0.00002,-0.14911,-0.26602,60.00000,60.00000,162.87714,0.00000,0.10546,0.01491,1.00000,1.00000,0.00000,0.00000,none
7.97500,89.97877,77.12619,1.82388,-0.00677,0.00002,-0.15019,-0.25584,60.00000,60.00000,162.87381,0.00000,0.10547,0.01502,1.00000,1.00000,0.00000,0.00000,none
7.97917,89.97877,77.12952,1.82340,-0.00677,0.00002,-0.15124,-0.24561,60.00000,60.00000,162.87048,0.00000,0.10548,0.01512,1.00000,1.00000,0.00000,0.00000,none
7.98333,89.97877,77.13285,1.82291,-0.00677,0.00002,-0.15224,-0.23536,60.00000,60.00000,162.86715,0.00000,0.10548,0.01522,1.00000,1.00000,0.00000,0.00000,none
7.98750,89.97876,77.13617,1.82242,-0.00678,0.00002,-0.15320,-0.22508,60.00000,60.00000,162.86383,0.00000,0.10549,0.01532,1.00000,1.00000,0.00000,0.00000,none
7.99167,89.97876,77.13949,1.82193,-0.00678,0.00002,-0.15412,-0.21477,60.00000,60.00000,162.86051,0.00000,0.10550,0.01541,1.00000,1.00000,0.00000,0.00000,none
7.99583,89.97875,77.14281,1.82144,-0.00678,0.00002,-0.15499,-0.20444,60.00000,60.00000,162.85719,0.00000,0.10550,0.01550,1.00000,1.00000,0.00000,0.00000,none
8.00000,89.97875,77.14613,1.82095,-0.00678,0.00002,-0.15582,-0.19409,60.00000,60.00000,162.85387,0.00000,0.10551,0.01558,1.00000,1.00000,0.00000,0.00000,none
8.00417,89.97874,77.14944,1.82047,-0.00678,0.00002,-0.15661,-0.18372,60.00000,60.00000,162.85056,0.00000,0.10551,0.01566,1.00000,1.00000,0.00000,0.00000,none
8.00833,89.97874,77.15276,1.81998,-0.00678,0.00002,-0.15735,-0.17333,60.00000,60.00000,162.84724,0.00000,0.10552,0.01574,1.00000,1.00000,0.00000,0.00000,none
8.01250,89.97874,77.15607,1.81949,-0.00679,0.00002,-0.15805,-0.16293,60.00000,60.00000,162.84393,0.00000,0.10553,0.01581,1.00000,1.00000,0.00000,0.00000,none
8.01667,89.97873,77.15937,1.81900,-0.00679,0.00002,-0.15871,-0.15252,60.00000,60.00000,162.84063,0.00000,0.10553,0.01587,1.00000,1.00000,0.00000,0.00000,none
8.02083,89.97873,77.16268,1.81852,-0.00679,0.00002,-0.15932,-0.14211,60.00000,60.00000,162.83732,0.00000,0.10554,0.01593,1.00000,1.00000,0.00000,0.00000,none
8.02500,89.97872,77.16598,1.81803,-0.00679,0.00002,-0.15989,-0.13169,60.00000,60.00000,162.83402,0.00000,0.10554,0.01599,1.00000,1.00000,0.00000,0.00000,none
8.02917,89.97872,77.16929,1.81755,-0.00679,0.00002,-0.16042,-0.12127,60.00000,60.00000,162.83071,0.00000,0.10555,0.01604,1.00000,1.00000,0.00000,0.00000,none
8.03333,89.97871,77.17259,1.81706,-0.00679,0.00002,-0.16090,-0.11085,60.00000,60.00000,162.82741,0.00000,0.10556,0.01609,1.00000,1.00000,0.00000,0.00000,none
8.03750,89.97871,77.17588,1.81658,-0.00680,0.00002,-0.16134,-0.10043,60.00000,60.00000,162.82412,0.00000,0.10556,0.01613,1.00000,1.00000,0.00000,0.00000,none
8.04167,89.97870,77.17918,1.81609,-0.00680,0.00002,-0.16174,-0.09002,60.00000,60.00000,162.82082,0.00000,0.10557,0.01617,1.00000,1.00000,0.00000,0.00000,none
8.04583,89.97870,77.18247,1.81561,-0.00680,0.00002,-0.16209,-0.07961,60.00000,60.00000,162.81753,0.00000,0.10557,0.01621,1.00000,1.00000,0.00000,0.00000,none
8.05000,89.97870,77.18576,1.81512,-0.00680,0.00002,-0.16240,-0.06922,60.00000,60.00000,162.81424,0.00000,0.10558,0.01624,1.00000,1.00000,0.00000,0.00000,none
8.05417,89.97869,77.18905,1.81464,-0.00680,0.00002,-0.16267,-0.05884,60.00000,60.00000,162.81095,0.00000,0.10559,0.01627,1.00000,1.00000,0.00000,0.00000,none
8.05833,89.97869,77.19234,1.81416,-0.00680,0.00002,-0.16289,-0.04848,60.00000,60.00000,162.80766,0.00000,0.10559,0.01629,1.00000,1.00000,0.00000,0.00000,none
8.06250,89.97868,77.19563,1.81367,-0.00681,0.00002,-0.16308,-0.03814,60.00000,60.00000,162.80437,0.00000,0.10560,0.01631,1.00000,1.00000,0.00000,0.00000,none
8.06667,89.97868,77.19891,1.81319,-0.00681,0.00002,-0.16321,-0.02782,60.00000,60.00000,162.80109,0.00000,0.10560,0.01632,1.00000,1.00000,0.00000,0.00000,none
8.07083,89.97867,77.20219,1.81271,-0.00681,0.00002,-0.16331,-0.01753,60.00000,60.00000,162.79781,0.00000,0.10561,0.01633,1.00000,1.00000,0.00000,0.00000,none
8.07500,89.97867,77.20547,1.81223,-0.00681,0.00002,-0.16336,-0.00726,60.00000,60.00000,162.79453,0.00000,0.10562,0.01634,1.00000,1.00000,0.00000,0.00000,none
8.07917,89.97866,77.20874,1.81175,-0.00681,0.00002,-0.16337,0.00298,60.00000,60.00000,162.79126,0.00000,0.10562,0.01634,1.00000,1.00000,0.00000,0.00000,none
8.08333,89.97866,77.21202,1.81126,-0.00681,0.00002,-0.16333,0.01319,60.00000,60.00000,162.78798,0.00000,0.10563,0.01633,1.00000,1.00000,0.00000,0.00000,none
8.08750,89.97866,77.21529,1.81078,-0.00681,0.00002,-0.16326,0.02336,60.00000,60.00000,162.78471,0.00000,0.10563,0.01633,1.00000,1.00000,0.00000,0.00000,none
8.09167,89.97865,77.21856,1.81030,-0.00682,0.00002,-0.16314,0.03350,60.00000,60.00000,162.78144,0.00000,0.10564,0.01631,1.00000,1.00000,0.00000,0.00000,none
8.09583,89.97865,77.22183,1.80982,-0.00682,0.00002,-0.16298,0.04359,60.00000,60.00000,162.77817,0.00000,0.10565,0.01630,1.00000,1.00000,0.00000,0.00000,none
8.10000,89.97864,77.22509,1.80934,-0.00682,0.00002,-0.16278,0.05365,60.00000,60.00000,162.77491,0.00000,0.10565,0.01628,1.00000,1.00000,0.00000,0.00000,none
8.10417,89.97864,77.22836,1.80886,-0.00682,0.00002,-0.16253,0.06366,60.00000,60.00000,162.77164,0.00000,0.10566,0.01625,1.00000,1.00000,0.00000,0.00000,none
8.10833,89.97863,77.23162,1.80838,-0.00682,0.00002,-0.16225,0.07362,60.00000,60.00000,162.76838,0.00000,0.10566,0.01622,1.00000,1.00000,0.00000,0.00000,none
8.11250,89.97863,77.23488,1.80790,-0.00682,0.00002,-0.16192,0.08353,60.00000,60.00000,162.76512,0.00000,0.10567,0.01619,1.00000,1.00000,0.00000,0.00000,none
8.11667,89.97862,77.23813,1.80743,-0.00683,0.00002,-0.16155,0.09340,60.00000,60.00000,162.76187,0.00000,0.10568,0.01615,1.00000,1.00000,0.00000,0.00000,none
8.12083,89.97862,77.24139,1.80695,-0.00683,0.00002,-0.16114,0.10321,60.00000,60.00000,162.75861,0.00000,0.10568,0.01611,1.00000,1.00000,0.00000,0.00000,none
8.12500,89.97862,77.24464,1.80647,-0.00683,0.00002,-0.16069,0.11296,60.00000,60.00000,162.75536,0.00000,0.10569,0.01607,1.00000,1.00000,0.00000,0.00000,none
8.12917,89.97861,77.24789,1.80599,-0.00683,0.00002,-0.16020,0.12265,60.00000,60.00000,162.75211,0.00000,0.10569,0.01602,1.00000,1.00000,0.00000,0.00000,none
8.13333,89.97861,77.25114,1.80551,-0.00683,0.00002,-0.15967,0.13228,60.00000,60.00000,162.74886,0.00000,0.10570,0.01597,1.00000,1.00000,0.00000,0.00000,none
8.13750,89.97860,77.25439,1.80504,-0.00683,0.00002,-0.15910,0.14185,60.00000,60.00000,162.74561,0.00000,0.10570,0.01591,1.00000,1.00000,0.00000,0.00000,none
8.14167,89.97860,77.25763,1.80456,-0.00683,0.00002,-0.15849,0.15136,60.00000,60.00000,162.74237,0.00000,0.10571,0.01585,1.00000,1.00000,0.00000,0.00000,none
8.14583,89.97859,77.26088,1.80408,-0.00684,0.00002,-0.15784,0.16079,60.00000,60.00000,162.73912,0.00000,0.10572,0.01578,1.00000,1.00000,0.00000,0.00000,none
8.15000,89.97859,77.26412,1.80361,-0.00684,0.00002,-0.15715,0.17016,60.00000,60.00000,162.73588,0.00000,0.10572,0.01571,1.00000,1.00000,0.00000,0.00000,none
8.15417,89.97859,77.26736,1.80313,-0.00684,0.00002,-0.15642,0.17945,60.00000,60.00000,162.73264,0.00000,0.10573,0.01564,1.00000,1.00000,0.00000,0.00000,none
8.15833,89.97858,77.27059,1.80266,-0.00684,0.00002,-0.15565,0.18867,60.00000,60.00000,162.72941,0.00000,0.10573,0.01557,1.00000,1.00000,0.00000,0.00000,none
8.16250,89.97858,77.27383,1.80218,-0.00684,0.00002,-0.15485,0.19782,60.00000,60.00000,162.72617,0.00000,0.10574,0.01548,1.00000,1.00000,0.00000,0.00000,none
8.16667,89.97857,77.27706,1.80171,-0.00684,0.00002,-0.15400,0.20688,60.00000,60.00000,162.72294,0.00000,0.10575,0.01540,1.00000,1.00000,0.00000,0.00000,none
8.17083,89.97857,77.28029,1.80123,-0.00685,0.00002,-0.15312,0.21587,60.00000,60.00000,162.71971,0.00000,0.10575,0.01531,1.00000,1.00000,0.00000,0.00000,none
8.17500,89.97857,77.28352,1.80076,-0.00685,0.00002,-0.15220,0.22477,60.00000,60.00000,162.71648,0.00000,0.10576,0.01522,1.00000,1.00000,0.00000,0.00000,none
8.17917,89.97856,77.28674,1.80028,-0.00685,0.00002,-0.15125,0.23358,60.00000,60.00000,162.71326,0.00000,0.10576,0.01512,1.00000,1.00000,0.00000,0.00000,none
8.18333,89.97856,77.28997,1.79981,-0.00685,0.00002,-0.15026,0.24231,60.00000,60.00000,162.71003,0.00000,0.10577,0.01503,1.00000,1.00000,0.00000,0.00000,none
8.18750,89.97856,77.29319,1.79934,-0.00685,0.00002,-0.14923,0.25096,60.00000,60.00000,162.70681,0.00000,0.10578,0.01492,1.00000,1.00000,0.00000,0.00000,none
8.19167,89.97855,77.29641,1.79887,-0.00685,0.00001,-0.14817,0.25951,60.00000,60.00000,162.70359,0.00000,0.10578,0.01482,1.00000,1.00000,0.00000,0.00000,none
8.19583,89.97855,77.29963,1.79839,-0.00685,0.00001,-0.14707,0.26797,60.00000,60.00000,162.70037,0.00000,0.10579,0.01471,1.00000,1.00000,0.00000,0.00000,none
8.20000,89.97855,77.30284,1.79792,-0.00686,0.00001,-0.14593,0.27633,60.00000,60.00000,162.69716,0.00000,0.10579,0.01459,1.00000,1.00000,0.00000,0.00000,none
8.20417,89.97854,77.30605,1.79745,-0.00686,0.00001,-0.14476,0.28460,60.00000,60.00000,162.69395,0.00000,0.10580,0.01448,1.00000,1.00000,0.00000,0.00000,none
8.20833,89.97854,77.30927,1.79698,-0.00686,0.00001,-0.14356,0.29277,60.00000,60.00000,162.69073,0.00000,0.10581,0.01436,1.00000,1.00000,0.00000,0.00000,none
8.21250,89.97854,77.31248,1.79651,-0.00686,0.00001,-0.14232,0.30084,60.00000,60.00000,162.68752,0.00000,0.10581,0.01423,1.00000,1.00000,0.00000,0.00000,none
8.21667,89.97853,77.31568,1.79604,-0.00686,0.00001,-0.14105,0.30881,60.00000,60.00000,162.68432,0.00000,0.10582,0.01411,1.00000,1.00000,0.00000,0.00000,none
8.22083,89.97853,77.31889,1.79556,-0.00686,0.00001,-0.13975,0.31667,60.00000,60.00000,162.68111,0.00000,0.10582,0.01398,1.00000,1.00000,0.00000,0.00000,none
8.22500,89.97853,77.32209,1.79509,-0.00686,0.00001,-0.13842,0.32443,60.00000,60.00000,162.67791,0.00000,0.10583,0.01384,1.00000,1.00000,0.00000,0.00000,none
8.22917,89.97852,77.32529,1.79462,-0.00686,0.00001,-0.13705,0.33209,60.00000,60.00000,162.67471,0.00000,0.10584,0.01370,1.00000,1.00000,0.00000,0.00000,none
8.23333,89.97852,77.32849,1.79415,-0.00687,0.00001,-0.13565,0.33963,60.00000,60.00000,162.67151,0.00000,0.10584,0.01356,1.00000,1.00000,0.00000,0.00000,none
8.23750,89.97852,77.33169,1.79369,-0.00687,0.00001,-0.13422,0.34706,60.00000,60.00000,162.66831,0.00000,0.10585,0.01342,1.00000,1.00000,0.00000,0.00000,none
8.24167,89.97851,77.33489,1.79322,-0.00687,0.00001,-0.13276,0.35439,60.00000,60.00000,162.66511,0.00000,0.10585,0.01328,1.00000,1.00000,0.00000,0.00000,none
8.24583,89.97851,77.33808,1.79275,-0.00687,0.00001,-0.13126,0.36160,60.00000,60.00000,162.66192,0.00000,0.10586,0.01313,1.00000,1.00000,0.00000,0.00000,none
8.25000,89.97851,77.34127,1.79228,-0.00687,0.00001,-0.12974,0.36869,60.00000,60.00000,162.65873,0.00000,0.10587,0.01297,1.00000,1.00000,0.00000,0.00000,none
8.25417,89.97851,77.34446,1.79181,-0.00687,0.00001,-0.12819,0.37567,60.00000,60.00000,162.65554,0.00000,0.10587,0.01282,1.00000,1.00000,0.00000,0.00000,none
8.25833,89.97850,77.34765,1.79134,-0.00687,0.00001,-0.12661,0.38253,60.00000,60.00000,162.65235,0.00000,0.10588,0.01266,1.00000,1.00000,0.00000,0.00000,none
8.26250,89.97850,77.35083,1.79088,-0.00687,0.00001,-0.12501,0.38927,60.00000,60.00000,162.64917,0.00000,0.10588,0.01250,1.00000,1.00000,0.00000,0.00000,none
8.26667,89.97850,77.35401,1.79041,-0.00688,0.00001,-0.12337,0.39590,60.00000,60.00000,162.64599,0.00000,0.10589,0.01234,1.00000,1.00000,0.00000,0.00000,none
8.27083,89.97850,77.35720,1.78994,-0.00688,0.00001,-0.12171,0.40240,60.00000,60.00000,162.64280,0.00000,0.10590,0.01217,1.00000,1.00000,0.00000,0.00000,none
8.27500,89.97849,77.36037,1.78948,-0.00688,0.00001,-0.12002,0.40877,60.00000,60.00000,162.63963,0.00000,0.10590,0.01200,1.00000,1.00000,0.00000,0.00000,none
8.27917,89.97849,77.36355,1.78901,-0.00688,0.00001,-0.11830,0.41503,60.00000,60.00000,162.63645,0.00000,0.10591,0.01183,1.00000,1.00000,0.00000,0.00000,none
8.28333,89.97849,77.36673,1.78854,-0.00688,0.00001,-0.11656,0.42115,60.00000,60.00000,162.63327,0.00000,0.10591,0.01166,1.00000,1.00000,0.00000,0.00000,none
8.28750,89.97849,77.36990,1.78808,-0.00688,0.00001,-0.11479,0.42715,60.00000,60.00000,162.63010,0.00000,0.10592,0.01148,1.00000,1.00000,0.00000,0.00000,none
8.29167,89.97849,77.37307,1.78761,-0.00688,0.00001,-0.11300,0.43302,60.00000,60.00000,162.62693,0.00000,0.10593,0.01130,1.00000,1.00000,0.00000,0.00000,none
8.29583,89.97849,77.37624,1.78715,-0.00688,0.00001,-0.11118,0.43877,60.00000,60.00000,162.62376,0.00000,0.10593,0.01112,1.00000,1.00000,0.00000,0.00000,none
8.30000,89.97848,77.37941,1.78669,-0.00689,0.00001,-0.10934,0.44438,60.00000,60.00000,162.62059,0.00000,0.10594,0.01093,1.00000,1.00000,0.00000,0.00000,none
8.30417,89.97848,77.38257,1.78622,-0.00689,0.00001,-0.10748,0.44986,60.00000,60.00000,162.61743,0.00000,0.10594,0.01075,1.00000,1.00000,0.00000,0.00000,none
8.30833,89.97848,77.38573,1.78576,-0.00689,0.00001,-0.10559,0.45521,60.00000,60.00000,162.61427,0.00000,0.10595,0.01056,1.00000,1.00000,0.00000,0.00000,none
8.31250,89.97848,77.38890,1.78529,-0.00689,0.00001,-0.10369,0.46043,60.00000,60.00000,162.61110,0.00000,0.10596,0.01037,1.00000,1.00000,0.00000,0.00000,none
8.31667,89.97848,77.39205,1.78483,-0.00689,0.00000,-0.10176,0.46551,60.00000,60.00000,162.60795,0.00000,0.10596,0.01018,1.00000,1.00000,0.00000,0.00000,none
8.32083,89.97848,77.39521,1.78437,-0.00689,0.00000,-0.09981,0.47045,60.00000,60.00000,162.60479,0.00000,0.10597,0.00998,1.00000,1.00000,0.00000,0.00000,none
8.32500,89.97848,77.39837,1.78391,-0.00689,0.00000,-0.09784,0.47526,60.00000,60.00000,162.60163,0.00000,0.10597,0.00978,1.00000,1.00000,0.00000,0.00000,none
8.32917,89.97848,77.40152,1.78344,-0.00689,0.00000,-0.09585,0.47994,60.00000,60.00000,162.59848,0.00000,0.10598,0.00958,1.00000,1.00000,0.00000,0.00000,none
8.33333,89.97847,77.40467,1.78298,-0.00689,0.00000,-0.09384,0.48447,60.00000,60.00000,162.59533,0.00000,0.10599,0.00938,1.00000,1.00000,0.00000,0.00000,none
8.33750,89.97847,77.40782,1.78252,-0.00690,0.00000,-0.09181,0.48887,60.00000,60.00000,162.59218,0.00000,0.10599,0.00918,1.00000,1.00000,0.00000,0.00000,none
8.34167,89.97847,77.41097,1.78206,-0.00690,0.00000,-0.08976,0.49313,60.00000,60.00000,162.58903,0.00000,0.10600,0.00898,1.00000,1.00000,0.00000,0.00000,none
8.34583,89.97847,77.41411,1.78160,-0.00690,0.00000,-0.08770,0.49724,60.00000,60.00000,162.58589,0.00000,0.10600,0.00877,1.00000,1.00000,0.00000,0.00000,none
8.35000,89.97847,77.41726,1.78114,-0.00690,0.00000,-0.08562,0.50122,60.00000,60.00000,162.58274,0.00000,0.10601,0.00856,1.00000,1.00000,0.00000,0.00000,none
8.35417,89.97847,77.42040,1.78068,-0.00690,0.00000,-0.08352,0.50506,60.00000,60.00000,162.57960,0.00000,0.10602,0.00835,1.00000,1.00000,0.00000,0.00000,none
8.35833,89.97847,77.42354,1.78022,-0.00690,0.00000,-0.08141,0.50875,60.00000,60.00000,162.57646,0.00000,0.10602,0.00814,1.00000,1.00000,0.00000,0.00000,none
8.36250,89.97847,77.42667,1.77976,-0.00690,0.00000,-0.07928,0.51230,60.00000,60.00000,162.57333,0.00000,0.10603,0.00793,1.00000,1.00000,0.00000,0.00000,none
8.36667,89.97847,77.42981,1.77930,-0.00690,-0.00000,-0.07714,0.51571,60.00000,60.00000,162.57019,0.00000,0.10603,0.00771,1.00000,1.00000,0.00000,0.00000,none
8.37083,89.97847,77.43294,1.77884,-0.00690,-0.00000,-0.07499,0.51897,60.00000,60.00000,162.56706,0.00000,0.10604,0.00750,1.00000,1.00000,0.00000,0.00000,none
8.37500,89.97847,77.43607,1.77838,-0.00690,-0.00000,-0.07282,0.52210,60.00000,60.00000,162.56393,0.00000,0.10605,0.00728,1.00000,1.00000,0.00000,0.00000,none
8.37917,89.97847,77.43920,1.77792,-0.00691,-0.00000,-0.07064,0.52507,60.00000,60.00000,162.56080,0.00000,0.10605,0.00706,1.00000,1.00000,0.00000,0.00000,none
8.38333,89.97847,77.44233,1.77746,-0.00691,-0.00000,-0.06844,0.52791,60.00000,60.00000,162.55767,0.00000,0.10606,0.00684,1.00000,1.00000,0.00000,0.00000,none
8.38750,89.97847,77.44546,1.77700,-0.00691,-0.00000,-0.06624,0.53059,60.00000,60.00000,162.55454,0.00000,0.10606,0.00662,1.00000,1.00000,0.00000,0.00000,none
8.39167,89.97847,77.44858,1.77655,-0.00691,-0.00000,-0.06402,0.53314,60.00000,60.00000,162.55142,0.00000,0.10607,0.00640,1.00000,1.00000,0.00000,0.00000,none
8.39583,89.97847,77.45170,1.77609,-0.00691,-0.00000,-0.06179,0.53553,60.00000,60.00000,162.54830,0.00000,0.10607,0.00618,1.00000,1.00000,0.00000,0.00000,none
8.40000,89.97847,77.45482,1.77563,-0.00691,-0.00000,-0.05956,0.53779,60.00000,60.00000,162.54518,0.00000,0.10608,0.00596,1.00000,1.00000,0.00000,0.00000,none
8.40417,89.97848,77.45794,1.77518,-0.00691,-0.00000,-0.05731,0.53989,60.00000,60.00000,162.54206,0.00000,0.10609,0.00573,1.00000,1.00000,0.00000,0.00000,none
8.40833,89.97848,77.46106,1.77472,-0.00691,-0.00000,-0.05506,0.54185,60.00000,60.00000,162.53894,0.00000,0.10609,0.00551,1.00000,1.00000,0.00000,0.00000,none
8.41250,89.97848,77.46417,1.77426,-0.00691,-0.00000,-0.05280,0.54367,60.00000,60.00000,162.53583,0.00000,0.10610,0.00528,1.00000,1.00000,0.00000,0.00000,none
8.41667,89.97848,77.46728,1.77381,-0.00691,-0.00001,-0.05053,0.54534,60.00000,60.00000,162.53272,0.00000,0.10610,0.00505,1.00000,1.00000,0.00000,0.00000,none
8.42083,89.97848,77.47039,1.77335,-0.00691,-0.00001,-0.04825,0.54686,60.00000,60.00000,162.52961,0.00000,0.10611,0.00483,1.00000,1.00000,0.00000,0.00000,none
8.42500,89.97848,77.47350,1.77290,-0.00692,-0.00001,-0.04597,0.54823,60.00000,60.00000,162.52650,0.00000,0.10612,0.00460,1.00000,1.00000,0.00000,0.00000,none
8.42917,89.97848,77.47661,1.77244,-0.00692,-0.00001,-0.04369,0.54946,60.00000,60.00000,162.52339,0.00000,0.10612,0.00437,1.00000,1.00000,0.00000,0.00000,none
8.43333,89.97849,77.47971,1.77199,-0.00692,-0.00001,-0.04139,0.55055,60.00000,60.00000,162.52029,0.00000,0.10613,0.00414,1.00000,1.00000,0.00000,0.00000,none
8.43750,89.97849,77.48281,1.77154,-0.00692,-0.00001,-0.03910,0.55149,60.00000,60.00000,162.51719,0.00000,0.10613,0.00391,1.00000,1.00000,0.00000,0.00000,none
8.44167,89.97849,77.48591,1.77108,-0.00692,-0.00001,-0.03680,0.55228,60.00000,60.00000,162.51409,0.00000,0.10614,0.00368,1.00000,1.00000,0.00000,0.00000,none
8.44583,89.97849,77.48901,1.77063,-0.00692,-0.00001,-0.03450,0.55293,60.00000,60.00000,162.51099,0.00000,0.10615,0.00345,1.00000,1.00000,0.00000,0.00000,none
8.45000,89.97849,77.49211,1.77018,-0.00692,-0.00001,-0.03219,0.55343,60.00000,60.00000,162.50789,0.00000,0.10615,0.00322,1.00000,1.00000,0.00000,0.00000,none
8.45417,89.97850,77.49520,1.76972,-0.00692,-0.00001,-0.02988,0.55379,60.00000,60.00000,162.50480,0.00000,0.10616,0.00299,1.00000,1.00000,0.00000,0.00000,none
8.45833,89.97850,77.49830,1.76927,-0.00692,-0.00001,-0.02758,0.55400,60.00000,60.00000,162.50170,0.00000,0.10616,0.00276,1.00000,1.00000,0.00000,0.00000,none
8.46250,89.97850,77.50139,1.76882,-0.00692,-0.00001,-0.02527,0.55407,60.00000,60.00000,162.49861,0.00000,0.10617,0.00253,1.00000,1.00000,0.00000,0.00000,none
8.46667,89.97850,77.50448,1.76837,-0.00692,-0.00001,-0.02296,0.55399,60.00000,60.00000,162.49552,0.00000,0.10618,0.00230,1.00000,1.00000,0.00000,0.00000,none
8.47083,89.97851,77.50756,1.76791,-0.00692,-0.00001,-0.02065,0.55377,60.00000,60.00000,162.49244,0.00000,0.10618,0.00207,1.00000,1.00000,0.00000,0.00000,none
8.47500,89.97851,77.51065,1.76746,-0.00692,-0.00001,-0.01834,0.55341,60.00000,60.00000,162.48935,0.00000,0.10619,0.00183,1.00000,1.00000,0.00000,0.00000,none
8.47917,89.97851,77.51373,1.76701,-0.00692,-0.00001,-0.01604,0.55291,60.00000,60.00000,162.48627,0.00000,0.10619,0.00160,1.00000,1.00000,0.00000,0.00000,none
8.48333,89.97851,77.51681,1.76656,-0.00693,-0.00001,-0.01374,0.55226,60.00000,60.00000,162.48319,0.00000,0.10620,0.00137,1.00000,1.00000,0.00000,0.00000,none
8.48750,89.97852,77.51989,1.76611,-0.00693,-0.00001,-0.01144,0.55148,60.00000,60.00000,162.48011,0.00000,0.10621,0.00114,1.00000,1.00000,0.00000,0.00000,none
8.49167,89.97852,77.52297,1.76566,-0.00693,-0.00001,-0.00914,0.55055,60.00000,60.00000,162.47703,0.00000,0.10621,0.00091,1.00000,1.00000,0.00000,0.00000,none
8.49583,89.97852,77.52604,1.76521,-0.00693,-0.00001,-0.00685,0.54948,60.00000,60.00000,162.47396,0.00000,0.10622,0.00068,1.00000,1.00000,0.00000,0.00000,none
8.50000,89.97853,77.52912,1.76476,-0.00693,-0.00001,-0.00456,0.54827,60.00000,60.00000,162.47088,0.00000,0.10622,0.00046,1.00000,1.00000,0.00000,0.00000,none
8.50417,89.97853,77.53219,1.76431,-0.00693,-0.00001,-0.00228,0.54693,60.00000,60.00000,162.46781,0.00000,0.10623,0.00023,1.00000,1.00000,0.00000,0.00000,none
8.50833,89.97853,77.53526,1.76386,-0.00693,-0.00002,-0.00000,0.54544,60.00000,60.00000,162.46474,0.00000,0.10623,0.00000,1.00000,1.00000,0.00000,0.00000,none
8.51250,89.97854,77.53833,1.76342,-0.00693,-0.00002,0.00226,0.54388,60.00000,60.00000,162.46167,0.00000,0.10624,0.00019,1.00000,1.00000,0.00000,0.00000,none
8.51667,89.97854,77.54140,1.76297,-0.00693,-0.00002,0.00453,0.54228,60.00000,60.00000,162.45860,0.00000,0.10625,0.00038,1.00000,1.00000,0.00000,0.00000,none
8.52083,89.97855,77.54446,1.76252,-0.00693,-0.00002,0.00678,0.54064,60.00000,60.00000,162.45554,0.00000,0.10625,0.00057,1.00000,1.00000,0.00000,0.00000,none
8.52500,89.97855,77.54752,1.76207,-0.00693,-0.00002,0.00903,0.53898,60.00000,60.00000,162.45248,0.00000,0.10626,0.00075,1.00000,1.00000,0.00000,0.00000,none
8.52917,89.97855,77.55058,1.76162,-0.00693,-0.00002,0.01127,0.53728,60.00000,60.00000,162.44942,0.00000,0.10626,0.00094,1.00000,1.00000,0.00000,0.00000,none
8.53333,89.97856,77.55364,1.76118,-0.00693,-0.00002,0.01351,0.53556,60.00000,60.00000,162.44636,0.00000,0.10627,0.00113,1.00000,1.00000,0.00000,0.00000,none
8.53750,89.97856,77.55670,1.76073,-0.00693,-0.00002,0.01574,0.53380,60.00000,60.00000,162.44330,0.00000,0.10628,0.00131,1.00000,1.00000,0.00000,0.00000,none
8.54167,89.97857,77.55976,1.76028,-0.00693,-0.00002,0.01796,0.53201,60.00000,60.00000,162.44024,0.00000,0.10628,0.00150,1.00000,1.00000,0.00000,0.00000,none
8.54583,89.97857,77.56281,1.75984,-0.00693,-0.00002,0.02017,0.53019,60.00000,60.00000,162.43719,0.00000,0.10629,0.00168,1.00000,1.00000,0.00000,0.00000,none
8.55000,89.97858,77.56586,1.75939,-0.00694,-0.00002,0.02238,0.52834,60.00000,60.00000,162.43414,0.00000,0.10629,0.00186,1.00000,1.00000,0.00000,0.00000,none
8.55417,89.97858,77.56891,1.75895,-0.00694,-0.00002,0.02457,0.52646,60.00000,60.00000,162.43109,0.00000,0.10630,0.00205,1.00000,1.00000,0.00000,0.00000,none
8.55833,89.97858,77.57196,1.75850,-0.00694,-0.00002,0.02676,0.52455,60.00000,60.00000,162.42804,0.00000,0.10631,0.00223,1.00000,1.00000,0.00000,0.00000,none
8.56250,89.97859,77.57501,1.75805,-0.00694,-0.00002,0.02895,0.52262,60.00000,60.00000,162.42499,0.00000,0.10631,0.00241,1.00000,1.00000,0.00000,0.00000,none
8.56667,89.97859,77.57805,1.75761,-0.00694,-0.00002,0.03112,0.52065,60.00000,60.00000,162.42195,0.00000,0.10632,0.00259,1.00000,1.00000,0.00000,0.00000,none
8.57083,89.97860,77.58109,1.75717,-0.00694,-0.00002,0.03328,0.51865,60.00000,60.00000,162.41891,0.00000,0.10632,0.00277,1.00000,1.00000,0.00000,0.00000,none
8.57500,89.97860,77.58414,1.75672,-0.00694,-0.00002,0.03544,0.51663,60.00000,60.00000,162.41586,0.00000,0.10633,0.00295,1.00000,1.00000,0.00000,0.00000,none
8.57917,89.97861,77.58718,1.75628,-0.00694,-0.00002,0.03759,0.51457,60.00000,60.00000,162.41282,0.00000,0.10634,0.00313,1.00000,1.00000,0.00000,0.00000,none
8.58333,89.97861,77.59021,1.75583,-0.00694,-0.00002,0.03973,0.51249,60.00000,60.00000,162.40979,0.00000,0.10634,0.00331,1.00000,1.00000,0.00000,0.00000,none
8.58750,89.97862,77.59325,1.75539,-0.00694,-0.00002,0.04186,0.51038,60.00000,60.00000,162.40675,0.00000,0.10635,0.00349,1.00000,1.00000,0.00000,0.00000,none
8.59167,89.97862,77.59628,1.75495,-0.00694,-0.00002,0.04398,0.50824,60.00000,60.00000,162.40372,0.00000,0.10635,0.00367,1.00000,1.00000,0.00000,0.00000,none
8.59583,89.97863,77.59931,1.75450,-0.00694,-0.00002,0.04610,0.50607,60.00000,60.00000,162.40069,0.00000,0.10636,0.00384,1.00000,1.00000,0.00000,0.00000,none
8.60000,89.97863,77.60234,1.75406,-0.00694,-0.00002,0.04820,0.50388,60.00000,60.00000,162.39766,0.00000,0.10637,0.00402,1.00000,1.00000,0.00000,0.00000,none
8.60417,89.97864,77.60537,1.75362,-0.00694,-0.00002,0.05029,0.50166,60.00000,60.00000,162.39463,0.00000,0.10637,0.00419,1.00000,1.00000,0.00000,0.00000,none
8.60833,89.97864,77.60840,1.75318,-0.00694,-0.00002,0.05238,0.49941,60.00000,60.00000,162.39160,0.00000,0.10638,0.00436,1.00000,1.00000,0.00000,0.00000,none
8.61250,89.97865,77.61142,1.75274,-0.00694,-0.00002,0.05446,0.49713,60.00000,60.00000,162.38858,0.00000,0.10638,0.00454,1.00000,1.00000,0.00000,0.00000,none
8.61667,89.97865,77.61445,1.75229,-0.00694,-0.00002,0.05652,0.49483,60.00000,60.00000,162.38555,0.00000,0.10639,0.00471,1.00000,1.00000,0.00000,0.00000,none
8.62083,89.97866,77.61747,1.75185,-0.00694,-0.00002,0.05858,0.49250,60.00000,60.00000,162.38253,0.00000,0.10639,0.00488,1.00000,1.00000,0.00000,0.00000,none
8.62500,89.97867,77.62049,1.75141,-0.00695,-0.00002,0.06063,0.49015,60.00000,60.00000,162.37951,0.00000,0.10640,0.00505,1.00000,1.00000,0.00000,0.00000,none
8.62917,89.97867,77.62351,1.75097,-0.00695,-0.00002,0.06266,0.48777,60.00000,60.00000,162.37649,0.00000,0.10641,0.00522,1.00000,1.00000,0.00000,0.00000,none
8.63333,89.97868,77.62652,1.75053,-0.00695,-0.00002,0.06469,0.48536,60.00000,60.00000,162.37348,0.00000,0.10641,0.00539,1.00000,1.00000,0.00000,0.00000,none
8.63750,89.97868,77.62954,1.75009,-0.00695,-0.00002,0.06671,0.48293,60.00000,60.00000,162.37046,0.00000,0.10642,0.00556,1.00000,1.00000,0.00000,0.00000,none
8.64167,89.97869,77.63255,1.74965,-0.00695,-0.00002,0.06872,0.48047,60.00000,60.00000,162.36745,0.00000,0.10642,0.00573,1.00000,1.00000,0.00000,0.00000,none
8.64583,89.97869,77.63556,1.74921,-0.00695,-0.00002,0.07071,0.47799,60.00000,60.00000,162.36444,0.00000,0.10643,0.00589,1.00000,1.00000,0.00000,0.00000,none
8.65000,89.97870,77.63857,1.74877,-0.00695,-0.00002,0.07270,0.47549,60.00000,60.00000,162.36143,0.00000,0.10644,0.00606,1.00000,1.00000,0.00000,0.00000,none
8.65417,89.97870,77.64157,1.74833,-0.00695,-0.00002,0.07467,0.47296,60.00000,60.00000,162.35843,0.00000,0.10644,0.00622,1.00000,1.00000,0.00000,0.00000,none
8.65833,89.97871,77.64458,1.74789,-0.00695,-0.00002,0.07664,0.47040,60.00000,60.00000,162.35542,0.00000,0.10645,0.00639,1.00000,1.00000,0.00000,0.00000,none
8.66250,89.97872,77.64758,1.74746,-0.00695,-0.00002,0.07859,0.46783,60.00000,60.00000,162.35242,0.00000,0.10645,0.00655,1.00000,1.00000,0.00000,0.00000,none
8.66667,89.97872,77.65058,1.74702,-0.00695,-0.00002,0.08054,0.46523,60.00000,60.00000,162.34942,0.00000,0.10646,0.00671,1.00000,1.00000,0.00000,0.00000,none
8.67083,89.97873,77.65358,1.74658,-0.00695,-0.00002,0.08247,0.46260,60.00000,60.00000,162.34642,0.00000,0.10647,0.00687,1.00000,1.00000,0.00000,0.00000,none
8.67500,89.97873,77.65658,1.74614,-0.00695,-0.00002,0.08439,0.45995,60.00000,60.00000,162.34342,0.00000,0.10647,0.00703,1.00000,1.00000,0.00000,0.00000,none
8.67917,89.97874,77.65958,1.74571,-0.00695,-0.00002,0.08630,0.45728,60.00000,60.00000,162.34042,0.00000,0.10648,0.00719,1.00000,1.00000,0.00000,0.00000,none
8.68333,89.97874,77.66257,1.74527,-0.00695,-0.00002,0.08820,0.45459,60.00000,60.00000,162.33743,0.00000,0.10648,0.00735,1.00000,1.00000,0.00000,0.00000,none
8.68750,89.97875,77.66557,1.74483,-0.00695,-0.00002,0.09009,0.45187,60.00000,60.00000,162.33443,0.00000,0.10649,0.00751,1.00000,1.00000,0.00000,0.00000,none
8.69167,89.97876,77.66856,1.74440,-0.00695,-0.00002,0.09197,0.44914,60.00000,60.00000,162.33144,0.00000,0.10649,0.00766,1.00000,1.00000,0.00000,0.00000,none
8.69583,89.97876,77.67155,1.74396,-0.00695,-0.00002,0.09384,0.44638,60.00000,60.00000,162.32845,0.00000,0.10650,0.00782,1.00000,1.00000,0.00000,0.00000,none
8.70000,89.97877,77.67453,1.74352,-0.00695,-0.00002,0.09569,0.44360,60.00000,60.00000,162.32547,0.00000,0.10651,0.00797,1.00000,1.00000,0.00000,0.00000,none
8.70417,89.97877,77.67752,1.74309,-0.00696,-0.00002,0.09753,0.44080,60.00000,60.00000,162.32248,0.00000,0.10651,0.00813,1.00000,1.00000,0.00000,0.00000,none
8.70833,89.97878,77.68050,1.74265,-0.00696,-0.00002,0.09936,0.43797,60.00000,60.00000,162.31950,0.00000,0.10652,0.00828,1.00000,1.00000,0.00000,0.00000,none
8.71250,89.97878,77.68348,1.74222,-0.00696,-0.00002,0.10118,0.43513,60.00000,60.00000,162.31652,0.00000,0.10652,0.00843,1.00000,1.00000,0.00000,0.00000,none
8.71667,89.97879,77.68646,1.74178,-0.00696,-0.00002,0.10299,0.43226,60.00000,60.00000,162.31354,0.00000,0.10653,0.00858,1.00000,1.00000,0.00000,0.00000,none
8.72083,89.97880,77.68944,1.74135,-0.00696,-0.00002,0.10478,0.42938,60.00000,60.00000,162.31056,0.00000,0.10654,0.00873,1.00000,1.00000,0.00000,0.00000,none
8.72500,89.97880,77.69242,1.74091,-0.00696,-0.00002,0.10657,0.42647,60.00000,60.00000,162.30758,0.00000,0.10654,0.00888,1.00000,1.00000,0.00000,0.00000,none
8.72917,89.97881,77.69539,1.74048,-0.00696,-0.00002,0.10834,0.42355,60.00000,60.00000,162.30461,0.00000,0.10655,0.00903,1.00000,1.00000,0.00000,0.00000,none
8.73333,89.97881,77.69837,1.74005,-0.00696,-0.00003,0.11010,0.42061,60.00000,60.00000,162.30163,0.00000,0.10655,0.00917,1.00000,1.00000,0.00000,0.00000,none
8.73750,89.97882,77.70134,1.73961,-0.00696,-0.00003,0.11184,0.41764,60.00000,60.00000,162.29866,0.00000,0.10656,0.00932,1.00000,1.00000,0.00000,0.00000,none
8.74167,89.97883,77.70431,1.73918,-0.00696,-0.00003,0.11358,0.41466,60.00000,60.00000,162.29569,0.00000,0.10657,0.00946,1.00000,1.00000,0.00000,0.00000,none
8.74583,89.97883,77.70728,1.73875,-0.00696,-0.00003,0.11530,0.41166,60.00000,60.00000,162.29272,0.00000,0.10657,0.00961,1.00000,1.00000,0.00000,0.00000,none
8.75000,89.97884,77.71024,1.73831,-0.00696,-0.00003,0.11701,0.40864,60.00000,60.00000,162.28976,0.00000,0.10658,0.00975,1.00000,1.00000,0.00000,0.00000,none
8.75417,89.97884,77.71321,1.73788,-0.00696,-0.00003,0.11870,0.40560,60.00000,60.00000,162.28679,0.00000,0.10658,0.00989,1.00000,1.00000,0.00000,0.00000,none
8.75833,89.97885,77.71617,1.73745,-0.00696,-0.00003,0.12039,0.40255,60.00000,60.00000,162.28383,0.00000,0.10659,0.01003,1.00000,1.00000,0.00000,0.00000,none
8.76250,89.97886,77.71913,1.73702,-0.00696,-0.00003,0.12206,0.39948,60.00000,60.00000,162.28087,0.00000,0.10660,0.01017,1.00000,1.00000,0.00000,0.00000,none
8.76667,89.97886,77.72209,1.73658,-0.00696,-0.00003,0.12372,0.39639,60.00000,60.00000,162.27791,0.00000,0.10660,0.01031,1.00000,1.00000,0.00000,0.00000,none
8.77083,89.97887,77.72505,1.73615,-0.00696,-0.00003,0.12536,0.39328,60.00000,60.00000,162.27495,0.00000,0.10661,0.01045,1.00000,1.00000,0.00000,0.00000,none
8.77500,89.97887,77.72800,1.73572,-0.00696,-0.00003,0.12699,0.39016,60.00000,60.00000,162.27200,0.00000,0.10661,0.01058,1.00000,1.00000,0.00000,0.00000,none
8.77917,89.97888,77.73096,1.73529,-0.00697,-0.00003,0.12861,0.38701,60.00000,60.00000,162.26904,0.00000,0.10662,0.01072,1.00000,1.00000,0.00000,0.00000,none
8.78333,89.97889,77.73391,1.73486,-0.00697,-0.00003,0.13022,0.38386,60.00000,60.00000,162.26609,0.00000,0.10662,0.01085,1.00000,1.00000,0.00000,0.00000,none
8.78750,89.97889,77.73686,1.73443,-0.00697,-0.00003,0.13181,0.38068,60.00000,60.00000,162.26314,0.00000,0.10663,0.01098,1.00000,1.00000,0.00000,0.00000,none
8.79167,89.97890,77.73981,1.73400,-0.00697,-0.00003,0.13339,0.37750,60.00000,60.00000,162.26019,0.00000,0.10664,0.01112,1.00000,1.00000,0.00000,0.00000,none
8.79583,89.97891,77.74276,1.73357,-0.00697,-0.00003,0.13496,0.37429,60.00000,60.00000,162.25724,0.00000,0.10664,0.01125,1.00000,1.00000,0.00000,0.00000,none
8.80000,89.97891,77.74570,1.73314,-0.00697,-0.00003,0.13651,0.37107,60.00000,60.00000,162.25430,0.00000,0.10665,0.01138,1.00000,1.00000,0.00000,0.00000,none
8.80417,89.97892,77.74864,1.73271,-0.00697,-0.00003,0.13805,0.36784,60.00000,60.00000,162.25136,0.00000,0.10665,0.01150,1.00000,1.00000,0.00000,0.00000,none
8.80833,89.97892,77.75159,1.73228,-0.00697,-0.00003,0.13958,0.36459,60.00000,60.00000,162.24841,0.00000,0.10666,0.01163,1.00000,1.00000,0.00000,0.00000,none
8.81250,89.97893,77.75453,1.73185,-0.00697,-0.00003,0.14109,0.36132,60.00000,60.00000,162.24547,0.00000,0.10667,0.01176,1.00000,1.00000,0.00000,0.00000,none
8.81667,89.97894,77.75746,1.73143,-0.00697,-0.00003,0.14259,0.35805,60.00000,60.00000,162.24254,0.00000,0.10667,0.01188,1.00000,1.00000,0.00000,0.00000,none
8.82083,89.97894,77.76040,1.73100,-0.00697,-0.00003,0.14407,0.35475,60.00000,60.00000,162.23960,0.00000,0.10668,0.01201,1.00000,1.00000,0.00000,0.00000,none
8.82500,89.97895,77.76334,1.73057,-0.00697,-0.00003,0.14554,0.35145,60.00000,60.00000,162.23666,0.00000,0.10668,0.01213,1.00000,1.00000,0.00000,0.00000,none
8.82917,89.97895,77.76627,1.73014,-0.00697,-0.00003,0.14700,0.34813,60.00000,60.00000,162.23373,0.00000,0.10669,0.01225,1.00000,1.00000,0.00000,0.00000,none
8.83333,89.97896,77.76920,1.72971,-0.00697,-0.00003,0.14844,0.34480,60.00000,60.00000,162.23080,0.00000,0.10669,0.01237,1.00000,1.00000,0.00000,0.00000,none
8.83750,89.97897,77.77213,1.72929,-0.00697,-0.00003,0.14987,0.34145,60.00000,60.00000,162.22787,0.00000,0.10670,0.01249,1.00000,1.00000,0.00000,0.00000,none
8.84167,89.97897,77.77506,1.72886,-0.00697,-0.00003,0.15129,0.33809,60.00000,60.00000,162.22494,0.00000,0.10671,0.01261,1.00000,1.00000,0.00000,0.00000,none
8.84583,89.97898,77.77798,1.72843,-0.00697,-0.00003,0.15269,0.33472,60.00000,60.00000,162.22202,0.00000,0.10671,0.01272,1.00000,1.00000,0.00000,0.00000,none
8.85000,89.97899,77.78091,1.72801,-0.00698,-0.00003,0.15408,0.33134,60.00000,60.00000,162.21909,0.00000,0.10672,0.01284,1.00000,1.00000,0.00000,0.00000,none
8.85417,89.97899,77.78383,1.72758,-0.00698,-0.00003,0.15545,0.32795,60.00000,60.00000,162.21617,0.00000,0.10672,0.01295,1.00000,1.00000,0.00000,0.00000,none
8.85833,89.97900,77.78675,1.72715,-0.00698,-0.00003,0.15681,0.32454,60.00000,60.00000,162.21325,0.00000,0.10673,0.01307,1.00000,1.00000,0.00000,0.00000,none
8.86250,89.97901,77.78967,1.72673,-0.00698,-0.00003,0.15816,0.32113,60.00000,60.00000,162.21033,0.00000,0.10674,0.01318,1.00000,1.00000,0.00000,0.00000,none
8.86667,89.97901,77.79259,1.72630,-0.00698,-0.00003,0.15949,0.31770,60.00000,60.00000,162.20741,0.00000,0.10674,0.01329,1.00000,1.00000,0.00000,0.00000,none
8.87083,89.97902,77.79551,1.72588,-0.00698,-0.00003,0.16080,0.31426,60.00000,60.00000,162.20449,0.00000,0.10675,0.01340,1.00000,1.00000,0.00000,0.00000,none
8.87500,89.97902,77.79842,1.72545,-0.00698,-0.00003,0.16211,0.31081,60.00000,60.00000,162.20158,0.00000,0.10675,0.01351,1.00000,1.00000,0.00000,0.00000,none
8.87917,89.97903,77.80133,1.72503,-0.00698,-0.00003,0.16339,0.30735,60.00000,60.00000,162.19867,0.00000,0.10676,0.01362,1.00000,1.00000,0.00000,0.00000,none
8.88333,89.97904,77.80425,1.72460,-0.00698,-0.00003,0.16467,0.30388,60.00000,60.00000,162.19575,0.00000,0.10677,0.01372,1.00000,1.00000,0.00000,0.00000,none
8.88750,89.97904,77.80715,1.72418,-0.00698,-0.00003,0.16593,0.30040,60.00000,60.00000,162.19285,0.00000,0.10677,0.01383,1.00000,1.00000,0.00000,0.00000,none
8.89167,89.97905,77.81006,1.72376,-0.00698,-0.00003,0.16717,0.29692,60.00000,60.00000,162.18994,0.00000,0.10678,0.01393,1.00000,1.00000,0.00000,0.00000,none
8.89583,89.97906,77.81297,1.72333,-0.00698,-0.00003,0.16840,0.29342,60.00000,60.00000,162.18703,0.00000,0.10678,0.01403,1.00000,1.00000,0.00000,0.00000,none
8.90000,89.97906,77.81587,1.72291,-0.00698,-0.00003,0.16962,0.28991,60.00000,60.00000,162.18413,0.00000,0.10679,0.01413,1.00000,1.00000,0.00000,0.00000,none
8.90417,89.97907,77.81878,1.72249,-0.00698,-0.00003,0.17082,0.28640,60.00000,60.00000,162.18122,0.00000,0.10679,0.01423,1.00000,1.00000,0.00000,0.00000,none
8.90833,89.97907,77.82168,1.72206,-0.00698,-0.00003,0.17200,0.28287,60.00000,60.00000,162.17832,0.00000,0.10680,0.01433,1.00000,1.00000,0.00000,0.00000,none
8.91250,89.97908,77.82458,1.72164,-0.00698,-0.00003,0.17317,0.27934,60.00000,60.00000,162.17542,0.00000,0.10681,0.01443,1.00000,1.00000,0.00000,0.00000,none
8.91667,89.97909,77.82747,1.72122,-0.00699,-0.00003,0.17433,0.27580,60.00000,60.00000,162.17253,0.00000,0.10681,0.01453,1.00000,1.00000,0.00000,0.00000,none
8.92083,89.97909,77.83037,1.72080,-0.00699,-0.00003,0.17547,0.27226,60.00000,60.00000,162.16963,0.00000,0.10682,0.01462,1.00000,1.00000,0.00000,0.00000,none
8.92500,89.97910,77.83326,1.72038,-0.00699,-0.00003,0.17660,0.26870,60.00000,60.00000,162.16674,0.00000,0.10682,0.01472,1.00000,1.00000,0.00000,0.00000,none
8.92917,89.97911,77.83616,1.71995,-0.00699,-0.00003,0.17771,0.26514,60.00000,60.00000,162.16384,0.00000,0.10683,0.01481,1.00000,1.00000,0.00000,0.00000,none
8.93333,89.97911,77.83905,1.71953,-0.00699,-0.00003,0.17881,0.26157,60.00000,60.00000,162.16095,0.00000,0.10684,0.01490,1.00000,1.00000,0.00000,0.00000,none
8.93750,89.97912,77.84194,1.71911,-0.00699,-0.00003,0.17989,0.25800,60.00000,60.00000,162.15806,0.00000,0.10684,0.01499,1.00000,1.00000,0.00000,0.00000,none
8.94167,89.97913,77.84482,1.71869,-0.00699,-0.00003,0.18096,0.25442,60.00000,60.00000,162.15518,0.00000,0.10685,0.01508,1.00000,1.00000,0.00000,0.00000,none
8.94583,89.97913,77.84771,1.71827,-0.00699,-0.00003,0.18201,0.25083,60.00000,60.00000,162.15229,0.00000,0.10685,0.01517,1.00000,1.00000,0.00000,0.00000,none
8.95000,89.97914,77.85059,1.71785,-0.00699,-0.00003,0.18305,0.24724,60.00000,60.00000,162.14941,0.00000,0.10686,0.01525,1.00000,1.00000,0.00000,0.00000,none
8.95417,89.97914,77.85348,1.71743,-0.00699,-0.00003,0.18407,0.24364,60.00000,60.00000,162.14652,0.00000,0.10686,0.01534,1.00000,1.00000,0.00000,0.00000,none
8.95833,89.97915,77.85636,1.71701,-0.00699,-0.00003,0.18508,0.24004,60.00000,60.00000,162.14364,0.00000,0.10687,0.01542,1.00000,1.00000,0.00000,0.00000,none
8.96250,89.97916,77.85924,1.71659,-0.00699,-0.00003,0.18607,0.23643,60.00000,60.00000,162.14076,0.00000,0.10688,0.01551,1.00000,1.00000,0.00000,0.00000,none
8.96667,89.97916,77.86211,1.71617,-0.00699,-0.00003,0.18705,0.23282,60.00000,60.00000,162.13789,0.00000,0.10688,0.01559,1.00000,1.00000,0.00000,0.00000,none
8.97083,89.97917,77.86499,1.71575,-0.00699,-0.00003,0.18801,0.22920,60.00000,60.00000,162.13501,0.00000,0.10689,0.01567,1.00000,1.00000,0.00000,0.00000,none
8.97500,89.97918,77.86786,1.71533,-0.00699,-0.00003,0.18896,0.22558,60.00000,60.00000,162.13214,0.00000,0.10689,0.01575,1.00000,1.00000,0.00000,0.00000,none
8.97917,89.97918,77.87074,1.71492,-0.00699,-0.00003,0.18989,0.22195,60.00000,60.00000,162.12926,0.00000,0.10690,0.01582,1.00000,1.00000,0.00000,0.00000,none
8.98333,89.97919,77.87361,1.71450,-0.00700,-0.00003,0.19081,0.21832,60.00000,60.00000,162.12639,0.00000,0.10691,0.01590,1.00000,1.00000,0.00000,0.00000,none
8.98750,89.97920,77.87648,1.71408,-0.00700,-0.00003,0.19171,0.21469,60.00000,60.00000,162.12352,0.00000,0.10691,0.01598,1.00000,1.00000,0.00000,0.00000,none
8.99167,89.97920,77.87935,1.71366,-0.00700,-0.00003,0.19260,0.21105,60.00000,60.00000,162.12065,0.00000,0.10692,0.01605,1.00000,1.00000,0.00000,0.00000,none
8.99583,89.97921,77.88221,1.71324,-0.00700,-0.00003,0.19347,0.20741,60.00000,60.00000,162.11779,0.00000,0.10692,0.01612,1.00000,1.00000,0.00000,0.00000,none
9.00000,89.97922,77.88508,1.71283,-0.00700,-0.00003,0.19433,0.20377,60.00000,60.00000,162.11492,0.00000,0.10693,0.01619,1.00000,1.00000,0.00000,0.00000,none
9.00417,89.97922,77.88794,1.71241,-0.00700,-0.00003,0.19517,0.20013,60.00000,60.00000,162.11206,0.00000,0.10694,0.01626,1.00000,1.00000,0.00000,0.00000,none
9.00833,89.97923,77.89080,1.71199,-0.00700,-0.00003,0.19599,0.19648,60.00000,60.00000,162.10920,0.00000,0.10694,0.01633,1.00000,1.00000,0.00000,0.00000,none
9.01250,89.97923,77.89366,1.71158,-0.00700,-0.00003,0.19681,0.19283,60.00000,60.00000,162.10634,0.00000,0.10695,0.01640,1.00000,1.00000,0.00000,0.00000,none
9.01667,89.97924,77.89652,1.71116,-0.00700,-0.00003,0.19760,0.18918,60.00000,60.00000,162.10348,0.00000,0.10695,0.01647,1.00000,1.00000,0.00000,0.00000,none
9.02083,89.97925,77.89937,1.71074,-0.00700,-0.00003,0.19838,0.18553,60.00000,60.00000,162.10063,0.00000,0.10696,0.01653,1.00000,1.00000,0.00000,0.00000,none
9.02500,89.97925,77.90223,1.71033,-0.00700,-0.00003,0.19915,0.18188,60.00000,60.00000,162.09777,0.00000,0.10696,0.01660,1.00000,1.00000,0.00000,0.00000,none
9.02917,89.97926,77.90508,1.70991,-0.00700,-0.00003,0.19990,0.17822,60.00000,60.00000,162.09492,0.00000,0.10697,0.01666,1.00000,1.00000,0.00000,0.00000,none
9.03333,89.97927,77.90793,1.70950,-0.00700,-0.00003,0.20063,0.17457,60.00000,60.00000,162.09207,0.00000,0.10698,0.01672,1.00000,1.00000,0.00000,0.00000,none
9.03750,89.97927,77.91078,1.70908,-0.00700,-0.00003,0.20135,0.17092,60.00000,60.00000,162.08922,0.00000,0.10698,0.01678,1.00000,1.00000,0.00000,0.00000,none
9.04167,89.97928,77.91363,1.70867,-0.00700,-0.00003,0.20206,0.16726,60.00000,60.00000,162.08637,0.00000,0.10699,0.01684,1.00000,1.00000,0.00000,0.00000,none
9.04583,89.97929,77.91648,1.70825,-0.00701,-0.00003,0.20275,0.16360,60.00000,60.00000,162.08352,0.00000,0.10699,0.01690,1.00000,1.00000,0.00000,0.00000,none
9.05000,89.97929,77.91932,1.70784,-0.00701,-0.00003,0.20342,0.15995,60.00000,60.00000,162.08068,0.00000,0.10700,0.01695,1.00000,1.00000,0.00000,0.00000,none
9.05417,89.97930,77.92217,1.70742,-0.00701,-0.00003,0.20408,0.15630,60.00000,60.00000,162.07783,0.00000,0.10701,0.01701,1.00000,1.00000,0.00000,0.00000,none
9.05833,89.97930,77.92501,1.70701,-0.00701,-0.00003,0.20472,0.15264,60.00000,60.00000,162.07499,0.00000,0.10701,0.01706,1.00000,1.00000,0.00000,0.00000,none
9.06250,89.97931,77.92785,1.70660,-0.00701,-0.00003,0.20535,0.14899,60.00000,60.00000,162.07215,0.00000,0.10702,0.01711,1.00000,1.00000,0.00000,0.00000,none
9.06667,89.97932,77.93069,1.70618,-0.00701,-0.00003,0.20596,0.14534,60.00000,60.00000,162.06931,0.00000,0.10702,0.01716,1.00000,1.00000,0.00000,0.00000,none
9.07083,89.97932,77.93353,1.70577,-0.00701,-0.00003,0.20656,0.14169,60.00000,60.00000,162.06647,0.00000,0.10703,0.01721,1.00000,1.00000,0.00000,0.00000,none
9.07500,89.97933,77.93636,1.70536,-0.00701,-0.00003,0.20715,0.13804,60.00000,60.00000,162.06364,0.00000,0.10703,0.01726,1.00000,1.00000,0.00000,0.00000,none
9.07917,89.97934,77.93919,1.70494,-0.00701,-0.00003,0.20771,0.13439,60.00000,60.00000,162.06081,0.00000,0.10704,0.01731,1.00000,1.00000,0.00000,0.00000,none
9.08333,89.97934,77.94203,1.70453,-0.00701,-0.00003,0.20827,0.13075,60.00000,60.00000,162.05797,0.00000,0.10705,0.01736,1.00000,1.00000,0.00000,0.00000,none
9.08750,89.97935,77.94486,1.70412,-0.00701,-0.00003,0.20880,0.12711,60.00000,60.00000,162.05514,0.00000,0.10705,0.01740,1.00000,1.00000,0.00000,0.00000,none
9.09167,89.97936,77.94769,1.70371,-0.00701,-0.00003,0.20932,0.12347,60.00000,60.00000,162.05231,0.00000,0.10706,0.01744,1.00000,1.00000,0.00000,0.00000,none
9.09583,89.97936,77.95051,1.70330,-0.00701,-0.00003,0.20983,0.11983,60.00000,60.00000,162.04949,0.00000,0.10706,0.01749,1.00000,1.00000,0.00000,0.00000,none
9.10000,89.97937,77.95334,1.70289,-0.00701,-0.00003,0.21032,0.11620,60.00000,60.00000,162.04666,0.00000,0.10707,0.01753,1.00000,1.00000,0.00000,0.00000,none
9.10417,89.97937,77.95616,1.70247,-0.00702,-0.00003,0.21080,0.11257,60.00000,60.00000,162.04384,0.00000,0.10708,0.01757,1.00000,1.00000,0.00000,0.00000,none
9.10833,89.97938,77.95899,1.70206,-0.00702,-0.00003,0.21126,0.10895,60.00000,60.00000,162.04101,0.00000,0.10708,0.01761,1.00000,1.00000,0.00000,0.00000,none
9.11250,89.97939,77.96181,1.70165,-0.00702,-0.00003,0.21171,0.10532,60.00000,60.00000,162.03819,0.00000,0.10709,0.01764,1.00000,1.00000,0.00000,0.00000,none
9.11667,89.97939,77.96463,1.70124,-0.00702,-0.00003,0.21214,0.10171,60.00000,60.00000,162.03537,0.00000,0.10709,0.01768,1.00000,1.00000,0.00000,0.00000,none
9.12083,89.97940,77.96744,1.70083,-0.00702,-0.00003,0.21256,0.09809,60.00000,60.00000,162.03256,0.00000,0.10710,0.01771,1.00000,1.00000,0.00000,0.00000,none
9.12500,89.97941,77.97026,1.70042,-0.00702,-0.00003,0.21296,0.09448,60.00000,60.00000,162.02974,0.00000,0.10710,0.01775,1.00000,1.00000,0.00000,0.00000,none
9.12917,89.97941,77.97308,1.70001,-0.00702,-0.00003,0.21334,0.09088,60.00000,60.00000,162.02692,0.00000,0.10711,0.01778,1.00000,1.00000,0.00000,0.00000,none
9.13333,89.97942,77.97589,1.69960,-0.00702,-0.00003,0.21371,0.08728,60.00000,60.00000,162.02411,0.00000,0.10712,0.01781,1.00000,1.00000,0.00000,0.00000,none
9.13750,89.97942,77.97870,1.69919,-0.00702,-0.00003,0.21407,0.08369,60.00000,60.00000,162.02130,0.00000,0.10712,0.01784,1.00000,1.00000,0.00000,0.00000,none
9.14167,89.97943,77.98151,1.69878,-0.00702,-0.00003,0.21441,0.08010,60.00000,60.00000,162.01849,0.00000,0.10713,0.01787,1.00000,1.00000,0.00000,0.00000,none
9.14583,89.97944,77.98432,1.69838,-0.00702,-0.00003,0.21474,0.07651,60.00000,60.00000,162.01568,0.00000,0.10713,0.01789,1.00000,1.00000,0.00000,0.00000,none
9.15000,89.97944,77.98713,1.69797,-0.00702,-0.00003,0.21505,0.07294,60.00000,60.00000,162.01287,0.00000,0.10714,0.01792,1.00000,1.00000,0.00000,0.00000,none
9.15417,89.97945,77.98993,1.69756,-0.00702,-0.00003,0.21535,0.06936,60.00000,60.00000,162.01007,0.00000,0.10714,0.01795,1.00000,1.00000,0.00000,0.00000,none
9.15833,89.97946,77.99273,1.69715,-0.00702,-0.00003,0.21563,0.06580,60.00000,60.00000,162.00727,0.00000,0.10715,0.01797,1.00000,1.00000,0.00000,0.00000,none
9.16250,89.97946,77.99554,1.69674,-0.00703,-0.00003,0.21589,0.06224,60.00000,60.00000,162.00446,0.00000,0.10716,0.01799,1.00000,1.00000,0.00000,0.00000,none
9.16667,89.97947,77.99834,1.69633,-0.00703,-0.00003,0.21615,0.05869,60.00000,60.00000,162.00166,0.00000,0.10716,0.01801,1.00000,1.00000,0.00000,0.00000,none
9.17083,89.97947,78.00114,1.69593,-0.00703,-0.00003,0.21638,0.05514,60.00000,60.00000,161.99886,0.00000,0.10717,0.01803,1.00000,1.00000,0.00000,0.00000,none
9.17500,89.97948,78.00393,1.69552,-0.00703,-0.00003,0.21660,0.05161,60.00000,60.00000,161.99607,0.00000,0.10717,0.01805,1.00000,1.00000,0.00000,0.00000,none
9.17917,89.97949,78.00673,1.69511,-0.00703,-0.00003,0.21681,0.04808,60.00000,60.00000,161.99327,0.00000,0.10718,0.01807,1.00000,1.00000,0.00000,0.00000,none
9.18333,89.97949,78.00952,1.69471,-0.00703,-0.00003,0.21701,0.04455,60.00000,60.00000,161.99048,0.00000,0.10719,0.01808,1.00000,1.00000,0.00000,0.00000,none
9.18750,89.97950,78.01232,1.69430,-0.00703,-0.00003,0.21718,0.04104,60.00000,60.00000,161.98768,0.00000,0.10719,0.01810,1.00000,1.00000,0.00000,0.00000,none
9.19167,89.97951,78.01511,1.69389,-0.00703,-0.00003,0.21735,0.03753,60.00000,60.00000,161.98489,0.00000,0.10720,0.01811,1.00000,1.00000,0.00000,0.00000,none
9.19583,89.97951,78.01790,1.69349,-0.00703,-0.00003,0.21750,0.03403,60.00000,60.00000,161.98210,0.00000,0.10720,0.01812,1.00000,1.00000,0.00000,0.00000,none
9.20000,89.97952,78.02069,1.69308,-0.00703,-0.00003,0.21763,0.03054,60.00000,60.00000,161.97931,0.00000,0.10721,0.01814,1.00000,1.00000,0.00000,0.00000,none
9.20417,89.97952,78.02347,1.69268,-0.00703,-0.00003,0.21775,0.02706,60.00000,60.00000,161.97653,0.00000,0.10721,0.01815,1.00000,1.00000,0.00000,0.00000,none
9.20833,89.97953,78.02626,1.69227,-0.00703,-0.00003,0.21786,0.02359,60.00000,60.00000,161.97374,0.00000,0.10722,0.01815,1.00000,1.00000,0.00000,0.00000,none
9.21250,89.97954,78.02904,1.69187,-0.00703,-0.00003,0.21795,0.02012,60.00000,60.00000,161.97096,0.00000,0.10723,0.01816,1.00000,1.00000,0.00000,0.00000,none
9.21667,89.97954,78.03182,1.69146,-0.00704,-0.00003,0.21802,0.01667,60.00000,60.00000,161.96818,0.00000,0.10723,0.01817,1.00000,1.00000,0.00000,0.00000,none
9.22083,89.97955,78.03460,1.69106,-0.00704,-0.00003,0.21809,0.01322,60.00000,60.00000,161.96540,0.00000,0.10724,0.01817,1.00000,1.00000,0.00000,0.00000,none
9.22500,89.97956,78.03738,1.69065,-0.00704,-0.00003,0.21813,0.00979,60.00000,60.00000,161.96262,0.00000,0.10724,0.01818,1.00000,1.00000,0.00000,0.00000,none
9.22917,89.97956,78.04016,1.69025,-0.00704,-0.00003,0.21817,0.00636,60.00000,60.00000,161.95984,0.00000,0.10725,0.01818,1.00000,1.00000,0.00000,0.00000,none
9.23333,89.97957,78.04294,1.68984,-0.00704,-0.00003,0.21819,0.00295,60.00000,60.00000,161.95706,0.00000,0.10726,0.01818,1.00000,1.00000,0.00000,0.00000,none
9.23750,89.97957,78.04571,1.68944,-0.00704,-0.00003,0.21819,-0.00046,60.00000,60.00000,161.95429,0.00000,0.10726,0.01818,1.00000,1.00000,0.00000,0.00000,none
9.24167,89.97958,78.04848,1.68904,-0.00704,-0.00003,0.21818,-0.00385,60.00000,60.00000,161.95152,0.00000,0.10727,0.01818,1.00000,1.00000,0.00000,0.00000,none
9.24583,89.97959,78.05125,1.68863,-0.00704,-0.00003,0.21816,-0.00724,60.00000,60.00000,161.94875,0.00000,0.10727,0.01818,1.00000,1.00000,0.00000,0.00000,none
9.25000,89.97959,78.05402,1.68823,-0.00704,-0.00003,0.21812,-0.01061,60.00000,60.00000,161.94598,0.00000,0.10728,0.01818,1.00000,1.00000,0.00000,0.00000,none
9.25417,89.97960,78.05679,1.68783,-0.00704,-0.00003,0.21807,-0.01397,60.00000,60.00000,161.94321,0.00000,0.10728,0.01817,1.00000,1.00000,0.00000,0.00000,none
9.25833,89.97960,78.05956,1.68743,-0.00704,-0.00003,0.21801,-0.01732,60.00000,60.00000,161.94044,0.00000,0.10729,0.01817,1.00000,1.00000,0.00000,0.00000,none
9.26250,89.97961,78.06232,1.68702,-0.00704,-0.00003,0.21793,-0.02066,60.00000,60.00000,161.93768,0.00000,0.10730,0.01816,1.00000,1.00000,0.00000,0.00000,none
9.26667,89.97962,78.06509,1.68662,-0.00704,-0.00003,0.21783,-0.02399,60.00000,60.00000,161.93491,0.00000,0.10730,0.01815,1.00000,1.00000,0.00000,0.00000,none
9.27083,89.97962,78.06785,1.68622,-0.00705,-0.00003,0.21773,-0.02731,60.00000,60.00000,161.93215,0.00000,0.10731,0.01814,1.00000,1.00000,0.00000,0.00000,none
9.27500,89.97963,78.07061,1.68582,-0.00705,-0.00003,0.21761,-0.03061,60.00000,60.00000,161.92939,0.00000,0.10731,0.01813,1.00000,1.00000,0.00000,0.00000,none
9.27917,89.97963,78.07337,1.68542,-0.00705,-0.00003,0.21747,-0.03391,60.00000,60.00000,161.92663,0.00000,0.10732,0.01812,1.00000,1.00000,0.00000,0.00000,none
9.28333,89.97964,78.07613,1.68501,-0.00705,-0.00003,0.21732,-0.03719,60.00000,60.00000,161.92387,0.00000,0.10732,0.01811,1.00000,1.00000,0.00000,0.00000,none
9.28750,89.97965,78.07888,1.68461,-0.00705,-0.00002,0.21716,-0.04046,60.00000,60.00000,161.92112,0.00000,0.10733,0.01810,1.00000,1.00000,0.00000,0.00000,none
9.29167,89.97965,78.08164,1.68421,-0.00705,-0.00002,0.21699,-0.04371,60.00000,60.00000,161.91836,0.00000,0.10734,0.01808,1.00000,1.00000,0.00000,0.00000,none
9.29583,89.97966,78.08439,1.68381,-0.00705,-0.00002,0.21680,-0.04695,60.00000,60.00000,161.91561,0.00000,0.10734,0.01807,1.00000,1.00000,0.00000,0.00000,none
9.30000,89.97966,78.08714,1.68341,-0.00705,-0.00002,0.21660,-0.05018,60.00000,60.00000,161.91286,0.00000,0.10735,0.01805,1.00000,1.00000,0.00000,0.00000,none
9.30417,89.97967,78.08989,1.68301,-0.00705,-0.00002,0.21638,-0.05340,60.00000,60.00000,161.91011,0.00000,0.10735,0.01803,1.00000,1.00000,0.00000,0.00000,none
9.30833,89.97968,78.09264,1.68261,-0.00705,-0.00002,0.21615,-0.05660,60.00000,60.00000,161.90736,0.00000,0.10736,0.01801,1.00000,1.00000,0.00000,0.00000,none
9.31250,89.97968,78.09539,1.68221,-0.00705,-0.00002,0.21591,-0.05979,60.00000,60.00000,161.90461,0.00000,0.10737,0.01799,1.00000,1.00000,0.00000,0.00000,none
9.31667,89.97969,78.09813,1.68181,-0.00705,-0.00002,0.21565,-0.06297,60.00000,60.00000,161.90187,0.00000,0.10737,0.01797,1.00000,1.00000,0.00000,0.00000,none
9.32083,89.97969,78.10088,1.68141,-0.00705,-0.00002,0.21538,-0.06613,60.00000,60.00000,161.89912,0.00000,0.10738,0.01795,1.00000,1.00000,0.00000,0.00000,none
9.32500,89.97970,78.10362,1.68102,-0.00706,-0.00002,0.21510,-0.06927,60.00000,60.00000,161.89638,0.00000,0.10738,0.01793,1.00000,1.00000,0.00000,0.00000,none
9.32917,89.97970,78.10636,1.68062,-0.00706,-0.00002,0.21481,-0.07241,60.00000,60.00000,161.89364,0.00000,0.10739,0.01790,1.00000,1.00000,0.00000,0.00000,none
9.33333,89.97971,78.10910,1.68022,-0.00706,-0.00002,0.21450,-0.07553,60.00000,60.00000,161.89090,0.00000,0.10739,0.01787,1.00000,1.00000,0.00000,0.00000,none
9.33750,89.97972,78.11184,1.67982,-0.00706,-0.00002,0.21418,-0.07863,60.00000,60.00000,161.88816,0.00000,0.10740,0.01785,1.00000,1.00000,0.00000,0.00000,none
9.34167,89.97972,78.11458,1.67942,-0.00706,-0.00002,0.21384,-0.08172,60.00000,60.00000,161.88542,0.00000,0.10741,0.01782,1.00000,1.00000,0.00000,0.00000,none
9.34583,89.97973,78.11731,1.67902,-0.00706,-0.00002,0.21350,-0.08480,60.00000,60.00000,161.88269,0.00000,0.10741,0.01779,1.00000,1.00000,0.00000,0.00000,none
9.35000,89.97973,78.12004,1.67863,-0.00706,-0.00002,0.21314,-0.08786,60.00000,60.00000,161.87996,0.00000,0.10742,0.01776,1.00000,1.00000,0.00000,0.00000,none
9.35417,89.97974,78.12278,1.67823,-0.00706,-0.00002,0.21276,-0.09090,60.00000,60.00000,161.87722,0.00000,0.10742,0.01773,1.00000,1.00000,0.00000,0.00000,none
9.35833,89.97975,78.12551,1.67783,-0.00706,-0.00002,0.21238,-0.09393,60.00000,60.00000,161.87449,0.00000,0.10743,0.01770,1.00000,1.00000,0.00000,0.00000,none
9.36250,89.97975,78.12824,1.67744,-0.00706,-0.00002,0.21198,-0.09694,60.00000,60.00000,161.87176,0.00000,0.10743,0.01767,1.00000,1.00000,0.00000,0.00000,none
9.36667,89.97976,78.13096,1.67704,-0.00706,-0.00002,0.21157,-0.09994,60.00000,60.00000,161.86904,0.00000,0.10744,0.01763,1.00000,1.00000,0.00000,0.00000,none
9.37083,89.97976,78.13369,1.67664,-0.00706,-0.00002,0.21115,-0.10292,60.00000,60.00000,161.86631,0.00000,0.10745,0.01760,1.00000,1.00000,0.00000,0.00000,none
9.37500,89.97977,78.13641,1.67625,-0.00707,-0.00002,0.21071,-0.10589,60.00000,60.00000,161.86359,0.00000,0.10745,0.01756,1.00000,1.00000,0.00000,0.00000,none
9.37917,89.97977,78.13914,1.67585,-0.00707,-0.00002,0.21027,-0.10884,60.00000,60.00000,161.86086,0.00000,0.10746,0.01752,1.00000,1.00000,0.00000,0.00000,none
9.38333,89.97978,78.14186,1.67545,-0.00707,-0.00002,0.20981,-0.11178,60.00000,60.00000,161.85814,0.00000,0.10746,0.01748,1.00000,1.00000,0.00000,0.00000,none
9.38750,89.97979,78.14458,1.67506,-0.00707,-0.00002,0.20934,-0.11469,60.00000,60.00000,161.85542,0.00000,0.10747,0.01744,1.00000,1.00000,0.00000,0.00000,none
9.39167,89.97979,78.14730,1.67466,-0.00707,-0.00002,0.20885,-0.11759,60.00000,60.00000,161.85270,0.00000,0.10748,0.01740,1.00000,1.00000,0.00000,0.00000,none
9.39583,89.97980,78.15002,1.67427,-0.00707,-0.00002,0.20836,-0.12048,60.00000,60.00000,161.84998,0.00000,0.10748,0.01736,1.00000,1.00000,0.00000,0.00000,none
9.40000,89.97980,78.15273,1.67387,-0.00707,-0.00002,0.20785,-0.12335,60.00000,60.00000,161.84727,0.00000,0.10749,0.01732,1.00000,1.00000,0.00000,0.00000,none
9.40417,89.97981,78.15545,1.67348,-0.00707,-0.00002,0.20733,-0.12620,60.00000,60.00000,161.84455,0.00000,0.10749,0.01728,1.00000,1.00000,0.00000,0.00000,none
9.40833,89.97981,78.15816,1.67308,-0.00707,-0.00002,0.20680,-0.12903,60.00000,60.00000,161.84184,0.00000,0.10750,0.01723,1.00000,1.00000,0.00000,0.00000,none
9.41250,89.97982,78.16087,1.67269,-0.00707,-0.00002,0.20625,-0.13185,60.00000,60.00000,161.83913,0.00000,0.10750,0.01719,1.00000,1.00000,0.00000,0.00000,none
9.41667,89.97982,78.16358,1.67230,-0.00707,-0.00002,0.20570,-0.13465,60.00000,60.00000,161.83642,0.00000,0.10751,0.01714,1.00000,1.00000,0.00000,0.00000,none
9.42083,89.97983,78.16629,1.67190,-0.00707,-0.00002,0.20513,-0.13743,60.00000,60.00000,161.83371,0.00000,0.10752,0.01709,1.00000,1.00000,0.00000,0.00000,none
9.42500,89.97984,78.16900,1.67151,-0.00708,-0.00002,0.20455,-0.14019,60.00000,60.00000,161.83100,0.00000,0.10752,0.01705,1.00000,1.00000,0.00000,0.00000,none
9.42917,89.97984,78.17170,1.67111,-0.00708,-0.00002,0.20396,-0.14294,60.00000,60.00000,161.82830,0.00000,0.10753,0.01700,1.00000,1.00000,0.00000,0.00000,none
9.43333,89.97985,78.17441,1.67072,-0.00708,-0.00002,0.20336,-0.14567,60.00000,60.00000,161.82559,0.00000,0.10753,0.01695,1.00000,1.00000,0.00000,0.00000,none
9.43750,89.97985,78.17711,1.67033,-0.00708,-0.00002,0.20275,-0.14838,60.00000,60.00000,161.82289,0.00000,0.10754,0.01690,1.00000,1.00000,0.00000,0.00000,none
9.44167,89.97986,78.17981,1.66994,-0.00708,-0.00002,0.20212,-0.15107,60.00000,60.00000,161.82019,0.00000,0.10754,0.01684,1.00000,1.00000,0.00000,0.00000,none
9.44583,89.97986,78.18251,1.66954,-0.00708,-0.00002,0.20149,-0.15374,60.00000,60.00000,161.81749,0.00000,0.10755,0.01679,1.00000,1.00000,0.00000,0.00000,none
9.45000,89.97987,78.18521,1.66915,-0.00708,-0.00002,0.20084,-0.15640,60.00000,60.00000,161.81479,0.00000,0.10756,0.01674,1.00000,1.00000,0.00000,0.00000,none
9.45417,89.97987,78.18791,1.66876,-0.00708,-0.00002,0.20019,-0.15904,60.00000,60.00000,161.81209,0.00000,0.10756,0.01668,1.00000,1.00000,0.00000,0.00000,none
9.45833,89.97988,78.19060,1.66837,-0.00708,-0.00002,0.19952,-0.16165,60.00000,60.00000,161.80940,0.00000,0.10757,0.01663,1.00000,1.00000,0.00000,0.00000,none
9.46250,89.97988,78.19330,1.66797,-0.00708,-0.00002,0.19884,-0.16425,60.00000,60.00000,161.80670,0.00000,0.10757,0.01657,1.00000,1.00000,0.00000,0.00000,none
9.46667,89.97989,78.19599,1.66758,-0.00708,-0.00002,0.19815,-0.16683,60.00000,60.00000,161.80401,0.00000,0.10758,0.01651,1.00000,1.00000,0.00000,0.00000,none
9.47083,89.97990,78.19868,1.66719,-0.00708,-0.00002,0.19745,-0.16940,60.00000,60.00000,161.80132,0.00000,0.10758,0.01645,1.00000,1.00000,0.00000,0.00000,none
9.47500,89.97990,78.20137,1.66680,-0.00709,-0.00002,0.19674,-0.17194,60.00000,60.00000,161.79863,0.00000,0.10759,0.01639,1.00000,1.00000,0.00000,0.00000,none
9.47917,89.97991,78.20406,1.66641,-0.00709,-0.00002,0.19602,-0.17446,60.00000,60.00000,161.79594,0.00000,0.10760,0.01633,1.00000,1.00000,0.00000,0.00000,none
9.48333,89.97991,78.20674,1.66602,-0.00709,-0.00002,0.19528,-0.17697,60.00000,60.00000,161.79326,0.00000,0.10760,0.01627,1.00000,1.00000,0.00000,0.00000,none
9.48750,89.97992,78.20943,1.66563,-0.00709,-0.00002,0.19454,-0.17945,60.00000,60.00000,161.79057,0.00000,0.10761,0.01621,1.00000,1.00000,0.00000,0.00000,none
9.49167,89.97992,78.21211,1.66524,-0.00709,-0.00002,0.19379,-0.18192,60.00000,60.00000,161.78789,0.00000,0.10761,0.01615,1.00000,1.00000,0.00000,0.00000,none
9.49583,89.97993,78.21480,1.66485,-0.00709,-0.00002,0.19303,-0.18436,60.00000,60.00000,161.78520,0.00000,0.10762,0.01609,1.00000,1.00000,0.00000,0.00000,none
9.50000,89.97993,78.21748,1.66446,-0.00709,-0.00002,0.19225,-0.18679,60.00000,60.00000,161.78252,0.00000,0.10763,0.01602,1.00000,1.00000,0.00000,0.00000,none
9.50417,89.97994,78.22016,1.66407,-0.00709,-0.00002,0.19147,-0.18919,60.00000,60.00000,161.77984,0.00000,0.10763,0.01596,1.00000,1.00000,0.00000,0.00000,none
9.50833,89.97994,78.22284,1.66368,-0.00709,-0.00002,0.19068,-0.19158,60.00000,60.00000,161.77716,0.00000,0.10764,0.01589,1.00000,1.00000,0.00000,0.00000,none
9.51250,89.97995,78.22551,1.66329,-0.00709,-0.00002,0.18987,-0.19395,60.00000,60.00000,161.77449,0.00000,0.10764,0.01582,1.00000,1.00000,0.00000,0.00000,none
9.51667,89.97995,78.22819,1.66290,-0.00709,-0.00002,0.18906,-0.19629,60.00000,60.00000,161.77181,0.00000,0.10765,0.01575,1.00000,1.00000,0.00000,0.00000,none
9.52083,89.97996,78.23086,1.66251,-0.00710,-0.00002,0.18824,-0.19862,60.00000,60.00000,161.76914,0.00000,0.10765,0.01569,1.00000,1.00000,0.00000,0.00000,none
9.52500,89.97996,78.23354,1.66213,-0.00710,-0.00002,0.18740,-0.20092,60.00000,60.00000,161.76646,0.00000,0.10766,0.01562,1.00000,1.00000,0.00000,0.00000,none
9.52917,89.97997,78.23621,1.66174,-0.00710,-0.00002,0.18656,-0.20321,60.00000,60.00000,161.76379,0.00000,0.10767,0.01555,1.00000,1.00000,0.00000,0.00000,none
9.53333,89.97997,78.23888,1.66135,-0.00710,-0.00002,0.18571,-0.20547,60.00000,60.00000,161.76112,0.00000,0.10767,0.01548,1.00000,1.00000,0.00000,0.00000,none
9.53750,89.97998,78.24154,1.66096,-0.00710,-0.00002,0.18485,-0.20772,60.00000,60.00000,161.75846,0.00000,0.10768,0.01540,1.00000,1.00000,0.00000,0.00000,none
9.54167,89.97998,78.24421,1.66057,-0.00710,-0.00002,0.18398,-0.20994,60.00000,60.00000,161.75579,0.00000,0.10768,0.01533,1.00000,1.00000,0.00000,0.00000,none
9.54583,89.97999,78.24688,1.66019,-0.00710,-0.00002,0.18310,-0.21214,60.00000,60.00000,161.75312,0.00000,0.10769,0.01526,1.00000,1.00000,0.00000,0.00000,none
9.55000,89.97999,78.24954,1.65980,-0.00710,-0.00002,0.18221,-0.21432,60.00000,60.00000,161.75046,0.00000,0.10769,0.01518,1.00000,1.00000,0.00000,0.00000,none
9.55417,89.98000,78.25220,1.65941,-0.00710,-0.00002,0.18131,-0.21648,60.00000,60.00000,161.74780,0.00000,0.10770,0.01511,1.00000,1.00000,0.00000,0.00000,none
9.55833,89.98000,78.25487,1.65902,-0.00710,-0.00002,0.18041,-0.21862,60.00000,60.00000,161.74513,0.00000,0.10771,0.01503,1.00000,1.00000,0.00000,0.00000,none
9.56250,89.98001,78.25753,1.65864,-0.00710,-0.00002,0.17949,-0.22074,60.00000,60.00000,161.74247,0.00000,0.10771,0.01496,1.00000,1.00000,0.00000,0.00000,none
9.56667,89.98001,78.26018,1.65825,-0.00711,-0.00002,0.17857,-0.22284,60.00000,60.00000,161.73982,0.00000,0.10772,0.01488,1.00000,1.00000,0.00000,0.00000,none
9.57083,89.98002,78.26284,1.65787,-0.00711,-0.00002,0.17764,-0.22491,60.00000,60.00000,161.73716,0.00000,0.10772,0.01480,1.00000,1.00000,0.00000,0.00000,none
9.57500,89.98002,78.26550,1.65748,-0.00711,-0.00002,0.17669,-0.22697,60.00000,60.00000,161.73450,0.00000,0.10773,0.01472,1.00000,1.00000,0.00000,0.00000,none
9.57917,89.98003,78.26815,1.65709,-0.00711,-0.00002,0.17574,-0.22900,60.00000,60.00000,161.73185,0.00000,0.10773,0.01465,1.00000,1.00000,0.00000,0.00000,none
9.58333,89.98003,78.27080,1.65671,-0.00711,-0.00002,0.17479,-0.23101,60.00000,60.00000,161.72920,0.00000,0.10774,0.01457,1.00000,1.00000,0.00000,0.00000,none
9.58750,89.98004,78.27346,1.65632,-0.00711,-0.00002,0.17382,-0.23300,60.00000,60.00000,161.72654,0.00000,0.10775,0.01448,1.00000,1.00000,0.00000,0.00000,none
9.59167,89.98004,78.27611,1.65594,-0.00711,-0.00002,0.17284,-0.23497,60.00000,60.00000,161.72389,0.00000,0.10775,0.01440,1.00000,1.00000,0.00000,0.00000,none
9.59583,89.98005,78.27875,1.65555,-0.00711,-0.00002,0.17186,-0.23692,60.00000,60.00000,161.72125,0.00000,0.10776,0.01432,1.00000,1.00000,0.00000,0.00000,none
9.60000,89.98005,78.28140,1.65517,-0.00711,-0.00002,0.17087,-0.23884,60.00000,60.00000,161.71860,0.00000,0.10776,0.01424,1.00000,1.00000,0.00000,0.00000,none
9.60417,89.98006,78.28405,1.65478,-0.00711,-0.00002,0.16987,-0.24075,60.00000,60.00000,161.71595,0.00000,0.10777,0.01416,1.00000,1.00000,0.00000,0.00000,none
9.60833,89.98006,78.28669,1.65440,-0.00711,-0.00002,0.16886,-0.24263,60.00000,60.00000,161.71331,0.00000,0.10777,0.01407,1.00000,1.00000,0.00000,0.00000,none
9.61250,89.98007,78.28934,1.65402,-0.00712,-0.00002,0.16785,-0.24449,60.00000,60.00000,161.71066,0.00000,0.10778,0.01399,1.00000,1.00000,0.00000,0.00000,none
9.61667,89.98007,78.29198,1.65363,-0.00712,-0.00002,0.16683,-0.24633,60.00000,60.00000,161.70802,0.00000,0.10779,0.01390,1.00000,1.00000,0.00000,0.00000,none
9.62083,89.98008,78.29462,1.65325,-0.00712,-0.00002,0.16580,-0.24814,60.00000,60.00000,161.70538,0.00000,0.10779,0.01382,1.00000,1.00000,0.00000,0.00000,none
9.62500,89.98008,78.29726,1.65286,-0.00712,-0.00002,0.16476,-0.24993,60.00000,60.00000,161.70274,0.00000,0.10780,0.01373,1.00000,1.00000,0.00000,0.00000,none
9.62917,89.98009,78.29989,1.65248,-0.00712,-0.00002,0.16371,-0.25171,60.00000,60.00000,161.70011,0.00000,0.10780,0.01364,1.00000,1.00000,0.00000,0.00000,none
9.63333,89.98009,78.30253,1.65210,-0.00712,-0.00002,0.16266,-0.25345,60.00000,60.00000,161.69747,0.00000,0.10781,0.01356,1.00000,1.00000,0.00000,0.00000,none
9.63750,89.98010,78.30517,1.65172,-0.00712,-0.00002,0.16160,-0.25518,60.00000,60.00000,161.69483,0.00000,0.10781,0.01347,1.00000,1.00000,0.00000,0.00000,none
9.64167,89.98010,78.30780,1.65133,-0.00712,-0.00002,0.16053,-0.25689,60.00000,60.00000,161.69220,0.00000,0.10782,0.01338,1.00000,1.00000,0.00000,0.00000,none
9.64583,89.98011,78.31043,1.65095,-0.00712,-0.00002,0.15946,-0.25857,60.00000,60.00000,161.68957,0.00000,0.10783,0.01329,1.00000,1.00000,0.00000,0.00000,none
9.65000,89.98011,78.31306,1.65057,-0.00712,-0.00002,0.15838,-0.26023,60.00000,60.00000,161.68694,0.00000,0.10783,0.01320,1.00000,1.00000,0.00000,0.00000,none
9.65417,89.98012,78.31569,1.65019,-0.00712,-0.00002,0.15729,-0.26186,60.00000,60.00000,161.68431,0.00000,0.10784,0.01311,1.00000,1.00000,0.00000,0.00000,none
9.65833,89.98012,78.31832,1.64980,-0.00713,-0.00002,0.15620,-0.26348,60.00000,60.00000,161.68168,0.00000,0.10784,0.01302,1.00000,1.00000,0.00000,0.00000,none
9.66250,89.98012,78.32095,1.64942,-0.00713,-0.00002,0.15510,-0.26507,60.00000,60.00000,161.67905,0.00000,0.10785,0.01292,1.00000,1.00000,0.00000,0.00000,none
9.66667,89.98013,78.32357,1.64904,-0.00713,-0.00002,0.15399,-0.26664,60.00000,60.00000,161.67643,0.00000,0.10785,0.01283,1.00000,1.00000,0.00000,0.00000,none
9.67083,89.98013,78.32620,1.64866,-0.00713,-0.00002,0.15287,-0.26819,60.00000,60.00000,161.67380,0.00000,0.10786,0.01274,1.00000,1.00000,0.00000,0.00000,none
9.67500,89.98014,78.32882,1.64828,-0.00713,-0.00002,0.15175,-0.26971,60.00000,60.00000,161.67118,0.00000,0.10787,0.01265,1.00000,1.00000,0.00000,0.00000,none
9.67917,89.98014,78.33144,1.64790,-0.00713,-0.00002,0.15063,-0.27121,60.00000,60.00000,161.66856,0.00000,0.10787,0.01255,1.00000,1.00000,0.00000,0.00000,none
9.68333,89.98015,78.33406,1.64752,-0.00713,-0.00002,0.14949,-0.27269,60.00000,60.00000,161.66594,0.00000,0.10788,0.01246,1.00000,1.00000,0.00000,0.00000,none
9.68750,89.98015,78.33668,1.64714,-0.00713,-0.00002,0.14835,-0.27415,60.00000,60.00000,161.66332,0.00000,0.10788,0.01236,1.00000,1.00000,0.00000,0.00000,none
9.69167,89.98016,78.33930,1.64676,-0.00713,-0.00002,0.14721,-0.27558,60.00000,60.00000,161.66070,0.00000,0.10789,0.01227,1.00000,1.00000,0.00000,0.00000,none
9.69583,89.98016,78.34191,1.64638,-0.00713,-0.00002,0.14606,-0.27699,60.00000,60.00000,161.65809,0.00000,0.10789,0.01217,1.00000,1.00000,0.00000,0.00000,none
9.70000,89.98016,78.34453,1.64600,-0.00714,-0.00002,0.14490,-0.27838,60.00000,60.00000,161.65547,0.00000,0.10790,0.01208,1.00000,1.00000,0.00000,0.00000,none
9.70417,89.98017,78.34714,1.64562,-0.00714,-0.00002,0.14374,-0.27975,60.00000,60.00000,161.65286,0.00000,0.10791,0.01198,1.00000,1.00000,0.00000,0.00000,none
9.70833,89.98017,78.34975,1.64524,-0.00714,-0.00002,0.14257,-0.28109,60.00000,60.00000,161.65025,0.00000,0.10791,0.01188,1.00000,1.00000,0.00000,0.00000,none
9.71250,89.98018,78.35236,1.64486,-0.00714,-0.00002,0.14140,-0.28241,60.00000,60.00000,161.64764,0.00000,0.10792,0.01178,1.00000,1.00000,0.00000,0.00000,none
9.71667,89.98018,78.35497,1.64448,-0.00714,-0.00002,0.14022,-0.28371,60.00000,60.00000,161.64503,0.00000,0.10792,0.01168,1.00000,1.00000,0.00000,0.00000,none
9.72083,89.98019,78.35758,1.64410,-0.00714,-0.00002,0.13903,-0.28498,60.00000,60.00000,161.64242,0.00000,0.10793,0.01159,1.00000,1.00000,0.00000,0.00000,none
9.72500,89.98019,78.36018,1.64372,-0.00714,-0.00002,0.13784,-0.28623,60.00000,60.00000,161.63982,0.00000,0.10793,0.01149,1.00000,1.00000,0.00000,0.00000,none
9.72917,89.98020,78.36279,1.64334,-0.00714,-0.00002,0.13665,-0.28746,60.00000,60.00000,161.63721,0.00000,0.10794,0.01139,1.00000,1.00000,0.00000,0.00000,none
9.73333,89.98020,78.36539,1.64297,-0.00714,-0.00002,0.13545,-0.28866,60.00000,60.00000,161.63461,0.00000,0.10795,0.01129,1.00000,1.00000,0.00000,0.00000,none
9.73750,89.98020,78.36799,1.64259,-0.00714,-0.00002,0.13424,-0.28984,60.00000,60.00000,161.63201,0.00000,0.10795,0.01119,1.00000,1.00000,0.00000,0.00000,none
9.74167,89.98021,78.37060,1.64221,-0.00714,-0.00002,0.13303,-0.29100,60.00000,60.00000,161.62940,0.00000,0.10796,0.01109,1.00000,1.00000,0.00000,0.00000,none
9.74583,89.98021,78.37320,1.64183,-0.00715,-0.00002,0.13182,-0.29214,60.00000,60.00000,161.62680,0.00000,0.10796,0.01098,1.00000,1.00000,0.00000,0.00000,none
9.75000,89.98022,78.37579,1.64145,-0.00715,-0.00002,0.13060,-0.29325,60.00000,60.00000,161.62421,0.00000,0.10797,0.01088,1.00000,1.00000,0.00000,0.00000,none
9.75417,89.98022,78.37839,1.64108,-0.00715,-0.00002,0.12937,-0.29434,60.00000,60.00000,161.62161,0.00000,0.10797,0.01078,1.00000,1.00000,0.00000,0.00000,none
9.75833,89.98023,78.38099,1.64070,-0.00715,-0.00002,0.12814,-0.29541,60.00000,60.00000,161.61901,0.00000,0.10798,0.01068,1.00000,1.00000,0.00000,0.00000,none
9.76250,89.98023,78.38358,1.64032,-0.00715,-0.00002,0.12691,-0.29645,60.00000,60.00000,161.61642,0.00000,0.10799,0.01058,1.00000,1.00000,0.00000,0.00000,none
9.76667,89.98023,78.38617,1.63995,-0.00715,-0.00002,0.12567,-0.29747,60.00000,60.00000,161.61383,0.00000,0.10799,0.01047,1.00000,1.00000,0.00000,0.00000,none
9.77083,89.98024,78.38876,1.63957,-0.00715,-0.00002,0.12443,-0.29847,60.00000,60.00000,161.61124,0.00000,0.10800,0.01037,1.00000,1.00000,0.00000,0.00000,none
9.77500,89.98024,78.39135,1.63919,-0.00715,-0.00002,0.12319,-0.29944,60.00000,60.00000,161.60865,0.00000,0.10800,0.01027,1.00000,1.00000,0.00000,0.00000,none
9.77917,89.98025,78.39394,1.63882,-0.00715,-0.00002,0.12194,-0.30039,60.00000,60.00000,161.60606,0.00000,0.10801,0.01016,1.00000,1.00000,0.00000,0.00000,none
9.78333,89.98025,78.39653,1.63844,-0.00715,-0.00002,0.12068,-0.30132,60.00000,60.00000,161.60347,0.00000,0.10801,0.01006,1.00000,1.00000,0.00000,0.00000,none
9.78750,89.98025,78.39912,1.63807,-0.00716,-0.00002,0.11943,-0.30223,60.00000,60.00000,161.60088,0.00000,0.10802,0.00995,1.00000,1.00000,0.00000,0.00000,none
9.79167,89.98026,78.40170,1.63769,-0.00716,-0.00002,0.11816,-0.30311,60.00000,60.00000,161.59830,0.00000,0.10803,0.00985,1.00000,1.00000,0.00000,0.00000,none
9.79583,89.98026,78.40429,1.63732,-0.00716,-0.00002,0.11690,-0.30397,60.00000,60.00000,161.59571,0.00000,0.10803,0.00974,1.00000,1.00000,0.00000,0.00000,none
9.80000,89.98027,78.40687,1.63694,-0.00716,-0.00002,0.11563,-0.30480,60.00000,60.00000,161.59313,0.00000,0.10804,0.00964,1.00000,1.00000,0.00000,0.00000,none
9.80417,89.98027,78.40945,1.63657,-0.00716,-0.00002,0.11436,-0.30562,60.00000,60.00000,161.59055,0.00000,0.10804,0.00953,1.00000,1.00000,0.00000,0.00000,none
9.80833,89.98027,78.41203,1.63619,-0.00716,-0.00002,0.11308,-0.30641,60.00000,60.00000,161.58797,0.00000,0.10805,0.00942,1.00000,1.00000,0.00000,0.00000,none
9.81250,89.98028,78.41461,1.63582,-0.00716,-0.00002,0.11181,-0.30718,60.00000,60.00000,161.58539,0.00000,0.10805,0.00932,1.00000,1.00000,0.00000,0.00000,none
9.81667,89.98028,78.41718,1.63544,-0.00716,-0.00002,0.11052,-0.30792,60.00000,60.00000,161.58282,0.00000,0.10806,0.00921,1.00000,1.00000,0.00000,0.00000,none
9.82083,89.98029,78.41976,1.63507,-0.00716,-0.00002,0.10924,-0.30864,60.00000,60.00000,161.58024,0.00000,0.10807,0.00910,1.00000,1.00000,0.00000,0.00000,none
9.82500,89.98029,78.42234,1.63469,-0.00716,-0.00002,0.10795,-0.30934,60.00000,60.00000,161.57766,0.00000,0.10807,0.00900,1.00000,1.00000,0.00000,0.00000,none
9.82917,89.98029,78.42491,1.63432,-0.00717,-0.00002,0.10666,-0.31002,60.00000,60.00000,161.57509,0.00000,0.10808,0.00889,1.00000,1.00000,0.00000,0.00000,none
9.83333,89.98030,78.42748,1.63395,-0.00717,-0.00002,0.10537,-0.31067,60.00000,60.00000,161.57252,0.00000,0.10808,0.00878,1.00000,1.00000,0.00000,0.00000,none
9.83750,89.98030,78.43005,1.63357,-0.00717,-0.00002,0.10407,-0.31130,60.00000,60.00000,161.56995,0.00000,0.10809,0.00867,1.00000,1.00000,0.00000,0.00000,none
9.84167,89.98031,78.43262,1.63320,-0.00717,-0.00002,0.10278,-0.31191,60.00000,60.00000,161.56738,0.00000,0.10809,0.00856,1.00000,1.00000,0.00000,0.00000,none
9.84583,89.98031,78.43519,1.63283,-0.00717,-0.00002,0.10147,-0.31249,60.00000,60.00000,161.56481,0.00000,0.10810,0.00846,1.00000,1.00000,0.00000,0.00000,none
9.85000,89.98031,78.43775,1.63246,-0.00717,-0.00002,0.10017,-0.31305,60.00000,60.00000,161.56225,0.00000,0.10811,0.00835,1.00000,1.00000,0.00000,0.00000,none
9.85417,89.98032,78.44032,1.63208,-0.00717,-0.00002,0.09887,-0.31359,60.00000,60.00000,161.55968,0.00000,0.10811,0.00824,1.00000,1.00000,0.00000,0.00000,none
9.85833,89.98032,78.44288,1.63171,-0.00717,-0.00002,0.09756,-0.31411,60.00000,60.00000,161.55712,0.00000,0.10812,0.00813,1.00000,1.00000,0.00000,0.00000,none
9.86250,89.98032,78.44545,1.63134,-0.00717,-0.00002,0.09625,-0.31460,60.00000,60.00000,161.55455,0.00000,0.10812,0.00802,1.00000,1.00000,0.00000,0.00000,none
9.86667,89.98033,78.44801,1.63097,-0.00717,-0.00002,0.09494,-0.31507,60.00000,60.00000,161.55199,0.00000,0.10813,0.00791,1.00000,1.00000,0.00000,0.00000,none
9.87083,89.98033,78.45057,1.63059,-0.00718,-0.00002,0.09362,-0.31552,60.00000,60.00000,161.54943,0.00000,0.10813,0.00780,1.00000,1.00000,0.00000,0.00000,none
9.87500,89.98034,78.45313,1.63022,-0.00718,-0.00002,0.09231,-0.31595,60.00000,60.00000,161.54687,0.00000,0.10814,0.00769,1.00000,1.00000,0.00000,0.00000,none
9.87917,89.98034,78.45568,1.62985,-0.00718,-0.00002,0.09099,-0.31635,60.00000,60.00000,161.54432,0.00000,0.10815,0.00758,1.00000,1.00000,0.00000,0.00000,none
9.88333,89.98034,78.45824,1.62948,-0.00718,-0.00002,0.08967,-0.31673,60.00000,60.00000,161.54176,0.00000,0.10815,0.00747,1.00000,1.00000,0.00000,0.00000,none
9.88750,89.98035,78.46080,1.62911,-0.00718,-0.00002,0.08835,-0.31709,60.00000,60.00000,161.53920,0.00000,0.10816,0.00736,1.00000,1.00000,0.00000,0.00000,none
9.89167,89.98035,78.46335,1.62874,-0.00718,-0.00002,0.08703,-0.31742,60.00000,60.00000,161.53665,0.00000,0.10816,0.00725,1.00000,1.00000,0.00000,0.00000,none
9.89583,89.98035,78.46590,1.62837,-0.00718,-0.00002,0.08571,-0.31774,60.00000,60.00000,161.53410,0.00000,0.10817,0.00714,1.00000,1.00000,0.00000,0.00000,none
9.90000,89.98036,78.46845,1.62800,-0.00718,-0.00002,0.08438,-0.31803,60.00000,60.00000,161.53155,0.00000,0.10817,0.00703,1.00000,1.00000,0.00000,0.00000,none
9.90417,89.98036,78.47100,1.62763,-0.00718,-0.00002,0.08305,-0.31830,60.00000,60.00000,161.52900,0.00000,0.10818,0.00692,1.00000,1.00000,0.00000,0.00000,none
9.90833,89.98036,78.47355,1.62726,-0.00718,-0.00001,0.08173,-0.31855,60.00000,60.00000,161.52645,0.00000,0.10819,0.00681,1.00000,1.00000,0.00000,0.00000,none
9.91250,89.98037,78.47610,1.62689,-0.00719,-0.00001,0.08040,-0.31877,60.00000,60.00000,161.52390,0.00000,0.10819,0.00670,1.00000,1.00000,0.00000,0.00000,none
9.91667,89.98037,78.47864,1.62652,-0.00719,-0.00001,0.07907,-0.31897,60.00000,60.00000,161.52136,0.00000,0.10820,0.00659,1.00000,1.00000,0.00000,0.00000,none
9.92083,89.98038,78.48119,1.62615,-0.00719,-0.00001,0.07774,-0.31915,60.00000,60.00000,161.51881,0.00000,0.10820,0.00648,1.00000,1.00000,0.00000,0.00000,none
9.92500,89.98038,78.48373,1.62578,-0.00719,-0.00001,0.07641,-0.31931,60.00000,60.00000,161.51627,0.00000,0.10821,0.00637,1.00000,1.00000,0.00000,0.00000,none
9.92917,89.98038,78.48627,1.62541,-0.00719,-0.00001,0.07508,-0.31945,60.00000,60.00000,161.51373,0.00000,0.10821,0.00626,1.00000,1.00000,0.00000,0.00000,none
9.93333,89.98039,78.48881,1.62504,-0.00719,-0.00001,0.07375,-0.31956,60.00000,60.00000,161.51119,0.00000,0.10822,0.00615,1.00000,1.00000,0.00000,0.00000,none
9.93750,89.98039,78.49135,1.62467,-0.00719,-0.00001,0.07242,-0.31966,60.00000,60.00000,161.50865,0.00000,0.10823,0.00603,1.00000,1.00000,0.00000,0.00000,none
9.94167,89.98039,78.49389,1.62430,-0.00719,-0.00001,0.07109,-0.31973,60.00000,60.00000,161.50611,0.00000,0.10823,0.00592,1.00000,1.00000,0.00000,0.00000,none
9.94583,89.98040,78.49643,1.62394,-0.00719,-0.00001,0.06975,-0.31978,60.00000,60.00000,161.50357,0.00000,0.10824,0.00581,1.00000,1.00000,0.00000,0.00000,none
9.95000,89.98040,78.49896,1.62357,-0.00720,-0.00001,0.06842,-0.31980,60.00000,60.00000,161.50104,0.00000,0.10824,0.00570,1.00000,1.00000,0.00000,0.00000,none
9.95417,89.98040,78.50150,1.62320,-0.00720,-0.00001,0.06709,-0.31981,60.00000,60.00000,161.49850,0.00000,0.10825,0.00559,1.00000,1.00000,0.00000,0.00000,none
9.95833,89.98041,78.50403,1.62283,-0.00720,-0.00001,0.06576,-0.31980,60.00000,60.00000,161.49597,0.00000,0.10825,0.00548,1.00000,1.00000,0.00000,0.00000,none
9.96250,89.98041,78.50656,1.62246,-0.00720,-0.00001,0.06442,-0.31976,60.00000,60.00000,161.49344,0.00000,0.10826,0.00537,1.00000,1.00000,0.00000,0.00000,none
9.96667,89.98041,78.50909,1.62210,-0.00720,-0.00001,0.06309,-0.31970,60.00000,60.00000,161.49091,0.00000,0.10827,0.00526,1.00000,1.00000,0.00000,0.00000,none
9.97083,89.98042,78.51162,1.62173,-0.00720,-0.00001,0.06176,-0.31962,60.00000,60.00000,161.48838,0.00000,0.10827,0.00515,1.00000,1.00000,0.00000,0.00000,none
9.97500,89.98042,78.51415,1.62136,-0.00720,-0.00001,0.06043,-0.31952,60.00000,60.00000,161.48585,0.00000,0.10828,0.00504,1.00000,1.00000,0.00000,0.00000,none
9.97917,89.98042,78.51668,1.62100,-0.00720,-0.00001,0.05910,-0.31940,60.00000,60.00000,161.48332,0.00000,0.10828,0.00492,1.00000,1.00000,0.00000,0.00000,none
9.98333,89.98043,78.51920,1.62063,-0.00720,-0.00001,0.05777,-0.31925,60.00000,60.00000,161.48080,0.00000,0.10829,0.00481,1.00000,1.00000,0.00000,0.00000,none
9.98750,89.98043,78.52173,1.62026,-0.00720,-0.00001,0.05644,-0.31909,60.00000,60.00000,161.47827,0.00000,0.10829,0.00470,1.00000,1.00000,0.00000,0.00000,none
9.99167,89.98043,78.52425,1.61990,-0.00721,-0.00001,0.05511,-0.31890,60.00000,60.00000,161.47575,0.00000,0.10830,0.00459,1.00000,1.00000,0.00000,0.00000,none
9.99583,89.98044,78.52677,1.61953,-0.00721,-0.00001,0.05378,-0.31870,60.00000,60.00000,161.47323,0.00000,0.10831,0.00448,1.00000,1.00000,0.00000,0.00000,none
10.00000,89.98044,78.52929,1.61917,-0.00721,-0.00001,0.05245,-0.31847,60.00000,60.00000,161.47071,0.00000,0.10831,0.00437,1.00000,1.00000,0.00000,0.00000,none
10.00417,89.98044,78.53181,1.61880,-0.00721,-0.00001,0.05113,-0.31822,60.00000,60.00000,161.46819,0.00000,0.10832,0.00426,1.00000,1.00000,0.00000,0.00000,none
10.00833,89.98045,78.53433,1.61843,-0.00721,-0.00001,0.04980,-0.31795,60.00000,60.00000,161.46567,0.00000,0.10832,0.00415,1.00000,1.00000,0.00000,0.00000,none
10.01250,89.98045,78.53685,1.61807,-0.00721,-0.00001,0.04848,-0.31766,60.00000,60.00000,161.46315,0.00000,0.10833,0.00404,1.00000,1.00000,0.00000,0.00000,none
10.01667,89.98045,78.53936,1.61770,-0.00721,-0.00001,0.04715,-0.31736,60.00000,60.00000,161.46064,0.00000,0.10833,0.00393,1.00000,1.00000,0.00000,0.00000,none
10.02083,89.98046,78.54188,1.61734,-0.00721,-0.00001,0.04583,-0.31702,60.00000,60.00000,161.45812,0.00000,0.10834,0.00382,1.00000,1.00000,0.00000,0.00000,none
10.02500,89.98046,78.54439,1.61697,-0.00721,-0.00001,0.04451,-0.31667,60.00000,60.00000,161.45561,0.00000,0.10834,0.00371,1.00000,1.00000,0.00000,0.00000,none
10.02917,89.98046,78.54690,1.61661,-0.00721,-0.00001,0.04319,-0.31630,60.00000,60.00000,161.45310,0.00000,0.10835,0.00360,1.00000,1.00000,0.00000,0.00000,none
10.03333,89.98046,78.54941,1.61625,-0.00722,-0.00001,0.04188,-0.31591,60.00000,60.00000,161.45059,0.00000,0.10836,0.00349,1.00000,1.00000,0.00000,0.00000,none
10.03750,89.98047,78.55192,1.61588,-0.00722,-0.00001,0.04056,-0.31550,60.00000,60.00000,161.44808,0.00000,0.10836,0.00338,1.00000,1.00000,0.00000,0.00000,none
10.04167,89.98047,78.55443,1.61552,-0.00722,-0.00001,0.03925,-0.31507,60.00000,60.00000,161.44557,0.00000,0.10837,0.00327,1.00000,1.00000,0.00000,0.00000,none
10.04583,89.98047,78.55694,1.61515,-0.00722,-0.00001,0.03793,-0.31462,60.00000,60.00000,161.44306,0.00000,0.10837,0.00316,1.00000,1.00000,0.00000,0.00000,none
10.05000,89.98048,78.55944,1.61479,-0.00722,-0.00001,0.03662,-0.31415,60.00000,60.00000,161.44056,0.00000,0.10838,0.00305,1.00000,1.00000,0.00000,0.00000,none
10.05417,89.98048,78.56195,1.61443,-0.00722,-0.00001,0.03532,-0.31366,60.00000,60.00000,161.43805,0.00000,0.10838,0.00294,1.00000,1.00000,0.00000,0.00000,none
10.05833,89.98048,78.56445,1.61406,-0.00722,-0.00001,0.03401,-0.31315,60.00000,60.00000,161.43555,0.00000,0.10839,0.00283,1.00000,1.00000,0.00000,0.00000,none
10.06250,89.98049,78.56695,1.61370,-0.00722,-0.00001,0.03271,-0.31262,60.00000,60.00000,161.43305,0.00000,0.10840,0.00273,1.00000,1.00000,0.00000,0.00000,none
10.06667,89.98049,78.56945,1.61334,-0.00722,-0.00001,0.03141,-0.31207,60.00000,60.00000,161.43055,0.00000,0.10840,0.00262,1.00000,1.00000,0.00000,0.00000,none
10.07083,89.98049,78.57195,1.61297,-0.00723,-0.00001,0.03011,-0.31150,60.00000,60.00000,161.42805,0.00000,0.10841,0.00251,1.00000,1.00000,0.00000,0.00000,none
10.07500,89.98049,78.57445,1.61261,-0.00723,-0.00001,0.02881,-0.31091,60.00000,60.00000,161.42555,0.00000,0.10841,0.00240,1.00000,1.00000,0.00000,0.00000,none
10.07917,89.98050,78.57695,1.61225,-0.00723,-0.00001,0.02752,-0.31030,60.00000,60.00000,161.42305,0.00000,0.10842,0.00229,1.00000,1.00000,0.00000,0.00000,none
10.08333,89.98050,78.57944,1.61189,-0.00723,-0.00001,0.02622,-0.30968,60.00000,60.00000,161.42056,0.00000,0.10842,0.00219,1.00000,1.00000,0.00000,0.00000,none
10.08750,89.98050,78.58194,1.61153,-0.00723,-0.00001,0.02493,-0.30903,60.00000,60.00000,161.41806,0.00000,0.10843,0.00208,1.00000,1.00000,0.00000,0.00000,none
10.09167,89.98051,78.58443,1.61116,-0.00723,-0.00001,0.02365,-0.30837,60.00000,60.00000,161.41557,0.00000,0.10844,0.00197,1.00000,1.00000,0.00000,0.00000,none
10.09583,89.98051,78.58692,1.61080,-0.00723,-0.00001,0.02237,-0.30768,60.00000,60.00000,161.41308,0.00000,0.10844,0.00186,1.00000,1.00000,0.00000,0.00000,none
10.10000,89.98051,78.58941,1.61044,-0.00723,-0.00001,0.02108,-0.30698,60.00000,60.00000,161.41059,0.00000,0.10845,0.00176,1.00000,1.00000,0.00000,0.00000,none
10.10417,89.98052,78.59190,1.61008,-0.00723,-0.00001,0.01981,-0.30626,60.00000,60.00000,161.40810,0.00000,0.10845,0.00165,1.00000,1.00000,0.00000,0.00000,none
10.10833,89.98052,78.59439,1.60972,-0.00724,-0.00001,0.01853,-0.30552,60.00000,60.00000,161.40561,0.00000,0.10846,0.00154,1.00000,1.00000,0.00000,0.00000,none
10.11250,89.98052,78.59688,1.60936,-0.00724,-0.00001,0.01726,-0.30477,60.00000,60.00000,161.40312,0.00000,0.10846,0.00144,1.00000,1.00000,0.00000,0.00000,none
10.11667,89.98052,78.59936,1.60900,-0.00724,-0.00001,0.01599,-0.30399,60.00000,60.00000,161.40064,0.00000,0.10847,0.00133,1.00000,1.00000,0.00000,0.00000,none
10.12083,89.98053,78.60185,1.60864,-0.00724,-0.00001,0.01473,-0.30320,60.00000,60.00000,161.39815,0.00000,0.10848,0.00123,1.00000,1.00000,0.00000,0.00000,none
10.12500,89.98053,78.60433,1.60828,-0.00724,-0.00001,0.01347,-0.30238,60.00000,60.00000,161.39567,0.00000,0.10848,0.00112,1.00000,1.00000,0.00000,0.00000,none
10.12917,89.98053,78.60681,1.60792,-0.00724,-0.00001,0.01221,-0.30155,60.00000,60.00000,161.39319,0.00000,0.10849,0.00102,1.00000,1.00000,0.00000,0.00000,none
10.13333,89.98054,78.60929,1.60756,-0.00724,-0.00001,0.01095,-0.30071,60.00000,60.00000,161.39071,0.00000,0.10849,0.00091,1.00000,1.00000,0.00000,0.00000,none
10.13750,89.98054,78.61177,1.60720,-0.00724,-0.00001,0.00970,-0.29984,60.00000,60.00000,161.38823,0.00000,0.10850,0.00081,1.00000,1.00000,0.00000,0.00000,none
10.14167,89.98054,78.61425,1.60684,-0.00724,-0.00001,0.00845,-0.29896,60.00000,60.00000,161.38575,0.00000,0.10850,0.00070,1.00000,1.00000,0.00000,0.00000,none
10.14583,89.98054,78.61673,1.60648,-0.00724,-0.00001,0.00721,-0.29806,60.00000,60.00000,161.38327,0.00000,0.10851,0.00060,1.00000,1.00000,0.00000,0.00000,none
10.15000,89.98055,78.61921,1.60612,-0.00725,-0.00001,0.00597,-0.29714,60.00000,60.00000,161.38079,0.00000,0.10851,0.00050,1.00000,1.00000,0.00000,0.00000,none
10.15417,89.98055,78.62168,1.60576,-0.00725,-0.00001,0.00473,-0.29620,60.00000,60.00000,161.37832,0.00000,0.10852,0.00039,1.00000,1.00000,0.00000,0.00000,none
10.15833,89.98055,78.62415,1.60540,-0.00725,-0.00001,0.00350,-0.29525,60.00000,60.00000,161.37585,0.00000,0.10853,0.00029,1.00000,1.00000,0.00000,0.00000,none
10.16250,89.98055,78.62663,1.60504,-0.00725,-0.00001,0.00227,-0.29428,60.00000,60.00000,161.37337,0.00000,0.10853,0.00019,1.00000,1.00000,0.00000,0.00000,none
10.16667,89.98056,78.62910,1.60468,-0.00725,-0.00001,0.00105,-0.29330,60.00000,60.00000,161.37090,0.00000,0.10854,0.00009,1.00000,1.00000,0.00000,0.00000,none
10.17083,89.98056,78.63157,1.60432,-0.00725,-0.00001,-0.00017,-0.29229,60.00000,60.00000,161.36843,0.00000,0.10854,0.00002,1.00000,1.00000,0.00000,0.00000,none
10.17500,89.98056,78.63404,1.60397,-0.00725,-0.00001,-0.00139,-0.29124,60.00000,60.00000,161.36596,0.00000,0.10855,0.00014,1.00000,1.00000,0.00000,0.00000,none
10.17917,89.98057,78.63650,1.60361,-0.00725,-0.00001,-0.00260,-0.29011,60.00000,60.00000,161.36350,0.00000,0.10855,0.00026,1.00000,1.00000,0.00000,0.00000,none
10.18333,89.98057,78.63897,1.60325,-0.00725,-0.00001,-0.00380,-0.28891,60.00000,60.00000,161.36103,0.00000,0.10856,0.00038,1.00000,1.00000,0.00000,0.00000,none
10.18750,89.98057,78.64144,1.60289,-0.00726,-0.00001,-0.00500,-0.28764,60.00000,60.00000,161.35856,0.00000,0.10857,0.00050,1.00000,1.00000,0.00000,0.00000,none
10.19167,89.98057,78.64390,1.60254,-0.00726,-0.00001,-0.00620,-0.28629,60.00000,60.00000,161.35610,0.00000,0.10857,0.00062,1.00000,1.00000,0.00000,0.00000,none
10.19583,89.98058,78.64636,1.60218,-0.00726,-0.00001,-0.00739,-0.28488,60.00000,60.00000,161.35364,0.00000,0.10858,0.00074,1.00000,1.00000,0.00000,0.00000,none
10.20000,89.98058,78.64883,1.60182,-0.00726,-0.00001,-0.00857,-0.28340,60.00000,60.00000,161.35117,0.00000,0.10858,0.00086,1.00000,1.00000,0.00000,0.00000,none
10.20417,89.98058,78.65129,1.60146,-0.00726,-0.00001,-0.00975,-0.28185,60.00000,60.00000,161.34871,0.00000,0.10859,0.00098,1.00000,1.00000,0.00000,0.00000,none
10.20833,89.98058,78.65375,1.60111,-0.00726,-0.00001,-0.01092,-0.28023,60.00000,60.00000,161.34625,0.00000,0.10859,0.00109,1.00000,1.00000,0.00000,0.00000,none
10.21250,89.98059,78.65620,1.60075,-0.00726,-0.00001,-0.01209,-0.27854,60.00000,60.00000,161.34380,0.00000,0.10860,0.00121,1.00000,1.00000,0.00000,0.00000,none
10.21667,89.98059,78.65866,1.60039,-0.00726,-0.00001,-0.01324,-0.27678,60.00000,60.00000,161.34134,0.00000,0.10861,0.00132,1.00000,1.00000,0.00000,0.00000,none
10.22083,89.98059,78.66112,1.60004,-0.00726,-0.00001,-0.01439,-0.27496,60.00000,60.00000,161.33888,0.00000,0.10861,0.00144,1.00000,1.00000,0.00000,0.00000,none
10.22500,89.98059,78.66357,1.59968,-0.00727,-0.00001,-0.01553,-0.27308,60.00000,60.00000,161.33643,0.00000,0.10862,0.00155,1.00000,1.00000,0.00000,0.00000,none
10.22917,89.98060,78.66603,1.59933,-0.00727,-0.00001,-0.01667,-0.27112,60.00000,60.00000,161.33397,0.00000,0.10862,0.00167,1.00000,1.00000,0.00000,0.00000,none
10.23333,89.98060,78.66848,1.59897,-0.00727,-0.00001,-0.01779,-0.26911,60.00000,60.00000,161.33152,0.00000,0.10863,0.00178,1.00000,1.00000,0.00000,0.00000,none
10.23750,89.98060,78.67093,1.59861,-0.00727,-0.00001,-0.01891,-0.26703,60.00000,60.00000,161.32907,0.00000,0.10863,0.00189,1.00000,1.00000,0.00000,0.00000,none
10.24167,89.98060,78.67338,1.59826,-0.00727,-0.00001,-0.02002,-0.26488,60.00000,60.00000,161.32662,0.00000,0.10864,0.00200,1.00000,1.00000,0.00000,0.00000,none
10.24583,89.98061,78.67583,1.59790,-0.00727,-0.00001,-0.02112,-0.26268,60.00000,60.00000,161.32417,0.00000,0.10864,0.00211,1.00000,1.00000,0.00000,0.00000,none
10.25000,89.98061,78.67828,1.59755,-0.00727,-0.00001,-0.02221,-0.26041,60.00000,60.00000,161.32172,0.00000,0.10865,0.00222,1.00000,1.00000,0.00000,0.00000,none
10.25417,89.98061,78.68072,1.59719,-0.00727,-0.00001,-0.02329,-0.25808,60.00000,60.00000,161.31928,0.00000,0.10866,0.00233,1.00000,1.00000,0.00000,0.00000,none
10.25833,89.98061,78.68317,1.59684,-0.00727,-0.00001,-0.02436,-0.25570,60.00000,60.00000,161.31683,0.00000,0.10866,0.00244,1.00000,1.00000,0.00000,0.00000,none
10.26250,89.98061,78.68561,1.59648,-0.00728,-0.00001,-0.02542,-0.25325,60.00000,60.00000,161.31439,0.00000,0.10867,0.00254,1.00000,1.00000,0.00000,0.00000,none
10.26667,89.98062,78.68806,1.59613,-0.00728,-0.00001,-0.02647,-0.25075,60.00000,60.00000,161.31194,0.00000,0.10867,0.00265,1.00000,1.00000,0.00000,0.00000,none
10.27083,89.98062,78.69050,1.59578,-0.00728,-0.00001,-0.02751,-0.24819,60.00000,60.00000,161.30950,0.00000,0.10868,0.00275,1.00000,1.00000,0.00000,0.00000,none
10.27500,89.98062,78.69294,1.59542,-0.00728,-0.00001,-0.02854,-0.24557,60.00000,60.00000,161.30706,0.00000,0.10868,0.00285,1.00000,1.00000,0.00000,0.00000,none
10.27917,89.98062,78.69538,1.59507,-0.00728,-0.00001,-0.02955,-0.24289,60.00000,60.00000,161.30462,0.00000,0.10869,0.00296,1.00000,1.00000,0.00000,0.00000,none
10.28333,89.98062,78.69782,1.59471,-0.00728,-0.00001,-0.03056,-0.24017,60.00000,60.00000,161.30218,0.00000,0.10870,0.00306,1.00000,1.00000,0.00000,0.00000,none
10.28750,89.98063,78.70026,1.59436,-0.00728,-0.00001,-0.03156,-0.23738,60.00000,60.00000,161.29974,0.00000,0.10870,0.00316,1.00000,1.00000,0.00000,0.00000,none
10.29167,89.98063,78.70269,1.59401,-0.00728,-0.00001,-0.03254,-0.23455,60.00000,60.00000,161.29731,0.00000,0.10871,0.00325,1.00000,1.00000,0.00000,0.00000,none
10.29583,89.98063,78.70513,1.59365,-0.00728,-0.00001,-0.03351,-0.23166,60.00000,60.00000,161.29487,0.00000,0.10871,0.00335,1.00000,1.00000,0.00000,0.00000,none
10.30000,89.98063,78.70756,1.59330,-0.00729,-0.00001,-0.03447,-0.22872,60.00000,60.00000,161.29244,0.00000,0.10872,0.00345,1.00000,1.00000,0.00000,0.00000,none
10.30417,89.98063,78.70999,1.59295,-0.00729,-0.00001,-0.03542,-0.22573,60.00000,60.00000,161.29001,0.00000,0.10872,0.00354,1.00000,1.00000,0.00000,0.00000,none
10.30833,89.98064,78.71242,1.59260,-0.00729,-0.00001,-0.03635,-0.22269,60.00000,60.00000,161.28758,0.00000,0.10873,0.00364,1.00000,1.00000,0.00000,0.00000,none
10.31250,89.98064,78.71485,1.59224,-0.00729,-0.00001,-0.03727,-0.21961,60.00000,60.00000,161.28515,0.00000,0.10873,0.00373,1.00000,1.00000,0.00000,0.00000,none
10.31667,89.98064,78.71728,1.59189,-0.00729,-0.00001,-0.03818,-0.21647,60.00000,60.00000,161.28272,0.00000,0.10874,0.00382,1.00000,1.00000,0.00000,0.00000,none
10.32083,89.98064,78.71971,1.59154,-0.00729,-0.00001,-0.03908,-0.21329,60.00000,60.00000,161.28029,0.00000,0.10875,0.00391,1.00000,1.00000,0.00000,0.00000,none
10.32500,89.98064,78.72214,1.59119,-0.00729,-0.00001,-0.03996,-0.21007,60.00000,60.00000,161.27786,0.00000,0.10875,0.00400,1.00000,1.00000,0.00000,0.00000,none
10.32917,89.98064,78.72456,1.59083,-0.00729,-0.00001,-0.04083,-0.20680,60.00000,60.00000,161.27544,0.00000,0.10876,0.00408,1.00000,1.00000,0.00000,0.00000,none
10.33333,89.98065,78.72699,1.59048,-0.00729,-0.00001,-0.04168,-0.20348,60.00000,60.00000,161.27301,0.00000,0.10876,0.00417,1.00000,1.00000,0.00000,0.00000,none
10.33750,89.98065,78.72941,1.59013,-0.00730,-0.00001,-0.04252,-0.20013,60.00000,60.00000,161.27059,0.00000,0.10877,0.00425,1.00000,1.00000,0.00000,0.00000,none
10.34167,89.98065,78.73183,1.58978,-0.00730,-0.00001,-0.04335,-0.19673,60.00000,60.00000,161.26817,0.00000,0.10877,0.00433,1.00000,1.00000,0.00000,0.00000,none
10.34583,89.98065,78.73426,1.58943,-0.00730,-0.00001,-0.04416,-0.19329,60.00000,60.00000,161.26574,0.00000,0.10878,0.00442,1.00000,1.00000,0.00000,0.00000,none
10.35000,89.98065,78.73668,1.58908,-0.00730,-0.00001,-0.04496,-0.18981,60.00000,60.00000,161.26332,0.00000,0.10879,0.00450,1.00000,1.00000,0.00000,0.00000,none
10.35417,89.98065,78.73909,1.58873,-0.00730,-0.00001,-0.04574,-0.18629,60.00000,60.00000,161.26091,0.00000,0.10879,0.00457,1.00000,1.00000,0.00000,0.00000,none
10.35833,89.98065,78.74151,1.58838,-0.00730,-0.00001,-0.04651,-0.18274,60.00000,60.00000,161.25849,0.00000,0.10880,0.00465,1.00000,1.00000,0.00000,0.00000,none
10.36250,89.98066,78.74393,1.58803,-0.00730,-0.00001,-0.04727,-0.17915,60.00000,60.00000,161.25607,0.00000,0.10880,0.00473,1.00000,1.00000,0.00000,0.00000,none
10.36667,89.98066,78.74634,1.58768,-0.00730,-0.00001,-0.04801,-0.17552,60.00000,60.00000,161.25366,0.00000,0.10881,0.00480,1.00000,1.00000,0.00000,0.00000,none
10.37083,89.98066,78.74876,1.58733,-0.00731,-0.00001,-0.04873,-0.17186,60.00000,60.00000,161.25124,0.00000,0.10881,0.00487,1.00000,1.00000,0.00000,0.00000,none
10.37500,89.98066,78.75117,1.58698,-0.00731,-0.00001,-0.04944,-0.16817,60.00000,60.00000,161.24883,0.00000,0.10882,0.00494,1.00000,1.00000,0.00000,0.00000,none
10.37917,89.98066,78.75358,1.58663,-0.00731,-0.00001,-0.05013,-0.16445,60.00000,60.00000,161.24642,0.00000,0.10882,0.00501,1.00000,1.00000,0.00000,0.00000,none
10.38333,89.98066,78.75599,1.58628,-0.00731,-0.00001,-0.05081,-0.16069,60.00000,60.00000,161.24401,0.00000,0.10883,0.00508,1.00000,1.00000,0.00000,0.00000,none
10.38750,89.98066,78.75840,1.58593,-0.00731,-0.00001,-0.05147,-0.15690,60.00000,60.00000,161.24160,0.00000,0.10884,0.00515,1.00000,1.00000,0.00000,0.00000,none
10.39167,89.98066,78.76081,1.58558,-0.00731,-0.00000,-0.05212,-0.15309,60.00000,60.00000,161.23919,0.00000,0.10884,0.00521,1.00000,1.00000,0.00000,0.00000,none
10.39583,89.98067,78.76322,1.58523,-0.00731,-0.00000,-0.05275,-0.14924,60.00000,60.00000,161.23678,0.00000,0.10885,0.00527,1.00000,1.00000,0.00000,0.00000,none
10.40000,89.98067,78.76562,1.58488,-0.00731,-0.00000,-0.05336,-0.14537,60.00000,60.00000,161.23438,0.00000,0.10885,0.00534,1.00000,1.00000,0.00000,0.00000,none
10.40417,89.98067,78.76803,1.58453,-0.00731,-0.00000,-0.05396,-0.14147,60.00000,60.00000,161.23197,0.00000,0.10886,0.00540,1.00000,1.00000,0.00000,0.00000,none
10.40833,89.98067,78.77043,1.58418,-0.00732,-0.00000,-0.05454,-0.13755,60.00000,60.00000,161.22957,0.00000,0.10886,0.00545,1.00000,1.00000,0.00000,0.00000,none
10.41250,89.98067,78.77284,1.58383,-0.00732,-0.00000,-0.05510,-0.13361,60.00000,60.00000,161.22716,0.00000,0.10887,0.00551,1.00000,1.00000,0.00000,0.00000,none
10.41667,89.98067,78.77524,1.58348,-0.00732,-0.00000,-0.05565,-0.12964,60.00000,60.00000,161.22476,0.00000,0.10888,0.00557,1.00000,1.00000,0.00000,0.00000,none
10.42083,89.98067,78.77764,1.58314,-0.00732,-0.00000,-0.05618,-0.12565,60.00000,60.00000,161.22236,0.00000,0.10888,0.00562,1.00000,1.00000,0.00000,0.00000,none
10.42500,89.98067,78.78004,1.58279,-0.00732,-0.00000,-0.05670,-0.12164,60.00000,60.00000,161.21996,0.00000,0.10889,0.00567,1.00000,1.00000,0.00000,0.00000,none
10.42917,89.98067,78.78243,1.58244,-0.00732,-0.00000,-0.05720,-0.11762,60.00000,60.00000,161.21757,0.00000,0.10889,0.00572,1.00000,1.00000,0.00000,0.00000,none
10.43333,89.98067,78.78483,1.58209,-0.00732,-0.00000,-0.05768,-0.11357,60.00000,60.00000,161.21517,0.00000,0.10890,0.00577,1.00000,1.00000,0.00000,0.00000,none
10.43750,89.98068,78.78723,1.58175,-0.00732,-0.00000,-0.05814,-0.10951,60.00000,60.00000,161.21277,0.00000,0.10890,0.00581,1.00000,1.00000,0.00000,0.00000,none
10.44167,89.98068,78.78962,1.58140,-0.00733,-0.00000,-0.05859,-0.10543,60.00000,60.00000,161.21038,0.00000,0.10891,0.00586,1.00000,1.00000,0.00000,0.00000,none
10.44583,89.98068,78.79202,1.58105,-0.00733,-0.00000,-0.05902,-0.10133,60.00000,60.00000,161.20798,0.00000,0.10891,0.00590,1.00000,1.00000,0.00000,0.00000,none
10.45000,89.98068,78.79441,1.58070,-0.00733,-0.00000,-0.05944,-0.09723,60.00000,60.00000,161.20559,0.00000,0.10892,0.00594,1.00000,1.00000,0.00000,0.00000,none
10.45417,89.98068,78.79680,1.58036,-0.00733,-0.00000,-0.05983,-0.09310,60.00000,60.00000,161.20320,0.00000,0.10893,0.00598,1.00000,1.00000,0.00000,0.00000,none
10.45833,89.98068,78.79919,1.58001,-0.00733,-0.00000,-0.06021,-0.08897,60.00000,60.00000,161.20081,0.00000,0.10893,0.00602,1.00000,1.00000,0.00000,0.00000,none
10.46250,89.98068,78.80158,1.57966,-0.00733,-0.00000,-0.06057,-0.08483,60.00000,60.00000,161.19842,0.00000,0.10894,0.00606,1.00000,1.00000,0.00000,0.00000,none
10.46667,89.98068,78.80397,1.57932,-0.00733,-0.00000,-0.06092,-0.08068,60.00000,60.00000,161.19603,0.00000,0.10894,0.00609,1.00000,1.00000,0.00000,0.00000,none
10.47083,89.98068,78.80635,1.57897,-0.00733,-0.00000,-0.06125,-0.07652,60.00000,60.00000,161.19365,0.00000,0.10895,0.00612,1.00000,1.00000,0.00000,0.00000,none
10.47500,89.98068,78.80874,1.57863,-0.00734,-0.00000,-0.06156,-0.07235,60.00000,60.00000,161.19126,0.00000,0.10895,0.00616,1.00000,1.00000,0.00000,0.00000,none
10.47917,89.98068,78.81112,1.57828,-0.00734,-0.00000,-0.06185,-0.06818,60.00000,60.00000,161.18888,0.00000,0.10896,0.00618,1.00000,1.00000,0.00000,0.00000,none
10.48333,89.98069,78.81351,1.57793,-0.00734,-0.00000,-0.06212,-0.06400,60.00000,60.00000,161.18649,0.00000,0.10896,0.00621,1.00000,1.00000,0.00000,0.00000,none
10.48750,89.98069,78.81589,1.57759,-0.00734,-0.00000,-0.06238,-0.05982,60.00000,60.00000,161.18411,0.00000,0.10897,0.00624,1.00000,1.00000,0.00000,0.00000,none
10.49167,89.98069,78.81827,1.57724,-0.00734,-0.00000,-0.06262,-0.05564,60.00000,60.00000,161.18173,0.00000,0.10898,0.00626,1.00000,1.00000,0.00000,0.00000,none
10.49583,89.98069,78.82065,1.57690,-0.00734,-0.00000,-0.06285,-0.05145,60.00000,60.00000,161.17935,0.00000,0.10898,0.00628,1.00000,1.00000,0.00000,0.00000,none
10.50000,89.98069,78.82303,1.57655,-0.00734,-0.00000,-0.06305,-0.04727,60.00000,60.00000,161.17697,0.00000,0.10899,0.00631,1.00000,1.00000,0.00000,0.00000,none
10.50417,89.98069,78.82541,1.57621,-0.00734,-0.00000,-0.06324,-0.04308,60.00000,60.00000,161.17459,0.00000,0.10899,0.00632,1.00000,1.00000,0.00000,0.00000,none
10.50833,89.98069,78.82778,1.57586,-0.00734,-0.00000,-0.06341,-0.03890,60.00000,60.00000,161.17222,0.00000,0.10900,0.00634,1.00000,1.00000,0.00000,0.00000,none
10.51250,89.98069,78.83016,1.57552,-0.00735,-0.00000,-0.06356,-0.03472,60.00000,60.00000,161.16984,0.00000,0.10900,0.00636,1.00000,1.00000,0.00000,0.00000,none
10.51667,89.98069,78.83253,1.57518,-0.00735,-0.00000,-0.06370,-0.03054,60.00000,60.00000,161.16747,0.00000,0.10901,0.00637,1.00000,1.00000,0.00000,0.00000,none
10.52083,89.98069,78.83491,1.57483,-0.00735,-0.00000,-0.06382,-0.02637,60.00000,60.00000,161.16509,0.00000,0.10902,0.00638,1.00000,1.00000,0.00000,0.00000,none
10.52500,89.98069,78.83728,1.57449,-0.00735,-0.00000,-0.06392,-0.02220,60.00000,60.00000,161.16272,0.00000,0.10902,0.00639,1.00000,1.00000,0.00000,0.00000,none
10.52917,89.98069,78.83965,1.57414,-0.00735,-0.00000,-0.06400,-0.01804,60.00000,60.00000,161.16035,0.00000,0.10903,0.00640,1.00000,1.00000,0.00000,0.00000,none
10.53333,89.98069,78.84202,1.57380,-0.00735,-0.00000,-0.06407,-0.01389,60.00000,60.00000,161.15798,0.00000,0.10903,0.00641,1.00000,1.00000,0.00000,0.00000,none
10.53750,89.98069,78.84439,1.57346,-0.00735,-0.00000,-0.06412,-0.00975,60.00000,60.00000,161.15561,0.00000,0.10904,0.00641,1.00000,1.00000,0.00000,0.00000,none
10.54167,89.98070,78.84676,1.57311,-0.00735,-0.00000,-0.06415,-0.00561,60.00000,60.00000,161.15324,0.00000,0.10904,0.00642,1.00000,1.00000,0.00000,0.00000,none
10.54583,89.98070,78.84912,1.57277,-0.00736,-0.00000,-0.06417,-0.00149,60.00000,60.00000,161.15088,0.00000,0.10905,0.00642,1.00000,1.00000,0.00000,0.00000,none
10.55000,89.98070,78.85149,1.57243,-0.00736,-0.00000,-0.06416,0.00262,60.00000,60.00000,161.14851,0.00000,0.10905,0.00642,1.00000,1.00000,0.00000,0.00000,none
10.55417,89.98070,78.85385,1.57209,-0.00736,-0.00000,-0.06414,0.00671,60.00000,60.00000,161.14615,0.00000,0.10906,0.00641,1.00000,1.00000,0.00000,0.00000,none
10.55833,89.98070,78.85622,1.57174,-0.00736,-0.00000,-0.06411,0.01079,60.00000,60.00000,161.14378,0.00000,0.10907,0.00641,1.00000,1.00000,0.00000,0.00000,none
10.56250,89.98070,78.85858,1.57140,-0.00736,-0.00000,-0.06405,0.01486,60.00000,60.00000,161.14142,0.00000,0.10907,0.00641,1.00000,1.00000,0.00000,0.00000,none
10.56667,89.98070,78.86094,1.57106,-0.00736,-0.00000,-0.06398,0.01891,60.00000,60.00000,161.13906,0.00000,0.10908,0.00640,1.00000,1.00000,0.00000,0.00000,none
10.57083,89.98070,78.86330,1.57072,-0.00736,-0.00000,-0.06390,0.02294,60.00000,60.00000,161.13670,0.00000,0.10908,0.00639,1.00000,1.00000,0.00000,0.00000,none
10.57500,89.98070,78.86566,1.57037,-0.00736,-0.00000,-0.06379,0.02696,60.00000,60.00000,161.13434,0.00000,0.10909,0.00638,1.00000,1.00000,0.00000,0.00000,none
10.57917,89.98070,78.86801,1.57003,-0.00737,-0.00000,-0.06367,0.03095,60.00000,60.00000,161.13199,0.00000,0.10909,0.00637,1.00000,1.00000,0.00000,0.00000,none
10.58333,89.98070,78.87037,1.56969,-0.00737,-0.00000,-0.06353,0.03493,60.00000,60.00000,161.12963,0.00000,0.10910,0.00635,1.00000,1.00000,0.00000,0.00000,none
10.58750,89.98070,78.87273,1.56935,-0.00737,-0.00000,-0.06338,0.03888,60.00000,60.00000,161.12727,0.00000,0.10910,0.00634,1.00000,1.00000,0.00000,0.00000,none
10.59167,89.98070,78.87508,1.56901,-0.00737,-0.00000,-0.06321,0.04281,60.00000,60.00000,161.12492,0.00000,0.10911,0.00632,1.00000,1.00000,0.00000,0.00000,none
10.59583,89.98070,78.87743,1.56867,-0.00737,-0.00000,-0.06302,0.04672,60.00000,60.00000,161.12257,0.00000,0.10912,0.00630,1.00000,1.00000,0.00000,0.00000,none
10.60000,89.98071,78.87979,1.56833,-0.00737,-0.00000,-0.06282,0.05061,60.00000,60.00000,161.12021,0.00000,0.10912,0.00628,1.00000,1.00000,0.00000,0.00000,none
10.60417,89.98071,78.88214,1.56798,-0.00737,-0.00000,-0.06260,0.05447,60.00000,60.00000,161.11786,0.00000,0.10913,0.00626,1.00000,1.00000,0.00000,0.00000,none
10.60833,89.98071,78.88449,1.56764,-0.00737,-0.00000,-0.06237,0.05830,60.00000,60.00000,161.11551,0.00000,0.10913,0.00624,1.00000,1.00000,0.00000,0.00000,none
10.61250,89.98071,78.88684,1.56730,-0.00737,-0.00000,-0.06212,0.06211,60.00000,60.00000,161.11316,0.00000,0.10914,0.00621,1.00000,1.00000,0.00000,0.00000,none
10.61667,89.98071,78.88918,1.56696,-0.00738,-0.00000,-0.06185,0.06589,60.00000,60.00000,161.11082,0.00000,0.10914,0.00618,1.00000,1.00000,0.00000,0.00000,none
10.62083,89.98071,78.89153,1.56662,-0.00738,-0.00000,-0.06157,0.06964,60.00000,60.00000,161.10847,0.00000,0.10915,0.00616,1.00000,1.00000,0.00000,0.00000,none
10.62500,89.98071,78.89388,1.56628,-0.00738,-0.00000,-0.06127,0.07336,60.00000,60.00000,161.10612,0.00000,0.10915,0.00613,1.00000,1.00000,0.00000,0.00000,none
10.62917,89.98071,78.89622,1.56594,-0.00738,-0.00000,-0.06096,0.07705,60.00000,60.00000,161.10378,0.00000,0.10916,0.00610,1.00000,1.00000,0.00000,0.00000,none
10.63333,89.98071,78.89857,1.56560,-0.00738,-0.00000,-0.06063,0.08072,60.00000,60.00000,161.10143,0.00000,0.10917,0.00606,1.00000,1.00000,0.00000,0.00000,none
10.63750,89.98071,78.90091,1.56526,-0.00738,-0.00000,-0.06028,0.08434,60.00000,60.00000,161.09909,0.00000,0.10917,0.00603,1.00000,1.00000,0.00000,0.00000,none
10.64167,89.98071,78.90325,1.56493,-0.00738,-0.00000,-0.05992,0.08794,60.00000,60.00000,161.09675,0.00000,0.10918,0.00599,1.00000,1.00000,0.00000,0.00000,none
10.64583,89.98071,78.90559,1.56459,-0.00738,-0.00000,-0.05955,0.09150,60.00000,60.00000,161.09441,0.00000,0.10918,0.00596,1.00000,1.00000,0.00000,0.00000,none
10.65000,89.98072,78.90793,1.56425,-0.00739,-0.00000,-0.05916,0.09503,60.00000,60.00000,161.09207,0.00000,0.10919,0.00592,1.00000,1.00000,0.00000,0.00000,none
10.65417,89.98072,78.91027,1.56391,-0.00739,-0.00000,-0.05876,0.09852,60.00000,60.00000,161.08973,0.00000,0.10919,0.00588,1.00000,1.00000,0.00000,0.00000,none
10.65833,89.98072,78.91260,1.56357,-0.00739,-0.00000,-0.05834,0.10198,60.00000,60.00000,161.08740,0.00000,0.10920,0.00583,1.00000,1.00000,0.00000,0.00000,none
10.66250,89.98072,78.91494,1.56323,-0.00739,-0.00000,-0.05791,0.10540,60.00000,60.00000,161.08506,0.00000,0.10920,0.00579,1.00000,1.00000,0.00000,0.00000,none
10.66667,89.98072,78.91727,1.56289,-0.00739,-0.00000,-0.05746,0.10878,60.00000,60.00000,161.08273,0.00000,0.10921,0.00575,1.00000,1.00000,0.00000,0.00000,none
10.67083,89.98072,78.91961,1.56256,-0.00739,-0.00000,-0.05700,0.11212,60.00000,60.00000,161.08039,0.00000,0.10922,0.00570,1.00000,1.00000,0.00000,0.00000,none
10.67500,89.98072,78.92194,1.56222,-0.00739,-0.00000,-0.05653,0.11542,60.00000,60.00000,161.07806,0.00000,0.10922,0.00565,1.00000,1.00000,0.00000,0.00000,none
10.67917,89.98072,78.92427,1.56188,-0.00739,-0.00000,-0.05604,0.11869,60.00000,60.00000,161.07573,0.00000,0.10923,0.00560,1.00000,1.00000,0.00000,0.00000,none
10.68333,89.98072,78.92660,1.56154,-0.00739,-0.00000,-0.05554,0.12191,60.00000,60.00000,161.07340,0.00000,0.10923,0.00555,1.00000,1.00000,0.00000,0.00000,none
10.68750,89.98073,78.92893,1.56120,-0.00740,-0.00000,-0.05502,0.12509,60.00000,60.00000,161.07107,0.00000,0.10924,0.00550,1.00000,1.00000,0.00000,0.00000,none
10.69167,89.98073,78.93126,1.56087,-0.00740,-0.00000,-0.05450,0.12823,60.00000,60.00000,161.06874,0.00000,0.10924,0.00545,1.00000,1.00000,0.00000,0.00000,none
10.69583,89.98073,78.93359,1.56053,-0.00740,-0.00001,-0.05396,0.13133,60.00000,60.00000,161.06641,0.00000,0.10925,0.00540,1.00000,1.00000,0.00000,0.00000,none
10.70000,89.98073,78.93591,1.56019,-0.00740,-0.00001,-0.05340,0.13439,60.00000,60.00000,161.06409,0.00000,0.10925,0.00534,1.00000,1.00000,0.00000,0.00000,none
10.70417,89.98073,78.93824,1.55986,-0.00740,-0.00001,-0.05284,0.13740,60.00000,60.00000,161.06176,0.00000,0.10926,0.00528,1.00000,1.00000,0.00000,0.00000,none
10.70833,89.98073,78.94056,1.55952,-0.00740,-0.00001,-0.05226,0.14036,60.00000,60.00000,161.05944,0.00000,0.10927,0.00523,1.00000,1.00000,0.00000,0.00000,none
10.71250,89.98073,78.94288,1.55918,-0.00740,-0.00001,-0.05167,0.14328,60.00000,60.00000,161.05712,0.00000,0.10927,0.00517,1.00000,1.00000,0.00000,0.00000,none
10.71667,89.98073,78.94521,1.55885,-0.00740,-0.00001,-0.05106,0.14615,60.00000,60.00000,161.05479,0.00000,0.10928,0.00511,1.00000,1.00000,0.00000,0.00000,none
10.72083,89.98074,78.94753,1.55851,-0.00740,-0.00001,-0.05045,0.14898,60.00000,60.00000,161.05247,0.00000,0.10928,0.00504,1.00000,1.00000,0.00000,0.00000,none
10.72500,89.98074,78.94985,1.55817,-0.00741,-0.00001,-0.04982,0.15176,60.00000,60.00000,161.05015,0.00000,0.10929,0.00498,1.00000,1.00000,0.00000,0.00000,none
10.72917,89.98074,78.95217,1.55784,-0.00741,-0.00001,-0.04918,0.15450,60.00000,60.00000,161.04783,0.00000,0.10929,0.00492,1.00000,1.00000,0.00000,0.00000,none
10.73333,89.98074,78.95448,1.55750,-0.00741,-0.00001,-0.04854,0.15718,60.00000,60.00000,161.04552,0.00000,0.10930,0.00485,1.00000,1.00000,0.00000,0.00000,none
10.73750,89.98074,78.95680,1.55717,-0.00741,-0.00001,-0.04787,0.15981,60.00000,60.00000,161.04320,0.00000,0.10930,0.00479,1.00000,1.00000,0.00000,0.00000,none
10.74167,89.98074,78.95911,1.55683,-0.00741,-0.00001,-0.04720,0.16240,60.00000,60.00000,161.04089,0.00000,0.10931,0.00472,1.00000,1.00000,0.00000,0.00000,none
10.74583,89.98074,78.96143,1.55650,-0.00741,-0.00001,-0.04652,0.16494,60.00000,60.00000,161.03857,0.00000,0.10932,0.00465,1.00000,1.00000,0.00000,0.00000,none
10.75000,89.98075,78.96374,1.55616,-0.00741,-0.00001,-0.04583,0.16742,60.00000,60.00000,161.03626,0.00000,0.10932,0.00458,1.00000,1.00000,0.00000,0.00000,none
10.75417,89.98075,78.96605,1.55583,-0.00741,-0.00001,-0.04513,0.16986,60.00000,60.00000,161.03395,0.00000,0.10933,0.00451,1.00000,1.00000,0.00000,0.00000,none
10.75833,89.98075,78.96837,1.55549,-0.00741,-0.00001,-0.04441,0.17224,60.00000,60.00000,161.03163,0.00000,0.10933,0.00444,1.00000,1.00000,0.00000,0.00000,none
10.76250,89.98075,78.97068,1.55516,-0.00742,-0.00001,-0.04369,0.17457,60.00000,60.00000,161.02932,0.00000,0.10934,0.00437,1.00000,1.00000,0.00000,0.00000,none
10.76667,89.98075,78.97299,1.55482,-0.00742,-0.00001,-0.04296,0.17685,60.00000,60.00000,161.02701,0.00000,0.10934,0.00430,1.00000,1.00000,0.00000,0.00000,none
10.77083,89.98075,78.97529,1.55449,-0.00742,-0.00001,-0.04222,0.17908,60.00000,60.00000,161.02471,0.00000,0.10935,0.00422,1.00000,1.00000,0.00000,0.00000,none
10.77500,89.98076,78.97760,1.55416,-0.00742,-0.00001,-0.04147,0.18125,60.00000,60.00000,161.02240,0.00000,0.10935,0.00415,1.00000,1.00000,0.00000,0.00000,none
10.77917,89.98076,78.97991,1.55382,-0.00742,-0.00001,-0.04071,0.18337,60.00000,60.00000,161.02009,0.00000,0.10936,0.00407,1.00000,1.00000,0.00000,0.00000,none
10.78333,89.98076,78.98221,1.55349,-0.00742,-0.00001,-0.03994,0.18544,60.00000,60.00000,161.01779,0.00000,0.10937,0.00399,1.00000,1.00000,0.00000,0.00000,none
10.78750,89.98076,78.98451,1.55316,-0.00742,-0.00001,-0.03916,0.18745,60.00000,60.00000,161.01549,0.00000,0.10937,0.00392,1.00000,1.00000,0.00000,0.00000,none
10.79167,89.98076,78.98682,1.55282,-0.00742,-0.00001,-0.03838,0.18941,60.00000,60.00000,161.01318,0.00000,0.10938,0.00384,1.00000,1.00000,0.00000,0.00000,none
10.79583,89.98077,78.98912,1.55249,-0.00742,-0.00001,-0.03758,0.19131,60.00000,60.00000,161.01088,0.00000,0.10938,0.00376,1.00000,1.00000,0.00000,0.00000,none
10.80000,89.98077,78.99142,1.55216,-0.00743,-0.00001,-0.03678,0.19316,60.00000,60.00000,161.00858,0.00000,0.10939,0.00368,1.00000,1.00000,0.00000,0.00000,none
10.80417,89.98077,78.99372,1.55182,-0.00743,-0.00001,-0.03597,0.19495,60.00000,60.00000,161.00628,0.00000,0.10939,0.00360,1.00000,1.00000,0.00000,0.00000,none
10.80833,89.98077,78.99602,1.55149,-0.00743,-0.00001,-0.03516,0.19669,60.00000,60.00000,161.00398,0.00000,0.10940,0.00352,1.00000,1.00000,0.00000,0.00000,none
10.81250,89.98077,78.99832,1.55116,-0.00743,-0.00001,-0.03433,0.19837,60.00000,60.00000,161.00168,0.00000,0.10940,0.00343,1.00000,1.00000,0.00000,0.00000,none
10.81667,89.98078,79.00061,1.55083,-0.00743,-0.00001,-0.03350,0.19999,60.00000,60.00000,160.99939,0.00000,0.10941,0.00335,1.00000,1.00000,0.00000,0.00000,none
10.82083,89.98078,79.00291,1.55049,-0.00743,-0.00001,-0.03267,0.20155,60.00000,60.00000,160.99709,0.00000,0.10942,0.00327,1.00000,1.00000,0.00000,0.00000,none
10.82500,89.98078,79.00520,1.55016,-0.00743,-0.00001,-0.03183,0.20306,60.00000,60.00000,160.99480,0.00000,0.10942,0.00318,1.00000,1.00000,0.00000,0.00000,none
10.82917,89.98078,79.00749,1.54983,-0.00743,-0.00001,-0.03098,0.20452,60.00000,60.00000,160.99251,0.00000,0.10943,0.00310,1.00000,1.00000,0.00000,0.00000,none
10.83333,89.98078,79.00979,1.54950,-0.00743,-0.00001,-0.03012,0.20591,60.00000,60.00000,160.99021,0.00000,0.10943,0.00301,1.00000,1.00000,0.00000,0.00000,none
10.83750,89.98079,79.01208,1.54917,-0.00743,-0.00001,-0.02926,0.20725,60.00000,60.00000,160.98792,0.00000,0.10944,0.00293,1.00000,1.00000,0.00000,0.00000,none
10.84167,89.98079,79.01437,1.54883,-0.00744,-0.00001,-0.02839,0.20853,60.00000,60.00000,160.98563,0.00000,0.10944,0.00284,1.00000,1.00000,0.00000,0.00000,none
10.84583,89.98079,79.01666,1.54850,-0.00744,-0.00001,-0.02752,0.20975,60.00000,60.00000,160.98334,0.00000,0.10945,0.00275,1.00000,1.00000,0.00000,0.00000,none
10.85000,89.98079,79.01895,1.54817,-0.00744,-0.00001,-0.02665,0.21091,60.00000,60.00000,160.98105,0.00000,0.10945,0.00266,1.00000,1.00000,0.00000,0.00000,none
10.85417,89.98080,79.02123,1.54784,-0.00744,-0.00001,-0.02577,0.21202,60.00000,60.00000,160.97877,0.00000,0.10946,0.00258,1.00000,1.00000,0.00000,0.00000,none
10.85833,89.98080,79.02352,1.54751,-0.00744,-0.00001,-0.02488,0.21306,60.00000,60.00000,160.97648,0.00000,0.10947,0.00249,1.00000,1.00000,0.00000,0.00000,none
10.86250,89.98080,79.02580,1.54718,-0.00744,-0.00001,-0.02399,0.21405,60.00000,60.00000,160.97420,0.00000,0.10947,0.00240,1.00000,1.00000,0.00000,0.00000,none
10.86667,89.98080,79.02809,1.54685,-0.00744,-0.00001,-0.02310,0.21498,60.00000,60.00000,160.97191,0.00000,0.10948,0.00231,1.00000,1.00000,0.00000,0.00000,none
10.87083,89.98081,79.03037,1.54652,-0.00744,-0.00001,-0.02220,0.21585,60.00000,60.00000,160.96963,0.00000,0.10948,0.00222,1.00000,1.00000,0.00000,0.00000,none
10.87500,89.98081,79.03265,1.54619,-0.00744,-0.00001,-0.02130,0.21666,60.00000,60.00000,160.96735,0.00000,0.10949,0.00213,1.00000,1.00000,0.00000,0.00000,none
10.87917,89.98081,79.03493,1.54586,-0.00745,-0.00001,-0.02039,0.21742,60.00000,60.00000,160.96507,0.00000,0.10949,0.00204,1.00000,1.00000,0.00000,0.00000,none
10.88333,89.98081,79.03721,1.54553,-0.00745,-0.00001,-0.01949,0.21811,60.00000,60.00000,160.96279,0.00000,0.10950,0.00195,1.00000,1.00000,0.00000,0.00000,none
10.88750,89.98082,79.03949,1.54520,-0.00745,-0.00001,-0.01858,0.21875,60.00000,60.00000,160.96051,0.00000,0.10950,0.00186,1.00000,1.00000,0.00000,0.00000,none
10.89167,89.98082,79.04177,1.54487,-0.00745,-0.00001,-0.01766,0.21933,60.00000,60.00000,160.95823,0.00000,0.10951,0.00177,1.00000,1.00000,0.00000,0.00000,none
10.89583,89.98082,79.04405,1.54454,-0.00745,-0.00001,-0.01675,0.21985,60.00000,60.00000,160.95595,0.00000,0.10952,0.00167,1.00000,1.00000,0.00000,0.00000,none
10.90000,89.98083,79.04632,1.54421,-0.00745,-0.00001,-0.01583,0.22031,60.00000,60.00000,160.95368,0.00000,0.10952,0.00158,1.00000,1.00000,0.00000,0.00000,none
10.90417,89.98083,79.04860,1.54388,-0.00745,-0.00001,-0.01491,0.22071,60.00000,60.00000,160.95140,0.00000,0.10953,0.00149,1.00000,1.00000,0.00000,0.00000,none
10.90833,89.98083,79.05087,1.54355,-0.00745,-0.00001,-0.01399,0.22105,60.00000,60.00000,160.94913,0.00000,0.10953,0.00140,1.00000,1.00000,0.00000,0.00000,none
10.91250,89.98084,79.05314,1.54323,-0.00745,-0.00001,-0.01307,0.22134,60.00000,60.00000,160.94686,0.00000,0.10954,0.00131,1.00000,1.00000,0.00000,0.00000,none
10.91667,89.98084,79.05541,1.54290,-0.00745,-0.00001,-0.01215,0.22157,60.00000,60.00000,160.94459,0.00000,0.10954,0.00121,1.00000,1.00000,0.00000,0.00000,none
10.92083,89.98084,79.05768,1.54257,-0.00745,-0.00001,-0.01122,0.22173,60.00000,60.00000,160.94232,0.00000,0.10955,0.00112,1.00000,1.00000,0.00000,0.00000,none
10.92500,89.98084,79.05995,1.54224,-0.00746,-0.00001,-0.01030,0.22185,60.00000,60.00000,160.94005,0.00000,0.10955,0.00103,1.00000,1.00000,0.00000,0.00000,none
10.92917,89.98085,79.06222,1.54191,-0.00746,-0.00001,-0.00937,0.22190,60.00000,60.00000,160.93778,0.00000,0.10956,0.00094,1.00000,1.00000,0.00000,0.00000,none
10.93333,89.98085,79.06449,1.54159,-0.00746,-0.00001,-0.00845,0.22189,60.00000,60.00000,160.93551,0.00000,0.10957,0.00085,1.00000,1.00000,0.00000,0.00000,none
10.93750,89.98085,79.06676,1.54126,-0.00746,-0.00001,-0.00753,0.22183,60.00000,60.00000,160.93324,0.00000,0.10957,0.00075,1.00000,1.00000,0.00000,0.00000,none
10.94167,89.98086,79.06902,1.54093,-0.00746,-0.00001,-0.00660,0.22171,60.00000,60.00000,160.93098,0.00000,0.10958,0.00066,1.00000,1.00000,0.00000,0.00000,none
10.94583,89.98086,79.07129,1.54060,-0.00746,-0.00001,-0.00568,0.22153,60.00000,60.00000,160.92871,0.00000,0.10958,0.00057,1.00000,1.00000,0.00000,0.00000,none
10.95000,89.98086,79.07355,1.54028,-0.00746,-0.00001,-0.00476,0.22130,60.00000,60.00000,160.92645,0.00000,0.10959,0.00048,1.00000,1.00000,0.00000,0.00000,none
10.95417,89.98087,79.07581,1.53995,-0.00746,-0.00001,-0.00383,0.22101,60.00000,60.00000,160.92419,0.00000,0.10959,0.00038,1.00000,1.00000,0.00000,0.00000,none
10.95833,89.98087,79.07807,1.53962,-0.00746,-0.00001,-0.00291,0.22066,60.00000,60.00000,160.92193,0.00000,0.10960,0.00029,1.00000,1.00000,0.00000,0.00000,none
10.96250,89.98088,79.08033,1.53929,-0.00746,-0.00002,-0.00200,0.22026,60.00000,60.00000,160.91967,0.00000,0.10960,0.00020,1.00000,1.00000,0.00000,0.00000,none
10.96667,89.98088,79.08259,1.53897,-0.00747,-0.00002,-0.00108,0.21980,60.00000,60.00000,160.91741,0.00000,0.10961,0.00011,1.00000,1.00000,0.00000,0.00000,none
10.97083,89.98088,79.08485,1.53864,-0.00747,-0.00002,-0.00016,0.21928,60.00000,60.00000,160.91515,0.00000,0.10962,0.00002,1.00000,1.00000,0.00000,0.00000,none
10.97500,89.98089,79.08711,1.53832,-0.00747,-0.00002,0.00075,0.21873,60.00000,60.00000,160.91289,0.00000,0.10962,0.00006,1.00000,1.00000,0.00000,0.00000,none
10.97917,89.98089,79.08937,1.53799,-0.00747,-0.00002,0.00166,0.21816,60.00000,60.00000,160.91063,0.00000,0.10963,0.00014,1.00000,1.00000,0.00000,0.00000,none
10.98333,89.98089,79.09162,1.53766,-0.00747,-0.00002,0.00257,0.21757,60.00000,60.00000,160.90838,0.00000,0.10963,0.00021,1.00000,1.00000,0.00000,0.00000,none
10.98750,89.98090,79.09387,1.53734,-0.00747,-0.00002,0.00347,0.21698,60.00000,60.00000,160.90613,0.00000,0.10964,0.00029,1.00000,1.00000,0.00000,0.00000,none
10.99167,89.98090,79.09613,1.53701,-0.00747,-0.00002,0.00437,0.21637,60.00000,60.00000,160.90387,0.00000,0.10964,0.00036,1.00000,1.00000,0.00000,0.00000,none
10.99583,89.98091,79.09838,1.53669,-0.00747,-0.00002,0.00527,0.21575,60.00000,60.00000,160.90162,0.00000,0.10965,0.00044,1.00000,1.00000,0.00000,0.00000,none
11.00000,89.98091,79.10063,1.53636,-0.00747,-0.00002,0.00617,0.21511,60.00000,60.00000,160.89937,0.00000,0.10965,0.00051,1.00000,1.00000,0.00000,0.00000,none
11.00417,89.98091,79.10288,1.53604,-0.00747,-0.00002,0.00707,0.21447,60.00000,60.00000,160.89712,0.00000,0.10966,0.00059,1.00000,1.00000,0.00000,0.00000,none
11.00833,89.98092,79.10513,1.53571,-0.00747,-0.00002,0.00796,0.21381,60.00000,60.00000,160.89487,0.00000,0.10966,0.00066,1.00000,1.00000,0.00000,0.00000,none
11.01250,89.98092,79.10738,1.53539,-0.00748,-0.00002,0.00885,0.21313,60.00000,60.00000,160.89262,0.00000,0.10967,0.00074,1.00000,1.00000,0.00000,0.00000,none
11.01667,89.98093,79.10963,1.53506,-0.00748,-0.00002,0.00974,0.21245,60.00000,60.00000,160.89037,0.00000,0.10968,0.00081,1.00000,1.00000,0.00000,0.00000,none
11.02083,89.98093,79.11187,1.53474,-0.00748,-0.00002,0.01062,0.21175,60.00000,60.00000,160.88813,0.00000,0.10968,0.00088,1.00000,1.00000,0.00000,0.00000,none
11.02500,89.98093,79.11412,1.53441,-0.00748,-0.00002,0.01150,0.21104,60.00000,60.00000,160.88588,0.00000,0.10969,0.00096,1.00000,1.00000,0.00000,0.00000,none
11.02917,89.98094,79.11636,1.53409,-0.00748,-0.00002,0.01238,0.21032,60.00000,60.00000,160.88364,0.00000,0.10969,0.00103,1.00000,1.00000,0.00000,0.00000,none
11.03333,89.98094,79.11861,1.53376,-0.00748,-0.00002,0.01325,0.20959,60.00000,60.00000,160.88139,0.00000,0.10970,0.00110,1.00000,1.00000,0.00000,0.00000,none
11.03750,89.98095,79.12085,1.53344,-0.00748,-0.00002,0.01412,0.20884,60.00000,60.00000,160.87915,0.00000,0.10970,0.00118,1.00000,1.00000,0.00000,0.00000,none
11.04167,89.98095,79.12309,1.53312,-0.00748,-0.00002,0.01499,0.20809,60.00000,60.00000,160.87691,0.00000,0.10971,0.00125,1.00000,1.00000,0.00000,0.00000,none
11.04583,89.98095,79.12533,1.53279,-0.00748,-0.00002,0.01586,0.20732,60.00000,60.00000,160.87467,0.00000,0.10971,0.00132,1.00000,1.00000,0.00000,0.00000,none
11.05000,89.98096,79.12757,1.53247,-0.00748,-0.00002,0.01672,0.20654,60.00000,60.00000,160.87243,0.00000,0.10972,0.00139,1.00000,1.00000,0.00000,0.00000,none
11.05417,89.98096,79.12981,1.53215,-0.00748,-0.00002,0.01758,0.20575,60.00000,60.00000,160.87019,0.00000,0.10973,0.00147,1.00000,1.00000,0.00000,0.00000,none
11.05833,89.98097,79.13205,1.53182,-0.00749,-0.00002,0.01844,0.20494,60.00000,60.00000,160.86795,0.00000,0.10973,0.00154,1.00000,1.00000,0.00000,0.00000,none
11.06250,89.98097,79.13429,1.53150,-0.00749,-0.00002,0.01929,0.20413,60.00000,60.00000,160.86571,0.00000,0.10974,0.00161,1.00000,1.00000,0.00000,0.00000,none
11.06667,89.98098,79.13652,1.53118,-0.00749,-0.00002,0.02014,0.20330,60.00000,60.00000,160.86348,0.00000,0.10974,0.00168,1.00000,1.00000,0.00000,0.00000,none
11.07083,89.98098,79.13876,1.53085,-0.00749,-0.00002,0.02098,0.20247,60.00000,60.00000,160.86124,0.00000,0.10975,0.00175,1.00000,1.00000,0.00000,0.00000,none
11.07500,89.98098,79.14099,1.53053,-0.00749,-0.00002,0.02182,0.20162,60.00000,60.00000,160.85901,0.00000,0.10975,0.00182,1.00000,1.00000,0.00000,0.00000,none
11.07917,89.98099,79.14322,1.53021,-0.00749,-0.00002,0.02266,0.20076,60.00000,60.00000,160.85678,0.00000,0.10976,0.00189,1.00000,1.00000,0.00000,0.00000,none
11.08333,89.98099,79.14545,1.52989,-0.00749,-0.00002,0.02350,0.19989,60.00000,60.00000,160.85455,0.00000,0.10976,0.00196,1.00000,1.00000,0.00000,0.00000,none
11.08750,89.98100,79.14768,1.52956,-0.00749,-0.00002,0.02433,0.19901,60.00000,60.00000,160.85232,0.00000,0.10977,0.00203,1.00000,1.00000,0.00000,0.00000,none
11.09167,89.98100,79.14991,1.52924,-0.00749,-0.00002,0.02516,0.19812,60.00000,60.00000,160.85009,0.00000,0.10977,0.00210,1.00000,1.00000,0.00000,0.00000,none
11.09583,89.98101,79.15214,1.52892,-0.00749,-0.00002,0.02598,0.19721,60.00000,60.00000,160.84786,0.00000,0.10978,0.00216,1.00000,1.00000,0.00000,0.00000,none
11.10000,89.98101,79.15437,1.52860,-0.00749,-0.00002,0.02680,0.19630,60.00000,60.00000,160.84563,0.00000,0.10979,0.00223,1.00000,1.00000,0.00000,0.00000,none
11.10417,89.98102,79.15660,1.52828,-0.00749,-0.00002,0.02761,0.19538,60.00000,60.00000,160.84340,0.00000,0.10979,0.00230,1.00000,1.00000,0.00000,0.00000,none
11.10833,89.98102,79.15882,1.52796,-0.00750,-0.00002,0.02843,0.19444,60.00000,60.00000,160.84118,0.00000,0.10980,0.00237,1.00000,1.00000,0.00000,0.00000,none
11.11250,89.98102,79.16105,1.52763,-0.00750,-0.00002,0.02924,0.19350,60.00000,60.00000,160.83895,0.00000,0.10980,0.00244,1.00000,1.00000,0.00000,0.00000,none
11.11667,89.98103,79.16327,1.52731,-0.00750,-0.00002,0.03004,0.19255,60.00000,60.00000,160.83673,0.00000,0.10981,0.00250,1.00000,1.00000,0.00000,0.00000,none
11.12083,89.98103,79.16549,1.52699,-0.00750,-0.00002,0.03084,0.19158,60.00000,60.00000,160.83451,0.00000,0.10981,0.00257,1.00000,1.00000,0.00000,0.00000,none
11.12500,89.98104,79.16772,1.52667,-0.00750,-0.00002,0.03164,0.19061,60.00000,60.00000,160.83228,0.00000,0.10982,0.00264,1.00000,1.00000,0.00000,0.00000,none
11.12917,89.98104,79.16994,1.52635,-0.00750,-0.00002,0.03243,0.18962,60.00000,60.00000,160.83006,0.00000,0.10982,0.00270,1.00000,1.00000,0.00000,0.00000,none
11.13333,89.98105,79.17216,1.52603,-0.00750,-0.00002,0.03322,0.18863,60.00000,60.00000,160.82784,0.00000,0.10983,0.00277,1.00000,1.00000,0.00000,0.00000,none
11.13750,89.98105,79.17438,1.52571,-0.00750,-0.00002,0.03400,0.18762,60.00000,60.00000,160.82562,0.00000,0.10984,0.00283,1.00000,1.00000,0.00000,0.00000,none
11.14167,89.98106,79.17659,1.52539,-0.00750,-0.00002,0.03478,0.18661,60.00000,60.00000,160.82341,0.00000,0.10984,0.00290,1.00000,1.00000,0.00000,0.00000,none
11.14583,89.98106,79.17881,1.52507,-0.00750,-0.00002,0.03555,0.18559,60.00000,60.00000,160.82119,0.00000,0.10985,0.00296,1.00000,1.00000,0.00000,0.00000,none
11.15000,89.98107,79.18103,1.52475,-0.00750,-0.00002,0.03633,0.18456,60.00000,60.00000,160.81897,0.00000,0.10985,0.00303,1.00000,1.00000,0.00000,0.00000,none
11.15417,89.98107,79.18324,1.52443,-0.00751,-0.00002,0.03709,0.18351,60.00000,60.00000,160.81676,0.00000,0.10986,0.00309,1.00000,1.00000,0.00000,0.00000,none
11.15833,89.98108,79.18546,1.52411,-0.00751,-0.00002,0.03786,0.18246,60.00000,60.00000,160.81454,0.00000,0.10986,0.00315,1.00000,1.00000,0.00000,0.00000,none
11.16250,89.98108,79.18767,1.52379,-0.00751,-0.00002,0.03861,0.18140,60.00000,60.00000,160.81233,0.00000,0.10987,0.00322,1.00000,1.00000,0.00000,0.00000,none
11.16667,89.98108,79.18988,1.52347,-0.00751,-0.00002,0.03937,0.18034,60.00000,60.00000,160.81012,0.00000,0.10987,0.00328,1.00000,1.00000,0.00000,0.00000,none
11.17083,89.98109,79.19209,1.52315,-0.00751,-0.00002,0.04012,0.17926,60.00000,60.00000,160.80791,0.00000,0.10988,0.00334,1.00000,1.00000,0.00000,0.00000,none
11.17500,89.98109,79.19430,1.52283,-0.00751,-0.00002,0.04086,0.17817,60.00000,60.00000,160.80570,0.00000,0.10988,0.00341,1.00000,1.00000,0.00000,0.00000,none
11.17917,89.98110,79.19651,1.52251,-0.00751,-0.00002,0.04160,0.17708,60.00000,60.00000,160.80349,0.00000,0.10989,0.00347,1.00000,1.00000,0.00000,0.00000,none
11.18333,89.98110,79.19872,1.52220,-0.00751,-0.00002,0.04234,0.17597,60.00000,60.00000,160.80128,0.00000,0.10990,0.00353,1.00000,1.00000,0.00000,0.00000,none
11.18750,89.98111,79.20093,1.52188,-0.00751,-0.00002,0.04307,0.17486,60.00000,60.00000,160.79907,0.00000,0.10990,0.00359,1.00000,1.00000,0.00000,0.00000,none
11.19167,89.98111,79.20313,1.52156,-0.00751,-0.00002,0.04379,0.17374,60.00000,60.00000,160.79687,0.00000,0.10991,0.00365,1.00000,1.00000,0.00000,0.00000,none
11.19583,89.98112,79.20534,1.52124,-0.00751,-0.00002,0.04452,0.17261,60.00000,60.00000,160.79466,0.00000,0.10991,0.00371,1.00000,1.00000,0.00000,0.00000,none
11.20000,89.98112,79.20754,1.52092,-0.00752,-0.00002,0.04523,0.17147,60.00000,60.00000,160.79246,0.00000,0.10992,0.00377,1.00000,1.00000,0.00000,0.00000,none
11.20417,89.98113,79.20975,1.52060,-0.00752,-0.00002,0.04594,0.17033,60.00000,60.00000,160.79025,0.00000,0.10992,0.00383,1.00000,1.00000,0.00000,0.00000,none
11.20833,89.98113,79.21195,1.52029,-0.00752,-0.00002,0.04665,0.16918,60.00000,60.00000,160.78805,0.00000,0.10993,0.00389,1.00000,1.00000,0.00000,0.00000,none
11.21250,89.98114,79.21415,1.51997,-0.00752,-0.00002,0.04735,0.16801,60.00000,60.00000,160.78585,0.00000,0.10993,0.00395,1.00000,1.00000,0.00000,0.00000,none
11.21667,89.98114,79.21635,1.51965,-0.00752,-0.00002,0.04805,0.16685,60.00000,60.00000,160.78365,0.00000,0.10994,0.00400,1.00000,1.00000,0.00000,0.00000,none
11.22083,89.98115,79.21855,1.51933,-0.00752,-0.00002,0.04874,0.16567,60.00000,60.00000,160.78145,0.00000,0.10995,0.00406,1.00000,1.00000,0.00000,0.00000,none
11.22500,89.98115,79.22075,1.51902,-0.00752,-0.00002,0.04943,0.16449,60.00000,60.00000,160.77925,0.00000,0.10995,0.00412,1.00000,1.00000,0.00000,0.00000,none
11.22917,89.98116,79.22295,1.51870,-0.00752,-0.00002,0.05012,0.16329,60.00000,60.00000,160.77705,0.00000,0.10996,0.00418,1.00000,1.00000,0.00000,0.00000,none
11.23333,89.98116,79.22514,1.51838,-0.00752,-0.00002,0.05079,0.16210,60.00000,60.00000,160.77486,0.00000,0.10996,0.00423,1.00000,1.00000,0.00000,0.00000,none
11.23750,89.98117,79.22734,1.51806,-0.00752,-0.00002,0.05147,0.16089,60.00000,60.00000,160.77266,0.00000,0.10997,0.00429,1.00000,1.00000,0.00000,0.00000,none
11.24167,89.98117,79.22953,1.51775,-0.00752,-0.00002,0.05213,0.15968,60.00000,60.00000,160.77047,0.00000,0.10997,0.00434,1.00000,1.00000,0.00000,0.00000,none
11.24583,89.98118,79.23173,1.51743,-0.00753,-0.00002,0.05280,0.15846,60.00000,60.00000,160.76827,0.00000,0.10998,0.00440,1.00000,1.00000,0.00000,0.00000,none
11.25000,89.98118,79.23392,1.51711,-0.00753,-0.00002,0.05345,0.15723,60.00000,60.00000,160.76608,0.00000,0.10998,0.00445,1.00000,1.00000,0.00000,0.00000,none
11.25417,89.98119,79.23611,1.51680,-0.00753,-0.00002,0.05411,0.15599,60.00000,60.00000,160.76389,0.00000,0.10999,0.00451,1.00000,1.00000,0.00000,0.00000,none
11.25833,89.98119,79.23830,1.51648,-0.00753,-0.00002,0.05475,0.15475,60.00000,60.00000,160.76170,0.00000,0.10999,0.00456,1.00000,1.00000,0.00000,0.00000,none
11.26250,89.98119,79.24049,1.51617,-0.00753,-0.00002,0.05540,0.15351,60.00000,60.00000,160.75951,0.00000,0.11000,0.00462,1.00000,1.00000,0.00000,0.00000,none
11.26667,89.98120,79.24268,1.51585,-0.00753,-0.00002,0.05603,0.15225,60.00000,60.00000,160.75732,0.00000,0.11001,0.00467,1.00000,1.00000,0.00000,0.00000,none
11.27083,89.98120,79.24487,1.51553,-0.00753,-0.00002,0.05666,0.15099,60.00000,60.00000,160.75513,0.00000,0.11001,0.00472,1.00000,1.00000,0.00000,0.00000,none
11.27500,89.98121,79.24706,1.51522,-0.00753,-0.00002,0.05729,0.14972,60.00000,60.00000,160.75294,0.00000,0.11002,0.00477,1.00000,1.00000,0.00000,0.00000,none
11.27917,89.98121,79.24924,1.51490,-0.00753,-0.00002,0.05791,0.14845,60.00000,60.00000,160.75076,0.00000,0.11002,0.00483,1.00000,1.00000,0.00000,0.00000,none
11.28333,89.98122,79.25143,1.51459,-0.00753,-0.00002,0.05853,0.14717,60.00000,60.00000,160.74857,0.00000,0.11003,0.00488,1.00000,1.00000,0.00000,0.00000,none
11.28750,89.98122,79.25361,1.51427,-0.00753,-0.00002,0.05914,0.14589,60.00000,60.00000,160.74639,0.00000,0.11003,0.00493,1.00000,1.00000,0.00000,0.00000,none
11.29167,89.98123,79.25580,1.51396,-0.00753,-0.00002,0.05974,0.14460,60.00000,60.00000,160.74420,0.00000,0.11004,0.00498,1.00000,1.00000,0.00000,0.00000,none
11.29583,89.98123,79.25798,1.51364,-0.00754,-0.00002,0.06034,0.14330,60.00000,60.00000,160.74202,0.00000,0.11004,0.00503,1.00000,1.00000,0.00000,0.00000,none
11.30000,89.98124,79.26016,1.51333,-0.00754,-0.00002,0.06094,0.14200,60.00000,60.00000,160.73984,0.00000,0.11005,0.00508,1.00000,1.00000,0.00000,0.00000,none
11.30417,89.98124,79.26234,1.51301,-0.00754,-0.00002,0.06153,0.14069,60.00000,60.00000,160.73766,0.00000,0.11005,0.00513,1.00000,1.00000,0.00000,0.00000,none
11.30833,89.98125,79.26452,1.51270,-0.00754,-0.00002,0.06211,0.13938,60.00000,60.00000,160.73548,0.00000,0.11006,0.00518,1.00000,1.00000,0.00000,0.00000,none
11.31250,89.98125,79.26670,1.51239,-0.00754,-0.00002,0.06269,0.13806,60.00000,60.00000,160.73330,0.00000,0.11007,0.00522,1.00000,1.00000,0.00000,0.00000,none
11.31667,89.98126,79.26888,1.51207,-0.00754,-0.00002,0.06326,0.13673,60.00000,60.00000,160.73112,0.00000,0.11007,0.00527,1.00000,1.00000,0.00000,0.00000,none
11.32083,89.98126,79.27105,1.51176,-0.00754,-0.00002,0.06383,0.13540,60.00000,60.00000,160.72895,0.00000,0.11008,0.00532,1.00000,1.00000,0.00000,0.00000,none
11.32500,89.98127,79.27323,1.51144,-0.00754,-0.00002,0.06439,0.13407,60.00000,60.00000,160.72677,0.00000,0.11008,0.00537,1.00000,1.00000,0.00000,0.00000,none
11.32917,89.98127,79.27540,1.51113,-0.00754,-0.00002,0.06495,0.13273,60.00000,60.00000,160.72460,0.00000,0.11009,0.00541,1.00000,1.00000,0.00000,0.00000,none
11.33333,89.98128,79.27758,1.51082,-0.00754,-0.00002,0.06550,0.13139,60.00000,60.00000,160.72242,0.00000,0.11009,0.00546,1.00000,1.00000,0.00000,0.00000,none
11.33750,89.98128,79.27975,1.51050,-0.00754,-0.00002,0.06604,0.13004,60.00000,60.00000,160.72025,0.00000,0.11010,0.00550,1.00000,1.00000,0.00000,0.00000,none
11.34167,89.98129,79.28192,1.51019,-0.00755,-0.00002,0.06658,0.12868,60.00000,60.00000,160.71808,0.00000,0.11010,0.00555,1.00000,1.00000,0.00000,0.00000,none
11.34583,89.98129,79.28409,1.50988,-0.00755,-0.00002,0.06711,0.12732,60.00000,60.00000,160.71591,0.00000,0.11011,0.00559,1.00000,1.00000,0.00000,0.00000,none
11.35000,89.98130,79.28626,1.50956,-0.00755,-0.00002,0.06764,0.12596,60.00000,60.00000,160.71374,0.00000,0.11011,0.00564,1.00000,1.00000,0.00000,0.00000,none
11.35417,89.98130,79.28843,1.50925,-0.00755,-0.00002,0.06816,0.12460,60.00000,60.00000,160.71157,0.00000,0.11012,0.00568,1.00000,1.00000,0.00000,0.00000,none
11.35833,89.98131,79.29060,1.50894,-0.00755,-0.00002,0.06868,0.12322,60.00000,60.00000,160.70940,0.00000,0.11013,0.00572,1.00000,1.00000,0.00000,0.00000,none
11.36250,89.98131,79.29277,1.50863,-0.00755,-0.00002,0.06919,0.12185,60.00000,60.00000,160.70723,0.00000,0.11013,0.00577,1.00000,1.00000,0.00000,0.00000,none
11.36667,89.98132,79.29493,1.50831,-0.00755,-0.00002,0.06969,0.12047,60.00000,60.00000,160.70507,0.00000,0.11014,0.00581,1.00000,1.00000,0.00000,0.00000,none
11.37083,89.98132,79.29710,1.50800,-0.00755,-0.00002,0.07019,0.11909,60.00000,60.00000,160.70290,0.00000,0.11014,0.00585,1.00000,1.00000,0.00000,0.00000,none
11.37500,89.98133,79.29926,1.50769,-0.00755,-0.00002,0.07069,0.11770,60.00000,60.00000,160.70074,0.00000,0.11015,0.00589,1.00000,1.00000,0.00000,0.00000,none
11.37917,89.98133,79.30142,1.50738,-0.00755,-0.00002,0.07117,0.11631,60.00000,60.00000,160.69858,0.00000,0.11015,0.00593,1.00000,1.00000,0.00000,0.00000,none
11.38333,89.98134,79.30359,1.50706,-0.00755,-0.00002,0.07166,0.11492,60.00000,60.00000,160.69641,0.00000,0.11016,0.00597,1.00000,1.00000,0.00000,0.00000,none
11.38750,89.98134,79.30575,1.50675,-0.00756,-0.00002,0.07213,0.11352,60.00000,60.00000,160.69425,0.00000,0.11016,0.00601,1.00000,1.00000,0.00000,0.00000,none
11.39167,89.98135,79.30791,1.50644,-0.00756,-0.00002,0.07260,0.11212,60.00000,60.00000,160.69209,0.00000,0.11017,0.00605,1.00000,1.00000,0.00000,0.00000,none
11.39583,89.98135,79.31007,1.50613,-0.00756,-0.00002,0.07307,0.11071,60.00000,60.00000,160.68993,0.00000,0.11017,0.00609,1.00000,1.00000,0.00000,0.00000,none
11.40000,89.98136,79.31223,1.50582,-0.00756,-0.00002,0.07352,0.10931,60.00000,60.00000,160.68777,0.00000,0.11018,0.00613,1.00000,1.00000,0.00000,0.00000,none
11.40417,89.98136,79.31439,1.50551,-0.00756,-0.00002,0.07398,0.10790,60.00000,60.00000,160.68561,0.00000,0.11019,0.00616,1.00000,1.00000,0.00000,0.00000,none
11.40833,89.98137,79.31654,1.50520,-0.00756,-0.00002,0.07442,0.10648,60.00000,60.00000,160.68346,0.00000,0.11019,0.00620,1.00000,1.00000,0.00000,0.00000,none
11.41250,89.98137,79.31870,1.50489,-0.00756,-0.00002,0.07486,0.10507,60.00000,60.00000,160.68130,0.00000,0.11020,0.00624,1.00000,1.00000,0.00000,0.00000,none
11.41667,89.98138,79.32085,1.50457,-0.00756,-0.00002,0.07530,0.10365,60.00000,60.00000,160.67915,0.00000,0.11020,0.00627,1.00000,1.00000,0.00000,0.00000,none
11.42083,89.98138,79.32301,1.50426,-0.00756,-0.00002,0.07573,0.10223,60.00000,60.00000,160.67699,0.00000,0.11021,0.00631,1.00000,1.00000,0.00000,0.00000,none
11.42500,89.98139,79.32516,1.50395,-0.00756,-0.00002,0.07615,0.10080,60.00000,60.00000,160.67484,0.00000,0.11021,0.00635,1.00000,1.00000,0.00000,0.00000,none
11.42917,89.98139,79.32731,1.50364,-0.00756,-0.00002,0.07657,0.09938,60.00000,60.00000,160.67269,0.00000,0.11022,0.00638,1.00000,1.00000,0.00000,0.00000,none
11.43333,89.98140,79.32946,1.50333,-0.00757,-0.00002,0.07698,0.09795,60.00000,60.00000,160.67054,0.00000,0.11022,0.00641,1.00000,1.00000,0.00000,0.00000,none
11.43750,89.98140,79.33161,1.50302,-0.00757,-0.00002,0.07738,0.09652,60.00000,60.00000,160.66839,0.00000,0.11023,0.00645,1.00000,1.00000,0.00000,0.00000,none
11.44167,89.98141,79.33376,1.50271,-0.00757,-0.00002,0.07778,0.09508,60.00000,60.00000,160.66624,0.00000,0.11023,0.00648,1.00000,1.00000,0.00000,0.00000,none
11.44583,89.98142,79.33591,1.50240,-0.00757,-0.00002,0.07818,0.09365,60.00000,60.00000,160.66409,0.00000,0.11024,0.00651,1.00000,1.00000,0.00000,0.00000,none
11.45000,89.98142,79.33806,1.50209,-0.00757,-0.00002,0.07856,0.09221,60.00000,60.00000,160.66194,0.00000,0.11025,0.00655,1.00000,1.00000,0.00000,0.00000,none
11.45417,89.98143,79.34021,1.50178,-0.00757,-0.00002,0.07894,0.09077,60.00000,60.00000,160.65979,0.00000,0.11025,0.00658,1.00000,1.00000,0.00000,0.00000,none
11.45833,89.98143,79.34235,1.50147,-0.00757,-0.00002,0.07932,0.08933,60.00000,60.00000,160.65765,0.00000,0.11026,0.00661,1.00000,1.00000,0.00000,0.00000,none
11.46250,89.98144,79.34450,1.50117,-0.00757,-0.00002,0.07969,0.08789,60.00000,60.00000,160.65550,0.00000,0.11026,0.00664,1.00000,1.00000,0.00000,0.00000,none
11.46667,89.98144,79.34664,1.50086,-0.00757,-0.00002,0.08005,0.08645,60.00000,60.00000,160.65336,0.00000,0.11027,0.00667,1.00000,1.00000,0.00000,0.00000,none
11.47083,89.98145,79.34878,1.50055,-0.00757,-0.00002,0.08041,0.08500,60.00000,60.00000,160.65122,0.00000,0.11027,0.00670,1.00000,1.00000,0.00000,0.00000,none
11.47500,89.98145,79.35093,1.50024,-0.00757,-0.00002,0.08076,0.08355,60.00000,60.00000,160.64907,0.00000,0.11028,0.00673,1.00000,1.00000,0.00000,0.00000,none
11.47917,89.98146,79.35307,1.49993,-0.00758,-0.00002,0.08111,0.08211,60.00000,60.00000,160.64693,0.00000,0.11028,0.00676,1.00000,1.00000,0.00000,0.00000,none
11.48333,89.98146,79.35521,1.49962,-0.00758,-0.00002,0.08145,0.08066,60.00000,60.00000,160.64479,0.00000,0.11029,0.00679,1.00000,1.00000,0.00000,0.00000,none
11.48750,89.98147,79.35735,1.49931,-0.00758,-0.00002,0.08178,0.07921,60.00000,60.00000,160.64265,0.00000,0.11029,0.00681,1.00000,1.00000,0.00000,0.00000,none
11.49167,89.98147,79.35948,1.49900,-0.00758,-0.00002,0.08211,0.07776,60.00000,60.00000,160.64052,0.00000,0.11030,0.00684,1.00000,1.00000,0.00000,0.00000,none
11.49583,89.98148,79.36162,1.49870,-0.00758,-0.00002,0.08243,0.07631,60.00000,60.00000,160.63838,0.00000,0.11031,0.00687,1.00000,1.00000,0.00000,0.00000,none
11.50000,89.98148,79.36376,1.49839,-0.00758,-0.00002,0.08274,0.07486,60.00000,60.00000,160.63624,0.00000,0.11031,0.00690,1.00000,1.00000,0.00000,0.00000,none
11.50417,89.98149,79.36589,1.49808,-0.00758,-0.00002,0.08305,0.07340,60.00000,60.00000,160.63411,0.00000,0.11032,0.00692,1.00000,1.00000,0.00000,0.00000,none
11.50833,89.98149,79.36803,1.49777,-0.00758,-0.00002,0.08335,0.07195,60.00000,60.00000,160.63197,0.00000,0.11032,0.00695,1.00000,1.00000,0.00000,0.00000,none
11.51250,89.98150,79.37016,1.49746,-0.00758,-0.00002,0.08365,0.07050,60.00000,60.00000,160.62984,0.00000,0.11033,0.00697,1.00000,1.00000,0.00000,0.00000,none
11.51667,89.98150,79.37230,1.49716,-0.00758,-0.00002,0.08394,0.06904,60.00000,60.00000,160.62770,0.00000,0.11033,0.00700,1.00000,1.00000,0.00000,0.00000,none
11.52083,89.98151,79.37443,1.49685,-0.00758,-0.00002,0.08422,0.06759,60.00000,60.00000,160.62557,0.00000,0.11034,0.00702,1.00000,1.00000,0.00000,0.00000,none
11.52500,89.98151,79.37656,1.49654,-0.00759,-0.00002,0.08450,0.06613,60.00000,60.00000,160.62344,0.00000,0.11034,0.00704,1.00000,1.00000,0.00000,0.00000,none
11.52917,89.98152,79.37869,1.49624,-0.00759,-0.00002,0.08478,0.06468,60.00000,60.00000,160.62131,0.00000,0.11035,0.00706,1.00000,1.00000,0.00000,0.00000,none
11.53333,89.98152,79.38082,1.49593,-0.00759,-0.00002,0.08504,0.06323,60.00000,60.00000,160.61918,0.00000,0.11035,0.00709,1.00000,1.00000,0.00000,0.00000,none
11.53750,89.98153,79.38295,1.49562,-0.00759,-0.00002,0.08530,0.06177,60.00000,60.00000,160.61705,0.00000,0.11036,0.00711,1.00000,1.00000,0.00000,0.00000,none
11.54167,89.98153,79.38507,1.49532,-0.00759,-0.00002,0.08556,0.06032,60.00000,60.00000,160.61493,0.00000,0.11037,0.00713,1.00000,1.00000,0.00000,0.00000,none
11.54583,89.98154,79.38720,1.49501,-0.00759,-0.00002,0.08581,0.05887,60.00000,60.00000,160.61280,0.00000,0.11037,0.00715,1.00000,1.00000,0.00000,0.00000,none
11.55000,89.98154,79.38933,1.49470,-0.00759,-0.00002,0.08605,0.05741,60.00000,60.00000,160.61067,0.00000,0.11038,0.00717,1.00000,1.00000,0.00000,0.00000,none
11.55417,89.98155,79.39145,1.49440,-0.00759,-0.00002,0.08628,0.05596,60.00000,60.00000,160.60855,0.00000,0.11038,0.00719,1.00000,1.00000,0.00000,0.00000,none
11.55833,89.98155,79.39357,1.49409,-0.00759,-0.00002,0.08651,0.05451,60.00000,60.00000,160.60643,0.00000,0.11039,0.00721,1.00000,1.00000,0.00000,0.00000,none
11.56250,89.98156,79.39570,1.49378,-0.00759,-0.00002,0.08674,0.05306,60.00000,60.00000,160.60430,0.00000,0.11039,0.00723,1.00000,1.00000,0.00000,0.00000,none
11.56667,89.98156,79.39782,1.49348,-0.00759,-0.00002,0.08696,0.05161,60.00000,60.00000,160.60218,0.00000,0.11040,0.00725,1.00000,1.00000,0.00000,0.00000,none
11.57083,89.98157,79.39994,1.49317,-0.00760,-0.00002,0.08717,0.05016,60.00000,60.00000,160.60006,0.00000,0.11040,0.00726,1.00000,1.00000,0.00000,0.00000,none
11.57500,89.98157,79.40206,1.49287,-0.00760,-0.00002,0.08737,0.04871,60.00000,60.00000,160.59794,0.00000,0.11041,0.00728,1.00000,1.00000,0.00000,0.00000,none
11.57917,89.98158,79.40418,1.49256,-0.00760,-0.00002,0.08757,0.04727,60.00000,60.00000,160.59582,0.00000,0.11041,0.00730,1.00000,1.00000,0.00000,0.00000,none
11.58333,89.98158,79.40630,1.49226,-0.00760,-0.00002,0.08777,0.04582,60.00000,60.00000,160.59370,0.00000,0.11042,0.00731,1.00000,1.00000,0.00000,0.00000,none
11.58750,89.98159,79.40842,1.49195,-0.00760,-0.00002,0.08796,0.04438,60.00000,60.00000,160.59158,0.00000,0.11042,0.00733,1.00000,1.00000,0.00000,0.00000,none
11.59167,89.98159,79.41053,1.49165,-0.00760,-0.00002,0.08814,0.04293,60.00000,60.00000,160.58947,0.00000,0.11043,0.00734,1.00000,1.00000,0.00000,0.00000,none
11.59583,89.98160,79.41265,1.49134,-0.00760,-0.00002,0.08831,0.04149,60.00000,60.00000,160.58735,0.00000,0.11044,0.00736,1.00000,1.00000,0.00000,0.00000,none
11.60000,89.98160,79.41476,1.49104,-0.00760,-0.00002,0.08848,0.04005,60.00000,60.00000,160.58524,0.00000,0.11044,0.00737,1.00000,1.00000,0.00000,0.00000,none
11.60417,89.98161,79.41688,1.49073,-0.00760,-0.00002,0.08865,0.03862,60.00000,60.00000,160.58312,0.00000,0.11045,0.00739,1.00000,1.00000,0.00000,0.00000,none
11.60833,89.98161,79.41899,1.49043,-0.00760,-0.00002,0.08881,0.03718,60.00000,60.00000,160.58101,0.00000,0.11045,0.00740,1.00000,1.00000,0.00000,0.00000,none
11.61250,89.98162,79.42110,1.49012,-0.00760,-0.00002,0.08896,0.03575,60.00000,60.00000,160.57890,0.00000,0.11046,0.00741,1.00000,1.00000,0.00000,0.00000,none
11.61667,89.98163,79.42321,1.48982,-0.00761,-0.00002,0.08910,0.03431,60.00000,60.00000,160.57679,0.00000,0.11046,0.00743,1.00000,1.00000,0.00000,0.00000,none
11.62083,89.98163,79.42532,1.48952,-0.00761,-0.00002,0.08924,0.03288,60.00000,60.00000,160.57468,0.00000,0.11047,0.00744,1.00000,1.00000,0.00000,0.00000,none
11.62500,89.98164,79.42743,1.48921,-0.00761,-0.00002,0.08938,0.03146,60.00000,60.00000,160.57257,0.00000,0.11047,0.00745,1.00000,1.00000,0.00000,0.00000,none
11.62917,89.98164,79.42954,1.48891,-0.00761,-0.00002,0.08951,0.03003,60.00000,60.00000,160.57046,0.00000,0.11048,0.00746,1.00000,1.00000,0.00000,0.00000,none
11.63333,89.98165,79.43165,1.48860,-0.00761,-0.00002,0.08963,0.02861,60.00000,60.00000,160.56835,0.00000,0.11048,0.00747,1.00000,1.00000,0.00000,0.00000,none
11.63750,89.98165,79.43376,1.48830,-0.00761,-0.00002,0.08974,0.02719,60.00000,60.00000,160.56624,0.00000,0.11049,0.00748,1.00000,1.00000,0.00000,0.00000,none
11.64167,89.98166,79.43586,1.48800,-0.00761,-0.00002,0.08985,0.02577,60.00000,60.00000,160.56414,0.00000,0.11050,0.00749,1.00000,1.00000,0.00000,0.00000,none
11.64583,89.98166,79.43797,1.48769,-0.00761,-0.00002,0.08996,0.02435,60.00000,60.00000,160.56203,0.00000,0.11050,0.00750,1.00000,1.00000,0.00000,0.00000,none
11.65000,89.98167,79.44007,1.48739,-0.00761,-0.00002,0.09006,0.02294,60.00000,60.00000,160.55993,0.00000,0.11051,0.00750,1.00000,1.00000,0.00000,0.00000,none
11.65417,89.98167,79.44217,1.48709,-0.00761,-0.00002,0.09015,0.02153,60.00000,60.00000,160.55783,0.00000,0.11051,0.00751,1.00000,1.00000,0.00000,0.00000,none
11.65833,89.98168,79.44428,1.48678,-0.00761,-0.00002,0.09024,0.02012,60.00000,60.00000,160.55572,0.00000,0.11052,0.00752,1.00000,1.00000,0.00000,0.00000,none
11.66250,89.98168,79.44638,1.48648,-0.00762,-0.00002,0.09032,0.01872,60.00000,60.00000,160.55362,0.00000,0.11052,0.00753,1.00000,1.00000,0.00000,0.00000,none
11.66667,89.98169,79.44848,1.48618,-0.00762,-0.00002,0.09039,0.01732,60.00000,60.00000,160.55152,0.00000,0.11053,0.00753,1.00000,1.00000,0.00000,0.00000,none
11.67083,89.98169,79.45058,1.48588,-0.00762,-0.00002,0.09046,0.01592,60.00000,60.00000,160.54942,0.00000,0.11053,0.00754,1.00000,1.00000,0.00000,0.00000,none
11.67500,89.98170,79.45268,1.48557,-0.00762,-0.00002,0.09053,0.01452,60.00000,60.00000,160.54732,0.00000,0.11054,0.00754,1.00000,1.00000,0.00000,0.00000,none
11.67917,89.98170,79.45477,1.48527,-0.00762,-0.00002,0.09058,0.01313,60.00000,60.00000,160.54523,0.00000,0.11054,0.00755,1.00000,1.00000,0.00000,0.00000,none
11.68333,89.98171,79.45687,1.48497,-0.00762,-0.00002,0.09063,0.01174,60.00000,60.00000,160.54313,0.00000,0.11055,0.00755,1.00000,1.00000,0.00000,0.00000,none
11.68750,89.98171,79.45897,1.48467,-0.00762,-0.00002,0.09068,0.01036,60.00000,60.00000,160.54103,0.00000,0.11055,0.00756,1.00000,1.00000,0.00000,0.00000,none
11.69167,89.98172,79.46106,1.48437,-0.00762,-0.00002,0.09072,0.00898,60.00000,60.00000,160.53894,0.00000,0.11056,0.00756,1.00000,1.00000,0.00000,0.00000,none
11.69583,89.98172,79.46316,1.48406,-0.00762,-0.00002,0.09076,0.00760,60.00000,60.00000,160.53684,0.00000,0.11057,0.00756,1.00000,1.00000,0.00000,0.00000,none
11.70000,89.98173,79.46525,1.48376,-0.00762,-0.00002,0.09078,0.00622,60.00000,60.00000,160.53475,0.00000,0.11057,0.00757,1.00000,1.00000,0.00000,0.00000,none
11.70417,89.98173,79.46734,1.48346,-0.00763,-0.00002,0.09081,0.00485,60.00000,60.00000,160.53266,0.00000,0.11058,0.00757,1.00000,1.00000,0.00000,0.00000,none
11.70833,89.98174,79.46943,1.48316,-0.00763,-0.00002,0.09082,0.00349,60.00000,60.00000,160.53057,0.00000,0.11058,0.00757,1.00000,1.00000,0.00000,0.00000,none
11.71250,89.98174,79.47152,1.48286,-0.00763,-0.00002,0.09084,0.00212,60.00000,60.00000,160.52848,0.00000,0.11059,0.00757,1.00000,1.00000,0.00000,0.00000,none
11.71667,89.98175,79.47361,1.48256,-0.00763,-0.00002,0.09084,0.00077,60.00000,60.00000,160.52639,0.00000,0.11059,0.00757,1.00000,1.00000,0.00000,0.00000,none
11.72083,89.98175,79.47570,1.48226,-0.00763,-0.00002,0.09084,-0.00059,60.00000,60.00000,160.52430,0.00000,0.11060,0.00757,1.00000,1.00000,0.00000,0.00000,none
11.72500,89.98176,79.47779,1.48196,-0.00763,-0.00002,0.09084,-0.00194,60.00000,60.00000,160.52221,0.00000,0.11060,0.00757,1.00000,1.00000,0.00000,0.00000,none
11.72917,89.98176,79.47988,1.48166,-0.00763,-0.00002,0.09083,-0.00329,60.00000,60.00000,160.52012,0.00000,0.11061,0.00757,1.00000,1.00000,0.00000,0.00000,none
11.73333,89.98177,79.48197,1.48135,-0.00763,-0.00002,0.09081,-0.00463,60.00000,60.00000,160.51803,0.00000,0.11061,0.00757,1.00000,1.00000,0.00000,0.00000,none
11.73750,89.98177,79.48405,1.48105,-0.00763,-0.00002,0.09079,-0.00596,60.00000,60.00000,160.51595,0.00000,0.11062,0.00757,1.00000,1.00000,0.00000,0.00000,none
11.74167,89.98178,79.48614,1.48075,-0.00763,-0.00002,0.09076,-0.00730,60.00000,60.00000,160.51386,0.00000,0.11063,0.00756,1.00000,1.00000,0.00000,0.00000,none
11.74583,89.98178,79.48822,1.48045,-0.00763,-0.00002,0.09073,-0.00863,60.00000,60.00000,160.51178,0.00000,0.11063,0.00756,1.00000,1.00000,0.00000,0.00000,none
11.75000,89.98179,79.49030,1.48015,-0.00764,-0.00002,0.09069,-0.00995,60.00000,60.00000,160.50970,0.00000,0.11064,0.00756,1.00000,1.00000,0.00000,0.00000,none
11.75417,89.98179,79.49238,1.47985,-0.00764,-0.00002,0.09064,-0.01127,60.00000,60.00000,160.50762,0.00000,0.11064,0.00755,1.00000,1.00000,0.00000,0.00000,none
11.75833,89.98180,79.49447,1.47955,-0.00764,-0.00002,0.09059,-0.01258,60.00000,60.00000,160.50553,0.00000,0.11065,0.00755,1.00000,1.00000,0.00000,0.00000,none
11.76250,89.98180,79.49655,1.47925,-0.00764,-0.00002,0.09054,-0.01389,60.00000,60.00000,160.50345,0.00000,0.11065,0.00754,1.00000,1.00000,0.00000,0.00000,none
11.76667,89.98181,79.49863,1.47895,-0.00764,-0.00002,0.09048,-0.01520,60.00000,60.00000,160.50137,0.00000,0.11066,0.00754,1.00000,1.00000,0.00000,0.00000,none
11.77083,89.98181,79.50070,1.47866,-0.00764,-0.00002,0.09041,-0.01649,60.00000,60.00000,160.49930,0.00000,0.11066,0.00753,1.00000,1.00000,0.00000,0.00000,none
11.77500,89.98182,79.50278,1.47836,-0.00764,-0.00002,0.09034,-0.01779,60.00000,60.00000,160.49722,0.00000,0.11067,0.00753,1.00000,1.00000,0.00000,0.00000,none
11.77917,89.98182,79.50486,1.47806,-0.00764,-0.00002,0.09026,-0.01908,60.00000,60.00000,160.49514,0.00000,0.11067,0.00752,1.00000,1.00000,0.00000,0.00000,none
11.78333,89.98183,79.50693,1.47776,-0.00764,-0.00002,0.09018,-0.02036,60.00000,60.00000,160.49307,0.00000,0.11068,0.00752,1.00000,1.00000,0.00000,0.00000,none
11.78750,89.98183,79.50901,1.47746,-0.00764,-0.00002,0.09010,-0.02164,60.00000,60.00000,160.49099,0.00000,0.11068,0.00751,1.00000,1.00000,0.00000,0.00000,none
11.79167,89.98184,79.51108,1.47716,-0.00764,-0.00002,0.09000,-0.02291,60.00000,60.00000,160.48892,0.00000,0.11069,0.00750,1.00000,1.00000,0.00000,0.00000,none
11.79583,89.98184,79.51316,1.47686,-0.00765,-0.00002,0.08990,-0.02418,60.00000,60.00000,160.48684,0.00000,0.11070,0.00749,1.00000,1.00000,0.00000,0.00000,none
11.80000,89.98185,79.51523,1.47656,-0.00765,-0.00002,0.08980,-0.02544,60.00000,60.00000,160.48477,0.00000,0.11070,0.00748,1.00000,1.00000,0.00000,0.00000,none
11.80417,89.98185,79.51730,1.47627,-0.00765,-0.00002,0.08969,-0.02670,60.00000,60.00000,160.48270,0.00000,0.11071,0.00747,1.00000,1.00000,0.00000,0.00000,none
11.80833,89.98186,79.51937,1.47597,-0.00765,-0.00002,0.08958,-0.02795,60.00000,60.00000,160.48063,0.00000,0.11071,0.00746,1.00000,1.00000,0.00000,0.00000,none
11.81250,89.98186,79.52144,1.47567,-0.00765,-0.00002,0.08946,-0.02920,60.00000,60.00000,160.47856,0.00000,0.11072,0.00745,1.00000,1.00000,0.00000,0.00000,none
11.81667,89.98187,79.52351,1.47537,-0.00765,-0.00002,0.08933,-0.03044,60.00000,60.00000,160.47649,0.00000,0.11072,0.00744,1.00000,1.00000,0.00000,0.00000,none
11.82083,89.98187,79.52558,1.47507,-0.00765,-0.00002,0.08921,-0.03167,60.00000,60.00000,160.47442,0.00000,0.11073,0.00743,1.00000,1.00000,0.00000,0.00000,none
11.82500,89.98188,79.52765,1.47478,-0.00765,-0.00002,0.08907,-0.03290,60.00000,60.00000,160.47235,0.00000,0.11073,0.00742,1.00000,1.00000,0.00000,0.00000,none
11.82917,89.98188,79.52971,1.47448,-0.00765,-0.00002,0.08893,-0.03412,60.00000,60.00000,160.47029,0.00000,0.11074,0.00741,1.00000,1.00000,0.00000,0.00000,none
11.83333,89.98189,79.53178,1.47418,-0.00765,-0.00002,0.08879,-0.03534,60.00000,60.00000,160.46822,0.00000,0.11074,0.00740,1.00000,1.00000,0.00000,0.00000,none
11.83750,89.98189,79.53384,1.47388,-0.00766,-0.00002,0.08864,-0.03655,60.00000,60.00000,160.46616,0.00000,0.11075,0.00739,1.00000,1.00000,0.00000,0.00000,none
11.84167,89.98190,79.53591,1.47359,-0.00766,-0.00002,0.08848,-0.03775,60.00000,60.00000,160.46409,0.00000,0.11075,0.00737,1.00000,1.00000,0.00000,0.00000,none
11.84583,89.98190,79.53797,1.47329,-0.00766,-0.00002,0.08832,-0.03895,60.00000,60.00000,160.46203,0.00000,0.11076,0.00736,1.00000,1.00000,0.00000,0.00000,none
11.85000,89.98191,79.54003,1.47299,-0.00766,-0.00002,0.08816,-0.04014,60.00000,60.00000,160.45997,0.00000,0.11077,0.00735,1.00000,1.00000,0.00000,0.00000,none
11.85417,89.98191,79.54209,1.47269,-0.00766,-0.00002,0.08799,-0.04132,60.00000,60.00000,160.45791,0.00000,0.11077,0.00733,1.00000,1.00000,0.00000,0.00000,none
11.85833,89.98192,79.54415,1.47240,-0.00766,-0.00002,0.08781,-0.04250,60.00000,60.00000,160.45585,0.00000,0.11078,0.00732,1.00000,1.00000,0.00000,0.00000,none
11.86250,89.98192,79.54621,1.47210,-0.00766,-0.00002,0.08763,-0.04367,60.00000,60.00000,160.45379,0.00000,0.11078,0.00730,1.00000,1.00000,0.00000,0.00000,none
11.86667,89.98193,79.54827,1.47181,-0.00766,-0.00002,0.08745,-0.04484,60.00000,60.00000,160.45173,0.00000,0.11079,0.00729,1.00000,1.00000,0.00000,0.00000,none
11.87083,89.98193,79.55033,1.47151,-0.00766,-0.00002,0.08726,-0.04600,60.00000,60.00000,160.44967,0.00000,0.11079,0.00727,1.00000,1.00000,0.00000,0.00000,none
11.87500,89.98194,79.55239,1.47121,-0.00766,-0.00002,0.08707,-0.04715,60.00000,60.00000,160.44761,0.00000,0.11080,0.00726,1.00000,1.00000,0.00000,0.00000,none
11.87917,89.98194,79.55444,1.47092,-0.00766,-0.00002,0.08687,-0.04830,60.00000,60.00000,160.44556,0.00000,0.11080,0.00724,1.00000,1.00000,0.00000,0.00000,none
11.88333,89.98195,79.55650,1.47062,-0.00767,-0.00002,0.08666,-0.04943,60.00000,60.00000,160.44350,0.00000,0.11081,0.00722,1.00000,1.00000,0.00000,0.00000,none
11.88750,89.98195,79.55855,1.47032,-0.00767,-0.00002,0.08646,-0.05057,60.00000,60.00000,160.44145,0.00000,0.11081,0.00720,1.00000,1.00000,0.00000,0.00000,none
11.89167,89.98196,79.56061,1.47003,-0.00767,-0.00002,0.08624,-0.05169,60.00000,60.00000,160.43939,0.00000,0.11082,0.00719,1.00000,1.00000,0.00000,0.00000,none
11.89583,89.98196,79.56266,1.46973,-0.00767,-0.00002,0.08602,-0.05281,60.00000,60.00000,160.43734,0.00000,0.11082,0.00717,1.00000,1.00000,0.00000,0.00000,none
11.90000,89.98197,79.56471,1.46944,-0.00767,-0.00002,0.08580,-0.05392,60.00000,60.00000,160.43529,0.00000,0.11083,0.00715,1.00000,1.00000,0.00000,0.00000,none
11.90417,89.98197,79.56676,1.46914,-0.00767,-0.00002,0.08558,-0.05503,60.00000,60.00000,160.43324,0.00000,0.11083,0.00713,1.00000,1.00000,0.00000,0.00000,none
11.90833,89.98198,79.56881,1.46885,-0.00767,-0.00002,0.08534,-0.05612,60.00000,60.00000,160.43119,0.00000,0.11084,0.00711,1.00000,1.00000,0.00000,0.00000,none
11.91250,89.98198,79.57086,1.46855,-0.00767,-0.00002,0.08511,-0.05721,60.00000,60.00000,160.42914,0.00000,0.11085,0.00709,1.00000,1.00000,0.00000,0.00000,none
11.91667,89.98199,79.57291,1.46826,-0.00767,-0.00002,0.08487,-0.05830,60.00000,60.00000,160.42709,0.00000,0.11085,0.00707,1.00000,1.00000,0.00000,0.00000,none
11.92083,89.98199,79.57496,1.46796,-0.00767,-0.00002,0.08462,-0.05937,60.00000,60.00000,160.42504,0.00000,0.11086,0.00705,1.00000,1.00000,0.00000,0.00000,none
11.92500,89.98200,79.57701,1.46767,-0.00768,-0.00002,0.08437,-0.06044,60.00000,60.00000,160.42299,0.00000,0.11086,0.00703,1.00000,1.00000,0.00000,0.00000,none
11.92917,89.98200,79.57905,1.46737,-0.00768,-0.00002,0.08412,-0.06150,60.00000,60.00000,160.42095,0.00000,0.11087,0.00701,1.00000,1.00000,0.00000,0.00000,none
11.93333,89.98201,79.58110,1.46708,-0.00768,-0.00002,0.08386,-0.06255,60.00000,60.00000,160.41890,0.00000,0.11087,0.00699,1.00000,1.00000,0.00000,0.00000,none
11.93750,89.98201,79.58314,1.46679,-0.00768,-0.00002,0.08360,-0.06360,60.00000,60.00000,160.41686,0.00000,0.11088,0.00697,1.00000,1.00000,0.00000,0.00000,none
11.94167,89.98202,79.58518,1.46649,-0.00768,-0.00002,0.08333,-0.06464,60.00000,60.00000,160.41482,0.00000,0.11088,0.00694,1.00000,1.00000,0.00000,0.00000,none
11.94583,89.98202,79.58723,1.46620,-0.00768,-0.00002,0.08306,-0.06567,60.00000,60.00000,160.41277,0.00000,0.11089,0.00692,1.00000,1.00000,0.00000,0.00000,none
11.95000,89.98203,79.58927,1.46590,-0.00768,-0.00002,0.08278,-0.06670,60.00000,60.00000,160.41073,0.00000,0.11089,0.00690,1.00000,1.00000,0.00000,0.00000,none
11.95417,89.98203,79.59131,1.46561,-0.00768,-0.00002,0.08250,-0.06771,60.00000,60.00000,160.40869,0.00000,0.11090,0.00688,1.00000,1.00000,0.00000,0.00000,none
11.95833,89.98204,79.59335,1.46532,-0.00768,-0.00002,0.08222,-0.06872,60.00000,60.00000,160.40665,0.00000,0.11090,0.00685,1.00000,1.00000,0.00000,0.00000,none
11.96250,89.98204,79.59539,1.46502,-0.00768,-0.00002,0.08193,-0.06972,60.00000,60.00000,160.40461,0.00000,0.11091,0.00683,1.00000,1.00000,0.00000,0.00000,none
11.96667,89.98205,79.59743,1.46473,-0.00769,-0.00002,0.08164,-0.07071,60.00000,60.00000,160.40257,0.00000,0.11092,0.00680,1.00000,1.00000,0.00000,0.00000,none
11.97083,89.98205,79.59947,1.46444,-0.00769,-0.00002,0.08134,-0.07170,60.00000,60.00000,160.40053,0.00000,0.11092,0.00678,1.00000,1.00000,0.00000,0.00000,none
11.97500,89.98206,79.60150,1.46414,-0.00769,-0.00002,0.08104,-0.07268,60.00000,60.00000,160.39850,0.00000,0.11093,0.00675,1.00000,1.00000,0.00000,0.00000,none
11.97917,89.98206,79.60354,1.46385,-0.00769,-0.00002,0.08073,-0.07365,60.00000,60.00000,160.39646,0.00000,0.11093,0.00673,1.00000,1.00000,0.00000,0.00000,none
11.98333,89.98207,79.60557,1.46356,-0.00769,-0.00002,0.08043,-0.07461,60.00000,60.00000,160.39443,0.00000,0.11094,0.00670,1.00000,1.00000,0.00000,0.00000,none
11.98750,89.98207,79.60761,1.46326,-0.00769,-0.00002,0.08011,-0.07556,60.00000,60.00000,160.39239,0.00000,0.11094,0.00668,1.00000,1.00000,0.00000,0.00000,none
11.99167,89.98208,79.60964,1.46297,-0.00769,-0.00002,0.07980,-0.07651,60.00000,60.00000,160.39036,0.00000,0.11095,0.00665,1.00000,1.00000,0.00000,0.00000,none
11.99583,89.98208,79.61167,1.46268,-0.00769,-0.00002,0.07948,-0.07744,60.00000,60.00000,160.38833,0.00000,0.11095,0.00662,1.00000,1.00000,0.00000,0.00000,none
12.00000,89.98209,79.61371,1.46239,-0.00769,-0.00002,0.07915,-0.07837,60.00000,60.00000,160.38629,0.00000,0.11096,0.00660,1.00000,1.00000,0.00000,0.00000,none
12.00417,89.98209,79.61574,1.46209,-0.00769,-0.00002,0.07882,-0.07930,60.00000,60.00000,160.38426,0.00000,0.11096,0.00657,1.00000,1.00000,0.00000,0.00000,none
12.00833,89.98210,79.61777,1.46180,-0.00770,-0.00002,0.07849,-0.08021,60.00000,60.00000,160.38223,0.00000,0.11097,0.00654,1.00000,1.00000,0.00000,0.00000,none
12.01250,89.98210,79.61980,1.46151,-0.00770,-0.00002,0.07815,-0.08111,60.00000,60.00000,160.38020,0.00000,0.11097,0.00651,1.00000,1.00000,0.00000,0.00000,none
12.01667,89.98211,79.62182,1.46122,-0.00770,-0.00002,0.07781,-0.08201,60.00000,60.00000,160.37818,0.00000,0.11098,0.00648,1.00000,1.00000,0.00000,0.00000,none
12.02083,89.98211,79.62385,1.46093,-0.00770,-0.00002,0.07747,-0.08290,60.00000,60.00000,160.37615,0.00000,0.11099,0.00646,1.00000,1.00000,0.00000,0.00000,none
12.02500,89.98212,79.62588,1.46063,-0.00770,-0.00002,0.07712,-0.08378,60.00000,60.00000,160.37412,0.00000,0.11099,0.00643,1.00000,1.00000,0.00000,0.00000,none
12.02917,89.98212,79.62790,1.46034,-0.00770,-0.00002,0.07677,-0.08465,60.00000,60.00000,160.37210,0.00000,0.11100,0.00640,1.00000,1.00000,0.00000,0.00000,none
12.03333,89.98213,79.62993,1.46005,-0.00770,-0.00002,0.07642,-0.08552,60.00000,60.00000,160.37007,0.00000,0.11100,0.00637,1.00000,1.00000,0.00000,0.00000,none
12.03750,89.98213,79.63195,1.45976,-0.00770,-0.00002,0.07606,-0.08637,60.00000,60.00000,160.36805,0.00000,0.11101,0.00634,1.00000,1.00000,0.00000,0.00000,none
12.04167,89.98214,79.63398,1.45947,-0.00770,-0.00002,0.07570,-0.08722,60.00000,60.00000,160.36602,0.00000,0.11101,0.00631,1.00000,1.00000,0.00000,0.00000,none
12.04583,89.98214,79.63600,1.45918,-0.00770,-0.00002,0.07533,-0.08806,60.00000,60.00000,160.36400,0.00000,0.11102,0.00628,1.00000,1.00000,0.00000,0.00000,none
12.05000,89.98214,79.63802,1.45889,-0.00770,-0.00002,0.07496,-0.08889,60.00000,60.00000,160.36198,0.00000,0.11102,0.00625,1.00000,1.00000,0.00000,0.00000,none
12.05417,89.98215,79.64004,1.45859,-0.00771,-0.00002,0.07459,-0.08971,60.00000,60.00000,160.35996,0.00000,0.11103,0.00622,1.00000,1.00000,0.00000,0.00000,none
12.05833,89.98215,79.64206,1.45830,-0.00771,-0.00002,0.07422,-0.09052,60.00000,60.00000,160.35794,0.00000,0.11103,0.00618,1.00000,1.00000,0.00000,0.00000,none
12.06250,89.98216,79.64408,1.45801,-0.00771,-0.00002,0.07384,-0.09133,60.00000,60.00000,160.35592,0.00000,0.11104,0.00615,1.00000,1.00000,0.00000,0.00000,none
12.06667,89.98216,79.64610,1.45772,-0.00771,-0.00002,0.07346,-0.09212,60.00000,60.00000,160.35390,0.00000,0.11104,0.00612,1.00000,1.00000,0.00000,0.00000,none
12.07083,89.98217,79.64812,1.45743,-0.00771,-0.00002,0.07307,-0.09291,60.00000,60.00000,160.35188,0.00000,0.11105,0.00609,1.00000,1.00000,0.00000,0.00000,none
12.07500,89.98217,79.65014,1.45714,-0.00771,-0.00002,0.07268,-0.09369,60.00000,60.00000,160.34986,0.00000,0.11105,0.00606,1.00000,1.00000,0.00000,0.00000,none
12.07917,89.98218,79.65215,1.45685,-0.00771,-0.00002,0.07229,-0.09446,60.00000,60.00000,160.34785,0.00000,0.11106,0.00602,1.00000,1.00000,0.00000,0.00000,none
12.08333,89.98218,79.65417,1.45656,-0.00771,-0.00002,0.07189,-0.09522,60.00000,60.00000,160.34583,0.00000,0.11107,0.00599,1.00000,1.00000,0.00000,0.00000,none
12.08750,89.98219,79.65618,1.45627,-0.00771,-0.00002,0.07150,-0.09597,60.00000,60.00000,160.34382,0.00000,0.11107,0.00596,1.00000,1.00000,0.00000,0.00000,none
12.09167,89.98219,79.65820,1.45598,-0.00771,-0.00002,0.07109,-0.09671,60.00000,60.00000,160.34180,0.00000,0.11108,0.00592,1.00000,1.00000,0.00000,0.00000,none
12.09583,89.98220,79.66021,1.45569,-0.00772,-0.00002,0.07069,-0.09745,60.00000,60.00000,160.33979,0.00000,0.11108,0.00589,1.00000,1.00000,0.00000,0.00000,none
12.10000,89.98220,79.66222,1.45540,-0.00772,-0.00002,0.07028,-0.09817,60.00000,60.00000,160.33778,0.00000,0.11109,0.00586,1.00000,1.00000,0.00000,0.00000,none
12.10417,89.98221,79.66423,1.45511,-0.00772,-0.00002,0.06987,-0.09889,60.00000,60.00000,160.33577,0.00000,0.11109,0.00582,1.00000,1.00000,0.00000,0.00000,none
12.10833,89.98221,79.66624,1.45482,-0.00772,-0.00002,0.06946,-0.09960,60.00000,60.00000,160.33376,0.00000,0.11110,0.00579,1.00000,1.00000,0.00000,0.00000,none
12.11250,89.98222,79.66825,1.45454,-0.00772,-0.00002,0.06904,-0.10030,60.00000,60.00000,160.33175,0.00000,0.11110,0.00575,1.00000,1.00000,0.00000,0.00000,none
12.11667,89.98222,79.67026,1.45425,-0.00772,-0.00002,0.06862,-0.10099,60.00000,60.00000,160.32974,0.00000,0.11111,0.00572,1.00000,1.00000,0.00000,0.00000,none
12.12083,89.98223,79.67227,1.45396,-0.00772,-0.00002,0.06820,-0.10167,60.00000,60.00000,160.32773,0.00000,0.11111,0.00568,1.00000,1.00000,0.00000,0.00000,none
12.12500,89.98223,79.67428,1.45367,-0.00772,-0.00002,0.06778,-0.10234,60.00000,60.00000,160.32572,0.00000,0.11112,0.00565,1.00000,1.00000,0.00000,0.00000,none
12.12917,89.98223,79.67628,1.45338,-0.00772,-0.00002,0.06735,-0.10301,60.00000,60.00000,160.32372,0.00000,0.11112,0.00561,1.00000,1.00000,0.00000,0.00000,none
12.13333,89.98224,79.67829,1.45309,-0.00772,-0.00002,0.06692,-0.10366,60.00000,60.00000,160.32171,0.00000,0.11113,0.00558,1.00000,1.00000,0.00000,0.00000,none
12.13750,89.98224,79.68029,1.45280,-0.00773,-0.00002,0.06648,-0.10431,60.00000,60.00000,160.31971,0.00000,0.11113,0.00554,1.00000,1.00000,0.00000,0.00000,none
12.14167,89.98225,79.68230,1.45251,-0.00773,-0.00002,0.06605,-0.10495,60.00000,60.00000,160.31770,0.00000,0.11114,0.00550,1.00000,1.00000,0.00000,0.00000,none
12.14583,89.98225,79.68430,1.45223,-0.00773,-0.00002,0.06561,-0.10557,60.00000,60.00000,160.31570,0.00000,0.11115,0.00547,1.00000,1.00000,0.00000,0.00000,none
12.15000,89.98226,79.68630,1.45194,-0.00773,-0.00002,0.06517,-0.10619,60.00000,60.00000,160.31370,0.00000,0.11115,0.00543,1.00000,1.00000,0.00000,0.00000,none
12.15417,89.98226,79.68830,1.45165,-0.00773,-0.00002,0.06472,-0.10680,60.00000,60.00000,160.31170,0.00000,0.11116,0.00539,1.00000,1.00000,0.00000,0.00000,none
12.15833,89.98227,79.69030,1.45136,-0.00773,-0.00002,0.06428,-0.10740,60.00000,60.00000,160.30970,0.00000,0.11116,0.00536,1.00000,1.00000,0.00000,0.00000,none
12.16250,89.98227,79.69230,1.45108,-0.00773,-0.00002,0.06383,-0.10799,60.00000,60.00000,160.30770,0.00000,0.11117,0.00532,1.00000,1.00000,0.00000,0.00000,none
12.16667,89.98228,79.69430,1.45079,-0.00773,-0.00002,0.06338,-0.10858,60.00000,60.00000,160.30570,0.00000,0.11117,0.00528,1.00000,1.00000,0.00000,0.00000,none
12.17083,89.98228,79.69630,1.45050,-0.00773,-0.00002,0.06292,-0.10915,60.00000,60.00000,160.30370,0.00000,0.11118,0.00524,1.00000,1.00000,0.00000,0.00000,none
12.17500,89.98229,79.69830,1.45021,-0.00773,-0.00002,0.06247,-0.10972,60.00000,60.00000,160.30170,0.00000,0.11118,0.00521,1.00000,1.00000,0.00000,0.00000,none
12.17917,89.98229,79.70029,1.44993,-0.00774,-0.00002,0.06201,-0.11027,60.00000,60.00000,160.29971,0.00000,0.11119,0.00517,1.00000,1.00000,0.00000,0.00000,none
12.18333,89.98230,79.70229,1.44964,-0.00774,-0.00002,0.06155,-0.11082,60.00000,60.00000,160.29771,0.00000,0.11119,0.00513,1.00000,1.00000,0.00000,0.00000,none
12.18750,89.98230,79.70428,1.44935,-0.00774,-0.00002,0.06109,-0.11135,60.00000,60.00000,160.29572,0.00000,0.11120,0.00509,1.00000,1.00000,0.00000,0.00000,none
12.19167,89.98230,79.70628,1.44906,-0.00774,-0.00002,0.06062,-0.11188,60.00000,60.00000,160.29372,0.00000,0.11120,0.00505,1.00000,1.00000,0.00000,0.00000,none
12.19583,89.98231,79.70827,1.44878,-0.00774,-0.00002,0.06015,-0.11240,60.00000,60.00000,160.29173,0.00000,0.11121,0.00501,1.00000,1.00000,0.00000,0.00000,none
12.20000,89.98231,79.71026,1.44849,-0.00774,-0.00002,0.05969,-0.11291,60.00000,60.00000,160.28974,0.00000,0.11121,0.00497,1.00000,1.00000,0.00000,0.00000,none
12.20417,89.98232,79.71226,1.44820,-0.00774,-0.00002,0.05921,-0.11341,60.00000,60.00000,160.28774,0.00000,0.11122,0.00493,1.00000,1.00000,0.00000,0.00000,none
12.20833,89.98232,79.71425,1.44792,-0.00774,-0.00002,0.05874,-0.11390,60.00000,60.00000,160.28575,0.00000,0.11123,0.00489,1.00000,1.00000,0.00000,0.00000,none
12.21250,89.98233,79.71624,1.44763,-0.00774,-0.00002,0.05826,-0.11438,60.00000,60.00000,160.28376,0.00000,0.11123,0.00486,1.00000,1.00000,0.00000,0.00000,none
12.21667,89.98233,79.71823,1.44735,-0.00774,-0.00002,0.05779,-0.11486,60.00000,60.00000,160.28177,0.00000,0.11124,0.00482,1.00000,1.00000,0.00000,0.00000,none
12.22083,89.98234,79.72022,1.44706,-0.00775,-0.00002,0.05731,-0.11532,60.00000,60.00000,160.27978,0.00000,0.11124,0.00478,1.00000,1.00000,0.00000,0.00000,none
12.22500,89.98234,79.72220,1.44677,-0.00775,-0.00002,0.05683,-0.11578,60.00000,60.00000,160.27780,0.00000,0.11125,0.00474,1.00000,1.00000,0.00000,0.00000,none
12.22917,89.98235,79.72419,1.44649,-0.00775,-0.00002,0.05634,-0.11622,60.00000,60.00000,160.27581,0.00000,0.11125,0.00470,1.00000,1.00000,0.00000,0.00000,none
12.23333,89.98235,79.72618,1.44620,-0.00775,-0.00002,0.05586,-0.11666,60.00000,60.00000,160.27382,0.00000,0.11126,0.00465,1.00000,1.00000,0.00000,0.00000,none
12.23750,89.98235,79.72816,1.44592,-0.00775,-0.00002,0.05537,-0.11708,60.00000,60.00000,160.27184,0.00000,0.11126,0.00461,1.00000,1.00000,0.00000,0.00000,none
12.24167,89.98236,79.73015,1.44563,-0.00775,-0.00002,0.05488,-0.11750,60.00000,60.00000,160.26985,0.00000,0.11127,0.00457,1.00000,1.00000,0.00000,0.00000,none
12.24583,89.98236,79.73213,1.44535,-0.00775,-0.00002,0.05439,-0.11791,60.00000,60.00000,160.26787,0.00000,0.11127,0.00453,1.00000,1.00000,0.00000,0.00000,none
12.25000,89.98237,79.73411,1.44506,-0.00775,-0.00002,0.05390,-0.11831,60.00000,60.00000,160.26589,0.00000,0.11128,0.00449,1.00000,1.00000,0.00000,0.00000,none
12.25417,89.98237,79.73610,1.44478,-0.00775,-0.00002,0.05341,-0.11870,60.00000,60.00000,160.26390,0.00000,0.11128,0.00445,1.00000,1.00000,0.00000,0.00000,none
12.25833,89.98238,79.73808,1.44449,-0.00775,-0.00002,0.05291,-0.11908,60.00000,60.00000,160.26192,0.00000,0.11129,0.00441,1.00000,1.00000,0.00000,0.00000,none
12.26250,89.98238,79.74006,1.44421,-0.00776,-0.00002,0.05241,-0.11945,60.00000,60.00000,160.25994,0.00000,0.11129,0.00437,1.00000,1.00000,0.00000,0.00000,none
12.26667,89.98239,79.74204,1.44392,-0.00776,-0.00002,0.05191,-0.11982,60.00000,60.00000,160.25796,0.00000,0.11130,0.00433,1.00000,1.00000,0.00000,0.00000,none
12.27083,89.98239,79.74402,1.44364,-0.00776,-0.00002,0.05141,-0.12017,60.00000,60.00000,160.25598,0.00000,0.11131,0.00428,1.00000,1.00000,0.00000,0.00000,none
12.27500,89.98240,79.74599,1.44335,-0.00776,-0.00002,0.05091,-0.12051,60.00000,60.00000,160.25401,0.00000,0.11131,0.00424,1.00000,1.00000,0.00000,0.00000,none
12.27917,89.98240,79.74797,1.44307,-0.00776,-0.00002,0.05041,-0.12085,60.00000,60.00000,160.25203,0.00000,0.11132,0.00420,1.00000,1.00000,0.00000,0.00000,none
12.28333,89.98240,79.74995,1.44278,-0.00776,-0.00002,0.04991,-0.12117,60.00000,60.00000,160.25005,0.00000,0.11132,0.00416,1.00000,1.00000,0.00000,0.00000,none
12.28750,89.98241,79.75192,1.44250,-0.00776,-0.00002,0.04940,-0.12149,60.00000,60.00000,160.24808,0.00000,0.11133,0.00412,1.00000,1.00000,0.00000,0.00000,none
12.29167,89.98241,79.75390,1.44221,-0.00776,-0.00002,0.04889,-0.12180,60.00000,60.00000,160.24610,0.00000,0.11133,0.00407,1.00000,1.00000,0.00000,0.00000,none
12.29583,89.98242,79.75587,1.44193,-0.00776,-0.00002,0.04839,-0.12210,60.00000,60.00000,160.24413,0.00000,0.11134,0.00403,1.00000,1.00000,0.00000,0.00000,none
12.30000,89.98242,79.75785,1.44165,-0.00777,-0.00002,0.04788,-0.12239,60.00000,60.00000,160.24215,0.00000,0.11134,0.00399,1.00000,1.00000,0.00000,0.00000,none
12.30417,89.98243,79.75982,1.44136,-0.00777,-0.00002,0.04737,-0.12267,60.00000,60.00000,160.24018,0.00000,0.11135,0.00395,1.00000,1.00000,0.00000,0.00000,none
12.30833,89.98243,79.76179,1.44108,-0.00777,-0.00002,0.04685,-0.12294,60.00000,60.00000,160.23821,0.00000,0.11135,0.00390,1.00000,1.00000,0.00000,0.00000,none
12.31250,89.98244,79.76376,1.44080,-0.00777,-0.00002,0.04634,-0.12320,60.00000,60.00000,160.23624,0.00000,0.11136,0.00386,1.00000,1.00000,0.00000,0.00000,none
12.31667,89.98244,79.76573,1.44051,-0.00777,-0.00002,0.04583,-0.12345,60.00000,60.00000,160.23427,0.00000,0.11136,0.00382,1.00000,1.00000,0.00000,0.00000,none
12.32083,89.98244,79.76770,1.44023,-0.00777,-0.00002,0.04531,-0.12370,60.00000,60.00000,160.23230,0.00000,0.11137,0.00378,1.00000,1.00000,0.00000,0.00000,none
12.32500,89.98245,79.76967,1.43995,-0.00777,-0.00002,0.04480,-0.12393,60.00000,60.00000,160.23033,0.00000,0.11137,0.00373,1.00000,1.00000,0.00000,0.00000,none
12.32917,89.98245,79.77164,1.43966,-0.00777,-0.00002,0.04428,-0.12416,60.00000,60.00000,160.22836,0.00000,0.11138,0.00369,1.00000,1.00000,0.00000,0.00000,none
12.33333,89.98246,79.77361,1.43938,-0.00777,-0.00002,0.04376,-0.12437,60.00000,60.00000,160.22639,0.00000,0.11138,0.00365,1.00000,1.00000,0.00000,0.00000,none
12.33750,89.98246,79.77557,1.43910,-0.00777,-0.00002,0.04324,-0.12458,60.00000,60.00000,160.22443,0.00000,0.11139,0.00360,1.00000,1.00000,0.00000,0.00000,none
12.34167,89.98247,79.77754,1.43881,-0.00778,-0.00002,0.04272,-0.12478,60.00000,60.00000,160.22246,0.00000,0.11140,0.00356,1.00000,1.00000,0.00000,0.00000,none
12.34583,89.98247,79.77950,1.43853,-0.00778,-0.00002,0.04220,-0.12497,60.00000,60.00000,160.22050,0.00000,0.11140,0.00352,1.00000,1.00000,0.00000,0.00000,none
12.35000,89.98248,79.78147,1.43825,-0.00778,-0.00002,0.04168,-0.12515,60.00000,60.00000,160.21853,0.00000,0.11141,0.00347,1.00000,1.00000,0.00000,0.00000,none
12.35417,89.98248,79.78343,1.43797,-0.00778,-0.00002,0.04116,-0.12532,60.00000,60.00000,160.21657,0.00000,0.11141,0.00343,1.00000,1.00000,0.00000,0.00000,none
12.35833,89.98248,79.78539,1.43769,-0.00778,-0.00002,0.04064,-0.12548,60.00000,60.00000,160.21461,0.00000,0.11142,0.00339,1.00000,1.00000,0.00000,0.00000,none
12.36250,89.98249,79.78736,1.43740,-0.00778,-0.00002,0.04011,-0.12564,60.00000,60.00000,160.21264,0.00000,0.11142,0.00334,1.00000,1.00000,0.00000,0.00000,none
12.36667,89.98249,79.78932,1.43712,-0.00778,-0.00002,0.03959,-0.12578,60.00000,60.00000,160.21068,0.00000,0.11143,0.00330,1.00000,1.00000,0.00000,0.00000,none
12.37083,89.98250,79.79128,1.43684,-0.00778,-0.00002,0.03907,-0.12592,60.00000,60.00000,160.20872,0.00000,0.11143,0.00326,1.00000,1.00000,0.00000,0.00000,none
12.37500,89.98250,79.79324,1.43656,-0.00778,-0.00002,0.03854,-0.12604,60.00000,60.00000,160.20676,0.00000,0.11144,0.00321,1.00000,1.00000,0.00000,0.00000,none
12.37917,89.98251,79.79519,1.43628,-0.00778,-0.00002,0.03802,-0.12616,60.00000,60.00000,160.20481,0.00000,0.11144,0.00317,1.00000,1.00000,0.00000,0.00000,none
12.38333,89.98251,79.79715,1.43599,-0.00779,-0.00002,0.03749,-0.12627,60.00000,60.00000,160.20285,0.00000,0.11145,0.00312,1.00000,1.00000,0.00000,0.00000,none
12.38750,89.98251,79.79911,1.43571,-0.00779,-0.00002,0.03696,-0.12637,60.00000,60.00000,160.20089,0.00000,0.11145,0.00308,1.00000,1.00000,0.00000,0.00000,none
12.39167,89.98252,79.80107,1.43543,-0.00779,-0.00002,0.03644,-0.12646,60.00000,60.00000,160.19893,0.00000,0.11146,0.00304,1.00000,1.00000,0.00000,0.00000,none
12.39583,89.98252,79.80302,1.43515,-0.00779,-0.00002,0.03591,-0.12654,60.00000,60.00000,160.19698,0.00000,0.11146,0.00299,1.00000,1.00000,0.00000,0.00000,none
12.40000,89.98253,79.80498,1.43487,-0.00779,-0.00002,0.03538,-0.12662,60.00000,60.00000,160.19502,0.00000,0.11147,0.00295,1.00000,1.00000,0.00000,0.00000,none
12.40417,89.98253,79.80693,1.43459,-0.00779,-0.00002,0.03486,-0.12668,60.00000,60.00000,160.19307,0.00000,0.11147,0.00290,1.00000,1.00000,0.00000,0.00000,none
12.40833,89.98254,79.80888,1.43431,-0.00779,-0.00002,0.03433,-0.12674,60.00000,60.00000,160.19112,0.00000,0.11148,0.00286,1.00000,1.00000,0.00000,0.00000,none
12.41250,89.98254,79.81084,1.43403,-0.00779,-0.00002,0.03380,-0.12679,60.00000,60.00000,160.18916,0.00000,0.11149,0.00282,1.00000,1.00000,0.00000,0.00000,none
12.41667,89.98254,79.81279,1.43375,-0.00779,-0.00002,0.03327,-0.12682,60.00000,60.00000,160.18721,0.00000,0.11149,0.00277,1.00000,1.00000,0.00000,0.00000,none
12.42083,89.98255,79.81474,1.43347,-0.00779,-0.00002,0.03274,-0.12685,60.00000,60.00000,160.18526,0.00000,0.11150,0.00273,1.00000,1.00000,0.00000,0.00000,none
12.42500,89.98255,79.81669,1.43319,-0.00780,-0.00002,0.03221,-0.12688,60.00000,60.00000,160.18331,0.00000,0.11150,0.00268,1.00000,1.00000,0.00000,0.00000,none
12.42917,89.98256,79.81864,1.43290,-0.00780,-0.00002,0.03168,-0.12689,60.00000,60.00000,160.18136,0.00000,0.11151,0.00264,1.00000,1.00000,0.00000,0.00000,none
12.43333,89.98256,79.82059,1.43262,-0.00780,-0.00002,0.03116,-0.12689,60.00000,60.00000,160.17941,0.00000,0.11151,0.00260,1.00000,1.00000,0.00000,0.00000,none
12.43750,89.98257,79.82253,1.43234,-0.00780,-0.00002,0.03063,-0.12689,60.00000,60.00000,160.17747,0.00000,0.11152,0.00255,1.00000,1.00000,0.00000,0.00000,none
12.44167,89.98257,79.82448,1.43206,-0.00780,-0.00002,0.03010,-0.12687,60.00000,60.00000,160.17552,0.00000,0.11152,0.00251,1.00000,1.00000,0.00000,0.00000,none
12.44583,89.98257,79.82643,1.43178,-0.00780,-0.00002,0.02957,-0.12685,60.00000,60.00000,160.17357,0.00000,0.11153,0.00246,1.00000,1.00000,0.00000,0.00000,none
12.45000,89.98258,79.82837,1.43151,-0.00780,-0.00002,0.02904,-0.12682,60.00000,60.00000,160.17163,0.00000,0.11153,0.00242,1.00000,1.00000,0.00000,0.00000,none
12.45417,89.98258,79.83032,1.43123,-0.00780,-0.00002,0.02851,-0.12678,60.00000,60.00000,160.16968,0.00000,0.11154,0.00238,1.00000,1.00000,0.00000,0.00000,none
12.45833,89.98259,79.83226,1.43095,-0.00780,-0.00002,0.02799,-0.12674,60.00000,60.00000,160.16774,0.00000,0.11154,0.00233,1.00000,1.00000,0.00000,0.00000,none
12.46250,89.98259,79.83421,1.43067,-0.00781,-0.00002,0.02746,-0.12668,60.00000,60.00000,160.16579,0.00000,0.11155,0.00229,1.00000,1.00000,0.00000,0.00000,none
12.46667,89.98260,79.83615,1.43039,-0.00781,-0.00002,0.02693,-0.12662,60.00000,60.00000,160.16385,0.00000,0.11155,0.00224,1.00000,1.00000,0.00000,0.00000,none
12.47083,89.98260,79.83809,1.43011,-0.00781,-0.00002,0.02640,-0.12655,60.00000,60.00000,160.16191,0.00000,0.11156,0.00220,1.00000,1.00000,0.00000,0.00000,none
12.47500,89.98260,79.84003,1.42983,-0.00781,-0.00002,0.02587,-0.12647,60.00000,60.00000,160.15997,0.00000,0.11156,0.00216,1.00000,1.00000,0.00000,0.00000,none
12.47917,89.98261,79.84197,1.42955,-0.00781,-0.00002,0.02535,-0.12638,60.00000,60.00000,160.15803,0.00000,0.11157,0.00211,1.00000,1.00000,0.00000,0.00000,none
12.48333,89.98261,79.84391,1.42927,-0.00781,-0.00002,0.02482,-0.12628,60.00000,60.00000,160.15609,0.00000,0.11158,0.00207,1.00000,1.00000,0.00000,0.00000,none
12.48750,89.98262,79.84585,1.42899,-0.00781,-0.00002,0.02430,-0.12617,60.00000,60.00000,160.15415,0.00000,0.11158,0.00202,1.00000,1.00000,0.00000,0.00000,none
12.49167,89.98262,79.84779,1.42871,-0.00781,-0.00002,0.02377,-0.12606,60.00000,60.00000,160.15221,0.00000,0.11159,0.00198,1.00000,1.00000,0.00000,0.00000,none
12.49583,89.98263,79.84972,1.42844,-0.00781,-0.00002,0.02325,-0.12594,60.00000,60.00000,160.15028,0.00000,0.11159,0.00194,1.00000,1.00000,0.00000,0.00000,none
12.50000,89.98263,79.85166,1.42816,-0.00781,-0.00002,0.02272,-0.12581,60.00000,60.00000,160.14834,0.00000,0.11160,0.00189,1.00000,1.00000,0.00000,0.00000,none
12.50417,89.98263,79.85360,1.42788,-0.00782,-0.00002,0.02220,-0.12567,60.00000,60.00000,160.14640,0.00000,0.11160,0.00185,1.00000,1.00000,0.00000,0.00000,none
12.50833,89.98264,79.85553,1.42760,-0.00782,-0.00002,0.02167,-0.12553,60.00000,60.00000,160.14447,0.00000,0.11161,0.00181,1.00000,1.00000,0.00000,0.00000,none
12.51250,89.98264,79.85747,1.42732,-0.00782,-0.00002,0.02115,-0.12537,60.00000,60.00000,160.14253,0.00000,0.11161,0.00176,1.00000,1.00000,0.00000,0.00000,none
12.51667,89.98265,79.85940,1.42705,-0.00782,-0.00002,0.02063,-0.12521,60.00000,60.00000,160.14060,0.00000,0.11162,0.00172,1.00000,1.00000,0.00000,0.00000,none
12.52083,89.98265,79.86133,1.42677,-0.00782,-0.00002,0.02011,-0.12504,60.00000,60.00000,160.13867,0.00000,0.11162,0.00168,1.00000,1.00000,0.00000,0.00000,none
12.52500,89.98265,79.86326,1.42649,-0.00782,-0.00002,0.01959,-0.12486,60.00000,60.00000,160.13674,0.00000,0.11163,0.00163,1.00000,1.00000,0.00000,0.00000,none
12.52917,89.98266,79.86519,1.42621,-0.00782,-0.00002,0.01907,-0.12468,60.00000,60.00000,160.13481,0.00000,0.11163,0.00159,1.00000,1.00000,0.00000,0.00000,none
12.53333,89.98266,79.86712,1.42593,-0.00782,-0.00002,0.01855,-0.12448,60.00000,60.00000,160.13288,0.00000,0.11164,0.00155,1.00000,1.00000,0.00000,0.00000,none
12.53750,89.98267,79.86905,1.42566,-0.00782,-0.00002,0.01803,-0.12428,60.00000,60.00000,160.13095,0.00000,0.11164,0.00150,1.00000,1.00000,0.00000,0.00000,none
12.54167,89.98267,79.87098,1.42538,-0.00783,-0.00002,0.01751,-0.12407,60.00000,60.00000,160.12902,0.00000,0.11165,0.00146,1.00000,1.00000,0.00000,0.00000,none
12.54583,89.98268,79.87291,1.42510,-0.00783,-0.00002,0.01700,-0.12385,60.00000,60.00000,160.12709,0.00000,0.11165,0.00142,1.00000,1.00000,0.00000,0.00000,none
12.55000,89.98268,79.87484,1.42483,-0.00783,-0.00002,0.01648,-0.12363,60.00000,60.00000,160.12516,0.00000,0.11166,0.00137,1.00000,1.00000,0.00000,0.00000,none
12.55417,89.98268,79.87676,1.42455,-0.00783,-0.00002,0.01597,-0.12340,60.00000,60.00000,160.12324,0.00000,0.11166,0.00133,1.00000,1.00000,0.00000,0.00000,none
12.55833,89.98269,79.87869,1.42427,-0.00783,-0.00002,0.01545,-0.12316,60.00000,60.00000,160.12131,0.00000,0.11167,0.00129,1.00000,1.00000,0.00000,0.00000,none
12.56250,89.98269,79.88062,1.42400,-0.00783,-0.00002,0.01494,-0.12291,60.00000,60.00000,160.11938,0.00000,0.11168,0.00124,1.00000,1.00000,0.00000,0.00000,none
12.56667,89.98270,79.88254,1.42372,-0.00783,-0.00002,0.01443,-0.12265,60.00000,60.00000,160.11746,0.00000,0.11168,0.00120,1.00000,1.00000,0.00000,0.00000,none
12.57083,89.98270,79.88446,1.42344,-0.00783,-0.00002,0.01392,-0.12239,60.00000,60.00000,160.11554,0.00000,0.11169,0.00116,1.00000,1.00000,0.00000,0.00000,none
12.57500,89.98270,79.88639,1.42317,-0.00783,-0.00002,0.01341,-0.12212,60.00000,60.00000,160.11361,0.00000,0.11169,0.00112,1.00000,1.00000,0.00000,0.00000,none
12.57917,89.98271,79.88831,1.42289,-0.00783,-0.00002,0.01290,-0.12184,60.00000,60.00000,160.11169,0.00000,0.11170,0.00107,1.00000,1.00000,0.00000,0.00000,none
12.58333,89.98271,79.89023,1.42261,-0.00784,-0.00002,0.01239,-0.12156,60.00000,60.00000,160.10977,0.00000,0.11170,0.00103,1.00000,1.00000,0.00000,0.00000,none
12.58750,89.98272,79.89215,1.42234,-0.00784,-0.00002,0.01189,-0.12127,60.00000,60.00000,160.10785,0.00000,0.11171,0.00099,1.00000,1.00000,0.00000,0.00000,none
12.59167,89.98272,79.89407,1.42206,-0.00784,-0.00002,0.01138,-0.12097,60.00000,60.00000,160.10593,0.00000,0.11171,0.00095,1.00000,1.00000,0.00000,0.00000,none
12.59583,89.98272,79.89599,1.42179,-0.00784,-0.00002,0.01088,-0.12066,60.00000,60.00000,160.10401,0.00000,0.11172,0.00091,1.00000,1.00000,0.00000,0.00000,none
12.60000,89.98273,79.89791,1.42151,-0.00784,-0.00002,0.01038,-0.12035,60.00000,60.00000,160.10209,0.00000,0.11172,0.00086,1.00000,1.00000,0.00000,0.00000,none
12.60417,89.98273,79.89982,1.42123,-0.00784,-0.00002,0.00988,-0.12003,60.00000,60.00000,160.10018,0.00000,0.11173,0.00082,1.00000,1.00000,0.00000,0.00000,none
12.60833,89.98274,79.90174,1.42096,-0.00784,-0.00002,0.00938,-0.11970,60.00000,60.00000,160.09826,0.00000,0.11173,0.00078,1.00000,1.00000,0.00000,0.00000,none
12.61250,89.98274,79.90366,1.42068,-0.00784,-0.00002,0.00888,-0.11936,60.00000,60.00000,160.09634,0.00000,0.11174,0.00074,1.00000,1.00000,0.00000,0.00000,none
12.61667,89.98275,79.90557,1.42041,-0.00784,-0.00002,0.00838,-0.11902,60.00000,60.00000,160.09443,0.00000,0.11174,0.00070,1.00000,1.00000,0.00000,0.00000,none
12.62083,89.98275,79.90749,1.42013,-0.00784,-0.00002,0.00789,-0.11867,60.00000,60.00000,160.09251,0.00000,0.11175,0.00066,1.00000,1.00000,0.00000,0.00000,none
12.62500,89.98275,79.90940,1.41986,-0.00785,-0.00002,0.00739,-0.11831,60.00000,60.00000,160.09060,0.00000,0.11175,0.00062,1.00000,1.00000,0.00000,0.00000,none
12.62917,89.98276,79.91131,1.41958,-0.00785,-0.00002,0.00690,-0.11795,60.00000,60.00000,160.08869,0.00000,0.11176,0.00058,1.00000,1.00000,0.00000,0.00000,none
12.63333,89.98276,79.91323,1.41931,-0.00785,-0.00002,0.00641,-0.11758,60.00000,60.00000,160.08677,0.00000,0.11176,0.00053,1.00000,1.00000,0.00000,0.00000,none
12.63750,89.98277,79.91514,1.41903,-0.00785,-0.00002,0.00592,-0.11720,60.00000,60.00000,160.08486,0.00000,0.11177,0.00049,1.00000,1.00000,0.00000,0.00000,none
12.64167,89.98277,79.91705,1.41876,-0.00785,-0.00002,0.00543,-0.11682,60.00000,60.00000,160.08295,0.00000,0.11178,0.00045,1.00000,1.00000,0.00000,0.00000,none
12.64583,89.98277,79.91896,1.41848,-0.00785,-0.00002,0.00495,-0.11643,60.00000,60.00000,160.08104,0.00000,0.11178,0.00041,1.00000,1.00000,0.00000,0.00000,none
12.65000,89.98278,79.92087,1.41821,-0.00785,-0.00002,0.00446,-0.11603,60.00000,60.00000,160.07913,0.00000,0.11179,0.00037,1.00000,1.00000,0.00000,0.00000,none
12.65417,89.98278,79.92278,1.41794,-0.00785,-0.00002,0.00398,-0.11562,60.00000,60.00000,160.07722,0.00000,0.11179,0.00033,1.00000,1.00000,0.00000,0.00000,none
12.65833,89.98279,79.92469,1.41766,-0.00785,-0.00002,0.00350,-0.11521,60.00000,60.00000,160.07531,0.00000,0.11180,0.00029,1.00000,1.00000,0.00000,0.00000,none
12.66250,89.98279,79.92659,1.41739,-0.00786,-0.00002,0.00302,-0.11480,60.00000,60.00000,160.07341,0.00000,0.11180,0.00025,1.00000,1.00000,0.00000,0.00000,none
12.66667,89.98279,79.92850,1.41711,-0.00786,-0.00002,0.00254,-0.11437,60.00000,60.00000,160.07150,0.00000,0.11181,0.00021,1.00000,1.00000,0.00000,0.00000,none
12.67083,89.98280,79.93041,1.41684,-0.00786,-0.00002,0.00207,-0.11394,60.00000,60.00000,160.06959,0.00000,0.11181,0.00017,1.00000,1.00000,0.00000,0.00000,none
12.67500,89.98280,79.93231,1.41657,-0.00786,-0.00002,0.00159,-0.11351,60.00000,60.00000,160.06769,0.00000,0.11182,0.00013,1.00000,1.00000,0.00000,0.00000,none
12.67917,89.98281,79.93421,1.41629,-0.00786,-0.00002,0.00112,-0.11306,60.00000,60.00000,160.06579,0.00000,0.11182,0.00009,1.00000,1.00000,0.00000,0.00000,none
12.68333,89.98281,79.93612,1.41602,-0.00786,-0.00002,0.00065,-0.11261,60.00000,60.00000,160.06388,0.00000,0.11183,0.00005,1.00000,1.00000,0.00000,0.00000,none
12.68750,89.98281,79.93802,1.41575,-0.00786,-0.00002,0.00018,-0.11216,60.00000,60.00000,160.06198,0.00000,0.11183,0.00002,1.00000,1.00000,0.00000,0.00000,none
12.69167,89.98282,79.93992,1.41547,-0.00786,-0.00002,-0.00028,-0.11169,60.00000,60.00000,160.06008,0.00000,0.11184,0.00003,1.00000,1.00000,0.00000,0.00000,none
12.69583,89.98282,79.94182,1.41520,-0.00786,-0.00002,-0.00075,-0.11120,60.00000,60.00000,160.05818,0.00000,0.11184,0.00007,1.00000,1.00000,0.00000,0.00000,none
12.70000,89.98283,79.94372,1.41493,-0.00786,-0.00002,-0.00121,-0.11068,60.00000,60.00000,160.05628,0.00000,0.11185,0.00012,1.00000,1.00000,0.00000,0.00000,none
12.70417,89.98283,79.94562,1.41465,-0.00787,-0.00002,-0.00167,-0.11014,60.00000,60.00000,160.05438,0.00000,0.11185,0.00017,1.00000,1.00000,0.00000,0.00000,none
12.70833,89.98283,79.94752,1.41438,-0.00787,-0.00002,-0.00213,-0.10956,60.00000,60.00000,160.05248,0.00000,0.11186,0.00021,1.00000,1.00000,0.00000,0.00000,none
12.71250,89.98284,79.94942,1.41411,-0.00787,-0.00002,-0.00258,-0.10896,60.00000,60.00000,160.05058,0.00000,0.11186,0.00026,1.00000,1.00000,0.00000,0.00000,none
12.71667,89.98284,79.95132,1.41384,-0.00787,-0.00002,-0.00304,-0.10834,60.00000,60.00000,160.04868,0.00000,0.11187,0.00030,1.00000,1.00000,0.00000,0.00000,none
12.72083,89.98285,79.95322,1.41356,-0.00787,-0.00002,-0.00349,-0.10769,60.00000,60.00000,160.04678,0.00000,0.11188,0.00035,1.00000,1.00000,0.00000,0.00000,none
12.72500,89.98285,79.95511,1.41329,-0.00787,-0.00002,-0.00393,-0.10701,60.00000,60.00000,160.04489,0.00000,0.11188,0.00039,1.00000,1.00000,0.00000,0.00000,none
12.72917,89.98285,79.95701,1.41302,-0.00787,-0.00002,-0.00438,-0.10630,60.00000,60.00000,160.04299,0.00000,0.11189,0.00044,1.00000,1.00000,0.00000,0.00000,none
12.73333,89.98286,79.95890,1.41275,-0.00787,-0.00002,-0.00482,-0.10557,60.00000,60.00000,160.04110,0.00000,0.11189,0.00048,1.00000,1.00000,0.00000,0.00000,none
12.73750,89.98286,79.96080,1.41247,-0.00787,-0.00002,-0.00526,-0.10482,60.00000,60.00000,160.03920,0.00000,0.11190,0.00053,1.00000,1.00000,0.00000,0.00000,none
12.74167,89.98287,79.96269,1.41220,-0.00788,-0.00002,-0.00569,-0.10404,60.00000,60.00000,160.03731,0.00000,0.11190,0.00057,1.00000,1.00000,0.00000,0.00000,none
12.74583,89.98287,79.96458,1.41193,-0.00788,-0.00002,-0.00612,-0.10323,60.00000,60.00000,160.03542,0.00000,0.11191,0.00061,1.00000,1.00000,0.00000,0.00000,none
12.75000,89.98287,79.96648,1.41166,-0.00788,-0.00002,-0.00655,-0.10240,60.00000,60.00000,160.03352,0.00000,0.11191,0.00066,1.00000,1.00000,0.00000,0.00000,none
12.75417,89.98288,79.96837,1.41139,-0.00788,-0.00002,-0.00698,-0.10155,60.00000,60.00000,160.03163,0.00000,0.11192,0.00070,1.00000,1.00000,0.00000,0.00000,none
12.75833,89.98288,79.97026,1.41111,-0.00788,-0.00002,-0.00740,-0.10068,60.00000,60.00000,160.02974,0.00000,0.11192,0.00074,1.00000,1.00000,0.00000,0.00000,none
12.76250,89.98288,79.97215,1.41084,-0.00788,-0.00002,-0.00782,-0.09978,60.00000,60.00000,160.02785,0.00000,0.11193,0.00078,1.00000,1.00000,0.00000,0.00000,none
12.76667,89.98289,79.97404,1.41057,-0.00788,-0.00002,-0.00823,-0.09885,60.00000,60.00000,160.02596,0.00000,0.11193,0.00082,1.00000,1.00000,0.00000,0.00000,none
12.77083,89.98289,79.97592,1.41030,-0.00788,-0.00002,-0.00864,-0.09791,60.00000,60.00000,160.02408,0.00000,0.11194,0.00086,1.00000,1.00000,0.00000,0.00000,none
12.77500,89.98290,79.97781,1.41003,-0.00788,-0.00002,-0.00905,-0.09694,60.00000,60.00000,160.02219,0.00000,0.11194,0.00090,1.00000,1.00000,0.00000,0.00000,none
12.77917,89.98290,79.97970,1.40976,-0.00789,-0.00002,-0.00945,-0.09595,60.00000,60.00000,160.02030,0.00000,0.11195,0.00094,1.00000,1.00000,0.00000,0.00000,none
12.78333,89.98290,79.98159,1.40949,-0.00789,-0.00002,-0.00985,-0.09493,60.00000,60.00000,160.01841,0.00000,0.11195,0.00098,1.00000,1.00000,0.00000,0.00000,none
12.78750,89.98291,79.98347,1.40922,-0.00789,-0.00002,-0.01024,-0.09390,60.00000,60.00000,160.01653,0.00000,0.11196,0.00102,1.00000,1.00000,0.00000,0.00000,none
12.79167,89.98291,79.98536,1.40895,-0.00789,-0.00002,-0.01063,-0.09284,60.00000,60.00000,160.01464,0.00000,0.11196,0.00106,1.00000,1.00000,0.00000,0.00000,none
12.79583,89.98292,79.98724,1.40867,-0.00789,-0.00002,-0.01101,-0.09177,60.00000,60.00000,160.01276,0.00000,0.11197,0.00110,1.00000,1.00000,0.00000,0.00000,none
12.80000,89.98292,79.98912,1.40840,-0.00789,-0.00002,-0.01139,-0.09067,60.00000,60.00000,160.01088,0.00000,0.11197,0.00114,1.00000,1.00000,0.00000,0.00000,none
12.80417,89.98292,79.99101,1.40813,-0.00789,-0.00002,-0.01177,-0.08955,60.00000,60.00000,160.00899,0.00000,0.11198,0.00118,1.00000,1.00000,0.00000,0.00000,none
12.80833,89.98293,79.99289,1.40786,-0.00789,-0.00002,-0.01214,-0.08842,60.00000,60.00000,160.00711,0.00000,0.11199,0.00121,1.00000,1.00000,0.00000,0.00000,none
12.81250,89.98293,79.99477,1.40759,-0.00789,-0.00002,-0.01251,-0.08726,60.00000,60.00000,160.00523,0.00000,0.11199,0.00125,1.00000,1.00000,0.00000,0.00000,none
12.81667,89.98293,79.99665,1.40732,-0.00789,-0.00002,-0.01287,-0.08608,60.00000,60.00000,160.00335,0.00000,0.11200,0.00129,1.00000,1.00000,0.00000,0.00000,none
12.82083,89.98294,79.99853,1.40705,-0.00790,-0.00002,-0.01322,-0.08489,60.00000,60.00000,160.00147,0.00000,0.11200,0.00132,1.00000,1.00000,0.00000,0.00000,none
12.82500,89.98294,80.00041,1.40678,-0.00790,-0.00002,-0.01357,-0.08368,60.00000,60.00000,159.99959,0.00000,0.11201,0.00136,1.00000,1.00000,0.00000,0.00000,none
12.82917,89.98295,80.00229,1.40651,-0.00790,-0.00002,-0.01392,-0.08245,60.00000,60.00000,159.99771,0.00000,0.11201,0.00139,1.00000,1.00000,0.00000,0.00000,none
12.83333,89.98295,80.00416,1.40624,-0.00790,-0.00002,-0.01426,-0.08120,60.00000,60.00000,159.99584,0.00000,0.11202,0.00143,1.00000,1.00000,0.00000,0.00000,none
12.83750,89.98295,80.00604,1.40597,-0.00790,-0.00002,-0.01460,-0.07993,60.00000,60.00000,159.99396,0.00000,0.11202,0.00146,1.00000,1.00000,0.00000,0.00000,none
12.84167,89.98296,80.00792,1.40570,-0.00790,-0.00002,-0.01493,-0.07865,60.00000,60.00000,159.99208,0.00000,0.11203,0.00149,1.00000,1.00000,0.00000,0.00000,none
12.84583,89.98296,80.00979,1.40543,-0.00790,-0.00002,-0.01525,-0.07735,60.00000,60.00000,159.99021,0.00000,0.11203,0.00153,1.00000,1.00000,0.00000,0.00000,none
12.85000,89.98296,80.01167,1.40517,-0.00790,-0.00002,-0.01557,-0.07604,60.00000,60.00000,159.98833,0.00000,0.11204,0.00156,1.00000,1.00000,0.00000,0.00000,none
12.85417,89.98297,80.01354,1.40490,-0.00790,-0.00002,-0.01589,-0.07470,60.00000,60.00000,159.98646,0.00000,0.11204,0.00159,1.00000,1.00000,0.00000,0.00000,none
12.85833,89.98297,80.01541,1.40463,-0.00791,-0.00002,-0.01619,-0.07336,60.00000,60.00000,159.98459,0.00000,0.11205,0.00162,1.00000,1.00000,0.00000,0.00000,none
12.86250,89.98298,80.01729,1.40436,-0.00791,-0.00002,-0.01650,-0.07200,60.00000,60.00000,159.98271,0.00000,0.11205,0.00165,1.00000,1.00000,0.00000,0.00000,none
12.86667,89.98298,80.01916,1.40409,-0.00791,-0.00002,-0.01679,-0.07062,60.00000,60.00000,159.98084,0.00000,0.11206,0.00168,1.00000,1.00000,0.00000,0.00000,none
12.87083,89.98298,80.02103,1.40382,-0.00791,-0.00002,-0.01709,-0.06923,60.00000,60.00000,159.97897,0.00000,0.11206,0.00171,1.00000,1.00000,0.00000,0.00000,none
12.87500,89.98299,80.02290,1.40355,-0.00791,-0.00002,-0.01737,-0.06783,60.00000,60.00000,159.97710,0.00000,0.11207,0.00174,1.00000,1.00000,0.00000,0.00000,none
12.87917,89.98299,80.02477,1.40328,-0.00791,-0.00002,-0.01765,-0.06641,60.00000,60.00000,159.97523,0.00000,0.11207,0.00177,1.00000,1.00000,0.00000,0.00000,none
12.88333,89.98299,80.02664,1.40302,-0.00791,-0.00002,-0.01792,-0.06498,60.00000,60.00000,159.97336,0.00000,0.11208,0.00179,1.00000,1.00000,0.00000,0.00000,none
12.88750,89.98300,80.02851,1.40275,-0.00791,-0.00001,-0.01819,-0.06354,60.00000,60.00000,159.97149,0.00000,0.11208,0.00182,1.00000,1.00000,0.00000,0.00000,none
12.89167,89.98300,80.03037,1.40248,-0.00791,-0.00001,-0.01845,-0.06209,60.00000,60.00000,159.96963,0.00000,0.11209,0.00185,1.00000,1.00000,0.00000,0.00000,none
12.89583,89.98300,80.03224,1.40221,-0.00792,-0.00001,-0.01871,-0.06062,60.00000,60.00000,159.96776,0.00000,0.11209,0.00187,1.00000,1.00000,0.00000,0.00000,none
12.90000,89.98301,80.03411,1.40194,-0.00792,-0.00001,-0.01896,-0.05914,60.00000,60.00000,159.96589,0.00000,0.11210,0.00190,1.00000,1.00000,0.00000,0.00000,none
12.90417,89.98301,80.03597,1.40167,-0.00792,-0.00001,-0.01920,-0.05765,60.00000,60.00000,159.96403,0.00000,0.11211,0.00192,1.00000,1.00000,0.00000,0.00000,none
12.90833,89.98301,80.03784,1.40141,-0.00792,-0.00001,-0.01944,-0.05616,60.00000,60.00000,159.96216,0.00000,0.11211,0.00194,1.00000,1.00000,0.00000,0.00000,none
12.91250,89.98302,80.03970,1.40114,-0.00792,-0.00001,-0.01967,-0.05465,60.00000,60.00000,159.96030,0.00000,0.11212,0.00197,1.00000,1.00000,0.00000,0.00000,none
12.91667,89.98302,80.04156,1.40087,-0.00792,-0.00001,-0.01989,-0.05313,60.00000,60.00000,159.95844,0.00000,0.11212,0.00199,1.00000,1.00000,0.00000,0.00000,none
12.92083,89.98303,80.04343,1.40060,-0.00792,-0.00001,-0.02011,-0.05160,60.00000,60.00000,159.95657,0.00000,0.11213,0.00201,1.00000,1.00000,0.00000,0.00000,none
12.92500,89.98303,80.04529,1.40034,-0.00792,-0.00001,-0.02032,-0.05007,60.00000,60.00000,159.95471,0.00000,0.11213,0.00203,1.00000,1.00000,0.00000,0.00000,none
12.92917,89.98303,80.04715,1.40007,-0.00792,-0.00001,-0.02053,-0.04852,60.00000,60.00000,159.95285,0.00000,0.11214,0.00205,1.00000,1.00000,0.00000,0.00000,none
12.93333,89.98304,80.04901,1.39980,-0.00793,-0.00001,-0.02073,-0.04697,60.00000,60.00000,159.95099,0.00000,0.11214,0.00207,1.00000,1.00000,0.00000,0.00000,none
12.93750,89.98304,80.05087,1.39953,-0.00793,-0.00001,-0.02092,-0.04541,60.00000,60.00000,159.94913,0.00000,0.11215,0.00209,1.00000,1.00000,0.00000,0.00000,none
12.94167,89.98304,80.05273,1.39927,-0.00793,-0.00001,-0.02111,-0.04384,60.00000,60.00000,159.94727,0.00000,0.11215,0.00211,1.00000,1.00000,0.00000,0.00000,none
12.94583,89.98305,80.05459,1.39900,-0.00793,-0.00001,-0.02129,-0.04227,60.00000,60.00000,159.94541,0.00000,0.11216,0.00213,1.00000,1.00000,0.00000,0.00000,none
12.95000,89.98305,80.05645,1.39873,-0.00793,-0.00001,-0.02146,-0.04069,60.00000,60.00000,159.94355,0.00000,0.11216,0.00215,1.00000,1.00000,0.00000,0.00000,none
12.95417,89.98305,80.05830,1.39847,-0.00793,-0.00001,-0.02163,-0.03911,60.00000,60.00000,159.94170,0.00000,0.11217,0.00216,1.00000,1.00000,0.00000,0.00000,none
12.95833,89.98306,80.06016,1.39820,-0.00793,-0.00001,-0.02179,-0.03752,60.00000,60.00000,159.93984,0.00000,0.11217,0.00218,1.00000,1.00000,0.00000,0.00000,none
12.96250,89.98306,80.06201,1.39793,-0.00793,-0.00001,-0.02194,-0.03592,60.00000,60.00000,159.93799,0.00000,0.11218,0.00219,1.00000,1.00000,0.00000,0.00000,none
12.96667,89.98306,80.06387,1.39767,-0.00793,-0.00001,-0.02209,-0.03432,60.00000,60.00000,159.93613,0.00000,0.11218,0.00221,1.00000,1.00000,0.00000,0.00000,none
12.97083,89.98307,80.06572,1.39740,-0.00793,-0.00001,-0.02222,-0.03272,60.00000,60.00000,159.93428,0.00000,0.11219,0.00222,1.00000,1.00000,0.00000,0.00000,none
12.97500,89.98307,80.06758,1.39714,-0.00794,-0.00001,-0.02236,-0.03111,60.00000,60.00000,159.93242,0.00000,0.11219,0.00224,1.00000,1.00000,0.00000,0.00000,none
12.97917,89.98307,80.06943,1.39687,-0.00794,-0.00001,-0.02248,-0.02950,60.00000,60.00000,159.93057,0.00000,0.11220,0.00225,1.00000,1.00000,0.00000,0.00000,none
12.98333,89.98308,80.07128,1.39660,-0.00794,-0.00001,-0.02260,-0.02789,60.00000,60.00000,159.92872,0.00000,0.11220,0.00226,1.00000,1.00000,0.00000,0.00000,none
12.98750,89.98308,80.07313,1.39634,-0.00794,-0.00001,-0.02272,-0.02627,60.00000,60.00000,159.92687,0.00000,0.11221,0.00227,1.00000,1.00000,0.00000,0.00000,none
12.99167,89.98308,80.07498,1.39607,-0.00794,-0.00001,-0.02282,-0.02465,60.00000,60.00000,159.92502,0.00000,0.11221,0.00228,1.00000,1.00000,0.00000,0.00000,none
12.99583,89.98309,80.07683,1.39581,-0.00794,-0.00001,-0.02292,-0.02303,60.00000,60.00000,159.92317,0.00000,0.11222,0.00229,1.00000,1.00000,0.00000,0.00000,none
13.00000,89.98309,80.07868,1.39554,-0.00794,-0.00001,-0.02301,-0.02141,60.00000,60.00000,159.92132,0.00000,0.11222,0.00230,1.00000,1.00000,0.00000,0.00000,none
13.00417,89.98309,80.08053,1.39527,-0.00794,-0.00001,-0.02310,-0.01979,60.00000,60.00000,159.91947,0.00000,0.11223,0.00231,1.00000,1.00000,0.00000,0.00000,none
13.00833,89.98310,80.08238,1.39501,-0.00794,-0.00001,-0.02318,-0.01817,60.00000,60.00000,159.91762,0.00000,0.11224,0.00232,1.00000,1.00000,0.00000,0.00000,none
13.01250,89.98310,80.08423,1.39474,-0.00795,-0.00001,-0.02325,-0.01655,60.00000,60.00000,159.91577,0.00000,0.11224,0.00233,1.00000,1.00000,0.00000,0.00000,none
13.01667,89.98310,80.08607,1.39448,-0.00795,-0.00001,-0.02332,-0.01493,60.00000,60.00000,159.91393,0.00000,0.11225,0.00233,1.00000,1.00000,0.00000,0.00000,none
13.02083,89.98311,80.08792,1.39421,-0.00795,-0.00001,-0.02338,-0.01331,60.00000,60.00000,159.91208,0.00000,0.11225,0.00234,1.00000,1.00000,0.00000,0.00000,none
13.02500,89.98311,80.08976,1.39395,-0.00795,-0.00001,-0.02343,-0.01170,60.00000,60.00000,159.91024,0.00000,0.11226,0.00234,1.00000,1.00000,0.00000,0.00000,none
13.02917,89.98311,80.09161,1.39368,-0.00795,-0.00001,-0.02347,-0.01008,60.00000,60.00000,159.90839,0.00000,0.11226,0.00235,1.00000,1.00000,0.00000,0.00000,none
13.03333,89.98312,80.09345,1.39342,-0.00795,-0.00001,-0.02351,-0.00847,60.00000,60.00000,159.90655,0.00000,0.11227,0.00235,1.00000,1.00000,0.00000,0.00000,none
13.03750,89.98312,80.09530,1.39316,-0.00795,-0.00001,-0.02354,-0.00686,60.00000,60.00000,159.90470,0.00000,0.11227,0.00235,1.00000,1.00000,0.00000,0.00000,none
13.04167,89.98312,80.09714,1.39289,-0.00795,-0.00001,-0.02357,-0.00525,60.00000,60.00000,159.90286,0.00000,0.11228,0.00236,1.00000,1.00000,0.00000,0.00000,none
13.04583,89.98313,80.09898,1.39263,-0.00795,-0.00001,-0.02359,-0.00365,60.00000,60.00000,159.90102,0.00000,0.11228,0.00236,1.00000,1.00000,0.00000,0.00000,none
13.05000,89.98313,80.10082,1.39236,-0.00796,-0.00001,-0.02360,-0.00205,60.00000,60.00000,159.89918,0.00000,0.11229,0.00236,1.00000,1.00000,0.00000,0.00000,none
13.05417,89.98313,80.10266,1.39210,-0.00796,-0.00001,-0.02361,-0.00045,60.00000,60.00000,159.89734,0.00000,0.11229,0.00236,1.00000,1.00000,0.00000,0.00000,none
13.05833,89.98314,80.10450,1.39183,-0.00796,-0.00001,-0.02360,0.00114,60.00000,60.00000,159.89550,0.00000,0.11230,0.00236,1.00000,1.00000,0.00000,0.00000,none
13.06250,89.98314,80.10634,1.39157,-0.00796,-0.00001,-0.02360,0.00272,60.00000,60.00000,159.89366,0.00000,0.11230,0.00236,1.00000,1.00000,0.00000,0.00000,none
13.06667,89.98314,80.10818,1.39131,-0.00796,-0.00001,-0.02358,0.00430,60.00000,60.00000,159.89182,0.00000,0.11231,0.00236,1.00000,1.00000,0.00000,0.00000,none
13.07083,89.98315,80.11001,1.39104,-0.00796,-0.00001,-0.02356,0.00588,60.00000,60.00000,159.88999,0.00000,0.11231,0.00236,1.00000,1.00000,0.00000,0.00000,none
13.07500,89.98315,80.11185,1.39078,-0.00796,-0.00001,-0.02353,0.00745,60.00000,60.00000,159.88815,0.00000,0.11232,0.00235,1.00000,1.00000,0.00000,0.00000,none
13.07917,89.98316,80.11369,1.39051,-0.00796,-0.00001,-0.02350,0.00901,60.00000,60.00000,159.88631,0.00000,0.11232,0.00235,1.00000,1.00000,0.00000,0.00000,none
13.08333,89.98316,80.11552,1.39025,-0.00796,-0.00001,-0.02346,0.01056,60.00000,60.00000,159.88448,0.00000,0.11233,0.00235,1.00000,1.00000,0.00000,0.00000,none
13.08750,89.98316,80.11736,1.38999,-0.00797,-0.00001,-0.02341,0.01211,60.00000,60.00000,159.88264,0.00000,0.11233,0.00234,1.00000,1.00000,0.00000,0.00000,none
13.09167,89.98317,80.11919,1.38972,-0.00797,-0.00001,-0.02336,0.01365,60.00000,60.00000,159.88081,0.00000,0.11234,0.00234,1.00000,1.00000,0.00000,0.00000,none
13.09583,89.98317,80.12102,1.38946,-0.00797,-0.00001,-0.02330,0.01518,60.00000,60.00000,159.87898,0.00000,0.11234,0.00233,1.00000,1.00000,0.00000,0.00000,none
13.10000,89.98317,80.12286,1.38920,-0.00797,-0.00001,-0.02323,0.01670,60.00000,60.00000,159.87714,0.00000,0.11235,0.00232,1.00000,1.00000,0.00000,0.00000,none
13.10417,89.98318,80.12469,1.38893,-0.00797,-0.00001,-0.02316,0.01821,60.00000,60.00000,159.87531,0.00000,0.11235,0.00232,1.00000,1.00000,0.00000,0.00000,none
13.10833,89.98318,80.12652,1.38867,-0.00797,-0.00001,-0.02308,0.01971,60.00000,60.00000,159.87348,0.00000,0.11236,0.00231,1.00000,1.00000,0.00000,0.00000,none
13.11250,89.98318,80.12835,1.38841,-0.00797,-0.00001,-0.02299,0.02121,60.00000,60.00000,159.87165,0.00000,0.11237,0.00230,1.00000,1.00000,0.00000,0.00000,none
13.11667,89.98319,80.13018,1.38815,-0.00797,-0.00001,-0.02290,0.02269,60.00000,60.00000,159.86982,0.00000,0.11237,0.00229,1.00000,1.00000,0.00000,0.00000,none
13.12083,89.98319,80.13201,1.38788,-0.00797,-0.00001,-0.02280,0.02416,60.00000,60.00000,159.86799,0.00000,0.11238,0.00228,1.00000,1.00000,0.00000,0.00000,none
13.12500,89.98319,80.13384,1.38762,-0.00798,-0.00001,-0.02270,0.02563,60.00000,60.00000,159.86616,0.00000,0.11238,0.00227,1.00000,1.00000,0.00000,0.00000,none
13.12917,89.98320,80.13567,1.38736,-0.00798,-0.00001,-0.02259,0.02708,60.00000,60.00000,159.86433,0.00000,0.11239,0.00226,1.00000,1.00000,0.00000,0.00000,none
13.13333,89.98320,80.13749,1.38710,-0.00798,-0.00001,-0.02247,0.02852,60.00000,60.00000,159.86251,0.00000,0.11239,0.00225,1.00000,1.00000,0.00000,0.00000,none
13.13750,89.98320,80.13932,1.38683,-0.00798,-0.00001,-0.02235,0.02995,60.00000,60.00000,159.86068,0.00000,0.11240,0.00224,1.00000,1.00000,0.00000,0.00000,none
13.14167,89.98321,80.14115,1.38657,-0.00798,-0.00001,-0.02222,0.03136,60.00000,60.00000,159.85885,0.00000,0.11240,0.00222,1.00000,1.00000,0.00000,0.00000,none
13.14583,89.98321,80.14297,1.38631,-0.00798,-0.00001,-0.02209,0.03277,60.00000,60.00000,159.85703,0.00000,0.11241,0.00221,1.00000,1.00000,0.00000,0.00000,none
13.15000,89.98321,80.14480,1.38605,-0.00798,-0.00001,-0.02195,0.03416,60.00000,60.00000,159.85520,0.00000,0.11241,0.00220,1.00000,1.00000,0.00000,0.00000,none
13.15417,89.98322,80.14662,1.38579,-0.00798,-0.00001,-0.02181,0.03554,60.00000,60.00000,159.85338,0.00000,0.11242,0.00218,1.00000,1.00000,0.00000,0.00000,none
13.15833,89.98322,80.14844,1.38553,-0.00798,-0.00001,-0.02166,0.03690,60.00000,60.00000,159.85156,0.00000,0.11242,0.00217,1.00000,1.00000,0.00000,0.00000,none
13.16250,89.98322,80.15026,1.38526,-0.00799,-0.00001,-0.02150,0.03825,60.00000,60.00000,159.84974,0.00000,0.11243,0.00215,1.00000,1.00000,0.00000,0.00000,none
13.16667,89.98323,80.15209,1.38500,-0.00799,-0.00001,-0.02134,0.03959,60.00000,60.00000,159.84791,0.00000,0.11243,0.00213,1.00000,1.00000,0.00000,0.00000,none
13.17083,89.98323,80.15391,1.38474,-0.00799,-0.00001,-0.02117,0.04091,60.00000,60.00000,159.84609,0.00000,0.11244,0.00212,1.00000,1.00000,0.00000,0.00000,none
13.17500,89.98323,80.15573,1.38448,-0.00799,-0.00001,-0.02100,0.04222,60.00000,60.00000,159.84427,0.00000,0.11244,0.00210,1.00000,1.00000,0.00000,0.00000,none
13.17917,89.98324,80.15755,1.38422,-0.00799,-0.00001,-0.02082,0.04351,60.00000,60.00000,159.84245,0.00000,0.11245,0.00208,1.00000,1.00000,0.00000,0.00000,none
13.18333,89.98324,80.15937,1.38396,-0.00799,-0.00001,-0.02063,0.04479,60.00000,60.00000,159.84063,0.00000,0.11245,0.00206,1.00000,1.00000,0.00000,0.00000,none
13.18750,89.98324,80.16118,1.38370,-0.00799,-0.00001,-0.02044,0.04605,60.00000,60.00000,159.83882,0.00000,0.11246,0.00204,1.00000,1.00000,0.00000,0.00000,none
13.19167,89.98325,80.16300,1.38344,-0.00799,-0.00001,-0.02025,0.04730,60.00000,60.00000,159.83700,0.00000,0.11246,0.00202,1.00000,1.00000,0.00000,0.00000,none
13.19583,89.98325,80.16482,1.38317,-0.00799,-0.00001,-0.02005,0.04853,60.00000,60.00000,159.83518,0.00000,0.11247,0.00200,1.00000,1.00000,0.00000,0.00000,none
13.20000,89.98326,80.16664,1.38291,-0.00799,-0.00001,-0.01985,0.04974,60.00000,60.00000,159.83336,0.00000,0.11247,0.00198,1.00000,1.00000,0.00000,0.00000,none
13.20417,89.98326,80.16845,1.38265,-0.00800,-0.00001,-0.01964,0.05094,60.00000,60.00000,159.83155,0.00000,0.11248,0.00196,1.00000,1.00000,0.00000,0.00000,none
13.20833,89.98326,80.17027,1.38239,-0.00800,-0.00001,-0.01942,0.05212,60.00000,60.00000,159.82973,0.00000,0.11248,0.00194,1.00000,1.00000,0.00000,0.00000,none
13.21250,89.98327,80.17208,1.38213,-0.00800,-0.00001,-0.01920,0.05328,60.00000,60.00000,159.82792,0.00000,0.11249,0.00192,1.00000,1.00000,0.00000,0.00000,none
13.21667,89.98327,80.17389,1.38187,-0.00800,-0.00002,-0.01898,0.05443,60.00000,60.00000,159.82611,0.00000,0.11249,0.00190,1.00000,1.00000,0.00000,0.00000,none
13.22083,89.98327,80.17571,1.38161,-0.00800,-0.00002,-0.01875,0.05555,60.00000,60.00000,159.82429,0.00000,0.11250,0.00187,1.00000,1.00000,0.00000,0.00000,none
13.22500,89.98328,80.17752,1.38135,-0.00800,-0.00002,-0.01851,0.05666,60.00000,60.00000,159.82248,0.00000,0.11250,0.00185,1.00000,1.00000,0.00000,0.00000,none
13.22917,89.98328,80.17933,1.38109,-0.00800,-0.00002,-0.01828,0.05776,60.00000,60.00000,159.82067,0.00000,0.11251,0.00183,1.00000,1.00000,0.00000,0.00000,none
13.23333,89.98328,80.18114,1.38083,-0.00800,-0.00002,-0.01803,0.05883,60.00000,60.00000,159.81886,0.00000,0.11252,0.00180,1.00000,1.00000,0.00000,0.00000,none
13.23750,89.98329,80.18295,1.38057,-0.00800,-0.00002,-0.01779,0.05989,60.00000,60.00000,159.81705,0.00000,0.11252,0.00178,1.00000,1.00000,0.00000,0.00000,none
13.24167,89.98329,80.18476,1.38031,-0.00801,-0.00002,-0.01753,0.06092,60.00000,60.00000,159.81524,0.00000,0.11253,0.00175,1.00000,1.00000,0.00000,0.00000,none
13.24583,89.98329,80.18657,1.38005,-0.00801,-0.00002,-0.01728,0.06194,60.00000,60.00000,159.81343,0.00000,0.11253,0.00173,1.00000,1.00000,0.00000,0.00000,none
13.25000,89.98330,80.18838,1.37979,-0.00801,-0.00002,-0.01702,0.06294,60.00000,60.00000,159.81162,0.00000,0.11254,0.00170,1.00000,1.00000,0.00000,0.00000,none
13.25417,89.98330,80.19019,1.37953,-0.00801,-0.00002,-0.01675,0.06392,60.00000,60.00000,159.80981,0.00000,0.11254,0.00168,1.00000,1.00000,0.00000,0.00000,none
13.25833,89.98331,80.19199,1.37928,-0.00801,-0.00002,-0.01648,0.06488,60.00000,60.00000,159.80801,0.00000,0.11255,0.00165,1.00000,1.00000,0.00000,0.00000,none
13.26250,89.98331,80.19380,1.37902,-0.00801,-0.00002,-0.01621,0.06582,60.00000,60.00000,159.80620,0.00000,0.11255,0.00162,1.00000,1.00000,0.00000,0.00000,none
13.26667,89.98331,80.19561,1.37876,-0.00801,-0.00002,-0.01594,0.06674,60.00000,60.00000,159.80439,0.00000,0.11256,0.00159,1.00000,1.00000,0.00000,0.00000,none
13.27083,89.98332,80.19741,1.37850,-0.00801,-0.00002,-0.01566,0.06764,60.00000,60.00000,159.80259,0.00000,0.11256,0.00157,1.00000,1.00000,0.00000,0.00000,none
13.27500,89.98332,80.19921,1.37824,-0.00801,-0.00002,-0.01537,0.06852,60.00000,60.00000,159.80079,0.00000,0.11257,0.00154,1.00000,1.00000,0.00000,0.00000,none
13.27917,89.98332,80.20102,1.37798,-0.00802,-0.00002,-0.01509,0.06938,60.00000,60.00000,159.79898,0.00000,0.11257,0.00151,1.00000,1.00000,0.00000,0.00000,none
13.28333,89.98333,80.20282,1.37772,-0.00802,-0.00002,-0.01479,0.07022,60.00000,60.00000,159.79718,0.00000,0.11258,0.00148,1.00000,1.00000,0.00000,0.00000,none
13.28750,89.98333,80.20462,1.37746,-0.00802,-0.00002,-0.01450,0.07103,60.00000,60.00000,159.79538,0.00000,0.11258,0.00145,1.00000,1.00000,0.00000,0.00000,none
13.29167,89.98334,80.20642,1.37721,-0.00802,-0.00002,-0.01420,0.07183,60.00000,60.00000,159.79358,0.00000,0.11259,0.00142,1.00000,1.00000,0.00000,0.00000,none
13.29583,89.98334,80.20823,1.37695,-0.00802,-0.00002,-0.01390,0.07261,60.00000,60.00000,159.79177,0.00000,0.11259,0.00139,1.00000,1.00000,0.00000,0.00000,none
13.30000,89.98334,80.21003,1.37669,-0.00802,-0.00002,-0.01360,0.07336,60.00000,60.00000,159.78997,0.00000,0.11260,0.00136,1.00000,1.00000,0.00000,0.00000,none
13.30417,89.98335,80.21183,1.37643,-0.00802,-0.00002,-0.01329,0.07410,60.00000,60.00000,159.78817,0.00000,0.11260,0.00133,1.00000,1.00000,0.00000,0.00000,none
13.30833,89.98335,80.21362,1.37617,-0.00802,-0.00002,-0.01298,0.07481,60.00000,60.00000,159.78638,0.00000,0.11261,0.00130,1.00000,1.00000,0.00000,0.00000,none
13.31250,89.98336,80.21542,1.37591,-0.00802,-0.00002,-0.01267,0.07550,60.00000,60.00000,159.78458,0.00000,0.11261,0.00127,1.00000,1.00000,0.00000,0.00000,none
13.31667,89.98336,80.21722,1.37566,-0.00802,-0.00002,-0.01235,0.07617,60.00000,60.00000,159.78278,0.00000,0.11262,0.00124,1.00000,1.00000,0.00000,0.00000,none
13.32083,89.98336,80.21902,1.37540,-0.00803,-0.00002,-0.01203,0.07681,60.00000,60.00000,159.78098,0.00000,0.11262,0.00120,1.00000,1.00000,0.00000,0.00000,none
13.32500,89.98337,80.22081,1.37514,-0.00803,-0.00002,-0.01171,0.07744,60.00000,60.00000,159.77919,0.00000,0.11263,0.00117,1.00000,1.00000,0.00000,0.00000,none
13.32917,89.98337,80.22261,1.37488,-0.00803,-0.00002,-0.01139,0.07804,60.00000,60.00000,159.77739,0.00000,0.11263,0.00114,1.00000,1.00000,0.00000,0.00000,none
13.33333,89.98337,80.22440,1.37463,-0.00803,-0.00002,-0.01106,0.07862,60.00000,60.00000,159.77560,0.00000,0.11264,0.00111,1.00000,1.00000,0.00000,0.00000,none
13.33750,89.98338,80.22620,1.37437,-0.00803,-0.00002,-0.01073,0.07918,60.00000,60.00000,159.77380,0.00000,0.11264,0.00107,1.00000,1.00000,0.00000,0.00000,none
13.34167,89.98338,80.22799,1.37411,-0.00803,-0.00002,-0.01040,0.07972,60.00000,60.00000,159.77201,0.00000,0.11265,0.00104,1.00000,1.00000,0.00000,0.00000,none
13.34583,89.98339,80.22978,1.37385,-0.00803,-0.00002,-0.01007,0.08023,60.00000,60.00000,159.77022,0.00000,0.11265,0.00101,1.00000,1.00000,0.00000,0.00000,none
13.35000,89.98339,80.23158,1.37360,-0.00803,-0.00002,-0.00973,0.08072,60.00000,60.00000,159.76842,0.00000,0.11266,0.00097,1.00000,1.00000,0.00000,0.00000,none
13.35417,89.98339,80.23337,1.37334,-0.00803,-0.00002,-0.00940,0.08119,60.00000,60.00000,159.76663,0.00000,0.11266,0.00094,1.00000,1.00000,0.00000,0.00000,none
13.35833,89.98340,80.23516,1.37308,-0.00804,-0.00002,-0.00906,0.08164,60.00000,60.00000,159.76484,0.00000,0.11267,0.00091,1.00000,1.00000,0.00000,0.00000,none
13.36250,89.98340,80.23695,1.37283,-0.00804,-0.00002,-0.00871,0.08206,60.00000,60.00000,159.76305,0.00000,0.11267,0.00087,1.00000,1.00000,0.00000,0.00000,none
13.36667,89.98341,80.23874,1.37257,-0.00804,-0.00002,-0.00837,0.08246,60.00000,60.00000,159.76126,0.00000,0.11268,0.00084,1.00000,1.00000,0.00000,0.00000,none
13.37083,89.98341,80.24053,1.37231,-0.00804,-0.00002,-0.00803,0.08284,60.00000,60.00000,159.75947,0.00000,0.11269,0.00080,1.00000,1.00000,0.00000,0.00000,none
13.37500,89.98341,80.24232,1.37206,-0.00804,-0.00002,-0.00768,0.08320,60.00000,60.00000,159.75768,0.00000,0.11269,0.00077,1.00000,1.00000,0.00000,0.00000,none
13.37917,89.98342,80.24411,1.37180,-0.00804,-0.00002,-0.00733,0.08353,60.00000,60.00000,159.75589,0.00000,0.11270,0.00073,1.00000,1.00000,0.00000,0.00000,none
13.38333,89.98342,80.24589,1.37154,-0.00804,-0.00002,-0.00699,0.08384,60.00000,60.00000,159.75411,0.00000,0.11270,0.00070,1.00000,1.00000,0.00000,0.00000,none
13.38750,89.98343,80.24768,1.37129,-0.00804,-0.00002,-0.00664,0.08413,60.00000,60.00000,159.75232,0.00000,0.11271,0.00066,1.00000,1.00000,0.00000,0.00000,none
13.39167,89.98343,80.24946,1.37103,-0.00804,-0.00002,-0.00628,0.08440,60.00000,60.00000,159.75054,0.00000,0.11271,0.00063,1.00000,1.00000,0.00000,0.00000,none
13.39583,89.98344,80.25125,1.37078,-0.00804,-0.00002,-0.00593,0.08464,60.00000,60.00000,159.74875,0.00000,0.11272,0.00059,1.00000,1.00000,0.00000,0.00000,none
13.40000,89.98344,80.25303,1.37052,-0.00805,-0.00002,-0.00558,0.08486,60.00000,60.00000,159.74697,0.00000,0.11272,0.00056,1.00000,1.00000,0.00000,0.00000,none
13.40417,89.98344,80.25482,1.37027,-0.00805,-0.00002,-0.00523,0.08506,60.00000,60.00000,159.74518,0.00000,0.11273,0.00052,1.00000,1.00000,0.00000,0.00000,none
13.40833,89.98345,80.25660,1.37001,-0.00805,-0.00002,-0.00487,0.08523,60.00000,60.00000,159.74340,0.00000,0.11273,0.00049,1.00000,1.00000,0.00000,0.00000,none
13.41250,89.98345,80.25838,1.36975,-0.00805,-0.00002,-0.00451,0.08538,60.00000,60.00000,159.74162,0.00000,0.11274,0.00045,1.00000,1.00000,0.00000,0.00000,none
13.41667,89.98346,80.26017,1.36950,-0.00805,-0.00002,-0.00416,0.08551,60.00000,60.00000,159.73983,0.00000,0.11274,0.00042,1.00000,1.00000,0.00000,0.00000,none
13.42083,89.98346,80.26195,1.36924,-0.00805,-0.00002,-0.00380,0.08562,60.00000,60.00000,159.73805,0.00000,0.11275,0.00038,1.00000,1.00000,0.00000,0.00000,none
13.42500,89.98346,80.26373,1.36899,-0.00805,-0.00002,-0.00345,0.08570,60.00000,60.00000,159.73627,0.00000,0.11275,0.00034,1.00000,1.00000,0.00000,0.00000,none
13.42917,89.98347,80.26551,1.36873,-0.00805,-0.00002,-0.00309,0.08577,60.00000,60.00000,159.73449,0.00000,0.11276,0.00031,1.00000,1.00000,0.00000,0.00000,none
13.43333,89.98347,80.26729,1.36848,-0.00805,-0.00002,-0.00273,0.08580,60.00000,60.00000,159.73271,0.00000,0.11276,0.00027,1.00000,1.00000,0.00000,0.00000,none
13.43750,89.98348,80.26907,1.36822,-0.00806,-0.00002,-0.00237,0.08582,60.00000,60.00000,159.73093,0.00000,0.11277,0.00024,1.00000,1.00000,0.00000,0.00000,none
13.44167,89.98348,80.27084,1.36797,-0.00806,-0.00002,-0.00202,0.08582,60.00000,60.00000,159.72916,0.00000,0.11277,0.00020,1.00000,1.00000,0.00000,0.00000,none
13.44583,89.98349,80.27262,1.36771,-0.00806,-0.00002,-0.00166,0.08579,60.00000,60.00000,159.72738,0.00000,0.11278,0.00017,1.00000,1.00000,0.00000,0.00000,none
13.45000,89.98349,80.27440,1.36746,-0.00806,-0.00002,-0.00130,0.08574,60.00000,60.00000,159.72560,0.00000,0.11278,0.00013,1.00000,1.00000,0.00000,0.00000,none
13.45417,89.98350,80.27617,1.36720,-0.00806,-0.00002,-0.00094,0.08567,60.00000,60.00000,159.72383,0.00000,0.11279,0.00009,1.00000,1.00000,0.00000,0.00000,none
13.45833,89.98350,80.27795,1.36695,-0.00806,-0.00002,-0.00059,0.08557,60.00000,60.00000,159.72205,0.00000,0.11279,0.00006,1.00000,1.00000,0.00000,0.00000,none
13.46250,89.98350,80.27972,1.36669,-0.00806,-0.00002,-0.00023,0.08546,60.00000,60.00000,159.72028,0.00000,0.11280,0.00002,1.00000,1.00000,0.00000,0.00000,none
13.46667,89.98351,80.28150,1.36644,-0.00806,-0.00002,0.00013,0.08532,60.00000,60.00000,159.71850,0.00000,0.11280,0.00001,1.00000,1.00000,0.00000,0.00000,none
13.47083,89.98351,80.28327,1.36619,-0.00806,-0.00002,0.00048,0.08517,60.00000,60.00000,159.71673,0.00000,0.11281,0.00004,1.00000,1.00000,0.00000,0.00000,none
13.47500,89.98352,80.28504,1.36593,-0.00806,-0.00002,0.00083,0.08502,60.00000,60.00000,159.71496,0.00000,0.11281,0.00007,1.00000,1.00000,0.00000,0.00000,none
13.47917,89.98352,80.28682,1.36568,-0.00807,-0.00002,0.00119,0.08487,60.00000,60.00000,159.71318,0.00000,0.11282,0.00010,1.00000,1.00000,0.00000,0.00000,none
13.48333,89.98353,80.28859,1.36542,-0.00807,-0.00002,0.00154,0.08470,60.00000,60.00000,159.71141,0.00000,0.11282,0.00013,1.00000,1.00000,0.00000,0.00000,none
13.48750,89.98353,80.29036,1.36517,-0.00807,-0.00002,0.00189,0.08454,60.00000,60.00000,159.70964,0.00000,0.11283,0.00016,1.00000,1.00000,0.00000,0.00000,none
13.49167,89.98354,80.29213,1.36492,-0.00807,-0.00002,0.00225,0.08437,60.00000,60.00000,159.70787,0.00000,0.11283,0.00019,1.00000,1.00000,0.00000,0.00000,none
13.49583,89.98354,80.29390,1.36466,-0.00807,-0.00002,0.00260,0.08419,60.00000,60.00000,159.70610,0.00000,0.11284,0.00022,1.00000,1.00000,0.00000,0.00000,none
13.50000,89.98354,80.29567,1.36441,-0.00807,-0.00002,0.00295,0.08401,60.00000,60.00000,159.70433,0.00000,0.11284,0.00025,1.00000,1.00000,0.00000,0.00000,none
13.50417,89.98355,80.29744,1.36416,-0.00807,-0.00002,0.00330,0.08382,60.00000,60.00000,159.70256,0.00000,0.11285,0.00027,1.00000,1.00000,0.00000,0.00000,none
13.50833,89.98355,80.29920,1.36390,-0.00807,-0.00002,0.00365,0.08363,60.00000,60.00000,159.70080,0.00000,0.11285,0.00030,1.00000,1.00000,0.00000,0.00000,none
13.51250,89.98356,80.30097,1.36365,-0.00807,-0.00002,0.00399,0.08343,60.00000,60.00000,159.69903,0.00000,0.11286,0.00033,1.00000,1.00000,0.00000,0.00000,none
13.51667,89.98356,80.30274,1.36340,-0.00807,-0.00002,0.00434,0.08323,60.00000,60.00000,159.69726,0.00000,0.11286,0.00036,1.00000,1.00000,0.00000,0.00000,none
13.52083,89.98357,80.30450,1.36314,-0.00808,-0.00002,0.00469,0.08302,60.00000,60.00000,159.69550,0.00000,0.11287,0.00039,1.00000,1.00000,0.00000,0.00000,none
13.52500,89.98357,80.30627,1.36289,-0.00808,-0.00002,0.00503,0.08281,60.00000,60.00000,159.69373,0.00000,0.11288,0.00042,1.00000,1.00000,0.00000,0.00000,none
13.52917,89.98358,80.30803,1.36264,-0.00808,-0.00002,0.00538,0.08259,60.00000,60.00000,159.69197,0.00000,0.11288,0.00045,1.00000,1.00000,0.00000,0.00000,none
13.53333,89.98358,80.30980,1.36239,-0.00808,-0.00002,0.00572,0.08237,60.00000,60.00000,159.69020,0.00000,0.11289,0.00048,1.00000,1.00000,0.00000,0.00000,none
13.53750,89.98359,80.31156,1.36213,-0.00808,-0.00002,0.00606,0.08214,60.00000,60.00000,159.68844,0.00000,0.11289,0.00051,1.00000,1.00000,0.00000,0.00000,none
13.54167,89.98359,80.31332,1.36188,-0.00808,-0.00002,0.00641,0.08191,60.00000,60.00000,159.68668,0.00000,0.11290,0.00053,1.00000,1.00000,0.00000,0.00000,none
13.54583,89.98360,80.31509,1.36163,-0.00808,-0.00002,0.00675,0.08167,60.00000,60.00000,159.68491,0.00000,0.11290,0.00056,1.00000,1.00000,0.00000,0.00000,none
13.55000,89.98360,80.31685,1.36137,-0.00808,-0.00002,0.00709,0.08143,60.00000,60.00000,159.68315,0.00000,0.11291,0.00059,1.00000,1.00000,0.00000,0.00000,none
13.55417,89.98360,80.31861,1.36112,-0.00808,-0.00002,0.00743,0.08118,60.00000,60.00000,159.68139,0.00000,0.11291,0.00062,1.00000,1.00000,0.00000,0.00000,none
13.55833,89.98361,80.32037,1.36087,-0.00808,-0.00002,0.00776,0.08093,60.00000,60.00000,159.67963,0.00000,0.11292,0.00065,1.00000,1.00000,0.00000,0.00000,none
13.56250,89.98361,80.32213,1.36062,-0.00809,-0.00002,0.00810,0.08067,60.00000,60.00000,159.67787,0.00000,0.11292,0.00068,1.00000,1.00000,0.00000,0.00000,none
13.56667,89.98362,80.32389,1.36037,-0.00809,-0.00002,0.00844,0.08041,60.00000,60.00000,159.67611,0.00000,0.11293,0.00070,1.00000,1.00000,0.00000,0.00000,none
13.57083,89.98362,80.32565,1.36011,-0.00809,-0.00002,0.00877,0.08015,60.00000,60.00000,159.67435,0.00000,0.11293,0.00073,1.00000,1.00000,0.00000,0.00000,none
13.57500,89.98363,80.32740,1.35986,-0.00809,-0.00002,0.00910,0.07988,60.00000,60.00000,159.67260,0.00000,0.11294,0.00076,1.00000,1.00000,0.00000,0.00000,none
13.57917,89.98363,80.32916,1.35961,-0.00809,-0.00002,0.00944,0.07960,60.00000,60.00000,159.67084,0.00000,0.11294,0.00079,1.00000,1.00000,0.00000,0.00000,none
13.58333,89.98364,80.33092,1.35936,-0.00809,-0.00002,0.00977,0.07932,60.00000,60.00000,159.66908,0.00000,0.11295,0.00081,1.00000,1.00000,0.00000,0.00000,none
13.58750,89.98364,80.33267,1.35911,-0.00809,-0.00002,0.01010,0.07904,60.00000,60.00000,159.66733,0.00000,0.11295,0.00084,1.00000,1.00000,0.00000,0.00000,none
13.59167,89.98365,80.33443,1.35886,-0.00809,-0.00002,0.01043,0.07875,60.00000,60.00000,159.66557,0.00000,0.11296,0.00087,1.00000,1.00000,0.00000,0.00000,none
13.59583,89.98365,80.33618,1.35861,-0.00809,-0.00002,0.01075,0.07846,60.00000,60.00000,159.66382,0.00000,0.11296,0.00090,1.00000,1.00000,0.00000,0.00000,none
13.60000,89.98366,80.33794,1.35835,-0.00809,-0.00002,0.01108,0.07816,60.00000,60.00000,159.66206,0.00000,0.11297,0.00092,1.00000,1.00000,0.00000,0.00000,none
13.60417,89.98366,80.33969,1.35810,-0.00810,-0.00002,0.01140,0.07786,60.00000,60.00000,159.66031,0.00000,0.11297,0.00095,1.00000,1.00000,0.00000,0.00000,none
13.60833,89.98367,80.34144,1.35785,-0.00810,-0.00002,0.01173,0.07756,60.00000,60.00000,159.65856,0.00000,0.11298,0.00098,1.00000,1.00000,0.00000,0.00000,none
13.61250,89.98367,80.34319,1.35760,-0.00810,-0.00002,0.01205,0.07725,60.00000,60.00000,159.65681,0.00000,0.11298,0.00100,1.00000,1.00000,0.00000,0.00000,none
13.61667,89.98368,80.34494,1.35735,-0.00810,-0.00002,0.01237,0.07693,60.00000,60.00000,159.65506,0.00000,0.11299,0.00103,1.00000,1.00000,0.00000,0.00000,none
13.62083,89.98368,80.34670,1.35710,-0.00810,-0.00002,0.01269,0.07661,60.00000,60.00000,159.65330,0.00000,0.11299,0.00106,1.00000,1.00000,0.00000,0.00000,none
13.62500,89.98369,80.34845,1.35685,-0.00810,-0.00002,0.01301,0.07629,60.00000,60.00000,159.65155,0.00000,0.11300,0.00108,1.00000,1.00000,0.00000,0.00000,none
13.62917,89.98369,80.35020,1.35660,-0.00810,-0.00002,0.01333,0.07596,60.00000,60.00000,159.64980,0.00000,0.11300,0.00111,1.00000,1.00000,0.00000,0.00000,none
13.63333,89.98370,80.35194,1.35635,-0.00810,-0.00002,0.01364,0.07563,60.00000,60.00000,159.64806,0.00000,0.11301,0.00114,1.00000,1.00000,0.00000,0.00000,none
13.63750,89.98370,80.35369,1.35610,-0.00810,-0.00002,0.01396,0.07530,60.00000,60.00000,159.64631,0.00000,0.11301,0.00116,1.00000,1.00000,0.00000,0.00000,none
13.64167,89.98370,80.35544,1.35585,-0.00810,-0.00002,0.01427,0.07496,60.00000,60.00000,159.64456,0.00000,0.11302,0.00119,1.00000,1.00000,0.00000,0.00000,none
13.64583,89.98371,80.35719,1.35560,-0.00811,-0.00002,0.01458,0.07462,60.00000,60.00000,159.64281,0.00000,0.11302,0.00122,1.00000,1.00000,0.00000,0.00000,none
13.65000,89.98371,80.35893,1.35535,-0.00811,-0.00002,0.01489,0.07427,60.00000,60.00000,159.64107,0.00000,0.11303,0.00124,1.00000,1.00000,0.00000,0.00000,none
13.65417,89.98372,80.36068,1.35510,-0.00811,-0.00002,0.01520,0.07392,60.00000,60.00000,159.63932,0.00000,0.11303,0.00127,1.00000,1.00000,0.00000,0.00000,none
13.65833,89.98372,80.36242,1.35485,-0.00811,-0.00002,0.01551,0.07356,60.00000,60.00000,159.63758,0.00000,0.11304,0.00129,1.00000,1.00000,0.00000,0.00000,none
13.66250,89.98373,80.36417,1.35460,-0.00811,-0.00002,0.01581,0.07320,60.00000,60.00000,159.63583,0.00000,0.11304,0.00132,1.00000,1.00000,0.00000,0.00000,none
13.66667,89.98373,80.36591,1.35435,-0.00811,-0.00002,0.01612,0.07284,60.00000,60.00000,159.63409,0.00000,0.11305,0.00134,1.00000,1.00000,0.00000,0.00000,none
13.67083,89.98374,80.36766,1.35410,-0.00811,-0.00002,0.01642,0.07247,60.00000,60.00000,159.63234,0.00000,0.11305,0.00137,1.00000,1.00000,0.00000,0.00000,none
13.67500,89.98374,80.36940,1.35385,-0.00811,-0.00002,0.01672,0.07210,60.00000,60.00000,159.63060,0.00000,0.11306,0.00139,1.00000,1.00000,0.00000,0.00000,none
13.67917,89.98375,80.37114,1.35360,-0.00811,-0.00002,0.01702,0.07173,60.00000,60.00000,159.62886,0.00000,0.11306,0.00142,1.00000,1.00000,0.00000,0.00000,none
13.68333,89.98375,80.37288,1.35335,-0.00811,-0.00002,0.01732,0.07135,60.00000,60.00000,159.62712,0.00000,0.11307,0.00144,1.00000,1.00000,0.00000,0.00000,none
13.68750,89.98376,80.37462,1.35310,-0.00812,-0.00002,0.01762,0.07097,60.00000,60.00000,159.62538,0.00000,0.11307,0.00147,1.00000,1.00000,0.00000,0.00000,none
13.69167,89.98376,80.37636,1.35285,-0.00812,-0.00002,0.01791,0.07059,60.00000,60.00000,159.62364,0.00000,0.11308,0.00149,1.00000,1.00000,0.00000,0.00000,none
13.69583,89.98377,80.37810,1.35260,-0.00812,-0.00002,0.01821,0.07020,60.00000,60.00000,159.62190,0.00000,0.11308,0.00152,1.00000,1.00000,0.00000,0.00000,none
13.70000,89.98377,80.37984,1.35235,-0.00812,-0.00002,0.01850,0.06981,60.00000,60.00000,159.62016,0.00000,0.11309,0.00154,1.00000,1.00000,0.00000,0.00000,none
13.70417,89.98378,80.38158,1.35210,-0.00812,-0.00002,0.01879,0.06941,60.00000,60.00000,159.61842,0.00000,0.11309,0.00157,1.00000,1.00000,0.00000,0.00000,none
13.70833,89.98378,80.38332,1.35185,-0.00812,-0.00002,0.01908,0.06901,60.00000,60.00000,159.61668,0.00000,0.11310,0.00159,1.00000,1.00000,0.00000,0.00000,none
13.71250,89.98379,80.38505,1.35161,-0.00812,-0.00002,0.01936,0.06861,60.00000,60.00000,159.61495,0.00000,0.11310,0.00161,1.00000,1.00000,0.00000,0.00000,none
13.71667,89.98379,80.38679,1.35136,-0.00812,-0.00002,0.01965,0.06820,60.00000,60.00000,159.61321,0.00000,0.11311,0.00164,1.00000,1.00000,0.00000,0.00000,none
13.72083,89.98380,80.38853,1.35111,-0.00812,-0.00002,0.01993,0.06779,60.00000,60.00000,159.61147,0.00000,0.11311,0.00166,1.00000,1.00000,0.00000,0.00000,none
13.72500,89.98380,80.39026,1.35086,-0.00812,-0.00002,0.02021,0.06738,60.00000,60.00000,159.60974,0.00000,0.11312,0.00168,1.00000,1.00000,0.00000,0.00000,none
13.72917,89.98381,80.39200,1.35061,-0.00813,-0.00002,0.02049,0.06696,60.00000,60.00000,159.60800,0.00000,0.11313,0.00171,1.00000,1.00000,0.00000,0.00000,none
13.73333,89.98381,80.39373,1.35036,-0.00813,-0.00002,0.02077,0.06655,60.00000,60.00000,159.60627,0.00000,0.11313,0.00173,1.00000,1.00000,0.00000,0.00000,none
13.73750,89.98382,80.39546,1.35012,-0.00813,-0.00002,0.02105,0.06612,60.00000,60.00000,159.60454,0.00000,0.11314,0.00175,1.00000,1.00000,0.00000,0.00000,none
13.74167,89.98382,80.39720,1.34987,-0.00813,-0.00002,0.02132,0.06570,60.00000,60.00000,159.60280,0.00000,0.11314,0.00178,1.00000,1.00000,0.00000,0.00000,none
13.74583,89.98383,80.39893,1.34962,-0.00813,-0.00002,0.02159,0.06527,60.00000,60.00000,159.60107,0.00000,0.11315,0.00180,1.00000,1.00000,0.00000,0.00000,none
13.75000,89.98383,80.40066,1.34937,-0.00813,-0.00002,0.02186,0.06484,60.00000,60.00000,159.59934,0.00000,0.11315,0.00182,1.00000,1.00000,0.00000,0.00000,none
13.75417,89.98384,80.40239,1.34912,-0.00813,-0.00002,0.02213,0.06440,60.00000,60.00000,159.59761,0.00000,0.11316,0.00184,1.00000,1.00000,0.00000,0.00000,none
13.75833,89.98384,80.40412,1.34888,-0.00813,-0.00002,0.02240,0.06396,60.00000,60.00000,159.59588,0.00000,0.11316,0.00187,1.00000,1.00000,0.00000,0.00000,none
13.76250,89.98385,80.40585,1.34863,-0.00813,-0.00002,0.02267,0.06352,60.00000,60.00000,159.59415,0.00000,0.11317,0.00189,1.00000,1.00000,0.00000,0.00000,none
13.76667,89.98385,80.40758,1.34838,-0.00814,-0.00002,0.02293,0.06308,60.00000,60.00000,159.59242,0.00000,0.11317,0.00191,1.00000,1.00000,0.00000,0.00000,none
13.77083,89.98386,80.40931,1.34813,-0.00814,-0.00002,0.02319,0.06263,60.00000,60.00000,159.59069,0.00000,0.11318,0.00193,1.00000,1.00000,0.00000,0.00000,none
13.77500,89.98386,80.41103,1.34789,-0.00814,-0.00002,0.02345,0.06218,60.00000,60.00000,159.58897,0.00000,0.11318,0.00195,1.00000,1.00000,0.00000,0.00000,none
13.77917,89.98387,80.41276,1.34764,-0.00814,-0.00002,0.02371,0.06173,60.00000,60.00000,159.58724,0.00000,0.11319,0.00198,1.00000,1.00000,0.00000,0.00000,none
13.78333,89.98387,80.41449,1.34739,-0.00814,-0.00002,0.02397,0.06128,60.00000,60.00000,159.58551,0.00000,0.11319,0.00200,1.00000,1.00000,0.00000,0.00000,none
13.78750,89.98388,80.41621,1.34714,-0.00814,-0.00002,0.02422,0.06082,60.00000,60.00000,159.58379,0.00000,0.11320,0.00202,1.00000,1.00000,0.00000,0.00000,none
13.79167,89.98388,80.41794,1.34690,-0.00814,-0.00002,0.02447,0.06036,60.00000,60.00000,159.58206,0.00000,0.11320,0.00204,1.00000,1.00000,0.00000,0.00000,none
13.79583,89.98389,80.41966,1.34665,-0.00814,-0.00002,0.02472,0.05989,60.00000,60.00000,159.58034,0.00000,0.11321,0.00206,1.00000,1.00000,0.00000,0.00000,none
13.80000,89.98389,80.42139,1.34640,-0.00814,-0.00002,0.02497,0.05943,60.00000,60.00000,159.57861,0.00000,0.11321,0.00208,1.00000,1.00000,0.00000,0.00000,none
13.80417,89.98390,80.42311,1.34616,-0.00814,-0.00002,0.02522,0.05896,60.00000,60.00000,159.57689,0.00000,0.11322,0.00210,1.00000,1.00000,0.00000,0.00000,none
13.80833,89.98390,80.42483,1.34591,-0.00815,-0.00002,0.02546,0.05849,60.00000,60.00000,159.57517,0.00000,0.11322,0.00212,1.00000,1.00000,0.00000,0.00000,none
13.81250,89.98391,80.42656,1.34566,-0.00815,-0.00002,0.02571,0.05801,60.00000,60.00000,159.57344,0.00000,0.11323,0.00214,1.00000,1.00000,0.00000,0.00000,none
13.81667,89.98391,80.42828,1.34542,-0.00815,-0.00002,0.02595,0.05754,60.00000,60.00000,159.57172,0.00000,0.11323,0.00216,1.00000,1.00000,0.00000,0.00000,none
13.82083,89.98392,80.43000,1.34517,-0.00815,-0.00002,0.02619,0.05706,60.00000,60.00000,159.57000,0.00000,0.11324,0.00218,1.00000,1.00000,0.00000,0.00000,none
13.82500,89.98392,80.43172,1.34493,-0.00815,-0.00002,0.02642,0.05658,60.00000,60.00000,159.56828,0.00000,0.11324,0.00220,1.00000,1.00000,0.00000,0.00000,none
13.82917,89.98393,80.43344,1.34468,-0.00815,-0.00002,0.02666,0.05610,60.00000,60.00000,159.56656,0.00000,0.11325,0.00222,1.00000,1.00000,0.00000,0.00000,none
13.83333,89.98393,80.43516,1.34443,-0.00815,-0.00002,0.02689,0.05561,60.00000,60.00000,159.56484,0.00000,0.11325,0.00224,1.00000,1.00000,0.00000,0.00000,none
13.83750,89.98394,80.43688,1.34419,-0.00815,-0.00002,0.02712,0.05512,60.00000,60.00000,159.56312,0.00000,0.11326,0.00226,1.00000,1.00000,0.00000,0.00000,none
13.84167,89.98394,80.43859,1.34394,-0.00815,-0.00002,0.02735,0.05463,60.00000,60.00000,159.56141,0.00000,0.11326,0.00228,1.00000,1.00000,0.00000,0.00000,none
13.84583,89.98395,80.44031,1.34370,-0.00815,-0.00002,0.02758,0.05414,60.00000,60.00000,159.55969,0.00000,0.11327,0.00230,1.00000,1.00000,0.00000,0.00000,none
13.85000,89.98395,80.44203,1.34345,-0.00816,-0.00002,0.02780,0.05365,60.00000,60.00000,159.55797,0.00000,0.11327,0.00232,1.00000,1.00000,0.00000,0.00000,none
13.85417,89.98396,80.44374,1.34320,-0.00816,-0.00002,0.02802,0.05315,60.00000,60.00000,159.55626,0.00000,0.11328,0.00234,1.00000,1.00000,0.00000,0.00000,none
13.85833,89.98396,80.44546,1.34296,-0.00816,-0.00002,0.02824,0.05265,60.00000,60.00000,159.55454,0.00000,0.11328,0.00235,1.00000,1.00000,0.00000,0.00000,none
13.86250,89.98397,80.44718,1.34271,-0.00816,-0.00002,0.02846,0.05215,60.00000,60.00000,159.55282,0.00000,0.11329,0.00237,1.00000,1.00000,0.00000,0.00000,none
13.86667,89.98397,80.44889,1.34247,-0.00816,-0.00002,0.02868,0.05165,60.00000,60.00000,159.55111,0.00000,0.11329,0.00239,1.00000,1.00000,0.00000,0.00000,none
13.87083,89.98398,80.45060,1.34222,-0.00816,-0.00002,0.02889,0.05114,60.00000,60.00000,159.54940,0.00000,0.11330,0.00241,1.00000,1.00000,0.00000,0.00000,none
13.87500,89.98398,80.45232,1.34198,-0.00816,-0.00002,0.02911,0.05064,60.00000,60.00000,159.54768,0.00000,0.11330,0.00243,1.00000,1.00000,0.00000,0.00000,none
13.87917,89.98399,80.45403,1.34173,-0.00816,-0.00002,0.02932,0.05013,60.00000,60.00000,159.54597,0.00000,0.11331,0.00244,1.00000,1.00000,0.00000,0.00000,none
13.88333,89.98399,80.45574,1.34149,-0.00816,-0.00002,0.02952,0.04962,60.00000,60.00000,159.54426,0.00000,0.11331,0.00246,1.00000,1.00000,0.00000,0.00000,none
13.88750,89.98400,80.45745,1.34124,-0.00816,-0.00002,0.02973,0.04911,60.00000,60.00000,159.54255,0.00000,0.11332,0.00248,1.00000,1.00000,0.00000,0.00000,none
13.89167,89.98401,80.45916,1.34100,-0.00817,-0.00002,0.02993,0.04859,60.00000,60.00000,159.54084,0.00000,0.11332,0.00249,1.00000,1.00000,0.00000,0.00000,none
13.89583,89.98401,80.46087,1.34075,-0.00817,-0.00002,0.03013,0.04808,60.00000,60.00000,159.53913,0.00000,0.11333,0.00251,1.00000,1.00000,0.00000,0.00000,none
13.90000,89.98402,80.46258,1.34051,-0.00817,-0.00002,0.03033,0.04756,60.00000,60.00000,159.53742,0.00000,0.11333,0.00253,1.00000,1.00000,0.00000,0.00000,none
13.90417,89.98402,80.46429,1.34026,-0.00817,-0.00002,0.03053,0.04704,60.00000,60.00000,159.53571,0.00000,0.11334,0.00254,1.00000,1.00000,0.00000,0.00000,none
13.90833,89.98403,80.46600,1.34002,-0.00817,-0.00002,0.03072,0.04652,60.00000,60.00000,159.53400,0.00000,0.11334,0.00256,1.00000,1.00000,0.00000,0.00000,none
13.91250,89.98403,80.46771,1.33977,-0.00817,-0.00002,0.03092,0.04600,60.00000,60.00000,159.53229,0.00000,0.11335,0.00258,1.00000,1.00000,0.00000,0.00000,none
13.91667,89.98404,80.46941,1.33953,-0.00817,-0.00002,0.03111,0.04548,60.00000,60.00000,159.53059,0.00000,0.11335,0.00259,1.00000,1.00000,0.00000,0.00000,none
13.92083,89.98404,80.47112,1.33929,-0.00817,-0.00002,0.03130,0.04495,60.00000,60.00000,159.52888,0.00000,0.11336,0.00261,1.00000,1.00000,0.00000,0.00000,none
13.92500,89.98405,80.47283,1.33904,-0.00817,-0.00002,0.03148,0.04443,60.00000,60.00000,159.52717,0.00000,0.11336,0.00262,1.00000,1.00000,0.00000,0.00000,none
13.92917,89.98405,80.47453,1.33880,-0.00817,-0.00002,0.03167,0.04390,60.00000,60.00000,159.52547,0.00000,0.11337,0.00264,1.00000,1.00000,0.00000,0.00000,none
13.93333,89.98406,80.47624,1.33855,-0.00818,-0.00002,0.03185,0.04337,60.00000,60.00000,159.52376,0.00000,0.11337,0.00265,1.00000,1.00000,0.00000,0.00000,none
13.93750,89.98406,80.47794,1.33831,-0.00818,-0.00002,0.03203,0.04284,60.00000,60.00000,159.52206,0.00000,0.11338,0.00267,1.00000,1.00000,0.00000,0.00000,none
13.94167,89.98407,80.47964,1.33807,-0.00818,-0.00002,0.03221,0.04231,60.00000,60.00000,159.52036,0.00000,0.11338,0.00268,1.00000,1.00000,0.00000,0.00000,none
13.94583,89.98407,80.48135,1.33782,-0.00818,-0.00002,0.03238,0.04178,60.00000,60.00000,159.51865,0.00000,0.11339,0.00270,1.00000,1.00000,0.00000,0.00000,none
13.95000,89.98408,80.48305,1.33758,-0.00818,-0.00002,0.03255,0.04124,60.00000,60.00000,159.51695,0.00000,0.11339,0.00271,1.00000,1.00000,0.00000,0.00000,none
13.95417,89.98408,80.48475,1.33734,-0.00818,-0.00002,0.03272,0.04071,60.00000,60.00000,159.51525,0.00000,0.11340,0.00273,1.00000,1.00000,0.00000,0.00000,none
13.95833,89.98409,80.48645,1.33709,-0.00818,-0.00002,0.03289,0.04017,60.00000,60.00000,159.51355,0.00000,0.11340,0.00274,1.00000,1.00000,0.00000,0.00000,none
13.96250,89.98409,80.48815,1.33685,-0.00818,-0.00002,0.03306,0.03963,60.00000,60.00000,159.51185,0.00000,0.11341,0.00275,1.00000,1.00000,0.00000,0.00000,none
13.96667,89.98410,80.48985,1.33661,-0.00818,-0.00002,0.03322,0.03909,60.00000,60.00000,159.51015,0.00000,0.11341,0.00277,1.00000,1.00000,0.00000,0.00000,none
13.97083,89.98410,80.49155,1.33636,-0.00818,-0.00002,0.03338,0.03856,60.00000,60.00000,159.50845,0.00000,0.11342,0.00278,1.00000,1.00000,0.00000,0.00000,none
13.97500,89.98411,80.49325,1.33612,-0.00819,-0.00002,0.03354,0.03802,60.00000,60.00000,159.50675,0.00000,0.11342,0.00280,1.00000,1.00000,0.00000,0.00000,none
13.97917,89.98411,80.49495,1.33588,-0.00819,-0.00002,0.03370,0.03747,60.00000,60.00000,159.50505,0.00000,0.11343,0.00281,1.00000,1.00000,0.00000,0.00000,none
13.98333,89.98412,80.49664,1.33563,-0.00819,-0.00002,0.03386,0.03693,60.00000,60.00000,159.50336,0.00000,0.11343,0.00282,1.00000,1.00000,0.00000,0.00000,none
13.98750,89.98412,80.49834,1.33539,-0.00819,-0.00002,0.03401,0.03639,60.00000,60.00000,159.50166,0.00000,0.11344,0.00283,1.00000,1.00000,0.00000,0.00000,none
13.99167,89.98413,80.50004,1.33515,-0.00819,-0.00002,0.03416,0.03585,60.00000,60.00000,159.49996,0.00000,0.11344,0.00285,1.00000,1.00000,0.00000,0.00000,none
13.99583,89.98413,80.50173,1.33491,-0.00819,-0.00002,0.03431,0.03530,60.00000,60.00000,159.49827,0.00000,0.11345,0.00286,1.00000,1.00000,0.00000,0.00000,none
14.00000,89.98414,80.50343,1.33466,-0.00819,-0.00002,0.03445,0.03476,60.00000,60.00000,159.49657,0.00000,0.11345,0.00287,1.00000,1.00000,0.00000,0.00000,none
14.00417,89.98414,80.50512,1.33442,-0.00819,-0.00002,0.03460,0.03421,60.00000,60.00000,159.49488,0.00000,0.11346,0.00288,1.00000,1.00000,0.00000,0.00000,none
14.00833,89.98415,80.50682,1.33418,-0.00819,-0.00002,0.03474,0.03366,60.00000,60.00000,159.49318,0.00000,0.11346,0.00289,1.00000,1.00000,0.00000,0.00000,none
14.01250,89.98415,80.50851,1.33394,-0.00819,-0.00002,0.03488,0.03312,60.00000,60.00000,159.49149,0.00000,0.11347,0.00291,1.00000,1.00000,0.00000,0.00000,none
14.01667,89.98416,80.51020,1.33369,-0.00820,-0.00002,0.03502,0.03257,60.00000,60.00000,159.48980,0.00000,0.11347,0.00292,1.00000,1.00000,0.00000,0.00000,none
14.02083,89.98416,80.51189,1.33345,-0.00820,-0.00002,0.03515,0.03202,60.00000,60.00000,159.48811,0.00000,0.11348,0.00293,1.00000,1.00000,0.00000,0.00000,none
14.02500,89.98417,80.51359,1.33321,-0.00820,-0.00002,0.03528,0.03147,60.00000,60.00000,159.48641,0.00000,0.11348,0.00294,1.00000,1.00000,0.00000,0.00000,none
14.02917,89.98418,80.51528,1.33297,-0.00820,-0.00002,0.03541,0.03092,60.00000,60.00000,159.48472,0.00000,0.11349,0.00295,1.00000,1.00000,0.00000,0.00000,none
14.03333,89.98418,80.51697,1.33273,-0.00820,-0.00002,0.03554,0.03037,60.00000,60.00000,159.48303,0.00000,0.11349,0.00296,1.00000,1.00000,0.00000,0.00000,none
14.03750,89.98419,80.51866,1.33249,-0.00820,-0.00002,0.03567,0.02982,60.00000,60.00000,159.48134,0.00000,0.11350,0.00297,1.00000,1.00000,0.00000,0.00000,none
14.04167,89.98419,80.52034,1.33224,-0.00820,-0.00002,0.03579,0.02927,60.00000,60.00000,159.47966,0.00000,0.11351,0.00298,1.00000,1.00000,0.00000,0.00000,none
14.04583,89.98420,80.52203,1.33200,-0.00820,-0.00002,0.03591,0.02872,60.00000,60.00000,159.47797,0.00000,0.11351,0.00299,1.00000,1.00000,0.00000,0.00000,none
14.05000,89.98420,80.52372,1.33176,-0.00820,-0.00002,0.03603,0.02817,60.00000,60.00000,159.47628,0.00000,0.11352,0.00300,1.00000,1.00000,0.00000,0.00000,none
14.05417,89.98421,80.52541,1.33152,-0.00820,-0.00002,0.03614,0.02762,60.00000,60.00000,159.47459,0.00000,0.11352,0.00301,1.00000,1.00000,0.00000,0.00000,none
14.05833,89.98421,80.52710,1.33128,-0.00821,-0.00002,0.03626,0.02707,60.00000,60.00000,159.47290,0.00000,0.11353,0.00302,1.00000,1.00000,0.00000,0.00000,none
14.06250,89.98422,80.52878,1.33104,-0.00821,-0.00002,0.03637,0.02652,60.00000,60.00000,159.47122,0.00000,0.11353,0.00303,1.00000,1.00000,0.00000,0.00000,none
14.06667,89.98422,80.53047,1.33080,-0.00821,-0.00002,0.03648,0.02597,60.00000,60.00000,159.46953,0.00000,0.11354,0.00304,1.00000,1.00000,0.00000,0.00000,none
14.07083,89.98423,80.53215,1.33056,-0.00821,-0.00002,0.03659,0.02542,60.00000,60.00000,159.46785,0.00000,0.11354,0.00305,1.00000,1.00000,0.00000,0.00000,none
14.07500,89.98423,80.53384,1.33031,-0.00821,-0.00002,0.03669,0.02487,60.00000,60.00000,159.46616,0.00000,0.11355,0.00306,1.00000,1.00000,0.00000,0.00000,none
14.07917,89.98424,80.53552,1.33007,-0.00821,-0.00002,0.03679,0.02432,60.00000,60.00000,159.46448,0.00000,0.11355,0.00307,1.00000,1.00000,0.00000,0.00000,none
14.08333,89.98424,80.53720,1.32983,-0.00821,-0.00002,0.03689,0.02376,60.00000,60.00000,159.46280,0.00000,0.11356,0.00307,1.00000,1.00000,0.00000,0.00000,none
14.08750,89.98425,80.53889,1.32959,-0.00821,-0.00002,0.03699,0.02321,60.00000,60.00000,159.46111,0.00000,0.11356,0.00308,1.00000,1.00000,0.00000,0.00000,none
14.09167,89.98425,80.54057,1.32935,-0.00821,-0.00002,0.03709,0.02266,60.00000,60.00000,159.45943,0.00000,0.11357,0.00309,1.00000,1.00000,0.00000,0.00000,none
14.09583,89.98426,80.54225,1.32911,-0.00821,-0.00002,0.03718,0.02211,60.00000,60.00000,159.45775,0.00000,0.11357,0.00310,1.00000,1.00000,0.00000,0.00000,none
14.10000,89.98426,80.54393,1.32887,-0.00822,-0.00002,0.03727,0.02156,60.00000,60.00000,159.45607,0.00000,0.11358,0.00311,1.00000,1.00000,0.00000,0.00000,none
14.10417,89.98427,80.54561,1.32863,-0.00822,-0.00002,0.03736,0.02101,60.00000,60.00000,159.45439,0.00000,0.11358,0.00311,1.00000,1.00000,0.00000,0.00000,none
14.10833,89.98427,80.54729,1.32839,-0.00822,-0.00002,0.03745,0.02046,60.00000,60.00000,159.45271,0.00000,0.11359,0.00312,1.00000,1.00000,0.00000,0.00000,none
14.11250,89.98428,80.54897,1.32815,-0.00822,-0.00002,0.03753,0.01991,60.00000,60.00000,159.45103,0.00000,0.11359,0.00313,1.00000,1.00000,0.00000,0.00000,none
14.11667,89.98428,80.55065,1.32791,-0.00822,-0.00002,0.03761,0.01936,60.00000,60.00000,159.44935,0.00000,0.11360,0.00313,1.00000,1.00000,0.00000,0.00000,none
14.12083,89.98429,80.55233,1.32767,-0.00822,-0.00002,0.03769,0.01881,60.00000,60.00000,159.44767,0.00000,0.11360,0.00314,1.00000,1.00000,0.00000,0.00000,none
14.12500,89.98430,80.55400,1.32743,-0.00822,-0.00002,0.03777,0.01826,60.00000,60.00000,159.44600,0.00000,0.11361,0.00315,1.00000,1.00000,0.00000,0.00000,none
14.12917,89.98430,80.55568,1.32719,-0.00822,-0.00002,0.03784,0.01771,60.00000,60.00000,159.44432,0.00000,0.11361,0.00315,1.00000,1.00000,0.00000,0.00000,none
14.13333,89.98431,80.55736,1.32695,-0.00822,-0.00002,0.03792,0.01716,60.00000,60.00000,159.44264,0.00000,0.11362,0.00316,1.00000,1.00000,0.00000,0.00000,none
14.13750,89.98431,80.55903,1.32671,-0.00822,-0.00002,0.03799,0.01662,60.00000,60.00000,159.44097,0.00000,0.11362,0.00317,1.00000,1.00000,0.00000,0.00000,none
14.14167,89.98432,80.56071,1.32647,-0.00823,-0.00002,0.03805,0.01607,60.00000,60.00000,159.43929,0.00000,0.11363,0.00317,1.00000,1.00000,0.00000,0.00000,none
14.14583,89.98432,80.56238,1.32623,-0.00823,-0.00002,0.03812,0.01552,60.00000,60.00000,159.43762,0.00000,0.11363,0.00318,1.00000,1.00000,0.00000,0.00000,none
14.15000,89.98433,80.56405,1.32599,-0.00823,-0.00002,0.03818,0.01498,60.00000,60.00000,159.43595,0.00000,0.11364,0.00318,1.00000,1.00000,0.00000,0.00000,none
14.15417,89.98433,80.56573,1.32575,-0.00823,-0.00002,0.03825,0.01443,60.00000,60.00000,159.43427,0.00000,0.11364,0.00319,1.00000,1.00000,0.00000,0.00000,none
14.15833,89.98434,80.56740,1.32551,-0.00823,-0.00002,0.03830,0.01389,60.00000,60.00000,159.43260,0.00000,0.11365,0.00319,1.00000,1.00000,0.00000,0.00000,none
14.16250,89.98434,80.56907,1.32528,-0.00823,-0.00002,0.03836,0.01335,60.00000,60.00000,159.43093,0.00000,0.11365,0.00320,1.00000,1.00000,0.00000,0.00000,none
14.16667,89.98435,80.57074,1.32504,-0.00823,-0.00002,0.03842,0.01280,60.00000,60.00000,159.42926,0.00000,0.11366,0.00320,1.00000,1.00000,0.00000,0.00000,none
14.17083,89.98435,80.57241,1.32480,-0.00823,-0.00002,0.03847,0.01226,60.00000,60.00000,159.42759,0.00000,0.11366,0.00321,1.00000,1.00000,0.00000,0.00000,none
14.17500,89.98436,80.57409,1.32456,-0.00823,-0.00002,0.03852,0.01172,60.00000,60.00000,159.42591,0.00000,0.11367,0.00321,1.00000,1.00000,0.00000,0.00000,none
14.17917,89.98436,80.57575,1.32432,-0.00824,-0.00002,0.03857,0.01118,60.00000,60.00000,159.42425,0.00000,0.11367,0.00321,1.00000,1.00000,0.00000,0.00000,none
14.18333,89.98437,80.57742,1.32408,-0.00824,-0.00002,0.03861,0.01064,60.00000,60.00000,159.42258,0.00000,0.11368,0.00322,1.00000,1.00000,0.00000,0.00000,none
14.18750,89.98437,80.57909,1.32384,-0.00824,-0.00002,0.03865,0.01010,60.00000,60.00000,159.42091,0.00000,0.11368,0.00322,1.00000,1.00000,0.00000,0.00000,none
14.19167,89.98438,80.58076,1.32360,-0.00824,-0.00002,0.03870,0.00956,60.00000,60.00000,159.41924,0.00000,0.11369,0.00322,1.00000,1.00000,0.00000,0.00000,none
14.19583,89.98438,80.58243,1.32337,-0.00824,-0.00002,0.03873,0.00903,60.00000,60.00000,159.41757,0.00000,0.11369,0.00323,1.00000,1.00000,0.00000,0.00000,none
14.20000,89.98439,80.58409,1.32313,-0.00824,-0.00002,0.03877,0.00849,60.00000,60.00000,159.41591,0.00000,0.11370,0.00323,1.00000,1.00000,0.00000,0.00000,none
14.20417,89.98439,80.58576,1.32289,-0.00824,-0.00002,0.03880,0.00796,60.00000,60.00000,159.41424,0.00000,0.11370,0.00323,1.00000,1.00000,0.00000,0.00000,none
14.20833,89.98440,80.58743,1.32265,-0.00824,-0.00002,0.03884,0.00742,60.00000,60.00000,159.41257,0.00000,0.11371,0.00324,1.00000,1.00000,0.00000,0.00000,none
14.21250,89.98441,80.58909,1.32241,-0.00824,-0.00002,0.03887,0.00689,60.00000,60.00000,159.41091,0.00000,0.11371,0.00324,1.00000,1.00000,0.00000,0.00000,none
14.21667,89.98441,80.59076,1.32217,-0.00824,-0.00002,0.03889,0.00636,60.00000,60.00000,159.40924,0.00000,0.11372,0.00324,1.00000,1.00000,0.00000,0.00000,none
14.22083,89.98442,80.59242,1.32194,-0.00825,-0.00002,0.03892,0.00583,60.00000,60.00000,159.40758,0.00000,0.11372,0.00324,1.00000,1.00000,0.00000,0.00000,none
14.22500,89.98442,80.59408,1.32170,-0.00825,-0.00002,0.03894,0.00530,60.00000,60.00000,159.40592,0.00000,0.11373,0.00325,1.00000,1.00000,0.00000,0.00000,none
14.22917,89.98443,80.59575,1.32146,-0.00825,-0.00002,0.03896,0.00478,60.00000,60.00000,159.40425,0.00000,0.11373,0.00325,1.00000,1.00000,0.00000,0.00000,none
14.23333,89.98443,80.59741,1.32122,-0.00825,-0.00002,0.03898,0.00425,60.00000,60.00000,159.40259,0.00000,0.11374,0.00325,1.00000,1.00000,0.00000,0.00000,none
14.23750,89.98444,80.59907,1.32099,-0.00825,-0.00002,0.03900,0.00373,60.00000,60.00000,159.40093,0.00000,0.11374,0.00325,1.00000,1.00000,0.00000,0.00000,none
14.24167,89.98444,80.60073,1.32075,-0.00825,-0.00002,0.03901,0.00320,60.00000,60.00000,159.39927,0.00000,0.11375,0.00325,1.00000,1.00000,0.00000,0.00000,none
14.24583,89.98445,80.60239,1.32051,-0.00825,-0.00002,0.03903,0.00268,60.00000,60.00000,159.39761,0.00000,0.11375,0.00325,1.00000,1.00000,0.00000,0.00000,none
14.25000,89.98445,80.60405,1.32027,-0.00825,-0.00002,0.03904,0.00216,60.00000,60.00000,159.39595,0.00000,0.11376,0.00325,1.00000,1.00000,0.00000,0.00000,none
14.25417,89.98446,80.60571,1.32004,-0.00825,-0.00002,0.03904,0.00164,60.00000,60.00000,159.39429,0.00000,0.11376,0.00325,1.00000,1.00000,0.00000,0.00000,none
14.25833,89.98446,80.60737,1.31980,-0.00825,-0.00002,0.03905,0.00112,60.00000,60.00000,159.39263,0.00000,0.11377,0.00325,1.00000,1.00000,0.00000,0.00000,none
14.26250,89.98447,80.60903,1.31956,-0.00826,-0.00002,0.03905,0.00061,60.00000,60.00000,159.39097,0.00000,0.11377,0.00325,1.00000,1.00000,0.00000,0.00000,none
14.26667,89.98447,80.61069,1.31933,-0.00826,-0.00002,0.03905,0.00009,60.00000,60.00000,159.38931,0.00000,0.11378,0.00325,1.00000,1.00000,0.00000,0.00000,none
14.27083,89.98448,80.61234,1.31909,-0.00826,-0.00002,0.03905,-0.00042,60.00000,60.00000,159.38766,0.00000,0.11378,0.00325,1.00000,1.00000,0.00000,0.00000,none
14.27500,89.98448,80.61400,1.31885,-0.00826,-0.00002,0.03905,-0.00093,60.00000,60.00000,159.38600,0.00000,0.11379,0.00325,1.00000,1.00000,0.00000,0.00000,none
14.27917,89.98449,80.61566,1.31861,-0.00826,-0.00002,0.03905,-0.00144,60.00000,60.00000,159.38434,0.00000,0.11379,0.00325,1.00000,1.00000,0.00000,0.00000,none
14.28333,89.98449,80.61731,1.31838,-0.00826,-0.00002,0.03904,-0.00195,60.00000,60.00000,159.38269,0.00000,0.11380,0.00325,1.00000,1.00000,0.00000,0.00000,none
14.28750,89.98450,80.61897,1.31814,-0.00826,-0.00002,0.03903,-0.00246,60.00000,60.00000,159.38103,0.00000,0.11380,0.00325,1.00000,1.00000,0.00000,0.00000,none
14.29167,89.98451,80.62062,1.31791,-0.00826,-0.00002,0.03902,-0.00296,60.00000,60.00000,159.37938,0.00000,0.11381,0.00325,1.00000,1.00000,0.00000,0.00000,none
14.29583,89.98451,80.62227,1.31767,-0.00826,-0.00002,0.03901,-0.00346,60.00000,60.00000,159.37773,0.00000,0.11381,0.00325,1.00000,1.00000,0.00000,0.00000,none
14.30000,89.98452,80.62393,1.31743,-0.00826,-0.00002,0.03899,-0.00397,60.00000,60.00000,159.37607,0.00000,0.11382,0.00325,1.00000,1.00000,0.00000,0.00000,none
14.30417,89.98452,80.62558,1.31720,-0.00827,-0.00002,0.03897,-0.00447,60.00000,60.00000,159.37442,0.00000,0.11382,0.00325,1.00000,1.00000,0.00000,0.00000,none
14.30833,89.98453,80.62723,1.31696,-0.00827,-0.00002,0.03895,-0.00496,60.00000,60.00000,159.37277,0.00000,0.11383,0.00325,1.00000,1.00000,0.00000,0.00000,none
14.31250,89.98453,80.62888,1.31672,-0.00827,-0.00002,0.03893,-0.00546,60.00000,60.00000,159.37112,0.00000,0.11383,0.00324,1.00000,1.00000,0.00000,0.00000,none
14.31667,89.98454,80.63053,1.31649,-0.00827,-0.00002,0.03891,-0.00595,60.00000,60.00000,159.36947,0.00000,0.11384,0.00324,1.00000,1.00000,0.00000,0.00000,none
14.32083,89.98454,80.63218,1.31625,-0.00827,-0.00002,0.03888,-0.00644,60.00000,60.00000,159.36782,0.00000,0.11384,0.00324,1.00000,1.00000,0.00000,0.00000,none
14.32500,89.98455,80.63383,1.31602,-0.00827,-0.00002,0.03885,-0.00693,60.00000,60.00000,159.36617,0.00000,0.11385,0.00324,1.00000,1.00000,0.00000,0.00000,none
14.32917,89.98455,80.63548,1.31578,-0.00827,-0.00002,0.03882,-0.00742,60.00000,60.00000,159.36452,0.00000,0.11385,0.00324,1.00000,1.00000,0.00000,0.00000,none
14.33333,89.98456,80.63713,1.31555,-0.00827,-0.00002,0.03879,-0.00791,60.00000,60.00000,159.36287,0.00000,0.11386,0.00323,1.00000,1.00000,0.00000,0.00000,none
14.33750,89.98456,80.63878,1.31531,-0.00827,-0.00002,0.03876,-0.00839,60.00000,60.00000,159.36122,0.00000,0.11386,0.00323,1.00000,1.00000,0.00000,0.00000,none
14.34167,89.98457,80.64043,1.31507,-0.00828,-0.00002,0.03872,-0.00887,60.00000,60.00000,159.35957,0.00000,0.11387,0.00323,1.00000,1.00000,0.00000,0.00000,none
14.34583,89.98457,80.64207,1.31484,-0.00828,-0.00002,0.03868,-0.00935,60.00000,60.00000,159.35793,0.00000,0.11387,0.00322,1.00000,1.00000,0.00000,0.00000,none
14.35000,89.98458,80.64372,1.31460,-0.00828,-0.00002,0.03864,-0.00983,60.00000,60.00000,159.35628,0.00000,0.11388,0.00322,1.00000,1.00000,0.00000,0.00000,none
14.35417,89.98458,80.64536,1.31437,-0.00828,-0.00002,0.03860,-0.01031,60.00000,60.00000,159.35464,0.00000,0.11388,0.00322,1.00000,1.00000,0.00000,0.00000,none
14.35833,89.98459,80.64701,1.31413,-0.00828,-0.00002,0.03856,-0.01078,60.00000,60.00000,159.35299,0.00000,0.11389,0.00321,1.00000,1.00000,0.00000,0.00000,none
14.36250,89.98459,80.64865,1.31390,-0.00828,-0.00002,0.03851,-0.01125,60.00000,60.00000,159.35135,0.00000,0.11389,0.00321,1.00000,1.00000,0.00000,0.00000,none
14.36667,89.98460,80.65030,1.31366,-0.00828,-0.00002,0.03846,-0.01172,60.00000,60.00000,159.34970,0.00000,0.11390,0.00321,1.00000,1.00000,0.00000,0.00000,none
14.37083,89.98461,80.65194,1.31343,-0.00828,-0.00002,0.03841,-0.01219,60.00000,60.00000,159.34806,0.00000,0.11390,0.00320,1.00000,1.00000,0.00000,0.00000,none
14.37500,89.98461,80.65358,1.31319,-0.00828,-0.00002,0.03836,-0.01265,60.00000,60.00000,159.34642,0.00000,0.11391,0.00320,1.00000,1.00000,0.00000,0.00000,none
14.37917,89.98462,80.65523,1.31296,-0.00828,-0.00002,0.03831,-0.01312,60.00000,60.00000,159.34477,0.00000,0.11391,0.00319,1.00000,1.00000,0.00000,0.00000,none
14.38333,89.98462,80.65687,1.31272,-0.00829,-0.00002,0.03825,-0.01358,60.00000,60.00000,159.34313,0.00000,0.11392,0.00319,1.00000,1.00000,0.00000,0.00000,none
14.38750,89.98463,80.65851,1.31249,-0.00829,-0.00002,0.03820,-0.01403,60.00000,60.00000,159.34149,0.00000,0.11392,0.00318,1.00000,1.00000,0.00000,0.00000,none
14.39167,89.98463,80.66015,1.31226,-0.00829,-0.00002,0.03814,-0.01449,60.00000,60.00000,159.33985,0.00000,0.11393,0.00318,1.00000,1.00000,0.00000,0.00000,none
14.39583,89.98464,80.66179,1.31202,-0.00829,-0.00002,0.03808,-0.01494,60.00000,60.00000,159.33821,0.00000,0.11393,0.00317,1.00000,1.00000,0.00000,0.00000,none
14.40000,89.98464,80.66343,1.31179,-0.00829,-0.00002,0.03801,-0.01539,60.00000,60.00000,159.33657,0.00000,0.11394,0.00317,1.00000,1.00000,0.00000,0.00000,none
14.40417,89.98465,80.66507,1.31155,-0.00829,-0.00002,0.03795,-0.01584,60.00000,60.00000,159.33493,0.00000,0.11394,0.00316,1.00000,1.00000,0.00000,0.00000,none
14.40833,89.98465,80.66671,1.31132,-0.00829,-0.00002,0.03788,-0.01629,60.00000,60.00000,159.33329,0.00000,0.11395,0.00316,1.00000,1.00000,0.00000,0.00000,none
14.41250,89.98466,80.66834,1.31108,-0.00829,-0.00002,0.03781,-0.01673,60.00000,60.00000,159.33166,0.00000,0.11395,0.00315,1.00000,1.00000,0.00000,0.00000,none
14.41667,89.98466,80.66998,1.31085,-0.00829,-0.00002,0.03774,-0.01717,60.00000,60.00000,159.33002,0.00000,0.11396,0.00315,1.00000,1.00000,0.00000,0.00000,none
14.42083,89.98467,80.67162,1.31062,-0.00829,-0.00002,0.03767,-0.01761,60.00000,60.00000,159.32838,0.00000,0.11396,0.00314,1.00000,1.00000,0.00000,0.00000,none
14.42500,89.98467,80.67325,1.31038,-0.00830,-0.00002,0.03759,-0.01804,60.00000,60.00000,159.32675,0.00000,0.11397,0.00313,1.00000,1.00000,0.00000,0.00000,none
14.42917,89.98468,80.67489,1.31015,-0.00830,-0.00002,0.03752,-0.01848,60.00000,60.00000,159.32511,0.00000,0.11397,0.00313,1.00000,1.00000,0.00000,0.00000,none
14.43333,89.98468,80.67653,1.30992,-0.00830,-0.00002,0.03744,-0.01891,60.00000,60.00000,159.32347,0.00000,0.11398,0.00312,1.00000,1.00000,0.00000,0.00000,none
14.43750,89.98469,80.67816,1.30968,-0.00830,-0.00002,0.03736,-0.01934,60.00000,60.00000,159.32184,0.00000,0.11398,0.00311,1.00000,1.00000,0.00000,0.00000,none
14.44167,89.98469,80.67979,1.30945,-0.00830,-0.00002,0.03728,-0.01976,60.00000,60.00000,159.32021,0.00000,0.11399,0.00311,1.00000,1.00000,0.00000,0.00000,none
14.44583,89.98470,80.68143,1.30921,-0.00830,-0.00002,0.03720,-0.02018,60.00000,60.00000,159.31857,0.00000,0.11399,0.00310,1.00000,1.00000,0.00000,0.00000,none
14.45000,89.98471,80.68306,1.30898,-0.00830,-0.00002,0.03711,-0.02060,60.00000,60.00000,159.31694,0.00000,0.11400,0.00309,1.00000,1.00000,0.00000,0.00000,none
14.45417,89.98471,80.68469,1.30875,-0.00830,-0.00002,0.03702,-0.02102,60.00000,60.00000,159.31531,0.00000,0.11400,0.00309,1.00000,1.00000,0.00000,0.00000,none
14.45833,89.98472,80.68632,1.30852,-0.00830,-0.00002,0.03694,-0.02144,60.00000,60.00000,159.31368,0.00000,0.11401,0.00308,1.00000,1.00000,0.00000,0.00000,none
14.46250,89.98472,80.68795,1.30828,-0.00830,-0.00002,0.03685,-0.02185,60.00000,60.00000,159.31205,0.00000,0.11401,0.00307,1.00000,1.00000,0.00000,0.00000,none
14.46667,89.98473,80.68958,1.30805,-0.00831,-0.00002,0.03675,-0.02226,60.00000,60.00000,159.31042,0.00000,0.11402,0.00306,1.00000,1.00000,0.00000,0.00000,none
14.47083,89.98473,80.69121,1.30782,-0.00831,-0.00002,0.03666,-0.02267,60.00000,60.00000,159.30879,0.00000,0.11402,0.00305,1.00000,1.00000,0.00000,0.00000,none
14.47500,89.98474,80.69284,1.30758,-0.00831,-0.00002,0.03656,-0.02307,60.00000,60.00000,159.30716,0.00000,0.11403,0.00305,1.00000,1.00000,0.00000,0.00000,none
14.47917,89.98474,80.69447,1.30735,-0.00831,-0.00002,0.03647,-0.02347,60.00000,60.00000,159.30553,0.00000,0.11403,0.00304,1.00000,1.00000,0.00000,0.00000,none
14.48333,89.98475,80.69610,1.30712,-0.00831,-0.00002,0.03637,-0.02387,60.00000,60.00000,159.30390,0.00000,0.11404,0.00303,1.00000,1.00000,0.00000,0.00000,none
14.48750,89.98475,80.69773,1.30689,-0.00831,-0.00002,0.03627,-0.02426,60.00000,60.00000,159.30227,0.00000,0.11404,0.00302,1.00000,1.00000,0.00000,0.00000,none
14.49167,89.98476,80.69936,1.30665,-0.00831,-0.00002,0.03617,-0.02466,60.00000,60.00000,159.30064,0.00000,0.11405,0.00301,1.00000,1.00000,0.00000,0.00000,none
14.49583,89.98476,80.70098,1.30642,-0.00831,-0.00002,0.03606,-0.02505,60.00000,60.00000,159.29902,0.00000,0.11405,0.00301,1.00000,1.00000,0.00000,0.00000,none
14.50000,89.98477,80.70261,1.30619,-0.00831,-0.00002,0.03596,-0.02543,60.00000,60.00000,159.29739,0.00000,0.11406,0.00300,1.00000,1.00000,0.00000,0.00000,none
14.50417,89.98477,80.70423,1.30596,-0.00832,-0.00002,0.03585,-0.02582,60.00000,60.00000,159.29577,0.00000,0.11406,0.00299,1.00000,1.00000,0.00000,0.00000,none
14.50833,89.98478,80.70586,1.30572,-0.00832,-0.00002,0.03574,-0.02620,60.00000,60.00000,159.29414,0.00000,0.11407,0.00298,1.00000,1.00000,0.00000,0.00000,none
14.51250,89.98478,80.70748,1.30549,-0.00832,-0.00002,0.03563,-0.02658,60.00000,60.00000,159.29252,0.00000,0.11407,0.00297,1.00000,1.00000,0.00000,0.00000,none
14.51667,89.98479,80.70911,1.30526,-0.00832,-0.00002,0.03552,-0.02695,60.00000,60.00000,159.29089,0.00000,0.11408,0.00296,1.00000,1.00000,0.00000,0.00000,none
14.52083,89.98479,80.71073,1.30503,-0.00832,-0.00002,0.03541,-0.02732,60.00000,60.00000,159.28927,0.00000,0.11408,0.00295,1.00000,1.00000,0.00000,0.00000,none
14.52500,89.98480,80.71235,1.30480,-0.00832,-0.00002,0.03529,-0.02769,60.00000,60.00000,159.28765,0.00000,0.11409,0.00294,1.00000,1.00000,0.00000,0.00000,none
14.52917,89.98481,80.71398,1.30456,-0.00832,-0.00002,0.03518,-0.02806,60.00000,60.00000,159.28602,0.00000,0.11409,0.00293,1.00000,1.00000,0.00000,0.00000,none
14.53333,89.98481,80.71560,1.30433,-0.00832,-0.00002,0.03506,-0.02842,60.00000,60.00000,159.28440,0.00000,0.11410,0.00292,1.00000,1.00000,0.00000,0.00000,none
14.53750,89.98482,80.71722,1.30410,-0.00832,-0.00002,0.03494,-0.02878,60.00000,60.00000,159.28278,0.00000,0.11410,0.00291,1.00000,1.00000,0.00000,0.00000,none
14.54167,89.98482,80.71884,1.30387,-0.00832,-0.00002,0.03482,-0.02914,60.00000,60.00000,159.28116,0.00000,0.11411,0.00290,1.00000,1.00000,0.00000,0.00000,none
14.54583,89.98483,80.72046,1.30364,-0.00833,-0.00002,0.03470,-0.02949,60.00000,60.00000,159.27954,0.00000,0.11411,0.00289,1.00000,1.00000,0.00000,0.00000,none
14.55000,89.98483,80.72208,1.30341,-0.00833,-0.00002,0.03457,-0.02984,60.00000,60.00000,159.27792,0.00000,0.11412,0.00288,1.00000,1.00000,0.00000,0.00000,none
14.55417,89.98484,80.72370,1.30318,-0.00833,-0.00002,0.03445,-0.03019,60.00000,60.00000,159.27630,0.00000,0.11412,0.00287,1.00000,1.00000,0.00000,0.00000,none
14.55833,89.98484,80.72532,1.30294,-0.00833,-0.00002,0.03432,-0.03054,60.00000,60.00000,159.27468,0.00000,0.11413,0.00286,1.00000,1.00000,0.00000,0.00000,none
14.56250,89.98485,80.72693,1.30271,-0.00833,-0.00002,0.03419,-0.03088,60.00000,60.00000,159.27307,0.00000,0.11413,0.00285,1.00000,1.00000,0.00000,0.00000,none
14.56667,89.98485,80.72855,1.30248,-0.00833,-0.00002,0.03407,-0.03122,60.00000,60.00000,159.27145,0.00000,0.11414,0.00284,1.00000,1.00000,0.00000,0.00000,none
14.57083,89.98486,80.73017,1.30225,-0.00833,-0.00002,0.03393,-0.03155,60.00000,60.00000,159.26983,0.00000,0.11414,0.00283,1.00000,1.00000,0.00000,0.00000,none
14.57500,89.98486,80.73178,1.30202,-0.00833,-0.00002,0.03380,-0.03188,60.00000,60.00000,159.26822,0.00000,0.11415,0.00282,1.00000,1.00000,0.00000,0.00000,none
14.57917,89.98487,80.73340,1.30179,-0.00833,-0.00002,0.03367,-0.03221,60.00000,60.00000,159.26660,0.00000,0.11415,0.00281,1.00000,1.00000,0.00000,0.00000,none
14.58333,89.98487,80.73501,1.30156,-0.00833,-0.00002,0.03353,-0.03254,60.00000,60.00000,159.26499,0.00000,0.11416,0.00279,1.00000,1.00000,0.00000,0.00000,none
14.58750,89.98488,80.73663,1.30133,-0.00834,-0.00002,0.03340,-0.03286,60.00000,60.00000,159.26337,0.00000,0.11416,0.00278,1.00000,1.00000,0.00000,0.00000,none
14.59167,89.98488,80.73824,1.30110,-0.00834,-0.00002,0.03326,-0.03318,60.00000,60.00000,159.26176,0.00000,0.11417,0.00277,1.00000,1.00000,0.00000,0.00000,none
14.59583,89.98489,80.73986,1.30087,-0.00834,-0.00002,0.03312,-0.03350,60.00000,60.00000,159.26014,0.00000,0.11417,0.00276,1.00000,1.00000,0.00000,0.00000,none
14.60000,89.98489,80.74147,1.30064,-0.00834,-0.00002,0.03298,-0.03381,60.00000,60.00000,159.25853,0.00000,0.11417,0.00275,1.00000,1.00000,0.00000,0.00000,none
14.60417,89.98490,80.74308,1.30041,-0.00834,-0.00002,0.03284,-0.03412,60.00000,60.00000,159.25692,0.00000,0.11418,0.00274,1.00000,1.00000,0.00000,0.00000,none
14.60833,89.98490,80.74469,1.30018,-0.00834,-0.00002,0.03270,-0.03443,60.00000,60.00000,159.25531,0.00000,0.11418,0.00272,1.00000,1.00000,0.00000,0.00000,none
14.61250,89.98491,80.74631,1.29995,-0.00834,-0.00002,0.03255,-0.03473,60.00000,60.00000,159.25369,0.00000,0.11419,0.00271,1.00000,1.00000,0.00000,0.00000,none
14.61667,89.98492,80.74792,1.29972,-0.00834,-0.00002,0.03241,-0.03503,60.00000,60.00000,159.25208,0.00000,0.11419,0.00270,1.00000,1.00000,0.00000,0.00000,none
14.62083,89.98492,80.74953,1.29949,-0.00834,-0.00002,0.03226,-0.03533,60.00000,60.00000,159.25047,0.00000,0.11420,0.00269,1.00000,1.00000,0.00000,0.00000,none
14.62500,89.98493,80.75114,1.29926,-0.00835,-0.00002,0.03211,-0.03562,60.00000,60.00000,159.24886,0.00000,0.11420,0.00268,1.00000,1.00000,0.00000,0.00000,none
14.62917,89.98493,80.75274,1.29903,-0.00835,-0.00002,0.03196,-0.03591,60.00000,60.00000,159.24726,0.00000,0.11421,0.00266,1.00000,1.00000,0.00000,0.00000,none
14.63333,89.98494,80.75435,1.29880,-0.00835,-0.00002,0.03181,-0.03620,60.00000,60.00000,159.24565,0.00000,0.11421,0.00265,1.00000,1.00000,0.00000,0.00000,none
14.63750,89.98494,80.75596,1.29857,-0.00835,-0.00002,0.03166,-0.03648,60.00000,60.00000,159.24404,0.00000,0.11422,0.00264,1.00000,1.00000,0.00000,0.00000,none
14.64167,89.98495,80.75757,1.29834,-0.00835,-0.00002,0.03151,-0.03676,60.00000,60.00000,159.24243,0.00000,0.11422,0.00263,1.00000,1.00000,0.00000,0.00000,none
14.64583,89.98495,80.75918,1.29811,-0.00835,-0.00002,0.03136,-0.03704,60.00000,60.00000,159.24082,0.00000,0.11423,0.00261,1.00000,1.00000,0.00000,0.00000,none
14.65000,89.98496,80.76078,1.29788,-0.00835,-0.00002,0.03120,-0.03731,60.00000,60.00000,159.23922,0.00000,0.11423,0.00260,1.00000,1.00000,0.00000,0.00000,none
14.65417,89.98496,80.76239,1.29765,-0.00835,-0.00002,0.03104,-0.03758,60.00000,60.00000,159.23761,0.00000,0.11424,0.00259,1.00000,1.00000,0.00000,0.00000,none
14.65833,89.98497,80.76399,1.29742,-0.00835,-0.00002,0.03089,-0.03785,60.00000,60.00000,159.23601,0.00000,0.11424,0.00257,1.00000,1.00000,0.00000,0.00000,none
14.66250,89.98497,80.76560,1.29719,-0.00835,-0.00002,0.03073,-0.03811,60.00000,60.00000,159.23440,0.00000,0.11425,0.00256,1.00000,1.00000,0.00000,0.00000,none
14.66667,89.98498,80.76720,1.29696,-0.00836,-0.00002,0.03057,-0.03837,60.00000,60.00000,159.23280,0.00000,0.11425,0.00255,1.00000,1.00000,0.00000,0.00000,none
14.67083,89.98498,80.76881,1.29673,-0.00836,-0.00002,0.03041,-0.03863,60.00000,60.00000,159.23119,0.00000,0.11426,0.00253,1.00000,1.00000,0.00000,0.00000,none
14.67500,89.98499,80.77041,1.29650,-0.00836,-0.00002,0.03025,-0.03888,60.00000,60.00000,159.22959,0.00000,0.11426,0.00252,1.00000,1.00000,0.00000,0.00000,none
14.67917,89.98499,80.77201,1.29627,-0.00836,-0.00002,0.03009,-0.03913,60.00000,60.00000,159.22799,0.00000,0.11427,0.00251,1.00000,1.00000,0.00000,0.00000,none
14.68333,89.98500,80.77361,1.29605,-0.00836,-0.00002,0.02992,-0.03937,60.00000,60.00000,159.22639,0.00000,0.11427,0.00249,1.00000,1.00000,0.00000,0.00000,none
14.68750,89.98500,80.77521,1.29582,-0.00836,-0.00002,0.02976,-0.03962,60.00000,60.00000,159.22479,0.00000,0.11428,0.00248,1.00000,1.00000,0.00000,0.00000,none
14.69167,89.98501,80.77682,1.29559,-0.00836,-0.00002,0.02959,-0.03986,60.00000,60.00000,159.22318,0.00000,0.11428,0.00247,1.00000,1.00000,0.00000,0.00000,none
14.69583,89.98501,80.77842,1.29536,-0.00836,-0.00002,0.02943,-0.04009,60.00000,60.00000,159.22158,0.00000,0.11429,0.00245,1.00000,1.00000,0.00000,0.00000,none
14.70000,89.98502,80.78002,1.29513,-0.00836,-0.00002,0.02926,-0.04033,60.00000,60.00000,159.21998,0.00000,0.11429,0.00244,1.00000,1.00000,0.00000,0.00000,none
14.70417,89.98502,80.78162,1.29490,-0.00837,-0.00002,0.02909,-0.04056,60.00000,60.00000,159.21838,0.00000,0.11430,0.00242,1.00000,1.00000,0.00000,0.00000,none
14.70833,89.98503,80.78321,1.29467,-0.00837,-0.00002,0.02892,-0.04078,60.00000,60.00000,159.21679,0.00000,0.11430,0.00241,1.00000,1.00000,0.00000,0.00000,none
14.71250,89.98504,80.78481,1.29445,-0.00837,-0.00002,0.02875,-0.04100,60.00000,60.00000,159.21519,0.00000,0.11431,0.00240,1.00000,1.00000,0.00000,0.00000,none
14.71667,89.98504,80.78641,1.29422,-0.00837,-0.00002,0.02858,-0.04122,60.00000,60.00000,159.21359,0.00000,0.11431,0.00238,1.00000,1.00000,0.00000,0.00000,none
14.72083,89.98505,80.78801,1.29399,-0.00837,-0.00002,0.02841,-0.04144,60.00000,60.00000,159.21199,0.00000,0.11432,0.00237,1.00000,1.00000,0.00000,0.00000,none
14.72500,89.98505,80.78960,1.29376,-0.00837,-0.00002,0.02823,-0.04165,60.00000,60.00000,159.21040,0.00000,0.11432,0.00235,1.00000,1.00000,0.00000,0.00000,none
14.72917,89.98506,80.79120,1.29353,-0.00837,-0.00002,0.02806,-0.04186,60.00000,60.00000,159.20880,0.00000,0.11433,0.00234,1.00000,1.00000,0.00000,0.00000,none
14.73333,89.98506,80.79280,1.29331,-0.00837,-0.00002,0.02788,-0.04206,60.00000,60.00000,159.20720,0.00000,0.11433,0.00232,1.00000,1.00000,0.00000,0.00000,none
14.73750,89.98507,80.79439,1.29308,-0.00837,-0.00002,0.02771,-0.04226,60.00000,60.00000,159.20561,0.00000,0.11434,0.00231,1.00000,1.00000,0.00000,0.00000,none
14.74167,89.98507,80.79599,1.29285,-0.00837,-0.00002,0.02753,-0.04246,60.00000,60.00000,159.20401,0.00000,0.11434,0.00229,1.00000,1.00000,0.00000,0.00000,none
14.74583,89.98508,80.79758,1.29262,-0.00838,-0.00002,0.02735,-0.04266,60.00000,60.00000,159.20242,0.00000,0.11435,0.00228,1.00000,1.00000,0.00000,0.00000,none
14.75000,89.98508,80.79917,1.29240,-0.00838,-0.00002,0.02718,-0.04285,60.00000,60.00000,159.20083,0.00000,0.11435,0.00226,1.00000,1.00000,0.00000,0.00000,none
14.75417,89.98509,80.80077,1.29217,-0.00838,-0.00002,0.02700,-0.04304,60.00000,60.00000,159.19923,0.00000,0.11436,0.00225,1.00000,1.00000,0.00000,0.00000,none
14.75833,89.98509,80.80236,1.29194,-0.00838,-0.00002,0.02682,-0.04322,60.00000,60.00000,159.19764,0.00000,0.11436,0.00223,1.00000,1.00000,0.00000,0.00000,none
14.76250,89.98510,80.80395,1.29171,-0.00838,-0.00002,0.02664,-0.04340,60.00000,60.00000,159.19605,0.00000,0.11437,0.00222,1.00000,1.00000,0.00000,0.00000,none
14.76667,89.98510,80.80554,1.29149,-0.00838,-0.00002,0.02646,-0.04358,60.00000,60.00000,159.19446,0.00000,0.11437,0.00220,1.00000,1.00000,0.00000,0.00000,none
14.77083,89.98511,80.80713,1.29126,-0.00838,-0.00002,0.02627,-0.04375,60.00000,60.00000,159.19287,0.00000,0.11438,0.00219,1.00000,1.00000,0.00000,0.00000,none
14.77500,89.98511,80.80872,1.29103,-0.00838,-0.00002,0.02609,-0.04392,60.00000,60.00000,159.19128,0.00000,0.11438,0.00217,1.00000,1.00000,0.00000,0.00000,none
14.77917,89.98512,80.81031,1.29081,-0.00838,-0.00002,0.02591,-0.04409,60.00000,60.00000,159.18969,0.00000,0.11439,0.00216,1.00000,1.00000,0.00000,0.00000,none
14.78333,89.98512,80.81190,1.29058,-0.00838,-0.00002,0.02572,-0.04425,60.00000,60.00000,159.18810,0.00000,0.11439,0.00214,1.00000,1.00000,0.00000,0.00000,none
14.78750,89.98513,80.81349,1.29035,-0.00839,-0.00002,0.02554,-0.04441,60.00000,60.00000,159.18651,0.00000,0.11440,0.00213,1.00000,1.00000,0.00000,0.00000,none
14.79167,89.98513,80.81508,1.29013,-0.00839,-0.00002,0.02535,-0.04457,60.00000,60.00000,159.18492,0.00000,0.11440,0.00211,1.00000,1.00000,0.00000,0.00000,none
14.79583,89.98514,80.81667,1.28990,-0.00839,-0.00002,0.02517,-0.04472,60.00000,60.00000,159.18333,0.00000,0.11441,0.00210,1.00000,1.00000,0.00000,0.00000,none
14.80000,89.98514,80.81825,1.28967,-0.00839,-0.00002,0.02498,-0.04487,60.00000,60.00000,159.18175,0.00000,0.11441,0.00208,1.00000,1.00000,0.00000,0.00000,none
14.80417,89.98515,80.81984,1.28945,-0.00839,-0.00002,0.02479,-0.04502,60.00000,60.00000,159.18016,0.00000,0.11442,0.00207,1.00000,1.00000,0.00000,0.00000,none
14.80833,89.98515,80.82142,1.28922,-0.00839,-0.00002,0.02461,-0.04516,60.00000,60.00000,159.17858,0.00000,0.11442,0.00205,1.00000,1.00000,0.00000,0.00000,none
14.81250,89.98516,80.82301,1.28899,-0.00839,-0.00002,0.02442,-0.04530,60.00000,60.00000,159.17699,0.00000,0.11443,0.00203,1.00000,1.00000,0.00000,0.00000,none
14.81667,89.98517,80.82460,1.28877,-0.00839,-0.00002,0.02423,-0.04543,60.00000,60.00000,159.17540,0.00000,0.11443,0.00202,1.00000,1.00000,0.00000,0.00000,none
14.82083,89.98517,80.82618,1.28854,-0.00839,-0.00002,0.02404,-0.04556,60.00000,60.00000,159.17382,0.00000,0.11444,0.00200,1.00000,1.00000,0.00000,0.00000,none
14.82500,89.98518,80.82776,1.28831,-0.00840,-0.00002,0.02385,-0.04569,60.00000,60.00000,159.17224,0.00000,0.11444,0.00199,1.00000,1.00000,0.00000,0.00000,none
14.82917,89.98518,80.82935,1.28809,-0.00840,-0.00002,0.02366,-0.04582,60.00000,60.00000,159.17065,0.00000,0.11445,0.00197,1.00000,1.00000,0.00000,0.00000,none
14.83333,89.98519,80.83093,1.28786,-0.00840,-0.00002,0.02347,-0.04594,60.00000,60.00000,159.16907,0.00000,0.11445,0.00196,1.00000,1.00000,0.00000,0.00000,none
14.83750,89.98519,80.83251,1.28764,-0.00840,-0.00002,0.02328,-0.04606,60.00000,60.00000,159.16749,0.00000,0.11446,0.00194,1.00000,1.00000,0.00000,0.00000,none
14.84167,89.98520,80.83409,1.28741,-0.00840,-0.00002,0.02308,-0.04617,60.00000,60.00000,159.16591,0.00000,0.11446,0.00192,1.00000,1.00000,0.00000,0.00000,none
14.84583,89.98520,80.83567,1.28718,-0.00840,-0.00002,0.02289,-0.04628,60.00000,60.00000,159.16433,0.00000,0.11447,0.00191,1.00000,1.00000,0.00000,0.00000,none
14.85000,89.98521,80.83726,1.28696,-0.00840,-0.00002,0.02270,-0.04639,60.00000,60.00000,159.16274,0.00000,0.11447,0.00189,1.00000,1.00000,0.00000,0.00000,none
14.85417,89.98521,80.83884,1.28673,-0.00840,-0.00002,0.02250,-0.04649,60.00000,60.00000,159.16116,0.00000,0.11448,0.00188,1.00000,1.00000,0.00000,0.00000,none
14.85833,89.98522,80.84042,1.28651,-0.00840,-0.00002,0.02231,-0.04659,60.00000,60.00000,159.15958,0.00000,0.11448,0.00186,1.00000,1.00000,0.00000,0.00000,none
14.86250,89.98522,80.84199,1.28628,-0.00840,-0.00002,0.02212,-0.04669,60.00000,60.00000,159.15801,0.00000,0.11449,0.00184,1.00000,1.00000,0.00000,0.00000,none
14.86667,89.98523,80.84357,1.28606,-0.00841,-0.00002,0.02192,-0.04679,60.00000,60.00000,159.15643,0.00000,0.11449,0.00183,1.00000,1.00000,0.00000,0.00000,none
14.87083,89.98523,80.84515,1.28583,-0.00841,-0.00002,0.02173,-0.04688,60.00000,60.00000,159.15485,0.00000,0.11450,0.00181,1.00000,1.00000,0.00000,0.00000,none
14.87500,89.98524,80.84673,1.28561,-0.00841,-0.00002,0.02153,-0.04696,60.00000,60.00000,159.15327,0.00000,0.11450,0.00179,1.00000,1.00000,0.00000,0.00000,none
14.87917,89.98524,80.84831,1.28538,-0.00841,-0.00002,0.02133,-0.04705,60.00000,60.00000,159.15169,0.00000,0.11451,0.00178,1.00000,1.00000,0.00000,0.00000,none
14.88333,89.98525,80.84988,1.28516,-0.00841,-0.00002,0.02114,-0.04713,60.00000,60.00000,159.15012,0.00000,0.11451,0.00176,1.00000,1.00000,0.00000,0.00000,none
14.88750,89.98525,80.85146,1.28493,-0.00841,-0.00002,0.02094,-0.04720,60.00000,60.00000,159.14854,0.00000,0.11452,0.00175,1.00000,1.00000,0.00000,0.00000,none
14.89167,89.98526,80.85303,1.28471,-0.00841,-0.00002,0.02075,-0.04727,60.00000,60.00000,159.14697,0.00000,0.11452,0.00173,1.00000,1.00000,0.00000,0.00000,none
14.89583,89.98526,80.85461,1.28448,-0.00841,-0.00002,0.02055,-0.04734,60.00000,60.00000,159.14539,0.00000,0.11453,0.00171,1.00000,1.00000,0.00000,0.00000,none
14.90000,89.98527,80.85618,1.28426,-0.00841,-0.00002,0.02035,-0.04741,60.00000,60.00000,159.14382,0.00000,0.11453,0.00170,1.00000,1.00000,0.00000,0.00000,none
14.90417,89.98527,80.85776,1.28403,-0.00842,-0.00002,0.02015,-0.04747,60.00000,60.00000,159.14224,0.00000,0.11454,0.00168,1.00000,1.00000,0.00000,0.00000,none
14.90833,89.98528,80.85933,1.28381,-0.00842,-0.00002,0.01996,-0.04753,60.00000,60.00000,159.14067,0.00000,0.11454,0.00166,1.00000,1.00000,0.00000,0.00000,none
14.91250,89.98528,80.86090,1.28358,-0.00842,-0.00002,0.01976,-0.04759,60.00000,60.00000,159.13910,0.00000,0.11454,0.00165,1.00000,1.00000,0.00000,0.00000,none
14.91667,89.98529,80.86248,1.28336,-0.00842,-0.00002,0.01956,-0.04764,60.00000,60.00000,159.13752,0.00000,0.11455,0.00163,1.00000,1.00000,0.00000,0.00000,none
14.92083,89.98529,80.86405,1.28313,-0.00842,-0.00002,0.01936,-0.04769,60.00000,60.00000,159.13595,0.00000,0.11455,0.00161,1.00000,1.00000,0.00000,0.00000,none
14.92500,89.98530,80.86562,1.28291,-0.00842,-0.00002,0.01916,-0.04774,60.00000,60.00000,159.13438,0.00000,0.11456,0.00160,1.00000,1.00000,0.00000,0.00000,none
14.92917,89.98530,80.86719,1.28269,-0.00842,-0.00002,0.01896,-0.04778,60.00000,60.00000,159.13281,0.00000,0.11456,0.00158,1.00000,1.00000,0.00000,0.00000,none
14.93333,89.98531,80.86876,1.28246,-0.00842,-0.00002,0.01876,-0.04782,60.00000,60.00000,159.13124,0.00000,0.11457,0.00156,1.00000,1.00000,0.00000,0.00000,none
14.93750,89.98532,80.87033,1.28224,-0.00842,-0.00002,0.01856,-0.04785,60.00000,60.00000,159.12967,0.00000,0.11457,0.00155,1.00000,1.00000,0.00000,0.00000,none
14.94167,89.98532,80.87190,1.28201,-0.00842,-0.00002,0.01836,-0.04789,60.00000,60.00000,159.12810,0.00000,0.11458,0.00153,1.00000,1.00000,0.00000,0.00000,none
14.94583,89.98533,80.87347,1.28179,-0.00843,-0.00002,0.01816,-0.04792,60.00000,60.00000,159.12653,0.00000,0.11458,0.00151,1.00000,1.00000,0.00000,0.00000,none
14.95000,89.98533,80.87504,1.28157,-0.00843,-0.00002,0.01797,-0.04794,60.00000,60.00000,159.12496,0.00000,0.11459,0.00150,1.00000,1.00000,0.00000,0.00000,none
14.95417,89.98534,80.87660,1.28134,-0.00843,-0.00002,0.01777,-0.04796,60.00000,60.00000,159.12340,0.00000,0.11459,0.00148,1.00000,1.00000,0.00000,0.00000,none
14.95833,89.98534,80.87817,1.28112,-0.00843,-0.00002,0.01757,-0.04798,60.00000,60.00000,159.12183,0.00000,0.11460,0.00146,1.00000,1.00000,0.00000,0.00000,none
14.96250,89.98535,80.87974,1.28089,-0.00843,-0.00002,0.01737,-0.04800,60.00000,60.00000,159.12026,0.00000,0.11460,0.00145,1.00000,1.00000,0.00000,0.00000,none
14.96667,89.98535,80.88130,1.28067,-0.00843,-0.00002,0.01717,-0.04801,60.00000,60.00000,159.11870,0.00000,0.11461,0.00143,1.00000,1.00000,0.00000,0.00000,none
14.97083,89.98536,80.88287,1.28045,-0.00843,-0.00002,0.01697,-0.04802,60.00000,60.00000,159.11713,0.00000,0.11461,0.00141,1.00000,1.00000,0.00000,0.00000,none
14.97500,89.98536,80.88443,1.28022,-0.00843,-0.00002,0.01677,-0.04803,60.00000,60.00000,159.11557,0.00000,0.11462,0.00140,1.00000,1.00000,0.00000,0.00000,none
14.97917,89.98537,80.88600,1.28000,-0.00843,-0.00002,0.01657,-0.04803,60.00000,60.00000,159.11400,0.00000,0.11462,0.00138,1.00000,1.00000,0.00000,0.00000,none
14.98333,89.98537,80.88756,1.27978,-0.00844,-0.00002,0.01636,-0.04803,60.00000,60.00000,159.11244,0.00000,0.11463,0.00136,1.00000,1.00000,0.00000,0.00000,none
14.98750,89.98538,80.88913,1.27955,-0.00844,-0.00002,0.01616,-0.04802,60.00000,60.00000,159.11087,0.00000,0.11463,0.00135,1.00000,1.00000,0.00000,0.00000,none
14.99167,89.98538,80.89069,1.27933,-0.00844,-0.00002,0.01596,-0.04802,60.00000,60.00000,159.10931,0.00000,0.11464,0.00133,1.00000,1.00000,0.00000,0.00000,none
14.99583,89.98539,80.89225,1.27911,-0.00844,-0.00002,0.01576,-0.04801,60.00000,60.00000,159.10775,0.00000,0.11464,0.00131,1.00000,1.00000,0.00000,0.00000,none
15.00000,89.98539,80.89381,1.27889,-0.00844,-0.00002,0.01556,-0.04799,60.00000,60.00000,159.10619,0.00000,0.11465,0.00130,1.00000,1.00000,0.00000,0.00000,none
15.00417,89.98540,80.89537,1.27866,-0.00844,-0.00002,0.01536,-0.04798,60.00000,60.00000,159.10463,0.00000,0.11465,0.00128,1.00000,1.00000,0.00000,0.00000,none
15.00833,89.98540,80.89694,1.27844,-0.00844,-0.00002,0.01516,-0.04796,60.00000,60.00000,159.10306,0.00000,0.11466,0.00126,1.00000,1.00000,0.00000,0.00000,none
15.01250,89.98541,80.89850,1.27822,-0.00844,-0.00002,0.01497,-0.04793,60.00000,60.00000,159.10150,0.00000,0.11466,0.00125,1.00000,1.00000,0.00000,0.00000,none
15.01667,89.98541,80.90006,1.27800,-0.00844,-0.00002,0.01477,-0.04791,60.00000,60.00000,159.09994,0.00000,0.11467,0.00123,1.00000,1.00000,0.00000,0.00000,none
15.02083,89.98542,80.90161,1.27777,-0.00844,-0.00002,0.01457,-0.04788,60.00000,60.00000,159.09839,0.00000,0.11467,0.00121,1.00000,1.00000,0.00000,0.00000,none
15.02500,89.98542,80.90317,1.27755,-0.00845,-0.00002,0.01437,-0.04785,60.00000,60.00000,159.09683,0.00000,0.11468,0.00120,1.00000,1.00000,0.00000,0.00000,none
15.02917,89.98543,80.90473,1.27733,-0.00845,-0.00002,0.01417,-0.04781,60.00000,60.00000,159.09527,0.00000,0.11468,0.00118,1.00000,1.00000,0.00000,0.00000,none
15.03333,89.98543,80.90629,1.27711,-0.00845,-0.00002,0.01397,-0.04777,60.00000,60.00000,159.09371,0.00000,0.11469,0.00116,1.00000,1.00000,0.00000,0.00000,none
15.03750,89.98544,80.90785,1.27688,-0.00845,-0.00002,0.01377,-0.04773,60.00000,60.00000,159.09215,0.00000,0.11469,0.00115,1.00000,1.00000,0.00000,0.00000,none
15.04167,89.98544,80.90940,1.27666,-0.00845,-0.00002,0.01357,-0.04768,60.00000,60.00000,159.09060,0.00000,0.11470,0.00113,1.00000,1.00000,0.00000,0.00000,none
15.04583,89.98545,80.91096,1.27644,-0.00845,-0.00002,0.01337,-0.04764,60.00000,60.00000,159.08904,0.00000,0.11470,0.00111,1.00000,1.00000,0.00000,0.00000,none
15.05000,89.98545,80.91252,1.27622,-0.00845,-0.00002,0.01317,-0.04758,60.00000,60.00000,159.08748,0.00000,0.11471,0.00110,1.00000,1.00000,0.00000,0.00000,none
15.05417,89.98546,80.91407,1.27600,-0.00845,-0.00002,0.01298,-0.04753,60.00000,60.00000,159.08593,0.00000,0.11471,0.00108,1.00000,1.00000,0.00000,0.00000,none
15.05833,89.98546,80.91563,1.27577,-0.00845,-0.00002,0.01278,-0.04747,60.00000,60.00000,159.08437,0.00000,0.11472,0.00106,1.00000,1.00000,0.00000,0.00000,none
15.06250,89.98547,80.91718,1.27555,-0.00846,-0.00002,0.01258,-0.04741,60.00000,60.00000,159.08282,0.00000,0.11472,0.00105,1.00000,1.00000,0.00000,0.00000,none
15.06667,89.98547,80.91873,1.27533,-0.00846,-0.00002,0.01238,-0.04735,60.00000,60.00000,159.08127,0.00000,0.11473,0.00103,1.00000,1.00000,0.00000,0.00000,none
15.07083,89.98548,80.92029,1.27511,-0.00846,-0.00002,0.01219,-0.04728,60.00000,60.00000,159.07971,0.00000,0.11473,0.00102,1.00000,1.00000,0.00000,0.00000,none
15.07500,89.98548,80.92184,1.27489,-0.00846,-0.00002,0.01199,-0.04721,60.00000,60.00000,159.07816,0.00000,0.11474,0.00100,1.00000,1.00000,0.00000,0.00000,none
15.07917,89.98549,80.92339,1.27467,-0.00846,-0.00002,0.01179,-0.04714,60.00000,60.00000,159.07661,0.00000,0.11474,0.00098,1.00000,1.00000,0.00000,0.00000,none
15.08333,89.98549,80.92494,1.27444,-0.00846,-0.00002,0.01160,-0.04707,60.00000,60.00000,159.07506,0.00000,0.11475,0.00097,1.00000,1.00000,0.00000,0.00000,none
15.08750,89.98550,80.92649,1.27422,-0.00846,-0.00002,0.01140,-0.04699,60.00000,60.00000,159.07351,0.00000,0.11475,0.00095,1.00000,1.00000,0.00000,0.00000,none
15.09167,89.98550,80.92805,1.27400,-0.00846,-0.00002,0.01120,-0.04691,60.00000,60.00000,159.07195,0.00000,0.11476,0.00093,1.00000,1.00000,0.00000,0.00000,none
15.09583,89.98551,80.92960,1.27378,-0.00846,-0.00002,0.01101,-0.04682,60.00000,60.00000,159.07040,0.00000,0.11476,0.00092,1.00000,1.00000,0.00000,0.00000,none
15.10000,89.98552,80.93115,1.27356,-0.00847,-0.00002,0.01081,-0.04673,60.00000,60.00000,159.06885,0.00000,0.11477,0.00090,1.00000,1.00000,0.00000,0.00000,none
15.10417,89.98552,80.93269,1.27334,-0.00847,-0.00002,0.01062,-0.04664,60.00000,60.00000,159.06731,0.00000,0.11477,0.00088,1.00000,1.00000,0.00000,0.00000,none
15.10833,89.98553,80.93424,1.27312,-0.00847,-0.00002,0.01042,-0.04655,60.00000,60.00000,159.06576,0.00000,0.11478,0.00087,1.00000,1.00000,0.00000,0.00000,none
15.11250,89.98553,80.93579,1.27290,-0.00847,-0.00002,0.01023,-0.04646,60.00000,60.00000,159.06421,0.00000,0.11478,0.00085,1.00000,1.00000,0.00000,0.00000,none
15.11667,89.98554,80.93734,1.27268,-0.00847,-0.00002,0.01004,-0.04636,60.00000,60.00000,159.06266,0.00000,0.11478,0.00084,1.00000,1.00000,0.00000,0.00000,none
15.12083,89.98554,80.93889,1.27245,-0.00847,-0.00002,0.00984,-0.04626,60.00000,60.00000,159.06111,0.00000,0.11479,0.00082,1.00000,1.00000,0.00000,0.00000,none
15.12500,89.98555,80.94043,1.27223,-0.00847,-0.00002,0.00965,-0.04615,60.00000,60.00000,159.05957,0.00000,0.11479,0.00080,1.00000,1.00000,0.00000,0.00000,none
15.12917,89.98555,80.94198,1.27201,-0.00847,-0.00002,0.00946,-0.04604,60.00000,60.00000,159.05802,0.00000,0.11480,0.00079,1.00000,1.00000,0.00000,0.00000,none
15.13333,89.98556,80.94352,1.27179,-0.00847,-0.00002,0.00927,-0.04593,60.00000,60.00000,159.05648,0.00000,0.11480,0.00077,1.00000,1.00000,0.00000,0.00000,none
15.13750,89.98556,80.94507,1.27157,-0.00847,-0.00002,0.00908,-0.04582,60.00000,60.00000,159.05493,0.00000,0.11481,0.00076,1.00000,1.00000,0.00000,0.00000,none
15.14167,89.98557,80.94661,1.27135,-0.00848,-0.00002,0.00889,-0.04571,60.00000,60.00000,159.05339,0.00000,0.11481,0.00074,1.00000,1.00000,0.00000,0.00000,none
15.14583,89.98557,80.94816,1.27113,-0.00848,-0.00002,0.00870,-0.04559,60.00000,60.00000,159.05184,0.00000,0.11482,0.00072,1.00000,1.00000,0.00000,0.00000,none
15.15000,89.98558,80.94970,1.27091,-0.00848,-0.00002,0.00851,-0.04547,60.00000,60.00000,159.05030,0.00000,0.11482,0.00071,1.00000,1.00000,0.00000,0.00000,none
15.15417,89.98558,80.95124,1.27069,-0.00848,-0.00002,0.00832,-0.04534,60.00000,60.00000,159.04876,0.00000,0.11483,0.00069,1.00000,1.00000,0.00000,0.00000,none
15.15833,89.98559,80.95279,1.27047,-0.00848,-0.00002,0.00813,-0.04522,60.00000,60.00000,159.04721,0.00000,0.11483,0.00068,1.00000,1.00000,0.00000,0.00000,none
15.16250,89.98559,80.95433,1.27025,-0.00848,-0.00002,0.00794,-0.04509,60.00000,60.00000,159.04567,0.00000,0.11484,0.00066,1.00000,1.00000,0.00000,0.00000,none
15.16667,89.98560,80.95587,1.27003,-0.00848,-0.00002,0.00775,-0.04496,60.00000,60.00000,159.04413,0.00000,0.11484,0.00065,1.00000,1.00000,0.00000,0.00000,none
15.17083,89.98560,80.95741,1.26981,-0.00848,-0.00002,0.00757,-0.04482,60.00000,60.00000,159.04259,0.00000,0.11485,0.00063,1.00000,1.00000,0.00000,0.00000,none
15.17500,89.98561,80.95895,1.26959,-0.00848,-0.00002,0.00738,-0.04469,60.00000,60.00000,159.04105,0.00000,0.11485,0.00061,1.00000,1.00000,0.00000,0.00000,none
15.17917,89.98561,80.96049,1.26937,-0.00849,-0.00002,0.00719,-0.04455,60.00000,60.00000,159.03951,0.00000,0.11486,0.00060,1.00000,1.00000,0.00000,0.00000,none
15.18333,89.98562,80.96203,1.26915,-0.00849,-0.00002,0.00701,-0.04440,60.00000,60.00000,159.03797,0.00000,0.11486,0.00058,1.00000,1.00000,0.00000,0.00000,none
15.18750,89.98562,80.96357,1.26893,-0.00849,-0.00002,0.00682,-0.04426,60.00000,60.00000,159.03643,0.00000,0.11487,0.00057,1.00000,1.00000,0.00000,0.00000,none
15.19167,89.98563,80.96511,1.26871,-0.00849,-0.00002,0.00664,-0.04411,60.00000,60.00000,159.03489,0.00000,0.11487,0.00055,1.00000,1.00000,0.00000,0.00000,none
15.19583,89.98563,80.96665,1.26849,-0.00849,-0.00002,0.00646,-0.04396,60.00000,60.00000,159.03335,0.00000,0.11488,0.00054,1.00000,1.00000,0.00000,0.00000,none
15.20000,89.98564,80.96818,1.26827,-0.00849,-0.00002,0.00627,-0.04381,60.00000,60.00000,159.03182,0.00000,0.11488,0.00052,1.00000,1.00000,0.00000,0.00000,none
15.20417,89.98564,80.96972,1.26806,-0.00849,-0.00002,0.00609,-0.04366,60.00000,60.00000,159.03028,0.00000,0.11489,0.00051,1.00000,1.00000,0.00000,0.00000,none
15.20833,89.98565,80.97126,1.26784,-0.00849,-0.00002,0.00591,-0.04350,60.00000,60.00000,159.02874,0.00000,0.11489,0.00049,1.00000,1.00000,0.00000,0.00000,none
15.21250,89.98565,80.97279,1.26762,-0.00849,-0.00002,0.00573,-0.04334,60.00000,60.00000,159.02721,0.00000,0.11490,0.00048,1.00000,1.00000,0.00000,0.00000,none
15.21667,89.98566,80.97433,1.26740,-0.00849,-0.00002,0.00555,-0.04318,60.00000,60.00000,159.02567,0.00000,0.11490,0.00046,1.00000,1.00000,0.00000,0.00000,none
15.22083,89.98566,80.97587,1.26718,-0.00850,-0.00002,0.00537,-0.04301,60.00000,60.00000,159.02413,0.00000,0.11491,0.00045,1.00000,1.00000,0.00000,0.00000,none
15.22500,89.98567,80.97740,1.26696,-0.00850,-0.00002,0.00519,-0.04284,60.00000,60.00000,159.02260,0.00000,0.11491,0.00043,1.00000,1.00000,0.00000,0.00000,none
15.22917,89.98567,80.97893,1.26674,-0.00850,-0.00002,0.00501,-0.04268,60.00000,60.00000,159.02107,0.00000,0.11492,0.00042,1.00000,1.00000,0.00000,0.00000,none
15.23333,89.98568,80.98047,1.26652,-0.00850,-0.00002,0.00483,-0.04250,60.00000,60.00000,159.01953,0.00000,0.11492,0.00040,1.00000,1.00000,0.00000,0.00000,none
15.23750,89.98568,80.98200,1.26630,-0.00850,-0.00002,0.00466,-0.04233,60.00000,60.00000,159.01800,0.00000,0.11493,0.00039,1.00000,1.00000,0.00000,0.00000,none
15.24167,89.98569,80.98353,1.26609,-0.00850,-0.00002,0.00448,-0.04215,60.00000,60.00000,159.01647,0.00000,0.11493,0.00037,1.00000,1.00000,0.00000,0.00000,none
15.24583,89.98569,80.98506,1.26587,-0.00850,-0.00002,0.00431,-0.04197,60.00000,60.00000,159.01494,0.00000,0.11494,0.00036,1.00000,1.00000,0.00000,0.00000,none
15.25000,89.98570,80.98660,1.26565,-0.00850,-0.00002,0.00413,-0.04179,60.00000,60.00000,159.01340,0.00000,0.11494,0.00034,1.00000,1.00000,0.00000,0.00000,none
15.25417,89.98570,80.98813,1.26543,-0.00850,-0.00002,0.00396,-0.04161,60.00000,60.00000,159.01187,0.00000,0.11495,0.00033,1.00000,1.00000,0.00000,0.00000,none
15.25833,89.98571,80.98966,1.26521,-0.00851,-0.00002,0.00379,-0.04142,60.00000,60.00000,159.01034,0.00000,0.11495,0.00032,1.00000,1.00000,0.00000,0.00000,none
15.26250,89.98571,80.99119,1.26499,-0.00851,-0.00002,0.00361,-0.04124,60.00000,60.00000,159.00881,0.00000,0.11496,0.00030,1.00000,1.00000,0.00000,0.00000,none
15.26667,89.98572,80.99272,1.26478,-0.00851,-0.00002,0.00344,-0.04105,60.00000,60.00000,159.00728,0.00000,0.11496,0.00029,1.00000,1.00000,0.00000,0.00000,none
15.27083,89.98572,80.99425,1.26456,-0.00851,-0.00002,0.00327,-0.04085,60.00000,60.00000,159.00575,0.00000,0.11496,0.00027,1.00000,1.00000,0.00000,0.00000,none
15.27500,89.98573,80.99577,1.26434,-0.00851,-0.00002,0.00310,-0.04066,60.00000,60.00000,159.00423,0.00000,0.11497,0.00026,1.00000,1.00000,0.00000,0.00000,none
15.27917,89.98573,80.99730,1.26412,-0.00851,-0.00002,0.00293,-0.04046,60.00000,60.00000,159.00270,0.00000,0.11497,0.00024,1.00000,1.00000,0.00000,0.00000,none
15.28333,89.98574,80.99883,1.26390,-0.00851,-0.00002,0.00276,-0.04026,60.00000,60.00000,159.00117,0.00000,0.11498,0.00023,1.00000,1.00000,0.00000,0.00000,none
15.28750,89.98574,81.00036,1.26369,-0.00851,-0.00002,0.00260,-0.04006,60.00000,60.00000,158.99964,0.00000,0.11498,0.00022,1.00000,1.00000,0.00000,0.00000,none
15.29167,89.98575,81.00188,1.26347,-0.00851,-0.00002,0.00243,-0.03986,60.00000,60.00000,158.99812,0.00000,0.11499,0.00020,1.00000,1.00000,0.00000,0.00000,none
15.29583,89.98575,81.00341,1.26325,-0.00852,-0.00002,0.00226,-0.03966,60.00000,60.00000,158.99659,0.00000,0.11499,0.00019,1.00000,1.00000,0.00000,0.00000,none
15.30000,89.98576,81.00494,1.26303,-0.00852,-0.00002,0.00210,-0.03945,60.00000,60.00000,158.99506,0.00000,0.11500,0.00017,1.00000,1.00000,0.00000,0.00000,none
15.30417,89.98577,81.00646,1.26282,-0.00852,-0.00002,0.00194,-0.03924,60.00000,60.00000,158.99354,0.00000,0.11500,0.00016,1.00000,1.00000,0.00000,0.00000,none
15.30833,89.98577,81.00799,1.26260,-0.00852,-0.00002,0.00177,-0.03903,60.00000,60.00000,158.99201,0.00000,0.11501,0.00015,1.00000,1.00000,0.00000,0.00000,none
15.31250,89.98578,81.00951,1.26238,-0.00852,-0.00002,0.00161,-0.03881,60.00000,60.00000,158.99049,0.00000,0.11501,0.00013,1.00000,1.00000,0.00000,0.00000,none
15.31667,89.98578,81.01103,1.26216,-0.00852,-0.00002,0.00145,-0.03860,60.00000,60.00000,158.98897,0.00000,0.11502,0.00012,1.00000,1.00000,0.00000,0.00000,none
15.32083,89.98579,81.01256,1.26195,-0.00852,-0.00002,0.00129,-0.03838,60.00000,60.00000,158.98744,0.00000,0.11502,0.00011,1.00000,1.00000,0.00000,0.00000,none
15.32500,89.98579,81.01408,1.26173,-0.00852,-0.00002,0.00113,-0.03816,60.00000,60.00000,158.98592,0.00000,0.11503,0.00009,1.00000,1.00000,0.00000,0.00000,none
15.32917,89.98580,81.01560,1.26151,-0.00852,-0.00002,0.00097,-0.03794,60.00000,60.00000,158.98440,0.00000,0.11503,0.00008,1.00000,1.00000,0.00000,0.00000,none
15.33333,89.98580,81.01712,1.26129,-0.00852,-0.00002,0.00081,-0.03772,60.00000,60.00000,158.98288,0.00000,0.11504,0.00007,1.00000,1.00000,0.00000,0.00000,none
15.33750,89.98581,81.01864,1.26108,-0.00853,-0.00002,0.00066,-0.03749,60.00000,60.00000,158.98136,0.00000,0.11504,0.00005,1.00000,1.00000,0.00000,0.00000,none
15.34167,89.98581,81.02016,1.26086,-0.00853,-0.00002,0.00050,-0.03727,60.00000,60.00000,158.97984,0.00000,0.11505,0.00004,1.00000,1.00000,0.00000,0.00000,none
15.34583,89.98582,81.02168,1.26064,-0.00853,-0.00002,0.00035,-0.03704,60.00000,60.00000,158.97832,0.00000,0.11505,0.00003,1.00000,1.00000,0.00000,0.00000,none
15.35000,89.98582,81.02320,1.26043,-0.00853,-0.00002,0.00019,-0.03681,60.00000,60.00000,158.97680,0.00000,0.11506,0.00002,1.00000,1.00000,0.00000,0.00000,none
15.35417,89.98583,81.02472,1.26021,-0.00853,-0.00002,0.00004,-0.03658,60.00000,60.00000,158.97528,0.00000,0.11506,0.00000,1.00000,1.00000,0.00000,0.00000,none
15.35833,89.98583,81.02624,1.25999,-0.00853,-0.00002,-0.00011,-0.03634,60.00000,60.00000,158.97376,0.00000,0.11507,0.00001,1.00000,1.00000,0.00000,0.00000,none
15.36250,89.98584,81.02776,1.25978,-0.00853,-0.00002,-0.00026,-0.03610,60.00000,60.00000,158.97224,0.00000,0.11507,0.00003,1.00000,1.00000,0.00000,0.00000,none
15.36667,89.98584,81.02928,1.25956,-0.00853,-0.00002,-0.00041,-0.03584,60.00000,60.00000,158.97072,0.00000,0.11508,0.00004,1.00000,1.00000,0.00000,0.00000,none
15.37083,89.98585,81.03080,1.25934,-0.00853,-0.00002,-0.00056,-0.03558,60.00000,60.00000,158.96920,0.00000,0.11508,0.00006,1.00000,1.00000,0.00000,0.00000,none
15.37500,89.98585,81.03231,1.25913,-0.00854,-0.00002,-0.00071,-0.03531,60.00000,60.00000,158.96769,0.00000,0.11509,0.00007,1.00000,1.00000,0.00000,0.00000,none
15.37917,89.98586,81.03383,1.25891,-0.00854,-0.00002,-0.00086,-0.03503,60.00000,60.00000,158.96617,0.00000,0.11509,0.00009,1.00000,1.00000,0.00000,0.00000,none
15.38333,89.98586,81.03534,1.25870,-0.00854,-0.00002,-0.00100,-0.03475,60.00000,60.00000,158.96466,0.00000,0.11510,0.00010,1.00000,1.00000,0.00000,0.00000,none
15.38750,89.98587,81.03686,1.25848,-0.00854,-0.00002,-0.00115,-0.03445,60.00000,60.00000,158.96314,0.00000,0.11510,0.00011,1.00000,1.00000,0.00000,0.00000,none
15.39167,89.98587,81.03837,1.25826,-0.00854,-0.00002,-0.00129,-0.03415,60.00000,60.00000,158.96163,0.00000,0.11511,0.00013,1.00000,1.00000,0.00000,0.00000,none
15.39583,89.98588,81.03989,1.25805,-0.00854,-0.00002,-0.00143,-0.03384,60.00000,60.00000,158.96011,0.00000,0.11511,0.00014,1.00000,1.00000,0.00000,0.00000,none
15.40000,89.98588,81.04140,1.25783,-0.00854,-0.00002,-0.00157,-0.03352,60.00000,60.00000,158.95860,0.00000,0.11512,0.00016,1.00000,1.00000,0.00000,0.00000,none
15.40417,89.98589,81.04292,1.25762,-0.00854,-0.00002,-0.00171,-0.03319,60.00000,60.00000,158.95708,0.00000,0.11512,0.00017,1.00000,1.00000,0.00000,0.00000,none
15.40833,89.98589,81.04443,1.25740,-0.00854,-0.00002,-0.00185,-0.03286,60.00000,60.00000,158.95557,0.00000,0.11512,0.00018,1.00000,1.00000,0.00000,0.00000,none
15.41250,89.98590,81.04594,1.25719,-0.00854,-0.00002,-0.00198,-0.03252,60.00000,60.00000,158.95406,0.00000,0.11513,0.00020,1.00000,1.00000,0.00000,0.00000,none
15.41667,89.98590,81.04745,1.25697,-0.00855,-0.00002,-0.00212,-0.03217,60.00000,60.00000,158.95255,0.00000,0.11513,0.00021,1.00000,1.00000,0.00000,0.00000,none
15.42083,89.98591,81.04896,1.25675,-0.00855,-0.00002,-0.00225,-0.03181,60.00000,60.00000,158.95104,0.00000,0.11514,0.00023,1.00000,1.00000,0.00000,0.00000,none
15.42500,89.98591,81.05047,1.25654,-0.00855,-0.00002,-0.00238,-0.03145,60.00000,60.00000,158.94953,0.00000,0.11514,0.00024,1.00000,1.00000,0.00000,0.00000,none
15.42917,89.98592,81.05199,1.25632,-0.00855,-0.00002,-0.00251,-0.03108,60.00000,60.00000,158.94801,0.00000,0.11515,0.00025,1.00000,1.00000,0.00000,0.00000,none
15.43333,89.98592,81.05350,1.25611,-0.00855,-0.00002,-0.00264,-0.03070,60.00000,60.00000,158.94650,0.00000,0.11515,0.00026,1.00000,1.00000,0.00000,0.00000,none
15.43750,89.98593,81.05500,1.25589,-0.00855,-0.00002,-0.00277,-0.03032,60.00000,60.00000,158.94500,0.00000,0.11516,0.00028,1.00000,1.00000,0.00000,0.00000,none
15.44167,89.98593,81.05651,1.25568,-0.00855,-0.00002,-0.00290,-0.02993,60.00000,60.00000,158.94349,0.00000,0.11516,0.00029,1.00000,1.00000,0.00000,0.00000,none
15.44583,89.98594,81.05802,1.25546,-0.00855,-0.00002,-0.00302,-0.02953,60.00000,60.00000,158.94198,0.00000,0.11517,0.00030,1.00000,1.00000,0.00000,0.00000,none
15.45000,89.98594,81.05953,1.25525,-0.00855,-0.00002,-0.00314,-0.02913,60.00000,60.00000,158.94047,0.00000,0.11517,0.00031,1.00000,1.00000,0.00000,0.00000,none
15.45417,89.98595,81.06104,1.25503,-0.00856,-0.00002,-0.00326,-0.02872,60.00000,60.00000,158.93896,0.00000,0.11518,0.00033,1.00000,1.00000,0.00000,0.00000,none
15.45833,89.98595,81.06254,1.25482,-0.00856,-0.00002,-0.00338,-0.02830,60.00000,60.00000,158.93746,0.00000,0.11518,0.00034,1.00000,1.00000,0.00000,0.00000,none
15.46250,89.98596,81.06405,1.25460,-0.00856,-0.00002,-0.00350,-0.02788,60.00000,60.00000,158.93595,0.00000,0.11519,0.00035,1.00000,1.00000,0.00000,0.00000,none
15.46667,89.98596,81.06556,1.25439,-0.00856,-0.00002,-0.00361,-0.02745,60.00000,60.00000,158.93444,0.00000,0.11519,0.00036,1.00000,1.00000,0.00000,0.00000,none
15.47083,89.98597,81.06706,1.25417,-0.00856,-0.00002,-0.00373,-0.02701,60.00000,60.00000,158.93294,0.00000,0.11520,0.00037,1.00000,1.00000,0.00000,0.00000,none
15.47500,89.98597,81.06857,1.25396,-0.00856,-0.00002,-0.00384,-0.02657,60.00000,60.00000,158.93143,0.00000,0.11520,0.00038,1.00000,1.00000,0.00000,0.00000,none
15.47917,89.98598,81.07007,1.25374,-0.00856,-0.00002,-0.00395,-0.02613,60.00000,60.00000,158.92993,0.00000,0.11521,0.00039,1.00000,1.00000,0.00000,0.00000,none
15.48333,89.98598,81.07158,1.25353,-0.00856,-0.00002,-0.00406,-0.02568,60.00000,60.00000,158.92842,0.00000,0.11521,0.00041,1.00000,1.00000,0.00000,0.00000,none
15.48750,89.98599,81.07308,1.25332,-0.00856,-0.00002,-0.00416,-0.02522,60.00000,60.00000,158.92692,0.00000,0.11522,0.00042,1.00000,1.00000,0.00000,0.00000,none
15.49167,89.98599,81.07458,1.25310,-0.00857,-0.00002,-0.00427,-0.02476,60.00000,60.00000,158.92542,0.00000,0.11522,0.00043,1.00000,1.00000,0.00000,0.00000,none
15.49583,89.98600,81.07609,1.25289,-0.00857,-0.00002,-0.00437,-0.02429,60.00000,60.00000,158.92391,0.00000,0.11523,0.00044,1.00000,1.00000,0.00000,0.00000,none
15.50000,89.98600,81.07759,1.25267,-0.00857,-0.00002,-0.00447,-0.02382,60.00000,60.00000,158.92241,0.00000,0.11523,0.00045,1.00000,1.00000,0.00000,0.00000,none
15.50417,89.98601,81.07909,1.25246,-0.00857,-0.00002,-0.00457,-0.02335,60.00000,60.00000,158.92091,0.00000,0.11524,0.00046,1.00000,1.00000,0.00000,0.00000,none
15.50833,89.98601,81.08059,1.25225,-0.00857,-0.00002,-0.00466,-0.02287,60.00000,60.00000,158.91941,0.00000,0.11524,0.00047,1.00000,1.00000,0.00000,0.00000,none
15.51250,89.98602,81.08209,1.25203,-0.00857,-0.00002,-0.00476,-0.02238,60.00000,60.00000,158.91791,0.00000,0.11525,0.00048,1.00000,1.00000,0.00000,0.00000,none
15.51667,89.98602,81.08359,1.25182,-0.00857,-0.00002,-0.00485,-0.02189,60.00000,60.00000,158.91641,0.00000,0.11525,0.00048,1.00000,1.00000,0.00000,0.00000,none
15.52083,89.98603,81.08509,1.25160,-0.00857,-0.00002,-0.00494,-0.02140,60.00000,60.00000,158.91491,0.00000,0.11526,0.00049,1.00000,1.00000,0.00000,0.00000,none
15.52500,89.98603,81.08659,1.25139,-0.00857,-0.00002,-0.00503,-0.02090,60.00000,60.00000,158.91341,0.00000,0.11526,0.00050,1.00000,1.00000,0.00000,0.00000,none
15.52917,89.98604,81.08809,1.25118,-0.00857,-0.00002,-0.00511,-0.02040,60.00000,60.00000,158.91191,0.00000,0.11526,0.00051,1.00000,1.00000,0.00000,0.00000,none
15.53333,89.98604,81.08959,1.25096,-0.00858,-0.00002,-0.00520,-0.01989,60.00000,60.00000,158.91041,0.00000,0.11527,0.00052,1.00000,1.00000,0.00000,0.00000,none
15.53750,89.98605,81.09109,1.25075,-0.00858,-0.00002,-0.00528,-0.01938,60.00000,60.00000,158.90891,0.00000,0.11527,0.00053,1.00000,1.00000,0.00000,0.00000,none
15.54167,89.98605,81.09258,1.25054,-0.00858,-0.00002,-0.00536,-0.01887,60.00000,60.00000,158.90742,0.00000,0.11528,0.00054,1.00000,1.00000,0.00000,0.00000,none
15.54583,89.98606,81.09408,1.25032,-0.00858,-0.00002,-0.00544,-0.01835,60.00000,60.00000,158.90592,0.00000,0.11528,0.00054,1.00000,1.00000,0.00000,0.00000,none
15.55000,89.98606,81.09558,1.25011,-0.00858,-0.00002,-0.00551,-0.01783,60.00000,60.00000,158.90442,0.00000,0.11529,0.00055,1.00000,1.00000,0.00000,0.00000,none
15.55417,89.98607,81.09707,1.24990,-0.00858,-0.00002,-0.00559,-0.01731,60.00000,60.00000,158.90293,0.00000,0.11529,0.00056,1.00000,1.00000,0.00000,0.00000,none
15.55833,89.98607,81.09857,1.24968,-0.00858,-0.00002,-0.00566,-0.01679,60.00000,60.00000,158.90143,0.00000,0.11530,0.00057,1.00000,1.00000,0.00000,0.00000,none
15.56250,89.98608,81.10006,1.24947,-0.00858,-0.00002,-0.00573,-0.01626,60.00000,60.00000,158.89994,0.00000,0.11530,0.00057,1.00000,1.00000,0.00000,0.00000,none
15.56667,89.98608,81.10156,1.24926,-0.00858,-0.00002,-0.00579,-0.01573,60.00000,60.00000,158.89844,0.00000,0.11531,0.00058,1.00000,1.00000,0.00000,0.00000,none
15.57083,89.98609,81.10305,1.24904,-0.00859,-0.00002,-0.00586,-0.01520,60.00000,60.00000,158.89695,0.00000,0.11531,0.00059,1.00000,1.00000,0.00000,0.00000,none
15.57500,89.98609,81.10455,1.24883,-0.00859,-0.00002,-0.00592,-0.01466,60.00000,60.00000,158.89545,0.00000,0.11532,0.00059,1.00000,1.00000,0.00000,0.00000,none
15.57917,89.98610,81.10604,1.24862,-0.00859,-0.00002,-0.00598,-0.01412,60.00000,60.00000,158.89396,0.00000,0.11532,0.00060,1.00000,1.00000,0.00000,0.00000,none
15.58333,89.98610,81.10753,1.24841,-0.00859,-0.00002,-0.00604,-0.01358,60.00000,60.00000,158.89247,0.00000,0.11533,0.00060,1.00000,1.00000,0.00000,0.00000,none
15.58750,89.98611,81.10902,1.24819,-0.00859,-0.00002,-0.00609,-0.01304,60.00000,60.00000,158.89098,0.00000,0.11533,0.00061,1.00000,1.00000,0.00000,0.00000,none
15.59167,89.98611,81.11052,1.24798,-0.00859,-0.00002,-0.00615,-0.01250,60.00000,60.00000,158.88948,0.00000,0.11534,0.00061,1.00000,1.00000,0.00000,0.00000,none
15.59583,89.98612,81.11201,1.24777,-0.00859,-0.00002,-0.00620,-0.01195,60.00000,60.00000,158.88799,0.00000,0.11534,0.00062,1.00000,1.00000,0.00000,0.00000,none
15.60000,89.98612,81.11350,1.24755,-0.00859,-0.00002,-0.00624,-0.01141,60.00000,60.00000,158.88650,0.00000,0.11535,0.00062,1.00000,1.00000,0.00000,0.00000,none
15.60417,89.98613,81.11499,1.24734,-0.00859,-0.00002,-0.00629,-0.01086,60.00000,60.00000,158.88501,0.00000,0.11535,0.00063,1.00000,1.00000,0.00000,0.00000,none
15.60833,89.98613,81.11648,1.24713,-0.00860,-0.00002,-0.00634,-0.01031,60.00000,60.00000,158.88352,0.00000,0.11536,0.00063,1.00000,1.00000,0.00000,0.00000,none
15.61250,89.98614,81.11797,1.24692,-0.00860,-0.00002,-0.00638,-0.00976,60.00000,60.00000,158.88203,0.00000,0.11536,0.00064,1.00000,1.00000,0.00000,0.00000,none
15.61667,89.98614,81.11946,1.24671,-0.00860,-0.00002,-0.00642,-0.00921,60.00000,60.00000,158.88054,0.00000,0.11537,0.00064,1.00000,1.00000,0.00000,0.00000,none
15.62083,89.98615,81.12094,1.24649,-0.00860,-0.00002,-0.00645,-0.00866,60.00000,60.00000,158.87906,0.00000,0.11537,0.00065,1.00000,1.00000,0.00000,0.00000,none
15.62500,89.98615,81.12243,1.24628,-0.00860,-0.00002,-0.00649,-0.00811,60.00000,60.00000,158.87757,0.00000,0.11538,0.00065,1.00000,1.00000,0.00000,0.00000,none
15.62917,89.98616,81.12392,1.24607,-0.00860,-0.00002,-0.00652,-0.00756,60.00000,60.00000,158.87608,0.00000,0.11538,0.00065,1.00000,1.00000,0.00000,0.00000,none
15.63333,89.98616,81.12541,1.24586,-0.00860,-0.00002,-0.00655,-0.00700,60.00000,60.00000,158.87459,0.00000,0.11539,0.00066,1.00000,1.00000,0.00000,0.00000,none
15.63750,89.98617,81.12689,1.24565,-0.00860,-0.00002,-0.00658,-0.00645,60.00000,60.00000,158.87311,0.00000,0.11539,0.00066,1.00000,1.00000,0.00000,0.00000,none
15.64167,89.98617,81.12838,1.24543,-0.00860,-0.00002,-0.00661,-0.00590,60.00000,60.00000,158.87162,0.00000,0.11539,0.00066,1.00000,1.00000,0.00000,0.00000,none
15.64583,89.98618,81.12986,1.24522,-0.00861,-0.00002,-0.00663,-0.00535,60.00000,60.00000,158.87014,0.00000,0.11540,0.00066,1.00000,1.00000,0.00000,0.00000,none
15.65000,89.98618,81.13135,1.24501,-0.00861,-0.00002,-0.00665,-0.00479,60.00000,60.00000,158.86865,0.00000,0.11540,0.00067,1.00000,1.00000,0.00000,0.00000,none
15.65417,89.98619,81.13283,1.24480,-0.00861,-0.00002,-0.00667,-0.00424,60.00000,60.00000,158.86717,0.00000,0.11541,0.00067,1.00000,1.00000,0.00000,0.00000,none
15.65833,89.98619,81.13432,1.24459,-0.00861,-0.00002,-0.00669,-0.00369,60.00000,60.00000,158.86568,0.00000,0.11541,0.00067,1.00000,1.00000,0.00000,0.00000,none
15.66250,89.98620,81.13580,1.24438,-0.00861,-0.00002,-0.00670,-0.00314,60.00000,60.00000,158.86420,0.00000,0.11542,0.00067,1.00000,1.00000,0.00000,0.00000,none
15.66667,89.98620,81.13728,1.24416,-0.00861,-0.00002,-0.00671,-0.00259,60.00000,60.00000,158.86272,0.00000,0.11542,0.00067,1.00000,1.00000,0.00000,0.00000,none
15.67083,89.98621,81.13877,1.24395,-0.00861,-0.00002,-0.00672,-0.00204,60.00000,60.00000,158.86123,0.00000,0.11543,0.00067,1.00000,1.00000,0.00000,0.00000,none
15.67500,89.98621,81.14025,1.24374,-0.00861,-0.00002,-0.00673,-0.00150,60.00000,60.00000,158.85975,0.00000,0.11543,0.00067,1.00000,1.00000,0.00000,0.00000,none
15.67917,89.98622,81.14173,1.24353,-0.00861,-0.00002,-0.00673,-0.00095,60.00000,60.00000,158.85827,0.00000,0.11544,0.00067,1.00000,1.00000,0.00000,0.00000,none
15.68333,89.98622,81.14321,1.24332,-0.00861,-0.00002,-0.00674,-0.00040,60.00000,60.00000,158.85679,0.00000,0.11544,0.00067,1.00000,1.00000,0.00000,0.00000,none
15.68750,89.98623,81.14469,1.24311,-0.00862,-0.00002,-0.00674,0.00014,60.00000,60.00000,158.85531,0.00000,0.11545,0.00067,1.00000,1.00000,0.00000,0.00000,none
15.69167,89.98623,81.14617,1.24290,-0.00862,-0.00002,-0.00674,0.00068,60.00000,60.00000,158.85383,0.00000,0.11545,0.00067,1.00000,1.00000,0.00000,0.00000,none
15.69583,89.98624,81.14765,1.24269,-0.00862,-0.00002,-0.00673,0.00122,60.00000,60.00000,158.85235,0.00000,0.11546,0.00067,1.00000,1.00000,0.00000,0.00000,none
15.70000,89.98624,81.14913,1.24248,-0.00862,-0.00002,-0.00673,0.00176,60.00000,60.00000,158.85087,0.00000,0.11546,0.00067,1.00000,1.00000,0.00000,0.00000,none
15.70417,89.98625,81.15061,1.24227,-0.00862,-0.00002,-0.00672,0.00229,60.00000,60.00000,158.84939,0.00000,0.11547,0.00067,1.00000,1.00000,0.00000,0.00000,none
15.70833,89.98625,81.15209,1.24205,-0.00862,-0.00002,-0.00671,0.00283,60.00000,60.00000,158.84791,0.00000,0.11547,0.00067,1.00000,1.00000,0.00000,0.00000,none
15.71250,89.98626,81.15357,1.24184,-0.00862,-0.00002,-0.00669,0.00336,60.00000,60.00000,158.84643,0.00000,0.11548,0.00067,1.00000,1.00000,0.00000,0.00000,none
15.71667,89.98626,81.15504,1.24163,-0.00862,-0.00002,-0.00668,0.00389,60.00000,60.00000,158.84496,0.00000,0.11548,0.00067,1.00000,1.00000,0.00000,0.00000,none
15.72083,89.98627,81.15652,1.24142,-0.00862,-0.00002,-0.00666,0.00441,60.00000,60.00000,158.84348,0.00000,0.11549,0.00067,1.00000,1.00000,0.00000,0.00000,none
15.72500,89.98627,81.15800,1.24121,-0.00863,-0.00002,-0.00664,0.00494,60.00000,60.00000,158.84200,0.00000,0.11549,0.00066,1.00000,1.00000,0.00000,0.00000,none
15.72917,89.98628,81.15947,1.24100,-0.00863,-0.00002,-0.00662,0.00546,60.00000,60.00000,158.84053,0.00000,0.11550,0.00066,1.00000,1.00000,0.00000,0.00000,none
15.73333,89.98628,81.16095,1.24079,-0.00863,-0.00002,-0.00660,0.00597,60.00000,60.00000,158.83905,0.00000,0.11550,0.00066,1.00000,1.00000,0.00000,0.00000,none
15.73750,89.98629,81.16243,1.24058,-0.00863,-0.00002,-0.00657,0.00649,60.00000,60.00000,158.83757,0.00000,0.11551,0.00066,1.00000,1.00000,0.00000,0.00000,none
15.74167,89.98629,81.16390,1.24037,-0.00863,-0.00002,-0.00654,0.00700,60.00000,60.00000,158.83610,0.00000,0.11551,0.00065,1.00000,1.00000,0.00000,0.00000,none
15.74583,89.98630,81.16537,1.24016,-0.00863,-0.00002,-0.00651,0.00751,60.00000,60.00000,158.83463,0.00000,0.11551,0.00065,1.00000,1.00000,0.00000,0.00000,none
15.75000,89.98630,81.16685,1.23995,-0.00863,-0.00002,-0.00648,0.00801,60.00000,60.00000,158.83315,0.00000,0.11552,0.00065,1.00000,1.00000,0.00000,0.00000,none
15.75417,89.98631,81.16832,1.23974,-0.00863,-0.00002,-0.00645,0.00851,60.00000,60.00000,158.83168,0.00000,0.11552,0.00064,1.00000,1.00000,0.00000,0.00000,none
15.75833,89.98631,81.16979,1.23953,-0.00863,-0.00002,-0.00641,0.00901,60.00000,60.00000,158.83021,0.00000,0.11553,0.00064,1.00000,1.00000,0.00000,0.00000,none
15.76250,89.98632,81.17127,1.23932,-0.00864,-0.00002,-0.00637,0.00950,60.00000,60.00000,158.82873,0.00000,0.11553,0.00064,1.00000,1.00000,0.00000,0.00000,none
15.76667,89.98632,81.17274,1.23911,-0.00864,-0.00002,-0.00633,0.00999,60.00000,60.00000,158.82726,0.00000,0.11554,0.00063,1.00000,1.00000,0.00000,0.00000,none
15.77083,89.98633,81.17421,1.23890,-0.00864,-0.00002,-0.00629,0.01047,60.00000,60.00000,158.82579,0.00000,0.11554,0.00063,1.00000,1.00000,0.00000,0.00000,none
15.77500,89.98634,81.17568,1.23869,-0.00864,-0.00002,-0.00624,0.01095,60.00000,60.00000,158.82432,0.00000,0.11555,0.00062,1.00000,1.00000,0.00000,0.00000,none
15.77917,89.98634,81.17715,1.23848,-0.00864,-0.00002,-0.00620,0.01143,60.00000,60.00000,158.82285,0.00000,0.11555,0.00062,1.00000,1.00000,0.00000,0.00000,none
15.78333,89.98635,81.17862,1.23827,-0.00864,-0.00002,-0.00615,0.01190,60.00000,60.00000,158.82138,0.00000,0.11556,0.00061,1.00000,1.00000,0.00000,0.00000,none
15.78750,89.98635,81.18009,1.23807,-0.00864,-0.00002,-0.00610,0.01237,60.00000,60.00000,158.81991,0.00000,0.11556,0.00061,1.00000,1.00000,0.00000,0.00000,none
15.79167,89.98636,81.18156,1.23786,-0.00864,-0.00002,-0.00604,0.01283,60.00000,60.00000,158.81844,0.00000,0.11557,0.00060,1.00000,1.00000,0.00000,0.00000,none
15.79583,89.98636,81.18303,1.23765,-0.00864,-0.00002,-0.00599,0.01329,60.00000,60.00000,158.81697,0.00000,0.11557,0.00060,1.00000,1.00000,0.00000,0.00000,none
15.80000,89.98637,81.18450,1.23744,-0.00865,-0.00002,-0.00593,0.01374,60.00000,60.00000,158.81550,0.00000,0.11558,0.00059,1.00000,1.00000,0.00000,0.00000,none
15.80417,89.98637,81.18596,1.23723,-0.00865,-0.00002,-0.00587,0.01419,60.00000,60.00000,158.81404,0.00000,0.11558,0.00059,1.00000,1.00000,0.00000,0.00000,none
15.80833,89.98638,81.18743,1.23702,-0.00865,-0.00002,-0.00581,0.01464,60.00000,60.00000,158.81257,0.00000,0.11559,0.00058,1.00000,1.00000,0.00000,0.00000,none
15.81250,89.98638,81.18890,1.23681,-0.00865,-0.00002,-0.00575,0.01507,60.00000,60.00000,158.81110,0.00000,0.11559,0.00058,1.00000,1.00000,0.00000,0.00000,none
15.81667,89.98639,81.19036,1.23660,-0.00865,-0.00002,-0.00569,0.01551,60.00000,60.00000,158.80964,0.00000,0.11560,0.00057,1.00000,1.00000,0.00000,0.00000,none
15.82083,89.98639,81.19183,1.23639,-0.00865,-0.00002,-0.00562,0.01593,60.00000,60.00000,158.80817,0.00000,0.11560,0.00056,1.00000,1.00000,0.00000,0.00000,none
15.82500,89.98640,81.19330,1.23618,-0.00865,-0.00002,-0.00556,0.01636,60.00000,60.00000,158.80670,0.00000,0.11561,0.00056,1.00000,1.00000,0.00000,0.00000,none
15.82917,89.98640,81.19476,1.23598,-0.00865,-0.00002,-0.00549,0.01677,60.00000,60.00000,158.80524,0.00000,0.11561,0.00055,1.00000,1.00000,0.00000,0.00000,none
15.83333,89.98641,81.19623,1.23577,-0.00865,-0.00002,-0.00542,0.01718,60.00000,60.00000,158.80377,0.00000,0.11562,0.00054,1.00000,1.00000,0.00000,0.00000,none
15.83750,89.98641,81.19769,1.23556,-0.00865,-0.00002,-0.00534,0.01759,60.00000,60.00000,158.80231,0.00000,0.11562,0.00053,1.00000,1.00000,0.00000,0.00000,none
15.84167,89.98642,81.19915,1.23535,-0.00866,-0.00002,-0.00527,0.01799,60.00000,60.00000,158.80085,0.00000,0.11562,0.00053,1.00000,1.00000,0.00000,0.00000,none
15.84583,89.98642,81.20062,1.23514,-0.00866,-0.00002,-0.00519,0.01838,60.00000,60.00000,158.79938,0.00000,0.11563,0.00052,1.00000,1.00000,0.00000,0.00000,none
15.85000,89.98643,81.20208,1.23493,-0.00866,-0.00002,-0.00512,0.01877,60.00000,60.00000,158.79792,0.00000,0.11563,0.00051,1.00000,1.00000,0.00000,0.00000,none
15.85417,89.98643,81.20354,1.23472,-0.00866,-0.00002,-0.00504,0.01915,60.00000,60.00000,158.79646,0.00000,0.11564,0.00050,1.00000,1.00000,0.00000,0.00000,none
15.85833,89.98644,81.20500,1.23452,-0.00866,-0.00002,-0.00496,0.01953,60.00000,60.00000,158.79500,0.00000,0.11564,0.00050,1.00000,1.00000,0.00000,0.00000,none
15.86250,89.98644,81.20646,1.23431,-0.00866,-0.00002,-0.00488,0.01990,60.00000,60.00000,158.79354,0.00000,0.11565,0.00049,1.00000,1.00000,0.00000,0.00000,none
15.86667,89.98645,81.20792,1.23410,-0.00866,-0.00002,-0.00479,0.02026,60.00000,60.00000,158.79208,0.00000,0.11565,0.00048,1.00000,1.00000,0.00000,0.00000,none
15.87083,89.98645,81.20939,1.23389,-0.00866,-0.00002,-0.00471,0.02061,60.00000,60.00000,158.79061,0.00000,0.11566,0.00047,1.00000,1.00000,0.00000,0.00000,none
15.87500,89.98646,81.21084,1.23368,-0.00866,-0.00002,-0.00462,0.02096,60.00000,60.00000,158.78916,0.00000,0.11566,0.00046,1.00000,1.00000,0.00000,0.00000,none
15.87917,89.98646,81.21230,1.23348,-0.00867,-0.00002,-0.00453,0.02131,60.00000,60.00000,158.78770,0.00000,0.11567,0.00045,1.00000,1.00000,0.00000,0.00000,none
15.88333,89.98647,81.21376,1.23327,-0.00867,-0.00002,-0.00444,0.02165,60.00000,60.00000,158.78624,0.00000,0.11567,0.00044,1.00000,1.00000,0.00000,0.00000,none
15.88750,89.98647,81.21522,1.23306,-0.00867,-0.00002,-0.00435,0.02198,60.00000,60.00000,158.78478,0.00000,0.11568,0.00044,1.00000,1.00000,0.00000,0.00000,none
15.89167,89.98648,81.21668,1.23285,-0.00867,-0.00002,-0.00426,0.02230,60.00000,60.00000,158.78332,0.00000,0.11568,0.00043,1.00000,1.00000,0.00000,0.00000,none
15.89583,89.98648,81.21814,1.23265,-0.00867,-0.00002,-0.00417,0.02262,60.00000,60.00000,158.78186,0.00000,0.11569,0.00042,1.00000,1.00000,0.00000,0.00000,none
15.90000,89.98649,81.21959,1.23244,-0.00867,-0.00002,-0.00407,0.02293,60.00000,60.00000,158.78041,0.00000,0.11569,0.00041,1.00000,1.00000,0.00000,0.00000,none
15.90417,89.98649,81.22105,1.23223,-0.00867,-0.00002,-0.00397,0.02323,60.00000,60.00000,158.77895,0.00000,0.11570,0.00040,1.00000,1.00000,0.00000,0.00000,none
15.90833,89.98650,81.22251,1.23202,-0.00867,-0.00002,-0.00388,0.02352,60.00000,60.00000,158.77749,0.00000,0.11570,0.00039,1.00000,1.00000,0.00000,0.00000,none
15.91250,89.98650,81.22396,1.23182,-0.00867,-0.00002,-0.00378,0.02381,60.00000,60.00000,158.77604,0.00000,0.11571,0.00038,1.00000,1.00000,0.00000,0.00000,none
15.91667,89.98651,81.22542,1.23161,-0.00868,-0.00002,-0.00368,0.02410,60.00000,60.00000,158.77458,0.00000,0.11571,0.00037,1.00000,1.00000,0.00000,0.00000,none
15.92083,89.98651,81.22687,1.23140,-0.00868,-0.00002,-0.00358,0.02437,60.00000,60.00000,158.77313,0.00000,0.11572,0.00036,1.00000,1.00000,0.00000,0.00000,none
15.92500,89.98652,81.22833,1.23119,-0.00868,-0.00002,-0.00348,0.02464,60.00000,60.00000,158.77167,0.00000,0.11572,0.00035,1.00000,1.00000,0.00000,0.00000,none
15.92917,89.98652,81.22978,1.23099,-0.00868,-0.00002,-0.00337,0.02490,60.00000,60.00000,158.77022,0.00000,0.11572,0.00034,1.00000,1.00000,0.00000,0.00000,none
15.93333,89.98653,81.23124,1.23078,-0.00868,-0.00002,-0.00327,0.02515,60.00000,60.00000,158.76876,0.00000,0.11573,0.00033,1.00000,1.00000,0.00000,0.00000,none
15.93750,89.98653,81.23269,1.23057,-0.00868,-0.00002,-0.00316,0.02540,60.00000,60.00000,158.76731,0.00000,0.11573,0.00032,1.00000,1.00000,0.00000,0.00000,none
15.94167,89.98654,81.23414,1.23037,-0.00868,-0.00002,-0.00306,0.02564,60.00000,60.00000,158.76586,0.00000,0.11574,0.00031,1.00000,1.00000,0.00000,0.00000,none
15.94583,89.98655,81.23559,1.23016,-0.00868,-0.00002,-0.00295,0.02587,60.00000,60.00000,158.76441,0.00000,0.11574,0.00029,1.00000,1.00000,0.00000,0.00000,none
15.95000,89.98655,81.23704,1.22995,-0.00868,-0.00002,-0.00284,0.02609,60.00000,60.00000,158.76296,0.00000,0.11575,0.00028,1.00000,1.00000,0.00000,0.00000,none
15.95417,89.98656,81.23850,1.22975,-0.00868,-0.00002,-0.00273,0.02631,60.00000,60.00000,158.76150,0.00000,0.11575,0.00027,1.00000,1.00000,0.00000,0.00000,none
15.95833,89.98656,81.23995,1.22954,-0.00869,-0.00002,-0.00262,0.02652,60.00000,60.00000,158.76005,0.00000,0.11576,0.00026,1.00000,1.00000,0.00000,0.00000,none
15.96250,89.98657,81.24140,1.22933,-0.00869,-0.00002,-0.00251,0.02672,60.00000,60.00000,158.75860,0.00000,0.11576,0.00025,1.00000,1.00000,0.00000,0.00000,none
15.96667,89.98657,81.24285,1.22913,-0.00869,-0.00002,-0.00240,0.02691,60.00000,60.00000,158.75715,0.00000,0.11577,0.00024,1.00000,1.00000,0.00000,0.00000,none
15.97083,89.98658,81.24430,1.22892,-0.00869,-0.00002,-0.00229,0.02710,60.00000,60.00000,158.75570,0.00000,0.11577,0.00023,1.00000,1.00000,0.00000,0.00000,none
15.97500,89.98658,81.24575,1.22871,-0.00869,-0.00002,-0.00217,0.02728,60.00000,60.00000,158.75425,0.00000,0.11578,0.00022,1.00000,1.00000,0.00000,0.00000,none
15.97917,89.98659,81.24719,1.22851,-0.00869,-0.00002,-0.00206,0.02745,60.00000,60.00000,158.75281,0.00000,0.11578,0.00021,1.00000,1.00000,0.00000,0.00000,none
15.98333,89.98659,81.24864,1.22830,-0.00869,-0.00002,-0.00194,0.02761,60.00000,60.00000,158.75136,0.00000,0.11579,0.00019,1.00000,1.00000,0.00000,0.00000,none
15.98750,89.98660,81.25009,1.22810,-0.00869,-0.00002,-0.00183,0.02777,60.00000,60.00000,158.74991,0.00000,0.11579,0.00018,1.00000,1.00000,0.00000,0.00000,none
15.99167,89.98660,81.25154,1.22789,-0.00869,-0.00002,-0.00171,0.02792,60.00000,60.00000,158.74846,0.00000,0.11580,0.00017,1.00000,1.00000,0.00000,0.00000,none
15.99583,89.98661,81.25298,1.22768,-0.00870,-0.00002,-0.00160,0.02806,60.00000,60.00000,158.74702,0.00000,0.11580,0.00016,1.00000,1.00000,0.00000,0.00000,none
16.00000,89.98661,81.25443,1.22748,-0.00870,-0.00002,-0.00148,0.02819,60.00000,60.00000,158.74557,0.00000,0.11581,0.00015,1.00000,1.00000,0.00000,0.00000,none
16.00417,89.98662,81.25588,1.22727,-0.00870,-0.00002,-0.00136,0.02831,60.00000,60.00000,158.74412,0.00000,0.11581,0.00014,1.00000,1.00000,0.00000,0.00000,none
16.00833,89.98662,81.25732,1.22707,-0.00870,-0.00002,-0.00124,0.02843,60.00000,60.00000,158.74268,0.00000,0.11582,0.00012,1.00000,1.00000,0.00000,0.00000,none
16.01250,89.98663,81.25877,1.22686,-0.00870,-0.00002,-0.00112,0.02854,60.00000,60.00000,158.74123,0.00000,0.11582,0.00011,1.00000,1.00000,0.00000,0.00000,none
16.01667,89.98663,81.26021,1.22665,-0.00870,-0.00002,-0.00101,0.02864,60.00000,60.00000,158.73979,0.00000,0.11582,0.00010,1.00000,1.00000,0.00000,0.00000,none
16.02083,89.98664,81.26165,1.22645,-0.00870,-0.00002,-0.00089,0.02874,60.00000,60.00000,158.73835,0.00000,0.11583,0.00009,1.00000,1.00000,0.00000,0.00000,none
16.02500,89.98665,81.26310,1.22624,-0.00870,-0.00002,-0.00077,0.02882,60.00000,60.00000,158.73690,0.00000,0.11583,0.00008,1.00000,1.00000,0.00000,0.00000,none
16.02917,89.98665,81.26454,1.22604,-0.00870,-0.00002,-0.00065,0.02890,60.00000,60.00000,158.73546,0.00000,0.11584,0.00006,1.00000,1.00000,0.00000,0.00000,none
16.03333,89.98666,81.26598,1.22583,-0.00871,-0.00002,-0.00053,0.02897,60.00000,60.00000,158.73402,0.00000,0.11584,0.00005,1.00000,1.00000,0.00000,0.00000,none
16.03750,89.98666,81.26743,1.22563,-0.00871,-0.00002,-0.00040,0.02903,60.00000,60.00000,158.73257,0.00000,0.11585,0.00004,1.00000,1.00000,0.00000,0.00000,none
16.04167,89.98667,81.26887,1.22542,-0.00871,-0.00002,-0.00028,0.02909,60.00000,60.00000,158.73113,0.00000,0.11585,0.00003,1.00000,1.00000,0.00000,0.00000,none
16.04583,89.98667,81.27031,1.22522,-0.00871,-0.00002,-0.00016,0.02914,60.00000,60.00000,158.72969,0.00000,0.11586,0.00002,1.00000,1.00000,0.00000,0.00000,none
16.05000,89.98668,81.27175,1.22501,-0.00871,-0.00002,-0.00004,0.02918,60.00000,60.00000,158.72825,0.00000,0.11586,0.00000,1.00000,1.00000,0.00000,0.00000,none
16.05417,89.98668,81.27319,1.22481,-0.00871,-0.00002,0.00008,0.02921,60.00000,60.00000,158.72681,0.00000,0.11587,0.00001,1.00000,1.00000,0.00000,0.00000,none
16.05833,89.98669,81.27463,1.22460,-0.00871,-0.00002,0.00020,0.02924,60.00000,60.00000,158.72537,0.00000,0.11587,0.00002,1.00000,1.00000,0.00000,0.00000,none
16.06250,89.98669,81.27607,1.22440,-0.00871,-0.00002,0.00032,0.02927,60.00000,60.00000,158.72393,0.00000,0.11588,0.00003,1.00000,1.00000,0.00000,0.00000,none
16.06667,89.98670,81.27751,1.22419,-0.00871,-0.00002,0.00045,0.02930,60.00000,60.00000,158.72249,0.00000,0.11588,0.00004,1.00000,1.00000,0.00000,0.00000,none
16.07083,89.98670,81.27895,1.22399,-0.00871,-0.00002,0.00057,0.02932,60.00000,60.00000,158.72105,0.00000,0.11589,0.00005,1.00000,1.00000,0.00000,0.00000,none
16.07500,89.98671,81.28039,1.22378,-0.00872,-0.00002,0.00069,0.02935,60.00000,60.00000,158.71961,0.00000,0.11589,0.00006,1.00000,1.00000,0.00000,0.00000,none
16.07917,89.98671,81.28182,1.22358,-0.00872,-0.00002,0.00081,0.02937,60.00000,60.00000,158.71818,0.00000,0.11590,0.00007,1.00000,1.00000,0.00000,0.00000,none
16.08333,89.98672,81.28326,1.22337,-0.00872,-0.00002,0.00094,0.02938,60.00000,60.00000,158.71674,0.00000,0.11590,0.00008,1.00000,1.00000,0.00000,0.00000,none
16.08750,89.98673,81.28470,1.22317,-0.00872,-0.00002,0.00106,0.02940,60.00000,60.00000,158.71530,0.00000,0.11591,0.00009,1.00000,1.00000,0.00000,0.00000,none
16.09167,89.98673,81.28613,1.22296,-0.00872,-0.00002,0.00118,0.02942,60.00000,60.00000,158.71387,0.00000,0.11591,0.00010,1.00000,1.00000,0.00000,0.00000,none
16.09583,89.98674,81.28757,1.22276,-0.00872,-0.00002,0.00130,0.02943,60.00000,60.00000,158.71243,0.00000,0.11591,0.00011,1.00000,1.00000,0.00000,0.00000,none
16.10000,89.98674,81.28901,1.22256,-0.00872,-0.00002,0.00143,0.02944,60.00000,60.00000,158.71099,0.00000,0.11592,0.00012,1.00000,1.00000,0.00000,0.00000,none
16.10417,89.98675,81.29044,1.22235,-0.00872,-0.00002,0.00155,0.02945,60.00000,60.00000,158.70956,0.00000,0.11592,0.00013,1.00000,1.00000,0.00000,0.00000,none
16.10833,89.98675,81.29188,1.22215,-0.00872,-0.00002,0.00167,0.02945,60.00000,60.00000,158.70812,0.00000,0.11593,0.00014,1.00000,1.00000,0.00000,0.00000,none
16.11250,89.98676,81.29331,1.22194,-0.00873,-0.00002,0.00179,0.02946,60.00000,60.00000,158.70669,0.00000,0.11593,0.00015,1.00000,1.00000,0.00000,0.00000,none
16.11667,89.98676,81.29474,1.22174,-0.00873,-0.00002,0.00192,0.02946,60.00000,60.00000,158.70526,0.00000,0.11594,0.00016,1.00000,1.00000,0.00000,0.00000,none
16.12083,89.98677,81.29618,1.22153,-0.00873,-0.00002,0.00204,0.02946,60.00000,60.00000,158.70382,0.00000,0.11594,0.00017,1.00000,1.00000,0.00000,0.00000,none
16.12500,89.98677,81.29761,1.22133,-0.00873,-0.00002,0.00216,0.02946,60.00000,60.00000,158.70239,0.00000,0.11595,0.00018,1.00000,1.00000,0.00000,0.00000,none
16.12917,89.98678,81.29904,1.22113,-0.00873,-0.00002,0.00229,0.02946,60.00000,60.00000,158.70096,0.00000,0.11595,0.00019,1.00000,1.00000,0.00000,0.00000,none
16.13333,89.98679,81.30048,1.22092,-0.00873,-0.00002,0.00241,0.02945,60.00000,60.00000,158.69952,0.00000,0.11596,0.00020,1.00000,1.00000,0.00000,0.00000,none
16.13750,89.98679,81.30191,1.22072,-0.00873,-0.00002,0.00253,0.02944,60.00000,60.00000,158.69809,0.00000,0.11596,0.00021,1.00000,1.00000,0.00000,0.00000,none
16.14167,89.98680,81.30334,1.22052,-0.00873,-0.00002,0.00265,0.02943,60.00000,60.00000,158.69666,0.00000,0.11597,0.00022,1.00000,1.00000,0.00000,0.00000,none
16.14583,89.98680,81.30477,1.22031,-0.00873,-0.00002,0.00278,0.02942,60.00000,60.00000,158.69523,0.00000,0.11597,0.00023,1.00000,1.00000,0.00000,0.00000,none
16.15000,89.98681,81.30620,1.22011,-0.00873,-0.00002,0.00290,0.02941,60.00000,60.00000,158.69380,0.00000,0.11598,0.00024,1.00000,1.00000,0.00000,0.00000,none
16.15417,89.98681,81.30763,1.21990,-0.00874,-0.00002,0.00302,0.02939,60.00000,60.00000,158.69237,0.00000,0.11598,0.00025,1.00000,1.00000,0.00000,0.00000,none
16.15833,89.98682,81.30906,1.21970,-0.00874,-0.00002,0.00314,0.02938,60.00000,60.00000,158.69094,0.00000,0.11599,0.00026,1.00000,1.00000,0.00000,0.00000,none
16.16250,89.98682,81.31049,1.21950,-0.00874,-0.00002,0.00327,0.02936,60.00000,60.00000,158.68951,0.00000,0.11599,0.00027,1.00000,1.00000,0.00000,0.00000,none
16.16667,89.98683,81.31192,1.21929,-0.00874,-0.00002,0.00339,0.02934,60.00000,60.00000,158.68808,0.00000,0.11600,0.00028,1.00000,1.00000,0.00000,0.00000,none
16.17083,89.98683,81.31334,1.21909,-0.00874,-0.00002,0.00351,0.02931,60.00000,60.00000,158.68666,0.00000,0.11600,0.00029,1.00000,1.00000,0.00000,0.00000,none
16.17500,89.98684,81.31477,1.21889,-0.00874,-0.00002,0.00363,0.02929,60.00000,60.00000,158.68523,0.00000,0.11600,0.00030,1.00000,1.00000,0.00000,0.00000,none
16.17917,89.98685,81.31620,1.21869,-0.00874,-0.00002,0.00375,0.02926,60.00000,60.00000,158.68380,0.00000,0.11601,0.00031,1.00000,1.00000,0.00000,0.00000,none
16.18333,89.98685,81.31763,1.21848,-0.00874,-0.00002,0.00388,0.02923,60.00000,60.00000,158.68237,0.00000,0.11601,0.00032,1.00000,1.00000,0.00000,0.00000,none
16.18750,89.98686,81.31905,1.21828,-0.00874,-0.00002,0.00400,0.02920,60.00000,60.00000,158.68095,0.00000,0.11602,0.00033,1.00000,1.00000,0.00000,0.00000,none
16.19167,89.98686,81.32048,1.21808,-0.00875,-0.00002,0.00412,0.02917,60.00000,60.00000,158.67952,0.00000,0.11602,0.00034,1.00000,1.00000,0.00000,0.00000,none
16.19583,89.98687,81.32190,1.21787,-0.00875,-0.00002,0.00424,0.02914,60.00000,60.00000,158.67810,0.00000,0.11603,0.00035,1.00000,1.00000,0.00000,0.00000,none
16.20000,89.98687,81.32333,1.21767,-0.00875,-0.00002,0.00436,0.02910,60.00000,60.00000,158.67667,0.00000,0.11603,0.00036,1.00000,1.00000,0.00000,0.00000,none
16.20417,89.98688,81.32475,1.21747,-0.00875,-0.00002,0.00448,0.02906,60.00000,60.00000,158.67525,0.00000,0.11604,0.00037,1.00000,1.00000,0.00000,0.00000,none
16.20833,89.98688,81.32618,1.21727,-0.00875,-0.00002,0.00460,0.02902,60.00000,60.00000,158.67382,0.00000,0.11604,0.00038,1.00000,1.00000,0.00000,0.00000,none
16.21250,89.98689,81.32760,1.21706,-0.00875,-0.00002,0.00473,0.02898,60.00000,60.00000,158.67240,0.00000,0.11605,0.00039,1.00000,1.00000,0.00000,0.00000,none
16.21667,89.98690,81.32902,1.21686,-0.00875,-0.00002,0.00485,0.02894,60.00000,60.00000,158.67098,0.00000,0.11605,0.00040,1.00000,1.00000,0.00000,0.00000,none
16.22083,89.98690,81.33045,1.21666,-0.00875,-0.00002,0.00497,0.02889,60.00000,60.00000,158.66955,0.00000,0.11606,0.00041,1.00000,1.00000,0.00000,0.00000,none
16.22500,89.98691,81.33187,1.21646,-0.00875,-0.00002,0.00509,0.02884,60.00000,60.00000,158.66813,0.00000,0.11606,0.00042,1.00000,1.00000,0.00000,0.00000,none
16.22917,89.98691,81.33329,1.21625,-0.00876,-0.00002,0.00521,0.02879,60.00000,60.00000,158.66671,0.00000,0.11607,0.00043,1.00000,1.00000,0.00000,0.00000,none
16.23333,89.98692,81.33471,1.21605,-0.00876,-0.00002,0.00533,0.02874,60.00000,60.00000,158.66529,0.00000,0.11607,0.00044,1.00000,1.00000,0.00000,0.00000,none
16.23750,89.98692,81.33613,1.21585,-0.00876,-0.00002,0.00545,0.02869,60.00000,60.00000,158.66387,0.00000,0.11608,0.00045,1.00000,1.00000,0.00000,0.00000,none
16.24167,89.98693,81.33755,1.21565,-0.00876,-0.00002,0.00557,0.02864,60.00000,60.00000,158.66245,0.00000,0.11608,0.00046,1.00000,1.00000,0.00000,0.00000,none
16.24583,89.98693,81.33897,1.21544,-0.00876,-0.00002,0.00569,0.02858,60.00000,60.00000,158.66103,0.00000,0.11608,0.00047,1.00000,1.00000,0.00000,0.00000,none
16.25000,89.98694,81.34039,1.21524,-0.00876,-0.00002,0.00580,0.02852,60.00000,60.00000,158.65961,0.00000,0.11609,0.00048,1.00000,1.00000,0.00000,0.00000,none
16.25417,89.98695,81.34181,1.21504,-0.00876,-0.00002,0.00592,0.02846,60.00000,60.00000,158.65819,0.00000,0.11609,0.00049,1.00000,1.00000,0.00000,0.00000,none
16.25833,89.98695,81.34323,1.21484,-0.00876,-0.00002,0.00604,0.02840,60.00000,60.00000,158.65677,0.00000,0.11610,0.00050,1.00000,1.00000,0.00000,0.00000,none
16.26250,89.98696,81.34465,1.21464,-0.00876,-0.00002,0.00616,0.02834,60.00000,60.00000,158.65535,0.00000,0.11610,0.00051,1.00000,1.00000,0.00000,0.00000,none
16.26667,89.98696,81.34607,1.21444,-0.00876,-0.00002,0.00628,0.02827,60.00000,60.00000,158.65393,0.00000,0.11611,0.00052,1.00000,1.00000,0.00000,0.00000,none
16.27083,89.98697,81.34749,1.21423,-0.00877,-0.00002,0.00640,0.02821,60.00000,60.00000,158.65251,0.00000,0.11611,0.00053,1.00000,1.00000,0.00000,0.00000,none
16.27500,89.98697,81.34890,1.21403,-0.00877,-0.00002,0.00651,0.02814,60.00000,60.00000,158.65110,0.00000,0.11612,0.00054,1.00000,1.00000,0.00000,0.00000,none
16.27917,89.98698,81.35032,1.21383,-0.00877,-0.00002,0.00663,0.02807,60.00000,60.00000,158.64968,0.00000,0.11612,0.00055,1.00000,1.00000,0.00000,0.00000,none
16.28333,89.98698,81.35174,1.21363,-0.00877,-0.00002,0.00675,0.02800,60.00000,60.00000,158.64826,0.00000,0.11613,0.00056,1.00000,1.00000,0.00000,0.00000,none
16.28750,89.98699,81.35315,1.21343,-0.00877,-0.00002,0.00686,0.02793,60.00000,60.00000,158.64685,0.00000,0.11613,0.00057,1.00000,1.00000,0.00000,0.00000,none
16.29167,89.98700,81.35457,1.21323,-0.00877,-0.00002,0.00698,0.02785,60.00000,60.00000,158.64543,0.00000,0.11614,0.00058,1.00000,1.00000,0.00000,0.00000,none
16.29583,89.98700,81.35598,1.21302,-0.00877,-0.00002,0.00710,0.02777,60.00000,60.00000,158.64402,0.00000,0.11614,0.00059,1.00000,1.00000,0.00000,0.00000,none
16.30000,89.98701,81.35740,1.21282,-0.00877,-0.00002,0.00721,0.02770,60.00000,60.00000,158.64260,0.00000,0.11615,0.00060,1.00000,1.00000,0.00000,0.00000,none
16.30417,89.98701,81.35881,1.21262,-0.00877,-0.00002,0.00733,0.02762,60.00000,60.00000,158.64119,0.00000,0.11615,0.00061,1.00000,1.00000,0.00000,0.00000,none
16.30833,89.98702,81.36022,1.21242,-0.00878,-0.00002,0.00744,0.02753,60.00000,60.00000,158.63978,0.00000,0.11616,0.00062,1.00000,1.00000,0.00000,0.00000,none
16.31250,89.98702,81.36164,1.21222,-0.00878,-0.00002,0.00756,0.02745,60.00000,60.00000,158.63836,0.00000,0.11616,0.00063,1.00000,1.00000,0.00000,0.00000,none
16.31667,89.98703,81.36305,1.21202,-0.00878,-0.00002,0.00767,0.02737,60.00000,60.00000,158.63695,0.00000,0.11617,0.00064,1.00000,1.00000,0.00000,0.00000,none
16.32083,89.98703,81.36446,1.21182,-0.00878,-0.00002,0.00778,0.02728,60.00000,60.00000,158.63554,0.00000,0.11617,0.00065,1.00000,1.00000,0.00000,0.00000,none
16.32500,89.98704,81.36588,1.21162,-0.00878,-0.00002,0.00790,0.02719,60.00000,60.00000,158.63412,0.00000,0.11617,0.00066,1.00000,1.00000,0.00000,0.00000,none
16.32917,89.98705,81.36729,1.21142,-0.00878,-0.00002,0.00801,0.02710,60.00000,60.00000,158.63271,0.00000,0.11618,0.00067,1.00000,1.00000,0.00000,0.00000,none
16.33333,89.98705,81.36870,1.21122,-0.00878,-0.00002,0.00812,0.02701,60.00000,60.00000,158.63130,0.00000,0.11618,0.00068,1.00000,1.00000,0.00000,0.00000,none
16.33750,89.98706,81.37011,1.21102,-0.00878,-0.00002,0.00824,0.02692,60.00000,60.00000,158.62989,0.00000,0.11619,0.00069,1.00000,1.00000,0.00000,0.00000,none
16.34167,89.98706,81.37152,1.21081,-0.00878,-0.00002,0.00835,0.02683,60.00000,60.00000,158.62848,0.00000,0.11619,0.00070,1.00000,1.00000,0.00000,0.00000,none
16.34583,89.98707,81.37293,1.21061,-0.00878,-0.00002,0.00846,0.02673,60.00000,60.00000,158.62707,0.00000,0.11620,0.00070,1.00000,1.00000,0.00000,0.00000,none
16.35000,89.98707,81.37434,1.21041,-0.00879,-0.00002,0.00857,0.02663,60.00000,60.00000,158.62566,0.00000,0.11620,0.00071,1.00000,1.00000,0.00000,0.00000,none
16.35417,89.98708,81.37575,1.21021,-0.00879,-0.00002,0.00868,0.02653,60.00000,60.00000,158.62425,0.00000,0.11621,0.00072,1.00000,1.00000,0.00000,0.00000,none
16.35833,89.98709,81.37716,1.21001,-0.00879,-0.00002,0.00879,0.02643,60.00000,60.00000,158.62284,0.00000,0.11621,0.00073,1.00000,1.00000,0.00000,0.00000,none
16.36250,89.98709,81.37856,1.20981,-0.00879,-0.00002,0.00890,0.02633,60.00000,60.00000,158.62144,0.00000,0.11622,0.00074,1.00000,1.00000,0.00000,0.00000,none
16.36667,89.98710,81.37997,1.20961,-0.00879,-0.00002,0.00901,0.02623,60.00000,60.00000,158.62003,0.00000,0.11622,0.00075,1.00000,1.00000,0.00000,0.00000,none
16.37083,89.98710,81.38138,1.20941,-0.00879,-0.00002,0.00912,0.02613,60.00000,60.00000,158.61862,0.00000,0.11623,0.00076,1.00000,1.00000,0.00000,0.00000,none
16.37500,89.98711,81.38279,1.20921,-0.00879,-0.00002,0.00923,0.02602,60.00000,60.00000,158.61721,0.00000,0.11623,0.00077,1.00000,1.00000,0.00000,0.00000,none
16.37917,89.98711,81.38419,1.20901,-0.00879,-0.00002,0.00934,0.02591,60.00000,60.00000,158.61581,0.00000,0.11624,0.00078,1.00000,1.00000,0.00000,0.00000,none
16.38333,89.98712,81.38560,1.20881,-0.00879,-0.00002,0.00944,0.02580,60.00000,60.00000,158.61440,0.00000,0.11624,0.00079,1.00000,1.00000,0.00000,0.00000,none
16.38750,89.98712,81.38700,1.20861,-0.00880,-0.00002,0.00955,0.02569,60.00000,60.00000,158.61300,0.00000,0.11624,0.00080,1.00000,1.00000,0.00000,0.00000,none
16.39167,89.98713,81.38841,1.20841,-0.00880,-0.00002,0.00966,0.02558,60.00000,60.00000,158.61159,0.00000,0.11625,0.00080,1.00000,1.00000,0.00000,0.00000,none
16.39583,89.98714,81.38981,1.20821,-0.00880,-0.00002,0.00976,0.02547,60.00000,60.00000,158.61019,0.00000,0.11625,0.00081,1.00000,1.00000,0.00000,0.00000,none
16.40000,89.98714,81.39122,1.20801,-0.00880,-0.00002,0.00987,0.02536,60.00000,60.00000,158.60878,0.00000,0.11626,0.00082,1.00000,1.00000,0.00000,0.00000,none
16.40417,89.98715,81.39262,1.20781,-0.00880,-0.00002,0.00998,0.02524,60.00000,60.00000,158.60738,0.00000,0.11626,0.00083,1.00000,1.00000,0.00000,0.00000,none
16.40833,89.98715,81.39402,1.20761,-0.00880,-0.00002,0.01008,0.02512,60.00000,60.00000,158.60598,0.00000,0.11627,0.00084,1.00000,1.00000,0.00000,0.00000,none
16.41250,89.98716,81.39543,1.20741,-0.00880,-0.00002,0.01019,0.02500,60.00000,60.00000,158.60457,0.00000,0.11627,0.00085,1.00000,1.00000,0.00000,0.00000,none
16.41667,89.98716,81.39683,1.20722,-0.00880,-0.00002,0.01029,0.02488,60.00000,60.00000,158.60317,0.00000,0.11628,0.00086,1.00000,1.00000,0.00000,0.00000,none
16.42083,89.98717,81.39823,1.20702,-0.00880,-0.00002,0.01039,0.02476,60.00000,60.00000,158.60177,0.00000,0.11628,0.00087,1.00000,1.00000,0.00000,0.00000,none
16.42500,89.98718,81.39963,1.20682,-0.00880,-0.00002,0.01050,0.02464,60.00000,60.00000,158.60037,0.00000,0.11629,0.00087,1.00000,1.00000,0.00000,0.00000,none
16.42917,89.98718,81.40103,1.20662,-0.00881,-0.00002,0.01060,0.02452,60.00000,60.00000,158.59897,0.00000,0.11629,0.00088,1.00000,1.00000,0.00000,0.00000,none
16.43333,89.98719,81.40244,1.20642,-0.00881,-0.00002,0.01070,0.02439,60.00000,60.00000,158.59756,0.00000,0.11630,0.00089,1.00000,1.00000,0.00000,0.00000,none
16.43750,89.98719,81.40384,1.20622,-0.00881,-0.00002,0.01080,0.02427,60.00000,60.00000,158.59616,0.00000,0.11630,0.00090,1.00000,1.00000,0.00000,0.00000,none
16.44167,89.98720,81.40524,1.20602,-0.00881,-0.00002,0.01090,0.02414,60.00000,60.00000,158.59476,0.00000,0.11631,0.00091,1.00000,1.00000,0.00000,0.00000,none
16.44583,89.98720,81.40663,1.20582,-0.00881,-0.00002,0.01100,0.02401,60.00000,60.00000,158.59337,0.00000,0.11631,0.00092,1.00000,1.00000,0.00000,0.00000,none
16.45000,89.98721,81.40803,1.20562,-0.00881,-0.00002,0.01110,0.02388,60.00000,60.00000,158.59197,0.00000,0.11632,0.00093,1.00000,1.00000,0.00000,0.00000,none
16.45417,89.98722,81.40943,1.20542,-0.00881,-0.00002,0.01120,0.02375,60.00000,60.00000,158.59057,0.00000,0.11632,0.00093,1.00000,1.00000,0.00000,0.00000,none
16.45833,89.98722,81.41083,1.20522,-0.00881,-0.00002,0.01130,0.02362,60.00000,60.00000,158.58917,0.00000,0.11632,0.00094,1.00000,1.00000,0.00000,0.00000,none
16.46250,89.98723,81.41223,1.20503,-0.00881,-0.00002,0.01140,0.02348,60.00000,60.00000,158.58777,0.00000,0.11633,0.00095,1.00000,1.00000,0.00000,0.00000,none
16.46667,89.98723,81.41363,1.20483,-0.00882,-0.00002,0.01150,0.02335,60.00000,60.00000,158.58637,0.00000,0.11633,0.00096,1.00000,1.00000,0.00000,0.00000,none
16.47083,89.98724,81.41502,1.20463,-0.00882,-0.00002,0.01159,0.02321,60.00000,60.00000,158.58498,0.00000,0.11634,0.00097,1.00000,1.00000,0.00000,0.00000,none
16.47500,89.98724,81.41642,1.20443,-0.00882,-0.00002,0.01169,0.02308,60.00000,60.00000,158.58358,0.00000,0.11634,0.00097,1.00000,1.00000,0.00000,0.00000,none
16.47917,89.98725,81.41782,1.20423,-0.00882,-0.00002,0.01179,0.02294,60.00000,60.00000,158.58218,0.00000,0.11635,0.00098,1.00000,1.00000,0.00000,0.00000,none
16.48333,89.98726,81.41921,1.20403,-0.00882,-0.00002,0.01188,0.02280,60.00000,60.00000,158.58079,0.00000,0.11635,0.00099,1.00000,1.00000,0.00000,0.00000,none
16.48750,89.98726,81.42061,1.20383,-0.00882,-0.00002,0.01198,0.02266,60.00000,60.00000,158.57939,0.00000,0.11636,0.00100,1.00000,1.00000,0.00000,0.00000,none
16.49167,89.98727,81.42200,1.20364,-0.00882,-0.00002,0.01207,0.02252,60.00000,60.00000,158.57800,0.00000,0.11636,0.00101,1.00000,1.00000,0.00000,0.00000,none
16.49583,89.98727,81.42340,1.20344,-0.00882,-0.00002,0.01216,0.02238,60.00000,60.00000,158.57660,0.00000,0.11637,0.00101,1.00000,1.00000,0.00000,0.00000,none
16.50000,89.98728,81.42479,1.20324,-0.00882,-0.00002,0.01226,0.02223,60.00000,60.00000,158.57521,0.00000,0.11637,0.00102,1.00000,1.00000,0.00000,0.00000,none
16.50417,89.98728,81.42618,1.20304,-0.00883,-0.00002,0.01235,0.02209,60.00000,60.00000,158.57382,0.00000,0.11638,0.00103,1.00000,1.00000,0.00000,0.00000,none
16.50833,89.98729,81.42758,1.20284,-0.00883,-0.00002,0.01244,0.02194,60.00000,60.00000,158.57242,0.00000,0.11638,0.00104,1.00000,1.00000,0.00000,0.00000,none
16.51250,89.98730,81.42897,1.20264,-0.00883,-0.00002,0.01253,0.02180,60.00000,60.00000,158.57103,0.00000,0.11639,0.00104,1.00000,1.00000,0.00000,0.00000,none
16.51667,89.98730,81.43036,1.20245,-0.00883,-0.00002,0.01262,0.02165,60.00000,60.00000,158.56964,0.00000,0.11639,0.00105,1.00000,1.00000,0.00000,0.00000,none
16.52083,89.98731,81.43175,1.20225,-0.00883,-0.00002,0.01271,0.02150,60.00000,60.00000,158.56825,0.00000,0.11639,0.00106,1.00000,1.00000,0.00000,0.00000,none
16.52500,89.98731,81.43315,1.20205,-0.00883,-0.00002,0.01280,0.02135,60.00000,60.00000,158.56685,0.00000,0.11640,0.00107,1.00000,1.00000,0.00000,0.00000,none
16.52917,89.98732,81.43454,1.20185,-0.00883,-0.00002,0.01289,0.02120,60.00000,60.00000,158.56546,0.00000,0.11640,0.00107,1.00000,1.00000,0.00000,0.00000,none
16.53333,89.98732,81.43593,1.20166,-0.00883,-0.00002,0.01298,0.02105,60.00000,60.00000,158.56407,0.00000,0.11641,0.00108,1.00000,1.00000,0.00000,0.00000,none
16.53750,89.98733,81.43732,1.20146,-0.00883,-0.00002,0.01306,0.02089,60.00000,60.00000,158.56268,0.00000,0.11641,0.00109,1.00000,1.00000,0.00000,0.00000,none
16.54167,89.98734,81.43871,1.20126,-0.00883,-0.00002,0.01315,0.02074,60.00000,60.00000,158.56129,0.00000,0.11642,0.00110,1.00000,1.00000,0.00000,0.00000,none
16.54583,89.98734,81.44010,1.20106,-0.00884,-0.00002,0.01324,0.02059,60.00000,60.00000,158.55990,0.00000,0.11642,0.00110,1.00000,1.00000,0.00000,0.00000,none
16.55000,89.98735,81.44149,1.20087,-0.00884,-0.00002,0.01332,0.02043,60.00000,60.00000,158.55851,0.00000,0.11643,0.00111,1.00000,1.00000,0.00000,0.00000,none
16.55417,89.98735,81.44287,1.20067,-0.00884,-0.00002,0.01341,0.02027,60.00000,60.00000,158.55713,0.00000,0.11643,0.00112,1.00000,1.00000,0.00000,0.00000,none
16.55833,89.98736,81.44426,1.20047,-0.00884,-0.00002,0.01349,0.02012,60.00000,60.00000,158.55574,0.00000,0.11644,0.00112,1.00000,1.00000,0.00000,0.00000,none
16.56250,89.98737,81.44565,1.20027,-0.00884,-0.00002,0.01358,0.01996,60.00000,60.00000,158.55435,0.00000,0.11644,0.00113,1.00000,1.00000,0.00000,0.00000,none
16.56667,89.98737,81.44704,1.20008,-0.00884,-0.00002,0.01366,0.01980,60.00000,60.00000,158.55296,0.00000,0.11645,0.00114,1.00000,1.00000,0.00000,0.00000,none
16.57083,89.98738,81.44842,1.19988,-0.00884,-0.00002,0.01374,0.01964,60.00000,60.00000,158.55158,0.00000,0.11645,0.00115,1.00000,1.00000,0.00000,0.00000,none
16.57500,89.98738,81.44981,1.19968,-0.00884,-0.00002,0.01382,0.01948,60.00000,60.00000,158.55019,0.00000,0.11646,0.00115,1.00000,1.00000,0.00000,0.00000,none
16.57917,89.98739,81.45120,1.19948,-0.00884,-0.00002,0.01390,0.01932,60.00000,60.00000,158.54880,0.00000,0.11646,0.00116,1.00000,1.00000,0.00000,0.00000,none
16.58333,89.98739,81.45258,1.19929,-0.00885,-0.00002,0.01398,0.01916,60.00000,60.00000,158.54742,0.00000,0.11647,0.00117,1.00000,1.00000,0.00000,0.00000,none
16.58750,89.98740,81.45397,1.19909,-0.00885,-0.00002,0.01406,0.01899,60.00000,60.00000,158.54603,0.00000,0.11647,0.00117,1.00000,1.00000,0.00000,0.00000,none
16.59167,89.98741,81.45535,1.19889,-0.00885,-0.00002,0.01414,0.01883,60.00000,60.00000,158.54465,0.00000,0.11647,0.00118,1.00000,1.00000,0.00000,0.00000,none
16.59583,89.98741,81.45674,1.19870,-0.00885,-0.00002,0.01422,0.01866,60.00000,60.00000,158.54326,0.00000,0.11648,0.00118,1.00000,1.00000,0.00000,0.00000,none
16.60000,89.98742,81.45812,1.19850,-0.00885,-0.00002,0.01430,0.01850,60.00000,60.00000,158.54188,0.00000,0.11648,0.00119,1.00000,1.00000,0.00000,0.00000,none
16.60417,89.98742,81.45950,1.19830,-0.00885,-0.00002,0.01437,0.01833,60.00000,60.00000,158.54050,0.00000,0.11649,0.00120,1.00000,1.00000,0.00000,0.00000,none
16.60833,89.98743,81.46089,1.19811,-0.00885,-0.00002,0.01445,0.01817,60.00000,60.00000,158.53911,0.00000,0.11649,0.00120,1.00000,1.00000,0.00000,0.00000,none
16.61250,89.98743,81.46227,1.19791,-0.00885,-0.00002,0.01452,0.01800,60.00000,60.00000,158.53773,0.00000,0.11650,0.00121,1.00000,1.00000,0.00000,0.00000,none
16.61667,89.98744,81.46365,1.19771,-0.00885,-0.00002,0.01460,0.01783,60.00000,60.00000,158.53635,0.00000,0.11650,0.00122,1.00000,1.00000,0.00000,0.00000,none
16.62083,89.98745,81.46503,1.19752,-0.00885,-0.00002,0.01467,0.01766,60.00000,60.00000,158.53497,0.00000,0.11651,0.00122,1.00000,1.00000,0.00000,0.00000,none
16.62500,89.98745,81.46641,1.19732,-0.00886,-0.00002,0.01475,0.01749,60.00000,60.00000,158.53359,0.00000,0.11651,0.00123,1.00000,1.00000,0.00000,0.00000,none
16.62917,89.98746,81.46780,1.19713,-0.00886,-0.00002,0.01482,0.01732,60.00000,60.00000,158.53220,0.00000,0.11652,0.00123,1.00000,1.00000,0.00000,0.00000,none
16.63333,89.98746,81.46918,1.19693,-0.00886,-0.00002,0.01489,0.01715,60.00000,60.00000,158.53082,0.00000,0.11652,0.00124,1.00000,1.00000,0.00000,0.00000,none
16.63750,89.98747,81.47056,1.19673,-0.00886,-0.00002,0.01496,0.01698,60.00000,60.00000,158.52944,0.00000,0.11653,0.00125,1.00000,1.00000,0.00000,0.00000,none
16.64167,89.98748,81.47194,1.19654,-0.00886,-0.00002,0.01503,0.01681,60.00000,60.00000,158.52806,0.00000,0.11653,0.00125,1.00000,1.00000,0.00000,0.00000,none
16.64583,89.98748,81.47332,1.19634,-0.00886,-0.00002,0.01510,0.01663,60.00000,60.00000,158.52668,0.00000,0.11653,0.00126,1.00000,1.00000,0.00000,0.00000,none
16.65000,89.98749,81.47469,1.19614,-0.00886,-0.00002,0.01517,0.01646,60.00000,60.00000,158.52531,0.00000,0.11654,0.00126,1.00000,1.00000,0.00000,0.00000,none
16.65417,89.98749,81.47607,1.19595,-0.00886,-0.00002,0.01524,0.01629,60.00000,60.00000,158.52393,0.00000,0.11654,0.00127,1.00000,1.00000,0.00000,0.00000,none
16.65833,89.98750,81.47745,1.19575,-0.00886,-0.00002,0.01531,0.01611,60.00000,60.00000,158.52255,0.00000,0.11655,0.00128,1.00000,1.00000,0.00000,0.00000,none
16.66250,89.98750,81.47883,1.19556,-0.00887,-0.00002,0.01537,0.01594,60.00000,60.00000,158.52117,0.00000,0.11655,0.00128,1.00000,1.00000,0.00000,0.00000,none
16.66667,89.98751,81.48021,1.19536,-0.00887,-0.00002,0.01544,0.01576,60.00000,60.00000,158.51979,0.00000,0.11656,0.00129,1.00000,1.00000,0.00000,0.00000,none
16.67083,89.98752,81.48158,1.19517,-0.00887,-0.00002,0.01550,0.01559,60.00000,60.00000,158.51842,0.00000,0.11656,0.00129,1.00000,1.00000,0.00000,0.00000,none
16.67500,89.98752,81.48296,1.19497,-0.00887,-0.00002,0.01557,0.01541,60.00000,60.00000,158.51704,0.00000,0.11657,0.00130,1.00000,1.00000,0.00000,0.00000,none
16.67917,89.98753,81.48433,1.19477,-0.00887,-0.00002,0.01563,0.01523,60.00000,60.00000,158.51567,0.00000,0.11657,0.00130,1.00000,1.00000,0.00000,0.00000,none
16.68333,89.98753,81.48571,1.19458,-0.00887,-0.00002,0.01570,0.01506,60.00000,60.00000,158.51429,0.00000,0.11658,0.00131,1.00000,1.00000,0.00000,0.00000,none
16.68750,89.98754,81.48709,1.19438,-0.00887,-0.00002,0.01576,0.01488,60.00000,60.00000,158.51291,0.00000,0.11658,0.00131,1.00000,1.00000,0.00000,0.00000,none
16.69167,89.98754,81.48846,1.19419,-0.00887,-0.00002,0.01582,0.01470,60.00000,60.00000,158.51154,0.00000,0.11659,0.00132,1.00000,1.00000,0.00000,0.00000,none
16.69583,89.98755,81.48983,1.19399,-0.00887,-0.00002,0.01588,0.01452,60.00000,60.00000,158.51017,0.00000,0.11659,0.00132,1.00000,1.00000,0.00000,0.00000,none
16.70000,89.98756,81.49121,1.19380,-0.00888,-0.00002,0.01594,0.01434,60.00000,60.00000,158.50879,0.00000,0.11660,0.00133,1.00000,1.00000,0.00000,0.00000,none
16.70417,89.98756,81.49258,1.19360,-0.00888,-0.00002,0.01600,0.01416,60.00000,60.00000,158.50742,0.00000,0.11660,0.00133,1.00000,1.00000,0.00000,0.00000,none
16.70833,89.98757,81.49396,1.19341,-0.00888,-0.00002,0.01606,0.01398,60.00000,60.00000,158.50604,0.00000,0.11660,0.00134,1.00000,1.00000,0.00000,0.00000,none
16.71250,89.98757,81.49533,1.19321,-0.00888,-0.00002,0.01612,0.01380,60.00000,60.00000,158.50467,0.00000,0.11661,0.00134,1.00000,1.00000,0.00000,0.00000,none
16.71667,89.98758,81.49670,1.19302,-0.00888,-0.00002,0.01617,0.01362,60.00000,60.00000,158.50330,0.00000,0.11661,0.00135,1.00000,1.00000,0.00000,0.00000,none
16.72083,89.98759,81.49807,1.19282,-0.00888,-0.00002,0.01623,0.01344,60.00000,60.00000,158.50193,0.00000,0.11662,0.00135,1.00000,1.00000,0.00000,0.00000,none
16.72500,89.98759,81.49944,1.19263,-0.00888,-0.00002,0.01629,0.01326,60.00000,60.00000,158.50056,0.00000,0.11662,0.00136,1.00000,1.00000,0.00000,0.00000,none
16.72917,89.98760,81.50081,1.19243,-0.00888,-0.00002,0.01634,0.01307,60.00000,60.00000,158.49919,0.00000,0.11663,0.00136,1.00000,1.00000,0.00000,0.00000,none
16.73333,89.98760,81.50219,1.19224,-0.00888,-0.00002,0.01640,0.01289,60.00000,60.00000,158.49781,0.00000,0.11663,0.00137,1.00000,1.00000,0.00000,0.00000,none
16.73750,89.98761,81.50356,1.19204,-0.00888,-0.00002,0.01645,0.01271,60.00000,60.00000,158.49644,0.00000,0.11664,0.00137,1.00000,1.00000,0.00000,0.00000,none
16.74167,89.98762,81.50493,1.19185,-0.00889,-0.00002,0.01650,0.01253,60.00000,60.00000,158.49507,0.00000,0.11664,0.00138,1.00000,1.00000,0.00000,0.00000,none
16.74583,89.98762,81.50629,1.19165,-0.00889,-0.00002,0.01655,0.01234,60.00000,60.00000,158.49371,0.00000,0.11665,0.00138,1.00000,1.00000,0.00000,0.00000,none
16.75000,89.98763,81.50766,1.19146,-0.00889,-0.00002,0.01660,0.01216,60.00000,60.00000,158.49234,0.00000,0.11665,0.00138,1.00000,1.00000,0.00000,0.00000,none
16.75417,89.98763,81.50903,1.19126,-0.00889,-0.00002,0.01665,0.01197,60.00000,60.00000,158.49097,0.00000,0.11666,0.00139,1.00000,1.00000,0.00000,0.00000,none
16.75833,89.98764,81.51040,1.19107,-0.00889,-0.00002,0.01670,0.01179,60.00000,60.00000,158.48960,0.00000,0.11666,0.00139,1.00000,1.00000,0.00000,0.00000,none
16.76250,89.98764,81.51177,1.19088,-0.00889,-0.00002,0.01675,0.01161,60.00000,60.00000,158.48823,0.00000,0.11667,0.00140,1.00000,1.00000,0.00000,0.00000,none
16.76667,89.98765,81.51314,1.19068,-0.00889,-0.00002,0.01680,0.01142,60.00000,60.00000,158.48686,0.00000,0.11667,0.00140,1.00000,1.00000,0.00000,0.00000,none
16.77083,89.98766,81.51450,1.19049,-0.00889,-0.00002,0.01685,0.01124,60.00000,60.00000,158.48550,0.00000,0.11667,0.00140,1.00000,1.00000,0.00000,0.00000,none
16.77500,89.98766,81.51587,1.19029,-0.00889,-0.00002,0.01689,0.01105,60.00000,60.00000,158.48413,0.00000,0.11668,0.00141,1.00000,1.00000,0.00000,0.00000,none
16.77917,89.98767,81.51724,1.19010,-0.00890,-0.00002,0.01694,0.01087,60.00000,60.00000,158.48276,0.00000,0.11668,0.00141,1.00000,1.00000,0.00000,0.00000,none
16.78333,89.98767,81.51860,1.18991,-0.00890,-0.00002,0.01698,0.01068,60.00000,60.00000,158.48140,0.00000,0.11669,0.00142,1.00000,1.00000,0.00000,0.00000,none
16.78750,89.98768,81.51997,1.18971,-0.00890,-0.00002,0.01703,0.01050,60.00000,60.00000,158.48003,0.00000,0.11669,0.00142,1.00000,1.00000,0.00000,0.00000,none
16.79167,89.98769,81.52133,1.18952,-0.00890,-0.00002,0.01707,0.01031,60.00000,60.00000,158.47867,0.00000,0.11670,0.00142,1.00000,1.00000,0.00000,0.00000,none
16.79583,89.98769,81.52270,1.18932,-0.00890,-0.00002,0.01711,0.01013,60.00000,60.00000,158.47730,0.00000,0.11670,0.00143,1.00000,1.00000,0.00000,0.00000,none
16.80000,89.98770,81.52406,1.18913,-0.00890,-0.00002,0.01716,0.00994,60.00000,60.00000,158.47594,0.00000,0.11671,0.00143,1.00000,1.00000,0.00000,0.00000,none
16.80417,89.98770,81.52542,1.18894,-0.00890,-0.00002,0.01720,0.00975,60.00000,60.00000,158.47458,0.00000,0.11671,0.00143,1.00000,1.00000,0.00000,0.00000,none
16.80833,89.98771,81.52679,1.18874,-0.00890,-0.00002,0.01724,0.00957,60.00000,60.00000,158.47321,0.00000,0.11672,0.00144,1.00000,1.00000,0.00000,0.00000,none
16.81250,89.98771,81.52815,1.18855,-0.00890,-0.00002,0.01728,0.00938,60.00000,60.00000,158.47185,0.00000,0.11672,0.00144,1.00000,1.00000,0.00000,0.00000,none
16.81667,89.98772,81.52951,1.18835,-0.00890,-0.00002,0.01732,0.00920,60.00000,60.00000,158.47049,0.00000,0.11673,0.00144,1.00000,1.00000,0.00000,0.00000,none
16.82083,89.98773,81.53087,1.18816,-0.00891,-0.00002,0.01735,0.00901,60.00000,60.00000,158.46913,0.00000,0.11673,0.00145,1.00000,1.00000,0.00000,0.00000,none
16.82500,89.98773,81.53224,1.18797,-0.00891,-0.00002,0.01739,0.00882,60.00000,60.00000,158.46776,0.00000,0.11673,0.00145,1.00000,1.00000,0.00000,0.00000,none
16.82917,89.98774,81.53360,1.18777,-0.00891,-0.00002,0.01743,0.00864,60.00000,60.00000,158.46640,0.00000,0.11674,0.00145,1.00000,1.00000,0.00000,0.00000,none
16.83333,89.98774,81.53496,1.18758,-0.00891,-0.00002,0.01746,0.00845,60.00000,60.00000,158.46504,0.00000,0.11674,0.00146,1.00000,1.00000,0.00000,0.00000,none
16.83750,89.98775,81.53632,1.18739,-0.00891,-0.00002,0.01750,0.00827,60.00000,60.00000,158.46368,0.00000,0.11675,0.00146,1.00000,1.00000,0.00000,0.00000,none
16.84167,89.98776,81.53768,1.18719,-0.00891,-0.00002,0.01753,0.00808,60.00000,60.00000,158.46232,0.00000,0.11675,0.00146,1.00000,1.00000,0.00000,0.00000,none
16.84583,89.98776,81.53904,1.18700,-0.00891,-0.00002,0.01757,0.00789,60.00000,60.00000,158.46096,0.00000,0.11676,0.00146,1.00000,1.00000,0.00000,0.00000,none
16.85000,89.98777,81.54040,1.18681,-0.00891,-0.00002,0.01760,0.00771,60.00000,60.00000,158.45960,0.00000,0.11676,0.00147,1.00000,1.00000,0.00000,0.00000,none
16.85417,89.98777,81.54176,1.18662,-0.00891,-0.00002,0.01763,0.00752,60.00000,60.00000,158.45824,0.00000,0.11677,0.00147,1.00000,1.00000,0.00000,0.00000,none
16.85833,89.98778,81.54311,1.18642,-0.00892,-0.00002,0.01766,0.00733,60.00000,60.00000,158.45689,0.00000,0.11677,0.00147,1.00000,1.00000,0.00000,0.00000,none
16.86250,89.98779,81.54447,1.18623,-0.00892,-0.00002,0.01769,0.00715,60.00000,60.00000,158.45553,0.00000,0.11678,0.00147,1.00000,1.00000,0.00000,0.00000,none
16.86667,89.98779,81.54583,1.18604,-0.00892,-0.00002,0.01772,0.00696,60.00000,60.00000,158.45417,0.00000,0.11678,0.00148,1.00000,1.00000,0.00000,0.00000,none
16.87083,89.98780,81.54719,1.18584,-0.00892,-0.00002,0.01775,0.00678,60.00000,60.00000,158.45281,0.00000,0.11679,0.00148,1.00000,1.00000,0.00000,0.00000,none
16.87500,89.98780,81.54854,1.18565,-0.00892,-0.00002,0.01778,0.00659,60.00000,60.00000,158.45146,0.00000,0.11679,0.00148,1.00000,1.00000,0.00000,0.00000,none
16.87917,89.98781,81.54990,1.18546,-0.00892,-0.00002,0.01780,0.00641,60.00000,60.00000,158.45010,0.00000,0.11679,0.00148,1.00000,1.00000,0.00000,0.00000,none
16.88333,89.98782,81.55126,1.18527,-0.00892,-0.00002,0.01783,0.00622,60.00000,60.00000,158.44874,0.00000,0.11680,0.00149,1.00000,1.00000,0.00000,0.00000,none
16.88750,89.98782,81.55261,1.18507,-0.00892,-0.00002,0.01786,0.00604,60.00000,60.00000,158.44739,0.00000,0.11680,0.00149,1.00000,1.00000,0.00000,0.00000,none
16.89167,89.98783,81.55397,1.18488,-0.00892,-0.00002,0.01788,0.00585,60.00000,60.00000,158.44603,0.00000,0.11681,0.00149,1.00000,1.00000,0.00000,0.00000,none
16.89583,89.98783,81.55532,1.18469,-0.00893,-0.00002,0.01790,0.00567,60.00000,60.00000,158.44468,0.00000,0.11681,0.00149,1.00000,1.00000,0.00000,0.00000,none
16.90000,89.98784,81.55668,1.18450,-0.00893,-0.00002,0.01793,0.00548,60.00000,60.00000,158.44332,0.00000,0.11682,0.00149,1.00000,1.00000,0.00000,0.00000,none
16.90417,89.98784,81.55803,1.18430,-0.00893,-0.00002,0.01795,0.00530,60.00000,60.00000,158.44197,0.00000,0.11682,0.00150,1.00000,1.00000,0.00000,0.00000,none
16.90833,89.98785,81.55938,1.18411,-0.00893,-0.00002,0.01797,0.00511,60.00000,60.00000,158.44062,0.00000,0.11683,0.00150,1.00000,1.00000,0.00000,0.00000,none
16.91250,89.98786,81.56074,1.18392,-0.00893,-0.00002,0.01799,0.00493,60.00000,60.00000,158.43926,0.00000,0.11683,0.00150,1.00000,1.00000,0.00000,0.00000,none
16.91667,89.98786,81.56209,1.18373,-0.00893,-0.00002,0.01801,0.00474,60.00000,60.00000,158.43791,0.00000,0.11684,0.00150,1.00000,1.00000,0.00000,0.00000,none
16.92083,89.98787,81.56344,1.18353,-0.00893,-0.00002,0.01803,0.00456,60.00000,60.00000,158.43656,0.00000,0.11684,0.00150,1.00000,1.00000,0.00000,0.00000,none
16.92500,89.98787,81.56479,1.18334,-0.00893,-0.00002,0.01805,0.00438,60.00000,60.00000,158.43521,0.00000,0.11685,0.00150,1.00000,1.00000,0.00000,0.00000,none
16.92917,89.98788,81.56615,1.18315,-0.00893,-0.00002,0.01807,0.00419,60.00000,60.00000,158.43385,0.00000,0.11685,0.00151,1.00000,1.00000,0.00000,0.00000,none
16.93333,89.98789,81.56750,1.18296,-0.00893,-0.00002,0.01809,0.00401,60.00000,60.00000,158.43250,0.00000,0.11686,0.00151,1.00000,1.00000,0.00000,0.00000,none
16.93750,89.98789,81.56885,1.18277,-0.00894,-0.00002,0.01810,0.00383,60.00000,60.00000,158.43115,0.00000,0.11686,0.00151,1.00000,1.00000,0.00000,0.00000,none
16.94167,89.98790,81.57020,1.18258,-0.00894,-0.00002,0.01812,0.00365,60.00000,60.00000,158.42980,0.00000,0.11686,0.00151,1.00000,1.00000,0.00000,0.00000,none
16.94583,89.98790,81.57155,1.18238,-0.00894,-0.00002,0.01813,0.00346,60.00000,60.00000,158.42845,0.00000,0.11687,0.00151,1.00000,1.00000,0.00000,0.00000,none
16.95000,89.98791,81.57290,1.18219,-0.00894,-0.00002,0.01815,0.00328,60.00000,60.00000,158.42710,0.00000,0.11687,0.00151,1.00000,1.00000,0.00000,0.00000,none
16.95417,89.98792,81.57425,1.18200,-0.00894,-0.00002,0.01816,0.00310,60.00000,60.00000,158.42575,0.00000,0.11688,0.00151,1.00000,1.00000,0.00000,0.00000,none
16.95833,89.98792,81.57560,1.18181,-0.00894,-0.00002,0.01817,0.00292,60.00000,60.00000,158.42440,0.00000,0.11688,0.00151,1.00000,1.00000,0.00000,0.00000,none
16.96250,89.98793,81.57694,1.18162,-0.00894,-0.00002,0.01818,0.00274,60.00000,60.00000,158.42306,0.00000,0.11689,0.00152,1.00000,1.00000,0.00000,0.00000,none
16.96667,89.98793,81.57829,1.18143,-0.00894,-0.00002,0.01819,0.00256,60.00000,60.00000,158.42171,0.00000,0.11689,0.00152,1.00000,1.00000,0.00000,0.00000,none
16.97083,89.98794,81.57964,1.18123,-0.00894,-0.00002,0.01821,0.00238,60.00000,60.00000,158.42036,0.00000,0.11690,0.00152,1.00000,1.00000,0.00000,0.00000,none
16.97500,89.98795,81.58099,1.18104,-0.00895,-0.00002,0.01821,0.00220,60.00000,60.00000,158.41901,0.00000,0.11690,0.00152,1.00000,1.00000,0.00000,0.00000,none
16.97917,89.98795,81.58233,1.18085,-0.00895,-0.00002,0.01822,0.00202,60.00000,60.00000,158.41767,0.00000,0.11691,0.00152,1.00000,1.00000,0.00000,0.00000,none
16.98333,89.98796,81.58368,1.18066,-0.00895,-0.00002,0.01823,0.00184,60.00000,60.00000,158.41632,0.00000,0.11691,0.00152,1.00000,1.00000,0.00000,0.00000,none
16.98750,89.98796,81.58503,1.18047,-0.00895,-0.00002,0.01824,0.00167,60.00000,60.00000,158.41497,0.00000,0.11692,0.00152,1.00000,1.00000,0.00000,0.00000,none
16.99167,89.98797,81.58637,1.18028,-0.00895,-0.00002,0.01825,0.00149,60.00000,60.00000,158.41363,0.00000,0.11692,0.00152,1.00000,1.00000,0.00000,0.00000,none
16.99583,89.98798,81.58772,1.18009,-0.00895,-0.00002,0.01825,0.00131,60.00000,60.00000,158.41228,0.00000,0.11692,0.00152,1.00000,1.00000,0.00000,0.00000,none
17.00000,89.98798,81.58906,1.17990,-0.00895,-0.00002,0.01826,0.00113,60.00000,60.00000,158.41094,0.00000,0.11693,0.00152,1.00000,1.00000,0.00000,0.00000,none
17.00417,89.98799,81.59040,1.17971,-0.00895,-0.00002,0.01826,0.00096,60.00000,60.00000,158.40960,0.00000,0.11693,0.00152,1.00000,1.00000,0.00000,0.00000,none
17.00833,89.98799,81.59175,1.17951,-0.00895,-0.00002,0.01826,0.00078,60.00000,60.00000,158.40825,0.00000,0.11694,0.00152,1.00000,1.00000,0.00000,0.00000,none
17.01250,89.98800,81.59309,1.17932,-0.00895,-0.00002,0.01827,0.00061,60.00000,60.00000,158.40691,0.00000,0.11694,0.00152,1.00000,1.00000,0.00000,0.00000,none
17.01667,89.98801,81.59444,1.17913,-0.00896,-0.00002,0.01827,0.00043,60.00000,60.00000,158.40556,0.00000,0.11695,0.00152,1.00000,1.00000,0.00000,0.00000,none
17.02083,89.98801,81.59578,1.17894,-0.00896,-0.00002,0.01827,0.00026,60.00000,60.00000,158.40422,0.00000,0.11695,0.00152,1.00000,1.00000,0.00000,0.00000,none
17.02500,89.98802,81.59712,1.17875,-0.00896,-0.00002,0.01827,0.00008,60.00000,60.00000,158.40288,0.00000,0.11696,0.00152,1.00000,1.00000,0.00000,0.00000,none
17.02917,89.98802,81.59846,1.17856,-0.00896,-0.00002,0.01827,-0.00009,60.00000,60.00000,158.40154,0.00000,0.11696,0.00152,1.00000,1.00000,0.00000,0.00000,none
17.03333,89.98803,81.59980,1.17837,-0.00896,-0.00002,0.01827,-0.00026,60.00000,60.00000,158.40020,0.00000,0.11697,0.00152,1.00000,1.00000,0.00000,0.00000,none
17.03750,89.98803,81.60115,1.17818,-0.00896,-0.00002,0.01827,-0.00043,60.00000,60.00000,158.39885,0.00000,0.11697,0.00152,1.00000,1.00000,0.00000,0.00000,none
17.04167,89.98804,81.60249,1.17799,-0.00896,-0.00002,0.01827,-0.00061,60.00000,60.00000,158.39751,0.00000,0.11697,0.00152,1.00000,1.00000,0.00000,0.00000,none
17.04583,89.98805,81.60383,1.17780,-0.00896,-0.00002,0.01826,-0.00078,60.00000,60.00000,158.39617,0.00000,0.11698,0.00152,1.00000,1.00000,0.00000,0.00000,none
17.05000,89.98805,81.60517,1.17761,-0.00896,-0.00002,0.01826,-0.00095,60.00000,60.00000,158.39483,0.00000,0.11698,0.00152,1.00000,1.00000,0.00000,0.00000,none
17.05417,89.98806,81.60651,1.17742,-0.00897,-0.00003,0.01826,-0.00112,60.00000,60.00000,158.39349,0.00000,0.11699,0.00152,1.00000,1.00000,0.00000,0.00000,none
17.05833,89.98806,81.60785,1.17723,-0.00897,-0.00003,0.01825,-0.00129,60.00000,60.00000,158.39215,0.00000,0.11699,0.00152,1.00000,1.00000,0.00000,0.00000,none
17.06250,89.98807,81.60918,1.17704,-0.00897,-0.00003,0.01825,-0.00146,60.00000,60.00000,158.39082,0.00000,0.11700,0.00152,1.00000,1.00000,0.00000,0.00000,none
17.06667,89.98808,81.61052,1.17685,-0.00897,-0.00003,0.01824,-0.00162,60.00000,60.00000,158.38948,0.00000,0.11700,0.00152,1.00000,1.00000,0.00000,0.00000,none
17.07083,89.98808,81.61186,1.17666,-0.00897,-0.00003,0.01823,-0.00179,60.00000,60.00000,158.38814,0.00000,0.11701,0.00152,1.00000,1.00000,0.00000,0.00000,none
17.07500,89.98809,81.61320,1.17647,-0.00897,-0.00003,0.01822,-0.00196,60.00000,60.00000,158.38680,0.00000,0.11701,0.00152,1.00000,1.00000,0.00000,0.00000,none
17.07917,89.98809,81.61454,1.17628,-0.00897,-0.00003,0.01822,-0.00212,60.00000,60.00000,158.38546,0.00000,0.11702,0.00152,1.00000,1.00000,0.00000,0.00000,none
17.08333,89.98810,81.61587,1.17609,-0.00897,-0.00003,0.01821,-0.00229,60.00000,60.00000,158.38413,0.00000,0.11702,0.00152,1.00000,1.00000,0.00000,0.00000,none
17.08750,89.98811,81.61721,1.17590,-0.00897,-0.00003,0.01820,-0.00245,60.00000,60.00000,158.38279,0.00000,0.11703,0.00152,1.00000,1.00000,0.00000,0.00000,none
17.09167,89.98811,81.61854,1.17571,-0.00898,-0.00003,0.01819,-0.00262,60.00000,60.00000,158.38146,0.00000,0.11703,0.00152,1.00000,1.00000,0.00000,0.00000,none
17.09583,89.98812,81.61988,1.17552,-0.00898,-0.00003,0.01818,-0.00278,60.00000,60.00000,158.38012,0.00000,0.11703,0.00151,1.00000,1.00000,0.00000,0.00000,none
17.10000,89.98812,81.62122,1.17533,-0.00898,-0.00003,0.01816,-0.00294,60.00000,60.00000,158.37878,0.00000,0.11704,0.00151,1.00000,1.00000,0.00000,0.00000,none
17.10417,89.98813,81.62255,1.17514,-0.00898,-0.00003,0.01815,-0.00311,60.00000,60.00000,158.37745,0.00000,0.11704,0.00151,1.00000,1.00000,0.00000,0.00000,none
17.10833,89.98814,81.62388,1.17495,-0.00898,-0.00003,0.01814,-0.00327,60.00000,60.00000,158.37612,0.00000,0.11705,0.00151,1.00000,1.00000,0.00000,0.00000,none
17.11250,89.98814,81.62522,1.17476,-0.00898,-0.00003,0.01812,-0.00343,60.00000,60.00000,158.37478,0.00000,0.11705,0.00151,1.00000,1.00000,0.00000,0.00000,none
17.11667,89.98815,81.62655,1.17457,-0.00898,-0.00003,0.01811,-0.00359,60.00000,60.00000,158.37345,0.00000,0.11706,0.00151,1.00000,1.00000,0.00000,0.00000,none
17.12083,89.98815,81.62789,1.17438,-0.00898,-0.00003,0.01809,-0.00375,60.00000,60.00000,158.37211,0.00000,0.11706,0.00151,1.00000,1.00000,0.00000,0.00000,none
17.12500,89.98816,81.62922,1.17419,-0.00898,-0.00003,0.01808,-0.00391,60.00000,60.00000,158.37078,0.00000,0.11707,0.00151,1.00000,1.00000,0.00000,0.00000,none
17.12917,89.98817,81.63055,1.17400,-0.00898,-0.00003,0.01806,-0.00406,60.00000,60.00000,158.36945,0.00000,0.11707,0.00151,1.00000,1.00000,0.00000,0.00000,none
17.13333,89.98817,81.63188,1.17382,-0.00899,-0.00003,0.01804,-0.00422,60.00000,60.00000,158.36812,0.00000,0.11708,0.00150,1.00000,1.00000,0.00000,0.00000,none
17.13750,89.98818,81.63321,1.17363,-0.00899,-0.00003,0.01803,-0.00438,60.00000,60.00000,158.36679,0.00000,0.11708,0.00150,1.00000,1.00000,0.00000,0.00000,none
17.14167,89.98818,81.63455,1.17344,-0.00899,-0.00003,0.01801,-0.00453,60.00000,60.00000,158.36545,0.00000,0.11709,0.00150,1.00000,1.00000,0.00000,0.00000,none
17.14583,89.98819,81.63588,1.17325,-0.00899,-0.00003,0.01799,-0.00469,60.00000,60.00000,158.36412,0.00000,0.11709,0.00150,1.00000,1.00000,0.00000,0.00000,none
17.15000,89.98820,81.63721,1.17306,-0.00899,-0.00003,0.01797,-0.00484,60.00000,60.00000,158.36279,0.00000,0.11709,0.00150,1.00000,1.00000,0.00000,0.00000,none
17.15417,89.98820,81.63854,1.17287,-0.00899,-0.00003,0.01795,-0.00499,60.00000,60.00000,158.36146,0.00000,0.11710,0.00150,1.00000,1.00000,0.00000,0.00000,none
17.15833,89.98821,81.63987,1.17268,-0.00899,-0.00003,0.01793,-0.00515,60.00000,60.00000,158.36013,0.00000,0.11710,0.00149,1.00000,1.00000,0.00000,0.00000,none
17.16250,89.98821,81.64120,1.17249,-0.00899,-0.00003,0.01790,-0.00530,60.00000,60.00000,158.35880,0.00000,0.11711,0.00149,1.00000,1.00000,0.00000,0.00000,none
17.16667,89.98822,81.64253,1.17230,-0.00899,-0.00003,0.01788,-0.00545,60.00000,60.00000,158.35747,0.00000,0.11711,0.00149,1.00000,1.00000,0.00000,0.00000,none
17.17083,89.98823,81.64385,1.17212,-0.00900,-0.00003,0.01786,-0.00560,60.00000,60.00000,158.35615,0.00000,0.11712,0.00149,1.00000,1.00000,0.00000,0.00000,none
17.17500,89.98823,81.64518,1.17193,-0.00900,-0.00003,0.01784,-0.00575,60.00000,60.00000,158.35482,0.00000,0.11712,0.00149,1.00000,1.00000,0.00000,0.00000,none
17.17917,89.98824,81.64651,1.17174,-0.00900,-0.00003,0.01781,-0.00590,60.00000,60.00000,158.35349,0.00000,0.11713,0.00148,1.00000,1.00000,0.00000,0.00000,none
17.18333,89.98824,81.64784,1.17155,-0.00900,-0.00003,0.01779,-0.00604,60.00000,60.00000,158.35216,0.00000,0.11713,0.00148,1.00000,1.00000,0.00000,0.00000,none
17.18750,89.98825,81.64916,1.17136,-0.00900,-0.00003,0.01776,-0.00619,60.00000,60.00000,158.35084,0.00000,0.11714,0.00148,1.00000,1.00000,0.00000,0.00000,none
17.19167,89.98826,81.65049,1.17117,-0.00900,-0.00003,0.01773,-0.00633,60.00000,60.00000,158.34951,0.00000,0.11714,0.00148,1.00000,1.00000,0.00000,0.00000,none
17.19583,89.98826,81.65182,1.17099,-0.00900,-0.00003,0.01771,-0.00648,60.00000,60.00000,158.34818,0.00000,0.11714,0.00148,1.00000,1.00000,0.00000,0.00000,none
17.20000,89.98827,81.65314,1.17080,-0.00900,-0.00003,0.01768,-0.00662,60.00000,60.00000,158.34686,0.00000,0.11715,0.00147,1.00000,1.00000,0.00000,0.00000,none
17.20417,89.98827,81.65447,1.17061,-0.00900,-0.00003,0.01765,-0.00677,60.00000,60.00000,158.34553,0.00000,0.11715,0.00147,1.00000,1.00000,0.00000,0.00000,none
17.20833,89.98828,81.65579,1.17042,-0.00901,-0.00003,0.01762,-0.00691,60.00000,60.00000,158.34421,0.00000,0.11716,0.00147,1.00000,1.00000,0.00000,0.00000,none
17.21250,89.98829,81.65712,1.17023,-0.00901,-0.00003,0.01760,-0.00705,60.00000,60.00000,158.34288,0.00000,0.11716,0.00147,1.00000,1.00000,0.00000,0.00000,none
17.21667,89.98829,81.65844,1.17004,-0.00901,-0.00003,0.01757,-0.00719,60.00000,60.00000,158.34156,0.00000,0.11717,0.00146,1.00000,1.00000,0.00000,0.00000,none
17.22083,89.98830,81.65977,1.16986,-0.00901,-0.00003,0.01754,-0.00733,60.00000,60.00000,158.34023,0.00000,0.11717,0.00146,1.00000,1.00000,0.00000,0.00000,none
17.22500,89.98830,81.66109,1.16967,-0.00901,-0.00003,0.01750,-0.00747,60.00000,60.00000,158.33891,0.00000,0.11718,0.00146,1.00000,1.00000,0.00000,0.00000,none
17.22917,89.98831,81.66241,1.16948,-0.00901,-0.00003,0.01747,-0.00760,60.00000,60.00000,158.33759,0.00000,0.11718,0.00146,1.00000,1.00000,0.00000,0.00000,none
17.23333,89.98832,81.66374,1.16929,-0.00901,-0.00003,0.01744,-0.00774,60.00000,60.00000,158.33626,0.00000,0.11719,0.00145,1.00000,1.00000,0.00000,0.00000,none
17.23750,89.98832,81.66506,1.16911,-0.00901,-0.00003,0.01741,-0.00788,60.00000,60.00000,158.33494,0.00000,0.11719,0.00145,1.00000,1.00000,0.00000,0.00000,none
17.24167,89.98833,81.66638,1.16892,-0.00901,-0.00003,0.01738,-0.00801,60.00000,60.00000,158.33362,0.00000,0.11720,0.00145,1.00000,1.00000,0.00000,0.00000,none
17.24583,89.98833,81.66770,1.16873,-0.00901,-0.00003,0.01734,-0.00814,60.00000,60.00000,158.33230,0.00000,0.11720,0.00145,1.00000,1.00000,0.00000,0.00000,none
17.25000,89.98834,81.66902,1.16854,-0.00902,-0.00003,0.01731,-0.00828,60.00000,60.00000,158.33098,0.00000,0.11720,0.00144,1.00000,1.00000,0.00000,0.00000,none
17.25417,89.98835,81.67034,1.16836,-0.00902,-0.00003,0.01727,-0.00841,60.00000,60.00000,158.32966,0.00000,0.11721,0.00144,1.00000,1.00000,0.00000,0.00000,none
17.25833,89.98835,81.67166,1.16817,-0.00902,-0.00003,0.01724,-0.00854,60.00000,60.00000,158.32834,0.00000,0.11721,0.00144,1.00000,1.00000,0.00000,0.00000,none
17.26250,89.98836,81.67298,1.16798,-0.00902,-0.00003,0.01720,-0.00867,60.00000,60.00000,158.32702,0.00000,0.11722,0.00143,1.00000,1.00000,0.00000,0.00000,none
17.26667,89.98836,81.67430,1.16779,-0.00902,-0.00003,0.01717,-0.00880,60.00000,60.00000,158.32570,0.00000,0.11722,0.00143,1.00000,1.00000,0.00000,0.00000,none
17.27083,89.98837,81.67562,1.16761,-0.00902,-0.00003,0.01713,-0.00892,60.00000,60.00000,158.32438,0.00000,0.11723,0.00143,1.00000,1.00000,0.00000,0.00000,none
17.27500,89.98838,81.67694,1.16742,-0.00902,-0.00003,0.01709,-0.00905,60.00000,60.00000,158.32306,0.00000,0.11723,0.00142,1.00000,1.00000,0.00000,0.00000,none
17.27917,89.98838,81.67826,1.16723,-0.00902,-0.00003,0.01705,-0.00918,60.00000,60.00000,158.32174,0.00000,0.11724,0.00142,1.00000,1.00000,0.00000,0.00000,none
17.28333,89.98839,81.67958,1.16704,-0.00902,-0.00003,0.01701,-0.00930,60.00000,60.00000,158.32042,0.00000,0.11724,0.00142,1.00000,1.00000,0.00000,0.00000,none
17.28750,89.98839,81.68090,1.16686,-0.00903,-0.00003,0.01698,-0.00943,60.00000,60.00000,158.31910,0.00000,0.11725,0.00141,1.00000,1.00000,0.00000,0.00000,none
17.29167,89.98840,81.68221,1.16667,-0.00903,-0.00003,0.01694,-0.00955,60.00000,60.00000,158.31779,0.00000,0.11725,0.00141,1.00000,1.00000,0.00000,0.00000,none
17.29583,89.98841,81.68353,1.16648,-0.00903,-0.00003,0.01690,-0.00967,60.00000,60.00000,158.31647,0.00000,0.11725,0.00141,1.00000,1.00000,0.00000,0.00000,none
17.30000,89.98841,81.68485,1.16630,-0.00903,-0.00003,0.01686,-0.00979,60.00000,60.00000,158.31515,0.00000,0.11726,0.00140,1.00000,1.00000,0.00000,0.00000,none
17.30417,89.98842,81.68616,1.16611,-0.00903,-0.00003,0.01681,-0.00991,60.00000,60.00000,158.31384,0.00000,0.11726,0.00140,1.00000,1.00000,0.00000,0.00000,none
17.30833,89.98842,81.68748,1.16592,-0.00903,-0.00003,0.01677,-0.01003,60.00000,60.00000,158.31252,0.00000,0.11727,0.00140,1.00000,1.00000,0.00000,0.00000,none
17.31250,89.98843,81.68879,1.16574,-0.00903,-0.00003,0.01673,-0.01015,60.00000,60.00000,158.31121,0.00000,0.11727,0.00139,1.00000,1.00000,0.00000,0.00000,none
17.31667,89.98844,81.69011,1.16555,-0.00903,-0.00003,0.01669,-0.01026,60.00000,60.00000,158.30989,0.00000,0.11728,0.00139,1.00000,1.00000,0.00000,0.00000,none
17.32083,89.98844,81.69142,1.16536,-0.00903,-0.00003,0.01665,-0.01038,60.00000,60.00000,158.30858,0.00000,0.11728,0.00139,1.00000,1.00000,0.00000,0.00000,none
17.32500,89.98845,81.69274,1.16518,-0.00904,-0.00003,0.01660,-0.01049,60.00000,60.00000,158.30726,0.00000,0.11729,0.00138,1.00000,1.00000,0.00000,0.00000,none
17.32917,89.98846,81.69405,1.16499,-0.00904,-0.00003,0.01656,-0.01061,60.00000,60.00000,158.30595,0.00000,0.11729,0.00138,1.00000,1.00000,0.00000,0.00000,none
17.33333,89.98846,81.69537,1.16480,-0.00904,-0.00003,0.01651,-0.01072,60.00000,60.00000,158.30463,0.00000,0.11730,0.00138,1.00000,1.00000,0.00000,0.00000,none
17.33750,89.98847,81.69668,1.16462,-0.00904,-0.00003,0.01647,-0.01083,60.00000,60.00000,158.30332,0.00000,0.11730,0.00137,1.00000,1.00000,0.00000,0.00000,none
17.34167,89.98847,81.69799,1.16443,-0.00904,-0.00003,0.01642,-0.01094,60.00000,60.00000,158.30201,0.00000,0.11730,0.00137,1.00000,1.00000,0.00000,0.00000,none
17.34583,89.98848,81.69930,1.16425,-0.00904,-0.00003,0.01638,-0.01105,60.00000,60.00000,158.30070,0.00000,0.11731,0.00136,1.00000,1.00000,0.00000,0.00000,none
17.35000,89.98849,81.70062,1.16406,-0.00904,-0.00003,0.01633,-0.01116,60.00000,60.00000,158.29938,0.00000,0.11731,0.00136,1.00000,1.00000,0.00000,0.00000,none
17.35417,89.98849,81.70193,1.16387,-0.00904,-0.00003,0.01628,-0.01126,60.00000,60.00000,158.29807,0.00000,0.11732,0.00136,1.00000,1.00000,0.00000,0.00000,none
17.35833,89.98850,81.70324,1.16369,-0.00904,-0.00003,0.01624,-0.01137,60.00000,60.00000,158.29676,0.00000,0.11732,0.00135,1.00000,1.00000,0.00000,0.00000,none
17.36250,89.98850,81.70455,1.16350,-0.00904,-0.00003,0.01619,-0.01147,60.00000,60.00000,158.29545,0.00000,0.11733,0.00135,1.00000,1.00000,0.00000,0.00000,none
17.36667,89.98851,81.70586,1.16332,-0.00905,-0.00003,0.01614,-0.01158,60.00000,60.00000,158.29414,0.00000,0.11733,0.00135,1.00000,1.00000,0.00000,0.00000,none
17.37083,89.98852,81.70717,1.16313,-0.00905,-0.00003,0.01609,-0.01168,60.00000,60.00000,158.29283,0.00000,0.11734,0.00134,1.00000,1.00000,0.00000,0.00000,none
17.37500,89.98852,81.70848,1.16294,-0.00905,-0.00003,0.01604,-0.01178,60.00000,60.00000,158.29152,0.00000,0.11734,0.00134,1.00000,1.00000,0.00000,0.00000,none
17.37917,89.98853,81.70979,1.16276,-0.00905,-0.00003,0.01600,-0.01188,60.00000,60.00000,158.29021,0.00000,0.11735,0.00133,1.00000,1.00000,0.00000,0.00000,none
17.38333,89.98853,81.71110,1.16257,-0.00905,-0.00003,0.01595,-0.01198,60.00000,60.00000,158.28890,0.00000,0.11735,0.00133,1.00000,1.00000,0.00000,0.00000,none
17.38750,89.98854,81.71241,1.16239,-0.00905,-0.00003,0.01590,-0.01208,60.00000,60.00000,158.28759,0.00000,0.11735,0.00132,1.00000,1.00000,0.00000,0.00000,none
17.39167,89.98855,81.71371,1.16220,-0.00905,-0.00003,0.01584,-0.01217,60.00000,60.00000,158.28629,0.00000,0.11736,0.00132,1.00000,1.00000,0.00000,0.00000,none
17.39583,89.98855,81.71502,1.16201,-0.00905,-0.00003,0.01579,-0.01227,60.00000,60.00000,158.28498,0.00000,0.11736,0.00132,1.00000,1.00000,0.00000,0.00000,none
17.40000,89.98856,81.71633,1.16183,-0.00905,-0.00003,0.01574,-0.01236,60.00000,60.00000,158.28367,0.00000,0.11737,0.00131,1.00000,1.00000,0.00000,0.00000,none
17.40417,89.98856,81.71764,1.16164,-0.00906,-0.00003,0.01569,-0.01246,60.00000,60.00000,158.28236,0.00000,0.11737,0.00131,1.00000,1.00000,0.00000,0.00000,none
17.40833,89.98857,81.71894,1.16146,-0.00906,-0.00003,0.01564,-0.01255,60.00000,60.00000,158.28106,0.00000,0.11738,0.00130,1.00000,1.00000,0.00000,0.00000,none
17.41250,89.98858,81.72025,1.16127,-0.00906,-0.00003,0.01559,-0.01264,60.00000,60.00000,158.27975,0.00000,0.11738,0.00130,1.00000,1.00000,0.00000,0.00000,none
17.41667,89.98858,81.72156,1.16109,-0.00906,-0.00003,0.01553,-0.01273,60.00000,60.00000,158.27844,0.00000,0.11739,0.00129,1.00000,1.00000,0.00000,0.00000,none
17.42083,89.98859,81.72286,1.16090,-0.00906,-0.00003,0.01548,-0.01282,60.00000,60.00000,158.27714,0.00000,0.11739,0.00129,1.00000,1.00000,0.00000,0.00000,none
17.42500,89.98859,81.72417,1.16072,-0.00906,-0.00003,0.01543,-0.01291,60.00000,60.00000,158.27583,0.00000,0.11740,0.00129,1.00000,1.00000,0.00000,0.00000,none
17.42917,89.98860,81.72547,1.16053,-0.00906,-0.00003,0.01537,-0.01300,60.00000,60.00000,158.27453,0.00000,0.11740,0.00128,1.00000,1.00000,0.00000,0.00000,none
17.43333,89.98861,81.72678,1.16035,-0.00906,-0.00003,0.01532,-0.01308,60.00000,60.00000,158.27322,0.00000,0.11740,0.00128,1.00000,1.00000,0.00000,0.00000,none
17.43750,89.98861,81.72808,1.16016,-0.00906,-0.00003,0.01526,-0.01317,60.00000,60.00000,158.27192,0.00000,0.11741,0.00127,1.00000,1.00000,0.00000,0.00000,none
17.44167,89.98862,81.72938,1.15998,-0.00907,-0.00003,0.01521,-0.01325,60.00000,60.00000,158.27062,0.00000,0.11741,0.00127,1.00000,1.00000,0.00000,0.00000,none
17.44583,89.98862,81.73069,1.15979,-0.00907,-0.00003,0.01515,-0.01333,60.00000,60.00000,158.26931,0.00000,0.11742,0.00126,1.00000,1.00000,0.00000,0.00000,none
17.45000,89.98863,81.73199,1.15961,-0.00907,-0.00003,0.01510,-0.01341,60.00000,60.00000,158.26801,0.00000,0.11742,0.00126,1.00000,1.00000,0.00000,0.00000,none
17.45417,89.98864,81.73329,1.15942,-0.00907,-0.00003,0.01504,-0.01349,60.00000,60.00000,158.26671,0.00000,0.11743,0.00125,1.00000,1.00000,0.00000,0.00000,none
17.45833,89.98864,81.73459,1.15924,-0.00907,-0.00003,0.01499,-0.01357,60.00000,60.00000,158.26541,0.00000,0.11743,0.00125,1.00000,1.00000,0.00000,0.00000,none
17.46250,89.98865,81.73590,1.15905,-0.00907,-0.00003,0.01493,-0.01365,60.00000,60.00000,158.26410,0.00000,0.11744,0.00124,1.00000,1.00000,0.00000,0.00000,none
17.46667,89.98865,81.73720,1.15887,-0.00907,-0.00003,0.01487,-0.01372,60.00000,60.00000,158.26280,0.00000,0.11744,0.00124,1.00000,1.00000,0.00000,0.00000,none
17.47083,89.98866,81.73850,1.15868,-0.00907,-0.00003,0.01481,-0.01380,60.00000,60.00000,158.26150,0.00000,0.11745,0.00123,1.00000,1.00000,0.00000,0.00000,none
17.47500,89.98867,81.73980,1.15850,-0.00907,-0.00003,0.01476,-0.01387,60.00000,60.00000,158.26020,0.00000,0.11745,0.00123,1.00000,1.00000,0.00000,0.00000,none
17.47917,89.98867,81.74110,1.15832,-0.00907,-0.00003,0.01470,-0.01395,60.00000,60.00000,158.25890,0.00000,0.11745,0.00122,1.00000,1.00000,0.00000,0.00000,none
17.48333,89.98868,81.74240,1.15813,-0.00908,-0.00003,0.01464,-0.01402,60.00000,60.00000,158.25760,0.00000,0.11746,0.00122,1.00000,1.00000,0.00000,0.00000,none
17.48750,89.98868,81.74370,1.15795,-0.00908,-0.00003,0.01458,-0.01409,60.00000,60.00000,158.25630,0.00000,0.11746,0.00122,1.00000,1.00000,0.00000,0.00000,none
17.49167,89.98869,81.74500,1.15776,-0.00908,-0.00003,0.01452,-0.01416,60.00000,60.00000,158.25500,0.00000,0.11747,0.00121,1.00000,1.00000,0.00000,0.00000,none
17.49583,89.98870,81.74630,1.15758,-0.00908,-0.00003,0.01446,-0.01422,60.00000,60.00000,158.25370,0.00000,0.11747,0.00121,1.00000,1.00000,0.00000,0.00000,none
17.50000,89.98870,81.74759,1.15739,-0.00908,-0.00003,0.01440,-0.01429,60.00000,60.00000,158.25241,0.00000,0.11748,0.00120,1.00000,1.00000,0.00000,0.00000,none
17.50417,89.98871,81.74889,1.15721,-0.00908,-0.00003,0.01434,-0.01436,60.00000,60.00000,158.25111,0.00000,0.11748,0.00120,1.00000,1.00000,0.00000,0.00000,none
17.50833,89.98872,81.75019,1.15703,-0.00908,-0.00003,0.01428,-0.01442,60.00000,60.00000,158.24981,0.00000,0.11749,0.00119,1.00000,1.00000,0.00000,0.00000,none
17.51250,89.98872,81.75149,1.15684,-0.00908,-0.00003,0.01422,-0.01449,60.00000,60.00000,158.24851,0.00000,0.11749,0.00119,1.00000,1.00000,0.00000,0.00000,none
17.51667,89.98873,81.75278,1.15666,-0.00908,-0.00003,0.01416,-0.01455,60.00000,60.00000,158.24722,0.00000,0.11750,0.00118,1.00000,1.00000,0.00000,0.00000,none
17.52083,89.98873,81.75408,1.15647,-0.00909,-0.00003,0.01410,-0.01461,60.00000,60.00000,158.24592,0.00000,0.11750,0.00118,1.00000,1.00000,0.00000,0.00000,none
17.52500,89.98874,81.75538,1.15629,-0.00909,-0.00003,0.01404,-0.01467,60.00000,60.00000,158.24462,0.00000,0.11750,0.00117,1.00000,1.00000,0.00000,0.00000,none
17.52917,89.98875,81.75667,1.15611,-0.00909,-0.00003,0.01398,-0.01473,60.00000,60.00000,158.24333,0.00000,0.11751,0.00117,1.00000,1.00000,0.00000,0.00000,none
17.53333,89.98875,81.75797,1.15592,-0.00909,-0.00003,0.01392,-0.01478,60.00000,60.00000,158.24203,0.00000,0.11751,0.00116,1.00000,1.00000,0.00000,0.00000,none
17.53750,89.98876,81.75926,1.15574,-0.00909,-0.00003,0.01386,-0.01484,60.00000,60.00000,158.24074,0.00000,0.11752,0.00115,1.00000,1.00000,0.00000,0.00000,none
17.54167,89.98876,81.76056,1.15555,-0.00909,-0.00003,0.01380,-0.01490,60.00000,60.00000,158.23944,0.00000,0.11752,0.00115,1.00000,1.00000,0.00000,0.00000,none
17.54583,89.98877,81.76185,1.15537,-0.00909,-0.00003,0.01373,-0.01495,60.00000,60.00000,158.23815,0.00000,0.11753,0.00114,1.00000,1.00000,0.00000,0.00000,none
17.55000,89.98878,81.76314,1.15519,-0.00909,-0.00003,0.01367,-0.01500,60.00000,60.00000,158.23686,0.00000,0.11753,0.00114,1.00000,1.00000,0.00000,0.00000,none
17.55417,89.98878,81.76444,1.15500,-0.00909,-0.00003,0.01361,-0.01505,60.00000,60.00000,158.23556,0.00000,0.11754,0.00113,1.00000,1.00000,0.00000,0.00000,none
17.55833,89.98879,81.76573,1.15482,-0.00910,-0.00003,0.01355,-0.01510,60.00000,60.00000,158.23427,0.00000,0.11754,0.00113,1.00000,1.00000,0.00000,0.00000,none
17.56250,89.98879,81.76702,1.15464,-0.00910,-0.00003,0.01348,-0.01515,60.00000,60.00000,158.23298,0.00000,0.11755,0.00112,1.00000,1.00000,0.00000,0.00000,none
17.56667,89.98880,81.76832,1.15445,-0.00910,-0.00003,0.01342,-0.01520,60.00000,60.00000,158.23168,0.00000,0.11755,0.00112,1.00000,1.00000,0.00000,0.00000,none
17.57083,89.98881,81.76961,1.15427,-0.00910,-0.00003,0.01336,-0.01525,60.00000,60.00000,158.23039,0.00000,0.11755,0.00111,1.00000,1.00000,0.00000,0.00000,none
17.57500,89.98881,81.77090,1.15409,-0.00910,-0.00003,0.01329,-0.01529,60.00000,60.00000,158.22910,0.00000,0.11756,0.00111,1.00000,1.00000,0.00000,0.00000,none
17.57917,89.98882,81.77219,1.15390,-0.00910,-0.00003,0.01323,-0.01534,60.00000,60.00000,158.22781,0.00000,0.11756,0.00110,1.00000,1.00000,0.00000,0.00000,none
17.58333,89.98882,81.77348,1.15372,-0.00910,-0.00003,0.01316,-0.01538,60.00000,60.00000,158.22652,0.00000,0.11757,0.00110,1.00000,1.00000,0.00000,0.00000,none
17.58750,89.98883,81.77477,1.15354,-0.00910,-0.00003,0.01310,-0.01542,60.00000,60.00000,158.22523,0.00000,0.11757,0.00109,1.00000,1.00000,0.00000,0.00000,none
17.59167,89.98884,81.77606,1.15336,-0.00910,-0.00003,0.01304,-0.01547,60.00000,60.00000,158.22394,0.00000,0.11758,0.00109,1.00000,1.00000,0.00000,0.00000,none
17.59583,89.98884,81.77735,1.15317,-0.00910,-0.00003,0.01297,-0.01551,60.00000,60.00000,158.22265,0.00000,0.11758,0.00108,1.00000,1.00000,0.00000,0.00000,none
17.60000,89.98885,81.77864,1.15299,-0.00911,-0.00003,0.01291,-0.01554,60.00000,60.00000,158.22136,0.00000,0.11759,0.00108,1.00000,1.00000,0.00000,0.00000,none
17.60417,89.98885,81.77993,1.15281,-0.00911,-0.00003,0.01284,-0.01558,60.00000,60.00000,158.22007,0.00000,0.11759,0.00107,1.00000,1.00000,0.00000,0.00000,none
17.60833,89.98886,81.78122,1.15262,-0.00911,-0.00003,0.01278,-0.01562,60.00000,60.00000,158.21878,0.00000,0.11760,0.00106,1.00000,1.00000,0.00000,0.00000,none
17.61250,89.98887,81.78251,1.15244,-0.00911,-0.00003,0.01271,-0.01565,60.00000,60.00000,158.21749,0.00000,0.11760,0.00106,1.00000,1.00000,0.00000,0.00000,none
17.61667,89.98887,81.78380,1.15226,-0.00911,-0.00003,0.01265,-0.01569,60.00000,60.00000,158.21620,0.00000,0.11760,0.00105,1.00000,1.00000,0.00000,0.00000,none
17.62083,89.98888,81.78508,1.15208,-0.00911,-0.00003,0.01258,-0.01572,60.00000,60.00000,158.21492,0.00000,0.11761,0.00105,1.00000,1.00000,0.00000,0.00000,none
17.62500,89.98889,81.78637,1.15189,-0.00911,-0.00003,0.01252,-0.01575,60.00000,60.00000,158.21363,0.00000,0.11761,0.00104,1.00000,1.00000,0.00000,0.00000,none
17.62917,89.98889,81.78766,1.15171,-0.00911,-0.00003,0.01245,-0.01578,60.00000,60.00000,158.21234,0.00000,0.11762,0.00104,1.00000,1.00000,0.00000,0.00000,none
17.63333,89.98890,81.78894,1.15153,-0.00911,-0.00003,0.01238,-0.01581,60.00000,60.00000,158.21106,0.00000,0.11762,0.00103,1.00000,1.00000,0.00000,0.00000,none
17.63750,89.98890,81.79023,1.15135,-0.00912,-0.00003,0.01232,-0.01584,60.00000,60.00000,158.20977,0.00000,0.11763,0.00103,1.00000,1.00000,0.00000,0.00000,none
17.64167,89.98891,81.79151,1.15116,-0.00912,-0.00003,0.01225,-0.01587,60.00000,60.00000,158.20849,0.00000,0.11763,0.00102,1.00000,1.00000,0.00000,0.00000,none
17.64583,89.98892,81.79280,1.15098,-0.00912,-0.00003,0.01219,-0.01589,60.00000,60.00000,158.20720,0.00000,0.11764,0.00102,1.00000,1.00000,0.00000,0.00000,none
17.65000,89.98892,81.79408,1.15080,-0.00912,-0.00003,0.01212,-0.01592,60.00000,60.00000,158.20592,0.00000,0.11764,0.00101,1.00000,1.00000,0.00000,0.00000,none
17.65417,89.98893,81.79537,1.15062,-0.00912,-0.00003,0.01205,-0.01594,60.00000,60.00000,158.20463,0.00000,0.11765,0.00100,1.00000,1.00000,0.00000,0.00000,none
17.65833,89.98893,81.79665,1.15043,-0.00912,-0.00003,0.01199,-0.01596,60.00000,60.00000,158.20335,0.00000,0.11765,0.00100,1.00000,1.00000,0.00000,0.00000,none
17.66250,89.98894,81.79794,1.15025,-0.00912,-0.00003,0.01192,-0.01598,60.00000,60.00000,158.20206,0.00000,0.11765,0.00099,1.00000,1.00000,0.00000,0.00000,none
17.66667,89.98895,81.79922,1.15007,-0.00912,-0.00003,0.01185,-0.01600,60.00000,60.00000,158.20078,0.00000,0.11766,0.00099,1.00000,1.00000,0.00000,0.00000,none
17.67083,89.98895,81.80050,1.14989,-0.00912,-0.00003,0.01179,-0.01602,60.00000,60.00000,158.19950,0.00000,0.11766,0.00098,1.00000,1.00000,0.00000,0.00000,none
17.67500,89.98896,81.80179,1.14971,-0.00913,-0.00003,0.01172,-0.01604,60.00000,60.00000,158.19821,0.00000,0.11767,0.00098,1.00000,1.00000,0.00000,0.00000,none
17.67917,89.98896,81.80307,1.14952,-0.00913,-0.00003,0.01165,-0.01606,60.00000,60.00000,158.19693,0.00000,0.11767,0.00097,1.00000,1.00000,0.00000,0.00000,none
17.68333,89.98897,81.80435,1.14934,-0.00913,-0.00003,0.01159,-0.01607,60.00000,60.00000,158.19565,0.00000,0.11768,0.00097,1.00000,1.00000,0.00000,0.00000,none
17.68750,89.98898,81.80563,1.14916,-0.00913,-0.00003,0.01152,-0.01609,60.00000,60.00000,158.19437,0.00000,0.11768,0.00096,1.00000,1.00000,0.00000,0.00000,none
17.69167,89.98898,81.80691,1.14898,-0.00913,-0.00003,0.01145,-0.01610,60.00000,60.00000,158.19309,0.00000,0.11769,0.00095,1.00000,1.00000,0.00000,0.00000,none
17.69583,89.98899,81.80819,1.14880,-0.00913,-0.00003,0.01139,-0.01611,60.00000,60.00000,158.19181,0.00000,0.11769,0.00095,1.00000,1.00000,0.00000,0.00000,none
17.70000,89.98899,81.80947,1.14862,-0.00913,-0.00003,0.01132,-0.01612,60.00000,60.00000,158.19053,0.00000,0.11769,0.00094,1.00000,1.00000,0.00000,0.00000,none
17.70417,89.98900,81.81076,1.14843,-0.00913,-0.00003,0.01125,-0.01613,60.00000,60.00000,158.18924,0.00000,0.11770,0.00094,1.00000,1.00000,0.00000,0.00000,none
17.70833,89.98901,81.81203,1.14825,-0.00913,-0.00003,0.01118,-0.01614,60.00000,60.00000,158.18797,0.00000,0.11770,0.00093,1.00000,1.00000,0.00000,0.00000,none
17.71250,89.98901,81.81331,1.14807,-0.00914,-0.00003,0.01112,-0.01615,60.00000,60.00000,158.18669,0.00000,0.11771,0.00093,1.00000,1.00000,0.00000,0.00000,none
17.71667,89.98902,81.81459,1.14789,-0.00914,-0.00003,0.01105,-0.01616,60.00000,60.00000,158.18541,0.00000,0.11771,0.00092,1.00000,1.00000,0.00000,0.00000,none
17.72083,89.98903,81.81587,1.14771,-0.00914,-0.00003,0.01098,-0.01616,60.00000,60.00000,158.18413,0.00000,0.11772,0.00092,1.00000,1.00000,0.00000,0.00000,none
17.72500,89.98903,81.81715,1.14753,-0.00914,-0.00003,0.01091,-0.01616,60.00000,60.00000,158.18285,0.00000,0.11772,0.00091,1.00000,1.00000,0.00000,0.00000,none
17.72917,89.98904,81.81843,1.14735,-0.00914,-0.00003,0.01085,-0.01617,60.00000,60.00000,158.18157,0.00000,0.11773,0.00090,1.00000,1.00000,0.00000,0.00000,none
17.73333,89.98904,81.81971,1.14717,-0.00914,-0.00003,0.01078,-0.01617,60.00000,60.00000,158.18029,0.00000,0.11773,0.00090,1.00000,1.00000,0.00000,0.00000,none
17.73750,89.98905,81.82098,1.14698,-0.00914,-0.00003,0.01071,-0.01617,60.00000,60.00000,158.17902,0.00000,0.11774,0.00089,1.00000,1.00000,0.00000,0.00000,none
17.74167,89.98906,81.82226,1.14680,-0.00914,-0.00003,0.01064,-0.01617,60.00000,60.00000,158.17774,0.00000,0.11774,0.00089,1.00000,1.00000,0.00000,0.00000,none
17.74583,89.98906,81.82354,1.14662,-0.00914,-0.00003,0.01058,-0.01617,60.00000,60.00000,158.17646,0.00000,0.11774,0.00088,1.00000,1.00000,0.00000,0.00000,none
17.75000,89.98907,81.82481,1.14644,-0.00914,-0.00003,0.01051,-0.01617,60.00000,60.00000,158.17519,0.00000,0.11775,0.00088,1.00000,1.00000,0.00000,0.00000,none
17.75417,89.98907,81.82609,1.14626,-0.00915,-0.00003,0.01044,-0.01616,60.00000,60.00000,158.17391,0.00000,0.11775,0.00087,1.00000,1.00000,0.00000,0.00000,none
17.75833,89.98908,81.82736,1.14608,-0.00915,-0.00003,0.01038,-0.01616,60.00000,60.00000,158.17264,0.00000,0.11776,0.00086,1.00000,1.00000,0.00000,0.00000,none
17.76250,89.98909,81.82864,1.14590,-0.00915,-0.00003,0.01031,-0.01615,60.00000,60.00000,158.17136,0.00000,0.11776,0.00086,1.00000,1.00000,0.00000,0.00000,none
17.76667,89.98909,81.82991,1.14572,-0.00915,-0.00003,0.01024,-0.01615,60.00000,60.00000,158.17009,0.00000,0.11777,0.00085,1.00000,1.00000,0.00000,0.00000,none
17.77083,89.98910,81.83119,1.14554,-0.00915,-0.00003,0.01017,-0.01614,60.00000,60.00000,158.16881,0.00000,0.11777,0.00085,1.00000,1.00000,0.00000,0.00000,none
17.77500,89.98910,81.83246,1.14536,-0.00915,-0.00003,0.01011,-0.01613,60.00000,60.00000,158.16754,0.00000,0.11778,0.00084,1.00000,1.00000,0.00000,0.00000,none
17.77917,89.98911,81.83373,1.14518,-0.00915,-0.00003,0.01004,-0.01612,60.00000,60.00000,158.16627,0.00000,0.11778,0.00084,1.00000,1.00000,0.00000,0.00000,none
17.78333,89.98912,81.83501,1.14500,-0.00915,-0.00003,0.00997,-0.01611,60.00000,60.00000,158.16499,0.00000,0.11778,0.00083,1.00000,1.00000,0.00000,0.00000,none
17.78750,89.98912,81.83628,1.14482,-0.00915,-0.00003,0.00990,-0.01610,60.00000,60.00000,158.16372,0.00000,0.11779,0.00083,1.00000,1.00000,0.00000,0.00000,none
17.79167,89.98913,81.83755,1.14463,-0.00916,-0.00003,0.00984,-0.01608,60.00000,60.00000,158.16245,0.00000,0.11779,0.00082,1.00000,1.00000,0.00000,0.00000,none
17.79583,89.98914,81.83883,1.14445,-0.00916,-0.00003,0.00977,-0.01607,60.00000,60.00000,158.16117,0.00000,0.11780,0.00081,1.00000,1.00000,0.00000,0.00000,none
17.80000,89.98914,81.84010,1.14427,-0.00916,-0.00003,0.00970,-0.01605,60.00000,60.00000,158.15990,0.00000,0.11780,0.00081,1.00000,1.00000,0.00000,0.00000,none
17.80417,89.98915,81.84137,1.14409,-0.00916,-0.00003,0.00964,-0.01604,60.00000,60.00000,158.15863,0.00000,0.11781,0.00080,1.00000,1.00000,0.00000,0.00000,none
17.80833,89.98915,81.84264,1.14391,-0.00916,-0.00003,0.00957,-0.01602,60.00000,60.00000,158.15736,0.00000,0.11781,0.00080,1.00000,1.00000,0.00000,0.00000,none
17.81250,89.98916,81.84391,1.14373,-0.00916,-0.00003,0.00950,-0.01600,60.00000,60.00000,158.15609,0.00000,0.11782,0.00079,1.00000,1.00000,0.00000,0.00000,none
17.81667,89.98917,81.84518,1.14355,-0.00916,-0.00003,0.00944,-0.01598,60.00000,60.00000,158.15482,0.00000,0.11782,0.00079,1.00000,1.00000,0.00000,0.00000,none
17.82083,89.98917,81.84645,1.14337,-0.00916,-0.00003,0.00937,-0.01596,60.00000,60.00000,158.15355,0.00000,0.11783,0.00078,1.00000,1.00000,0.00000,0.00000,none
17.82500,89.98918,81.84772,1.14319,-0.00916,-0.00003,0.00930,-0.01594,60.00000,60.00000,158.15228,0.00000,0.11783,0.00078,1.00000,1.00000,0.00000,0.00000,none
17.82917,89.98918,81.84899,1.14301,-0.00917,-0.00003,0.00924,-0.01592,60.00000,60.00000,158.15101,0.00000,0.11783,0.00077,1.00000,1.00000,0.00000,0.00000,none
17.83333,89.98919,81.85026,1.14283,-0.00917,-0.00003,0.00917,-0.01590,60.00000,60.00000,158.14974,0.00000,0.11784,0.00076,1.00000,1.00000,0.00000,0.00000,none
17.83750,89.98920,81.85153,1.14265,-0.00917,-0.00003,0.00911,-0.01587,60.00000,60.00000,158.14847,0.00000,0.11784,0.00076,1.00000,1.00000,0.00000,0.00000,none
17.84167,89.98920,81.85279,1.14247,-0.00917,-0.00003,0.00904,-0.01585,60.00000,60.00000,158.14721,0.00000,0.11785,0.00075,1.00000,1.00000,0.00000,0.00000,none
17.84583,89.98921,81.85406,1.14229,-0.00917,-0.00003,0.00897,-0.01582,60.00000,60.00000,158.14594,0.00000,0.11785,0.00075,1.00000,1.00000,0.00000,0.00000,none
17.85000,89.98921,81.85533,1.14211,-0.00917,-0.00003,0.00891,-0.01579,60.00000,60.00000,158.14467,0.00000,0.11786,0.00074,1.00000,1.00000,0.00000,0.00000,none
17.85417,89.98922,81.85660,1.14193,-0.00917,-0.00003,0.00884,-0.01576,60.00000,60.00000,158.14340,0.00000,0.11786,0.00074,1.00000,1.00000,0.00000,0.00000,none
17.85833,89.98923,81.85786,1.14176,-0.00917,-0.00003,0.00878,-0.01573,60.00000,60.00000,158.14214,0.00000,0.11787,0.00073,1.00000,1.00000,0.00000,0.00000,none
17.86250,89.98923,81.85913,1.14158,-0.00917,-0.00003,0.00871,-0.01570,60.00000,60.00000,158.14087,0.00000,0.11787,0.00073,1.00000,1.00000,0.00000,0.00000,none
17.86667,89.98924,81.86040,1.14140,-0.00917,-0.00003,0.00864,-0.01567,60.00000,60.00000,158.13960,0.00000,0.11787,0.00072,1.00000,1.00000,0.00000,0.00000,none
17.87083,89.98925,81.86166,1.14122,-0.00918,-0.00003,0.00858,-0.01564,60.00000,60.00000,158.13834,0.00000,0.11788,0.00071,1.00000,1.00000,0.00000,0.00000,none
17.87500,89.98925,81.86293,1.14104,-0.00918,-0.00003,0.00851,-0.01561,60.00000,60.00000,158.13707,0.00000,0.11788,0.00071,1.00000,1.00000,0.00000,0.00000,none
17.87917,89.98926,81.86419,1.14086,-0.00918,-0.00003,0.00845,-0.01557,60.00000,60.00000,158.13581,0.00000,0.11789,0.00070,1.00000,1.00000,0.00000,0.00000,none
17.88333,89.98926,81.86546,1.14068,-0.00918,-0.00003,0.00838,-0.01554,60.00000,60.00000,158.13454,0.00000,0.11789,0.00070,1.00000,1.00000,0.00000,0.00000,none
17.88750,89.98927,81.86672,1.14050,-0.00918,-0.00003,0.00832,-0.01550,60.00000,60.00000,158.13328,0.00000,0.11790,0.00069,1.00000,1.00000,0.00000,0.00000,none
17.89167,89.98928,81.86798,1.14032,-0.00918,-0.00003,0.00826,-0.01546,60.00000,60.00000,158.13202,0.00000,0.11790,0.00069,1.00000,1.00000,0.00000,0.00000,none
17.89583,89.98928,81.86925,1.14014,-0.00918,-0.00003,0.00819,-0.01543,60.00000,60.00000,158.13075,0.00000,0.11791,0.00068,1.00000,1.00000,0.00000,0.00000,none
17.90000,89.98929,81.87051,1.13996,-0.00918,-0.00003,0.00813,-0.01539,60.00000,60.00000,158.12949,0.00000,0.11791,0.00068,1.00000,1.00000,0.00000,0.00000,none
17.90417,89.98929,81.87177,1.13978,-0.00918,-0.00003,0.00806,-0.01535,60.00000,60.00000,158.12823,0.00000,0.11792,0.00067,1.00000,1.00000,0.00000,0.00000,none
17.90833,89.98930,81.87304,1.13960,-0.00919,-0.00003,0.00800,-0.01531,60.00000,60.00000,158.12696,0.00000,0.11792,0.00067,1.00000,1.00000,0.00000,0.00000,none
17.91250,89.98931,81.87430,1.13943,-0.00919,-0.00003,0.00794,-0.01526,60.00000,60.00000,158.12570,0.00000,0.11792,0.00066,1.00000,1.00000,0.00000,0.00000,none
17.91667,89.98931,81.87556,1.13925,-0.00919,-0.00003,0.00787,-0.01522,60.00000,60.00000,158.12444,0.00000,0.11793,0.00066,1.00000,1.00000,0.00000,0.00000,none
17.92083,89.98932,81.87682,1.13907,-0.00919,-0.00003,0.00781,-0.01518,60.00000,60.00000,158.12318,0.00000,0.11793,0.00065,1.00000,1.00000,0.00000,0.00000,none
17.92500,89.98933,81.87808,1.13889,-0.00919,-0.00003,0.00775,-0.01513,60.00000,60.00000,158.12192,0.00000,0.11794,0.00065,1.00000,1.00000,0.00000,0.00000,none
17.92917,89.98933,81.87934,1.13871,-0.00919,-0.00003,0.00768,-0.01509,60.00000,60.00000,158.12066,0.00000,0.11794,0.00064,1.00000,1.00000,0.00000,0.00000,none
17.93333,89.98934,81.88060,1.13853,-0.00919,-0.00003,0.00762,-0.01504,60.00000,60.00000,158.11940,0.00000,0.11795,0.00063,1.00000,1.00000,0.00000,0.00000,none
17.93750,89.98934,81.88186,1.13835,-0.00919,-0.00003,0.00756,-0.01499,60.00000,60.00000,158.11814,0.00000,0.11795,0.00063,1.00000,1.00000,0.00000,0.00000,none
17.94167,89.98935,81.88312,1.13817,-0.00919,-0.00003,0.00749,-0.01495,60.00000,60.00000,158.11688,0.00000,0.11796,0.00062,1.00000,1.00000,0.00000,0.00000,none
17.94583,89.98936,81.88438,1.13800,-0.00920,-0.00003,0.00743,-0.01490,60.00000,60.00000,158.11562,0.00000,0.11796,0.00062,1.00000,1.00000,0.00000,0.00000,none
17.95000,89.98936,81.88564,1.13782,-0.00920,-0.00003,0.00737,-0.01485,60.00000,60.00000,158.11436,0.00000,0.11796,0.00061,1.00000,1.00000,0.00000,0.00000,none
17.95417,89.98937,81.88690,1.13764,-0.00920,-0.00003,0.00731,-0.01480,60.00000,60.00000,158.11310,0.00000,0.11797,0.00061,1.00000,1.00000,0.00000,0.00000,none
17.95833,89.98937,81.88816,1.13746,-0.00920,-0.00003,0.00725,-0.01475,60.00000,60.00000,158.11184,0.00000,0.11797,0.00060,1.00000,1.00000,0.00000,0.00000,none
17.96250,89.98938,81.88941,1.13728,-0.00920,-0.00003,0.00719,-0.01469,60.00000,60.00000,158.11059,0.00000,0.11798,0.00060,1.00000,1.00000,0.00000,0.00000,none
17.96667,89.98939,81.89067,1.13710,-0.00920,-0.00003,0.00712,-0.01464,60.00000,60.00000,158.10933,0.00000,0.11798,0.00059,1.00000,1.00000,0.00000,0.00000,none
17.97083,89.98939,81.89193,1.13693,-0.00920,-0.00003,0.00706,-0.01459,60.00000,60.00000,158.10807,0.00000,0.11799,0.00059,1.00000,1.00000,0.00000,0.00000,none
17.97500,89.98940,81.89318,1.13675,-0.00920,-0.00003,0.00700,-0.01453,60.00000,60.00000,158.10682,0.00000,0.11799,0.00058,1.00000,1.00000,0.00000,0.00000,none
17.97917,89.98941,81.89444,1.13657,-0.00920,-0.00003,0.00694,-0.01448,60.00000,60.00000,158.10556,0.00000,0.11800,0.00058,1.00000,1.00000,0.00000,0.00000,none
17.98333,89.98941,81.89570,1.13639,-0.00921,-0.00003,0.00688,-0.01442,60.00000,60.00000,158.10430,0.00000,0.11800,0.00057,1.00000,1.00000,0.00000,0.00000,none
17.98750,89.98942,81.89695,1.13621,-0.00921,-0.00003,0.00682,-0.01436,60.00000,60.00000,158.10305,0.00000,0.11800,0.00057,1.00000,1.00000,0.00000,0.00000,none
17.99167,89.98942,81.89821,1.13604,-0.00921,-0.00003,0.00676,-0.01431,60.00000,60.00000,158.10179,0.00000,0.11801,0.00056,1.00000,1.00000,0.00000,0.00000,none
17.99583,89.98943,81.89946,1.13586,-0.00921,-0.00003,0.00670,-0.01425,60.00000,60.00000,158.10054,0.00000,0.11801,0.00056,1.00000,1.00000,0.00000,0.00000,none
18.00000,89.98944,81.90072,1.13568,-0.00921,-0.00003,0.00664,-0.01419,60.00000,60.00000,158.09928,0.00000,0.11802,0.00055,1.00000,1.00000,0.00000,0.00000,none
18.00417,89.98944,81.90197,1.13550,-0.00921,-0.00003,0.00659,-0.01413,60.00000,60.00000,158.09803,0.00000,0.11802,0.00055,1.00000,1.00000,0.00000,0.00000,none
18.00833,89.98945,81.90323,1.13533,-0.00921,-0.00003,0.00653,-0.01407,60.00000,60.00000,158.09677,0.00000,0.11803,0.00054,1.00000,1.00000,0.00000,0.00000,none
18.01250,89.98945,81.90448,1.13515,-0.00921,-0.00003,0.00647,-0.01400,60.00000,60.00000,158.09552,0.00000,0.11803,0.00054,1.00000,1.00000,0.00000,0.00000,none
18.01667,89.98946,81.90573,1.13497,-0.00921,-0.00003,0.00641,-0.01394,60.00000,60.00000,158.09427,0.00000,0.11804,0.00053,1.00000,1.00000,0.00000,0.00000,none
18.02083,89.98947,81.90698,1.13479,-0.00922,-0.00003,0.00635,-0.01388,60.00000,60.00000,158.09302,0.00000,0.11804,0.00053,1.00000,1.00000,0.00000,0.00000,none
18.02500,89.98947,81.90824,1.13462,-0.00922,-0.00003,0.00629,-0.01381,60.00000,60.00000,158.09176,0.00000,0.11804,0.00052,1.00000,1.00000,0.00000,0.00000,none
18.02917,89.98948,81.90949,1.13444,-0.00922,-0.00003,0.00624,-0.01375,60.00000,60.00000,158.09051,0.00000,0.11805,0.00052,1.00000,1.00000,0.00000,0.00000,none
18.03333,89.98949,81.91074,1.13426,-0.00922,-0.00003,0.00618,-0.01368,60.00000,60.00000,158.08926,0.00000,0.11805,0.00051,1.00000,1.00000,0.00000,0.00000,none
18.03750,89.98949,81.91199,1.13408,-0.00922,-0.00003,0.00612,-0.01362,60.00000,60.00000,158.08801,0.00000,0.11806,0.00051,1.00000,1.00000,0.00000,0.00000,none
18.04167,89.98950,81.91324,1.13391,-0.00922,-0.00003,0.00607,-0.01355,60.00000,60.00000,158.08676,0.00000,0.11806,0.00051,1.00000,1.00000,0.00000,0.00000,none
18.04583,89.98950,81.91449,1.13373,-0.00922,-0.00003,0.00601,-0.01348,60.00000,60.00000,158.08551,0.00000,0.11807,0.00050,1.00000,1.00000,0.00000,0.00000,none
18.05000,89.98951,81.91574,1.13355,-0.00922,-0.00003,0.00595,-0.01341,60.00000,60.00000,158.08426,0.00000,0.11807,0.00050,1.00000,1.00000,0.00000,0.00000,none
18.05417,89.98952,81.91699,1.13337,-0.00922,-0.00003,0.00590,-0.01334,60.00000,60.00000,158.08301,0.00000,0.11808,0.00049,1.00000,1.00000,0.00000,0.00000,none
18.05833,89.98952,81.91824,1.13320,-0.00922,-0.00003,0.00584,-0.01327,60.00000,60.00000,158.08176,0.00000,0.11808,0.00049,1.00000,1.00000,0.00000,0.00000,none
18.06250,89.98953,81.91949,1.13302,-0.00923,-0.00003,0.00579,-0.01320,60.00000,60.00000,158.08051,0.00000,0.11809,0.00048,1.00000,1.00000,0.00000,0.00000,none
18.06667,89.98953,81.92074,1.13284,-0.00923,-0.00003,0.00573,-0.01313,60.00000,60.00000,158.07926,0.00000,0.11809,0.00048,1.00000,1.00000,0.00000,0.00000,none
18.07083,89.98954,81.92199,1.13267,-0.00923,-0.00003,0.00568,-0.01306,60.00000,60.00000,158.07801,0.00000,0.11809,0.00047,1.00000,1.00000,0.00000,0.00000,none
18.07500,89.98955,81.92324,1.13249,-0.00923,-0.00003,0.00562,-0.01299,60.00000,60.00000,158.07676,0.00000,0.11810,0.00047,1.00000,1.00000,0.00000,0.00000,none
18.07917,89.98955,81.92449,1.13231,-0.00923,-0.00003,0.00557,-0.01291,60.00000,60.00000,158.07551,0.00000,0.11810,0.00046,1.00000,1.00000,0.00000,0.00000,none
18.08333,89.98956,81.92573,1.13214,-0.00923,-0.00003,0.00552,-0.01284,60.00000,60.00000,158.07427,0.00000,0.11811,0.00046,1.00000,1.00000,0.00000,0.00000,none
18.08750,89.98957,81.92698,1.13196,-0.00923,-0.00003,0.00546,-0.01276,60.00000,60.00000,158.07302,0.00000,0.11811,0.00046,1.00000,1.00000,0.00000,0.00000,none
18.09167,89.98957,81.92823,1.13178,-0.00923,-0.00003,0.00541,-0.01269,60.00000,60.00000,158.07177,0.00000,0.11812,0.00045,1.00000,1.00000,0.00000,0.00000,none
18.09583,89.98958,81.92947,1.13161,-0.00923,-0.00003,0.00536,-0.01261,60.00000,60.00000,158.07053,0.00000,0.11812,0.00045,1.00000,1.00000,0.00000,0.00000,none
18.10000,89.98958,81.93072,1.13143,-0.00924,-0.00003,0.00530,-0.01254,60.00000,60.00000,158.06928,0.00000,0.11813,0.00044,1.00000,1.00000,0.00000,0.00000,none
18.10417,89.98959,81.93197,1.13125,-0.00924,-0.00003,0.00525,-0.01246,60.00000,60.00000,158.06803,0.00000,0.11813,0.00044,1.00000,1.00000,0.00000,0.00000,none
18.10833,89.98960,81.93321,1.13108,-0.00924,-0.00003,0.00520,-0.01238,60.00000,60.00000,158.06679,0.00000,0.11813,0.00043,1.00000,1.00000,0.00000,0.00000,none
18.11250,89.98960,81.93446,1.13090,-0.00924,-0.00003,0.00515,-0.01230,60.00000,60.00000,158.06554,0.00000,0.11814,0.00043,1.00000,1.00000,0.00000,0.00000,none
18.11667,89.98961,81.93570,1.13072,-0.00924,-0.00003,0.00510,-0.01223,60.00000,60.00000,158.06430,0.00000,0.11814,0.00042,1.00000,1.00000,0.00000,0.00000,none
18.12083,89.98961,81.93695,1.13055,-0.00924,-0.00003,0.00505,-0.01215,60.00000,60.00000,158.06305,0.00000,0.11815,0.00042,1.00000,1.00000,0.00000,0.00000,none
18.12500,89.98962,81.93819,1.13037,-0.00924,-0.00003,0.00500,-0.01207,60.00000,60.00000,158.06181,0.00000,0.11815,0.00042,1.00000,1.00000,0.00000,0.00000,none
18.12917,89.98963,81.93943,1.13019,-0.00924,-0.00003,0.00495,-0.01198,60.00000,60.00000,158.06057,0.00000,0.11816,0.00041,1.00000,1.00000,0.00000,0.00000,none
18.13333,89.98963,81.94068,1.13002,-0.00924,-0.00003,0.00490,-0.01190,60.00000,60.00000,158.05932,0.00000,0.11816,0.00041,1.00000,1.00000,0.00000,0.00000,none
18.13750,89.98964,81.94192,1.12984,-0.00925,-0.00003,0.00485,-0.01182,60.00000,60.00000,158.05808,0.00000,0.11817,0.00040,1.00000,1.00000,0.00000,0.00000,none
18.14167,89.98965,81.94316,1.12967,-0.00925,-0.00003,0.00480,-0.01174,60.00000,60.00000,158.05684,0.00000,0.11817,0.00040,1.00000,1.00000,0.00000,0.00000,none
18.14583,89.98965,81.94440,1.12949,-0.00925,-0.00003,0.00475,-0.01166,60.00000,60.00000,158.05560,0.00000,0.11817,0.00040,1.00000,1.00000,0.00000,0.00000,none
18.15000,89.98966,81.94565,1.12931,-0.00925,-0.00003,0.00470,-0.01157,60.00000,60.00000,158.05435,0.00000,0.11818,0.00039,1.00000,1.00000,0.00000,0.00000,none
18.15417,89.98966,81.94689,1.12914,-0.00925,-0.00003,0.00465,-0.01149,60.00000,60.00000,158.05311,0.00000,0.11818,0.00039,1.00000,1.00000,0.00000,0.00000,none
18.15833,89.98967,81.94813,1.12896,-0.00925,-0.00003,0.00461,-0.01140,60.00000,60.00000,158.05187,0.00000,0.11819,0.00038,1.00000,1.00000,0.00000,0.00000,none
18.16250,89.98968,81.94937,1.12879,-0.00925,-0.00003,0.00456,-0.01132,60.00000,60.00000,158.05063,0.00000,0.11819,0.00038,1.00000,1.00000,0.00000,0.00000,none
18.16667,89.98968,81.95061,1.12861,-0.00925,-0.00003,0.00451,-0.01123,60.00000,60.00000,158.04939,0.00000,0.11820,0.00038,1.00000,1.00000,0.00000,0.00000,none
18.17083,89.98969,81.95185,1.12844,-0.00925,-0.00003,0.00446,-0.01115,60.00000,60.00000,158.04815,0.00000,0.11820,0.00037,1.00000,1.00000,0.00000,0.00000,none
18.17500,89.98970,81.95309,1.12826,-0.00926,-0.00003,0.00442,-0.01106,60.00000,60.00000,158.04691,0.00000,0.11821,0.00037,1.00000,1.00000,0.00000,0.00000,none
18.17917,89.98970,81.95433,1.12808,-0.00926,-0.00003,0.00437,-0.01097,60.00000,60.00000,158.04567,0.00000,0.11821,0.00036,1.00000,1.00000,0.00000,0.00000,none
18.18333,89.98971,81.95557,1.12791,-0.00926,-0.00003,0.00433,-0.01089,60.00000,60.00000,158.04443,0.00000,0.11821,0.00036,1.00000,1.00000,0.00000,0.00000,none
18.18750,89.98971,81.95681,1.12773,-0.00926,-0.00003,0.00428,-0.01080,60.00000,60.00000,158.04319,0.00000,0.11822,0.00036,1.00000,1.00000,0.00000,0.00000,none
18.19167,89.98972,81.95805,1.12756,-0.00926,-0.00003,0.00424,-0.01071,60.00000,60.00000,158.04195,0.00000,0.11822,0.00035,1.00000,1.00000,0.00000,0.00000,none
18.19583,89.98973,81.95928,1.12738,-0.00926,-0.00003,0.00419,-0.01062,60.00000,60.00000,158.04072,0.00000,0.11823,0.00035,1.00000,1.00000,0.00000,0.00000,none
18.20000,89.98973,81.96052,1.12721,-0.00926,-0.00003,0.00415,-0.01053,60.00000,60.00000,158.03948,0.00000,0.11823,0.00035,1.00000,1.00000,0.00000,0.00000,none
18.20417,89.98974,81.96176,1.12703,-0.00926,-0.00003,0.00411,-0.01044,60.00000,60.00000,158.03824,0.00000,0.11824,0.00034,1.00000,1.00000,0.00000,0.00000,none
18.20833,89.98975,81.96300,1.12686,-0.00926,-0.00003,0.00406,-0.01035,60.00000,60.00000,158.03700,0.00000,0.11824,0.00034,1.00000,1.00000,0.00000,0.00000,none
18.21250,89.98975,81.96423,1.12668,-0.00926,-0.00003,0.00402,-0.01026,60.00000,60.00000,158.03577,0.00000,0.11825,0.00033,1.00000,1.00000,0.00000,0.00000,none
18.21667,89.98976,81.96547,1.12651,-0.00927,-0.00003,0.00398,-0.01017,60.00000,60.00000,158.03453,0.00000,0.11825,0.00033,1.00000,1.00000,0.00000,0.00000,none
18.22083,89.98976,81.96670,1.12633,-0.00927,-0.00003,0.00393,-0.01008,60.00000,60.00000,158.03330,0.00000,0.11825,0.00033,1.00000,1.00000,0.00000,0.00000,none
18.22500,89.98977,81.96794,1.12616,-0.00927,-0.00003,0.00389,-0.00999,60.00000,60.00000,158.03206,0.00000,0.11826,0.00032,1.00000,1.00000,0.00000,0.00000,none
18.22917,89.98978,81.96918,1.12598,-0.00927,-0.00003,0.00385,-0.00989,60.00000,60.00000,158.03082,0.00000,0.11826,0.00032,1.00000,1.00000,0.00000,0.00000,none
18.23333,89.98978,81.97041,1.12581,-0.00927,-0.00003,0.00381,-0.00980,60.00000,60.00000,158.02959,0.00000,0.11827,0.00032,1.00000,1.00000,0.00000,0.00000,none
18.23750,89.98979,81.97164,1.12563,-0.00927,-0.00003,0.00377,-0.00971,60.00000,60.00000,158.02836,0.00000,0.11827,0.00031,1.00000,1.00000,0.00000,0.00000,none
18.24167,89.98979,81.97288,1.12546,-0.00927,-0.00003,0.00373,-0.00962,60.00000,60.00000,158.02712,0.00000,0.11828,0.00031,1.00000,1.00000,0.00000,0.00000,none
18.24583,89.98980,81.97411,1.12528,-0.00927,-0.00003,0.00369,-0.00952,60.00000,60.00000,158.02589,0.00000,0.11828,0.00031,1.00000,1.00000,0.00000,0.00000,none
18.25000,89.98981,81.97535,1.12511,-0.00927,-0.00003,0.00365,-0.00943,60.00000,60.00000,158.02465,0.00000,0.11829,0.00030,1.00000,1.00000,0.00000,0.00000,none
18.25417,89.98981,81.97658,1.12493,-0.00928,-0.00003,0.00361,-0.00933,60.00000,60.00000,158.02342,0.00000,0.11829,0.00030,1.00000,1.00000,0.00000,0.00000,none
18.25833,89.98982,81.97781,1.12476,-0.00928,-0.00003,0.00357,-0.00924,60.00000,60.00000,158.02219,0.00000,0.11829,0.00030,1.00000,1.00000,0.00000,0.00000,none
18.26250,89.98983,81.97904,1.12458,-0.00928,-0.00003,0.00353,-0.00914,60.00000,60.00000,158.02096,0.00000,0.11830,0.00029,1.00000,1.00000,0.00000,0.00000,none
18.26667,89.98983,81.98028,1.12441,-0.00928,-0.00003,0.00350,-0.00905,60.00000,60.00000,158.01972,0.00000,0.11830,0.00029,1.00000,1.00000,0.00000,0.00000,none
18.27083,89.98984,81.98151,1.12423,-0.00928,-0.00003,0.00346,-0.00895,60.00000,60.00000,158.01849,0.00000,0.11831,0.00029,1.00000,1.00000,0.00000,0.00000,none
18.27500,89.98984,81.98274,1.12406,-0.00928,-0.00003,0.00342,-0.00886,60.00000,60.00000,158.01726,0.00000,0.11831,0.00029,1.00000,1.00000,0.00000,0.00000,none
18.27917,89.98985,81.98397,1.12388,-0.00928,-0.00003,0.00338,-0.00876,60.00000,60.00000,158.01603,0.00000,0.11832,0.00028,1.00000,1.00000,0.00000,0.00000,none
18.28333,89.98986,81.98520,1.12371,-0.00928,-0.00003,0.00335,-0.00866,60.00000,60.00000,158.01480,0.00000,0.11832,0.00028,1.00000,1.00000,0.00000,0.00000,none
18.28750,89.98986,81.98643,1.12354,-0.00928,-0.00003,0.00331,-0.00856,60.00000,60.00000,158.01357,0.00000,0.11833,0.00028,1.00000,1.00000,0.00000,0.00000,none
18.29167,89.98987,81.98766,1.12336,-0.00929,-0.00003,0.00328,-0.00847,60.00000,60.00000,158.01234,0.00000,0.11833,0.00027,1.00000,1.00000,0.00000,0.00000,none
18.29583,89.98988,81.98889,1.12319,-0.00929,-0.00003,0.00324,-0.00837,60.00000,60.00000,158.01111,0.00000,0.11833,0.00027,1.00000,1.00000,0.00000,0.00000,none
18.30000,89.98988,81.99012,1.12301,-0.00929,-0.00003,0.00321,-0.00827,60.00000,60.00000,158.00988,0.00000,0.11834,0.00027,1.00000,1.00000,0.00000,0.00000,none
18.30417,89.98989,81.99135,1.12284,-0.00929,-0.00003,0.00317,-0.00817,60.00000,60.00000,158.00865,0.00000,0.11834,0.00026,1.00000,1.00000,0.00000,0.00000,none
18.30833,89.98989,81.99258,1.12267,-0.00929,-0.00003,0.00314,-0.00807,60.00000,60.00000,158.00742,0.00000,0.11835,0.00026,1.00000,1.00000,0.00000,0.00000,none
18.31250,89.98990,81.99381,1.12249,-0.00929,-0.00003,0.00311,-0.00798,60.00000,60.00000,158.00619,0.00000,0.11835,0.00026,1.00000,1.00000,0.00000,0.00000,none
18.31667,89.98991,81.99504,1.12232,-0.00929,-0.00003,0.00307,-0.00788,60.00000,60.00000,158.00496,0.00000,0.11836,0.00026,1.00000,1.00000,0.00000,0.00000,none
18.32083,89.98991,81.99626,1.12214,-0.00929,-0.00003,0.00304,-0.00778,60.00000,60.00000,158.00374,0.00000,0.11836,0.00025,1.00000,1.00000,0.00000,0.00000,none
18.32500,89.98992,81.99749,1.12197,-0.00929,-0.00003,0.00301,-0.00768,60.00000,60.00000,158.00251,0.00000,0.11837,0.00025,1.00000,1.00000,0.00000,0.00000,none
18.32917,89.98993,81.99872,1.12180,-0.00930,-0.00003,0.00298,-0.00758,60.00000,60.00000,158.00128,0.00000,0.11837,0.00025,1.00000,1.00000,0.00000,0.00000,none
18.33333,89.98993,81.99995,1.12162,-0.00930,-0.00003,0.00294,-0.00748,60.00000,60.00000,158.00005,0.00000,0.11837,0.00025,1.00000,1.00000,0.00000,0.00000,none
18.33750,89.98994,82.00117,1.12145,-0.00930,-0.00003,0.00291,-0.00738,60.00000,60.00000,157.99883,0.00000,0.11838,0.00024,1.00000,1.00000,0.00000,0.00000,none
18.34167,89.98994,82.00240,1.12127,-0.00930,-0.00003,0.00288,-0.00728,60.00000,60.00000,157.99760,0.00000,0.11838,0.00024,1.00000,1.00000,0.00000,0.00000,none
18.34583,89.98995,82.00362,1.12110,-0.00930,-0.00003,0.00285,-0.00718,60.00000,60.00000,157.99638,0.00000,0.11839,0.00024,1.00000,1.00000,0.00000,0.00000,none
18.35000,89.98996,82.00485,1.12093,-0.00930,-0.00003,0.00282,-0.00708,60.00000,60.00000,157.99515,0.00000,0.11839,0.00024,1.00000,1.00000,0.00000,0.00000,none
18.35417,89.98996,82.00607,1.12075,-0.00930,-0.00003,0.00279,-0.00698,60.00000,60.00000,157.99393,0.00000,0.11840,0.00023,1.00000,1.00000,0.00000,0.00000,none
18.35833,89.98997,82.00730,1.12058,-0.00930,-0.00003,0.00276,-0.00688,60.00000,60.00000,157.99270,0.00000,0.11840,0.00023,1.00000,1.00000,0.00000,0.00000,none
18.36250,89.98998,82.00852,1.12041,-0.00930,-0.00003,0.00274,-0.00677,60.00000,60.00000,157.99148,0.00000,0.11840,0.00023,1.00000,1.00000,0.00000,0.00000,none
18.36667,89.98998,82.00975,1.12023,-0.00931,-0.00003,0.00271,-0.00667,60.00000,60.00000,157.99025,0.00000,0.11841,0.00023,1.00000,1.00000,0.00000,0.00000,none
18.37083,89.98999,82.01097,1.12006,-0.00931,-0.00003,0.00268,-0.00657,60.00000,60.00000,157.98903,0.00000,0.11841,0.00022,1.00000,1.00000,0.00000,0.00000,none
18.37500,89.98999,82.01219,1.11989,-0.00931,-0.00003,0.00265,-0.00647,60.00000,60.00000,157.98781,0.00000,0.11842,0.00022,1.00000,1.00000,0.00000,0.00000,none
18.37917,89.99000,82.01342,1.11971,-0.00931,-0.00003,0.00263,-0.00637,60.00000,60.00000,157.98658,0.00000,0.11842,0.00022,1.00000,1.00000,0.00000,0.00000,none
18.38333,89.99001,82.01464,1.11954,-0.00931,-0.00003,0.00260,-0.00627,60.00000,60.00000,157.98536,0.00000,0.11843,0.00022,1.00000,1.00000,0.00000,0.00000,none
18.38750,89.99001,82.01586,1.11937,-0.00931,-0.00003,0.00257,-0.00616,60.00000,60.00000,157.98414,0.00000,0.11843,0.00021,1.00000,1.00000,0.00000,0.00000,none
18.39167,89.99002,82.01708,1.11920,-0.00931,-0.00003,0.00255,-0.00606,60.00000,60.00000,157.98292,0.00000,0.11844,0.00021,1.00000,1.00000,0.00000,0.00000,none
18.39583,89.99003,82.01830,1.11902,-0.00931,-0.00003,0.00252,-0.00596,60.00000,60.00000,157.98170,0.00000,0.11844,0.00021,1.00000,1.00000,0.00000,0.00000,none
18.40000,89.99003,82.01953,1.11885,-0.00931,-0.00003,0.00250,-0.00586,60.00000,60.00000,157.98047,0.00000,0.11844,0.00021,1.00000,1.00000,0.00000,0.00000,none
18.40417,89.99004,82.02075,1.11868,-0.00931,-0.00003,0.00248,-0.00576,60.00000,60.00000,157.97925,0.00000,0.11845,0.00021,1.00000,1.00000,0.00000,0.00000,none
18.40833,89.99004,82.02197,1.11850,-0.00932,-0.00003,0.00245,-0.00565,60.00000,60.00000,157.97803,0.00000,0.11845,0.00020,1.00000,1.00000,0.00000,0.00000,none
18.41250,89.99005,82.02319,1.11833,-0.00932,-0.00003,0.00243,-0.00555,60.00000,60.00000,157.97681,0.00000,0.11846,0.00020,1.00000,1.00000,0.00000,0.00000,none
18.41667,89.99006,82.02441,1.11816,-0.00932,-0.00003,0.00241,-0.00545,60.00000,60.00000,157.97559,0.00000,0.11846,0.00020,1.00000,1.00000,0.00000,0.00000,none
18.42083,89.99006,82.02563,1.11799,-0.00932,-0.00003,0.00238,-0.00535,60.00000,60.00000,157.97437,0.00000,0.11847,0.00020,1.00000,1.00000,0.00000,0.00000,none
18.42500,89.99007,82.02685,1.11781,-0.00932,-0.00003,0.00236,-0.00524,60.00000,60.00000,157.97315,0.00000,0.11847,0.00020,1.00000,1.00000,0.00000,0.00000,none
18.42917,89.99008,82.02807,1.11764,-0.00932,-0.00003,0.00234,-0.00514,60.00000,60.00000,157.97193,0.00000,0.11848,0.00019,1.00000,1.00000,0.00000,0.00000,none
18.43333,89.99008,82.02928,1.11747,-0.00932,-0.00003,0.00232,-0.00504,60.00000,60.00000,157.97072,0.00000,0.11848,0.00019,1.00000,1.00000,0.00000,0.00000,none
18.43750,89.99009,82.03050,1.11729,-0.00932,-0.00003,0.00230,-0.00493,60.00000,60.00000,157.96950,0.00000,0.11848,0.00019,1.00000,1.00000,0.00000,0.00000,none
18.44167,89.99009,82.03172,1.11712,-0.00932,-0.00003,0.00228,-0.00483,60.00000,60.00000,157.96828,0.00000,0.11849,0.00019,1.00000,1.00000,0.00000,0.00000,none
18.44583,89.99010,82.03294,1.11695,-0.00933,-0.00003,0.00226,-0.00473,60.00000,60.00000,157.96706,0.00000,0.11849,0.00019,1.00000,1.00000,0.00000,0.00000,none
18.45000,89.99011,82.03415,1.11678,-0.00933,-0.00003,0.00224,-0.00463,60.00000,60.00000,157.96585,0.00000,0.11850,0.00019,1.00000,1.00000,0.00000,0.00000,none
18.45417,89.99011,82.03537,1.11661,-0.00933,-0.00003,0.00222,-0.00452,60.00000,60.00000,157.96463,0.00000,0.11850,0.00018,1.00000,1.00000,0.00000,0.00000,none
18.45833,89.99012,82.03659,1.11643,-0.00933,-0.00003,0.00220,-0.00442,60.00000,60.00000,157.96341,0.00000,0.11851,0.00018,1.00000,1.00000,0.00000,0.00000,none
18.46250,89.99013,82.03780,1.11626,-0.00933,-0.00003,0.00218,-0.00432,60.00000,60.00000,157.96220,0.00000,0.11851,0.00018,1.00000,1.00000,0.00000,0.00000,none
18.46667,89.99013,82.03902,1.11609,-0.00933,-0.00003,0.00216,-0.00421,60.00000,60.00000,157.96098,0.00000,0.11852,0.00018,1.00000,1.00000,0.00000,0.00000,none
18.47083,89.99014,82.04024,1.11592,-0.00933,-0.00003,0.00215,-0.00411,60.00000,60.00000,157.95976,0.00000,0.11852,0.00018,1.00000,1.00000,0.00000,0.00000,none
18.47500,89.99014,82.04145,1.11574,-0.00933,-0.00003,0.00213,-0.00401,60.00000,60.00000,157.95855,0.00000,0.11852,0.00018,1.00000,1.00000,0.00000,0.00000,none
18.47917,89.99015,82.04267,1.11557,-0.00933,-0.00003,0.00211,-0.00391,60.00000,60.00000,157.95733,0.00000,0.11853,0.00018,1.00000,1.00000,0.00000,0.00000,none
18.48333,89.99016,82.04388,1.11540,-0.00934,-0.00003,0.00210,-0.00380,60.00000,60.00000,157.95612,0.00000,0.11853,0.00017,1.00000,1.00000,0.00000,0.00000,none
18.48750,89.99016,82.04509,1.11523,-0.00934,-0.00003,0.00208,-0.00370,60.00000,60.00000,157.95491,0.00000,0.11854,0.00017,1.00000,1.00000,0.00000,0.00000,none
18.49167,89.99017,82.04631,1.11506,-0.00934,-0.00003,0.00207,-0.00360,60.00000,60.00000,157.95369,0.00000,0.11854,0.00017,1.00000,1.00000,0.00000,0.00000,none
18.49583,89.99018,82.04752,1.11488,-0.00934,-0.00003,0.00205,-0.00350,60.00000,60.00000,157.95248,0.00000,0.11855,0.00017,1.00000,1.00000,0.00000,0.00000,none
18.50000,89.99018,82.04873,1.11471,-0.00934,-0.00003,0.00204,-0.00339,60.00000,60.00000,157.95127,0.00000,0.11855,0.00017,1.00000,1.00000,0.00000,0.00000,none
18.50417,89.99019,82.04995,1.11454,-0.00934,-0.00003,0.00202,-0.00329,60.00000,60.00000,157.95005,0.00000,0.11855,0.00017,1.00000,1.00000,0.00000,0.00000,none
18.50833,89.99020,82.05116,1.11437,-0.00934,-0.00003,0.00201,-0.00319,60.00000,60.00000,157.94884,0.00000,0.11856,0.00017,1.00000,1.00000,0.00000,0.00000,none
18.51250,89.99020,82.05237,1.11420,-0.00934,-0.00003,0.00200,-0.00309,60.00000,60.00000,157.94763,0.00000,0.11856,0.00017,1.00000,1.00000,0.00000,0.00000,none
18.51667,89.99021,82.05358,1.11403,-0.00934,-0.00003,0.00198,-0.00298,60.00000,60.00000,157.94642,0.00000,0.11857,0.00017,1.00000,1.00000,0.00000,0.00000,none
18.52083,89.99021,82.05480,1.11386,-0.00935,-0.00003,0.00197,-0.00288,60.00000,60.00000,157.94520,0.00000,0.11857,0.00016,1.00000,1.00000,0.00000,0.00000,none
18.52500,89.99022,82.05601,1.11368,-0.00935,-0.00003,0.00196,-0.00278,60.00000,60.00000,157.94399,0.00000,0.11858,0.00016,1.00000,1.00000,0.00000,0.00000,none
18.52917,89.99023,82.05722,1.11351,-0.00935,-0.00003,0.00195,-0.00268,60.00000,60.00000,157.94278,0.00000,0.11858,0.00016,1.00000,1.00000,0.00000,0.00000,none
18.53333,89.99023,82.05843,1.11334,-0.00935,-0.00003,0.00194,-0.00258,60.00000,60.00000,157.94157,0.00000,0.11859,0.00016,1.00000,1.00000,0.00000,0.00000,none
18.53750,89.99024,82.05964,1.11317,-0.00935,-0.00003,0.00193,-0.00248,60.00000,60.00000,157.94036,0.00000,0.11859,0.00016,1.00000,1.00000,0.00000,0.00000,none
18.54167,89.99025,82.06085,1.11300,-0.00935,-0.00003,0.00192,-0.00237,60.00000,60.00000,157.93915,0.00000,0.11859,0.00016,1.00000,1.00000,0.00000,0.00000,none
18.54583,89.99025,82.06206,1.11283,-0.00935,-0.00003,0.00191,-0.00227,60.00000,60.00000,157.93794,0.00000,0.11860,0.00016,1.00000,1.00000,0.00000,0.00000,none
18.55000,89.99026,82.06327,1.11266,-0.00935,-0.00003,0.00190,-0.00217,60.00000,60.00000,157.93673,0.00000,0.11860,0.00016,1.00000,1.00000,0.00000,0.00000,none
18.55417,89.99026,82.06448,1.11248,-0.00935,-0.00003,0.00189,-0.00207,60.00000,60.00000,157.93552,0.00000,0.11861,0.00016,1.00000,1.00000,0.00000,0.00000,none
18.55833,89.99027,82.06568,1.11231,-0.00936,-0.00003,0.00188,-0.00197,60.00000,60.00000,157.93432,0.00000,0.11861,0.00016,1.00000,1.00000,0.00000,0.00000,none
18.56250,89.99028,82.06689,1.11214,-0.00936,-0.00003,0.00187,-0.00187,60.00000,60.00000,157.93311,0.00000,0.11862,0.00016,1.00000,1.00000,0.00000,0.00000,none
18.56667,89.99028,82.06810,1.11197,-0.00936,-0.00003,0.00187,-0.00177,60.00000,60.00000,157.93190,0.00000,0.11862,0.00016,1.00000,1.00000,0.00000,0.00000,none
18.57083,89.99029,82.06931,1.11180,-0.00936,-0.00003,0.00186,-0.00167,60.00000,60.00000,157.93069,0.00000,0.11863,0.00015,1.00000,1.00000,0.00000,0.00000,none
18.57500,89.99030,82.07051,1.11163,-0.00936,-0.00003,0.00185,-0.00157,60.00000,60.00000,157.92949,0.00000,0.11863,0.00015,1.00000,1.00000,0.00000,0.00000,none
18.57917,89.99030,82.07172,1.11146,-0.00936,-0.00003,0.00184,-0.00147,60.00000,60.00000,157.92828,0.00000,0.11863,0.00015,1.00000,1.00000,0.00000,0.00000,none
18.58333,89.99031,82.07293,1.11129,-0.00936,-0.00003,0.00184,-0.00137,60.00000,60.00000,157.92707,0.00000,0.11864,0.00015,1.00000,1.00000,0.00000,0.00000,none
18.58750,89.99032,82.07413,1.11112,-0.00936,-0.00003,0.00183,-0.00127,60.00000,60.00000,157.92587,0.00000,0.11864,0.00015,1.00000,1.00000,0.00000,0.00000,none
18.59167,89.99032,82.07534,1.11095,-0.00936,-0.00003,0.00183,-0.00117,60.00000,60.00000,157.92466,0.00000,0.11865,0.00015,1.00000,1.00000,0.00000,0.00000,none
18.59583,89.99033,82.07655,1.11078,-0.00936,-0.00003,0.00182,-0.00107,60.00000,60.00000,157.92345,0.00000,0.11865,0.00015,1.00000,1.00000,0.00000,0.00000,none
18.60000,89.99033,82.07775,1.11061,-0.00937,-0.00003,0.00182,-0.00097,60.00000,60.00000,157.92225,0.00000,0.11866,0.00015,1.00000,1.00000,0.00000,0.00000,none
18.60417,89.99034,82.07896,1.11043,-0.00937,-0.00003,0.00182,-0.00087,60.00000,60.00000,157.92104,0.00000,0.11866,0.00015,1.00000,1.00000,0.00000,0.00000,none
18.60833,89.99035,82.08016,1.11026,-0.00937,-0.00003,0.00181,-0.00078,60.00000,60.00000,157.91984,0.00000,0.11866,0.00015,1.00000,1.00000,0.00000,0.00000,none
18.61250,89.99035,82.08136,1.11009,-0.00937,-0.00003,0.00181,-0.00068,60.00000,60.00000,157.91864,0.00000,0.11867,0.00015,1.00000,1.00000,0.00000,0.00000,none
18.61667,89.99036,82.08257,1.10992,-0.00937,-0.00003,0.00181,-0.00058,60.00000,60.00000,157.91743,0.00000,0.11867,0.00015,1.00000,1.00000,0.00000,0.00000,none
18.62083,89.99037,82.08377,1.10975,-0.00937,-0.00003,0.00180,-0.00048,60.00000,60.00000,157.91623,0.00000,0.11868,0.00015,1.00000,1.00000,0.00000,0.00000,none
18.62500,89.99037,82.08497,1.10958,-0.00937,-0.00003,0.00180,-0.00039,60.00000,60.00000,157.91503,0.00000,0.11868,0.00015,1.00000,1.00000,0.00000,0.00000,none
18.62917,89.99038,82.08618,1.10941,-0.00937,-0.00003,0.00180,-0.00029,60.00000,60.00000,157.91382,0.00000,0.11869,0.00015,1.00000,1.00000,0.00000,0.00000,none
18.63333,89.99039,82.08738,1.10924,-0.00937,-0.00003,0.00180,-0.00019,60.00000,60.00000,157.91262,0.00000,0.11869,0.00015,1.00000,1.00000,0.00000,0.00000,none
18.63750,89.99039,82.08858,1.10907,-0.00938,-0.00003,0.00180,-0.00010,60.00000,60.00000,157.91142,0.00000,0.11870,0.00015,1.00000,1.00000,0.00000,0.00000,none
18.64167,89.99040,82.08978,1.10890,-0.00938,-0.00003,0.00180,0.00000,60.00000,60.00000,157.91022,0.00000,0.11870,0.00015,1.00000,1.00000,0.00000,0.00000,none
18.64583,89.99040,82.09099,1.10873,-0.00938,-0.00003,0.00180,0.00010,60.00000,60.00000,157.90901,0.00000,0.11870,0.00015,1.00000,1.00000,0.00000,0.00000,none
18.65000,89.99041,82.09219,1.10856,-0.00938,-0.00003,0.00180,0.00019,60.00000,60.00000,157.90781,0.00000,0.11871,0.00015,1.00000,1.00000,0.00000,0.00000,none
18.65417,89.99042,82.09339,1.10839,-0.00938,-0.00003,0.00180,0.00029,60.00000,60.00000,157.90661,0.00000,0.11871,0.00015,1.00000,1.00000,0.00000,0.00000,none
18.65833,89.99042,82.09459,1.10822,-0.00938,-0.00003,0.00180,0.00038,60.00000,60.00000,157.90541,0.00000,0.11872,0.00015,1.00000,1.00000,0.00000,0.00000,none
18.66250,89.99043,82.09579,1.10805,-0.00938,-0.00003,0.00180,0.00048,60.00000,60.00000,157.90421,0.00000,0.11872,0.00015,1.00000,1.00000,0.00000,0.00000,none
18.66667,89.99044,82.09699,1.10788,-0.00938,-0.00003,0.00181,0.00057,60.00000,60.00000,157.90301,0.00000,0.11873,0.00015,1.00000,1.00000,0.00000,0.00000,none
18.67083,89.99044,82.09819,1.10771,-0.00938,-0.00003,0.00181,0.00067,60.00000,60.00000,157.90181,0.00000,0.11873,0.00015,1.00000,1.00000,0.00000,0.00000,none
18.67500,89.99045,82.09939,1.10754,-0.00939,-0.00003,0.00181,0.00076,60.00000,60.00000,157.90061,0.00000,0.11873,0.00015,1.00000,1.00000,0.00000,0.00000,none
18.67917,89.99046,82.10059,1.10737,-0.00939,-0.00003,0.00182,0.00085,60.00000,60.00000,157.89941,0.00000,0.11874,0.00015,1.00000,1.00000,0.00000,0.00000,none
18.68333,89.99046,82.10178,1.10720,-0.00939,-0.00003,0.00182,0.00095,60.00000,60.00000,157.89822,0.00000,0.11874,0.00015,1.00000,1.00000,0.00000,0.00000,none
18.68750,89.99047,82.10298,1.10703,-0.00939,-0.00003,0.00182,0.00104,60.00000,60.00000,157.89702,0.00000,0.11875,0.00015,1.00000,1.00000,0.00000,0.00000,none
18.69167,89.99047,82.10418,1.10686,-0.00939,-0.00003,0.00183,0.00113,60.00000,60.00000,157.89582,0.00000,0.11875,0.00015,1.00000,1.00000,0.00000,0.00000,none
18.69583,89.99048,82.10538,1.10669,-0.00939,-0.00003,0.00183,0.00122,60.00000,60.00000,157.89462,0.00000,0.11876,0.00015,1.00000,1.00000,0.00000,0.00000,none
18.70000,89.99049,82.10658,1.10653,-0.00939,-0.00003,0.00184,0.00131,60.00000,60.00000,157.89342,0.00000,0.11876,0.00015,1.00000,1.00000,0.00000,0.00000,none
18.70417,89.99049,82.10777,1.10636,-0.00939,-0.00003,0.00184,0.00141,60.00000,60.00000,157.89223,0.00000,0.11877,0.00015,1.00000,1.00000,0.00000,0.00000,none
18.70833,89.99050,82.10897,1.10619,-0.00939,-0.00003,0.00185,0.00150,60.00000,60.00000,157.89103,0.00000,0.11877,0.00015,1.00000,1.00000,0.00000,0.00000,none
18.71250,89.99051,82.11017,1.10602,-0.00940,-0.00003,0.00186,0.00159,60.00000,60.00000,157.88983,0.00000,0.11877,0.00015,1.00000,1.00000,0.00000,0.00000,none
18.71667,89.99051,82.11136,1.10585,-0.00940,-0.00003,0.00186,0.00168,60.00000,60.00000,157.88864,0.00000,0.11878,0.00016,1.00000,1.00000,0.00000,0.00000,none
18.72083,89.99052,82.11256,1.10568,-0.00940,-0.00003,0.00187,0.00177,60.00000,60.00000,157.88744,0.00000,0.11878,0.00016,1.00000,1.00000,0.00000,0.00000,none
18.72500,89.99053,82.11375,1.10551,-0.00940,-0.00003,0.00188,0.00186,60.00000,60.00000,157.88625,0.00000,0.11879,0.00016,1.00000,1.00000,0.00000,0.00000,none
18.72917,89.99053,82.11495,1.10534,-0.00940,-0.00003,0.00189,0.00195,60.00000,60.00000,157.88505,0.00000,0.11879,0.00016,1.00000,1.00000,0.00000,0.00000,none
18.73333,89.99054,82.11614,1.10517,-0.00940,-0.00003,0.00189,0.00203,60.00000,60.00000,157.88386,0.00000,0.11880,0.00016,1.00000,1.00000,0.00000,0.00000,none
18.73750,89.99054,82.11734,1.10500,-0.00940,-0.00003,0.00190,0.00212,60.00000,60.00000,157.88266,0.00000,0.11880,0.00016,1.00000,1.00000,0.00000,0.00000,none
18.74167,89.99055,82.11853,1.10483,-0.00940,-0.00003,0.00191,0.00221,60.00000,60.00000,157.88147,0.00000,0.11880,0.00016,1.00000,1.00000,0.00000,0.00000,none
18.74583,89.99056,82.11972,1.10466,-0.00940,-0.00003,0.00192,0.00230,60.00000,60.00000,157.88028,0.00000,0.11881,0.00016,1.00000,1.00000,0.00000,0.00000,none
18.75000,89.99056,82.12092,1.10450,-0.00941,-0.00003,0.00193,0.00238,60.00000,60.00000,157.87908,0.00000,0.11881,0.00016,1.00000,1.00000,0.00000,0.00000,none
18.75417,89.99057,82.12211,1.10433,-0.00941,-0.00003,0.00194,0.00247,60.00000,60.00000,157.87789,0.00000,0.11882,0.00016,1.00000,1.00000,0.00000,0.00000,none
18.75833,89.99058,82.12330,1.10416,-0.00941,-0.00003,0.00195,0.00256,60.00000,60.00000,157.87670,0.00000,0.11882,0.00016,1.00000,1.00000,0.00000,0.00000,none
18.76250,89.99058,82.12449,1.10399,-0.00941,-0.00003,0.00196,0.00264,60.00000,60.00000,157.87551,0.00000,0.11883,0.00016,1.00000,1.00000,0.00000,0.00000,none
18.76667,89.99059,82.12569,1.10382,-0.00941,-0.00003,0.00197,0.00273,60.00000,60.00000,157.87431,0.00000,0.11883,0.00016,1.00000,1.00000,0.00000,0.00000,none
18.77083,89.99060,82.12688,1.10365,-0.00941,-0.00003,0.00198,0.00281,60.00000,60.00000,157.87312,0.00000,0.11884,0.00017,1.00000,1.00000,0.00000,0.00000,none
18.77500,89.99060,82.12807,1.10348,-0.00941,-0.00003,0.00200,0.00290,60.00000,60.00000,157.87193,0.00000,0.11884,0.00017,1.00000,1.00000,0.00000,0.00000,none
18.77917,89.99061,82.12926,1.10332,-0.00941,-0.00003,0.00201,0.00298,60.00000,60.00000,157.87074,0.00000,0.11884,0.00017,1.00000,1.00000,0.00000,0.00000,none
18.78333,89.99061,82.13045,1.10315,-0.00941,-0.00003,0.00202,0.00306,60.00000,60.00000,157.86955,0.00000,0.11885,0.00017,1.00000,1.00000,0.00000,0.00000,none
18.78750,89.99062,82.13164,1.10298,-0.00941,-0.00003,0.00203,0.00315,60.00000,60.00000,157.86836,0.00000,0.11885,0.00017,1.00000,1.00000,0.00000,0.00000,none
18.79167,89.99063,82.13283,1.10281,-0.00942,-0.00003,0.00205,0.00323,60.00000,60.00000,157.86717,0.00000,0.11886,0.00017,1.00000,1.00000,0.00000,0.00000,none
18.79583,89.99063,82.13402,1.10264,-0.00942,-0.00003,0.00206,0.00331,60.00000,60.00000,157.86598,0.00000,0.11886,0.00017,1.00000,1.00000,0.00000,0.00000,none
18.80000,89.99064,82.13521,1.10247,-0.00942,-0.00003,0.00208,0.00339,60.00000,60.00000,157.86479,0.00000,0.11887,0.00017,1.00000,1.00000,0.00000,0.00000,none
18.80417,89.99065,82.13640,1.10230,-0.00942,-0.00003,0.00209,0.00348,60.00000,60.00000,157.86360,0.00000,0.11887,0.00017,1.00000,1.00000,0.00000,0.00000,none
18.80833,89.99065,82.13759,1.10214,-0.00942,-0.00003,0.00210,0.00356,60.00000,60.00000,157.86241,0.00000,0.11887,0.00018,1.00000,1.00000,0.00000,0.00000,none
18.81250,89.99066,82.13878,1.10197,-0.00942,-0.00003,0.00212,0.00364,60.00000,60.00000,157.86122,0.00000,0.11888,0.00018,1.00000,1.00000,0.00000,0.00000,none
18.81667,89.99067,82.13997,1.10180,-0.00942,-0.00003,0.00213,0.00372,60.00000,60.00000,157.86003,0.00000,0.11888,0.00018,1.00000,1.00000,0.00000,0.00000,none
18.82083,89.99067,82.14115,1.10163,-0.00942,-0.00003,0.00215,0.00379,60.00000,60.00000,157.85885,0.00000,0.11889,0.00018,1.00000,1.00000,0.00000,0.00000,none
18.82500,89.99068,82.14234,1.10146,-0.00942,-0.00003,0.00217,0.00387,60.00000,60.00000,157.85766,0.00000,0.11889,0.00018,1.00000,1.00000,0.00000,0.00000,none
18.82917,89.99069,82.14353,1.10130,-0.00943,-0.00003,0.00218,0.00395,60.00000,60.00000,157.85647,0.00000,0.11890,0.00018,1.00000,1.00000,0.00000,0.00000,none
18.83333,89.99069,82.14472,1.10113,-0.00943,-0.00003,0.00220,0.00403,60.00000,60.00000,157.85528,0.00000,0.11890,0.00018,1.00000,1.00000,0.00000,0.00000,none
18.83750,89.99070,82.14590,1.10096,-0.00943,-0.00003,0.00222,0.00411,60.00000,60.00000,157.85410,0.00000,0.11891,0.00018,1.00000,1.00000,0.00000,0.00000,none
18.84167,89.99070,82.14709,1.10079,-0.00943,-0.00003,0.00223,0.00418,60.00000,60.00000,157.85291,0.00000,0.11891,0.00019,1.00000,1.00000,0.00000,0.00000,none
18.84583,89.99071,82.14827,1.10063,-0.00943,-0.00003,0.00225,0.00426,60.00000,60.00000,157.85173,0.00000,0.11891,0.00019,1.00000,1.00000,0.00000,0.00000,none
18.85000,89.99072,82.14946,1.10046,-0.00943,-0.00003,0.00227,0.00433,60.00000,60.00000,157.85054,0.00000,0.11892,0.00019,1.00000,1.00000,0.00000,0.00000,none
18.85417,89.99072,82.15064,1.10029,-0.00943,-0.00003,0.00229,0.00441,60.00000,60.00000,157.84936,0.00000,0.11892,0.00019,1.00000,1.00000,0.00000,0.00000,none
18.85833,89.99073,82.15183,1.10012,-0.00943,-0.00003,0.00231,0.00448,60.00000,60.00000,157.84817,0.00000,0.11893,0.00019,1.00000,1.00000,0.00000,0.00000,none
18.86250,89.99074,82.15301,1.09995,-0.00943,-0.00003,0.00232,0.00456,60.00000,60.00000,157.84699,0.00000,0.11893,0.00019,1.00000,1.00000,0.00000,0.00000,none
18.86667,89.99074,82.15420,1.09979,-0.00944,-0.00003,0.00234,0.00463,60.00000,60.00000,157.84580,0.00000,0.11894,0.00020,1.00000,1.00000,0.00000,0.00000,none
18.87083,89.99075,82.15538,1.09962,-0.00944,-0.00003,0.00236,0.00471,60.00000,60.00000,157.84462,0.00000,0.11894,0.00020,1.00000,1.00000,0.00000,0.00000,none
18.87500,89.99076,82.15657,1.09945,-0.00944,-0.00003,0.00238,0.00478,60.00000,60.00000,157.84343,0.00000,0.11894,0.00020,1.00000,1.00000,0.00000,0.00000,none
18.87917,89.99076,82.15775,1.09928,-0.00944,-0.00003,0.00240,0.00485,60.00000,60.00000,157.84225,0.00000,0.11895,0.00020,1.00000,1.00000,0.00000,0.00000,none
18.88333,89.99077,82.15893,1.09912,-0.00944,-0.00003,0.00242,0.00492,60.00000,60.00000,157.84107,0.00000,0.11895,0.00020,1.00000,1.00000,0.00000,0.00000,none
18.88750,89.99078,82.16011,1.09895,-0.00944,-0.00003,0.00244,0.00499,60.00000,60.00000,157.83989,0.00000,0.11896,0.00020,1.00000,1.00000,0.00000,0.00000,none
18.89167,89.99078,82.16130,1.09878,-0.00944,-0.00003,0.00246,0.00506,60.00000,60.00000,157.83870,0.00000,0.11896,0.00021,1.00000,1.00000,0.00000,0.00000,none
18.89583,89.99079,82.16248,1.09862,-0.00944,-0.00003,0.00249,0.00513,60.00000,60.00000,157.83752,0.00000,0.11897,0.00021,1.00000,1.00000,0.00000,0.00000,none
18.90000,89.99080,82.16366,1.09845,-0.00944,-0.00003,0.00251,0.00520,60.00000,60.00000,157.83634,0.00000,0.11897,0.00021,1.00000,1.00000,0.00000,0.00000,none
18.90417,89.99080,82.16484,1.09828,-0.00945,-0.00003,0.00253,0.00527,60.00000,60.00000,157.83516,0.00000,0.11897,0.00021,1.00000,1.00000,0.00000,0.00000,none
18.90833,89.99081,82.16602,1.09811,-0.00945,-0.00003,0.00255,0.00534,60.00000,60.00000,157.83398,0.00000,0.11898,0.00021,1.00000,1.00000,0.00000,0.00000,none
18.91250,89.99081,82.16720,1.09795,-0.00945,-0.00003,0.00257,0.00541,60.00000,60.00000,157.83280,0.00000,0.11898,0.00021,1.00000,1.00000,0.00000,0.00000,none
18.91667,89.99082,82.16838,1.09778,-0.00945,-0.00003,0.00260,0.00547,60.00000,60.00000,157.83162,0.00000,0.11899,0.00022,1.00000,1.00000,0.00000,0.00000,none
18.92083,89.99083,82.16956,1.09761,-0.00945,-0.00003,0.00262,0.00554,60.00000,60.00000,157.83044,0.00000,0.11899,0.00022,1.00000,1.00000,0.00000,0.00000,none
18.92500,89.99083,82.17074,1.09745,-0.00945,-0.00003,0.00264,0.00560,60.00000,60.00000,157.82926,0.00000,0.11900,0.00022,1.00000,1.00000,0.00000,0.00000,none
18.92917,89.99084,82.17192,1.09728,-0.00945,-0.00003,0.00267,0.00567,60.00000,60.00000,157.82808,0.00000,0.11900,0.00022,1.00000,1.00000,0.00000,0.00000,none
18.93333,89.99085,82.17310,1.09711,-0.00945,-0.00003,0.00269,0.00573,60.00000,60.00000,157.82690,0.00000,0.11901,0.00022,1.00000,1.00000,0.00000,0.00000,none
18.93750,89.99085,82.17428,1.09695,-0.00945,-0.00003,0.00271,0.00580,60.00000,60.00000,157.82572,0.00000,0.11901,0.00023,1.00000,1.00000,0.00000,0.00000,none
18.94167,89.99086,82.17546,1.09678,-0.00946,-0.00003,0.00274,0.00586,60.00000,60.00000,157.82454,0.00000,0.11901,0.00023,1.00000,1.00000,0.00000,0.00000,none
18.94583,89.99087,82.17664,1.09661,-0.00946,-0.00003,0.00276,0.00592,60.00000,60.00000,157.82336,0.00000,0.11902,0.00023,1.00000,1.00000,0.00000,0.00000,none
18.95000,89.99087,82.17782,1.09645,-0.00946,-0.00003,0.00279,0.00599,60.00000,60.00000,157.82218,0.00000,0.11902,0.00023,1.00000,1.00000,0.00000,0.00000,none
18.95417,89.99088,82.17899,1.09628,-0.00946,-0.00003,0.00281,0.00605,60.00000,60.00000,157.82101,0.00000,0.11903,0.00023,1.00000,1.00000,0.00000,0.00000,none
18.95833,89.99089,82.18017,1.09611,-0.00946,-0.00003,0.00284,0.00611,60.00000,60.00000,157.81983,0.00000,0.11903,0.00024,1.00000,1.00000,0.00000,0.00000,none
18.96250,89.99089,82.18135,1.09595,-0.00946,-0.00003,0.00286,0.00617,60.00000,60.00000,157.81865,0.00000,0.11904,0.00024,1.00000,1.00000,0.00000,0.00000,none
18.96667,89.99090,82.18252,1.09578,-0.00946,-0.00003,0.00289,0.00623,60.00000,60.00000,157.81748,0.00000,0.11904,0.00024,1.00000,1.00000,0.00000,0.00000,none
18.97083,89.99091,82.18370,1.09561,-0.00946,-0.00003,0.00292,0.00629,60.00000,60.00000,157.81630,0.00000,0.11904,0.00024,1.00000,1.00000,0.00000,0.00000,none
18.97500,89.99091,82.18488,1.09545,-0.00946,-0.00003,0.00294,0.00635,60.00000,60.00000,157.81512,0.00000,0.11905,0.00025,1.00000,1.00000,0.00000,0.00000,none
18.97917,89.99092,82.18605,1.09528,-0.00946,-0.00003,0.00297,0.00641,60.00000,60.00000,157.81395,0.00000,0.11905,0.00025,1.00000,1.00000,0.00000,0.00000,none
18.98333,89.99092,82.18723,1.09511,-0.00947,-0.00003,0.00300,0.00646,60.00000,60.00000,157.81277,0.00000,0.11906,0.00025,1.00000,1.00000,0.00000,0.00000,none
18.98750,89.99093,82.18840,1.09495,-0.00947,-0.00003,0.00302,0.00652,60.00000,60.00000,157.81160,0.00000,0.11906,0.00025,1.00000,1.00000,0.00000,0.00000,none
18.99167,89.99094,82.18958,1.09478,-0.00947,-0.00003,0.00305,0.00658,60.00000,60.00000,157.81042,0.00000,0.11907,0.00025,1.00000,1.00000,0.00000,0.00000,none
18.99583,89.99094,82.19075,1.09462,-0.00947,-0.00003,0.00308,0.00663,60.00000,60.00000,157.80925,0.00000,0.11907,0.00026,1.00000,1.00000,0.00000,0.00000,none
19.00000,89.99095,82.19193,1.09445,-0.00947,-0.00003,0.00310,0.00669,60.00000,60.00000,157.80807,0.00000,0.11907,0.00026,1.00000,1.00000,0.00000,0.00000,none
19.00417,89.99096,82.19310,1.09428,-0.00947,-0.00003,0.00313,0.00674,60.00000,60.00000,157.80690,0.00000,0.11908,0.00026,1.00000,1.00000,0.00000,0.00000,none
19.00833,89.99096,82.19427,1.09412,-0.00947,-0.00003,0.00316,0.00680,60.00000,60.00000,157.80573,0.00000,0.11908,0.00026,1.00000,1.00000,0.00000,0.00000,none
19.01250,89.99097,82.19545,1.09395,-0.00947,-0.00003,0.00319,0.00685,60.00000,60.00000,157.80455,0.00000,0.11909,0.00027,1.00000,1.00000,0.00000,0.00000,none
19.01667,89.99098,82.19662,1.09379,-0.00947,-0.00003,0.00322,0.00690,60.00000,60.00000,157.80338,0.00000,0.11909,0.00027,1.00000,1.00000,0.00000,0.00000,none
19.02083,89.99098,82.19779,1.09362,-0.00948,-0.00003,0.00325,0.00695,60.00000,60.00000,157.80221,0.00000,0.11910,0.00027,1.00000,1.00000,0.00000,0.00000,none
19.02500,89.99099,82.19896,1.09345,-0.00948,-0.00003,0.00328,0.00701,60.00000,60.00000,157.80104,0.00000,0.11910,0.00027,1.00000,1.00000,0.00000,0.00000,none
19.02917,89.99100,82.20014,1.09329,-0.00948,-0.00003,0.00331,0.00706,60.00000,60.00000,157.79986,0.00000,0.11910,0.00028,1.00000,1.00000,0.00000,0.00000,none
19.03333,89.99100,82.20131,1.09312,-0.00948,-0.00003,0.00333,0.00711,60.00000,60.00000,157.79869,0.00000,0.11911,0.00028,1.00000,1.00000,0.00000,0.00000,none
19.03750,89.99101,82.20248,1.09296,-0.00948,-0.00003,0.00336,0.00716,60.00000,60.00000,157.79752,0.00000,0.11911,0.00028,1.00000,1.00000,0.00000,0.00000,none
19.04167,89.99102,82.20365,1.09279,-0.00948,-0.00003,0.00339,0.00720,60.00000,60.00000,157.79635,0.00000,0.11912,0.00028,1.00000,1.00000,0.00000,0.00000,none
19.04583,89.99102,82.20482,1.09263,-0.00948,-0.00003,0.00342,0.00725,60.00000,60.00000,157.79518,0.00000,0.11912,0.00029,1.00000,1.00000,0.00000,0.00000,none
19.05000,89.99103,82.20599,1.09246,-0.00948,-0.00003,0.00345,0.00730,60.00000,60.00000,157.79401,0.00000,0.11913,0.00029,1.00000,1.00000,0.00000,0.00000,none
19.05417,89.99104,82.20716,1.09230,-0.00948,-0.00003,0.00349,0.00735,60.00000,60.00000,157.79284,0.00000,0.11913,0.00029,1.00000,1.00000,0.00000,0.00000,none
19.05833,89.99104,82.20833,1.09213,-0.00949,-0.00003,0.00352,0.00739,60.00000,60.00000,157.79167,0.00000,0.11914,0.00029,1.00000,1.00000,0.00000,0.00000,none
19.06250,89.99105,82.20950,1.09196,-0.00949,-0.00003,0.00355,0.00744,60.00000,60.00000,157.79050,0.00000,0.11914,0.00030,1.00000,1.00000,0.00000,0.00000,none
19.06667,89.99106,82.21067,1.09180,-0.00949,-0.00003,0.00358,0.00748,60.00000,60.00000,157.78933,0.00000,0.11914,0.00030,1.00000,1.00000,0.00000,0.00000,none
19.07083,89.99106,82.21184,1.09163,-0.00949,-0.00003,0.00361,0.00753,60.00000,60.00000,157.78816,0.00000,0.11915,0.00030,1.00000,1.00000,0.00000,0.00000,none
19.07500,89.99107,82.21300,1.09147,-0.00949,-0.00003,0.00364,0.00757,60.00000,60.00000,157.78700,0.00000,0.11915,0.00030,1.00000,1.00000,0.00000,0.00000,none
19.07917,89.99107,82.21417,1.09130,-0.00949,-0.00003,0.00367,0.00761,60.00000,60.00000,157.78583,0.00000,0.11916,0.00031,1.00000,1.00000,0.00000,0.00000,none
19.08333,89.99108,82.21534,1.09114,-0.00949,-0.00003,0.00370,0.00766,60.00000,60.00000,157.78466,0.00000,0.11916,0.00031,1.00000,1.00000,0.00000,0.00000,none
19.08750,89.99109,82.21651,1.09097,-0.00949,-0.00003,0.00374,0.00770,60.00000,60.00000,157.78349,0.00000,0.11917,0.00031,1.00000,1.00000,0.00000,0.00000,none
19.09167,89.99109,82.21767,1.09081,-0.00949,-0.00003,0.00377,0.00774,60.00000,60.00000,157.78233,0.00000,0.11917,0.00031,1.00000,1.00000,0.00000,0.00000,none
19.09583,89.99110,82.21884,1.09064,-0.00950,-0.00003,0.00380,0.00778,60.00000,60.00000,157.78116,0.00000,0.11917,0.00032,1.00000,1.00000,0.00000,0.00000,none
19.10000,89.99111,82.22001,1.09048,-0.00950,-0.00003,0.00383,0.00782,60.00000,60.00000,157.77999,0.00000,0.11918,0.00032,1.00000,1.00000,0.00000,0.00000,none
19.10417,89.99111,82.22117,1.09031,-0.00950,-0.00003,0.00387,0.00786,60.00000,60.00000,157.77883,0.00000,0.11918,0.00032,1.00000,1.00000,0.00000,0.00000,none
19.10833,89.99112,82.22234,1.09015,-0.00950,-0.00003,0.00390,0.00790,60.00000,60.00000,157.77766,0.00000,0.11919,0.00032,1.00000,1.00000,0.00000,0.00000,none
19.11250,89.99113,82.22351,1.08998,-0.00950,-0.00003,0.00393,0.00794,60.00000,60.00000,157.77649,0.00000,0.11919,0.00033,1.00000,1.00000,0.00000,0.00000,none
19.11667,89.99113,82.22467,1.08982,-0.00950,-0.00003,0.00396,0.00797,60.00000,60.00000,157.77533,0.00000,0.11920,0.00033,1.00000,1.00000,0.00000,0.00000,none
19.12083,89.99114,82.22584,1.08965,-0.00950,-0.00003,0.00400,0.00801,60.00000,60.00000,157.77416,0.00000,0.11920,0.00033,1.00000,1.00000,0.00000,0.00000,none
19.12500,89.99115,82.22700,1.08949,-0.00950,-0.00003,0.00403,0.00805,60.00000,60.00000,157.77300,0.00000,0.11920,0.00034,1.00000,1.00000,0.00000,0.00000,none
19.12917,89.99115,82.22816,1.08933,-0.00950,-0.00003,0.00407,0.00808,60.00000,60.00000,157.77184,0.00000,0.11921,0.00034,1.00000,1.00000,0.00000,0.00000,none
19.13333,89.99116,82.22933,1.08916,-0.00951,-0.00003,0.00410,0.00812,60.00000,60.00000,157.77067,0.00000,0.11921,0.00034,1.00000,1.00000,0.00000,0.00000,none
19.13750,89.99117,82.23049,1.08900,-0.00951,-0.00003,0.00413,0.00815,60.00000,60.00000,157.76951,0.00000,0.11922,0.00034,1.00000,1.00000,0.00000,0.00000,none
19.14167,89.99117,82.23166,1.08883,-0.00951,-0.00003,0.00417,0.00818,60.00000,60.00000,157.76834,0.00000,0.11922,0.00035,1.00000,1.00000,0.00000,0.00000,none
19.14583,89.99118,82.23282,1.08867,-0.00951,-0.00003,0.00420,0.00822,60.00000,60.00000,157.76718,0.00000,0.11923,0.00035,1.00000,1.00000,0.00000,0.00000,none
19.15000,89.99119,82.23398,1.08850,-0.00951,-0.00003,0.00424,0.00825,60.00000,60.00000,157.76602,0.00000,0.11923,0.00035,1.00000,1.00000,0.00000,0.00000,none
19.15417,89.99119,82.23514,1.08834,-0.00951,-0.00003,0.00427,0.00828,60.00000,60.00000,157.76486,0.00000,0.11923,0.00036,1.00000,1.00000,0.00000,0.00000,none
19.15833,89.99120,82.23631,1.08817,-0.00951,-0.00003,0.00430,0.00831,60.00000,60.00000,157.76369,0.00000,0.11924,0.00036,1.00000,1.00000,0.00000,0.00000,none
19.16250,89.99121,82.23747,1.08801,-0.00951,-0.00003,0.00434,0.00834,60.00000,60.00000,157.76253,0.00000,0.11924,0.00036,1.00000,1.00000,0.00000,0.00000,none
19.16667,89.99121,82.23863,1.08785,-0.00951,-0.00003,0.00437,0.00837,60.00000,60.00000,157.76137,0.00000,0.11925,0.00036,1.00000,1.00000,0.00000,0.00000,none
19.17083,89.99122,82.23979,1.08768,-0.00951,-0.00003,0.00441,0.00840,60.00000,60.00000,157.76021,0.00000,0.11925,0.00037,1.00000,1.00000,0.00000,0.00000,none
19.17500,89.99123,82.24095,1.08752,-0.00952,-0.00003,0.00444,0.00843,60.00000,60.00000,157.75905,0.00000,0.11926,0.00037,1.00000,1.00000,0.00000,0.00000,none
19.17917,89.99123,82.24211,1.08735,-0.00952,-0.00003,0.00448,0.00845,60.00000,60.00000,157.75789,0.00000,0.11926,0.00037,1.00000,1.00000,0.00000,0.00000,none
19.18333,89.99124,82.24327,1.08719,-0.00952,-0.00003,0.00451,0.00848,60.00000,60.00000,157.75673,0.00000,0.11926,0.00038,1.00000,1.00000,0.00000,0.00000,none
19.18750,89.99125,82.24443,1.08703,-0.00952,-0.00003,0.00455,0.00851,60.00000,60.00000,157.75557,0.00000,0.11927,0.00038,1.00000,1.00000,0.00000,0.00000,none
19.19167,89.99125,82.24559,1.08686,-0.00952,-0.00003,0.00459,0.00853,60.00000,60.00000,157.75441,0.00000,0.11927,0.00038,1.00000,1.00000,0.00000,0.00000,none
19.19583,89.99126,82.24675,1.08670,-0.00952,-0.00003,0.00462,0.00856,60.00000,60.00000,157.75325,0.00000,0.11928,0.00039,1.00000,1.00000,0.00000,0.00000,none
19.20000,89.99127,82.24791,1.08653,-0.00952,-0.00003,0.00466,0.00858,60.00000,60.00000,157.75209,0.00000,0.11928,0.00039,1.00000,1.00000,0.00000,0.00000,none
19.20417,89.99127,82.24907,1.08637,-0.00952,-0.00003,0.00469,0.00861,60.00000,60.00000,157.75093,0.00000,0.11929,0.00039,1.00000,1.00000,0.00000,0.00000,none
19.20833,89.99128,82.25023,1.08621,-0.00952,-0.00003,0.00473,0.00863,60.00000,60.00000,157.74977,0.00000,0.11929,0.00039,1.00000,1.00000,0.00000,0.00000,none
19.21250,89.99129,82.25138,1.08604,-0.00953,-0.00003,0.00476,0.00865,60.00000,60.00000,157.74862,0.00000,0.11929,0.00040,1.00000,1.00000,0.00000,0.00000,none
19.21667,89.99129,82.25254,1.08588,-0.00953,-0.00003,0.00480,0.00867,60.00000,60.00000,157.74746,0.00000,0.11930,0.00040,1.00000,1.00000,0.00000,0.00000,none
19.22083,89.99130,82.25370,1.08572,-0.00953,-0.00003,0.00484,0.00869,60.00000,60.00000,157.74630,0.00000,0.11930,0.00040,1.00000,1.00000,0.00000,0.00000,none
19.22500,89.99131,82.25486,1.08555,-0.00953,-0.00003,0.00487,0.00871,60.00000,60.00000,157.74514,0.00000,0.11931,0.00041,1.00000,1.00000,0.00000,0.00000,none
19.22917,89.99131,82.25601,1.08539,-0.00953,-0.00003,0.00491,0.00873,60.00000,60.00000,157.74399,0.00000,0.11931,0.00041,1.00000,1.00000,0.00000,0.00000,none
19.23333,89.99132,82.25717,1.08522,-0.00953,-0.00003,0.00495,0.00875,60.00000,60.00000,157.74283,0.00000,0.11932,0.00041,1.00000,1.00000,0.00000,0.00000,none
19.23750,89.99133,82.25833,1.08506,-0.00953,-0.00003,0.00498,0.00877,60.00000,60.00000,157.74167,0.00000,0.11932,0.00042,1.00000,1.00000,0.00000,0.00000,none
19.24167,89.99133,82.25948,1.08490,-0.00953,-0.00003,0.00502,0.00879,60.00000,60.00000,157.74052,0.00000,0.11932,0.00042,1.00000,1.00000,0.00000,0.00000,none
19.24583,89.99134,82.26064,1.08473,-0.00953,-0.00003,0.00506,0.00881,60.00000,60.00000,157.73936,0.00000,0.11933,0.00042,1.00000,1.00000,0.00000,0.00000,none
19.25000,89.99134,82.26179,1.08457,-0.00954,-0.00003,0.00509,0.00882,60.00000,60.00000,157.73821,0.00000,0.11933,0.00042,1.00000,1.00000,0.00000,0.00000,none
19.25417,89.99135,82.26295,1.08441,-0.00954,-0.00003,0.00513,0.00884,60.00000,60.00000,157.73705,0.00000,0.11934,0.00043,1.00000,1.00000,0.00000,0.00000,none
19.25833,89.99136,82.26410,1.08424,-0.00954,-0.00003,0.00517,0.00885,60.00000,60.00000,157.73590,0.00000,0.11934,0.00043,1.00000,1.00000,0.00000,0.00000,none
19.26250,89.99136,82.26526,1.08408,-0.00954,-0.00003,0.00520,0.00887,60.00000,60.00000,157.73474,0.00000,0.11935,0.00043,1.00000,1.00000,0.00000,0.00000,none
19.26667,89.99137,82.26641,1.08392,-0.00954,-0.00003,0.00524,0.00888,60.00000,60.00000,157.73359,0.00000,0.11935,0.00044,1.00000,1.00000,0.00000,0.00000,none
19.27083,89.99138,82.26756,1.08376,-0.00954,-0.00003,0.00528,0.00890,60.00000,60.00000,157.73244,0.00000,0.11936,0.00044,1.00000,1.00000,0.00000,0.00000,none
19.27500,89.99138,82.26872,1.08359,-0.00954,-0.00003,0.00531,0.00891,60.00000,60.00000,157.73128,0.00000,0.11936,0.00044,1.00000,1.00000,0.00000,0.00000,none
19.27917,89.99139,82.26987,1.08343,-0.00954,-0.00003,0.00535,0.00892,60.00000,60.00000,157.73013,0.00000,0.11936,0.00045,1.00000,1.00000,0.00000,0.00000,none
19.28333,89.99140,82.27102,1.08327,-0.00954,-0.00003,0.00539,0.00893,60.00000,60.00000,157.72898,0.00000,0.11937,0.00045,1.00000,1.00000,0.00000,0.00000,none
19.28750,89.99140,82.27218,1.08310,-0.00955,-0.00003,0.00543,0.00894,60.00000,60.00000,157.72782,0.00000,0.11937,0.00045,1.00000,1.00000,0.00000,0.00000,none
19.29167,89.99141,82.27333,1.08294,-0.00955,-0.00003,0.00546,0.00895,60.00000,60.00000,157.72667,0.00000,0.11938,0.00046,1.00000,1.00000,0.00000,0.00000,none
19.29583,89.99142,82.27448,1.08278,-0.00955,-0.00003,0.00550,0.00896,60.00000,60.00000,157.72552,0.00000,0.11938,0.00046,1.00000,1.00000,0.00000,0.00000,none
19.30000,89.99142,82.27563,1.08261,-0.00955,-0.00003,0.00554,0.00897,60.00000,60.00000,157.72437,0.00000,0.11939,0.00046,1.00000,1.00000,0.00000,0.00000,none
19.30417,89.99143,82.27678,1.08245,-0.00955,-0.00003,0.00557,0.00898,60.00000,60.00000,157.72322,0.00000,0.11939,0.00046,1.00000,1.00000,0.00000,0.00000,none
19.30833,89.99144,82.27793,1.08229,-0.00955,-0.00003,0.00561,0.00899,60.00000,60.00000,157.72207,0.00000,0.11939,0.00047,1.00000,1.00000,0.00000,0.00000,none
19.31250,89.99144,82.27908,1.08213,-0.00955,-0.00003,0.00565,0.00899,60.00000,60.00000,157.72092,0.00000,0.11940,0.00047,1.00000,1.00000,0.00000,0.00000,none
19.31667,89.99145,82.28023,1.08196,-0.00955,-0.00003,0.00569,0.00900,60.00000,60.00000,157.71977,0.00000,0.11940,0.00047,1.00000,1.00000,0.00000,0.00000,none
19.32083,89.99146,82.28138,1.08180,-0.00955,-0.00003,0.00572,0.00901,60.00000,60.00000,157.71862,0.00000,0.11941,0.00048,1.00000,1.00000,0.00000,0.00000,none
19.32500,89.99146,82.28253,1.08164,-0.00956,-0.00003,0.00576,0.00901,60.00000,60.00000,157.71747,0.00000,0.11941,0.00048,1.00000,1.00000,0.00000,0.00000,none
19.32917,89.99147,82.28368,1.08148,-0.00956,-0.00003,0.00580,0.00902,60.00000,60.00000,157.71632,0.00000,0.11942,0.00048,1.00000,1.00000,0.00000,0.00000,none
19.33333,89.99148,82.28483,1.08131,-0.00956,-0.00003,0.00584,0.00902,60.00000,60.00000,157.71517,0.00000,0.11942,0.00049,1.00000,1.00000,0.00000,0.00000,none
19.33750,89.99148,82.28598,1.08115,-0.00956,-0.00003,0.00587,0.00902,60.00000,60.00000,157.71402,0.00000,0.11942,0.00049,1.00000,1.00000,0.00000,0.00000,none
19.34167,89.99149,82.28713,1.08099,-0.00956,-0.00003,0.00591,0.00903,60.00000,60.00000,157.71287,0.00000,0.11943,0.00049,1.00000,1.00000,0.00000,0.00000,none
19.34583,89.99150,82.28828,1.08083,-0.00956,-0.00003,0.00595,0.00903,60.00000,60.00000,157.71172,0.00000,0.11943,0.00050,1.00000,1.00000,0.00000,0.00000,none
19.35000,89.99150,82.28943,1.08067,-0.00956,-0.00003,0.00599,0.00903,60.00000,60.00000,157.71057,0.00000,0.11944,0.00050,1.00000,1.00000,0.00000,0.00000,none
19.35417,89.99151,82.29057,1.08050,-0.00956,-0.00003,0.00603,0.00903,60.00000,60.00000,157.70943,0.00000,0.11944,0.00050,1.00000,1.00000,0.00000,0.00000,none
19.35833,89.99152,82.29172,1.08034,-0.00956,-0.00003,0.00606,0.00903,60.00000,60.00000,157.70828,0.00000,0.11945,0.00051,1.00000,1.00000,0.00000,0.00000,none
19.36250,89.99152,82.29287,1.08018,-0.00956,-0.00003,0.00610,0.00903,60.00000,60.00000,157.70713,0.00000,0.11945,0.00051,1.00000,1.00000,0.00000,0.00000,none
19.36667,89.99153,82.29401,1.08002,-0.00957,-0.00003,0.00614,0.00903,60.00000,60.00000,157.70599,0.00000,0.11945,0.00051,1.00000,1.00000,0.00000,0.00000,none
19.37083,89.99154,82.29516,1.07985,-0.00957,-0.00003,0.00618,0.00903,60.00000,60.00000,157.70484,0.00000,0.11946,0.00051,1.00000,1.00000,0.00000,0.00000,none
19.37500,89.99154,82.29631,1.07969,-0.00957,-0.00003,0.00621,0.00902,60.00000,60.00000,157.70369,0.00000,0.11946,0.00052,1.00000,1.00000,0.00000,0.00000,none
19.37917,89.99155,82.29745,1.07953,-0.00957,-0.00003,0.00625,0.00902,60.00000,60.00000,157.70255,0.00000,0.11947,0.00052,1.00000,1.00000,0.00000,0.00000,none
19.38333,89.99156,82.29860,1.07937,-0.00957,-0.00003,0.00629,0.00902,60.00000,60.00000,157.70140,0.00000,0.11947,0.00052,1.00000,1.00000,0.00000,0.00000,none
19.38750,89.99156,82.29974,1.07921,-0.00957,-0.00003,0.00633,0.00901,60.00000,60.00000,157.70026,0.00000,0.11948,0.00053,1.00000,1.00000,0.00000,0.00000,none
19.39167,89.99157,82.30089,1.07905,-0.00957,-0.00003,0.00636,0.00901,60.00000,60.00000,157.69911,0.00000,0.11948,0.00053,1.00000,1.00000,0.00000,0.00000,none
19.39583,89.99158,82.30203,1.07888,-0.00957,-0.00003,0.00640,0.00900,60.00000,60.00000,157.69797,0.00000,0.11948,0.00053,1.00000,1.00000,0.00000,0.00000,none
19.40000,89.99158,82.30318,1.07872,-0.00957,-0.00003,0.00644,0.00900,60.00000,60.00000,157.69682,0.00000,0.11949,0.00054,1.00000,1.00000,0.00000,0.00000,none
19.40417,89.99159,82.30432,1.07856,-0.00958,-0.00003,0.00648,0.00899,60.00000,60.00000,157.69568,0.00000,0.11949,0.00054,1.00000,1.00000,0.00000,0.00000,none
19.40833,89.99160,82.30546,1.07840,-0.00958,-0.00003,0.00651,0.00898,60.00000,60.00000,157.69454,0.00000,0.11950,0.00054,1.00000,1.00000,0.00000,0.00000,none
19.41250,89.99160,82.30661,1.07824,-0.00958,-0.00003,0.00655,0.00898,60.00000,60.00000,157.69339,0.00000,0.11950,0.00055,1.00000,1.00000,0.00000,0.00000,none
19.41667,89.99161,82.30775,1.07808,-0.00958,-0.00003,0.00659,0.00897,60.00000,60.00000,157.69225,0.00000,0.11951,0.00055,1.00000,1.00000,0.00000,0.00000,none
19.42083,89.99162,82.30889,1.07791,-0.00958,-0.00003,0.00663,0.00896,60.00000,60.00000,157.69111,0.00000,0.11951,0.00055,1.00000,1.00000,0.00000,0.00000,none
19.42500,89.99163,82.31004,1.07775,-0.00958,-0.00003,0.00666,0.00895,60.00000,60.00000,157.68996,0.00000,0.11951,0.00056,1.00000,1.00000,0.00000,0.00000,none
19.42917,89.99163,82.31118,1.07759,-0.00958,-0.00003,0.00670,0.00894,60.00000,60.00000,157.68882,0.00000,0.11952,0.00056,1.00000,1.00000,0.00000,0.00000,none
19.43333,89.99164,82.31232,1.07743,-0.00958,-0.00003,0.00674,0.00893,60.00000,60.00000,157.68768,0.00000,0.11952,0.00056,1.00000,1.00000,0.00000,0.00000,none
19.43750,89.99165,82.31346,1.07727,-0.00958,-0.00003,0.00677,0.00892,60.00000,60.00000,157.68654,0.00000,0.11953,0.00056,1.00000,1.00000,0.00000,0.00000,none
19.44167,89.99165,82.31460,1.07711,-0.00959,-0.00003,0.00681,0.00891,60.00000,60.00000,157.68540,0.00000,0.11953,0.00057,1.00000,1.00000,0.00000,0.00000,none
19.44583,89.99166,82.31574,1.07695,-0.00959,-0.00003,0.00685,0.00890,60.00000,60.00000,157.68426,0.00000,0.11954,0.00057,1.00000,1.00000,0.00000,0.00000,none
19.45000,89.99167,82.31688,1.07678,-0.00959,-0.00003,0.00689,0.00888,60.00000,60.00000,157.68312,0.00000,0.11954,0.00057,1.00000,1.00000,0.00000,0.00000,none
19.45417,89.99167,82.31802,1.07662,-0.00959,-0.00003,0.00692,0.00887,60.00000,60.00000,157.68198,0.00000,0.11954,0.00058,1.00000,1.00000,0.00000,0.00000,none
19.45833,89.99168,82.31916,1.07646,-0.00959,-0.00003,0.00696,0.00886,60.00000,60.00000,157.68084,0.00000,0.11955,0.00058,1.00000,1.00000,0.00000,0.00000,none
19.46250,89.99169,82.32030,1.07630,-0.00959,-0.00003,0.00700,0.00884,60.00000,60.00000,157.67970,0.00000,0.11955,0.00058,1.00000,1.00000,0.00000,0.00000,none
19.46667,89.99169,82.32144,1.07614,-0.00959,-0.00003,0.00703,0.00883,60.00000,60.00000,157.67856,0.00000,0.11956,0.00059,1.00000,1.00000,0.00000,0.00000,none
19.47083,89.99170,82.32258,1.07598,-0.00959,-0.00003,0.00707,0.00881,60.00000,60.00000,157.67742,0.00000,0.11956,0.00059,1.00000,1.00000,0.00000,0.00000,none
19.47500,89.99171,82.32372,1.07582,-0.00959,-0.00003,0.00711,0.00880,60.00000,60.00000,157.67628,0.00000,0.11957,0.00059,1.00000,1.00000,0.00000,0.00000,none
19.47917,89.99171,82.32486,1.07566,-0.00960,-0.00003,0.00714,0.00878,60.00000,60.00000,157.67514,0.00000,0.11957,0.00060,1.00000,1.00000,0.00000,0.00000,none
19.48333,89.99172,82.32600,1.07550,-0.00960,-0.00003,0.00718,0.00876,60.00000,60.00000,157.67400,0.00000,0.11957,0.00060,1.00000,1.00000,0.00000,0.00000,none
19.48750,89.99173,82.32714,1.07534,-0.00960,-0.00003,0.00722,0.00874,60.00000,60.00000,157.67286,0.00000,0.11958,0.00060,1.00000,1.00000,0.00000,0.00000,none
19.49167,89.99173,82.32827,1.07518,-0.00960,-0.00003,0.00725,0.00873,60.00000,60.00000,157.67173,0.00000,0.11958,0.00060,1.00000,1.00000,0.00000,0.00000,none
19.49583,89.99174,82.32941,1.07501,-0.00960,-0.00003,0.00729,0.00871,60.00000,60.00000,157.67059,0.00000,0.11959,0.00061,1.00000,1.00000,0.00000,0.00000,none
19.50000,89.99175,82.33055,1.07485,-0.00960,-0.00003,0.00733,0.00869,60.00000,60.00000,157.66945,0.00000,0.11959,0.00061,1.00000,1.00000,0.00000,0.00000,none
19.50417,89.99175,82.33168,1.07469,-0.00960,-0.00003,0.00736,0.00867,60.00000,60.00000,157.66832,0.00000,0.11959,0.00061,1.00000,1.00000,0.00000,0.00000,none
19.50833,89.99176,82.33282,1.07453,-0.00960,-0.00003,0.00740,0.00865,60.00000,60.00000,157.66718,0.00000,0.11960,0.00062,1.00000,1.00000,0.00000,0.00000,none
19.51250,89.99177,82.33396,1.07437,-0.00960,-0.00003,0.00743,0.00863,60.00000,60.00000,157.66604,0.00000,0.11960,0.00062,1.00000,1.00000,0.00000,0.00000,none
19.51667,89.99177,82.33509,1.07421,-0.00961,-0.00003,0.00747,0.00861,60.00000,60.00000,157.66491,0.00000,0.11961,0.00062,1.00000,1.00000,0.00000,0.00000,none
19.52083,89.99178,82.33623,1.07405,-0.00961,-0.00003,0.00751,0.00858,60.00000,60.00000,157.66377,0.00000,0.11961,0.00063,1.00000,1.00000,0.00000,0.00000,none
19.52500,89.99179,82.33736,1.07389,-0.00961,-0.00003,0.00754,0.00856,60.00000,60.00000,157.66264,0.00000,0.11962,0.00063,1.00000,1.00000,0.00000,0.00000,none
19.52917,89.99179,82.33850,1.07373,-0.00961,-0.00003,0.00758,0.00854,60.00000,60.00000,157.66150,0.00000,0.11962,0.00063,1.00000,1.00000,0.00000,0.00000,none
19.53333,89.99180,82.33963,1.07357,-0.00961,-0.00003,0.00761,0.00852,60.00000,60.00000,157.66037,0.00000,0.11962,0.00063,1.00000,1.00000,0.00000,0.00000,none
19.53750,89.99181,82.34077,1.07341,-0.00961,-0.00003,0.00765,0.00849,60.00000,60.00000,157.65923,0.00000,0.11963,0.00064,1.00000,1.00000,0.00000,0.00000,none
19.54167,89.99181,82.34190,1.07325,-0.00961,-0.00003,0.00768,0.00847,60.00000,60.00000,157.65810,0.00000,0.11963,0.00064,1.00000,1.00000,0.00000,0.00000,none
19.54583,89.99182,82.34303,1.07309,-0.00961,-0.00003,0.00772,0.00844,60.00000,60.00000,157.65697,0.00000,0.11964,0.00064,1.00000,1.00000,0.00000,0.00000,none
19.55000,89.99183,82.34417,1.07293,-0.00961,-0.00003,0.00775,0.00842,60.00000,60.00000,157.65583,0.00000,0.11964,0.00065,1.00000,1.00000,0.00000,0.00000,none
19.55417,89.99183,82.34530,1.07277,-0.00962,-0.00003,0.00779,0.00839,60.00000,60.00000,157.65470,0.00000,0.11965,0.00065,1.00000,1.00000,0.00000,0.00000,none
19.55833,89.99184,82.34643,1.07261,-0.00962,-0.00003,0.00782,0.00837,60.00000,60.00000,157.65357,0.00000,0.11965,0.00065,1.00000,1.00000,0.00000,0.00000,none
19.56250,89.99185,82.34757,1.07245,-0.00962,-0.00003,0.00786,0.00834,60.00000,60.00000,157.65243,0.00000,0.11965,0.00065,1.00000,1.00000,0.00000,0.00000,none
19.56667,89.99185,82.34870,1.07229,-0.00962,-0.00003,0.00789,0.00831,60.00000,60.00000,157.65130,0.00000,0.11966,0.00066,1.00000,1.00000,0.00000,0.00000,none
19.57083,89.99186,82.34983,1.07213,-0.00962,-0.00003,0.00793,0.00828,60.00000,60.00000,157.65017,0.00000,0.11966,0.00066,1.00000,1.00000,0.00000,0.00000,none
19.57500,89.99187,82.35096,1.07197,-0.00962,-0.00003,0.00796,0.00826,60.00000,60.00000,157.64904,0.00000,0.11967,0.00066,1.00000,1.00000,0.00000,0.00000,none
19.57917,89.99187,82.35209,1.07181,-0.00962,-0.00003,0.00800,0.00823,60.00000,60.00000,157.64791,0.00000,0.11967,0.00067,1.00000,1.00000,0.00000,0.00000,none
19.58333,89.99188,82.35322,1.07165,-0.00962,-0.00003,0.00803,0.00820,60.00000,60.00000,157.64678,0.00000,0.11968,0.00067,1.00000,1.00000,0.00000,0.00000,none
19.58750,89.99189,82.35435,1.07149,-0.00962,-0.00003,0.00806,0.00817,60.00000,60.00000,157.64565,0.00000,0.11968,0.00067,1.00000,1.00000,0.00000,0.00000,none
19.59167,89.99190,82.35548,1.07133,-0.00962,-0.00003,0.00810,0.00814,60.00000,60.00000,157.64452,0.00000,0.11968,0.00067,1.00000,1.00000,0.00000,0.00000,none
19.59583,89.99190,82.35661,1.07117,-0.00963,-0.00003,0.00813,0.00811,60.00000,60.00000,157.64339,0.00000,0.11969,0.00068,1.00000,1.00000,0.00000,0.00000,none
19.60000,89.99191,82.35774,1.07101,-0.00963,-0.00003,0.00817,0.00808,60.00000,60.00000,157.64226,0.00000,0.11969,0.00068,1.00000,1.00000,0.00000,0.00000,none
19.60417,89.99192,82.35887,1.07085,-0.00963,-0.00003,0.00820,0.00805,60.00000,60.00000,157.64113,0.00000,0.11970,0.00068,1.00000,1.00000,0.00000,0.00000,none
19.60833,89.99192,82.36000,1.07069,-0.00963,-0.00003,0.00823,0.00801,60.00000,60.00000,157.64000,0.00000,0.11970,0.00069,1.00000,1.00000,0.00000,0.00000,none
19.61250,89.99193,82.36113,1.07053,-0.00963,-0.00003,0.00827,0.00798,60.00000,60.00000,157.63887,0.00000,0.11971,0.00069,1.00000,1.00000,0.00000,0.00000,none
19.61667,89.99194,82.36226,1.07037,-0.00963,-0.00003,0.00830,0.00795,60.00000,60.00000,157.63774,0.00000,0.11971,0.00069,1.00000,1.00000,0.00000,0.00000,none
19.62083,89.99194,82.36339,1.07021,-0.00963,-0.00003,0.00833,0.00792,60.00000,60.00000,157.63661,0.00000,0.11971,0.00069,1.00000,1.00000,0.00000,0.00000,none
19.62500,89.99195,82.36452,1.07006,-0.00963,-0.00003,0.00837,0.00788,60.00000,60.00000,157.63548,0.00000,0.11972,0.00070,1.00000,1.00000,0.00000,0.00000,none
19.62917,89.99196,82.36564,1.06990,-0.00963,-0.00003,0.00840,0.00785,60.00000,60.00000,157.63436,0.00000,0.11972,0.00070,1.00000,1.00000,0.00000,0.00000,none
19.63333,89.99196,82.36677,1.06974,-0.00964,-0.00003,0.00843,0.00781,60.00000,60.00000,157.63323,0.00000,0.11973,0.00070,1.00000,1.00000,0.00000,0.00000,none
19.63750,89.99197,82.36790,1.06958,-0.00964,-0.00003,0.00846,0.00778,60.00000,60.00000,157.63210,0.00000,0.11973,0.00071,1.00000,1.00000,0.00000,0.00000,none
19.64167,89.99198,82.36903,1.06942,-0.00964,-0.00003,0.00850,0.00774,60.00000,60.00000,157.63097,0.00000,0.11974,0.00071,1.00000,1.00000,0.00000,0.00000,none
19.64583,89.99198,82.37015,1.06926,-0.00964,-0.00003,0.00853,0.00771,60.00000,60.00000,157.62985,0.00000,0.11974,0.00071,1.00000,1.00000,0.00000,0.00000,none
19.65000,89.99199,82.37128,1.06910,-0.00964,-0.00003,0.00856,0.00767,60.00000,60.00000,157.62872,0.00000,0.11974,0.00071,1.00000,1.00000,0.00000,0.00000,none
19.65417,89.99200,82.37240,1.06894,-0.00964,-0.00003,0.00859,0.00763,60.00000,60.00000,157.62760,0.00000,0.11975,0.00072,1.00000,1.00000,0.00000,0.00000,none
19.65833,89.99200,82.37353,1.06878,-0.00964,-0.00003,0.00862,0.00760,60.00000,60.00000,157.62647,0.00000,0.11975,0.00072,1.00000,1.00000,0.00000,0.00000,none
19.66250,89.99201,82.37465,1.06862,-0.00964,-0.00003,0.00866,0.00756,60.00000,60.00000,157.62535,0.00000,0.11976,0.00072,1.00000,1.00000,0.00000,0.00000,none
19.66667,89.99202,82.37578,1.06846,-0.00964,-0.00003,0.00869,0.00752,60.00000,60.00000,157.62422,0.00000,0.11976,0.00072,1.00000,1.00000,0.00000,0.00000,none
19.67083,89.99202,82.37690,1.06831,-0.00965,-0.00003,0.00872,0.00748,60.00000,60.00000,157.62310,0.00000,0.11977,0.00073,1.00000,1.00000,0.00000,0.00000,none
19.67500,89.99203,82.37803,1.06815,-0.00965,-0.00003,0.00875,0.00745,60.00000,60.00000,157.62197,0.00000,0.11977,0.00073,1.00000,1.00000,0.00000,0.00000,none
19.67917,89.99204,82.37915,1.06799,-0.00965,-0.00003,0.00878,0.00741,60.00000,60.00000,157.62085,0.00000,0.11977,0.00073,1.00000,1.00000,0.00000,0.00000,none
19.68333,89.99205,82.38028,1.06783,-0.00965,-0.00003,0.00881,0.00737,60.00000,60.00000,157.61972,0.00000,0.11978,0.00073,1.00000,1.00000,0.00000,0.00000,none
19.68750,89.99205,82.38140,1.06767,-0.00965,-0.00003,0.00884,0.00733,60.00000,60.00000,157.61860,0.00000,0.11978,0.00074,1.00000,1.00000,0.00000,0.00000,none
19.69167,89.99206,82.38252,1.06751,-0.00965,-0.00003,0.00887,0.00729,60.00000,60.00000,157.61748,0.00000,0.11979,0.00074,1.00000,1.00000,0.00000,0.00000,none
19.69583,89.99207,82.38365,1.06735,-0.00965,-0.00003,0.00890,0.00725,60.00000,60.00000,157.61635,0.00000,0.11979,0.00074,1.00000,1.00000,0.00000,0.00000,none
19.70000,89.99207,82.38477,1.06719,-0.00965,-0.00003,0.00893,0.00721,60.00000,60.00000,157.61523,0.00000,0.11979,0.00074,1.00000,1.00000,0.00000,0.00000,none
19.70417,89.99208,82.38589,1.06704,-0.00965,-0.00003,0.00896,0.00717,60.00000,60.00000,157.61411,0.00000,0.11980,0.00075,1.00000,1.00000,0.00000,0.00000,none
19.70833,89.99209,82.38701,1.06688,-0.00966,-0.00003,0.00899,0.00713,60.00000,60.00000,157.61299,0.00000,0.11980,0.00075,1.00000,1.00000,0.00000,0.00000,none
19.71250,89.99209,82.38814,1.06672,-0.00966,-0.00003,0.00902,0.00708,60.00000,60.00000,157.61186,0.00000,0.11981,0.00075,1.00000,1.00000,0.00000,0.00000,none
19.71667,89.99210,82.38926,1.06656,-0.00966,-0.00003,0.00905,0.00704,60.00000,60.00000,157.61074,0.00000,0.11981,0.00075,1.00000,1.00000,0.00000,0.00000,none
19.72083,89.99211,82.39038,1.06640,-0.00966,-0.00003,0.00908,0.00700,60.00000,60.00000,157.60962,0.00000,0.11982,0.00076,1.00000,1.00000,0.00000,0.00000,none
19.72500,89.99211,82.39150,1.06624,-0.00966,-0.00003,0.00911,0.00696,60.00000,60.00000,157.60850,0.00000,0.11982,0.00076,1.00000,1.00000,0.00000,0.00000,none
19.72917,89.99212,82.39262,1.06609,-0.00966,-0.00003,0.00914,0.00691,60.00000,60.00000,157.60738,0.00000,0.11982,0.00076,1.00000,1.00000,0.00000,0.00000,none
19.73333,89.99213,82.39374,1.06593,-0.00966,-0.00003,0.00917,0.00687,60.00000,60.00000,157.60626,0.00000,0.11983,0.00076,1.00000,1.00000,0.00000,0.00000,none
19.73750,89.99213,82.39486,1.06577,-0.00966,-0.00003,0.00920,0.00683,60.00000,60.00000,157.60514,0.00000,0.11983,0.00077,1.00000,1.00000,0.00000,0.00000,none
19.74167,89.99214,82.39598,1.06561,-0.00966,-0.00003,0.00922,0.00678,60.00000,60.00000,157.60402,0.00000,0.11984,0.00077,1.00000,1.00000,0.00000,0.00000,none
19.74583,89.99215,82.39710,1.06545,-0.00967,-0.00003,0.00925,0.00674,60.00000,60.00000,157.60290,0.00000,0.11984,0.00077,1.00000,1.00000,0.00000,0.00000,none
19.75000,89.99215,82.39822,1.06530,-0.00967,-0.00003,0.00928,0.00669,60.00000,60.00000,157.60178,0.00000,0.11985,0.00077,1.00000,1.00000,0.00000,0.00000,none
19.75417,89.99216,82.39934,1.06514,-0.00967,-0.00003,0.00931,0.00665,60.00000,60.00000,157.60066,0.00000,0.11985,0.00078,1.00000,1.00000,0.00000,0.00000,none
19.75833,89.99217,82.40046,1.06498,-0.00967,-0.00003,0.00934,0.00660,60.00000,60.00000,157.59954,0.00000,0.11985,0.00078,1.00000,1.00000,0.00000,0.00000,none
19.76250,89.99218,82.40157,1.06482,-0.00967,-0.00003,0.00936,0.00656,60.00000,60.00000,157.59843,0.00000,0.11986,0.00078,1.00000,1.00000,0.00000,0.00000,none
19.76667,89.99218,82.40269,1.06466,-0.00967,-0.00003,0.00939,0.00651,60.00000,60.00000,157.59731,0.00000,0.11986,0.00078,1.00000,1.00000,0.00000,0.00000,none
19.77083,89.99219,82.40381,1.06451,-0.00967,-0.00003,0.00942,0.00646,60.00000,60.00000,157.59619,0.00000,0.11987,0.00078,1.00000,1.00000,0.00000,0.00000,none
19.77500,89.99220,82.40493,1.06435,-0.00967,-0.00003,0.00944,0.00642,60.00000,60.00000,157.59507,0.00000,0.11987,0.00079,1.00000,1.00000,0.00000,0.00000,none
19.77917,89.99220,82.40604,1.06419,-0.00967,-0.00003,0.00947,0.00637,60.00000,60.00000,157.59396,0.00000,0.11988,0.00079,1.00000,1.00000,0.00000,0.00000,none
19.78333,89.99221,82.40716,1.06403,-0.00967,-0.00003,0.00950,0.00632,60.00000,60.00000,157.59284,0.00000,0.11988,0.00079,1.00000,1.00000,0.00000,0.00000,none
19.78750,89.99222,82.40828,1.06388,-0.00968,-0.00003,0.00952,0.00628,60.00000,60.00000,157.59172,0.00000,0.11988,0.00079,1.00000,1.00000,0.00000,0.00000,none
19.79167,89.99222,82.40939,1.06372,-0.00968,-0.00003,0.00955,0.00623,60.00000,60.00000,157.59061,0.00000,0.11989,0.00080,1.00000,1.00000,0.00000,0.00000,none
19.79583,89.99223,82.41051,1.06356,-0.00968,-0.00003,0.00958,0.00618,60.00000,60.00000,157.58949,0.00000,0.11989,0.00080,1.00000,1.00000,0.00000,0.00000,none
19.80000,89.99224,82.41162,1.06340,-0.00968,-0.00003,0.00960,0.00613,60.00000,60.00000,157.58838,0.00000,0.11990,0.00080,1.00000,1.00000,0.00000,0.00000,none
19.80417,89.99224,82.41274,1.06325,-0.00968,-0.00003,0.00963,0.00608,60.00000,60.00000,157.58726,0.00000,0.11990,0.00080,1.00000,1.00000,0.00000,0.00000,none
19.80833,89.99225,82.41386,1.06309,-0.00968,-0.00003,0.00965,0.00604,60.00000,60.00000,157.58614,0.00000,0.11991,0.00080,1.00000,1.00000,0.00000,0.00000,none
19.81250,89.99226,82.41497,1.06293,-0.00968,-0.00003,0.00968,0.00599,60.00000,60.00000,157.58503,0.00000,0.11991,0.00081,1.00000,1.00000,0.00000,0.00000,none
19.81667,89.99226,82.41608,1.06277,-0.00968,-0.00003,0.00970,0.00594,60.00000,60.00000,157.58392,0.00000,0.11991,0.00081,1.00000,1.00000,0.00000,0.00000,none
19.82083,89.99227,82.41720,1.06262,-0.00968,-0.00003,0.00973,0.00589,60.00000,60.00000,157.58280,0.00000,0.11992,0.00081,1.00000,1.00000,0.00000,0.00000,none
19.82500,89.99228,82.41831,1.06246,-0.00969,-0.00003,0.00975,0.00584,60.00000,60.00000,157.58169,0.00000,0.11992,0.00081,1.00000,1.00000,0.00000,0.00000,none
19.82917,89.99229,82.41943,1.06230,-0.00969,-0.00003,0.00977,0.00579,60.00000,60.00000,157.58057,0.00000,0.11993,0.00081,1.00000,1.00000,0.00000,0.00000,none
19.83333,89.99229,82.42054,1.06214,-0.00969,-0.00003,0.00980,0.00574,60.00000,60.00000,157.57946,0.00000,0.11993,0.00082,1.00000,1.00000,0.00000,0.00000,none
19.83750,89.99230,82.42165,1.06199,-0.00969,-0.00003,0.00982,0.00569,60.00000,60.00000,157.57835,0.00000,0.11993,0.00082,1.00000,1.00000,0.00000,0.00000,none
19.84167,89.99231,82.42277,1.06183,-0.00969,-0.00003,0.00985,0.00564,60.00000,60.00000,157.57723,0.00000,0.11994,0.00082,1.00000,1.00000,0.00000,0.00000,none
19.84583,89.99231,82.42388,1.06167,-0.00969,-0.00003,0.00987,0.00559,60.00000,60.00000,157.57612,0.00000,0.11994,0.00082,1.00000,1.00000,0.00000,0.00000,none
19.85000,89.99232,82.42499,1.06152,-0.00969,-0.00003,0.00989,0.00553,60.00000,60.00000,157.57501,0.00000,0.11995,0.00082,1.00000,1.00000,0.00000,0.00000,none
19.85417,89.99233,82.42610,1.06136,-0.00969,-0.00003,0.00992,0.00548,60.00000,60.00000,157.57390,0.00000,0.11995,0.00083,1.00000,1.00000,0.00000,0.00000,none
19.85833,89.99233,82.42721,1.06120,-0.00969,-0.00003,0.00994,0.00543,60.00000,60.00000,157.57279,0.00000,0.11996,0.00083,1.00000,1.00000,0.00000,0.00000,none
19.86250,89.99234,82.42832,1.06104,-0.00970,-0.00003,0.00996,0.00538,60.00000,60.00000,157.57168,0.00000,0.11996,0.00083,1.00000,1.00000,0.00000,0.00000,none
19.86667,89.99235,82.42944,1.06089,-0.00970,-0.00003,0.00998,0.00533,60.00000,60.00000,157.57056,0.00000,0.11996,0.00083,1.00000,1.00000,0.00000,0.00000,none
19.87083,89.99235,82.43055,1.06073,-0.00970,-0.00003,0.01001,0.00528,60.00000,60.00000,157.56945,0.00000,0.11997,0.00083,1.00000,1.00000,0.00000,0.00000,none
19.87500,89.99236,82.43166,1.06057,-0.00970,-0.00003,0.01003,0.00522,60.00000,60.00000,157.56834,0.00000,0.11997,0.00084,1.00000,1.00000,0.00000,0.00000,none
19.87917,89.99237,82.43277,1.06042,-0.00970,-0.00003,0.01005,0.00517,60.00000,60.00000,157.56723,0.00000,0.11998,0.00084,1.00000,1.00000,0.00000,0.00000,none
19.88333,89.99238,82.43388,1.06026,-0.00970,-0.00003,0.01007,0.00512,60.00000,60.00000,157.56612,0.00000,0.11998,0.00084,1.00000,1.00000,0.00000,0.00000,none
19.88750,89.99238,82.43499,1.06010,-0.00970,-0.00003,0.01009,0.00507,60.00000,60.00000,157.56501,0.00000,0.11999,0.00084,1.00000,1.00000,0.00000,0.00000,none
19.89167,89.99239,82.43609,1.05995,-0.00970,-0.00003,0.01011,0.00501,60.00000,60.00000,157.56391,0.00000,0.11999,0.00084,1.00000,1.00000,0.00000,0.00000,none
19.89583,89.99240,82.43720,1.05979,-0.00970,-0.00003,0.01013,0.00496,60.00000,60.00000,157.56280,0.00000,0.11999,0.00084,1.00000,1.00000,0.00000,0.00000,none
19.90000,89.99240,82.43831,1.05963,-0.00971,-0.00003,0.01015,0.00491,60.00000,60.00000,157.56169,0.00000,0.12000,0.00085,1.00000,1.00000,0.00000,0.00000,none
19.90417,89.99241,82.43942,1.05948,-0.00971,-0.00003,0.01017,0.00485,60.00000,60.00000,157.56058,0.00000,0.12000,0.00085,1.00000,1.00000,0.00000,0.00000,none
19.90833,89.99242,82.44053,1.05932,-0.00971,-0.00003,0.01019,0.00480,60.00000,60.00000,157.55947,0.00000,0.12001,0.00085,1.00000,1.00000,0.00000,0.00000,none
19.91250,89.99242,82.44164,1.05917,-0.00971,-0.00003,0.01021,0.00474,60.00000,60.00000,157.55836,0.00000,0.12001,0.00085,1.00000,1.00000,0.00000,0.00000,none
19.91667,89.99243,82.44274,1.05901,-0.00971,-0.00003,0.01023,0.00469,60.00000,60.00000,157.55726,0.00000,0.12001,0.00085,1.00000,1.00000,0.00000,0.00000,none
19.92083,89.99244,82.44385,1.05885,-0.00971,-0.00003,0.01025,0.00464,60.00000,60.00000,157.55615,0.00000,0.12002,0.00085,1.00000,1.00000,0.00000,0.00000,none
19.92500,89.99244,82.44496,1.05870,-0.00971,-0.00003,0.01027,0.00458,60.00000,60.00000,157.55504,0.00000,0.12002,0.00086,1.00000,1.00000,0.00000,0.00000,none
19.92917,89.99245,82.44606,1.05854,-0.00971,-0.00003,0.01029,0.00453,60.00000,60.00000,157.55394,0.00000,0.12003,0.00086,1.00000,1.00000,0.00000,0.00000,none
19.93333,89.99246,82.44717,1.05838,-0.00971,-0.00003,0.01031,0.00447,60.00000,60.00000,157.55283,0.00000,0.12003,0.00086,1.00000,1.00000,0.00000,0.00000,none
19.93750,89.99247,82.44828,1.05823,-0.00972,-0.00003,0.01033,0.00442,60.00000,60.00000,157.55172,0.00000,0.12004,0.00086,1.00000,1.00000,0.00000,0.00000,none
19.94167,89.99247,82.44938,1.05807,-0.00972,-0.00003,0.01035,0.00436,60.00000,60.00000,157.55062,0.00000,0.12004,0.00086,1.00000,1.00000,0.00000,0.00000,none
19.94583,89.99248,82.45049,1.05792,-0.00972,-0.00003,0.01037,0.00431,60.00000,60.00000,157.54951,0.00000,0.12004,0.00086,1.00000,1.00000,0.00000,0.00000,none
19.95000,89.99249,82.45159,1.05776,-0.00972,-0.00003,0.01038,0.00425,60.00000,60.00000,157.54841,0.00000,0.12005,0.00087,1.00000,1.00000,0.00000,0.00000,none
19.95417,89.99249,82.45270,1.05760,-0.00972,-0.00003,0.01040,0.00420,60.00000,60.00000,157.54730,0.00000,0.12005,0.00087,1.00000,1.00000,0.00000,0.00000,none
19.95833,89.99250,82.45380,1.05745,-0.00972,-0.00003,0.01042,0.00414,60.00000,60.00000,157.54620,0.00000,0.12006,0.00087,1.00000,1.00000,0.00000,0.00000,none
19.96250,89.99251,82.45491,1.05729,-0.00972,-0.00003,0.01044,0.00409,60.00000,60.00000,157.54509,0.00000,0.12006,0.00087,1.00000,1.00000,0.00000,0.00000,none
19.96667,89.99251,82.45601,1.05714,-0.00972,-0.00003,0.01045,0.00403,60.00000,60.00000,157.54399,0.00000,0.12007,0.00087,1.00000,1.00000,0.00000,0.00000,none
19.97083,89.99252,82.45712,1.05698,-0.00972,-0.00003,0.01047,0.00398,60.00000,60.00000,157.54288,0.00000,0.12007,0.00087,1.00000,1.00000,0.00000,0.00000,none
19.97500,89.99253,82.45822,1.05682,-0.00973,-0.00003,0.01049,0.00392,60.00000,60.00000,157.54178,0.00000,0.12007,0.00087,1.00000,1.00000,0.00000,0.00000,none
19.97917,89.99253,82.45932,1.05667,-0.00973,-0.00003,0.01050,0.00386,60.00000,60.00000,157.54068,0.00000,0.12008,0.00088,1.00000,1.00000,0.00000,0.00000,none
19.98333,89.99254,82.46042,1.05651,-0.00973,-0.00003,0.01052,0.00381,60.00000,60.00000,157.53958,0.00000,0.12008,0.00088,1.00000,1.00000,0.00000,0.00000,none
19.98750,89.99255,82.46153,1.05636,-0.00973,-0.00003,0.01053,0.00375,60.00000,60.00000,157.53847,0.00000,0.12009,0.00088,1.00000,1.00000,0.00000,0.00000,none
19.99167,89.99256,82.46263,1.05620,-0.00973,-0.00003,0.01055,0.00370,60.00000,60.00000,157.53737,0.00000,0.12009,0.00088,1.00000,1.00000,0.00000,0.00000,none
19.99583,89.99256,82.46373,1.05605,-0.00973,-0.00003,0.01056,0.00364,60.00000,60.00000,157.53627,0.00000,0.12009,0.00088,1.00000,1.00000,0.00000,0.00000,none
20.00000,89.99257,82.46483,1.05589,-0.00973,-0.00003,0.01058,0.00358,60.00000,60.00000,157.53517,0.00000,0.12010,0.00088,1.00000,1.00000,0.00000,0.00000,none
20.00417,89.99258,82.46593,1.05574,-0.00973,-0.00003,0.01059,0.00353,60.00000,60.00000,157.53407,0.00000,0.12010,0.00088,1.00000,1.00000,0.00000,0.00000,none
20.00833,89.99258,82.46704,1.05558,-0.00973,-0.00003,0.01061,0.00347,60.00000,60.00000,157.53296,0.00000,0.12011,0.00088,1.00000,1.00000,0.00000,0.00000,none
20.01250,89.99259,82.46814,1.05542,-0.00973,-0.00003,0.01062,0.00341,60.00000,60.00000,157.53186,0.00000,0.12011,0.00089,1.00000,1.00000,0.00000,0.00000,none
20.01667,89.99260,82.46924,1.05527,-0.00974,-0.00003,0.01064,0.00336,60.00000,60.00000,157.53076,0.00000,0.12012,0.00089,1.00000,1.00000,0.00000,0.00000,none
20.02083,89.99260,82.47034,1.05511,-0.00974,-0.00003,0.01065,0.00330,60.00000,60.00000,157.52966,0.00000,0.12012,0.00089,1.00000,1.00000,0.00000,0.00000,none
20.02500,89.99261,82.47144,1.05496,-0.00974,-0.00003,0.01066,0.00325,60.00000,60.00000,157.52856,0.00000,0.12012,0.00089,1.00000,1.00000,0.00000,0.00000,none
20.02917,89.99262,82.47254,1.05480,-0.00974,-0.00003,0.01068,0.00319,60.00000,60.00000,157.52746,0.00000,0.12013,0.00089,1.00000,1.00000,0.00000,0.00000,none
20.03333,89.99263,82.47364,1.05465,-0.00974,-0.00003,0.01069,0.00313,60.00000,60.00000,157.52636,0.00000,0.12013,0.00089,1.00000,1.00000,0.00000,0.00000,none
20.03750,89.99263,82.47474,1.05449,-0.00974,-0.00003,0.01070,0.00308,60.00000,60.00000,157.52526,0.00000,0.12014,0.00089,1.00000,1.00000,0.00000,0.00000,none
20.04167,89.99264,82.47584,1.05434,-0.00974,-0.00003,0.01072,0.00302,60.00000,60.00000,157.52416,0.00000,0.12014,0.00089,1.00000,1.00000,0.00000,0.00000,none
20.04583,89.99265,82.47693,1.05418,-0.00974,-0.00003,0.01073,0.00296,60.00000,60.00000,157.52307,0.00000,0.12015,0.00089,1.00000,1.00000,0.00000,0.00000,none
20.05000,89.99265,82.47803,1.05403,-0.00974,-0.00003,0.01074,0.00291,60.00000,60.00000,157.52197,0.00000,0.12015,0.00090,1.00000,1.00000,0.00000,0.00000,none
20.05417,89.99266,82.47913,1.05387,-0.00975,-0.00003,0.01075,0.00285,60.00000,60.00000,157.52087,0.00000,0.12015,0.00090,1.00000,1.00000,0.00000,0.00000,none
20.05833,89.99267,82.48023,1.05372,-0.00975,-0.00003,0.01076,0.00279,60.00000,60.00000,157.51977,0.00000,0.12016,0.00090,1.00000,1.00000,0.00000,0.00000,none
20.06250,89.99267,82.48133,1.05356,-0.00975,-0.00003,0.01078,0.00273,60.00000,60.00000,157.51867,0.00000,0.12016,0.00090,1.00000,1.00000,0.00000,0.00000,none
20.06667,89.99268,82.48242,1.05341,-0.00975,-0.00003,0.01079,0.00268,60.00000,60.00000,157.51758,0.00000,0.12017,0.00090,1.00000,1.00000,0.00000,0.00000,none
20.07083,89.99269,82.48352,1.05325,-0.00975,-0.00003,0.01080,0.00262,60.00000,60.00000,157.51648,0.00000,0.12017,0.00090,1.00000,1.00000,0.00000,0.00000,none
20.07500,89.99270,82.48462,1.05310,-0.00975,-0.00003,0.01081,0.00256,60.00000,60.00000,157.51538,0.00000,0.12017,0.00090,1.00000,1.00000,0.00000,0.00000,none
20.07917,89.99270,82.48571,1.05294,-0.00975,-0.00003,0.01082,0.00251,60.00000,60.00000,157.51429,0.00000,0.12018,0.00090,1.00000,1.00000,0.00000,0.00000,none
20.08333,89.99271,82.48681,1.05279,-0.00975,-0.00003,0.01083,0.00245,60.00000,60.00000,157.51319,0.00000,0.12018,0.00090,1.00000,1.00000,0.00000,0.00000,none
20.08750,89.99272,82.48790,1.05263,-0.00975,-0.00003,0.01084,0.00239,60.00000,60.00000,157.51210,0.00000,0.12019,0.00090,1.00000,1.00000,0.00000,0.00000,none
20.09167,89.99272,82.48900,1.05248,-0.00976,-0.00003,0.01085,0.00234,60.00000,60.00000,157.51100,0.00000,0.12019,0.00090,1.00000,1.00000,0.00000,0.00000,none
20.09583,89.99273,82.49009,1.05233,-0.00976,-0.00003,0.01086,0.00228,60.00000,60.00000,157.50991,0.00000,0.12020,0.00091,1.00000,1.00000,0.00000,0.00000,none
20.10000,89.99274,82.49119,1.05217,-0.00976,-0.00003,0.01087,0.00222,60.00000,60.00000,157.50881,0.00000,0.12020,0.00091,1.00000,1.00000,0.00000,0.00000,none
20.10417,89.99274,82.49228,1.05202,-0.00976,-0.00003,0.01088,0.00217,60.00000,60.00000,157.50772,0.00000,0.12020,0.00091,1.00000,1.00000,0.00000,0.00000,none
20.10833,89.99275,82.49338,1.05186,-0.00976,-0.00003,0.01089,0.00211,60.00000,60.00000,157.50662,0.00000,0.12021,0.00091,1.00000,1.00000,0.00000,0.00000,none
20.11250,89.99276,82.49447,1.05171,-0.00976,-0.00003,0.01090,0.00205,60.00000,60.00000,157.50553,0.00000,0.12021,0.00091,1.00000,1.00000,0.00000,0.00000,none
20.11667,89.99277,82.49557,1.05155,-0.00976,-0.00003,0.01090,0.00200,60.00000,60.00000,157.50443,0.00000,0.12022,0.00091,1.00000,1.00000,0.00000,0.00000,none
20.12083,89.99277,82.49666,1.05140,-0.00976,-0.00003,0.01091,0.00194,60.00000,60.00000,157.50334,0.00000,0.12022,0.00091,1.00000,1.00000,0.00000,0.00000,none
20.12500,89.99278,82.49775,1.05125,-0.00976,-0.00003,0.01092,0.00188,60.00000,60.00000,157.50225,0.00000,0.12022,0.00091,1.00000,1.00000,0.00000,0.00000,none
20.12917,89.99279,82.49885,1.05109,-0.00977,-0.00003,0.01093,0.00183,60.00000,60.00000,157.50115,0.00000,0.12023,0.00091,1.00000,1.00000,0.00000,0.00000,none
20.13333,89.99279,82.49994,1.05094,-0.00977,-0.00003,0.01094,0.00177,60.00000,60.00000,157.50006,0.00000,0.12023,0.00091,1.00000,1.00000,0.00000,0.00000,none
20.13750,89.99280,82.50103,1.05078,-0.00977,-0.00003,0.01094,0.00171,60.00000,60.00000,157.49897,0.00000,0.12024,0.00091,1.00000,1.00000,0.00000,0.00000,none
20.14167,89.99281,82.50212,1.05063,-0.00977,-0.00003,0.01095,0.00166,60.00000,60.00000,157.49788,0.00000,0.12024,0.00091,1.00000,1.00000,0.00000,0.00000,none
20.14583,89.99281,82.50322,1.05047,-0.00977,-0.00003,0.01096,0.00160,60.00000,60.00000,157.49678,0.00000,0.12025,0.00091,1.00000,1.00000,0.00000,0.00000,none
20.15000,89.99282,82.50431,1.05032,-0.00977,-0.00003,0.01096,0.00155,60.00000,60.00000,157.49569,0.00000,0.12025,0.00091,1.00000,1.00000,0.00000,0.00000,none
20.15417,89.99283,82.50540,1.05017,-0.00977,-0.00003,0.01097,0.00149,60.00000,60.00000,157.49460,0.00000,0.12025,0.00091,1.00000,1.00000,0.00000,0.00000,none
20.15833,89.99284,82.50649,1.05001,-0.00977,-0.00003,0.01098,0.00143,60.00000,60.00000,157.49351,0.00000,0.12026,0.00091,1.00000,1.00000,0.00000,0.00000,none
20.16250,89.99284,82.50758,1.04986,-0.00977,-0.00003,0.01098,0.00138,60.00000,60.00000,157.49242,0.00000,0.12026,0.00092,1.00000,1.00000,0.00000,0.00000,none
20.16667,89.99285,82.50867,1.04970,-0.00978,-0.00003,0.01099,0.00132,60.00000,60.00000,157.49133,0.00000,0.12027,0.00092,1.00000,1.00000,0.00000,0.00000,none
20.17083,89.99286,82.50976,1.04955,-0.00978,-0.00003,0.01099,0.00127,60.00000,60.00000,157.49024,0.00000,0.12027,0.00092,1.00000,1.00000,0.00000,0.00000,none
20.17500,89.99286,82.51085,1.04940,-0.00978,-0.00003,0.01100,0.00121,60.00000,60.00000,157.48915,0.00000,0.12028,0.00092,1.00000,1.00000,0.00000,0.00000,none
20.17917,89.99287,82.51194,1.04924,-0.00978,-0.00003,0.01100,0.00115,60.00000,60.00000,157.48806,0.00000,0.12028,0.00092,1.00000,1.00000,0.00000,0.00000,none
20.18333,89.99288,82.51303,1.04909,-0.00978,-0.00003,0.01101,0.00110,60.00000,60.00000,157.48697,0.00000,0.12028,0.00092,1.00000,1.00000,0.00000,0.00000,none
20.18750,89.99288,82.51412,1.04894,-0.00978,-0.00003,0.01101,0.00104,60.00000,60.00000,157.48588,0.00000,0.12029,0.00092,1.00000,1.00000,0.00000,0.00000,none
20.19167,89.99289,82.51521,1.04878,-0.00978,-0.00003,0.01102,0.00099,60.00000,60.00000,157.48479,0.00000,0.12029,0.00092,1.00000,1.00000,0.00000,0.00000,none
20.19583,89.99290,82.51630,1.04863,-0.00978,-0.00003,0.01102,0.00093,60.00000,60.00000,157.48370,0.00000,0.12030,0.00092,1.00000,1.00000,0.00000,0.00000,none
20.20000,89.99291,82.51738,1.04848,-0.00978,-0.00003,0.01102,0.00088,60.00000,60.00000,157.48262,0.00000,0.12030,0.00092,1.00000,1.00000,0.00000,0.00000,none
20.20417,89.99291,82.51847,1.04832,-0.00978,-0.00003,0.01103,0.00082,60.00000,60.00000,157.48153,0.00000,0.12030,0.00092,1.00000,1.00000,0.00000,0.00000,none
20.20833,89.99292,82.51956,1.04817,-0.00979,-0.00003,0.01103,0.00077,60.00000,60.00000,157.48044,0.00000,0.12031,0.00092,1.00000,1.00000,0.00000,0.00000,none
20.21250,89.99293,82.52065,1.04801,-0.00979,-0.00003,0.01103,0.00071,60.00000,60.00000,157.47935,0.00000,0.12031,0.00092,1.00000,1.00000,0.00000,0.00000,none
20.21667,89.99293,82.52173,1.04786,-0.00979,-0.00003,0.01104,0.00066,60.00000,60.00000,157.47827,0.00000,0.12032,0.00092,1.00000,1.00000,0.00000,0.00000,none
20.22083,89.99294,82.52282,1.04771,-0.00979,-0.00003,0.01104,0.00060,60.00000,60.00000,157.47718,0.00000,0.12032,0.00092,1.00000,1.00000,0.00000,0.00000,none
20.22500,89.99295,82.52391,1.04755,-0.00979,-0.00003,0.01104,0.00055,60.00000,60.00000,157.47609,0.00000,0.12033,0.00092,1.00000,1.00000,0.00000,0.00000,none
20.22917,89.99296,82.52499,1.04740,-0.00979,-0.00003,0.01104,0.00050,60.00000,60.00000,157.47501,0.00000,0.12033,0.00092,1.00000,1.00000,0.00000,0.00000,none
20.23333,89.99296,82.52608,1.04725,-0.00979,-0.00003,0.01105,0.00044,60.00000,60.00000,157.47392,0.00000,0.12033,0.00092,1.00000,1.00000,0.00000,0.00000,none
20.23750,89.99297,82.52716,1.04710,-0.00979,-0.00003,0.01105,0.00039,60.00000,60.00000,157.47284,0.00000,0.12034,0.00092,1.00000,1.00000,0.00000,0.00000,none
20.24167,89.99298,82.52825,1.04694,-0.00979,-0.00003,0.01105,0.00033,60.00000,60.00000,157.47175,0.00000,0.12034,0.00092,1.00000,1.00000,0.00000,0.00000,none
20.24583,89.99298,82.52933,1.04679,-0.00980,-0.00003,0.01105,0.00028,60.00000,60.00000,157.47067,0.00000,0.12035,0.00092,1.00000,1.00000,0.00000,0.00000,none
20.25000,89.99299,82.53042,1.04664,-0.00980,-0.00003,0.01105,0.00023,60.00000,60.00000,157.46958,0.00000,0.12035,0.00092,1.00000,1.00000,0.00000,0.00000,none
20.25417,89.99300,82.53150,1.04648,-0.00980,-0.00003,0.01105,0.00017,60.00000,60.00000,157.46850,0.00000,0.12035,0.00092,1.00000,1.00000,0.00000,0.00000,none
20.25833,89.99300,82.53259,1.04633,-0.00980,-0.00003,0.01105,0.00012,60.00000,60.00000,157.46741,0.00000,0.12036,0.00092,1.00000,1.00000,0.00000,0.00000,none
20.26250,89.99301,82.53367,1.04618,-0.00980,-0.00003,0.01105,0.00007,60.00000,60.00000,157.46633,0.00000,0.12036,0.00092,1.00000,1.00000,0.00000,0.00000,none
20.26667,89.99302,82.53476,1.04602,-0.00980,-0.00003,0.01105,0.00001,60.00000,60.00000,157.46524,0.00000,0.12037,0.00092,1.00000,1.00000,0.00000,0.00000,none
20.27083,89.99303,82.53584,1.04587,-0.00980,-0.00003,0.01105,-0.00004,60.00000,60.00000,157.46416,0.00000,0.12037,0.00092,1.00000,1.00000,0.00000,0.00000,none
20.27500,89.99303,82.53692,1.04572,-0.00980,-0.00003,0.01105,-0.00009,60.00000,60.00000,157.46308,0.00000,0.12038,0.00092,1.00000,1.00000,0.00000,0.00000,none
20.27917,89.99304,82.53801,1.04557,-0.00980,-0.00003,0.01105,-0.00014,60.00000,60.00000,157.46199,0.00000,0.12038,0.00092,1.00000,1.00000,0.00000,0.00000,none
20.28333,89.99305,82.53909,1.04541,-0.00981,-0.00003,0.01105,-0.00020,60.00000,60.00000,157.46091,0.00000,0.12038,0.00092,1.00000,1.00000,0.00000,0.00000,none
20.28750,89.99305,82.54017,1.04526,-0.00981,-0.00003,0.01105,-0.00025,60.00000,60.00000,157.45983,0.00000,0.12039,0.00092,1.00000,1.00000,0.00000,0.00000,none
20.29167,89.99306,82.54125,1.04511,-0.00981,-0.00003,0.01105,-0.00030,60.00000,60.00000,157.45875,0.00000,0.12039,0.00092,1.00000,1.00000,0.00000,0.00000,none
20.29583,89.99307,82.54233,1.04496,-0.00981,-0.00003,0.01105,-0.00035,60.00000,60.00000,157.45767,0.00000,0.12040,0.00092,1.00000,1.00000,0.00000,0.00000,none
20.30000,89.99308,82.54342,1.04480,-0.00981,-0.00003,0.01105,-0.00040,60.00000,60.00000,157.45658,0.00000,0.12040,0.00092,1.00000,1.00000,0.00000,0.00000,none
20.30417,89.99308,82.54450,1.04465,-0.00981,-0.00003,0.01105,-0.00045,60.00000,60.00000,157.45550,0.00000,0.12040,0.00092,1.00000,1.00000,0.00000,0.00000,none
20.30833,89.99309,82.54558,1.04450,-0.00981,-0.00003,0.01104,-0.00050,60.00000,60.00000,157.45442,0.00000,0.12041,0.00092,1.00000,1.00000,0.00000,0.00000,none
20.31250,89.99310,82.54666,1.04435,-0.00981,-0.00003,0.01104,-0.00056,60.00000,60.00000,157.45334,0.00000,0.12041,0.00092,1.00000,1.00000,0.00000,0.00000,none
20.31667,89.99310,82.54774,1.04419,-0.00981,-0.00003,0.01104,-0.00061,60.00000,60.00000,157.45226,0.00000,0.12042,0.00092,1.00000,1.00000,0.00000,0.00000,none
20.32083,89.99311,82.54882,1.04404,-0.00982,-0.00003,0.01104,-0.00066,60.00000,60.00000,157.45118,0.00000,0.12042,0.00092,1.00000,1.00000,0.00000,0.00000,none
20.32500,89.99312,82.54990,1.04389,-0.00982,-0.00003,0.01103,-0.00071,60.00000,60.00000,157.45010,0.00000,0.12043,0.00092,1.00000,1.00000,0.00000,0.00000,none
20.32917,89.99313,82.55098,1.04374,-0.00982,-0.00003,0.01103,-0.00076,60.00000,60.00000,157.44902,0.00000,0.12043,0.00092,1.00000,1.00000,0.00000,0.00000,none
20.33333,89.99313,82.55206,1.04358,-0.00982,-0.00003,0.01103,-0.00081,60.00000,60.00000,157.44794,0.00000,0.12043,0.00092,1.00000,1.00000,0.00000,0.00000,none
20.33750,89.99314,82.55314,1.04343,-0.00982,-0.00003,0.01102,-0.00086,60.00000,60.00000,157.44686,0.00000,0.12044,0.00092,1.00000,1.00000,0.00000,0.00000,none
20.34167,89.99315,82.55421,1.04328,-0.00982,-0.00003,0.01102,-0.00091,60.00000,60.00000,157.44579,0.00000,0.12044,0.00092,1.00000,1.00000,0.00000,0.00000,none
20.34583,89.99315,82.55529,1.04313,-0.00982,-0.00003,0.01102,-0.00096,60.00000,60.00000,157.44471,0.00000,0.12045,0.00092,1.00000,1.00000,0.00000,0.00000,none
20.35000,89.99316,82.55637,1.04298,-0.00982,-0.00003,0.01101,-0.00100,60.00000,60.00000,157.44363,0.00000,0.12045,0.00092,1.00000,1.00000,0.00000,0.00000,none
20.35417,89.99317,82.55745,1.04282,-0.00982,-0.00003,0.01101,-0.00105,60.00000,60.00000,157.44255,0.00000,0.12045,0.00092,1.00000,1.00000,0.00000,0.00000,none
20.35833,89.99317,82.55853,1.04267,-0.00983,-0.00003,0.01100,-0.00110,60.00000,60.00000,157.44147,0.00000,0.12046,0.00092,1.00000,1.00000,0.00000,0.00000,none
20.36250,89.99318,82.55960,1.04252,-0.00983,-0.00003,0.01100,-0.00115,60.00000,60.00000,157.44040,0.00000,0.12046,0.00092,1.00000,1.00000,0.00000,0.00000,none
20.36667,89.99319,82.56068,1.04237,-0.00983,-0.00003,0.01099,-0.00120,60.00000,60.00000,157.43932,0.00000,0.12047,0.00092,1.00000,1.00000,0.00000,0.00000,none
20.37083,89.99320,82.56176,1.04222,-0.00983,-0.00003,0.01099,-0.00125,60.00000,60.00000,157.43824,0.00000,0.12047,0.00092,1.00000,1.00000,0.00000,0.00000,none
20.37500,89.99320,82.56283,1.04206,-0.00983,-0.00003,0.01098,-0.00129,60.00000,60.00000,157.43717,0.00000,0.12048,0.00092,1.00000,1.00000,0.00000,0.00000,none
20.37917,89.99321,82.56391,1.04191,-0.00983,-0.00003,0.01098,-0.00134,60.00000,60.00000,157.43609,0.00000,0.12048,0.00091,1.00000,1.00000,0.00000,0.00000,none
20.38333,89.99322,82.56499,1.04176,-0.00983,-0.00003,0.01097,-0.00139,60.00000,60.00000,157.43501,0.00000,0.12048,0.00091,1.00000,1.00000,0.00000,0.00000,none
20.38750,89.99322,82.56606,1.04161,-0.00983,-0.00003,0.01097,-0.00144,60.00000,60.00000,157.43394,0.00000,0.12049,0.00091,1.00000,1.00000,0.00000,0.00000,none
20.39167,89.99323,82.56714,1.04146,-0.00983,-0.00003,0.01096,-0.00148,60.00000,60.00000,157.43286,0.00000,0.12049,0.00091,1.00000,1.00000,0.00000,0.00000,none
20.39583,89.99324,82.56821,1.04131,-0.00984,-0.00003,0.01095,-0.00153,60.00000,60.00000,157.43179,0.00000,0.12050,0.00091,1.00000,1.00000,0.00000,0.00000,none
20.40000,89.99325,82.56929,1.04115,-0.00984,-0.00003,0.01095,-0.00158,60.00000,60.00000,157.43071,0.00000,0.12050,0.00091,1.00000,1.00000,0.00000,0.00000,none
20.40417,89.99325,82.57036,1.04100,-0.00984,-0.00003,0.01094,-0.00162,60.00000,60.00000,157.42964,0.00000,0.12050,0.00091,1.00000,1.00000,0.00000,0.00000,none
20.40833,89.99326,82.57144,1.04085,-0.00984,-0.00003,0.01093,-0.00167,60.00000,60.00000,157.42856,0.00000,0.12051,0.00091,1.00000,1.00000,0.00000,0.00000,none
20.41250,89.99327,82.57251,1.04070,-0.00984,-0.00003,0.01093,-0.00171,60.00000,60.00000,157.42749,0.00000,0.12051,0.00091,1.00000,1.00000,0.00000,0.00000,none
20.41667,89.99327,82.57358,1.04055,-0.00984,-0.00003,0.01092,-0.00176,60.00000,60.00000,157.42642,0.00000,0.12052,0.00091,1.00000,1.00000,0.00000,0.00000,none
20.42083,89.99328,82.57466,1.04040,-0.00984,-0.00003,0.01091,-0.00180,60.00000,60.00000,157.42534,0.00000,0.12052,0.00091,1.00000,1.00000,0.00000,0.00000,none
20.42500,89.99329,82.57573,1.04024,-0.00984,-0.00003,0.01090,-0.00185,60.00000,60.00000,157.42427,0.00000,0.12052,0.00091,1.00000,1.00000,0.00000,0.00000,none
20.42917,89.99330,82.57680,1.04009,-0.00984,-0.00003,0.01090,-0.00189,60.00000,60.00000,157.42320,0.00000,0.12053,0.00091,1.00000,1.00000,0.00000,0.00000,none
20.43333,89.99330,82.57788,1.03994,-0.00985,-0.00003,0.01089,-0.00194,60.00000,60.00000,157.42212,0.00000,0.12053,0.00091,1.00000,1.00000,0.00000,0.00000,none
20.43750,89.99331,82.57895,1.03979,-0.00985,-0.00003,0.01088,-0.00198,60.00000,60.00000,157.42105,0.00000,0.12054,0.00091,1.00000,1.00000,0.00000,0.00000,none
20.44167,89.99332,82.58002,1.03964,-0.00985,-0.00003,0.01087,-0.00202,60.00000,60.00000,157.41998,0.00000,0.12054,0.00091,1.00000,1.00000,0.00000,0.00000,none
20.44583,89.99332,82.58109,1.03949,-0.00985,-0.00003,0.01086,-0.00207,60.00000,60.00000,157.41891,0.00000,0.12055,0.00091,1.00000,1.00000,0.00000,0.00000,none
20.45000,89.99333,82.58216,1.03934,-0.00985,-0.00003,0.01086,-0.00211,60.00000,60.00000,157.41784,0.00000,0.12055,0.00090,1.00000,1.00000,0.00000,0.00000,none
20.45417,89.99334,82.58323,1.03919,-0.00985,-0.00003,0.01085,-0.00215,60.00000,60.00000,157.41677,0.00000,0.12055,0.00090,1.00000,1.00000,0.00000,0.00000,none
20.45833,89.99335,82.58431,1.03904,-0.00985,-0.00003,0.01084,-0.00219,60.00000,60.00000,157.41569,0.00000,0.12056,0.00090,1.00000,1.00000,0.00000,0.00000,none
20.46250,89.99335,82.58538,1.03888,-0.00985,-0.00003,0.01083,-0.00224,60.00000,60.00000,157.41462,0.00000,0.12056,0.00090,1.00000,1.00000,0.00000,0.00000,none
20.46667,89.99336,82.58645,1.03873,-0.00985,-0.00003,0.01082,-0.00228,60.00000,60.00000,157.41355,0.00000,0.12057,0.00090,1.00000,1.00000,0.00000,0.00000,none
20.47083,89.99337,82.58752,1.03858,-0.00985,-0.00003,0.01081,-0.00232,60.00000,60.00000,157.41248,0.00000,0.12057,0.00090,1.00000,1.00000,0.00000,0.00000,none
20.47500,89.99337,82.58859,1.03843,-0.00986,-0.00003,0.01080,-0.00236,60.00000,60.00000,157.41141,0.00000,0.12057,0.00090,1.00000,1.00000,0.00000,0.00000,none
20.47917,89.99338,82.58966,1.03828,-0.00986,-0.00003,0.01079,-0.00240,60.00000,60.00000,157.41034,0.00000,0.12058,0.00090,1.00000,1.00000,0.00000,0.00000,none
20.48333,89.99339,82.59073,1.03813,-0.00986,-0.00003,0.01078,-0.00244,60.00000,60.00000,157.40927,0.00000,0.12058,0.00090,1.00000,1.00000,0.00000,0.00000,none
20.48750,89.99340,82.59180,1.03798,-0.00986,-0.00003,0.01077,-0.00248,60.00000,60.00000,157.40820,0.00000,0.12059,0.00090,1.00000,1.00000,0.00000,0.00000,none
20.49167,89.99340,82.59286,1.03783,-0.00986,-0.00003,0.01076,-0.00252,60.00000,60.00000,157.40714,0.00000,0.12059,0.00090,1.00000,1.00000,0.00000,0.00000,none
20.49583,89.99341,82.59393,1.03768,-0.00986,-0.00003,0.01075,-0.00256,60.00000,60.00000,157.40607,0.00000,0.12060,0.00090,1.00000,1.00000,0.00000,0.00000,none
20.50000,89.99342,82.59500,1.03753,-0.00986,-0.00003,0.01074,-0.00260,60.00000,60.00000,157.40500,0.00000,0.12060,0.00089,1.00000,1.00000,0.00000,0.00000,none
20.50417,89.99342,82.59607,1.03738,-0.00986,-0.00003,0.01073,-0.00264,60.00000,60.00000,157.40393,0.00000,0.12060,0.00089,1.00000,1.00000,0.00000,0.00000,none
20.50833,89.99343,82.59714,1.03723,-0.00986,-0.00003,0.01071,-0.00268,60.00000,60.00000,157.40286,0.00000,0.12061,0.00089,1.00000,1.00000,0.00000,0.00000,none
20.51250,89.99344,82.59820,1.03708,-0.00987,-0.00003,0.01070,-0.00272,60.00000,60.00000,157.40180,0.00000,0.12061,0.00089,1.00000,1.00000,0.00000,0.00000,none
20.51667,89.99345,82.59927,1.03693,-0.00987,-0.00003,0.01069,-0.00276,60.00000,60.00000,157.40073,0.00000,0.12062,0.00089,1.00000,1.00000,0.00000,0.00000,none
20.52083,89.99345,82.60034,1.03677,-0.00987,-0.00003,0.01068,-0.00280,60.00000,60.00000,157.39966,0.00000,0.12062,0.00089,1.00000,1.00000,0.00000,0.00000,none
20.52500,89.99346,82.60140,1.03662,-0.00987,-0.00003,0.01067,-0.00284,60.00000,60.00000,157.39860,0.00000,0.12062,0.00089,1.00000,1.00000,0.00000,0.00000,none
20.52917,89.99347,82.60247,1.03647,-0.00987,-0.00003,0.01066,-0.00287,60.00000,60.00000,157.39753,0.00000,0.12063,0.00089,1.00000,1.00000,0.00000,0.00000,none
20.53333,89.99347,82.60354,1.03632,-0.00987,-0.00003,0.01065,-0.00291,60.00000,60.00000,157.39646,0.00000,0.12063,0.00089,1.00000,1.00000,0.00000,0.00000,none
20.53750,89.99348,82.60460,1.03617,-0.00987,-0.00003,0.01063,-0.00295,60.00000,60.00000,157.39540,0.00000,0.12064,0.00089,1.00000,1.00000,0.00000,0.00000,none
20.54167,89.99349,82.60567,1.03602,-0.00987,-0.00003,0.01062,-0.00298,60.00000,60.00000,157.39433,0.00000,0.12064,0.00089,1.00000,1.00000,0.00000,0.00000,none
20.54583,89.99350,82.60673,1.03587,-0.00987,-0.00003,0.01061,-0.00302,60.00000,60.00000,157.39327,0.00000,0.12064,0.00088,1.00000,1.00000,0.00000,0.00000,none
20.55000,89.99350,82.60780,1.03572,-0.00988,-0.00003,0.01060,-0.00306,60.00000,60.00000,157.39220,0.00000,0.12065,0.00088,1.00000,1.00000,0.00000,0.00000,none
20.55417,89.99351,82.60886,1.03557,-0.00988,-0.00003,0.01058,-0.00309,60.00000,60.00000,157.39114,0.00000,0.12065,0.00088,1.00000,1.00000,0.00000,0.00000,none
20.55833,89.99352,82.60993,1.03542,-0.00988,-0.00003,0.01057,-0.00313,60.00000,60.00000,157.39007,0.00000,0.12066,0.00088,1.00000,1.00000,0.00000,0.00000,none
20.56250,89.99352,82.61099,1.03527,-0.00988,-0.00003,0.01056,-0.00316,60.00000,60.00000,157.38901,0.00000,0.12066,0.00088,1.00000,1.00000,0.00000,0.00000,none
20.56667,89.99353,82.61206,1.03512,-0.00988,-0.00003,0.01054,-0.00320,60.00000,60.00000,157.38794,0.00000,0.12067,0.00088,1.00000,1.00000,0.00000,0.00000,none
20.57083,89.99354,82.61312,1.03497,-0.00988,-0.00003,0.01053,-0.00323,60.00000,60.00000,157.38688,0.00000,0.12067,0.00088,1.00000,1.00000,0.00000,0.00000,none
20.57500,89.99355,82.61418,1.03482,-0.00988,-0.00003,0.01052,-0.00326,60.00000,60.00000,157.38582,0.00000,0.12067,0.00088,1.00000,1.00000,0.00000,0.00000,none
20.57917,89.99355,82.61525,1.03467,-0.00988,-0.00003,0.01050,-0.00330,60.00000,60.00000,157.38475,0.00000,0.12068,0.00088,1.00000,1.00000,0.00000,0.00000,none
20.58333,89.99356,82.61631,1.03452,-0.00988,-0.00003,0.01049,-0.00333,60.00000,60.00000,157.38369,0.00000,0.12068,0.00087,1.00000,1.00000,0.00000,0.00000,none
20.58750,89.99357,82.61737,1.03437,-0.00989,-0.00003,0.01047,-0.00336,60.00000,60.00000,157.38263,0.00000,0.12069,0.00087,1.00000,1.00000,0.00000,0.00000,none
20.59167,89.99357,82.61843,1.03422,-0.00989,-0.00003,0.01046,-0.00340,60.00000,60.00000,157.38157,0.00000,0.12069,0.00087,1.00000,1.00000,0.00000,0.00000,none
20.59583,89.99358,82.61950,1.03407,-0.00989,-0.00003,0.01045,-0.00343,60.00000,60.00000,157.38050,0.00000,0.12069,0.00087,1.00000,1.00000,0.00000,0.00000,none
20.60000,89.99359,82.62056,1.03392,-0.00989,-0.00003,0.01043,-0.00346,60.00000,60.00000,157.37944,0.00000,0.12070,0.00087,1.00000,1.00000,0.00000,0.00000,none
20.60417,89.99360,82.62162,1.03377,-0.00989,-0.00003,0.01042,-0.00349,60.00000,60.00000,157.37838,0.00000,0.12070,0.00087,1.00000,1.00000,0.00000,0.00000,none
20.60833,89.99360,82.62268,1.03362,-0.00989,-0.00003,0.01040,-0.00352,60.00000,60.00000,157.37732,0.00000,0.12071,0.00087,1.00000,1.00000,0.00000,0.00000,none
20.61250,89.99361,82.62374,1.03348,-0.00989,-0.00003,0.01039,-0.00355,60.00000,60.00000,157.37626,0.00000,0.12071,0.00087,1.00000,1.00000,0.00000,0.00000,none
20.61667,89.99362,82.62480,1.03333,-0.00989,-0.00003,0.01037,-0.00358,60.00000,60.00000,157.37520,0.00000,0.12072,0.00086,1.00000,1.00000,0.00000,0.00000,none
20.62083,89.99363,82.62586,1.03318,-0.00989,-0.00003,0.01036,-0.00361,60.00000,60.00000,157.37414,0.00000,0.12072,0.00086,1.00000,1.00000,0.00000,0.00000,none
20.62500,89.99363,82.62692,1.03303,-0.00990,-0.00003,0.01034,-0.00364,60.00000,60.00000,157.37308,0.00000,0.12072,0.00086,1.00000,1.00000,0.00000,0.00000,none
20.62917,89.99364,82.62798,1.03288,-0.00990,-0.00003,0.01033,-0.00367,60.00000,60.00000,157.37202,0.00000,0.12073,0.00086,1.00000,1.00000,0.00000,0.00000,none
20.63333,89.99365,82.62904,1.03273,-0.00990,-0.00003,0.01031,-0.00370,60.00000,60.00000,157.37096,0.00000,0.12073,0.00086,1.00000,1.00000,0.00000,0.00000,none
20.63750,89.99365,82.63010,1.03258,-0.00990,-0.00003,0.01030,-0.00373,60.00000,60.00000,157.36990,0.00000,0.12074,0.00086,1.00000,1.00000,0.00000,0.00000,none
20.64167,89.99366,82.63116,1.03243,-0.00990,-0.00003,0.01028,-0.00376,60.00000,60.00000,157.36884,0.00000,0.12074,0.00086,1.00000,1.00000,0.00000,0.00000,none
20.64583,89.99367,82.63222,1.03228,-0.00990,-0.00003,0.01027,-0.00379,60.00000,60.00000,157.36778,0.00000,0.12074,0.00086,1.00000,1.00000,0.00000,0.00000,none
20.65000,89.99368,82.63328,1.03213,-0.00990,-0.00003,0.01025,-0.00382,60.00000,60.00000,157.36672,0.00000,0.12075,0.00085,1.00000,1.00000,0.00000,0.00000,none
20.65417,89.99368,82.63434,1.03198,-0.00990,-0.00003,0.01023,-0.00384,60.00000,60.00000,157.36566,0.00000,0.12075,0.00085,1.00000,1.00000,0.00000,0.00000,none
20.65833,89.99369,82.63539,1.03183,-0.00990,-0.00003,0.01022,-0.00387,60.00000,60.00000,157.36461,0.00000,0.12076,0.00085,1.00000,1.00000,0.00000,0.00000,none
20.66250,89.99370,82.63645,1.03168,-0.00991,-0.00003,0.01020,-0.00390,60.00000,60.00000,157.36355,0.00000,0.12076,0.00085,1.00000,1.00000,0.00000,0.00000,none
20.66667,89.99370,82.63751,1.03153,-0.00991,-0.00003,0.01019,-0.00392,60.00000,60.00000,157.36249,0.00000,0.12076,0.00085,1.00000,1.00000,0.00000,0.00000,none
20.67083,89.99371,82.63857,1.03139,-0.00991,-0.00003,0.01017,-0.00395,60.00000,60.00000,157.36143,0.00000,0.12077,0.00085,1.00000,1.00000,0.00000,0.00000,none
20.67500,89.99372,82.63962,1.03124,-0.00991,-0.00003,0.01015,-0.00398,60.00000,60.00000,157.36038,0.00000,0.12077,0.00085,1.00000,1.00000,0.00000,0.00000,none
20.67917,89.99373,82.64068,1.03109,-0.00991,-0.00003,0.01014,-0.00400,60.00000,60.00000,157.35932,0.00000,0.12078,0.00084,1.00000,1.00000,0.00000,0.00000,none
20.68333,89.99373,82.64174,1.03094,-0.00991,-0.00003,0.01012,-0.00403,60.00000,60.00000,157.35826,0.00000,0.12078,0.00084,1.00000,1.00000,0.00000,0.00000,none
20.68750,89.99374,82.64279,1.03079,-0.00991,-0.00003,0.01010,-0.00405,60.00000,60.00000,157.35721,0.00000,0.12079,0.00084,1.00000,1.00000,0.00000,0.00000,none
20.69167,89.99375,82.64385,1.03064,-0.00991,-0.00003,0.01009,-0.00408,60.00000,60.00000,157.35615,0.00000,0.12079,0.00084,1.00000,1.00000,0.00000,0.00000,none
20.69583,89.99375,82.64490,1.03049,-0.00991,-0.00003,0.01007,-0.00410,60.00000,60.00000,157.35510,0.00000,0.12079,0.00084,1.00000,1.00000,0.00000,0.00000,none
20.70000,89.99376,82.64596,1.03034,-0.00991,-0.00003,0.01005,-0.00412,60.00000,60.00000,157.35404,0.00000,0.12080,0.00084,1.00000,1.00000,0.00000,0.00000,none
20.70417,89.99377,82.64701,1.03019,-0.00992,-0.00003,0.01003,-0.00415,60.00000,60.00000,157.35299,0.00000,0.12080,0.00084,1.00000,1.00000,0.00000,0.00000,none
20.70833,89.99378,82.64807,1.03005,-0.00992,-0.00003,0.01002,-0.00417,60.00000,60.00000,157.35193,0.00000,0.12081,0.00083,1.00000,1.00000,0.00000,0.00000,none
20.71250,89.99378,82.64912,1.02990,-0.00992,-0.00003,0.01000,-0.00419,60.00000,60.00000,157.35088,0.00000,0.12081,0.00083,1.00000,1.00000,0.00000,0.00000,none
20.71667,89.99379,82.65018,1.02975,-0.00992,-0.00003,0.00998,-0.00421,60.00000,60.00000,157.34982,0.00000,0.12081,0.00083,1.00000,1.00000,0.00000,0.00000,none
20.72083,89.99380,82.65123,1.02960,-0.00992,-0.00003,0.00996,-0.00424,60.00000,60.00000,157.34877,0.00000,0.12082,0.00083,1.00000,1.00000,0.00000,0.00000,none
20.72500,89.99381,82.65229,1.02945,-0.00992,-0.00003,0.00995,-0.00426,60.00000,60.00000,157.34771,0.00000,0.12082,0.00083,1.00000,1.00000,0.00000,0.00000,none
20.72917,89.99381,82.65334,1.02930,-0.00992,-0.00003,0.00993,-0.00428,60.00000,60.00000,157.34666,0.00000,0.12083,0.00083,1.00000,1.00000,0.00000,0.00000,none
20.73333,89.99382,82.65439,1.02915,-0.00992,-0.00003,0.00991,-0.00430,60.00000,60.00000,157.34561,0.00000,0.12083,0.00083,1.00000,1.00000,0.00000,0.00000,none
20.73750,89.99383,82.65545,1.02901,-0.00992,-0.00003,0.00989,-0.00432,60.00000,60.00000,157.34455,0.00000,0.12083,0.00082,1.00000,1.00000,0.00000,0.00000,none
20.74167,89.99383,82.65650,1.02886,-0.00993,-0.00003,0.00987,-0.00434,60.00000,60.00000,157.34350,0.00000,0.12084,0.00082,1.00000,1.00000,0.00000,0.00000,none
20.74583,89.99384,82.65755,1.02871,-0.00993,-0.00003,0.00986,-0.00436,60.00000,60.00000,157.34245,0.00000,0.12084,0.00082,1.00000,1.00000,0.00000,0.00000,none
20.75000,89.99385,82.65860,1.02856,-0.00993,-0.00003,0.00984,-0.00438,60.00000,60.00000,157.34140,0.00000,0.12085,0.00082,1.00000,1.00000,0.00000,0.00000,none
20.75417,89.99386,82.65965,1.02841,-0.00993,-0.00003,0.00982,-0.00440,60.00000,60.00000,157.34035,0.00000,0.12085,0.00082,1.00000,1.00000,0.00000,0.00000,none
20.75833,89.99386,82.66071,1.02826,-0.00993,-0.00003,0.00980,-0.00442,60.00000,60.00000,157.33929,0.00000,0.12086,0.00082,1.00000,1.00000,0.00000,0.00000,none
20.76250,89.99387,82.66176,1.02812,-0.00993,-0.00003,0.00978,-0.00444,60.00000,60.00000,157.33824,0.00000,0.12086,0.00082,1.00000,1.00000,0.00000,0.00000,none
20.76667,89.99388,82.66281,1.02797,-0.00993,-0.00003,0.00976,-0.00445,60.00000,60.00000,157.33719,0.00000,0.12086,0.00081,1.00000,1.00000,0.00000,0.00000,none
20.77083,89.99389,82.66386,1.02782,-0.00993,-0.00003,0.00975,-0.00447,60.00000,60.00000,157.33614,0.00000,0.12087,0.00081,1.00000,1.00000,0.00000,0.00000,none
20.77500,89.99389,82.66491,1.02767,-0.00993,-0.00003,0.00973,-0.00449,60.00000,60.00000,157.33509,0.00000,0.12087,0.00081,1.00000,1.00000,0.00000,0.00000,none
20.77917,89.99390,82.66596,1.02752,-0.00994,-0.00003,0.00971,-0.00451,60.00000,60.00000,157.33404,0.00000,0.12088,0.00081,1.00000,1.00000,0.00000,0.00000,none
20.78333,89.99391,82.66701,1.02738,-0.00994,-0.00003,0.00969,-0.00452,60.00000,60.00000,157.33299,0.00000,0.12088,0.00081,1.00000,1.00000,0.00000,0.00000,none
20.78750,89.99391,82.66806,1.02723,-0.00994,-0.00003,0.00967,-0.00454,60.00000,60.00000,157.33194,0.00000,0.12088,0.00081,1.00000,1.00000,0.00000,0.00000,none
20.79167,89.99392,82.66911,1.02708,-0.00994,-0.00003,0.00965,-0.00455,60.00000,60.00000,157.33089,0.00000,0.12089,0.00080,1.00000,1.00000,0.00000,0.00000,none
20.79583,89.99393,82.67016,1.02693,-0.00994,-0.00003,0.00963,-0.00457,60.00000,60.00000,157.32984,0.00000,0.12089,0.00080,1.00000,1.00000,0.00000,0.00000,none
20.80000,89.99394,82.67121,1.02678,-0.00994,-0.00003,0.00961,-0.00458,60.00000,60.00000,157.32879,0.00000,0.12090,0.00080,1.00000,1.00000,0.00000,0.00000,none
20.80417,89.99394,82.67226,1.02664,-0.00994,-0.00003,0.00960,-0.00460,60.00000,60.00000,157.32774,0.00000,0.12090,0.00080,1.00000,1.00000,0.00000,0.00000,none
20.80833,89.99395,82.67331,1.02649,-0.00994,-0.00003,0.00958,-0.00461,60.00000,60.00000,157.32669,0.00000,0.12090,0.00080,1.00000,1.00000,0.00000,0.00000,none
20.81250,89.99396,82.67435,1.02634,-0.00994,-0.00003,0.00956,-0.00463,60.00000,60.00000,157.32565,0.00000,0.12091,0.00080,1.00000,1.00000,0.00000,0.00000,none
20.81667,89.99396,82.67540,1.02619,-0.00995,-0.00003,0.00954,-0.00464,60.00000,60.00000,157.32460,0.00000,0.12091,0.00079,1.00000,1.00000,0.00000,0.00000,none
20.82083,89.99397,82.67645,1.02605,-0.00995,-0.00003,0.00952,-0.00465,60.00000,60.00000,157.32355,0.00000,0.12092,0.00079,1.00000,1.00000,0.00000,0.00000,none
20.82500,89.99398,82.67750,1.02590,-0.00995,-0.00003,0.00950,-0.00467,60.00000,60.00000,157.32250,0.00000,0.12092,0.00079,1.00000,1.00000,0.00000,0.00000,none
20.82917,89.99399,82.67854,1.02575,-0.00995,-0.00003,0.00948,-0.00468,60.00000,60.00000,157.32146,0.00000,0.12092,0.00079,1.00000,1.00000,0.00000,0.00000,none
20.83333,89.99399,82.67959,1.02560,-0.00995,-0.00003,0.00946,-0.00469,60.00000,60.00000,157.32041,0.00000,0.12093,0.00079,1.00000,1.00000,0.00000,0.00000,none
20.83750,89.99400,82.68064,1.02546,-0.00995,-0.00003,0.00944,-0.00470,60.00000,60.00000,157.31936,0.00000,0.12093,0.00079,1.00000,1.00000,0.00000,0.00000,none
20.84167,89.99401,82.68168,1.02531,-0.00995,-0.00003,0.00942,-0.00471,60.00000,60.00000,157.31832,0.00000,0.12094,0.00079,1.00000,1.00000,0.00000,0.00000,none
20.84583,89.99402,82.68273,1.02516,-0.00995,-0.00003,0.00940,-0.00473,60.00000,60.00000,157.31727,0.00000,0.12094,0.00078,1.00000,1.00000,0.00000,0.00000,none
20.85000,89.99402,82.68378,1.02501,-0.00995,-0.00003,0.00938,-0.00474,60.00000,60.00000,157.31622,0.00000,0.12095,0.00078,1.00000,1.00000,0.00000,0.00000,none
20.85417,89.99403,82.68482,1.02487,-0.00996,-0.00003,0.00936,-0.00475,60.00000,60.00000,157.31518,0.00000,0.12095,0.00078,1.00000,1.00000,0.00000,0.00000,none
20.85833,89.99404,82.68587,1.02472,-0.00996,-0.00003,0.00934,-0.00476,60.00000,60.00000,157.31413,0.00000,0.12095,0.00078,1.00000,1.00000,0.00000,0.00000,none
20.86250,89.99404,82.68691,1.02457,-0.00996,-0.00003,0.00932,-0.00477,60.00000,60.00000,157.31309,0.00000,0.12096,0.00078,1.00000,1.00000,0.00000,0.00000,none
20.86667,89.99405,82.68796,1.02442,-0.00996,-0.00003,0.00930,-0.00478,60.00000,60.00000,157.31204,0.00000,0.12096,0.00078,1.00000,1.00000,0.00000,0.00000,none
20.87083,89.99406,82.68900,1.02428,-0.00996,-0.00003,0.00928,-0.00478,60.00000,60.00000,157.31100,0.00000,0.12097,0.00077,1.00000,1.00000,0.00000,0.00000,none
20.87500,89.99407,82.69004,1.02413,-0.00996,-0.00003,0.00926,-0.00479,60.00000,60.00000,157.30996,0.00000,0.12097,0.00077,1.00000,1.00000,0.00000,0.00000,none
20.87917,89.99407,82.69109,1.02398,-0.00996,-0.00003,0.00924,-0.00480,60.00000,60.00000,157.30891,0.00000,0.12097,0.00077,1.00000,1.00000,0.00000,0.00000,none
20.88333,89.99408,82.69213,1.02384,-0.00996,-0.00003,0.00922,-0.00481,60.00000,60.00000,157.30787,0.00000,0.12098,0.00077,1.00000,1.00000,0.00000,0.00000,none
20.88750,89.99409,82.69318,1.02369,-0.00996,-0.00003,0.00920,-0.00482,60.00000,60.00000,157.30682,0.00000,0.12098,0.00077,1.00000,1.00000,0.00000,0.00000,none
20.89167,89.99410,82.69422,1.02354,-0.00997,-0.00003,0.00918,-0.00482,60.00000,60.00000,157.30578,0.00000,0.12099,0.00077,1.00000,1.00000,0.00000,0.00000,none
20.89583,89.99410,82.69526,1.02340,-0.00997,-0.00003,0.00916,-0.00483,60.00000,60.00000,157.30474,0.00000,0.12099,0.00076,1.00000,1.00000,0.00000,0.00000,none
20.90000,89.99411,82.69630,1.02325,-0.00997,-0.00003,0.00914,-0.00484,60.00000,60.00000,157.30370,0.00000,0.12099,0.00076,1.00000,1.00000,0.00000,0.00000,none
20.90417,89.99412,82.69735,1.02310,-0.00997,-0.00003,0.00912,-0.00484,60.00000,60.00000,157.30265,0.00000,0.12100,0.00076,1.00000,1.00000,0.00000,0.00000,none
20.90833,89.99412,82.69839,1.02295,-0.00997,-0.00003,0.00910,-0.00485,60.00000,60.00000,157.30161,0.00000,0.12100,0.00076,1.00000,1.00000,0.00000,0.00000,none
20.91250,89.99413,82.69943,1.02281,-0.00997,-0.00003,0.00908,-0.00485,60.00000,60.00000,157.30057,0.00000,0.12101,0.00076,1.00000,1.00000,0.00000,0.00000,none
20.91667,89.99414,82.70047,1.02266,-0.00997,-0.00003,0.00906,-0.00486,60.00000,60.00000,157.29953,0.00000,0.12101,0.00076,1.00000,1.00000,0.00000,0.00000,none
20.92083,89.99415,82.70151,1.02251,-0.00997,-0.00003,0.00904,-0.00486,60.00000,60.00000,157.29849,0.00000,0.12101,0.00075,1.00000,1.00000,0.00000,0.00000,none
20.92500,89.99415,82.70255,1.02237,-0.00997,-0.00003,0.00902,-0.00487,60.00000,60.00000,157.29745,0.00000,0.12102,0.00075,1.00000,1.00000,0.00000,0.00000,none
20.92917,89.99416,82.70360,1.02222,-0.00998,-0.00003,0.00900,-0.00487,60.00000,60.00000,157.29640,0.00000,0.12102,0.00075,1.00000,1.00000,0.00000,0.00000,none
20.93333,89.99417,82.70464,1.02207,-0.00998,-0.00003,0.00898,-0.00488,60.00000,60.00000,157.29536,0.00000,0.12103,0.00075,1.00000,1.00000,0.00000,0.00000,none
20.93750,89.99418,82.70568,1.02193,-0.00998,-0.00003,0.00896,-0.00488,60.00000,60.00000,157.29432,0.00000,0.12103,0.00075,1.00000,1.00000,0.00000,0.00000,none
20.94167,89.99418,82.70672,1.02178,-0.00998,-0.00003,0.00894,-0.00488,60.00000,60.00000,157.29328,0.00000,0.12104,0.00074,1.00000,1.00000,0.00000,0.00000,none
20.94583,89.99419,82.70776,1.02163,-0.00998,-0.00003,0.00892,-0.00489,60.00000,60.00000,157.29224,0.00000,0.12104,0.00074,1.00000,1.00000,0.00000,0.00000,none
20.95000,89.99420,82.70880,1.02149,-0.00998,-0.00003,0.00890,-0.00489,60.00000,60.00000,157.29120,0.00000,0.12104,0.00074,1.00000,1.00000,0.00000,0.00000,none
20.95417,89.99421,82.70983,1.02134,-0.00998,-0.00003,0.00888,-0.00489,60.00000,60.00000,157.29017,0.00000,0.12105,0.00074,1.00000,1.00000,0.00000,0.00000,none
20.95833,89.99421,82.71087,1.02120,-0.00998,-0.00003,0.00886,-0.00489,60.00000,60.00000,157.28913,0.00000,0.12105,0.00074,1.00000,1.00000,0.00000,0.00000,none
20.96250,89.99422,82.71191,1.02105,-0.00998,-0.00003,0.00884,-0.00489,60.00000,60.00000,157.28809,0.00000,0.12106,0.00074,1.00000,1.00000,0.00000,0.00000,none
20.96667,89.99423,82.71295,1.02090,-0.00999,-0.00003,0.00882,-0.00489,60.00000,60.00000,157.28705,0.00000,0.12106,0.00073,1.00000,1.00000,0.00000,0.00000,none
20.97083,89.99423,82.71399,1.02076,-0.00999,-0.00003,0.00880,-0.00489,60.00000,60.00000,157.28601,0.00000,0.12106,0.00073,1.00000,1.00000,0.00000,0.00000,none
20.97500,89.99424,82.71503,1.02061,-0.00999,-0.00003,0.00878,-0.00489,60.00000,60.00000,157.28497,0.00000,0.12107,0.00073,1.00000,1.00000,0.00000,0.00000,none
20.97917,89.99425,82.71606,1.02046,-0.00999,-0.00003,0.00876,-0.00489,60.00000,60.00000,157.28394,0.00000,0.12107,0.00073,1.00000,1.00000,0.00000,0.00000,none
20.98333,89.99426,82.71710,1.02032,-0.00999,-0.00003,0.00874,-0.00489,60.00000,60.00000,157.28290,0.00000,0.12108,0.00073,1.00000,1.00000,0.00000,0.00000,none
20.98750,89.99426,82.71814,1.02017,-0.00999,-0.00003,0.00871,-0.00489,60.00000,60.00000,157.28186,0.00000,0.12108,0.00073,1.00000,1.00000,0.00000,0.00000,none
20.99167,89.99427,82.71918,1.02003,-0.00999,-0.00003,0.00869,-0.00489,60.00000,60.00000,157.28082,0.00000,0.12108,0.00072,1.00000,1.00000,0.00000,0.00000,none
20.99583,89.99428,82.72021,1.01988,-0.00999,-0.00003,0.00867,-0.00489,60.00000,60.00000,157.27979,0.00000,0.12109,0.00072,1.00000,1.00000,0.00000,0.00000,none
21.00000,89.99429,82.72125,1.01973,-0.00999,-0.00003,0.00865,-0.00489,60.00000,60.00000,157.27875,0.00000,0.12109,0.00072,1.00000,1.00000,0.00000,0.00000,none
21.00417,89.99429,82.72229,1.01959,-0.00999,-0.00003,0.00863,-0.00489,60.00000,60.00000,157.27771,0.00000,0.12110,0.00072,1.00000,1.00000,0.00000,0.00000,none
21.00833,89.99430,82.72332,1.01944,-0.01000,-0.00003,0.00861,-0.00488,60.00000,60.00000,157.27668,0.00000,0.12110,0.00072,1.00000,1.00000,0.00000,0.00000,none
21.01250,89.99431,82.72436,1.01930,-0.01000,-0.00003,0.00859,-0.00488,60.00000,60.00000,157.27564,0.00000,0.12110,0.00072,1.00000,1.00000,0.00000,0.00000,none
21.01667,89.99432,82.72539,1.01915,-0.01000,-0.00003,0.00857,-0.00488,60.00000,60.00000,157.27461,0.00000,0.12111,0.00071,1.00000,1.00000,0.00000,0.00000,none
21.02083,89.99432,82.72643,1.01900,-0.01000,-0.00003,0.00855,-0.00488,60.00000,60.00000,157.27357,0.00000,0.12111,0.00071,1.00000,1.00000,0.00000,0.00000,none
21.02500,89.99433,82.72746,1.01886,-0.01000,-0.00003,0.00853,-0.00487,60.00000,60.00000,157.27254,0.00000,0.12112,0.00071,1.00000,1.00000,0.00000,0.00000,none
21.02917,89.99434,82.72850,1.01871,-0.01000,-0.00003,0.00851,-0.00487,60.00000,60.00000,157.27150,0.00000,0.12112,0.00071,1.00000,1.00000,0.00000,0.00000,none
21.03333,89.99434,82.72953,1.01857,-0.01000,-0.00003,0.00849,-0.00486,60.00000,60.00000,157.27047,0.00000,0.12112,0.00071,1.00000,1.00000,0.00000,0.00000,none
21.03750,89.99435,82.73057,1.01842,-0.01000,-0.00003,0.00847,-0.00486,60.00000,60.00000,157.26943,0.00000,0.12113,0.00071,1.00000,1.00000,0.00000,0.00000,none
21.04167,89.99436,82.73160,1.01828,-0.01000,-0.00003,0.00845,-0.00485,60.00000,60.00000,157.26840,0.00000,0.12113,0.00070,1.00000,1.00000,0.00000,0.00000,none
21.04583,89.99437,82.73263,1.01813,-0.01001,-0.00003,0.00843,-0.00485,60.00000,60.00000,157.26737,0.00000,0.12114,0.00070,1.00000,1.00000,0.00000,0.00000,none
21.05000,89.99437,82.73367,1.01798,-0.01001,-0.00003,0.00841,-0.00484,60.00000,60.00000,157.26633,0.00000,0.12114,0.00070,1.00000,1.00000,0.00000,0.00000,none
21.05417,89.99438,82.73470,1.01784,-0.01001,-0.00003,0.00839,-0.00484,60.00000,60.00000,157.26530,0.00000,0.12115,0.00070,1.00000,1.00000,0.00000,0.00000,none
21.05833,89.99439,82.73573,1.01769,-0.01001,-0.00003,0.00837,-0.00483,60.00000,60.00000,157.26427,0.00000,0.12115,0.00070,1.00000,1.00000,0.00000,0.00000,none
21.06250,89.99440,82.73676,1.01755,-0.01001,-0.00003,0.00835,-0.00482,60.00000,60.00000,157.26324,0.00000,0.12115,0.00070,1.00000,1.00000,0.00000,0.00000,none
21.06667,89.99440,82.73780,1.01740,-0.01001,-0.00003,0.00833,-0.00482,60.00000,60.00000,157.26220,0.00000,0.12116,0.00069,1.00000,1.00000,0.00000,0.00000,none
21.07083,89.99441,82.73883,1.01726,-0.01001,-0.00003,0.00831,-0.00481,60.00000,60.00000,157.26117,0.00000,0.12116,0.00069,1.00000,1.00000,0.00000,0.00000,none
21.07500,89.99442,82.73986,1.01711,-0.01001,-0.00003,0.00829,-0.00480,60.00000,60.00000,157.26014,0.00000,0.12117,0.00069,1.00000,1.00000,0.00000,0.00000,none
21.07917,89.99443,82.74089,1.01697,-0.01001,-0.00003,0.00827,-0.00480,60.00000,60.00000,157.25911,0.00000,0.12117,0.00069,1.00000,1.00000,0.00000,0.00000,none
21.08333,89.99443,82.74192,1.01682,-0.01002,-0.00003,0.00825,-0.00479,60.00000,60.00000,157.25808,0.00000,0.12117,0.00069,1.00000,1.00000,0.00000,0.00000,none
21.08750,89.99444,82.74295,1.01668,-0.01002,-0.00003,0.00823,-0.00478,60.00000,60.00000,157.25705,0.00000,0.12118,0.00069,1.00000,1.00000,0.00000,0.00000,none
21.09167,89.99445,82.74399,1.01653,-0.01002,-0.00003,0.00821,-0.00477,60.00000,60.00000,157.25601,0.00000,0.12118,0.00068,1.00000,1.00000,0.00000,0.00000,none
21.09583,89.99445,82.74502,1.01639,-0.01002,-0.00003,0.00819,-0.00476,60.00000,60.00000,157.25498,0.00000,0.12119,0.00068,1.00000,1.00000,0.00000,0.00000,none
21.10000,89.99446,82.74605,1.01624,-0.01002,-0.00003,0.00817,-0.00475,60.00000,60.00000,157.25395,0.00000,0.12119,0.00068,1.00000,1.00000,0.00000,0.00000,none
21.10417,89.99447,82.74708,1.01610,-0.01002,-0.00003,0.00815,-0.00474,60.00000,60.00000,157.25292,0.00000,0.12119,0.00068,1.00000,1.00000,0.00000,0.00000,none
21.10833,89.99448,82.74811,1.01595,-0.01002,-0.00003,0.00813,-0.00473,60.00000,60.00000,157.25189,0.00000,0.12120,0.00068,1.00000,1.00000,0.00000,0.00000,none
21.11250,89.99448,82.74913,1.01581,-0.01002,-0.00003,0.00811,-0.00472,60.00000,60.00000,157.25087,0.00000,0.12120,0.00068,1.00000,1.00000,0.00000,0.00000,none
21.11667,89.99449,82.75016,1.01566,-0.01002,-0.00003,0.00809,-0.00471,60.00000,60.00000,157.24984,0.00000,0.12121,0.00067,1.00000,1.00000,0.00000,0.00000,none
21.12083,89.99450,82.75119,1.01552,-0.01003,-0.00003,0.00807,-0.00470,60.00000,60.00000,157.24881,0.00000,0.12121,0.00067,1.00000,1.00000,0.00000,0.00000,none
21.12500,89.99451,82.75222,1.01537,-0.01003,-0.00003,0.00805,-0.00469,60.00000,60.00000,157.24778,0.00000,0.12121,0.00067,1.00000,1.00000,0.00000,0.00000,none
21.12917,89.99451,82.75325,1.01523,-0.01003,-0.00003,0.00803,-0.00468,60.00000,60.00000,157.24675,0.00000,0.12122,0.00067,1.00000,1.00000,0.00000,0.00000,none
21.13333,89.99452,82.75428,1.01508,-0.01003,-0.00003,0.00801,-0.00467,60.00000,60.00000,157.24572,0.00000,0.12122,0.00067,1.00000,1.00000,0.00000,0.00000,none
21.13750,89.99453,82.75531,1.01494,-0.01003,-0.00003,0.00799,-0.00466,60.00000,60.00000,157.24469,0.00000,0.12123,0.00067,1.00000,1.00000,0.00000,0.00000,none
21.14167,89.99454,82.75633,1.01479,-0.01003,-0.00003,0.00797,-0.00464,60.00000,60.00000,157.24367,0.00000,0.12123,0.00066,1.00000,1.00000,0.00000,0.00000,none
21.14583,89.99454,82.75736,1.01465,-0.01003,-0.00003,0.00795,-0.00463,60.00000,60.00000,157.24264,0.00000,0.12123,0.00066,1.00000,1.00000,0.00000,0.00000,none
21.15000,89.99455,82.75839,1.01450,-0.01003,-0.00003,0.00794,-0.00462,60.00000,60.00000,157.24161,0.00000,0.12124,0.00066,1.00000,1.00000,0.00000,0.00000,none
21.15417,89.99456,82.75942,1.01436,-0.01003,-0.00003,0.00792,-0.00461,60.00000,60.00000,157.24058,0.00000,0.12124,0.00066,1.00000,1.00000,0.00000,0.00000,none
21.15833,89.99456,82.76044,1.01421,-0.01004,-0.00003,0.00790,-0.00459,60.00000,60.00000,157.23956,0.00000,0.12125,0.00066,1.00000,1.00000,0.00000,0.00000,none
21.16250,89.99457,82.76147,1.01407,-0.01004,-0.00003,0.00788,-0.00458,60.00000,60.00000,157.23853,0.00000,0.12125,0.00066,1.00000,1.00000,0.00000,0.00000,none
21.16667,89.99458,82.76249,1.01392,-0.01004,-0.00003,0.00786,-0.00456,60.00000,60.00000,157.23751,0.00000,0.12125,0.00065,1.00000,1.00000,0.00000,0.00000,none
21.17083,89.99459,82.76352,1.01378,-0.01004,-0.00003,0.00784,-0.00455,60.00000,60.00000,157.23648,0.00000,0.12126,0.00065,1.00000,1.00000,0.00000,0.00000,none
21.17500,89.99459,82.76455,1.01364,-0.01004,-0.00003,0.00782,-0.00454,60.00000,60.00000,157.23545,0.00000,0.12126,0.00065,1.00000,1.00000,0.00000,0.00000,none
21.17917,89.99460,82.76557,1.01349,-0.01004,-0.00003,0.00780,-0.00452,60.00000,60.00000,157.23443,0.00000,0.12127,0.00065,1.00000,1.00000,0.00000,0.00000,none
21.18333,89.99461,82.76660,1.01335,-0.01004,-0.00003,0.00778,-0.00451,60.00000,60.00000,157.23340,0.00000,0.12127,0.00065,1.00000,1.00000,0.00000,0.00000,none
21.18750,89.99462,82.76762,1.01320,-0.01004,-0.00003,0.00776,-0.00449,60.00000,60.00000,157.23238,0.00000,0.12128,0.00065,1.00000,1.00000,0.00000,0.00000,none
21.19167,89.99462,82.76865,1.01306,-0.01004,-0.00003,0.00775,-0.00448,60.00000,60.00000,157.23135,0.00000,0.12128,0.00065,1.00000,1.00000,0.00000,0.00000,none
21.19583,89.99463,82.76967,1.01291,-0.01005,-0.00003,0.00773,-0.00446,60.00000,60.00000,157.23033,0.00000,0.12128,0.00064,1.00000,1.00000,0.00000,0.00000,none
21.20000,89.99464,82.77069,1.01277,-0.01005,-0.00003,0.00771,-0.00444,60.00000,60.00000,157.22931,0.00000,0.12129,0.00064,1.00000,1.00000,0.00000,0.00000,none
21.20417,89.99465,82.77172,1.01263,-0.01005,-0.00003,0.00769,-0.00443,60.00000,60.00000,157.22828,0.00000,0.12129,0.00064,1.00000,1.00000,0.00000,0.00000,none
21.20833,89.99465,82.77274,1.01248,-0.01005,-0.00003,0.00767,-0.00441,60.00000,60.00000,157.22726,0.00000,0.12130,0.00064,1.00000,1.00000,0.00000,0.00000,none
21.21250,89.99466,82.77377,1.01234,-0.01005,-0.00003,0.00765,-0.00439,60.00000,60.00000,157.22623,0.00000,0.12130,0.00064,1.00000,1.00000,0.00000,0.00000,none
21.21667,89.99467,82.77479,1.01219,-0.01005,-0.00003,0.00764,-0.00438,60.00000,60.00000,157.22521,0.00000,0.12130,0.00064,1.00000,1.00000,0.00000,0.00000,none
21.22083,89.99468,82.77581,1.01205,-0.01005,-0.00003,0.00762,-0.00436,60.00000,60.00000,157.22419,0.00000,0.12131,0.00063,1.00000,1.00000,0.00000,0.00000,none
21.22500,89.99468,82.77683,1.01190,-0.01005,-0.00003,0.00760,-0.00434,60.00000,60.00000,157.22317,0.00000,0.12131,0.00063,1.00000,1.00000,0.00000,0.00000,none
21.22917,89.99469,82.77786,1.01176,-0.01005,-0.00003,0.00758,-0.00433,60.00000,60.00000,157.22214,0.00000,0.12132,0.00063,1.00000,1.00000,0.00000,0.00000,none
21.23333,89.99470,82.77888,1.01162,-0.01006,-0.00003,0.00756,-0.00431,60.00000,60.00000,157.22112,0.00000,0.12132,0.00063,1.00000,1.00000,0.00000,0.00000,none
21.23750,89.99471,82.77990,1.01147,-0.01006,-0.00003,0.00755,-0.00429,60.00000,60.00000,157.22010,0.00000,0.12132,0.00063,1.00000,1.00000,0.00000,0.00000,none
21.24167,89.99471,82.78092,1.01133,-0.01006,-0.00003,0.00753,-0.00427,60.00000,60.00000,157.21908,0.00000,0.12133,0.00063,1.00000,1.00000,0.00000,0.00000,none
21.24583,89.99472,82.78194,1.01119,-0.01006,-0.00003,0.00751,-0.00425,60.00000,60.00000,157.21806,0.00000,0.12133,0.00063,1.00000,1.00000,0.00000,0.00000,none
21.25000,89.99473,82.78296,1.01104,-0.01006,-0.00003,0.00749,-0.00423,60.00000,60.00000,157.21704,0.00000,0.12134,0.00062,1.00000,1.00000,0.00000,0.00000,none
21.25417,89.99473,82.78398,1.01090,-0.01006,-0.00003,0.00747,-0.00421,60.00000,60.00000,157.21602,0.00000,0.12134,0.00062,1.00000,1.00000,0.00000,0.00000,none
21.25833,89.99474,82.78500,1.01075,-0.01006,-0.00003,0.00746,-0.00420,60.00000,60.00000,157.21500,0.00000,0.12134,0.00062,1.00000,1.00000,0.00000,0.00000,none
21.26250,89.99475,82.78603,1.01061,-0.01006,-0.00003,0.00744,-0.00418,60.00000,60.00000,157.21397,0.00000,0.12135,0.00062,1.00000,1.00000,0.00000,0.00000,none
21.26667,89.99476,82.78705,1.01047,-0.01006,-0.00003,0.00742,-0.00416,60.00000,60.00000,157.21295,0.00000,0.12135,0.00062,1.00000,1.00000,0.00000,0.00000,none
21.27083,89.99476,82.78806,1.01032,-0.01007,-0.00003,0.00740,-0.00414,60.00000,60.00000,157.21194,0.00000,0.12136,0.00062,1.00000,1.00000,0.00000,0.00000,none
21.27500,89.99477,82.78908,1.01018,-0.01007,-0.00003,0.00739,-0.00412,60.00000,60.00000,157.21092,0.00000,0.12136,0.00062,1.00000,1.00000,0.00000,0.00000,none
21.27917,89.99478,82.79010,1.01004,-0.01007,-0.00003,0.00737,-0.00409,60.00000,60.00000,157.20990,0.00000,0.12136,0.00061,1.00000,1.00000,0.00000,0.00000,none
21.28333,89.99479,82.79112,1.00989,-0.01007,-0.00003,0.00735,-0.00407,60.00000,60.00000,157.20888,0.00000,0.12137,0.00061,1.00000,1.00000,0.00000,0.00000,none
21.28750,89.99479,82.79214,1.00975,-0.01007,-0.00003,0.00734,-0.00405,60.00000,60.00000,157.20786,0.00000,0.12137,0.00061,1.00000,1.00000,0.00000,0.00000,none
21.29167,89.99480,82.79316,1.00961,-0.01007,-0.00003,0.00732,-0.00403,60.00000,60.00000,157.20684,0.00000,0.12138,0.00061,1.00000,1.00000,0.00000,0.00000,none
21.29583,89.99481,82.79418,1.00946,-0.01007,-0.00003,0.00730,-0.00401,60.00000,60.00000,157.20582,0.00000,0.12138,0.00061,1.00000,1.00000,0.00000,0.00000,none
21.30000,89.99482,82.79520,1.00932,-0.01007,-0.00003,0.00729,-0.00399,60.00000,60.00000,157.20480,0.00000,0.12138,0.00061,1.00000,1.00000,0.00000,0.00000,none
21.30417,89.99482,82.79621,1.00918,-0.01007,-0.00003,0.00727,-0.00397,60.00000,60.00000,157.20379,0.00000,0.12139,0.00061,1.00000,1.00000,0.00000,0.00000,none
21.30833,89.99483,82.79723,1.00903,-0.01007,-0.00003,0.00725,-0.00395,60.00000,60.00000,157.20277,0.00000,0.12139,0.00060,1.00000,1.00000,0.00000,0.00000,none
21.31250,89.99484,82.79825,1.00889,-0.01008,-0.00003,0.00724,-0.00392,60.00000,60.00000,157.20175,0.00000,0.12140,0.00060,1.00000,1.00000,0.00000,0.00000,none
21.31667,89.99485,82.79927,1.00875,-0.01008,-0.00003,0.00722,-0.00390,60.00000,60.00000,157.20073,0.00000,0.12140,0.00060,1.00000,1.00000,0.00000,0.00000,none
21.32083,89.99485,82.80028,1.00860,-0.01008,-0.00003,0.00720,-0.00388,60.00000,60.00000,157.19972,0.00000,0.12140,0.00060,1.00000,1.00000,0.00000,0.00000,none
21.32500,89.99486,82.80130,1.00846,-0.01008,-0.00003,0.00719,-0.00386,60.00000,60.00000,157.19870,0.00000,0.12141,0.00060,1.00000,1.00000,0.00000,0.00000,none
21.32917,89.99487,82.80232,1.00832,-0.01008,-0.00003,0.00717,-0.00383,60.00000,60.00000,157.19768,0.00000,0.12141,0.00060,1.00000,1.00000,0.00000,0.00000,none
21.33333,89.99488,82.80333,1.00817,-0.01008,-0.00003,0.00716,-0.00381,60.00000,60.00000,157.19667,0.00000,0.12142,0.00060,1.00000,1.00000,0.00000,0.00000,none
21.33750,89.99488,82.80435,1.00803,-0.01008,-0.00003,0.00714,-0.00379,60.00000,60.00000,157.19565,0.00000,0.12142,0.00060,1.00000,1.00000,0.00000,0.00000,none
21.34167,89.99489,82.80536,1.00789,-0.01008,-0.00003,0.00712,-0.00376,60.00000,60.00000,157.19464,0.00000,0.12142,0.00059,1.00000,1.00000,0.00000,0.00000,none
21.34583,89.99490,82.80638,1.00775,-0.01008,-0.00003,0.00711,-0.00374,60.00000,60.00000,157.19362,0.00000,0.12143,0.00059,1.00000,1.00000,0.00000,0.00000,none
21.35000,89.99491,82.80739,1.00760,-0.01009,-0.00003,0.00709,-0.00372,60.00000,60.00000,157.19261,0.00000,0.12143,0.00059,1.00000,1.00000,0.00000,0.00000,none
21.35417,89.99491,82.80841,1.00746,-0.01009,-0.00003,0.00708,-0.00369,60.00000,60.00000,157.19159,0.00000,0.12144,0.00059,1.00000,1.00000,0.00000,0.00000,none
21.35833,89.99492,82.80942,1.00732,-0.01009,-0.00003,0.00706,-0.00367,60.00000,60.00000,157.19058,0.00000,0.12144,0.00059,1.00000,1.00000,0.00000,0.00000,none
21.36250,89.99493,82.81044,1.00717,-0.01009,-0.00003,0.00705,-0.00364,60.00000,60.00000,157.18956,0.00000,0.12145,0.00059,1.00000,1.00000,0.00000,0.00000,none
21.36667,89.99494,82.81145,1.00703,-0.01009,-0.00003,0.00703,-0.00362,60.00000,60.00000,157.18855,0.00000,0.12145,0.00059,1.00000,1.00000,0.00000,0.00000,none
21.37083,89.99494,82.81246,1.00689,-0.01009,-0.00003,0.00702,-0.00359,60.00000,60.00000,157.18754,0.00000,0.12145,0.00058,1.00000,1.00000,0.00000,0.00000,none
21.37500,89.99495,82.81348,1.00675,-0.01009,-0.00003,0.00700,-0.00357,60.00000,60.00000,157.18652,0.00000,0.12146,0.00058,1.00000,1.00000,0.00000,0.00000,none
21.37917,89.99496,82.81449,1.00660,-0.01009,-0.00003,0.00699,-0.00354,60.00000,60.00000,157.18551,0.00000,0.12146,0.00058,1.00000,1.00000,0.00000,0.00000,none
21.38333,89.99497,82.81550,1.00646,-0.01009,-0.00003,0.00697,-0.00352,60.00000,60.00000,157.18450,0.00000,0.12147,0.00058,1.00000,1.00000,0.00000,0.00000,none
21.38750,89.99497,82.81652,1.00632,-0.01010,-0.00003,0.00696,-0.00349,60.00000,60.00000,157.18348,0.00000,0.12147,0.00058,1.00000,1.00000,0.00000,0.00000,none
21.39167,89.99498,82.81753,1.00618,-0.01010,-0.00003,0.00694,-0.00347,60.00000,60.00000,157.18247,0.00000,0.12147,0.00058,1.00000,1.00000,0.00000,0.00000,none
21.39583,89.99499,82.81854,1.00603,-0.01010,-0.00003,0.00693,-0.00344,60.00000,60.00000,157.18146,0.00000,0.12148,0.00058,1.00000,1.00000,0.00000,0.00000,none
21.40000,89.99500,82.81955,1.00589,-0.01010,-0.00003,0.00691,-0.00341,60.00000,60.00000,157.18045,0.00000,0.12148,0.00058,1.00000,1.00000,0.00000,0.00000,none
21.40417,89.99500,82.82057,1.00575,-0.01010,-0.00003,0.00690,-0.00339,60.00000,60.00000,157.17943,0.00000,0.12149,0.00058,1.00000,1.00000,0.00000,0.00000,none
21.40833,89.99501,82.82158,1.00561,-0.01010,-0.00003,0.00689,-0.00336,60.00000,60.00000,157.17842,0.00000,0.12149,0.00057,1.00000,1.00000,0.00000,0.00000,none
21.41250,89.99502,82.82259,1.00546,-0.01010,-0.00003,0.00687,-0.00334,60.00000,60.00000,157.17741,0.00000,0.12149,0.00057,1.00000,1.00000,0.00000,0.00000,none
21.41667,89.99502,82.82360,1.00532,-0.01010,-0.00003,0.00686,-0.00331,60.00000,60.00000,157.17640,0.00000,0.12150,0.00057,1.00000,1.00000,0.00000,0.00000,none
21.42083,89.99503,82.82461,1.00518,-0.01010,-0.00003,0.00685,-0.00328,60.00000,60.00000,157.17539,0.00000,0.12150,0.00057,1.00000,1.00000,0.00000,0.00000,none
21.42500,89.99504,82.82562,1.00504,-0.01011,-0.00003,0.00683,-0.00326,60.00000,60.00000,157.17438,0.00000,0.12151,0.00057,1.00000,1.00000,0.00000,0.00000,none
21.42917,89.99505,82.82663,1.00489,-0.01011,-0.00003,0.00682,-0.00323,60.00000,60.00000,157.17337,0.00000,0.12151,0.00057,1.00000,1.00000,0.00000,0.00000,none
21.43333,89.99505,82.82764,1.00475,-0.01011,-0.00003,0.00680,-0.00320,60.00000,60.00000,157.17236,0.00000,0.12151,0.00057,1.00000,1.00000,0.00000,0.00000,none
21.43750,89.99506,82.82865,1.00461,-0.01011,-0.00003,0.00679,-0.00317,60.00000,60.00000,157.17135,0.00000,0.12152,0.00057,1.00000,1.00000,0.00000,0.00000,none
21.44167,89.99507,82.82966,1.00447,-0.01011,-0.00003,0.00678,-0.00315,60.00000,60.00000,157.17034,0.00000,0.12152,0.00056,1.00000,1.00000,0.00000,0.00000,none
21.44583,89.99508,82.83067,1.00433,-0.01011,-0.00003,0.00677,-0.00312,60.00000,60.00000,157.16933,0.00000,0.12153,0.00056,1.00000,1.00000,0.00000,0.00000,none
21.45000,89.99508,82.83168,1.00418,-0.01011,-0.00003,0.00675,-0.00309,60.00000,60.00000,157.16832,0.00000,0.12153,0.00056,1.00000,1.00000,0.00000,0.00000,none
21.45417,89.99509,82.83269,1.00404,-0.01011,-0.00003,0.00674,-0.00306,60.00000,60.00000,157.16731,0.00000,0.12153,0.00056,1.00000,1.00000,0.00000,0.00000,none
21.45833,89.99510,82.83370,1.00390,-0.01011,-0.00003,0.00673,-0.00304,60.00000,60.00000,157.16630,0.00000,0.12154,0.00056,1.00000,1.00000,0.00000,0.00000,none
21.46250,89.99511,82.83470,1.00376,-0.01012,-0.00003,0.00671,-0.00301,60.00000,60.00000,157.16530,0.00000,0.12154,0.00056,1.00000,1.00000,0.00000,0.00000,none
21.46667,89.99511,82.83571,1.00362,-0.01012,-0.00003,0.00670,-0.00298,60.00000,60.00000,157.16429,0.00000,0.12155,0.00056,1.00000,1.00000,0.00000,0.00000,none
21.47083,89.99512,82.83672,1.00347,-0.01012,-0.00003,0.00669,-0.00295,60.00000,60.00000,157.16328,0.00000,0.12155,0.00056,1.00000,1.00000,0.00000,0.00000,none
21.47500,89.99513,82.83773,1.00333,-0.01012,-0.00003,0.00668,-0.00292,60.00000,60.00000,157.16227,0.00000,0.12155,0.00056,1.00000,1.00000,0.00000,0.00000,none
21.47917,89.99514,82.83873,1.00319,-0.01012,-0.00003,0.00666,-0.00290,60.00000,60.00000,157.16127,0.00000,0.12156,0.00056,1.00000,1.00000,0.00000,0.00000,none
21.48333,89.99514,82.83974,1.00305,-0.01012,-0.00003,0.00665,-0.00287,60.00000,60.00000,157.16026,0.00000,0.12156,0.00055,1.00000,1.00000,0.00000,0.00000,none
21.48750,89.99515,82.84075,1.00291,-0.01012,-0.00003,0.00664,-0.00284,60.00000,60.00000,157.15925,0.00000,0.12157,0.00055,1.00000,1.00000,0.00000,0.00000,none
21.49167,89.99516,82.84175,1.00277,-0.01012,-0.00003,0.00663,-0.00281,60.00000,60.00000,157.15825,0.00000,0.12157,0.00055,1.00000,1.00000,0.00000,0.00000,none
21.49583,89.99517,82.84276,1.00262,-0.01012,-0.00003,0.00662,-0.00278,60.00000,60.00000,157.15724,0.00000,0.12157,0.00055,1.00000,1.00000,0.00000,0.00000,none
21.50000,89.99517,82.84377,1.00248,-0.01013,-0.00003,0.00661,-0.00275,60.00000,60.00000,157.15623,0.00000,0.12158,0.00055,1.00000,1.00000,0.00000,0.00000,none
21.50417,89.99518,82.84477,1.00234,-0.01013,-0.00003,0.00659,-0.00272,60.00000,60.00000,157.15523,0.00000,0.12158,0.00055,1.00000,1.00000,0.00000,0.00000,none
21.50833,89.99519,82.84578,1.00220,-0.01013,-0.00003,0.00658,-0.00269,60.00000,60.00000,157.15422,0.00000,0.12159,0.00055,1.00000,1.00000,0.00000,0.00000,none
21.51250,89.99520,82.84678,1.00206,-0.01013,-0.00003,0.00657,-0.00266,60.00000,60.00000,157.15322,0.00000,0.12159,0.00055,1.00000,1.00000,0.00000,0.00000,none
21.51667,89.99520,82.84779,1.00192,-0.01013,-0.00003,0.00656,-0.00263,60.00000,60.00000,157.15221,0.00000,0.12159,0.00055,1.00000,1.00000,0.00000,0.00000,none
21.52083,89.99521,82.84879,1.00177,-0.01013,-0.00003,0.00655,-0.00260,60.00000,60.00000,157.15121,0.00000,0.12160,0.00055,1.00000,1.00000,0.00000,0.00000,none
21.52500,89.99522,82.84980,1.00163,-0.01013,-0.00003,0.00654,-0.00257,60.00000,60.00000,157.15020,0.00000,0.12160,0.00054,1.00000,1.00000,0.00000,0.00000,none
21.52917,89.99523,82.85080,1.00149,-0.01013,-0.00003,0.00653,-0.00254,60.00000,60.00000,157.14920,0.00000,0.12161,0.00054,1.00000,1.00000,0.00000,0.00000,none
21.53333,89.99523,82.85181,1.00135,-0.01013,-0.00003,0.00652,-0.00252,60.00000,60.00000,157.14819,0.00000,0.12161,0.00054,1.00000,1.00000,0.00000,0.00000,none
21.53750,89.99524,82.85281,1.00121,-0.01014,-0.00003,0.00651,-0.00249,60.00000,60.00000,157.14719,0.00000,0.12161,0.00054,1.00000,1.00000,0.00000,0.00000,none
21.54167,89.99525,82.85381,1.00107,-0.01014,-0.00003,0.00650,-0.00246,60.00000,60.00000,157.14619,0.00000,0.12162,0.00054,1.00000,1.00000,0.00000,0.00000,none
21.54583,89.99526,82.85482,1.00093,-0.01014,-0.00003,0.00649,-0.00243,60.00000,60.00000,157.14518,0.00000,0.12162,0.00054,1.00000,1.00000,0.00000,0.00000,none
21.55000,89.99526,82.85582,1.00079,-0.01014,-0.00003,0.00648,-0.00240,60.00000,60.00000,157.14418,0.00000,0.12163,0.00054,1.00000,1.00000,0.00000,0.00000,none
21.55417,89.99527,82.85682,1.00064,-0.01014,-0.00003,0.00647,-0.00236,60.00000,60.00000,157.14318,0.00000,0.12163,0.00054,1.00000,1.00000,0.00000,0.00000,none
21.55833,89.99528,82.85783,1.00050,-0.01014,-0.00003,0.00646,-0.00233,60.00000,60.00000,157.14217,0.00000,0.12163,0.00054,1.00000,1.00000,0.00000,0.00000,none
21.56250,89.99529,82.85883,1.00036,-0.01014,-0.00003,0.00645,-0.00230,60.00000,60.00000,157.14117,0.00000,0.12164,0.00054,1.00000,1.00000,0.00000,0.00000,none
21.56667,89.99529,82.85983,1.00022,-0.01014,-0.00003,0.00644,-0.00227,60.00000,60.00000,157.14017,0.00000,0.12164,0.00054,1.00000,1.00000,0.00000,0.00000,none
21.57083,89.99530,82.86083,1.00008,-0.01014,-0.00003,0.00643,-0.00224,60.00000,60.00000,157.13917,0.00000,0.12165,0.00054,1.00000,1.00000,0.00000,0.00000,none
21.57500,89.99531,82.86183,0.99994,-0.01015,-0.00003,0.00642,-0.00221,60.00000,60.00000,157.13817,0.00000,0.12165,0.00053,1.00000,1.00000,0.00000,0.00000,none
21.57917,89.99532,82.86284,0.99980,-0.01015,-0.00003,0.00641,-0.00218,60.00000,60.00000,157.13716,0.00000,0.12165,0.00053,1.00000,1.00000,0.00000,0.00000,none
21.58333,89.99532,82.86384,0.99966,-0.01015,-0.00003,0.00640,-0.00215,60.00000,60.00000,157.13616,0.00000,0.12166,0.00053,1.00000,1.00000,0.00000,0.00000,none
21.58750,89.99533,82.86484,0.99952,-0.01015,-0.00003,0.00639,-0.00212,60.00000,60.00000,157.13516,0.00000,0.12166,0.00053,1.00000,1.00000,0.00000,0.00000,none
21.59167,89.99534,82.86584,0.99938,-0.01015,-0.00003,0.00638,-0.00209,60.00000,60.00000,157.13416,0.00000,0.12167,0.00053,1.00000,1.00000,0.00000,0.00000,none
21.59583,89.99535,82.86684,0.99924,-0.01015,-0.00003,0.00638,-0.00206,60.00000,60.00000,157.13316,0.00000,0.12167,0.00053,1.00000,1.00000,0.00000,0.00000,none
21.60000,89.99535,82.86784,0.99909,-0.01015,-0.00003,0.00637,-0.00203,60.00000,60.00000,157.13216,0.00000,0.12167,0.00053,1.00000,1.00000,0.00000,0.00000,none
21.60417,89.99536,82.86884,0.99895,-0.01015,-0.00003,0.00636,-0.00200,60.00000,60.00000,157.13116,0.00000,0.12168,0.00053,1.00000,1.00000,0.00000,0.00000,none
21.60833,89.99537,82.86984,0.99881,-0.01015,-0.00003,0.00635,-0.00197,60.00000,60.00000,157.13016,0.00000,0.12168,0.00053,1.00000,1.00000,0.00000,0.00000,none
21.61250,89.99538,82.87084,0.99867,-0.01016,-0.00003,0.00634,-0.00194,60.00000,60.00000,157.12916,0.00000,0.12169,0.00053,1.00000,1.00000,0.00000,0.00000,none
21.61667,89.99538,82.87184,0.99853,-0.01016,-0.00003,0.00633,-0.00190,60.00000,60.00000,157.12816,0.00000,0.12169,0.00053,1.00000,1.00000,0.00000,0.00000,none
21.62083,89.99539,82.87284,0.99839,-0.01016,-0.00003,0.00633,-0.00187,60.00000,60.00000,157.12716,0.00000,0.12169,0.00053,1.00000,1.00000,0.00000,0.00000,none
21.62500,89.99540,82.87383,0.99825,-0.01016,-0.00003,0.00632,-0.00184,60.00000,60.00000,157.12617,0.00000,0.12170,0.00053,1.00000,1.00000,0.00000,0.00000,none
21.62917,89.99541,82.87483,0.99811,-0.01016,-0.00003,0.00631,-0.00181,60.00000,60.00000,157.12517,0.00000,0.12170,0.00053,1.00000,1.00000,0.00000,0.00000,none
21.63333,89.99542,82.87583,0.99797,-0.01016,-0.00003,0.00630,-0.00178,60.00000,60.00000,157.12417,0.00000,0.12171,0.00053,1.00000,1.00000,0.00000,0.00000,none
21.63750,89.99542,82.87683,0.99783,-0.01016,-0.00003,0.00630,-0.00175,60.00000,60.00000,157.12317,0.00000,0.12171,0.00052,1.00000,1.00000,0.00000,0.00000,none
21.64167,89.99543,82.87783,0.99769,-0.01016,-0.00003,0.00629,-0.00172,60.00000,60.00000,157.12217,0.00000,0.12171,0.00052,1.00000,1.00000,0.00000,0.00000,none
21.64583,89.99544,82.87882,0.99755,-0.01016,-0.00003,0.00628,-0.00169,60.00000,60.00000,157.12118,0.00000,0.12172,0.00052,1.00000,1.00000,0.00000,0.00000,none
21.65000,89.99545,82.87982,0.99741,-0.01016,-0.00003,0.00627,-0.00166,60.00000,60.00000,157.12018,0.00000,0.12172,0.00052,1.00000,1.00000,0.00000,0.00000,none
21.65417,89.99545,82.88082,0.99727,-0.01017,-0.00003,0.00627,-0.00162,60.00000,60.00000,157.11918,0.00000,0.12173,0.00052,1.00000,1.00000,0.00000,0.00000,none
21.65833,89.99546,82.88182,0.99713,-0.01017,-0.00003,0.00626,-0.00159,60.00000,60.00000,157.11818,0.00000,0.12173,0.00052,1.00000,1.00000,0.00000,0.00000,none
21.66250,89.99547,82.88281,0.99699,-0.01017,-0.00003,0.00625,-0.00156,60.00000,60.00000,157.11719,0.00000,0.12173,0.00052,1.00000,1.00000,0.00000,0.00000,none
21.66667,89.99548,82.88381,0.99685,-0.01017,-0.00003,0.00625,-0.00153,60.00000,60.00000,157.11619,0.00000,0.12174,0.00052,1.00000,1.00000,0.00000,0.00000,none
21.67083,89.99548,82.88480,0.99671,-0.01017,-0.00003,0.00624,-0.00150,60.00000,60.00000,157.11520,0.00000,0.12174,0.00052,1.00000,1.00000,0.00000,0.00000,none
21.67500,89.99549,82.88580,0.99657,-0.01017,-0.00003,0.00624,-0.00147,60.00000,60.00000,157.11420,0.00000,0.12175,0.00052,1.00000,1.00000,0.00000,0.00000,none
21.67917,89.99550,82.88680,0.99643,-0.01017,-0.00003,0.00623,-0.00144,60.00000,60.00000,157.11320,0.00000,0.12175,0.00052,1.00000,1.00000,0.00000,0.00000,none
21.68333,89.99551,82.88779,0.99629,-0.01017,-0.00003,0.00622,-0.00140,60.00000,60.00000,157.11221,0.00000,0.12175,0.00052,1.00000,1.00000,0.00000,0.00000,none
21.68750,89.99551,82.88879,0.99615,-0.01017,-0.00003,0.00622,-0.00137,60.00000,60.00000,157.11121,0.00000,0.12176,0.00052,1.00000,1.00000,0.00000,0.00000,none
21.69167,89.99552,82.88978,0.99601,-0.01018,-0.00003,0.00621,-0.00134,60.00000,60.00000,157.11022,0.00000,0.12176,0.00052,1.00000,1.00000,0.00000,0.00000,none
21.69583,89.99553,82.89077,0.99587,-0.01018,-0.00003,0.00621,-0.00131,60.00000,60.00000,157.10923,0.00000,0.12177,0.00052,1.00000,1.00000,0.00000,0.00000,none
21.70000,89.99554,82.89177,0.99573,-0.01018,-0.00003,0.00620,-0.00128,60.00000,60.00000,157.10823,0.00000,0.12177,0.00052,1.00000,1.00000,0.00000,0.00000,none
21.70417,89.99554,82.89276,0.99559,-0.01018,-0.00003,0.00620,-0.00125,60.00000,60.00000,157.10724,0.00000,0.12177,0.00052,1.00000,1.00000,0.00000,0.00000,none
21.70833,89.99555,82.89376,0.99545,-0.01018,-0.00003,0.00619,-0.00122,60.00000,60.00000,157.10624,0.00000,0.12178,0.00052,1.00000,1.00000,0.00000,0.00000,none
21.71250,89.99556,82.89475,0.99531,-0.01018,-0.00003,0.00619,-0.00118,60.00000,60.00000,157.10525,0.00000,0.12178,0.00052,1.00000,1.00000,0.00000,0.00000,none
21.71667,89.99557,82.89574,0.99517,-0.01018,-0.00003,0.00618,-0.00115,60.00000,60.00000,157.10426,0.00000,0.12179,0.00052,1.00000,1.00000,0.00000,0.00000,none
21.72083,89.99557,82.89674,0.99503,-0.01018,-0.00003,0.00618,-0.00112,60.00000,60.00000,157.10326,0.00000,0.12179,0.00051,1.00000,1.00000,0.00000,0.00000,none
21.72500,89.99558,82.89773,0.99489,-0.01018,-0.00003,0.00617,-0.00109,60.00000,60.00000,157.10227,0.00000,0.12179,0.00051,1.00000,1.00000,0.00000,0.00000,none
21.72917,89.99559,82.89872,0.99475,-0.01019,-0.00003,0.00617,-0.00106,60.00000,60.00000,157.10128,0.00000,0.12180,0.00051,1.00000,1.00000,0.00000,0.00000,none
21.73333,89.99560,82.89972,0.99461,-0.01019,-0.00003,0.00616,-0.00103,60.00000,60.00000,157.10028,0.00000,0.12180,0.00051,1.00000,1.00000,0.00000,0.00000,none
21.73750,89.99560,82.90071,0.99447,-0.01019,-0.00003,0.00616,-0.00100,60.00000,60.00000,157.09929,0.00000,0.12181,0.00051,1.00000,1.00000,0.00000,0.00000,none
21.74167,89.99561,82.90170,0.99433,-0.01019,-0.00003,0.00615,-0.00097,60.00000,60.00000,157.09830,0.00000,0.12181,0.00051,1.00000,1.00000,0.00000,0.00000,none
21.74583,89.99562,82.90269,0.99419,-0.01019,-0.00003,0.00615,-0.00093,60.00000,60.00000,157.09731,0.00000,0.12181,0.00051,1.00000,1.00000,0.00000,0.00000,none
21.75000,89.99563,82.90368,0.99405,-0.01019,-0.00003,0.00615,-0.00090,60.00000,60.00000,157.09632,0.00000,0.12182,0.00051,1.00000,1.00000,0.00000,0.00000,none
21.75417,89.99563,82.90467,0.99391,-0.01019,-0.00003,0.00614,-0.00087,60.00000,60.00000,157.09533,0.00000,0.12182,0.00051,1.00000,1.00000,0.00000,0.00000,none
21.75833,89.99564,82.90566,0.99377,-0.01019,-0.00003,0.00614,-0.00084,60.00000,60.00000,157.09434,0.00000,0.12183,0.00051,1.00000,1.00000,0.00000,0.00000,none
21.76250,89.99565,82.90665,0.99363,-0.01019,-0.00003,0.00614,-0.00081,60.00000,60.00000,157.09335,0.00000,0.12183,0.00051,1.00000,1.00000,0.00000,0.00000,none
21.76667,89.99566,82.90765,0.99349,-0.01020,-0.00003,0.00613,-0.00078,60.00000,60.00000,157.09235,0.00000,0.12183,0.00051,1.00000,1.00000,0.00000,0.00000,none
21.77083,89.99566,82.90864,0.99335,-0.01020,-0.00003,0.00613,-0.00075,60.00000,60.00000,157.09136,0.00000,0.12184,0.00051,1.00000,1.00000,0.00000,0.00000,none
21.77500,89.99567,82.90963,0.99322,-0.01020,-0.00003,0.00613,-0.00072,60.00000,60.00000,157.09037,0.00000,0.12184,0.00051,1.00000,1.00000,0.00000,0.00000,none
21.77917,89.99568,82.91062,0.99308,-0.01020,-0.00003,0.00612,-0.00069,60.00000,60.00000,157.08938,0.00000,0.12185,0.00051,1.00000,1.00000,0.00000,0.00000,none
21.78333,89.99569,82.91160,0.99294,-0.01020,-0.00003,0.00612,-0.00066,60.00000,60.00000,157.08840,0.00000,0.12185,0.00051,1.00000,1.00000,0.00000,0.00000,none
21.78750,89.99570,82.91259,0.99280,-0.01020,-0.00003,0.00612,-0.00062,60.00000,60.00000,157.08741,0.00000,0.12185,0.00051,1.00000,1.00000,0.00000,0.00000,none
21.79167,89.99570,82.91358,0.99266,-0.01020,-0.00003,0.00612,-0.00059,60.00000,60.00000,157.08642,0.00000,0.12186,0.00051,1.00000,1.00000,0.00000,0.00000,none
21.79583,89.99571,82.91457,0.99252,-0.01020,-0.00003,0.00611,-0.00056,60.00000,60.00000,157.08543,0.00000,0.12186,0.00051,1.00000,1.00000,0.00000,0.00000,none
21.80000,89.99572,82.91556,0.99238,-0.01020,-0.00003,0.00611,-0.00053,60.00000,60.00000,157.08444,0.00000,0.12187,0.00051,1.00000,1.00000,0.00000,0.00000,none
21.80417,89.99573,82.91655,0.99224,-0.01021,-0.00003,0.00611,-0.00050,60.00000,60.00000,157.08345,0.00000,0.12187,0.00051,1.00000,1.00000,0.00000,0.00000,none
21.80833,89.99573,82.91754,0.99210,-0.01021,-0.00003,0.00611,-0.00047,60.00000,60.00000,157.08246,0.00000,0.12187,0.00051,1.00000,1.00000,0.00000,0.00000,none
21.81250,89.99574,82.91852,0.99196,-0.01021,-0.00003,0.00610,-0.00044,60.00000,60.00000,157.08148,0.00000,0.12188,0.00051,1.00000,1.00000,0.00000,0.00000,none
21.81667,89.99575,82.91951,0.99182,-0.01021,-0.00003,0.00610,-0.00041,60.00000,60.00000,157.08049,0.00000,0.12188,0.00051,1.00000,1.00000,0.00000,0.00000,none
21.82083,89.99576,82.92050,0.99169,-0.01021,-0.00003,0.00610,-0.00038,60.00000,60.00000,157.07950,0.00000,0.12189,0.00051,1.00000,1.00000,0.00000,0.00000,none
21.82500,89.99576,82.92149,0.99155,-0.01021,-0.00003,0.00610,-0.00035,60.00000,60.00000,157.07851,0.00000,0.12189,0.00051,1.00000,1.00000,0.00000,0.00000,none
21.82917,89.99577,82.92247,0.99141,-0.01021,-0.00003,0.00610,-0.00032,60.00000,60.00000,157.07753,0.00000,0.12189,0.00051,1.00000,1.00000,0.00000,0.00000,none
21.83333,89.99578,82.92346,0.99127,-0.01021,-0.00003,0.00610,-0.00029,60.00000,60.00000,157.07654,0.00000,0.12190,0.00051,1.00000,1.00000,0.00000,0.00000,none
21.83750,89.99579,82.92445,0.99113,-0.01021,-0.00003,0.00610,-0.00026,60.00000,60.00000,157.07555,0.00000,0.12190,0.00051,1.00000,1.00000,0.00000,0.00000,none
21.84167,89.99579,82.92543,0.99099,-0.01022,-0.00003,0.00610,-0.00023,60.00000,60.00000,157.07457,0.00000,0.12191,0.00051,1.00000,1.00000,0.00000,0.00000,none
21.84583,89.99580,82.92642,0.99085,-0.01022,-0.00003,0.00609,-0.00020,60.00000,60.00000,157.07358,0.00000,0.12191,0.00051,1.00000,1.00000,0.00000,0.00000,none
21.85000,89.99581,82.92740,0.99071,-0.01022,-0.00003,0.00609,-0.00017,60.00000,60.00000,157.07260,0.00000,0.12191,0.00051,1.00000,1.00000,0.00000,0.00000,none
21.85417,89.99582,82.92839,0.99058,-0.01022,-0.00003,0.00609,-0.00014,60.00000,60.00000,157.07161,0.00000,0.12192,0.00051,1.00000,1.00000,0.00000,0.00000,none
21.85833,89.99582,82.92937,0.99044,-0.01022,-0.00003,0.00609,-0.00011,60.00000,60.00000,157.07063,0.00000,0.12192,0.00051,1.00000,1.00000,0.00000,0.00000,none
21.86250,89.99583,82.93036,0.99030,-0.01022,-0.00003,0.00609,-0.00008,60.00000,60.00000,157.06964,0.00000,0.12193,0.00051,1.00000,1.00000,0.00000,0.00000,none
21.86667,89.99584,82.93134,0.99016,-0.01022,-0.00003,0.00609,-0.00005,60.00000,60.00000,157.06866,0.00000,0.12193,0.00051,1.00000,1.00000,0.00000,0.00000,none
21.87083,89.99585,82.93233,0.99002,-0.01022,-0.00003,0.00609,-0.00002,60.00000,60.00000,157.06767,0.00000,0.12193,0.00051,1.00000,1.00000,0.00000,0.00000,none
21.87500,89.99586,82.93331,0.98988,-0.01022,-0.00003,0.00609,0.00001,60.00000,60.00000,157.06669,0.00000,0.12194,0.00051,1.00000,1.00000,0.00000,0.00000,none
21.87917,89.99586,82.93430,0.98974,-0.01023,-0.00003,0.00609,0.00004,60.00000,60.00000,157.06570,0.00000,0.12194,0.00051,1.00000,1.00000,0.00000,0.00000,none
21.88333,89.99587,82.93528,0.98961,-0.01023,-0.00003,0.00609,0.00007,60.00000,60.00000,157.06472,0.00000,0.12194,0.00051,1.00000,1.00000,0.00000,0.00000,none
21.88750,89.99588,82.93626,0.98947,-0.01023,-0.00003,0.00609,0.00010,60.00000,60.00000,157.06374,0.00000,0.12195,0.00051,1.00000,1.00000,0.00000,0.00000,none
21.89167,89.99589,82.93725,0.98933,-0.01023,-0.00003,0.00609,0.00013,60.00000,60.00000,157.06275,0.00000,0.12195,0.00051,1.00000,1.00000,0.00000,0.00000,none
21.89583,89.99589,82.93823,0.98919,-0.01023,-0.00003,0.00609,0.00015,60.00000,60.00000,157.06177,0.00000,0.12196,0.00051,1.00000,1.00000,0.00000,0.00000,none
21.90000,89.99590,82.93921,0.98905,-0.01023,-0.00003,0.00609,0.00018,60.00000,60.00000,157.06079,0.00000,0.12196,0.00051,1.00000,1.00000,0.00000,0.00000,none
21.90417,89.99591,82.94020,0.98892,-0.01023,-0.00003,0.00609,0.00021,60.00000,60.00000,157.05980,0.00000,0.12196,0.00051,1.00000,1.00000,0.00000,0.00000,none
21.90833,89.99592,82.94118,0.98878,-0.01023,-0.00003,0.00610,0.00024,60.00000,60.00000,157.05882,0.00000,0.12197,0.00051,1.00000,1.00000,0.00000,0.00000,none
21.91250,89.99592,82.94216,0.98864,-0.01023,-0.00003,0.00610,0.00027,60.00000,60.00000,157.05784,0.00000,0.12197,0.00051,1.00000,1.00000,0.00000,0.00000,none
21.91667,89.99593,82.94314,0.98850,-0.01024,-0.00003,0.00610,0.00030,60.00000,60.00000,157.05686,0.00000,0.12198,0.00051,1.00000,1.00000,0.00000,0.00000,none
21.92083,89.99594,82.94412,0.98836,-0.01024,-0.00003,0.00610,0.00033,60.00000,60.00000,157.05588,0.00000,0.12198,0.00051,1.00000,1.00000,0.00000,0.00000,none
21.92500,89.99595,82.94511,0.98822,-0.01024,-0.00003,0.00610,0.00035,60.00000,60.00000,157.05489,0.00000,0.12198,0.00051,1.00000,1.00000,0.00000,0.00000,none
21.92917,89.99595,82.94609,0.98809,-0.01024,-0.00003,0.00610,0.00038,60.00000,60.00000,157.05391,0.00000,0.12199,0.00051,1.00000,1.00000,0.00000,0.00000,none
21.93333,89.99596,82.94707,0.98795,-0.01024,-0.00003,0.00610,0.00041,60.00000,60.00000,157.05293,0.00000,0.12199,0.00051,1.00000,1.00000,0.00000,0.00000,none
21.93750,89.99597,82.94805,0.98781,-0.01024,-0.00003,0.00611,0.00044,60.00000,60.00000,157.05195,0.00000,0.12200,0.00051,1.00000,1.00000,0.00000,0.00000,none
21.94167,89.99598,82.94903,0.98767,-0.01024,-0.00003,0.00611,0.00047,60.00000,60.00000,157.05097,0.00000,0.12200,0.00051,1.00000,1.00000,0.00000,0.00000,none
21.94583,89.99599,82.95001,0.98754,-0.01024,-0.00003,0.00611,0.00049,60.00000,60.00000,157.04999,0.00000,0.12200,0.00051,1.00000,1.00000,0.00000,0.00000,none
21.95000,89.99599,82.95099,0.98740,-0.01024,-0.00003,0.00611,0.00052,60.00000,60.00000,157.04901,0.00000,0.12201,0.00051,1.00000,1.00000,0.00000,0.00000,none
21.95417,89.99600,82.95197,0.98726,-0.01025,-0.00003,0.00611,0.00055,60.00000,60.00000,157.04803,0.00000,0.12201,0.00051,1.00000,1.00000,0.00000,0.00000,none
21.95833,89.99601,82.95295,0.98712,-0.01025,-0.00003,0.00612,0.00058,60.00000,60.00000,157.04705,0.00000,0.12202,0.00051,1.00000,1.00000,0.00000,0.00000,none
21.96250,89.99602,82.95393,0.98698,-0.01025,-0.00003,0.00612,0.00060,60.00000,60.00000,157.04607,0.00000,0.12202,0.00051,1.00000,1.00000,0.00000,0.00000,none
21.96667,89.99602,82.95491,0.98685,-0.01025,-0.00003,0.00612,0.00063,60.00000,60.00000,157.04509,0.00000,0.12202,0.00051,1.00000,1.00000,0.00000,0.00000,none
21.97083,89.99603,82.95588,0.98671,-0.01025,-0.00003,0.00612,0.00066,60.00000,60.00000,157.04412,0.00000,0.12203,0.00051,1.00000,1.00000,0.00000,0.00000,none
21.97500,89.99604,82.95686,0.98657,-0.01025,-0.00003,0.00613,0.00069,60.00000,60.00000,157.04314,0.00000,0.12203,0.00051,1.00000,1.00000,0.00000,0.00000,none
21.97917,89.99605,82.95784,0.98643,-0.01025,-0.00003,0.00613,0.00071,60.00000,60.00000,157.04216,0.00000,0.12204,0.00051,1.00000,1.00000,0.00000,0.00000,none
21.98333,89.99605,82.95882,0.98630,-0.01025,-0.00003,0.00613,0.00074,60.00000,60.00000,157.04118,0.00000,0.12204,0.00051,1.00000,1.00000,0.00000,0.00000,none
21.98750,89.99606,82.95980,0.98616,-0.01025,-0.00003,0.00614,0.00077,60.00000,60.00000,157.04020,0.00000,0.12204,0.00051,1.00000,1.00000,0.00000,0.00000,none
21.99167,89.99607,82.96077,0.98602,-0.01026,-0.00003,0.00614,0.00079,60.00000,60.00000,157.03923,0.00000,0.12205,0.00051,1.00000,1.00000,0.00000,0.00000,none
21.99583,89.99608,82.96175,0.98588,-0.01026,-0.00003,0.00614,0.00082,60.00000,60.00000,157.03825,0.00000,0.12205,0.00051,1.00000,1.00000,0.00000,0.00000,none
22.00000,89.99609,82.96273,0.98575,-0.01026,-0.00003,0.00615,0.00084,60.00000,60.00000,157.03727,0.00000,0.12206,0.00051,1.00000,1.00000,0.00000,0.00000,none
22.00417,89.99609,82.96371,0.98561,-0.01026,-0.00003,0.00615,0.00087,60.00000,60.00000,157.03629,0.00000,0.12206,0.00051,1.00000,1.00000,0.00000,0.00000,none
22.00833,89.99610,82.96468,0.98547,-0.01026,-0.00003,0.00615,0.00090,60.00000,60.00000,157.03532,0.00000,0.12206,0.00051,1.00000,1.00000,0.00000,0.00000,none
22.01250,89.99611,82.96566,0.98533,-0.01026,-0.00003,0.00616,0.00092,60.00000,60.00000,157.03434,0.00000,0.12207,0.00051,1.00000,1.00000,0.00000,0.00000,none
22.01667,89.99612,82.96664,0.98520,-0.01026,-0.00003,0.00616,0.00095,60.00000,60.00000,157.03336,0.00000,0.12207,0.00051,1.00000,1.00000,0.00000,0.00000,none
22.02083,89.99612,82.96761,0.98506,-0.01026,-0.00003,0.00616,0.00097,60.00000,60.00000,157.03239,0.00000,0.12208,0.00051,1.00000,1.00000,0.00000,0.00000,none
22.02500,89.99613,82.96859,0.98492,-0.01026,-0.00003,0.00617,0.00100,60.00000,60.00000,157.03141,0.00000,0.12208,0.00051,1.00000,1.00000,0.00000,0.00000,none
22.02917,89.99614,82.96956,0.98479,-0.01026,-0.00003,0.00617,0.00102,60.00000,60.00000,157.03044,0.00000,0.12208,0.00051,1.00000,1.00000,0.00000,0.00000,none
22.03333,89.99615,82.97054,0.98465,-0.01027,-0.00003,0.00618,0.00105,60.00000,60.00000,157.02946,0.00000,0.12209,0.00051,1.00000,1.00000,0.00000,0.00000,none
22.03750,89.99615,82.97151,0.98451,-0.01027,-0.00003,0.00618,0.00107,60.00000,60.00000,157.02849,0.00000,0.12209,0.00052,1.00000,1.00000,0.00000,0.00000,none
22.04167,89.99616,82.97249,0.98437,-0.01027,-0.00003,0.00619,0.00110,60.00000,60.00000,157.02751,0.00000,0.12210,0.00052,1.00000,1.00000,0.00000,0.00000,none
22.04583,89.99617,82.97346,0.98424,-0.01027,-0.00003,0.00619,0.00112,60.00000,60.00000,157.02654,0.00000,0.12210,0.00052,1.00000,1.00000,0.00000,0.00000,none
22.05000,89.99618,82.97444,0.98410,-0.01027,-0.00003,0.00620,0.00115,60.00000,60.00000,157.02556,0.00000,0.12210,0.00052,1.00000,1.00000,0.00000,0.00000,none
22.05417,89.99619,82.97541,0.98396,-0.01027,-0.00003,0.00620,0.00117,60.00000,60.00000,157.02459,0.00000,0.12211,0.00052,1.00000,1.00000,0.00000,0.00000,none
22.05833,89.99619,82.97638,0.98383,-0.01027,-0.00003,0.00621,0.00120,60.00000,60.00000,157.02362,0.00000,0.12211,0.00052,1.00000,1.00000,0.00000,0.00000,none
22.06250,89.99620,82.97736,0.98369,-0.01027,-0.00003,0.00621,0.00122,60.00000,60.00000,157.02264,0.00000,0.12211,0.00052,1.00000,1.00000,0.00000,0.00000,none
22.06667,89.99621,82.97833,0.98355,-0.01027,-0.00003,0.00622,0.00124,60.00000,60.00000,157.02167,0.00000,0.12212,0.00052,1.00000,1.00000,0.00000,0.00000,none
22.07083,89.99622,82.97930,0.98342,-0.01028,-0.00003,0.00622,0.00127,60.00000,60.00000,157.02070,0.00000,0.12212,0.00052,1.00000,1.00000,0.00000,0.00000,none
22.07500,89.99622,82.98028,0.98328,-0.01028,-0.00003,0.00623,0.00129,60.00000,60.00000,157.01972,0.00000,0.12213,0.00052,1.00000,1.00000,0.00000,0.00000,none
22.07917,89.99623,82.98125,0.98314,-0.01028,-0.00003,0.00623,0.00131,60.00000,60.00000,157.01875,0.00000,0.12213,0.00052,1.00000,1.00000,0.00000,0.00000,none
22.08333,89.99624,82.98222,0.98301,-0.01028,-0.00003,0.00624,0.00134,60.00000,60.00000,157.01778,0.00000,0.12213,0.00052,1.00000,1.00000,0.00000,0.00000,none
22.08750,89.99625,82.98319,0.98287,-0.01028,-0.00003,0.00624,0.00136,60.00000,60.00000,157.01681,0.00000,0.12214,0.00052,1.00000,1.00000,0.00000,0.00000,none
22.09167,89.99625,82.98417,0.98273,-0.01028,-0.00003,0.00625,0.00138,60.00000,60.00000,157.01583,0.00000,0.12214,0.00052,1.00000,1.00000,0.00000,0.00000,none
22.09583,89.99626,82.98514,0.98260,-0.01028,-0.00003,0.00625,0.00141,60.00000,60.00000,157.01486,0.00000,0.12215,0.00052,1.00000,1.00000,0.00000,0.00000,none
22.10000,89.99627,82.98611,0.98246,-0.01028,-0.00003,0.00626,0.00143,60.00000,60.00000,157.01389,0.00000,0.12215,0.00052,1.00000,1.00000,0.00000,0.00000,none
22.10417,89.99628,82.98708,0.98232,-0.01028,-0.00003,0.00627,0.00145,60.00000,60.00000,157.01292,0.00000,0.12215,0.00052,1.00000,1.00000,0.00000,0.00000,none
22.10833,89.99629,82.98805,0.98219,-0.01029,-0.00003,0.00627,0.00147,60.00000,60.00000,157.01195,0.00000,0.12216,0.00052,1.00000,1.00000,0.00000,0.00000,none
22.11250,89.99629,82.98902,0.98205,-0.01029,-0.00003,0.00628,0.00150,60.00000,60.00000,157.01098,0.00000,0.12216,0.00052,1.00000,1.00000,0.00000,0.00000,none
22.11667,89.99630,82.98999,0.98191,-0.01029,-0.00003,0.00628,0.00152,60.00000,60.00000,157.01001,0.00000,0.12217,0.00052,1.00000,1.00000,0.00000,0.00000,none
22.12083,89.99631,82.99096,0.98178,-0.01029,-0.00003,0.00629,0.00154,60.00000,60.00000,157.00904,0.00000,0.12217,0.00052,1.00000,1.00000,0.00000,0.00000,none
22.12500,89.99632,82.99193,0.98164,-0.01029,-0.00003,0.00630,0.00156,60.00000,60.00000,157.00807,0.00000,0.12217,0.00052,1.00000,1.00000,0.00000,0.00000,none
22.12917,89.99632,82.99290,0.98150,-0.01029,-0.00003,0.00630,0.00158,60.00000,60.00000,157.00710,0.00000,0.12218,0.00053,1.00000,1.00000,0.00000,0.00000,none
22.13333,89.99633,82.99387,0.98137,-0.01029,-0.00003,0.00631,0.00160,60.00000,60.00000,157.00613,0.00000,0.12218,0.00053,1.00000,1.00000,0.00000,0.00000,none
22.13750,89.99634,82.99484,0.98123,-0.01029,-0.00003,0.00632,0.00162,60.00000,60.00000,157.00516,0.00000,0.12219,0.00053,1.00000,1.00000,0.00000,0.00000,none
22.14167,89.99635,82.99581,0.98110,-0.01029,-0.00003,0.00632,0.00165,60.00000,60.00000,157.00419,0.00000,0.12219,0.00053,1.00000,1.00000,0.00000,0.00000,none
22.14583,89.99636,82.99678,0.98096,-0.01030,-0.00003,0.00633,0.00167,60.00000,60.00000,157.00322,0.00000,0.12219,0.00053,1.00000,1.00000,0.00000,0.00000,none
22.15000,89.99636,82.99775,0.98082,-0.01030,-0.00003,0.00634,0.00169,60.00000,60.00000,157.00225,0.00000,0.12220,0.00053,1.00000,1.00000,0.00000,0.00000,none
22.15417,89.99637,82.99872,0.98069,-0.01030,-0.00003,0.00635,0.00171,60.00000,60.00000,157.00128,0.00000,0.12220,0.00053,1.00000,1.00000,0.00000,0.00000,none
22.15833,89.99638,82.99969,0.98055,-0.01030,-0.00003,0.00635,0.00173,60.00000,60.00000,157.00031,0.00000,0.12221,0.00053,1.00000,1.00000,0.00000,0.00000,none
22.16250,89.99639,83.00065,0.98041,-0.01030,-0.00003,0.00636,0.00175,60.00000,60.00000,156.99935,0.00000,0.12221,0.00053,1.00000,1.00000,0.00000,0.00000,none
22.16667,89.99639,83.00162,0.98028,-0.01030,-0.00003,0.00637,0.00177,60.00000,60.00000,156.99838,0.00000,0.12221,0.00053,1.00000,1.00000,0.00000,0.00000,none
22.17083,89.99640,83.00259,0.98014,-0.01030,-0.00003,0.00637,0.00179,60.00000,60.00000,156.99741,0.00000,0.12222,0.00053,1.00000,1.00000,0.00000,0.00000,none
22.17500,89.99641,83.00356,0.98001,-0.01030,-0.00003,0.00638,0.00181,60.00000,60.00000,156.99644,0.00000,0.12222,0.00053,1.00000,1.00000,0.00000,0.00000,none
22.17917,89.99642,83.00452,0.97987,-0.01030,-0.00003,0.00639,0.00183,60.00000,60.00000,156.99548,0.00000,0.12223,0.00053,1.00000,1.00000,0.00000,0.00000,none
22.18333,89.99643,83.00549,0.97973,-0.01031,-0.00003,0.00640,0.00185,60.00000,60.00000,156.99451,0.00000,0.12223,0.00053,1.00000,1.00000,0.00000,0.00000,none
22.18750,89.99643,83.00646,0.97960,-0.01031,-0.00003,0.00640,0.00186,60.00000,60.00000,156.99354,0.00000,0.12223,0.00053,1.00000,1.00000,0.00000,0.00000,none
22.19167,89.99644,83.00742,0.97946,-0.01031,-0.00003,0.00641,0.00188,60.00000,60.00000,156.99258,0.00000,0.12224,0.00053,1.00000,1.00000,0.00000,0.00000,none
22.19583,89.99645,83.00839,0.97933,-0.01031,-0.00003,0.00642,0.00190,60.00000,60.00000,156.99161,0.00000,0.12224,0.00054,1.00000,1.00000,0.00000,0.00000,none
22.20000,89.99646,83.00936,0.97919,-0.01031,-0.00003,0.00643,0.00192,60.00000,60.00000,156.99064,0.00000,0.12224,0.00054,1.00000,1.00000,0.00000,0.00000,none
22.20417,89.99646,83.01032,0.97906,-0.01031,-0.00003,0.00644,0.00194,60.00000,60.00000,156.98968,0.00000,0.12225,0.00054,1.00000,1.00000,0.00000,0.00000,none
22.20833,89.99647,83.01129,0.97892,-0.01031,-0.00003,0.00644,0.00196,60.00000,60.00000,156.98871,0.00000,0.12225,0.00054,1.00000,1.00000,0.00000,0.00000,none
22.21250,89.99648,83.01225,0.97878,-0.01031,-0.00003,0.00645,0.00197,60.00000,60.00000,156.98775,0.00000,0.12226,0.00054,1.00000,1.00000,0.00000,0.00000,none
22.21667,89.99649,83.01322,0.97865,-0.01031,-0.00003,0.00646,0.00199,60.00000,60.00000,156.98678,0.00000,0.12226,0.00054,1.00000,1.00000,0.00000,0.00000,none
22.22083,89.99650,83.01418,0.97851,-0.01032,-0.00003,0.00647,0.00201,60.00000,60.00000,156.98582,0.00000,0.12226,0.00054,1.00000,1.00000,0.00000,0.00000,none
22.22500,89.99650,83.01515,0.97838,-0.01032,-0.00003,0.00648,0.00203,60.00000,60.00000,156.98485,0.00000,0.12227,0.00054,1.00000,1.00000,0.00000,0.00000,none
22.22917,89.99651,83.01611,0.97824,-0.01032,-0.00003,0.00649,0.00204,60.00000,60.00000,156.98389,0.00000,0.12227,0.00054,1.00000,1.00000,0.00000,0.00000,none
22.23333,89.99652,83.01708,0.97811,-0.01032,-0.00003,0.00649,0.00206,60.00000,60.00000,156.98292,0.00000,0.12228,0.00054,1.00000,1.00000,0.00000,0.00000,none
22.23750,89.99653,83.01804,0.97797,-0.01032,-0.00003,0.00650,0.00208,60.00000,60.00000,156.98196,0.00000,0.12228,0.00054,1.00000,1.00000,0.00000,0.00000,none
22.24167,89.99653,83.01900,0.97784,-0.01032,-0.00003,0.00651,0.00209,60.00000,60.00000,156.98100,0.00000,0.12228,0.00054,1.00000,1.00000,0.00000,0.00000,none
22.24583,89.99654,83.01997,0.97770,-0.01032,-0.00003,0.00652,0.00211,60.00000,60.00000,156.98003,0.00000,0.12229,0.00054,1.00000,1.00000,0.00000,0.00000,none
22.25000,89.99655,83.02093,0.97756,-0.01032,-0.00003,0.00653,0.00213,60.00000,60.00000,156.97907,0.00000,0.12229,0.00054,1.00000,1.00000,0.00000,0.00000,none
22.25417,89.99656,83.02189,0.97743,-0.01032,-0.00003,0.00654,0.00214,60.00000,60.00000,156.97811,0.00000,0.12230,0.00054,1.00000,1.00000,0.00000,0.00000,none
22.25833,89.99657,83.02285,0.97729,-0.01033,-0.00003,0.00655,0.00216,60.00000,60.00000,156.97715,0.00000,0.12230,0.00055,1.00000,1.00000,0.00000,0.00000,none
22.26250,89.99657,83.02382,0.97716,-0.01033,-0.00003,0.00656,0.00217,60.00000,60.00000,156.97618,0.00000,0.12230,0.00055,1.00000,1.00000,0.00000,0.00000,none
22.26667,89.99658,83.02478,0.97702,-0.01033,-0.00003,0.00657,0.00219,60.00000,60.00000,156.97522,0.00000,0.12231,0.00055,1.00000,1.00000,0.00000,0.00000,none
22.27083,89.99659,83.02574,0.97689,-0.01033,-0.00003,0.00657,0.00221,60.00000,60.00000,156.97426,0.00000,0.12231,0.00055,1.00000,1.00000,0.00000,0.00000,none
22.27500,89.99660,83.02670,0.97675,-0.01033,-0.00003,0.00658,0.00222,60.00000,60.00000,156.97330,0.00000,0.12232,0.00055,1.00000,1.00000,0.00000,0.00000,none
22.27917,89.99660,83.02766,0.97662,-0.01033,-0.00003,0.00659,0.00224,60.00000,60.00000,156.97234,0.00000,0.12232,0.00055,1.00000,1.00000,0.00000,0.00000,none
22.28333,89.99661,83.02863,0.97648,-0.01033,-0.00003,0.00660,0.00225,60.00000,60.00000,156.97137,0.00000,0.12232,0.00055,1.00000,1.00000,0.00000,0.00000,none
22.28750,89.99662,83.02959,0.97635,-0.01033,-0.00003,0.00661,0.00226,60.00000,60.00000,156.97041,0.00000,0.12233,0.00055,1.00000,1.00000,0.00000,0.00000,none
22.29167,89.99663,83.03055,0.97621,-0.01033,-0.00003,0.00662,0.00228,60.00000,60.00000,156.96945,0.00000,0.12233,0.00055,1.00000,1.00000,0.00000,0.00000,none
22.29583,89.99664,83.03151,0.97608,-0.01034,-0.00003,0.00663,0.00229,60.00000,60.00000,156.96849,0.00000,0.12234,0.00055,1.00000,1.00000,0.00000,0.00000,none
22.30000,89.99664,83.03247,0.97594,-0.01034,-0.00003,0.00664,0.00231,60.00000,60.00000,156.96753,0.00000,0.12234,0.00055,1.00000,1.00000,0.00000,0.00000,none
22.30417,89.99665,83.03343,0.97581,-0.01034,-0.00003,0.00665,0.00232,60.00000,60.00000,156.96657,0.00000,0.12234,0.00055,1.00000,1.00000,0.00000,0.00000,none
22.30833,89.99666,83.03439,0.97567,-0.01034,-0.00003,0.00666,0.00233,60.00000,60.00000,156.96561,0.00000,0.12235,0.00055,1.00000,1.00000,0.00000,0.00000,none
22.31250,89.99667,83.03535,0.97554,-0.01034,-0.00003,0.00667,0.00235,60.00000,60.00000,156.96465,0.00000,0.12235,0.00056,1.00000,1.00000,0.00000,0.00000,none
22.31667,89.99667,83.03631,0.97540,-0.01034,-0.00003,0.00668,0.00236,60.00000,60.00000,156.96369,0.00000,0.12235,0.00056,1.00000,1.00000,0.00000,0.00000,none
22.32083,89.99668,83.03727,0.97527,-0.01034,-0.00003,0.00669,0.00237,60.00000,60.00000,156.96273,0.00000,0.12236,0.00056,1.00000,1.00000,0.00000,0.00000,none
22.32500,89.99669,83.03823,0.97513,-0.01034,-0.00003,0.00670,0.00239,60.00000,60.00000,156.96177,0.00000,0.12236,0.00056,1.00000,1.00000,0.00000,0.00000,none
22.32917,89.99670,83.03919,0.97500,-0.01034,-0.00003,0.00671,0.00240,60.00000,60.00000,156.96081,0.00000,0.12237,0.00056,1.00000,1.00000,0.00000,0.00000,none
22.33333,89.99671,83.04014,0.97486,-0.01035,-0.00003,0.00672,0.00241,60.00000,60.00000,156.95986,0.00000,0.12237,0.00056,1.00000,1.00000,0.00000,0.00000,none
22.33750,89.99671,83.04110,0.97473,-0.01035,-0.00003,0.00673,0.00242,60.00000,60.00000,156.95890,0.00000,0.12237,0.00056,1.00000,1.00000,0.00000,0.00000,none
22.34167,89.99672,83.04206,0.97460,-0.01035,-0.00003,0.00674,0.00244,60.00000,60.00000,156.95794,0.00000,0.12238,0.00056,1.00000,1.00000,0.00000,0.00000,none
22.34583,89.99673,83.04302,0.97446,-0.01035,-0.00003,0.00675,0.00245,60.00000,60.00000,156.95698,0.00000,0.12238,0.00056,1.00000,1.00000,0.00000,0.00000,none
22.35000,89.99674,83.04398,0.97433,-0.01035,-0.00003,0.00676,0.00246,60.00000,60.00000,156.95602,0.00000,0.12239,0.00056,1.00000,1.00000,0.00000,0.00000,none
22.35417,89.99675,83.04493,0.97419,-0.01035,-0.00003,0.00677,0.00247,60.00000,60.00000,156.95507,0.00000,0.12239,0.00056,1.00000,1.00000,0.00000,0.00000,none
22.35833,89.99675,83.04589,0.97406,-0.01035,-0.00003,0.00678,0.00248,60.00000,60.00000,156.95411,0.00000,0.12239,0.00057,1.00000,1.00000,0.00000,0.00000,none
22.36250,89.99676,83.04685,0.97392,-0.01035,-0.00003,0.00679,0.00249,60.00000,60.00000,156.95315,0.00000,0.12240,0.00057,1.00000,1.00000,0.00000,0.00000,none
22.36667,89.99677,83.04780,0.97379,-0.01035,-0.00003,0.00680,0.00250,60.00000,60.00000,156.95220,0.00000,0.12240,0.00057,1.00000,1.00000,0.00000,0.00000,none
22.37083,89.99678,83.04876,0.97365,-0.01036,-0.00003,0.00681,0.00251,60.00000,60.00000,156.95124,0.00000,0.12241,0.00057,1.00000,1.00000,0.00000,0.00000,none
22.37500,89.99678,83.04972,0.97352,-0.01036,-0.00003,0.00682,0.00252,60.00000,60.00000,156.95028,0.00000,0.12241,0.00057,1.00000,1.00000,0.00000,0.00000,none
22.37917,89.99679,83.05067,0.97338,-0.01036,-0.00003,0.00683,0.00253,60.00000,60.00000,156.94933,0.00000,0.12241,0.00057,1.00000,1.00000,0.00000,0.00000,none
22.38333,89.99680,83.05163,0.97325,-0.01036,-0.00003,0.00684,0.00254,60.00000,60.00000,156.94837,0.00000,0.12242,0.00057,1.00000,1.00000,0.00000,0.00000,none
22.38750,89.99681,83.05258,0.97312,-0.01036,-0.00003,0.00685,0.00255,60.00000,60.00000,156.94742,0.00000,0.12242,0.00057,1.00000,1.00000,0.00000,0.00000,none
22.39167,89.99682,83.05354,0.97298,-0.01036,-0.00003,0.00686,0.00256,60.00000,60.00000,156.94646,0.00000,0.12243,0.00057,1.00000,1.00000,0.00000,0.00000,none
22.39583,89.99682,83.05450,0.97285,-0.01036,-0.00003,0.00688,0.00257,60.00000,60.00000,156.94550,0.00000,0.12243,0.00057,1.00000,1.00000,0.00000,0.00000,none
22.40000,89.99683,83.05545,0.97271,-0.01036,-0.00003,0.00689,0.00258,60.00000,60.00000,156.94455,0.00000,0.12243,0.00057,1.00000,1.00000,0.00000,0.00000,none
22.40417,89.99684,83.05641,0.97258,-0.01036,-0.00003,0.00690,0.00259,60.00000,60.00000,156.94359,0.00000,0.12244,0.00057,1.00000,1.00000,0.00000,0.00000,none
22.40833,89.99685,83.05736,0.97245,-0.01036,-0.00003,0.00691,0.00260,60.00000,60.00000,156.94264,0.00000,0.12244,0.00058,1.00000,1.00000,0.00000,0.00000,none
22.41250,89.99686,83.05831,0.97231,-0.01037,-0.00003,0.00692,0.00261,60.00000,60.00000,156.94169,0.00000,0.12244,0.00058,1.00000,1.00000,0.00000,0.00000,none
22.41667,89.99686,83.05927,0.97218,-0.01037,-0.00003,0.00693,0.00262,60.00000,60.00000,156.94073,0.00000,0.12245,0.00058,1.00000,1.00000,0.00000,0.00000,none
22.42083,89.99687,83.06022,0.97204,-0.01037,-0.00003,0.00694,0.00263,60.00000,60.00000,156.93978,0.00000,0.12245,0.00058,1.00000,1.00000,0.00000,0.00000,none
22.42500,89.99688,83.06118,0.97191,-0.01037,-0.00003,0.00695,0.00263,60.00000,60.00000,156.93882,0.00000,0.12246,0.00058,1.00000,1.00000,0.00000,0.00000,none
22.42917,89.99689,83.06213,0.97178,-0.01037,-0.00003,0.00696,0.00264,60.00000,60.00000,156.93787,0.00000,0.12246,0.00058,1.00000,1.00000,0.00000,0.00000,none
22.43333,89.99689,83.06308,0.97164,-0.01037,-0.00003,0.00697,0.00265,60.00000,60.00000,156.93692,0.00000,0.12246,0.00058,1.00000,1.00000,0.00000,0.00000,none
22.43750,89.99690,83.06403,0.97151,-0.01037,-0.00003,0.00698,0.00266,60.00000,60.00000,156.93597,0.00000,0.12247,0.00058,1.00000,1.00000,0.00000,0.00000,none
22.44167,89.99691,83.06499,0.97137,-0.01037,-0.00003,0.00700,0.00266,60.00000,60.00000,156.93501,0.00000,0.12247,0.00058,1.00000,1.00000,0.00000,0.00000,none
22.44583,89.99692,83.06594,0.97124,-0.01037,-0.00003,0.00701,0.00267,60.00000,60.00000,156.93406,0.00000,0.12248,0.00058,1.00000,1.00000,0.00000,0.00000,none
22.45000,89.99693,83.06689,0.97111,-0.01038,-0.00003,0.00702,0.00268,60.00000,60.00000,156.93311,0.00000,0.12248,0.00058,1.00000,1.00000,0.00000,0.00000,none
22.45417,89.99693,83.06784,0.97097,-0.01038,-0.00003,0.00703,0.00268,60.00000,60.00000,156.93216,0.00000,0.12248,0.00059,1.00000,1.00000,0.00000,0.00000,none
22.45833,89.99694,83.06880,0.97084,-0.01038,-0.00003,0.00704,0.00269,60.00000,60.00000,156.93120,0.00000,0.12249,0.00059,1.00000,1.00000,0.00000,0.00000,none
22.46250,89.99695,83.06975,0.97071,-0.01038,-0.00003,0.00705,0.00270,60.00000,60.00000,156.93025,0.00000,0.12249,0.00059,1.00000,1.00000,0.00000,0.00000,none
22.46667,89.99696,83.07070,0.97057,-0.01038,-0.00003,0.00706,0.00270,60.00000,60.00000,156.92930,0.00000,0.12250,0.00059,1.00000,1.00000,0.00000,0.00000,none
22.47083,89.99697,83.07165,0.97044,-0.01038,-0.00003,0.00707,0.00271,60.00000,60.00000,156.92835,0.00000,0.12250,0.00059,1.00000,1.00000,0.00000,0.00000,none
22.47500,89.99697,83.07260,0.97030,-0.01038,-0.00003,0.00708,0.00271,60.00000,60.00000,156.92740,0.00000,0.12250,0.00059,1.00000,1.00000,0.00000,0.00000,none
22.47917,89.99698,83.07355,0.97017,-0.01038,-0.00003,0.00710,0.00272,60.00000,60.00000,156.92645,0.00000,0.12251,0.00059,1.00000,1.00000,0.00000,0.00000,none
22.48333,89.99699,83.07450,0.97004,-0.01038,-0.00003,0.00711,0.00272,60.00000,60.00000,156.92550,0.00000,0.12251,0.00059,1.00000,1.00000,0.00000,0.00000,none
22.48750,89.99700,83.07545,0.96990,-0.01039,-0.00003,0.00712,0.00273,60.00000,60.00000,156.92455,0.00000,0.12251,0.00059,1.00000,1.00000,0.00000,0.00000,none
22.49167,89.99700,83.07640,0.96977,-0.01039,-0.00003,0.00713,0.00273,60.00000,60.00000,156.92360,0.00000,0.12252,0.00059,1.00000,1.00000,0.00000,0.00000,none
22.49583,89.99701,83.07735,0.96964,-0.01039,-0.00003,0.00714,0.00274,60.00000,60.00000,156.92265,0.00000,0.12252,0.00060,1.00000,1.00000,0.00000,0.00000,none
22.50000,89.99702,83.07830,0.96950,-0.01039,-0.00003,0.00715,0.00274,60.00000,60.00000,156.92170,0.00000,0.12253,0.00060,1.00000,1.00000,0.00000,0.00000,none
22.50417,89.99703,83.07925,0.96937,-0.01039,-0.00003,0.00716,0.00275,60.00000,60.00000,156.92075,0.00000,0.12253,0.00060,1.00000,1.00000,0.00000,0.00000,none
22.50833,89.99704,83.08020,0.96924,-0.01039,-0.00003,0.00718,0.00275,60.00000,60.00000,156.91980,0.00000,0.12253,0.00060,1.00000,1.00000,0.00000,0.00000,none
22.51250,89.99704,83.08115,0.96910,-0.01039,-0.00003,0.00719,0.00276,60.00000,60.00000,156.91885,0.00000,0.12254,0.00060,1.00000,1.00000,0.00000,0.00000,none
22.51667,89.99705,83.08210,0.96897,-0.01039,-0.00003,0.00720,0.00276,60.00000,60.00000,156.91790,0.00000,0.12254,0.00060,1.00000,1.00000,0.00000,0.00000,none
22.52083,89.99706,83.08305,0.96884,-0.01039,-0.00003,0.00721,0.00276,60.00000,60.00000,156.91695,0.00000,0.12255,0.00060,1.00000,1.00000,0.00000,0.00000,none
22.52500,89.99707,83.08399,0.96870,-0.01040,-0.00003,0.00722,0.00277,60.00000,60.00000,156.91601,0.00000,0.12255,0.00060,1.00000,1.00000,0.00000,0.00000,none
22.52917,89.99708,83.08494,0.96857,-0.01040,-0.00003,0.00723,0.00277,60.00000,60.00000,156.91506,0.00000,0.12255,0.00060,1.00000,1.00000,0.00000,0.00000,none
22.53333,89.99708,83.08589,0.96844,-0.01040,-0.00003,0.00725,0.00277,60.00000,60.00000,156.91411,0.00000,0.12256,0.00060,1.00000,1.00000,0.00000,0.00000,none
22.53750,89.99709,83.08684,0.96830,-0.01040,-0.00003,0.00726,0.00277,60.00000,60.00000,156.91316,0.00000,0.12256,0.00060,1.00000,1.00000,0.00000,0.00000,none
22.54167,89.99710,83.08778,0.96817,-0.01040,-0.00003,0.00727,0.00278,60.00000,60.00000,156.91222,0.00000,0.12257,0.00061,1.00000,1.00000,0.00000,0.00000,none
22.54583,89.99711,83.08873,0.96804,-0.01040,-0.00003,0.00728,0.00278,60.00000,60.00000,156.91127,0.00000,0.12257,0.00061,1.00000,1.00000,0.00000,0.00000,none
22.55000,89.99712,83.08968,0.96791,-0.01040,-0.00003,0.00729,0.00278,60.00000,60.00000,156.91032,0.00000,0.12257,0.00061,1.00000,1.00000,0.00000,0.00000,none
22.55417,89.99712,83.09062,0.96777,-0.01040,-0.00003,0.00730,0.00278,60.00000,60.00000,156.90938,0.00000,0.12258,0.00061,1.00000,1.00000,0.00000,0.00000,none
22.55833,89.99713,83.09157,0.96764,-0.01040,-0.00003,0.00731,0.00279,60.00000,60.00000,156.90843,0.00000,0.12258,0.00061,1.00000,1.00000,0.00000,0.00000,none
22.56250,89.99714,83.09252,0.96751,-0.01041,-0.00003,0.00733,0.00279,60.00000,60.00000,156.90748,0.00000,0.12258,0.00061,1.00000,1.00000,0.00000,0.00000,none
22.56667,89.99715,83.09346,0.96737,-0.01041,-0.00003,0.00734,0.00279,60.00000,60.00000,156.90654,0.00000,0.12259,0.00061,1.00000,1.00000,0.00000,0.00000,none
22.57083,89.99716,83.09441,0.96724,-0.01041,-0.00003,0.00735,0.00279,60.00000,60.00000,156.90559,0.00000,0.12259,0.00061,1.00000,1.00000,0.00000,0.00000,none
22.57500,89.99716,83.09535,0.96711,-0.01041,-0.00003,0.00736,0.00279,60.00000,60.00000,156.90465,0.00000,0.12260,0.00061,1.00000,1.00000,0.00000,0.00000,none
22.57917,89.99717,83.09630,0.96698,-0.01041,-0.00003,0.00737,0.00279,60.00000,60.00000,156.90370,0.00000,0.12260,0.00061,1.00000,1.00000,0.00000,0.00000,none
22.58333,89.99718,83.09724,0.96684,-0.01041,-0.00003,0.00738,0.00279,60.00000,60.00000,156.90276,0.00000,0.12260,0.00062,1.00000,1.00000,0.00000,0.00000,none
22.58750,89.99719,83.09819,0.96671,-0.01041,-0.00003,0.00740,0.00279,60.00000,60.00000,156.90181,0.00000,0.12261,0.00062,1.00000,1.00000,0.00000,0.00000,none
22.59167,89.99719,83.09913,0.96658,-0.01041,-0.00003,0.00741,0.00279,60.00000,60.00000,156.90087,0.00000,0.12261,0.00062,1.00000,1.00000,0.00000,0.00000,none
22.59583,89.99720,83.10008,0.96644,-0.01041,-0.00003,0.00742,0.00279,60.00000,60.00000,156.89992,0.00000,0.12262,0.00062,1.00000,1.00000,0.00000,0.00000,none
22.60000,89.99721,83.10102,0.96631,-0.01042,-0.00003,0.00743,0.00279,60.00000,60.00000,156.89898,0.00000,0.12262,0.00062,1.00000,1.00000,0.00000,0.00000,none
22.60417,89.99722,83.10197,0.96618,-0.01042,-0.00003,0.00744,0.00279,60.00000,60.00000,156.89803,0.00000,0.12262,0.00062,1.00000,1.00000,0.00000,0.00000,none
22.60833,89.99723,83.10291,0.96605,-0.01042,-0.00003,0.00745,0.00279,60.00000,60.00000,156.89709,0.00000,0.12263,0.00062,1.00000,1.00000,0.00000,0.00000,none
22.61250,89.99723,83.10385,0.96591,-0.01042,-0.00003,0.00747,0.00279,60.00000,60.00000,156.89615,0.00000,0.12263,0.00062,1.00000,1.00000,0.00000,0.00000,none
22.61667,89.99724,83.10480,0.96578,-0.01042,-0.00003,0.00748,0.00279,60.00000,60.00000,156.89520,0.00000,0.12264,0.00062,1.00000,1.00000,0.00000,0.00000,none
22.62083,89.99725,83.10574,0.96565,-0.01042,-0.00003,0.00749,0.00279,60.00000,60.00000,156.89426,0.00000,0.12264,0.00062,1.00000,1.00000,0.00000,0.00000,none
22.62500,89.99726,83.10668,0.96552,-0.01042,-0.00003,0.00750,0.00279,60.00000,60.00000,156.89332,0.00000,0.12264,0.00063,1.00000,1.00000,0.00000,0.00000,none
22.62917,89.99727,83.10762,0.96538,-0.01042,-0.00003,0.00751,0.00279,60.00000,60.00000,156.89238,0.00000,0.12265,0.00063,1.00000,1.00000,0.00000,0.00000,none
22.63333,89.99727,83.10857,0.96525,-0.01042,-0.00003,0.00752,0.00278,60.00000,60.00000,156.89143,0.00000,0.12265,0.00063,1.00000,1.00000,0.00000,0.00000,none
22.63750,89.99728,83.10951,0.96512,-0.01043,-0.00003,0.00754,0.00278,60.00000,60.00000,156.89049,0.00000,0.12265,0.00063,1.00000,1.00000,0.00000,0.00000,none
22.64167,89.99729,83.11045,0.96499,-0.01043,-0.00003,0.00755,0.00278,60.00000,60.00000,156.88955,0.00000,0.12266,0.00063,1.00000,1.00000,0.00000,0.00000,none
22.64583,89.99730,83.11139,0.96486,-0.01043,-0.00003,0.00756,0.00278,60.00000,60.00000,156.88861,0.00000,0.12266,0.00063,1.00000,1.00000,0.00000,0.00000,none
22.65000,89.99731,83.11233,0.96472,-0.01043,-0.00003,0.00757,0.00278,60.00000,60.00000,156.88767,0.00000,0.12267,0.00063,1.00000,1.00000,0.00000,0.00000,none
22.65417,89.99731,83.11328,0.96459,-0.01043,-0.00003,0.00758,0.00277,60.00000,60.00000,156.88672,0.00000,0.12267,0.00063,1.00000,1.00000,0.00000,0.00000,none
22.65833,89.99732,83.11422,0.96446,-0.01043,-0.00003,0.00759,0.00277,60.00000,60.00000,156.88578,0.00000,0.12267,0.00063,1.00000,1.00000,0.00000,0.00000,none
22.66250,89.99733,83.11516,0.96433,-0.01043,-0.00003,0.00760,0.00277,60.00000,60.00000,156.88484,0.00000,0.12268,0.00063,1.00000,1.00000,0.00000,0.00000,none
22.66667,89.99734,83.11610,0.96419,-0.01043,-0.00003,0.00762,0.00277,60.00000,60.00000,156.88390,0.00000,0.12268,0.00063,1.00000,1.00000,0.00000,0.00000,none
22.67083,89.99735,83.11704,0.96406,-0.01043,-0.00003,0.00763,0.00276,60.00000,60.00000,156.88296,0.00000,0.12269,0.00064,1.00000,1.00000,0.00000,0.00000,none
22.67500,89.99735,83.11798,0.96393,-0.01044,-0.00003,0.00764,0.00276,60.00000,60.00000,156.88202,0.00000,0.12269,0.00064,1.00000,1.00000,0.00000,0.00000,none
22.67917,89.99736,83.11892,0.96380,-0.01044,-0.00003,0.00765,0.00276,60.00000,60.00000,156.88108,0.00000,0.12269,0.00064,1.00000,1.00000,0.00000,0.00000,none
22.68333,89.99737,83.11986,0.96367,-0.01044,-0.00003,0.00766,0.00275,60.00000,60.00000,156.88014,0.00000,0.12270,0.00064,1.00000,1.00000,0.00000,0.00000,none
22.68750,89.99738,83.12080,0.96353,-0.01044,-0.00003,0.00767,0.00275,60.00000,60.00000,156.87920,0.00000,0.12270,0.00064,1.00000,1.00000,0.00000,0.00000,none
22.69167,89.99739,83.12174,0.96340,-0.01044,-0.00003,0.00769,0.00274,60.00000,60.00000,156.87826,0.00000,0.12271,0.00064,1.00000,1.00000,0.00000,0.00000,none
22.69583,89.99739,83.12268,0.96327,-0.01044,-0.00003,0.00770,0.00274,60.00000,60.00000,156.87732,0.00000,0.12271,0.00064,1.00000,1.00000,0.00000,0.00000,none
22.70000,89.99740,83.12361,0.96314,-0.01044,-0.00003,0.00771,0.00274,60.00000,60.00000,156.87639,0.00000,0.12271,0.00064,1.00000,1.00000,0.00000,0.00000,none
22.70417,89.99741,83.12455,0.96301,-0.01044,-0.00003,0.00772,0.00273,60.00000,60.00000,156.87545,0.00000,0.12272,0.00064,1.00000,1.00000,0.00000,0.00000,none
22.70833,89.99742,83.12549,0.96288,-0.01044,-0.00003,0.00773,0.00273,60.00000,60.00000,156.87451,0.00000,0.12272,0.00064,1.00000,1.00000,0.00000,0.00000,none
22.71250,89.99743,83.12643,0.96274,-0.01045,-0.00003,0.00774,0.00272,60.00000,60.00000,156.87357,0.00000,0.12272,0.00065,1.00000,1.00000,0.00000,0.00000,none
22.71667,89.99743,83.12737,0.96261,-0.01045,-0.00003,0.00775,0.00272,60.00000,60.00000,156.87263,0.00000,0.12273,0.00065,1.00000,1.00000,0.00000,0.00000,none
22.72083,89.99744,83.12831,0.96248,-0.01045,-0.00003,0.00776,0.00271,60.00000,60.00000,156.87169,0.00000,0.12273,0.00065,1.00000,1.00000,0.00000,0.00000,none
22.72500,89.99745,83.12924,0.96235,-0.01045,-0.00003,0.00778,0.00271,60.00000,60.00000,156.87076,0.00000,0.12274,0.00065,1.00000,1.00000,0.00000,0.00000,none
22.72917,89.99746,83.13018,0.96222,-0.01045,-0.00003,0.00779,0.00270,60.00000,60.00000,156.86982,0.00000,0.12274,0.00065,1.00000,1.00000,0.00000,0.00000,none
22.73333,89.99747,83.13112,0.96209,-0.01045,-0.00003,0.00780,0.00269,60.00000,60.00000,156.86888,0.00000,0.12274,0.00065,1.00000,1.00000,0.00000,0.00000,none
22.73750,89.99747,83.13205,0.96195,-0.01045,-0.00003,0.00781,0.00269,60.00000,60.00000,156.86795,0.00000,0.12275,0.00065,1.00000,1.00000,0.00000,0.00000,none
22.74167,89.99748,83.13299,0.96182,-0.01045,-0.00003,0.00782,0.00268,60.00000,60.00000,156.86701,0.00000,0.12275,0.00065,1.00000,1.00000,0.00000,0.00000,none
22.74583,89.99749,83.13393,0.96169,-0.01045,-0.00003,0.00783,0.00268,60.00000,60.00000,156.86607,0.00000,0.12276,0.00065,1.00000,1.00000,0.00000,0.00000,none
22.75000,89.99750,83.13486,0.96156,-0.01046,-0.00003,0.00784,0.00267,60.00000,60.00000,156.86514,0.00000,0.12276,0.00065,1.00000,1.00000,0.00000,0.00000,none
22.75417,89.99751,83.13580,0.96143,-0.01046,-0.00003,0.00785,0.00266,60.00000,60.00000,156.86420,0.00000,0.12276,0.00065,1.00000,1.00000,0.00000,0.00000,none
22.75833,89.99751,83.13673,0.96130,-0.01046,-0.00003,0.00787,0.00266,60.00000,60.00000,156.86327,0.00000,0.12277,0.00066,1.00000,1.00000,0.00000,0.00000,none
22.76250,89.99752,83.13767,0.96117,-0.01046,-0.00003,0.00788,0.00265,60.00000,60.00000,156.86233,0.00000,0.12277,0.00066,1.00000,1.00000,0.00000,0.00000,none
22.76667,89.99753,83.13861,0.96103,-0.01046,-0.00003,0.00789,0.00264,60.00000,60.00000,156.86139,0.00000,0.12277,0.00066,1.00000,1.00000,0.00000,0.00000,none
22.77083,89.99754,83.13954,0.96090,-0.01046,-0.00003,0.00790,0.00264,60.00000,60.00000,156.86046,0.00000,0.12278,0.00066,1.00000,1.00000,0.00000,0.00000,none
22.77500,89.99755,83.14048,0.96077,-0.01046,-0.00003,0.00791,0.00263,60.00000,60.00000,156.85952,0.00000,0.12278,0.00066,1.00000,1.00000,0.00000,0.00000,none
22.77917,89.99755,83.14141,0.96064,-0.01046,-0.00003,0.00792,0.00262,60.00000,60.00000,156.85859,0.00000,0.12279,0.00066,1.00000,1.00000,0.00000,0.00000,none
22.78333,89.99756,83.14234,0.96051,-0.01046,-0.00003,0.00793,0.00261,60.00000,60.00000,156.85766,0.00000,0.12279,0.00066,1.00000,1.00000,0.00000,0.00000,none
22.78750,89.99757,83.14328,0.96038,-0.01047,-0.00003,0.00794,0.00261,60.00000,60.00000,156.85672,0.00000,0.12279,0.00066,1.00000,1.00000,0.00000,0.00000,none
22.79167,89.99758,83.14421,0.96025,-0.01047,-0.00003,0.00795,0.00260,60.00000,60.00000,156.85579,0.00000,0.12280,0.00066,1.00000,1.00000,0.00000,0.00000,none
22.79583,89.99759,83.14515,0.96012,-0.01047,-0.00003,0.00796,0.00259,60.00000,60.00000,156.85485,0.00000,0.12280,0.00066,1.00000,1.00000,0.00000,0.00000,none
22.80000,89.99759,83.14608,0.95998,-0.01047,-0.00003,0.00797,0.00258,60.00000,60.00000,156.85392,0.00000,0.12281,0.00066,1.00000,1.00000,0.00000,0.00000,none
22.80417,89.99760,83.14701,0.95985,-0.01047,-0.00003,0.00799,0.00257,60.00000,60.00000,156.85299,0.00000,0.12281,0.00067,1.00000,1.00000,0.00000,0.00000,none
22.80833,89.99761,83.14795,0.95972,-0.01047,-0.00003,0.00800,0.00256,60.00000,60.00000,156.85205,0.00000,0.12281,0.00067,1.00000,1.00000,0.00000,0.00000,none
22.81250,89.99762,83.14888,0.95959,-0.01047,-0.00003,0.00801,0.00256,60.00000,60.00000,156.85112,0.00000,0.12282,0.00067,1.00000,1.00000,0.00000,0.00000,none
22.81667,89.99763,83.14981,0.95946,-0.01047,-0.00003,0.00802,0.00255,60.00000,60.00000,156.85019,0.00000,0.12282,0.00067,1.00000,1.00000,0.00000,0.00000,none
22.82083,89.99763,83.15074,0.95933,-0.01047,-0.00003,0.00803,0.00254,60.00000,60.00000,156.84926,0.00000,0.12282,0.00067,1.00000,1.00000,0.00000,0.00000,none
22.82500,89.99764,83.15168,0.95920,-0.01047,-0.00003,0.00804,0.00253,60.00000,60.00000,156.84832,0.00000,0.12283,0.00067,1.00000,1.00000,0.00000,0.00000,none
22.82917,89.99765,83.15261,0.95907,-0.01048,-0.00003,0.00805,0.00252,60.00000,60.00000,156.84739,0.00000,0.12283,0.00067,1.00000,1.00000,0.00000,0.00000,none
22.83333,89.99766,83.15354,0.95894,-0.01048,-0.00003,0.00806,0.00251,60.00000,60.00000,156.84646,0.00000,0.12284,0.00067,1.00000,1.00000,0.00000,0.00000,none
22.83750,89.99767,83.15447,0.95881,-0.01048,-0.00003,0.00807,0.00250,60.00000,60.00000,156.84553,0.00000,0.12284,0.00067,1.00000,1.00000,0.00000,0.00000,none
22.84167,89.99767,83.15540,0.95868,-0.01048,-0.00003,0.00808,0.00249,60.00000,60.00000,156.84460,0.00000,0.12284,0.00067,1.00000,1.00000,0.00000,0.00000,none
22.84583,89.99768,83.15633,0.95854,-0.01048,-0.00003,0.00809,0.00248,60.00000,60.00000,156.84367,0.00000,0.12285,0.00067,1.00000,1.00000,0.00000,0.00000,none
22.85000,89.99769,83.15727,0.95841,-0.01048,-0.00003,0.00810,0.00247,60.00000,60.00000,156.84273,0.00000,0.12285,0.00068,1.00000,1.00000,0.00000,0.00000,none
22.85417,89.99770,83.15820,0.95828,-0.01048,-0.00003,0.00811,0.00246,60.00000,60.00000,156.84180,0.00000,0.12286,0.00068,1.00000,1.00000,0.00000,0.00000,none
22.85833,89.99771,83.15913,0.95815,-0.01048,-0.00003,0.00812,0.00245,60.00000,60.00000,156.84087,0.00000,0.12286,0.00068,1.00000,1.00000,0.00000,0.00000,none
22.86250,89.99771,83.16006,0.95802,-0.01048,-0.00003,0.00813,0.00244,60.00000,60.00000,156.83994,0.00000,0.12286,0.00068,1.00000,1.00000,0.00000,0.00000,none
22.86667,89.99772,83.16099,0.95789,-0.01049,-0.00003,0.00814,0.00243,60.00000,60.00000,156.83901,0.00000,0.12287,0.00068,1.00000,1.00000,0.00000,0.00000,none
22.87083,89.99773,83.16192,0.95776,-0.01049,-0.00003,0.00815,0.00242,60.00000,60.00000,156.83808,0.00000,0.12287,0.00068,1.00000,1.00000,0.00000,0.00000,none
22.87500,89.99774,83.16285,0.95763,-0.01049,-0.00003,0.00816,0.00241,60.00000,60.00000,156.83715,0.00000,0.12287,0.00068,1.00000,1.00000,0.00000,0.00000,none
22.87917,89.99775,83.16378,0.95750,-0.01049,-0.00003,0.00817,0.00240,60.00000,60.00000,156.83622,0.00000,0.12288,0.00068,1.00000,1.00000,0.00000,0.00000,none
22.88333,89.99775,83.16471,0.95737,-0.01049,-0.00003,0.00818,0.00239,60.00000,60.00000,156.83529,0.00000,0.12288,0.00068,1.00000,1.00000,0.00000,0.00000,none
22.88750,89.99776,83.16563,0.95724,-0.01049,-0.00003,0.00819,0.00238,60.00000,60.00000,156.83437,0.00000,0.12289,0.00068,1.00000,1.00000,0.00000,0.00000,none
22.89167,89.99777,83.16656,0.95711,-0.01049,-0.00003,0.00820,0.00237,60.00000,60.00000,156.83344,0.00000,0.12289,0.00068,1.00000,1.00000,0.00000,0.00000,none
22.89583,89.99778,83.16749,0.95698,-0.01049,-0.00003,0.00821,0.00236,60.00000,60.00000,156.83251,0.00000,0.12289,0.00068,1.00000,1.00000,0.00000,0.00000,none
22.90000,89.99779,83.16842,0.95685,-0.01049,-0.00003,0.00822,0.00234,60.00000,60.00000,156.83158,0.00000,0.12290,0.00069,1.00000,1.00000,0.00000,0.00000,none
22.90417,89.99780,83.16935,0.95672,-0.01050,-0.00003,0.00823,0.00233,60.00000,60.00000,156.83065,0.00000,0.12290,0.00069,1.00000,1.00000,0.00000,0.00000,none
22.90833,89.99780,83.17028,0.95659,-0.01050,-0.00003,0.00824,0.00232,60.00000,60.00000,156.82972,0.00000,0.12291,0.00069,1.00000,1.00000,0.00000,0.00000,none
22.91250,89.99781,83.17120,0.95646,-0.01050,-0.00003,0.00825,0.00231,60.00000,60.00000,156.82880,0.00000,0.12291,0.00069,1.00000,1.00000,0.00000,0.00000,none
22.91667,89.99782,83.17213,0.95633,-0.01050,-0.00003,0.00826,0.00230,60.00000,60.00000,156.82787,0.00000,0.12291,0.00069,1.00000,1.00000,0.00000,0.00000,none
22.92083,89.99783,83.17306,0.95620,-0.01050,-0.00003,0.00827,0.00229,60.00000,60.00000,156.82694,0.00000,0.12292,0.00069,1.00000,1.00000,0.00000,0.00000,none
22.92500,89.99784,83.17399,0.95607,-0.01050,-0.00003,0.00828,0.00227,60.00000,60.00000,156.82601,0.00000,0.12292,0.00069,1.00000,1.00000,0.00000,0.00000,none
22.92917,89.99784,83.17491,0.95594,-0.01050,-0.00003,0.00829,0.00226,60.00000,60.00000,156.82509,0.00000,0.12292,0.00069,1.00000,1.00000,0.00000,0.00000,none
22.93333,89.99785,83.17584,0.95581,-0.01050,-0.00003,0.00830,0.00225,60.00000,60.00000,156.82416,0.00000,0.12293,0.00069,1.00000,1.00000,0.00000,0.00000,none
22.93750,89.99786,83.17676,0.95568,-0.01050,-0.00003,0.00831,0.00224,60.00000,60.00000,156.82324,0.00000,0.12293,0.00069,1.00000,1.00000,0.00000,0.00000,none
22.94167,89.99787,83.17769,0.95555,-0.01051,-0.00003,0.00832,0.00222,60.00000,60.00000,156.82231,0.00000,0.12294,0.00069,1.00000,1.00000,0.00000,0.00000,none
22.94583,89.99788,83.17862,0.95542,-0.01051,-0.00003,0.00833,0.00221,60.00000,60.00000,156.82138,0.00000,0.12294,0.00069,1.00000,1.00000,0.00000,0.00000,none
22.95000,89.99788,83.17954,0.95529,-0.01051,-0.00003,0.00834,0.00220,60.00000,60.00000,156.82046,0.00000,0.12294,0.00069,1.00000,1.00000,0.00000,0.00000,none
22.95417,89.99789,83.18047,0.95516,-0.01051,-0.00003,0.00834,0.00219,60.00000,60.00000,156.81953,0.00000,0.12295,0.00070,1.00000,1.00000,0.00000,0.00000,none
22.95833,89.99790,83.18139,0.95503,-0.01051,-0.00003,0.00835,0.00217,60.00000,60.00000,156.81861,0.00000,0.12295,0.00070,1.00000,1.00000,0.00000,0.00000,none
22.96250,89.99791,83.18232,0.95490,-0.01051,-0.00003,0.00836,0.00216,60.00000,60.00000,156.81768,0.00000,0.12296,0.00070,1.00000,1.00000,0.00000,0.00000,none
22.96667,89.99792,83.18324,0.95477,-0.01051,-0.00003,0.00837,0.00215,60.00000,60.00000,156.81676,0.00000,0.12296,0.00070,1.00000,1.00000,0.00000,0.00000,none
22.97083,89.99792,83.18417,0.95464,-0.01051,-0.00003,0.00838,0.00213,60.00000,60.00000,156.81583,0.00000,0.12296,0.00070,1.00000,1.00000,0.00000,0.00000,none
22.97500,89.99793,83.18509,0.95451,-0.01051,-0.00003,0.00839,0.00212,60.00000,60.00000,156.81491,0.00000,0.12297,0.00070,1.00000,1.00000,0.00000,0.00000,none
22.97917,89.99794,83.18602,0.95438,-0.01052,-0.00003,0.00840,0.00211,60.00000,60.00000,156.81398,0.00000,0.12297,0.00070,1.00000,1.00000,0.00000,0.00000,none
22.98333,89.99795,83.18694,0.95425,-0.01052,-0.00003,0.00841,0.00209,60.00000,60.00000,156.81306,0.00000,0.12297,0.00070,1.00000,1.00000,0.00000,0.00000,none
22.98750,89.99796,83.18786,0.95412,-0.01052,-0.00003,0.00842,0.00208,60.00000,60.00000,156.81214,0.00000,0.12298,0.00070,1.00000,1.00000,0.00000,0.00000,none
22.99167,89.99797,83.18879,0.95399,-0.01052,-0.00003,0.00842,0.00207,60.00000,60.00000,156.81121,0.00000,0.12298,0.00070,1.00000,1.00000,0.00000,0.00000,none
22.99583,89.99797,83.18971,0.95386,-0.01052,-0.00003,0.00843,0.00205,60.00000,60.00000,156.81029,0.00000,0.12299,0.00070,1.00000,1.00000,0.00000,0.00000,none
23.00000,89.99798,83.19063,0.95373,-0.01052,-0.00003,0.00844,0.00204,60.00000,60.00000,156.80937,0.00000,0.12299,0.00070,1.00000,1.00000,0.00000,0.00000,none