t,TWA,AWA,u,v,r,phi,p,delta,deltaMax,alpha,CL,CD,amaLoad,brailLee,brailWind,crewPos,crewPosX,shuntPhase
0.00000,,,1.00000,0.00000,0.00000,0.00000,0.00000,0.00000,,,,,0.00000,,,,,none
0.00417,49.99998,40.57612,1.00128,-0.00482,0.00016,0.00000,0.00010,0.37500,25.00000,139.79888,1.27931,0.57337,0.00000,0.00000,0.00000,0.19958,0.00000,none
0.00833,49.99992,40.53201,1.00256,-0.00956,0.00032,0.00000,-0.00018,0.75000,25.00000,140.21799,1.27164,0.56286,0.00000,0.00000,0.00000,0.19917,0.00000,none
0.01250,49.99983,40.48859,1.00386,-0.01422,0.00046,-0.00000,-0.00086,1.12500,25.00000,140.63641,1.26339,0.55219,0.00000,0.00000,0.00000,0.19875,0.00000,none
0.01667,49.99970,40.44590,1.00516,-0.01880,0.00060,-0.00001,-0.00170,1.50000,25.00000,141.05410,1.25515,0.54170,0.00000,0.00000,0.00000,0.19750,0.00000,none
0.02083,49.99954,40.40393,1.00646,-0.02330,0.00073,-0.00002,-0.00266,1.87500,25.00000,141.47107,1.24693,0.53138,0.00000,0.00000,0.00000,0.19625,0.00000,none
0.02500,49.99935,40.36270,1.00778,-0.02772,0.00086,-0.00003,-0.00375,2.25000,25.00000,141.88730,1.23872,0.52123,0.00000,0.00000,0.00000,0.19500,0.00000,none
0.02917,49.99914,40.32221,1.00909,-0.03206,0.00097,-0.00005,-0.00497,2.62500,25.00000,142.30279,1.22967,0.51080,0.00000,0.00000,0.00000,0.19375,0.00000,none
0.03333,49.99889,40.28249,1.01042,-0.03631,0.00108,-0.00007,-0.00635,3.00000,25.00000,142.71751,1.22031,0.50038,0.00001,0.00000,0.00000,0.19250,0.00000,none
0.03750,49.99862,40.24358,1.01174,-0.04048,0.00118,-0.00010,-0.00791,3.37500,25.00000,143.13142,1.21097,0.49014,0.00001,0.00000,0.00000,0.19125,0.00000,none
0.04167,49.99833,40.20546,1.01307,-0.04456,0.00128,-0.00014,-0.00963,3.75000,25.00000,143.54454,1.20164,0.48009,0.00001,0.00000,0.00000,0.19000,0.00000,none
0.04583,49.99801,40.16814,1.01440,-0.04856,0.00136,-0.00018,-0.01151,4.12500,25.00000,143.95686,1.19234,0.47021,0.00002,0.00000,0.00000,0.18875,0.00000,none
0.05000,49.99768,40.13163,1.01574,-0.05247,0.00144,-0.00023,-0.01355,4.50000,25.00000,144.36837,1.18210,0.46003,0.00002,0.00000,0.00000,0.18750,0.00000,none
0.05417,49.99732,40.09595,1.01707,-0.05629,0.00152,-0.00029,-0.01579,4.87500,25.00000,144.77905,1.17177,0.44998,0.00003,0.00000,0.00000,0.18625,0.00000,none
0.05833,49.99695,40.06112,1.01841,-0.06003,0.00159,-0.00037,-0.01823,5.25000,25.00000,145.18888,1.16147,0.44012,0.00004,0.00000,0.00000,0.18500,0.00000,none
0.06250,49.99657,40.02714,1.01974,-0.06368,0.00165,-0.00045,-0.02086,5.62500,25.00000,145.59786,1.15118,0.43044,0.00004,0.00000,0.00000,0.18375,0.00000,none
0.06667,49.99617,39.99399,1.02108,-0.06724,0.00171,-0.00054,-0.02367,6.00000,25.00000,146.00601,1.14090,0.42094,0.00005,0.00000,0.00000,0.18250,0.00000,none
0.07083,49.99575,39.96168,1.02242,-0.07071,0.00176,-0.00064,-0.02666,6.37500,25.00000,146.41332,1.12969,0.41115,0.00006,0.00000,0.00000,0.18125,0.00000,none
0.07500,49.99533,39.93025,1.02376,-0.07410,0.00180,-0.00076,-0.02988,6.75000,25.00000,146.81975,1.11850,0.40156,0.00008,0.00000,0.00000,0.18000,0.00000,none
0.07917,49.99489,39.89969,1.02509,-0.07739,0.00184,-0.00089,-0.03331,7.12500,25.00000,147.22531,1.10733,0.39216,0.00009,0.00000,0.00000,0.17875,0.00000,none
0.08333,49.99445,39.86999,1.02643,-0.08060,0.00188,-0.00104,-0.03696,7.50000,25.00000,147.63001,1.09619,0.38294,0.00010,0.00000,0.00000,0.17750,0.00000,none
0.08750,49.99400,39.84115,1.02776,-0.08372,0.00191,-0.00120,-0.04080,7.87500,25.00000,148.03385,1.08499,0.37387,0.00012,0.00000,0.00000,0.17625,0.00000,none
0.09167,49.99354,39.81316,1.02909,-0.08675,0.00193,-0.00138,-0.04484,8.25000,25.00000,148.43684,1.07302,0.36462,0.00014,0.00000,0.00000,0.17500,0.00000,none
0.09583,49.99308,39.78606,1.03042,-0.08969,0.00195,-0.00158,-0.04912,8.62500,25.00000,148.83894,1.06107,0.35555,0.00016,0.00000,0.00000,0.17375,0.00000,none
0.10000,49.99261,39.75984,1.03175,-0.09255,0.00197,-0.00179,-0.05363,9.00000,25.00000,149.24016,1.04915,0.34668,0.00018,0.00000,0.00000,0.17250,0.00000,none
0.10417,49.99214,39.73449,1.03307,-0.09532,0.00198,-0.00202,-0.05837,9.37500,25.00000,149.64051,1.03725,0.33799,0.00020,0.00000,0.00000,0.17125,0.00000,none
0.10833,49.99166,39.70999,1.03439,-0.09800,0.00198,-0.00228,-0.06331,9.75000,25.00000,150.04001,1.02530,0.32945,0.00023,0.00000,0.00000,0.17000,0.00000,none
0.11250,49.99119,39.68635,1.03570,-0.10059,0.00199,-0.00255,-0.06847,10.12500,25.00000,150.43865,1.01270,0.32079,0.00026,0.00000,0.00000,0.16875,0.00000,none
0.11667,49.99072,39.66359,1.03701,-0.10310,0.00198,-0.00285,-0.07386,10.50000,25.00000,150.83641,1.00012,0.31233,0.00028,0.00000,0.00000,0.16750,0.00000,none
0.12083,49.99024,39.64169,1.03832,-0.10553,0.00198,-0.00317,-0.07949,10.87500,25.00000,151.23331,0.98757,0.30404,0.00032,0.00000,0.00000,0.16625,0.00000,none
0.12500,49.98977,39.62066,1.03962,-0.10786,0.00197,-0.00351,-0.08535,11.25000,25.00000,151.62934,0.97505,0.29595,0.00035,0.00000,0.00000,0.16500,0.00000,none
0.12917,49.98930,39.60046,1.04092,-0.11012,0.00196,-0.00388,-0.09143,11.62500,25.00000,152.02454,0.96252,0.28801,0.00039,0.00000,0.00000,0.16375,0.00000,none
0.13333,49.98884,39.58111,1.04221,-0.11229,0.00194,-0.00427,-0.09772,12.00000,25.00000,152.41889,0.94941,0.28001,0.00043,0.00000,0.00000,0.16250,0.00000,none
0.13750,49.98838,39.56261,1.04349,-0.11438,0.00192,-0.00469,-0.10425,12.37500,25.00000,152.81239,0.93632,0.27219,0.00047,0.00000,0.00000,0.16125,0.00000,none
0.14167,49.98792,39.54495,1.04477,-0.11639,0.00190,-0.00514,-0.11102,12.75000,25.00000,153.20505,0.92327,0.26455,0.00051,0.00000,0.00000,0.16000,0.00000,none
0.14583,49.98747,39.52813,1.04603,-0.11831,0.00188,-0.00562,-0.11801,13.12500,25.00000,153.59687,0.91024,0.25708,0.00056,0.00000,0.00000,0.15875,0.00000,none
0.15000,49.98702,39.51214,1.04729,-0.12016,0.00185,-0.00613,-0.12521,13.50000,25.00000,153.98786,0.89724,0.24980,0.00061,0.00000,0.00000,0.15750,0.00000,none
0.15417,49.98659,39.49695,1.04855,-0.12193,0.00182,-0.00666,-0.13263,13.87500,25.00000,154.37805,0.88375,0.24248,0.00067,0.00000,0.00000,0.15625,0.00000,none
0.15833,49.98616,39.48259,1.04979,-0.12361,0.00179,-0.00723,-0.14028,14.25000,25.00000,154.76741,0.87027,0.23534,0.00072,0.00000,0.00000,0.15500,0.00000,none
0.16250,49.98573,39.46904,1.05103,-0.12522,0.00175,-0.00783,-0.14816,14.62500,25.00000,155.15596,0.85682,0.22837,0.00078,0.00000,0.00000,0.15375,0.00000,none
0.16667,49.98532,39.45630,1.05225,-0.12676,0.00171,-0.00847,-0.15626,15.00000,25.00000,155.54370,0.84340,0.22157,0.00085,0.00000,0.00000,0.15250,0.00000,none
0.17083,49.98492,39.44435,1.05347,-0.12822,0.00167,-0.00914,-0.16456,15.37500,25.00000,155.93065,0.83000,0.21494,0.00091,0.00000,0.00000,0.15125,0.00000,none
0.17500,49.98452,39.43317,1.05467,-0.12960,0.00163,-0.00984,-0.17308,15.75000,25.00000,156.31683,0.81631,0.20836,0.00098,0.00000,0.00000,0.15000,0.00000,none
0.17917,49.98414,39.42279,1.05587,-0.13091,0.00159,-0.01058,-0.18180,16.12500,25.00000,156.70221,0.80258,0.20193,0.00106,0.00000,0.00000,0.14875,0.00000,none
0.18333,49.98376,39.41317,1.05705,-0.13215,0.00155,-0.01135,-0.19074,16.50000,25.00000,157.08683,0.78887,0.19565,0.00114,0.00000,0.00000,0.14750,0.00000,none
0.18750,49.98340,39.40433,1.05822,-0.13332,0.00150,-0.01217,-0.19989,16.87500,25.00000,157.47067,0.77520,0.18955,0.00122,0.00000,0.00000,0.14625,0.00000,none
0.19167,49.98305,39.39624,1.05938,-0.13441,0.00145,-0.01302,-0.20923,17.25000,25.00000,157.85376,0.76154,0.18360,0.00130,0.00000,0.00000,0.14500,0.00000,none
0.19583,49.98271,39.38889,1.06053,-0.13544,0.00140,-0.01391,-0.21877,17.62500,25.00000,158.23611,0.74773,0.17774,0.00139,0.00000,0.00000,0.14375,0.00000,none
0.20000,49.98238,39.38228,1.06166,-0.13640,0.00135,-0.01484,-0.22850,18.00000,25.00000,158.61772,0.73382,0.17200,0.00148,0.00000,0.00000,0.14250,0.00000,none
0.20417,49.98206,39.37641,1.06278,-0.13729,0.00130,-0.01582,-0.23843,18.37500,25.00000,158.99859,0.71993,0.16642,0.00158,0.00000,0.00000,0.14125,0.00000,none
0.20833,49.98176,39.37126,1.06388,-0.13812,0.00125,-0.01683,-0.24854,18.75000,25.00000,159.37874,0.70608,0.16100,0.00168,0.00000,0.00000,0.14000,0.00000,none
0.21250,49.98147,39.36683,1.06497,-0.13888,0.00119,-0.01789,-0.25884,19.12500,25.00000,159.75817,0.69225,0.15572,0.00179,0.00000,0.00000,0.13875,0.00000,none
0.21667,49.98119,39.36311,1.06604,-0.13958,0.00114,-0.01899,-0.26931,19.50000,25.00000,160.13689,0.67838,0.15057,0.00190,0.00000,0.00000,0.13750,0.00000,none
0.22083,49.98092,39.36008,1.06710,-0.14022,0.00108,-0.02013,-0.27995,19.87500,25.00000,160.51492,0.66443,0.14554,0.00201,0.00000,0.00000,0.13625,0.00000,none
0.22500,49.98067,39.35774,1.06814,-0.14079,0.00103,-0.02132,-0.29077,20.25000,25.00000,160.89226,0.65051,0.14065,0.00213,0.00000,0.00000,0.13500,0.00000,none
0.22917,49.98043,39.35609,1.06916,-0.14131,0.00097,-0.02256,-0.30175,20.62500,25.00000,161.26891,0.63661,0.13591,0.00226,0.00000,0.00000,0.13375,0.00000,none
0.23333,49.98021,39.35511,1.07016,-0.14176,0.00091,-0.02384,-0.31289,21.00000,25.00000,161.64489,0.62274,0.13130,0.00238,0.00000,0.00000,0.13250,0.00000,none
0.23750,49.98000,39.35479,1.07115,-0.14216,0.00085,-0.02517,-0.32419,21.37500,25.00000,162.02021,0.60888,0.12683,0.00252,0.00000,0.00000,0.13125,0.00000,none
0.24167,49.97980,39.35513,1.07212,-0.14250,0.00079,-0.02654,-0.33562,21.75000,25.00000,162.39487,0.59499,0.12248,0.00265,0.00000,0.00000,0.13000,0.00000,none
0.24583,49.97962,39.35612,1.07307,-0.14279,0.00073,-0.02796,-0.34721,22.12500,25.00000,162.76888,0.58112,0.11827,0.00280,0.00000,0.00000,0.12875,0.00000,none
0.25000,49.97945,39.35774,1.07400,-0.14302,0.00068,-0.02943,-0.35893,22.50000,25.00000,163.14226,0.56727,0.11418,0.00294,0.00000,0.00000,0.12750,0.00000,none
0.25417,49.97930,39.36000,1.07491,-0.14320,0.00062,-0.03095,-0.37078,22.87500,25.00000,163.51500,0.55345,0.11023,0.00310,0.00000,0.00000,0.12625,0.00000,none
0.25833,49.97916,39.36288,1.07580,-0.14332,0.00056,-0.03252,-0.38276,23.25000,25.00000,163.88712,0.53965,0.10640,0.00325,0.00000,0.00000,0.12500,0.00000,none
0.26250,49.97903,39.36637,1.07667,-0.14340,0.00050,-0.03414,-0.39486,23.62500,25.00000,164.25863,0.52591,0.10271,0.00341,0.00000,0.00000,0.12375,0.00000,none
0.26667,49.97892,39.37046,1.07752,-0.14342,0.00044,-0.03581,-0.40707,24.00000,25.00000,164.62954,0.51222,0.09914,0.00358,0.00000,0.00000,0.12250,0.00000,none
0.27083,49.97882,39.37515,1.07834,-0.14340,0.00038,-0.03754,-0.41939,24.37500,25.00000,164.99985,0.49854,0.09569,0.00375,0.00000,0.00000,0.12125,0.00000,none
0.27500,49.97874,39.38042,1.07915,-0.14332,0.00032,-0.03931,-0.43181,24.75000,25.00000,165.36958,0.48488,0.09236,0.00393,0.00000,0.00000,0.12000,0.00000,none
0.27917,49.97867,39.38628,1.07993,-0.14320,0.00026,-0.04114,-0.44432,25.00000,25.00000,165.61372,0.47587,0.09023,0.00411,0.00000,0.00000,0.11875,0.00000,none
0.28333,49.97862,39.39249,1.08070,-0.14306,0.00020,-0.04301,-0.45667,25.00000,25.00000,165.60751,0.47610,0.09028,0.00430,0.00000,0.00000,0.11750,0.00000,none
0.28750,49.97858,39.39863,1.08146,-0.14291,0.00014,-0.04494,-0.46836,25.00000,25.00000,165.60137,0.47632,0.09033,0.00449,0.00000,0.00000,0.11625,0.00000,none
0.29167,49.97855,39.40471,1.08224,-0.14278,0.00009,-0.04691,-0.47939,25.00000,25.00000,165.59529,0.47655,0.09039,0.00469,0.00000,0.00000,0.11500,0.00000,none
0.29583,49.97854,39.41072,1.08301,-0.14265,0.00003,-0.04893,-0.48975,25.00000,25.00000,165.58928,0.47677,0.09044,0.00489,0.00000,0.00000,0.11375,0.00000,none
0.30000,49.97854,39.41666,1.08378,-0.14252,-0.00002,-0.05099,-0.49946,25.00000,25.00000,165.58334,0.47699,0.09049,0.00510,0.00000,0.00000,0.11250,0.00000,none
0.30417,49.97855,39.42253,1.08456,-0.14240,-0.00006,-0.05309,-0.50850,25.00000,25.00000,165.57747,0.47721,0.09054,0.00531,0.00000,0.00000,0.11125,0.00000,none
0.30833,49.97857,39.42833,1.08534,-0.14229,-0.00011,-0.05523,-0.51687,25.00000,25.00000,165.57167,0.47742,0.09059,0.00552,0.00000,0.00000,0.11000,0.00000,none
0.31250,49.97860,39.43407,1.08613,-0.14218,-0.00015,-0.05740,-0.52458,25.00000,25.00000,165.56593,0.47763,0.09064,0.00574,0.00000,0.00000,0.10875,0.00000,none
0.31667,49.97864,39.43974,1.08691,-0.14207,-0.00020,-0.05960,-0.53163,25.00000,25.00000,165.56026,0.47784,0.09069,0.00596,0.00000,0.00000,0.10750,0.00000,none
0.32083,49.97869,39.44535,1.08770,-0.14198,-0.00024,-0.06183,-0.53801,25.00000,25.00000,165.55465,0.47805,0.09074,0.00618,0.00000,0.00000,0.10625,0.00000,none
0.32500,49.97875,39.45089,1.08849,-0.14188,-0.00028,-0.06408,-0.54374,25.00000,25.00000,165.54911,0.47825,0.09079,0.00641,0.00000,0.00000,0.10500,0.00000,none
0.32917,49.97882,39.45637,1.08928,-0.14179,-0.00031,-0.06636,-0.54879,25.00000,25.00000,165.54363,0.47846,0.09083,0.00664,0.00000,0.00000,0.10375,0.00000,none
0.33333,49.97890,39.46179,1.09007,-0.14171,-0.00035,-0.06865,-0.55319,25.00000,25.00000,165.53821,0.47866,0.09088,0.00687,0.00000,0.00000,0.10250,0.00000,none
0.33750,49.97899,39.46714,1.09087,-0.14163,-0.00038,-0.07097,-0.55693,25.00000,25.00000,165.53286,0.47885,0.09093,0.00710,0.00000,0.00000,0.10125,0.00000,none
0.34167,49.97908,39.47243,1.09167,-0.14156,-0.00041,-0.07329,-0.56000,25.00000,25.00000,165.52757,0.47905,0.09097,0.00733,0.00000,0.00000,0.10000,0.00000,none
0.34583,49.97919,39.47766,1.09247,-0.14149,-0.00045,-0.07563,-0.56242,25.00000,25.00000,165.52234,0.47924,0.09102,0.00756,0.00000,0.00000,0.09875,0.00000,none
0.35000,49.97930,39.48282,1.09327,-0.14142,-0.00047,-0.07798,-0.56418,25.00000,25.00000,165.51718,0.47943,0.09107,0.00780,0.00000,0.00000,0.09750,0.00000,none
0.35417,49.97941,39.48793,1.09407,-0.14136,-0.00050,-0.08033,-0.56529,25.00000,25.00000,165.51207,0.47962,0.09111,0.00803,0.00000,0.00000,0.09625,0.00000,none
0.35833,49.97954,39.49297,1.09488,-0.14130,-0.00053,-0.08269,-0.56574,25.00000,25.00000,165.50703,0.47981,0.09115,0.00827,0.00000,0.00000,0.09500,0.00000,none
0.36250,49.97967,39.49796,1.09569,-0.14125,-0.00056,-0.08505,-0.56554,25.00000,25.00000,165.50204,0.47999,0.09120,0.00850,0.00000,0.00000,0.09375,0.00000,none
0.36667,49.97980,39.50288,1.09650,-0.14121,-0.00058,-0.08740,-0.56469,25.00000,25.00000,165.49712,0.48017,0.09124,0.00874,0.00000,0.00000,0.09250,0.00000,none
0.37083,49.97994,39.50775,1.09732,-0.14116,-0.00060,-0.08975,-0.56319,25.00000,25.00000,165.49225,0.48035,0.09128,0.00898,0.00000,0.00000,0.09125,0.00000,none
0.37500,49.98009,39.51256,1.09813,-0.14112,-0.00063,-0.09209,-0.56105,25.00000,25.00000,165.48744,0.48053,0.09133,0.00921,0.00000,0.00000,0.09000,0.00000,none
0.37917,49.98024,39.51731,1.09895,-0.14109,-0.00065,-0.09442,-0.55826,25.00000,25.00000,165.48269,0.48071,0.09137,0.00944,0.00000,0.00000,0.08875,0.00000,none
0.38333,49.98040,39.52201,1.09977,-0.14106,-0.00067,-0.09674,-0.55484,25.00000,25.00000,165.47799,0.48088,0.09141,0.00967,0.00000,0.00000,0.08750,0.00000,none
0.38750,49.98056,39.52664,1.10060,-0.14103,-0.00069,-0.09905,-0.55078,25.00000,25.00000,165.47336,0.48105,0.09145,0.00990,0.00000,0.00000,0.08625,0.00000,none
0.39167,49.98073,39.53123,1.10142,-0.14101,-0.00071,-0.10133,-0.54608,25.00000,25.00000,165.46877,0.48122,0.09149,0.01013,0.00000,0.00000,0.08500,0.00000,none
0.39583,49.98090,39.53575,1.10225,-0.14099,-0.00072,-0.10360,-0.54076,25.00000,25.00000,165.46425,0.48139,0.09153,0.01036,0.00000,0.00000,0.08375,0.00000,none
0.40000,49.98107,39.54023,1.10308,-0.14098,-0.00074,-0.10584,-0.53481,25.00000,25.00000,165.45977,0.48155,0.09157,0.01058,0.00000,0.00000,0.08250,0.00000,none
0.40417,49.98125,39.54464,1.10391,-0.14096,-0.00075,-0.10805,-0.52823,25.00000,25.00000,165.45536,0.48172,0.09161,0.01081,0.00000,0.00000,0.08125,0.00000,none
0.40833,49.98143,39.54901,1.10475,-0.14096,-0.00077,-0.11024,-0.52103,25.00000,25.00000,165.45099,0.48188,0.09165,0.01102,0.00000,0.00000,0.08000,0.00000,none
0.41250,49.98162,39.55332,1.10559,-0.14095,-0.00078,-0.11239,-0.51322,25.00000,25.00000,165.44668,0.48204,0.09168,0.01124,0.00000,0.00000,0.07875,0.00000,none
0.41667,49.98181,39.55758,1.10642,-0.14095,-0.00080,-0.11451,-0.50480,25.00000,25.00000,165.44242,0.48219,0.09172,0.01145,0.00000,0.00000,0.07750,0.00000,none
0.42083,49.98200,39.56178,1.10727,-0.14096,-0.00081,-0.11660,-0.49576,25.00000,25.00000,165.43822,0.48235,0.09176,0.01166,0.00000,0.00000,0.07625,0.00000,none
0.42500,49.98219,39.56593,1.10811,-0.14096,-0.00082,-0.11864,-0.48612,25.00000,25.00000,165.43407,0.48250,0.09179,0.01186,0.00000,0.00000,0.07500,0.00000,none
0.42917,49.98239,39.57004,1.10896,-0.14097,-0.00083,-0.12065,-0.47589,25.00000,25.00000,165.42996,0.48265,0.09183,0.01206,0.00000,0.00000,0.07375,0.00000,none
0.43333,49.98259,39.57409,1.10980,-0.14099,-0.00084,-0.12261,-0.46506,25.00000,25.00000,165.42591,0.48280,0.09187,0.01226,0.00000,0.00000,0.07250,0.00000,none
0.43750,49.98279,39.57809,1.11066,-0.14100,-0.00085,-0.12452,-0.45363,25.00000,25.00000,165.42191,0.48295,0.09190,0.01245,0.00000,0.00000,0.07125,0.00000,none
0.44167,49.98300,39.58204,1.11151,-0.14102,-0.00086,-0.12639,-0.44162,25.00000,25.00000,165.41796,0.48310,0.09194,0.01264,0.00000,0.00000,0.07000,0.00000,none
0.44583,49.98320,39.58594,1.11236,-0.14105,-0.00087,-0.12820,-0.42903,25.00000,25.00000,165.41406,0.48324,0.09197,0.01282,0.00000,0.00000,0.06875,0.00000,none
0.45000,49.98341,39.58980,1.11322,-0.14107,-0.00088,-0.12996,-0.41587,25.00000,25.00000,165.41020,0.48338,0.09200,0.01300,0.00000,0.00000,0.06750,0.00000,none
0.45417,49.98362,39.59360,1.11408,-0.14110,-0.00089,-0.13167,-0.40213,25.00000,25.00000,165.40640,0.48352,0.09204,0.01317,0.00000,0.00000,0.06625,0.00000,none
0.45833,49.98383,39.59736,1.11494,-0.14114,-0.00089,-0.13331,-0.38783,25.00000,25.00000,165.40264,0.48366,0.09207,0.01333,0.00000,0.00000,0.06500,0.00000,none
0.46250,49.98405,39.60107,1.11581,-0.14117,-0.00090,-0.13490,-0.37297,25.00000,25.00000,165.39893,0.48380,0.09210,0.01349,0.00000,0.00000,0.06375,0.00000,none
0.46667,49.98426,39.60473,1.11667,-0.14121,-0.00091,-0.13642,-0.35755,25.00000,25.00000,165.39527,0.48393,0.09214,0.01364,0.00000,0.00000,0.06250,0.00000,none
0.47083,49.98448,39.60835,1.11754,-0.14125,-0.00091,-0.13788,-0.34158,25.00000,25.00000,165.39165,0.48407,0.09217,0.01379,0.00000,0.00000,0.06125,0.00000,none
0.47500,49.98470,39.61192,1.11842,-0.14130,-0.00092,-0.13926,-0.32507,25.00000,25.00000,165.38808,0.48420,0.09220,0.01393,0.00000,0.00000,0.06000,0.00000,none
0.47917,49.98492,39.61545,1.11929,-0.14134,-0.00092,-0.14058,-0.30803,25.00000,25.00000,165.38455,0.48433,0.09223,0.01406,0.00000,0.00000,0.05875,0.00000,none
0.48333,49.98514,39.61893,1.12016,-0.14139,-0.00093,-0.14183,-0.29045,25.00000,25.00000,165.38107,0.48446,0.09226,0.01418,0.00000,0.00000,0.05750,0.00000,none
0.48750,49.98536,39.62237,1.12104,-0.14145,-0.00093,-0.14300,-0.27235,25.00000,25.00000,165.37763,0.48459,0.09229,0.01430,0.00000,0.00000,0.05625,0.00000,none
0.49167,49.98558,39.62576,1.12192,-0.14150,-0.00093,-0.14410,-0.25373,25.00000,25.00000,165.37424,0.48471,0.09232,0.01441,0.00000,0.00000,0.05500,0.00000,none
0.49583,49.98581,39.62911,1.12281,-0.14156,-0.00094,-0.14512,-0.23459,25.00000,25.00000,165.37089,0.48484,0.09235,0.01451,0.00000,0.00000,0.05375,0.00000,none
0.50000,49.98603,39.63241,1.12369,-0.14162,-0.00094,-0.14605,-0.21495,25.00000,25.00000,165.36759,0.48496,0.09238,0.01461,0.00000,0.00000,0.05250,0.00000,none
0.50417,49.98626,39.63567,1.12458,-0.14168,-0.00094,-0.14691,-0.19481,25.00000,25.00000,165.36433,0.48508,0.09241,0.01469,0.00000,0.00000,0.05125,0.00000,none
0.50833,49.98648,39.63890,1.12547,-0.14175,-0.00095,-0.14767,-0.17418,25.00000,25.00000,165.36110,0.48520,0.09244,0.01477,0.00000,0.00000,0.05000,0.00000,none
0.51250,49.98671,39.64207,1.12636,-0.14182,-0.00095,-0.14836,-0.15306,25.00000,25.00000,165.35793,0.48531,0.09247,0.01484,0.00000,0.00000,0.04875,0.00000,none
0.51667,49.98694,39.64521,1.12725,-0.14189,-0.00095,-0.14895,-0.13146,25.00000,25.00000,165.35479,0.48543,0.09249,0.01489,0.00000,0.00000,0.04750,0.00000,none
0.52083,49.98716,39.64831,1.12815,-0.14196,-0.00095,-0.14945,-0.10939,25.00000,25.00000,165.35169,0.48554,0.09252,0.01495,0.00000,0.00000,0.04625,0.00000,none
0.52500,49.98739,39.65136,1.12905,-0.14203,-0.00095,-0.14986,-0.08686,25.00000,25.00000,165.34864,0.48566,0.09255,0.01499,0.00000,0.00000,0.04500,0.00000,none
0.52917,49.98762,39.65438,1.12995,-0.14211,-0.00095,-0.15017,-0.06387,25.00000,25.00000,165.34562,0.48577,0.09258,0.01502,0.00000,0.00000,0.04375,0.00000,none
0.53333,49.98784,39.65735,1.13085,-0.14219,-0.00095,-0.15039,-0.04042,25.00000,25.00000,165.34265,0.48588,0.09260,0.01504,0.00000,0.00000,0.04250,0.00000,none
0.53750,49.98807,39.66029,1.13176,-0.14227,-0.00095,-0.15051,-0.01654,25.00000,25.00000,165.33971,0.48599,0.09263,0.01505,0.00000,0.00000,0.04125,0.00000,none
0.54167,49.98830,39.66319,1.13267,-0.14236,-0.00095,-0.15053,0.00779,25.00000,25.00000,165.33681,0.48609,0.09265,0.01505,0.00000,0.00000,0.04000,0.00000,none
0.54583,49.98853,39.66604,1.13358,-0.14244,-0.00095,-0.15044,0.03254,25.00000,25.00000,165.33396,0.48620,0.09268,0.01504,0.00000,0.00000,0.03875,0.00000,none
0.55000,49.98876,39.66886,1.13449,-0.14253,-0.00095,-0.15026,0.05771,25.00000,25.00000,165.33114,0.48630,0.09270,0.01503,0.00000,0.00000,0.03750,0.00000,none
0.55417,49.98898,39.67165,1.13541,-0.14262,-0.00095,-0.14996,0.08329,25.00000,25.00000,165.32835,0.48641,0.09273,0.01500,0.00000,0.00000,0.03625,0.00000,none
0.55833,49.98921,39.67439,1.13632,-0.14271,-0.00095,-0.14956,0.10928,25.00000,25.00000,165.32561,0.48651,0.09275,0.01496,0.00000,0.00000,0.03500,0.00000,none
0.56250,49.98944,39.67710,1.13724,-0.14281,-0.00095,-0.14905,0.13567,25.00000,25.00000,165.32290,0.48661,0.09278,0.01491,0.00000,0.00000,0.03375,0.00000,none
0.56667,49.98967,39.67977,1.13816,-0.14290,-0.00095,-0.14843,0.16244,25.00000,25.00000,165.32023,0.48671,0.09280,0.01484,0.00000,0.00000,0.03250,0.00000,none
0.57083,49.98989,39.68240,1.13909,-0.14300,-0.00095,-0.14770,0.18960,25.00000,25.00000,165.31760,0.48680,0.09282,0.01477,0.00000,0.00000,0.03125,0.00000,none
0.57500,49.99012,39.68500,1.14002,-0.14310,-0.00095,-0.14685,0.21713,25.00000,25.00000,165.31500,0.48690,0.09285,0.01468,0.00000,0.00000,0.03000,0.00000,none
0.57917,49.99035,39.68756,1.14094,-0.14320,-0.00095,-0.14589,0.24503,25.00000,25.00000,165.31244,0.48699,0.09287,0.01459,0.00000,0.00000,0.02875,0.00000,none
0.58333,49.99057,39.69009,1.14187,-0.14330,-0.00095,-0.14481,0.27328,25.00000,25.00000,165.30991,0.48709,0.09289,0.01448,0.00000,0.00000,0.02750,0.00000,none
0.58750,49.99080,39.69258,1.14281,-0.14341,-0.00095,-0.14361,0.30188,25.00000,25.00000,165.30742,0.48718,0.09292,0.01436,0.00000,0.00000,0.02625,0.00000,none
0.59167,49.99103,39.69504,1.14374,-0.14352,-0.00094,-0.14229,0.33082,25.00000,25.00000,165.30496,0.48727,0.09294,0.01423,0.00000,0.00000,0.02500,0.00000,none
0.59583,49.99125,39.69746,1.14468,-0.14363,-0.00094,-0.14085,0.36009,25.00000,25.00000,165.30254,0.48736,0.09296,0.01408,0.00000,0.00000,0.02375,0.00000,none
0.60000,49.99148,39.69985,1.14562,-0.14374,-0.00094,-0.13929,0.38969,25.00000,25.00000,165.30015,0.48745,0.09298,0.01393,0.00000,0.00000,0.02250,0.00000,none
0.60417,49.99170,39.70221,1.14656,-0.14385,-0.00094,-0.13760,0.41960,25.00000,25.00000,165.29779,0.48753,0.09300,0.01376,0.00000,0.00000,0.02125,0.00000,none
0.60833,49.99192,39.70453,1.14751,-0.14396,-0.00094,-0.13579,0.44982,25.00000,25.00000,165.29547,0.48762,0.09302,0.01358,0.00000,0.00000,0.02000,0.00000,none
0.61250,49.99215,39.70682,1.14846,-0.14408,-0.00093,-0.13385,0.48033,25.00000,25.00000,165.29318,0.48771,0.09304,0.01339,0.00000,0.00000,0.01875,0.00000,none
0.61667,49.99237,39.70908,1.14941,-0.14419,-0.00093,-0.13179,0.51113,25.00000,25.00000,165.29092,0.48779,0.09306,0.01318,0.00000,0.00000,0.01750,0.00000,none
0.62083,49.99259,39.71130,1.15036,-0.14431,-0.00093,-0.12959,0.54221,25.00000,25.00000,165.28870,0.48787,0.09308,0.01296,0.00000,0.00000,0.01625,0.00000,none
0.62500,49.99281,39.71349,1.15131,-0.14443,-0.00092,-0.12727,0.57357,25.00000,25.00000,165.28651,0.48795,0.09310,0.01273,0.00000,0.00000,0.01500,0.00000,none
0.62917,49.99303,39.71565,1.15227,-0.14455,-0.00092,-0.12481,0.60518,25.00000,25.00000,165.28435,0.48803,0.09312,0.01248,0.00000,0.00000,0.01375,0.00000,none
0.63333,49.99325,39.71778,1.15323,-0.14467,-0.00092,-0.12222,0.63705,25.00000,25.00000,165.28222,0.48811,0.09314,0.01222,0.00000,0.00000,0.01250,0.00000,none
0.63750,49.99347,39.71988,1.15419,-0.14480,-0.00092,-0.11950,0.66916,25.00000,25.00000,165.28012,0.48819,0.09316,0.01195,0.00000,0.00000,0.01125,0.00000,none
0.64167,49.99369,39.72195,1.15515,-0.14492,-0.00091,-0.11665,0.70151,25.00000,25.00000,165.27805,0.48826,0.09318,0.01166,0.00000,0.00000,0.01000,0.00000,none
0.64583,49.99391,39.72398,1.15611,-0.14505,-0.00091,-0.11366,0.73408,25.00000,25.00000,165.27602,0.48834,0.09320,0.01137,0.00000,0.00000,0.00875,0.00000,none
0.65000,49.99412,39.72599,1.15708,-0.14518,-0.00091,-0.11053,0.76687,25.00000,25.00000,165.27401,0.48841,0.09321,0.01105,0.00000,0.00000,0.00750,0.00000,none
0.65417,49.99434,39.72796,1.15805,-0.14531,-0.00090,-0.10726,0.79987,25.00000,25.00000,165.27204,0.48849,0.09323,0.01073,0.00000,0.00000,0.00625,0.00000,none
0.65833,49.99455,39.72991,1.15903,-0.14544,-0.00090,-0.10386,0.83307,25.00000,25.00000,165.27009,0.48856,0.09325,0.01039,0.00000,0.00000,0.00500,0.00000,none
0.66250,49.99477,39.73182,1.16000,-0.14557,-0.00090,-0.10032,0.86646,25.00000,25.00000,165.26818,0.48863,0.09327,0.01003,0.00000,0.00000,0.00375,0.00000,none
0.66667,49.99498,39.73371,1.16098,-0.14570,-0.00089,-0.09664,0.90002,25.00000,25.00000,165.26629,0.48870,0.09328,0.00966,0.00000,0.00000,0.00250,0.00000,none
0.67083,49.99519,39.73557,1.16196,-0.14584,-0.00089,-0.09282,0.93376,25.00000,25.00000,165.26443,0.48877,0.09330,0.00928,0.00000,0.00000,0.00125,0.00000,none
0.67500,49.99541,39.73740,1.16294,-0.14597,-0.00089,-0.08886,0.96766,25.00000,25.00000,165.26260,0.48883,0.09332,0.00889,0.00000,0.00000,-0.00000,0.00000,none
0.67917,49.99562,39.73920,1.16392,-0.14611,-0.00088,-0.08476,1.00172,25.00000,25.00000,165.26080,0.48890,0.09333,0.00848,0.00000,0.00000,-0.00125,0.00000,none
0.68333,49.99583,39.74097,1.16491,-0.14624,-0.00088,-0.08051,1.03591,25.00000,25.00000,165.25903,0.48897,0.09335,0.00805,0.00000,0.00000,-0.00250,0.00000,none
0.68750,49.99604,39.74271,1.16590,-0.14638,-0.00087,-0.07612,1.07024,25.00000,25.00000,165.25729,0.48903,0.09336,0.00761,0.00000,0.00000,-0.00375,0.00000,none
0.69167,49.99624,39.74443,1.16689,-0.14652,-0.00087,-0.07159,1.10470,25.00000,25.00000,165.25557,0.48909,0.09338,0.00716,0.00000,0.00000,-0.00500,0.00000,none
0.69583,49.99645,39.74612,1.16788,-0.14666,-0.00087,-0.06692,1.13927,25.00000,25.00000,165.25388,0.48916,0.09339,0.00669,0.00000,0.00000,-0.00625,0.00000,none
0.70000,49.99666,39.74778,1.16888,-0.14681,-0.00086,-0.06210,1.17394,25.00000,25.00000,165.25222,0.48922,0.09341,0.00621,0.00000,0.00000,-0.00750,0.00000,none
0.70417,49.99686,39.74941,1.16987,-0.14695,-0.00086,-0.05713,1.20872,25.00000,25.00000,165.25059,0.48928,0.09342,0.00571,0.00000,0.00000,-0.00875,0.00000,none
0.70833,49.99707,39.75102,1.17087,-0.14709,-0.00085,-0.05202,1.24357,25.00000,25.00000,165.24898,0.48934,0.09344,0.00520,0.00000,0.00000,-0.01000,0.00000,none
0.71250,49.99727,39.75260,1.17188,-0.14724,-0.00085,-0.04677,1.27851,25.00000,25.00000,165.24740,0.48940,0.09345,0.00468,0.00000,0.00000,-0.01125,0.00000,none
0.71667,49.99747,39.75416,1.17288,-0.14738,-0.00084,-0.04137,1.31352,25.00000,25.00000,165.24584,0.48945,0.09347,0.00414,0.00000,0.00000,-0.01250,0.00000,none
0.72083,49.99767,39.75568,1.17389,-0.14753,-0.00084,-0.03582,1.34858,25.00000,25.00000,165.24432,0.48951,0.09348,0.00358,0.00000,0.00000,-0.01375,0.00000,none
0.72500,49.99787,39.75719,1.17490,-0.14768,-0.00084,-0.03013,1.38370,25.00000,25.00000,165.24281,0.48957,0.09349,0.00301,0.00000,0.00000,-0.01500,0.00000,none
0.72917,49.99807,39.75866,1.17591,-0.14783,-0.00083,-0.02429,1.41885,25.00000,25.00000,165.24134,0.48962,0.09351,0.00243,0.00000,0.00000,-0.01625,0.00000,none
0.73333,49.99827,39.76011,1.17692,-0.14798,-0.00083,-0.01831,1.45403,25.00000,25.00000,165.23989,0.48967,0.09352,0.00183,0.00000,0.00000,-0.01750,0.00000,none
0.73750,49.99847,39.76154,1.17794,-0.14813,-0.00082,-0.01217,1.48924,25.00000,25.00000,165.23846,0.48973,0.09353,0.00122,0.00000,0.00000,-0.01875,0.00000,none
0.74167,49.99866,39.76294,1.17896,-0.14828,-0.00082,-0.00590,1.52446,25.00000,25.00000,165.23706,0.48978,0.09354,0.00059,0.00000,0.00000,-0.02000,0.00000,none
0.74583,49.99886,39.76431,1.17998,-0.14843,-0.00081,0.00053,1.55968,25.00000,25.00000,165.23569,0.48983,0.09356,0.00004,0.00000,0.00000,-0.02125,0.00000,none
0.75000,49.99905,39.76566,1.18100,-0.14858,-0.00081,0.00701,1.55210,25.00000,25.00000,165.23434,0.48988,0.09357,0.00058,0.00000,0.00000,0.10000,0.00000,none
0.75417,49.99924,39.76699,1.18203,-0.14874,-0.00080,0.01346,1.54451,25.00000,25.00000,165.23301,0.48993,0.09358,0.00112,0.00000,0.00000,0.10000,0.00000,none
0.75833,49.99944,39.76829,1.18306,-0.14889,-0.00080,0.01988,1.53690,25.00000,25.00000,165.23171,0.48998,0.09359,0.00166,0.00000,0.00000,0.10000,0.00000,none
0.76250,49.99963,39.76957,1.18409,-0.14904,-0.00079,0.02627,1.52928,25.00000,25.00000,165.23043,0.49002,0.09360,0.00219,0.00000,0.00000,0.10000,0.00000,none
0.76667,49.99982,39.77083,1.18512,-0.14920,-0.00079,0.03263,1.52165,25.00000,25.00000,165.22917,0.49007,0.09361,0.00272,0.00000,0.00000,0.10000,0.00000,none
0.77083,50.00000,39.77206,1.18615,-0.14936,-0.00078,0.03895,1.51400,25.00000,25.00000,165.22794,0.49011,0.09363,0.00325,0.00000,0.00000,0.10000,0.00000,none
0.77500,50.00019,39.77326,1.18719,-0.14951,-0.00078,0.04524,1.50635,25.00000,25.00000,165.22674,0.49016,0.09364,0.00377,0.00000,0.00000,0.10000,0.00000,none
0.77917,50.00038,39.77445,1.18823,-0.14967,-0.00077,0.05150,1.49868,25.00000,25.00000,165.22555,0.49020,0.09365,0.00429,0.00000,0.00000,0.10000,0.00000,none
0.78333,50.00056,39.77561,1.18927,-0.14983,-0.00077,0.05773,1.49100,25.00000,25.00000,165.22439,0.49025,0.09366,0.00481,0.00000,0.00000,0.10000,0.00000,none
0.78750,50.00074,39.77675,1.19031,-0.14999,-0.00076,0.06393,1.48332,25.00000,25.00000,165.22325,0.49029,0.09367,0.00533,0.00000,0.00000,0.10000,0.00000,none
0.79167,50.00092,39.77786,1.19136,-0.15015,-0.00076,0.07009,1.47562,25.00000,25.00000,165.22214,0.49033,0.09368,0.00584,0.00000,0.00000,0.10000,0.00000,none
0.79583,50.00110,39.77895,1.19241,-0.15031,-0.00075,0.07623,1.46792,25.00000,25.00000,165.22105,0.49037,0.09369,0.00635,0.00000,0.00000,0.10000,0.00000,none
0.80000,50.00128,39.78002,1.19346,-0.15047,-0.00075,0.08233,1.46021,25.00000,25.00000,165.21998,0.49041,0.09370,0.00686,0.00000,0.00000,0.10000,0.00000,none
0.80417,50.00146,39.78107,1.19451,-0.15063,-0.00074,0.08839,1.45249,25.00000,25.00000,165.21893,0.49045,0.09371,0.00737,0.00000,0.00000,0.10000,0.00000,none
0.80833,50.00164,39.78209,1.19557,-0.15080,-0.00074,0.09443,1.44477,25.00000,25.00000,165.21791,0.49049,0.09372,0.00787,0.00000,0.00000,0.10000,0.00000,none
0.81250,50.00181,39.78310,1.19663,-0.15096,-0.00073,0.10043,1.43704,25.00000,25.00000,165.21690,0.49052,0.09372,0.00837,0.00000,0.00000,0.10000,0.00000,none
0.81667,50.00199,39.78408,1.19769,-0.15112,-0.00073,0.10641,1.42931,25.00000,25.00000,165.21592,0.49056,0.09373,0.00887,0.00000,0.00000,0.10000,0.00000,none
0.82083,50.00216,39.78504,1.19875,-0.15129,-0.00072,0.11235,1.42157,25.00000,25.00000,165.21496,0.49059,0.09374,0.00936,0.00000,0.00000,0.10000,0.00000,none
0.82500,50.00233,39.78598,1.19981,-0.15145,-0.00072,0.11825,1.41383,25.00000,25.00000,165.21402,0.49063,0.09375,0.00985,0.00000,0.00000,0.10000,0.00000,none
0.82917,50.00250,39.78689,1.20088,-0.15162,-0.00071,0.12413,1.40608,25.00000,25.00000,165.21311,0.49066,0.09376,0.01034,0.00000,0.00000,0.10000,0.00000,none
0.83333,50.00267,39.78779,1.20195,-0.15178,-0.00070,0.12997,1.39834,25.00000,25.00000,165.21221,0.49070,0.09377,0.01083,0.00000,0.00000,0.10000,0.00000,none
0.83750,50.00284,39.78866,1.20302,-0.15195,-0.00070,0.13578,1.39059,25.00000,25.00000,165.21134,0.49073,0.09377,0.01132,0.00000,0.00000,0.10000,0.00000,none
0.84167,50.00301,39.78952,1.20409,-0.15212,-0.00069,0.14156,1.38284,25.00000,25.00000,165.21048,0.49076,0.09378,0.01180,0.00000,0.00000,0.10000,0.00000,none
0.84583,50.00317,39.79035,1.20517,-0.15228,-0.00069,0.14730,1.37509,25.00000,25.00000,165.20965,0.49079,0.09379,0.01228,0.00000,0.00000,0.10000,0.00000,none
0.85000,50.00333,39.79116,1.20625,-0.15245,-0.00068,0.15302,1.36734,25.00000,25.00000,165.20884,0.49082,0.09380,0.01275,0.00000,0.00000,0.10000,0.00000,none
0.85417,50.00350,39.79195,1.20733,-0.15262,-0.00068,0.15870,1.35959,25.00000,25.00000,165.20805,0.49085,0.09380,0.01322,0.00000,0.00000,0.10000,0.00000,none
0.85833,50.00366,39.79272,1.20841,-0.15279,-0.00067,0.16435,1.35184,25.00000,25.00000,165.20728,0.49088,0.09381,0.01370,0.00000,0.00000,0.10000,0.00000,none
0.86250,50.00382,39.79347,1.20950,-0.15296,-0.00067,0.16996,1.34409,25.00000,25.00000,165.20653,0.49091,0.09382,0.01416,0.00000,0.00000,0.10000,0.00000,none
0.86667,50.00398,39.79421,1.21058,-0.15313,-0.00066,0.17555,1.33635,25.00000,25.00000,165.20579,0.49093,0.09382,0.01463,0.00000,0.00000,0.10000,0.00000,none
0.87083,50.00413,39.79492,1.21167,-0.15330,-0.00066,0.18110,1.32860,25.00000,25.00000,165.20508,0.49096,0.09383,0.01509,0.00000,0.00000,0.10000,0.00000,none
0.87500,50.00429,39.79561,1.21277,-0.15347,-0.00065,0.18662,1.32087,25.00000,25.00000,165.20439,0.49098,0.09384,0.01555,0.00000,0.00000,0.10000,0.00000,none
0.87917,50.00444,39.79628,1.21386,-0.15364,-0.00065,0.19211,1.31313,25.00000,25.00000,165.20372,0.49101,0.09384,0.01601,0.00000,0.00000,0.10000,0.00000,none
0.88333,50.00460,39.79693,1.21496,-0.15381,-0.00064,0.19756,1.30540,25.00000,25.00000,165.20307,0.49103,0.09385,0.01646,0.00000,0.00000,0.10000,0.00000,none
0.88750,50.00475,39.79757,1.21606,-0.15398,-0.00063,0.20299,1.29768,25.00000,25.00000,165.20243,0.49106,0.09385,0.01692,0.00000,0.00000,0.10000,0.00000,none
0.89167,50.00490,39.79818,1.21716,-0.15415,-0.00063,0.20838,1.28996,25.00000,25.00000,165.20182,0.49108,0.09386,0.01736,0.00000,0.00000,0.10000,0.00000,none
0.89583,50.00505,39.79878,1.21826,-0.15432,-0.00062,0.21374,1.28225,25.00000,25.00000,165.20122,0.49110,0.09387,0.01781,0.00000,0.00000,0.10000,0.00000,none
0.90000,50.00520,39.79935,1.21937,-0.15450,-0.00062,0.21906,1.27455,25.00000,25.00000,165.20065,0.49112,0.09387,0.01826,0.00000,0.00000,0.10000,0.00000,none
0.90417,50.00534,39.79991,1.22047,-0.15467,-0.00061,0.22436,1.26685,25.00000,25.00000,165.20009,0.49114,0.09388,0.01870,0.00000,0.00000,0.10000,0.00000,none
0.90833,50.00549,39.80045,1.22158,-0.15484,-0.00061,0.22962,1.25916,25.00000,25.00000,165.19955,0.49116,0.09388,0.01913,0.00000,0.00000,0.10000,0.00000,none
0.91250,50.00563,39.80097,1.22270,-0.15501,-0.00060,0.23485,1.25149,25.00000,25.00000,165.19903,0.49118,0.09389,0.01957,0.00000,0.00000,0.10000,0.00000,none
0.91667,50.00578,39.80147,1.22381,-0.15519,-0.00060,0.24005,1.24382,25.00000,25.00000,165.19853,0.49120,0.09389,0.02000,0.00000,0.00000,0.10000,0.00000,none
0.92083,50.00592,39.80195,1.22493,-0.15536,-0.00059,0.24522,1.23616,25.00000,25.00000,165.19805,0.49122,0.09389,0.02043,0.00000,0.00000,0.10000,0.00000,none
0.92500,50.00606,39.80242,1.22605,-0.15554,-0.00059,0.25035,1.22851,25.00000,25.00000,165.19758,0.49124,0.09390,0.02086,0.00000,0.00000,0.10000,0.00000,none
0.92917,50.00620,39.80286,1.22717,-0.15571,-0.00058,0.25545,1.22087,25.00000,25.00000,165.19714,0.49125,0.09390,0.02129,0.00000,0.00000,0.10000,0.00000,none
0.93333,50.00634,39.80329,1.22830,-0.15588,-0.00058,0.26052,1.21324,25.00000,25.00000,165.19671,0.49127,0.09391,0.02171,0.00000,0.00000,0.10000,0.00000,none
0.93750,50.00648,39.80371,1.22942,-0.15606,-0.00057,0.26556,1.20563,25.00000,25.00000,165.19629,0.49128,0.09391,0.02213,0.00000,0.00000,0.10000,0.00000,none
0.94167,50.00661,39.80410,1.23055,-0.15623,-0.00057,0.27057,1.19803,25.00000,25.00000,165.19590,0.49130,0.09391,0.02255,0.00000,0.00000,0.10000,0.00000,none
0.94583,50.00675,39.80448,1.23168,-0.15641,-0.00056,0.27555,1.19044,25.00000,25.00000,165.19552,0.49131,0.09392,0.02296,0.00000,0.00000,0.10000,0.00000,none
0.95000,50.00688,39.80483,1.23281,-0.15659,-0.00056,0.28049,1.18286,25.00000,25.00000,165.19517,0.49133,0.09392,0.02337,0.00000,0.00000,0.10000,0.00000,none
0.95417,50.00701,39.80518,1.23395,-0.15676,-0.00055,0.28540,1.17530,25.00000,25.00000,165.19482,0.49134,0.09392,0.02378,0.00000,0.00000,0.10000,0.00000,none
0.95833,50.00714,39.80550,1.23509,-0.15694,-0.00055,0.29029,1.16776,25.00000,25.00000,165.19450,0.49135,0.09393,0.02419,0.00000,0.00000,0.10000,0.00000,none
0.96250,50.00727,39.80581,1.23623,-0.15711,-0.00054,0.29514,1.16023,25.00000,25.00000,165.19419,0.49136,0.09393,0.02459,0.00000,0.00000,0.10000,0.00000,none
0.96667,50.00740,39.80610,1.23737,-0.15729,-0.00054,0.29995,1.15271,25.00000,25.00000,165.19390,0.49137,0.09393,0.02500,0.00000,0.00000,0.10000,0.00000,none
0.97083,50.00753,39.80637,1.23852,-0.15747,-0.00053,0.30474,1.14521,25.00000,25.00000,165.19363,0.49138,0.09393,0.02540,0.00000,0.00000,0.10000,0.00000,none
0.97500,50.00766,39.80663,1.23966,-0.15764,-0.00053,0.30950,1.13773,25.00000,25.00000,165.19337,0.49139,0.09394,0.02579,0.00000,0.00000,0.10000,0.00000,none
0.97917,50.00778,39.80687,1.24081,-0.15782,-0.00052,0.31422,1.13027,25.00000,25.00000,165.19313,0.49140,0.09394,0.02619,0.00000,0.00000,0.10000,0.00000,none
0.98333,50.00790,39.80709,1.24196,-0.15800,-0.00052,0.31892,1.12282,25.00000,25.00000,165.19291,0.49141,0.09394,0.02658,0.00000,0.00000,0.10000,0.00000,none
0.98750,50.00803,39.80730,1.24312,-0.15818,-0.00051,0.32358,1.11540,25.00000,25.00000,165.19270,0.49142,0.09394,0.02696,0.00000,0.00000,0.10000,0.00000,none
0.99167,50.00815,39.80749,1.24427,-0.15835,-0.00051,0.32821,1.10799,25.00000,25.00000,165.19251,0.49142,0.09394,0.02735,0.00000,0.00000,0.10000,0.00000,none
0.99583,50.00827,39.80766,1.24543,-0.15853,-0.00050,0.33281,1.10060,25.00000,25.00000,165.19234,0.49143,0.09395,0.02773,0.00000,0.00000,0.10000,0.00000,none
1.00000,50.00839,39.80782,1.24659,-0.15871,-0.00050,0.33738,1.09323,25.00000,25.00000,165.19218,0.49144,0.09395,0.02812,0.00000,0.00000,0.10000,0.00000,none
1.00417,50.00851,39.80796,1.24776,-0.15889,-0.00049,0.34192,1.08589,25.00000,25.00000,165.19204,0.49144,0.09395,0.02849,0.00000,0.00000,0.10000,0.00000,none
1.00833,50.00863,39.80809,1.24892,-0.15906,-0.00049,0.34643,1.07856,25.00000,25.00000,165.19191,0.49145,0.09395,0.02887,0.00000,0.00000,0.10000,0.00000,none
1.01250,50.00874,39.80820,1.25009,-0.15924,-0.00049,0.35091,1.07125,25.00000,25.00000,165.19180,0.49145,0.09395,0.02924,0.00000,0.00000,0.10000,0.00000,none
1.01667,50.00886,39.80829,1.25126,-0.15942,-0.00048,0.35536,1.06397,25.00000,25.00000,165.19171,0.49145,0.09395,0.02961,0.00000,0.00000,0.10000,0.00000,none
1.02083,50.00897,39.80837,1.25243,-0.15960,-0.00048,0.35978,1.05671,25.00000,25.00000,165.19163,0.49146,0.09395,0.02998,0.00000,0.00000,0.10000,0.00000,none
1.02500,50.00908,39.80843,1.25361,-0.15978,-0.00047,0.36417,1.04947,25.00000,25.00000,165.19157,0.49146,0.09395,0.03035,0.00000,0.00000,0.10000,0.00000,none
1.02917,50.00920,39.80848,1.25478,-0.15996,-0.00047,0.36852,1.04226,25.00000,25.00000,165.19152,0.49146,0.09395,0.03071,0.00000,0.00000,0.10000,0.00000,none
1.03333,50.00931,39.80851,1.25596,-0.16014,-0.00046,0.37285,1.03507,25.00000,25.00000,165.19149,0.49146,0.09395,0.03107,0.00000,0.00000,0.10000,0.00000,none
1.03750,50.00942,39.80853,1.25714,-0.16031,-0.00046,0.37715,1.02790,25.00000,25.00000,165.19147,0.49146,0.09395,0.03143,0.00000,0.00000,0.10000,0.00000,none
1.04167,50.00953,39.80853,1.25833,-0.16049,-0.00045,0.38142,1.02076,25.00000,25.00000,165.19147,0.49146,0.09395,0.03178,0.00000,0.00000,0.10000,0.00000,none
1.04583,50.00963,39.80852,1.25951,-0.16067,-0.00045,0.38566,1.01365,25.00000,25.00000,165.19148,0.49146,0.09395,0.03214,0.00000,0.00000,0.10000,0.00000,none
1.05000,50.00974,39.80849,1.26070,-0.16085,-0.00045,0.38986,1.00656,25.00000,25.00000,165.19151,0.49146,0.09395,0.03249,0.00000,0.00000,0.10000,0.00000,none
1.05417,50.00985,39.80844,1.26189,-0.16103,-0.00044,0.39404,0.99949,25.00000,25.00000,165.19156,0.49146,0.09395,0.03284,0.00000,0.00000,0.10000,0.00000,none
1.05833,50.00995,39.80839,1.26308,-0.16121,-0.00044,0.39819,0.99246,25.00000,25.00000,165.19161,0.49146,0.09395,0.03318,0.00000,0.00000,0.10000,0.00000,none
1.06250,50.01006,39.80831,1.26428,-0.16139,-0.00043,0.40231,0.98545,25.00000,25.00000,165.19169,0.49145,0.09395,0.03353,0.00000,0.00000,0.10000,0.00000,none
1.06667,50.01016,39.80822,1.26548,-0.16157,-0.00043,0.40641,0.97846,25.00000,25.00000,165.19178,0.49145,0.09395,0.03387,0.00000,0.00000,0.10000,0.00000,none
1.07083,50.01026,39.80812,1.26667,-0.16175,-0.00043,0.41047,0.97151,25.00000,25.00000,165.19188,0.49145,0.09395,0.03421,0.00000,0.00000,0.10000,0.00000,none
1.07500,50.01036,39.80801,1.26788,-0.16193,-0.00042,0.41450,0.96459,25.00000,25.00000,165.19199,0.49144,0.09395,0.03454,0.00000,0.00000,0.10000,0.00000,none
1.07917,50.01046,39.80787,1.26908,-0.16211,-0.00042,0.41851,0.95769,25.00000,25.00000,165.19213,0.49144,0.09395,0.03488,0.00000,0.00000,0.10000,0.00000,none
1.08333,50.01056,39.80773,1.27029,-0.16228,-0.00041,0.42248,0.95082,25.00000,25.00000,165.19227,0.49143,0.09395,0.03521,0.00000,0.00000,0.10000,0.00000,none
1.08750,50.01066,39.80757,1.27150,-0.16246,-0.00041,0.42643,0.94398,25.00000,25.00000,165.19243,0.49143,0.09394,0.03554,0.00000,0.00000,0.10000,0.00000,none
1.09167,50.01076,39.80739,1.27271,-0.16264,-0.00041,0.43035,0.93718,25.00000,25.00000,165.19261,0.49142,0.09394,0.03586,0.00000,0.00000,0.10000,0.00000,none
1.09583,50.01085,39.80721,1.27392,-0.16282,-0.00040,0.43424,0.93040,25.00000,25.00000,165.19279,0.49141,0.09394,0.03619,0.00000,0.00000,0.10000,0.00000,none
1.10000,50.01095,39.80700,1.27514,-0.16300,-0.00040,0.43810,0.92366,25.00000,25.00000,165.19300,0.49141,0.09394,0.03651,0.00000,0.00000,0.10000,0.00000,none
1.10417,50.01104,39.80679,1.27635,-0.16318,-0.00039,0.44194,0.91694,25.00000,25.00000,165.19321,0.49140,0.09394,0.03683,0.00000,0.00000,0.10000,0.00000,none
1.10833,50.01114,39.80656,1.27757,-0.16336,-0.00039,0.44574,0.91026,25.00000,25.00000,165.19344,0.49139,0.09394,0.03715,0.00000,0.00000,0.10000,0.00000,none
1.11250,50.01123,39.80631,1.27880,-0.16354,-0.00039,0.44952,0.90361,25.00000,25.00000,165.19369,0.49138,0.09393,0.03746,0.00000,0.00000,0.10000,0.00000,none
1.11667,50.01132,39.80605,1.28002,-0.16372,-0.00038,0.45327,0.89700,25.00000,25.00000,165.19395,0.49137,0.09393,0.03777,0.00000,0.00000,0.10000,0.00000,none
1.12083,50.01141,39.80578,1.28125,-0.16390,-0.00038,0.45700,0.89041,25.00000,25.00000,165.19422,0.49136,0.09393,0.03808,0.00000,0.00000,0.10000,0.00000,none
1.12500,50.01150,39.80550,1.28248,-0.16408,-0.00038,0.46069,0.88386,25.00000,25.00000,165.19450,0.49135,0.09393,0.03839,0.00000,0.00000,0.10000,0.00000,none
1.12917,50.01159,39.80520,1.28371,-0.16426,-0.00037,0.46436,0.87735,25.00000,25.00000,165.19480,0.49134,0.09392,0.03870,0.00000,0.00000,0.10000,0.00000,none
1.13333,50.01168,39.80489,1.28494,-0.16444,-0.00037,0.46801,0.87086,25.00000,25.00000,165.19511,0.49133,0.09392,0.03900,0.00000,0.00000,0.10000,0.00000,none
1.13750,50.01177,39.80456,1.28618,-0.16462,-0.00036,0.47162,0.86442,25.00000,25.00000,165.19544,0.49132,0.09392,0.03930,0.00000,0.00000,0.10000,0.00000,none
1.14167,50.01185,39.80422,1.28742,-0.16480,-0.00036,0.47521,0.85801,25.00000,25.00000,165.19578,0.49130,0.09391,0.03960,0.00000,0.00000,0.10000,0.00000,none
1.14583,50.01194,39.80387,1.28866,-0.16498,-0.00036,0.47877,0.85163,25.00000,25.00000,165.19613,0.49129,0.09391,0.03990,0.00000,0.00000,0.10000,0.00000,none
1.15000,50.01203,39.80350,1.28990,-0.16515,-0.00035,0.48231,0.84529,25.00000,25.00000,165.19650,0.49128,0.09391,0.04019,0.00000,0.00000,0.10000,0.00000,none
1.15417,50.01211,39.80313,1.29114,-0.16533,-0.00035,0.48582,0.83898,25.00000,25.00000,165.19687,0.49126,0.09390,0.04048,0.00000,0.00000,0.10000,0.00000,none
1.15833,50.01219,39.80273,1.29239,-0.16551,-0.00035,0.48930,0.83272,25.00000,25.00000,165.19727,0.49125,0.09390,0.04077,0.00000,0.00000,0.10000,0.00000,none
1.16250,50.01228,39.80233,1.29364,-0.16569,-0.00034,0.49275,0.82648,25.00000,25.00000,165.19767,0.49123,0.09390,0.04106,0.00000,0.00000,0.10000,0.00000,none
1.16667,50.01236,39.80191,1.29489,-0.16587,-0.00034,0.49619,0.82029,25.00000,25.00000,165.19809,0.49122,0.09389,0.04135,0.00000,0.00000,0.10000,0.00000,none
1.17083,50.01244,39.80148,1.29615,-0.16605,-0.00034,0.49959,0.81414,25.00000,25.00000,165.19852,0.49120,0.09389,0.04163,0.00000,0.00000,0.10000,0.00000,none
1.17500,50.01252,39.80104,1.29740,-0.16623,-0.00033,0.50297,0.80802,25.00000,25.00000,165.19896,0.49119,0.09389,0.04191,0.00000,0.00000,0.10000,0.00000,none
1.17917,50.01260,39.80058,1.29866,-0.16641,-0.00033,0.50632,0.80194,25.00000,25.00000,165.19942,0.49117,0.09388,0.04219,0.00000,0.00000,0.10000,0.00000,none
1.18333,50.01268,39.80012,1.29992,-0.16659,-0.00033,0.50965,0.79590,25.00000,25.00000,165.19988,0.49115,0.09388,0.04247,0.00000,0.00000,0.10000,0.00000,none
1.18750,50.01276,39.79963,1.30119,-0.16677,-0.00033,0.51296,0.78989,25.00000,25.00000,165.20037,0.49113,0.09387,0.04275,0.00000,0.00000,0.10000,0.00000,none
1.19167,50.01283,39.79914,1.30245,-0.16695,-0.00032,0.51624,0.78393,25.00000,25.00000,165.20086,0.49111,0.09387,0.04302,0.00000,0.00000,0.10000,0.00000,none
1.19583,50.01291,39.79864,1.30372,-0.16712,-0.00032,0.51949,0.77801,25.00000,25.00000,165.20136,0.49110,0.09386,0.04329,0.00000,0.00000,0.10000,0.00000,none
1.20000,50.01298,39.79812,1.30499,-0.16730,-0.00032,0.52272,0.77213,25.00000,25.00000,165.20188,0.49108,0.09386,0.04356,0.00000,0.00000,0.10000,0.00000,none
1.20417,50.01306,39.79759,1.30626,-0.16748,-0.00031,0.52592,0.76628,25.00000,25.00000,165.20241,0.49106,0.09386,0.04383,0.00000,0.00000,0.10000,0.00000,none
1.20833,50.01313,39.79704,1.30754,-0.16766,-0.00031,0.52910,0.76048,25.00000,25.00000,165.20296,0.49104,0.09385,0.04409,0.00000,0.00000,0.10000,0.00000,none
1.21250,50.01321,39.79649,1.30881,-0.16784,-0.00031,0.53226,0.75472,25.00000,25.00000,165.20351,0.49102,0.09385,0.04436,0.00000,0.00000,0.10000,0.00000,none
1.21667,50.01328,39.79592,1.31009,-0.16802,-0.00030,0.53539,0.74900,25.00000,25.00000,165.20408,0.49100,0.09384,0.04462,0.00000,0.00000,0.10000,0.00000,none
1.22083,50.01335,39.79534,1.31138,-0.16819,-0.00030,0.53850,0.74332,25.00000,25.00000,165.20466,0.49097,0.09383,0.04488,0.00000,0.00000,0.10000,0.00000,none
1.22500,50.01342,39.79475,1.31266,-0.16837,-0.00030,0.54159,0.73769,25.00000,25.00000,165.20525,0.49095,0.09383,0.04513,0.00000,0.00000,0.10000,0.00000,none
1.22917,50.01350,39.79415,1.31394,-0.16855,-0.00030,0.54465,0.73209,25.00000,25.00000,165.20585,0.49093,0.09382,0.04539,0.00000,0.00000,0.10000,0.00000,none
1.23333,50.01357,39.79353,1.31523,-0.16873,-0.00029,0.54769,0.72654,25.00000,25.00000,165.20647,0.49091,0.09382,0.04564,0.00000,0.00000,0.10000,0.00000,none
1.23750,50.01363,39.79290,1.31652,-0.16891,-0.00029,0.55071,0.72104,25.00000,25.00000,165.20710,0.49088,0.09381,0.04589,0.00000,0.00000,0.10000,0.00000,none
1.24167,50.01370,39.79226,1.31782,-0.16908,-0.00029,0.55370,0.71557,25.00000,25.00000,165.20774,0.49086,0.09381,0.04614,0.00000,0.00000,0.10000,0.00000,none
1.24583,50.01377,39.79161,1.31911,-0.16926,-0.00028,0.55667,0.71015,25.00000,25.00000,165.20839,0.49084,0.09380,0.04639,0.00000,0.00000,0.10000,0.00000,none
1.25000,50.01384,39.79095,1.32041,-0.16944,-0.00028,0.55962,0.70477,25.00000,25.00000,165.20905,0.49081,0.09380,0.04663,0.00000,0.00000,0.10000,0.00000,none
1.25417,50.01391,39.79028,1.32171,-0.16962,-0.00028,0.56254,0.69944,25.00000,25.00000,165.20972,0.49079,0.09379,0.04688,0.00000,0.00000,0.10000,0.00000,none
1.25833,50.01397,39.78959,1.32301,-0.16979,-0.00028,0.56545,0.69415,25.00000,25.00000,165.21041,0.49076,0.09378,0.04712,0.00000,0.00000,0.10000,0.00000,none
1.26250,50.01404,39.78889,1.32431,-0.16997,-0.00027,0.56833,0.68890,25.00000,25.00000,165.21111,0.49074,0.09378,0.04736,0.00000,0.00000,0.10000,0.00000,none
1.26667,50.01410,39.78819,1.32562,-0.17015,-0.00027,0.57119,0.68370,25.00000,25.00000,165.21181,0.49071,0.09377,0.04760,0.00000,0.00000,0.10000,0.00000,none
1.27083,50.01417,39.78747,1.32693,-0.17033,-0.00027,0.57402,0.67854,25.00000,25.00000,165.21253,0.49068,0.09376,0.04784,0.00000,0.00000,0.10000,0.00000,none
1.27500,50.01423,39.78673,1.32824,-0.17050,-0.00027,0.57684,0.67343,25.00000,25.00000,165.21327,0.49066,0.09376,0.04807,0.00000,0.00000,0.10000,0.00000,none
1.27917,50.01429,39.78599,1.32955,-0.17068,-0.00026,0.57964,0.66837,25.00000,25.00000,165.21401,0.49063,0.09375,0.04830,0.00000,0.00000,0.10000,0.00000,none
1.28333,50.01436,39.78524,1.33087,-0.17086,-0.00026,0.58241,0.66335,25.00000,25.00000,165.21476,0.49060,0.09374,0.04853,0.00000,0.00000,0.10000,0.00000,none
1.28750,50.01442,39.78447,1.33218,-0.17103,-0.00026,0.58516,0.65838,25.00000,25.00000,165.21553,0.49057,0.09374,0.04876,0.00000,0.00000,0.10000,0.00000,none
1.29167,50.01448,39.78369,1.33350,-0.17121,-0.00026,0.58790,0.65345,25.00000,25.00000,165.21631,0.49054,0.09373,0.04899,0.00000,0.00000,0.10000,0.00000,none
1.29583,50.01454,39.78291,1.33483,-0.17139,-0.00025,0.59061,0.64857,25.00000,25.00000,165.21709,0.49052,0.09372,0.04922,0.00000,0.00000,0.10000,0.00000,none
1.30000,50.01460,39.78211,1.33615,-0.17156,-0.00025,0.59330,0.64374,25.00000,25.00000,165.21789,0.49049,0.09372,0.04944,0.00000,0.00000,0.10000,0.00000,none
1.30417,50.01466,39.78130,1.33748,-0.17174,-0.00025,0.59597,0.63895,25.00000,25.00000,165.21870,0.49046,0.09371,0.04966,0.00000,0.00000,0.10000,0.00000,none
1.30833,50.01472,39.78048,1.33881,-0.17192,-0.00025,0.59863,0.63421,25.00000,25.00000,165.21952,0.49043,0.09370,0.04989,0.00000,0.00000,0.10000,0.00000,none
1.31250,50.01478,39.77964,1.34014,-0.17209,-0.00024,0.60126,0.62952,25.00000,25.00000,165.22036,0.49039,0.09369,0.05010,0.00000,0.00000,0.10000,0.00000,none
1.31667,50.01484,39.77880,1.34147,-0.17227,-0.00024,0.60387,0.62488,25.00000,25.00000,165.22120,0.49036,0.09369,0.05032,0.00000,0.00000,0.10000,0.00000,none
1.32083,50.01489,39.77795,1.34281,-0.17244,-0.00024,0.60647,0.62028,25.00000,25.00000,165.22205,0.49033,0.09368,0.05054,0.00000,0.00000,0.10000,0.00000,none
1.32500,50.01495,39.77708,1.34414,-0.17262,-0.00024,0.60904,0.61573,25.00000,25.00000,165.22292,0.49030,0.09367,0.05075,0.00000,0.00000,0.10000,0.00000,none
1.32917,50.01501,39.77621,1.34548,-0.17279,-0.00023,0.61160,0.61123,25.00000,25.00000,165.22379,0.49027,0.09366,0.05097,0.00000,0.00000,0.10000,0.00000,none
1.33333,50.01506,39.77532,1.34683,-0.17297,-0.00023,0.61414,0.60678,25.00000,25.00000,165.22468,0.49024,0.09366,0.05118,0.00000,0.00000,0.10000,0.00000,none
1.33750,50.01512,39.77443,1.34817,-0.17315,-0.00023,0.61665,0.60238,25.00000,25.00000,165.22557,0.49020,0.09365,0.05139,0.00000,0.00000,0.10000,0.00000,none
1.34167,50.01517,39.77352,1.34952,-0.17332,-0.00023,0.61916,0.59802,25.00000,25.00000,165.22648,0.49017,0.09364,0.05160,0.00000,0.00000,0.10000,0.00000,none
1.34583,50.01523,39.77260,1.35087,-0.17350,-0.00023,0.62164,0.59372,25.00000,25.00000,165.22740,0.49013,0.09363,0.05180,0.00000,0.00000,0.10000,0.00000,none
1.35000,50.01528,39.77167,1.35222,-0.17367,-0.00022,0.62410,0.58946,25.00000,25.00000,165.22833,0.49010,0.09362,0.05201,0.00000,0.00000,0.10000,0.00000,none
1.35417,50.01533,39.77074,1.35357,-0.17385,-0.00022,0.62655,0.58526,25.00000,25.00000,165.22926,0.49007,0.09361,0.05221,0.00000,0.00000,0.10000,0.00000,none
1.35833,50.01539,39.76979,1.35493,-0.17402,-0.00022,0.62898,0.58110,25.00000,25.00000,165.23021,0.49003,0.09361,0.05242,0.00000,0.00000,0.10000,0.00000,none
1.36250,50.01544,39.76883,1.35628,-0.17419,-0.00022,0.63139,0.57699,25.00000,25.00000,165.23117,0.49000,0.09360,0.05262,0.00000,0.00000,0.10000,0.00000,none
1.36667,50.01549,39.76786,1.35764,-0.17437,-0.00022,0.63379,0.57294,25.00000,25.00000,165.23214,0.48996,0.09359,0.05282,0.00000,0.00000,0.10000,0.00000,none
1.37083,50.01554,39.76688,1.35901,-0.17454,-0.00021,0.63617,0.56893,25.00000,25.00000,165.23312,0.48992,0.09358,0.05301,0.00000,0.00000,0.10000,0.00000,none
1.37500,50.01559,39.76589,1.36037,-0.17472,-0.00021,0.63853,0.56498,25.00000,25.00000,165.23411,0.48989,0.09357,0.05321,0.00000,0.00000,0.10000,0.00000,none
1.37917,50.01564,39.76489,1.36174,-0.17489,-0.00021,0.64088,0.56107,25.00000,25.00000,165.23511,0.48985,0.09356,0.05341,0.00000,0.00000,0.10000,0.00000,none
1.38333,50.01569,39.76388,1.36311,-0.17506,-0.00021,0.64321,0.55721,25.00000,25.00000,165.23612,0.48981,0.09355,0.05360,0.00000,0.00000,0.10000,0.00000,none
1.38750,50.01574,39.76286,1.36448,-0.17524,-0.00021,0.64552,0.55341,25.00000,25.00000,165.23714,0.48977,0.09354,0.05379,0.00000,0.00000,0.10000,0.00000,none
1.39167,50.01579,39.76182,1.36585,-0.17541,-0.00020,0.64782,0.54966,25.00000,25.00000,165.23818,0.48974,0.09353,0.05398,0.00000,0.00000,0.10000,0.00000,none
1.39583,50.01584,39.76078,1.36723,-0.17558,-0.00020,0.65010,0.54595,25.00000,25.00000,165.23922,0.48970,0.09352,0.05418,0.00000,0.00000,0.10000,0.00000,none
1.40000,50.01589,39.75973,1.36861,-0.17576,-0.00020,0.65237,0.54230,25.00000,25.00000,165.24027,0.48966,0.09352,0.05436,0.00000,0.00000,0.10000,0.00000,none
1.40417,50.01593,39.75867,1.36999,-0.17593,-0.00020,0.65462,0.53870,25.00000,25.00000,165.24133,0.48962,0.09351,0.05455,0.00000,0.00000,0.10000,0.00000,none
1.40833,50.01598,39.75760,1.37137,-0.17610,-0.00020,0.65686,0.53516,25.00000,25.00000,165.24240,0.48958,0.09350,0.05474,0.00000,0.00000,0.10000,0.00000,none
1.41250,50.01603,39.75652,1.37275,-0.17628,-0.00019,0.65908,0.53166,25.00000,25.00000,165.24348,0.48954,0.09349,0.05492,0.00000,0.00000,0.10000,0.00000,none
1.41667,50.01607,39.75543,1.37414,-0.17645,-0.00019,0.66129,0.52822,25.00000,25.00000,165.24457,0.48950,0.09348,0.05511,0.00000,0.00000,0.10000,0.00000,none
1.42083,50.01612,39.75433,1.37553,-0.17662,-0.00019,0.66348,0.52482,25.00000,25.00000,165.24567,0.48946,0.09347,0.05529,0.00000,0.00000,0.10000,0.00000,none
1.42500,50.01616,39.75322,1.37692,-0.17679,-0.00019,0.66566,0.52148,25.00000,25.00000,165.24678,0.48942,0.09346,0.05547,0.00000,0.00000,0.10000,0.00000,none
1.42917,50.01621,39.75210,1.37831,-0.17697,-0.00019,0.66783,0.51819,25.00000,25.00000,165.24790,0.48938,0.09345,0.05565,0.00000,0.00000,0.10000,0.00000,none
1.43333,50.01625,39.75097,1.37971,-0.17714,-0.00019,0.66998,0.51496,25.00000,25.00000,165.24903,0.48934,0.09344,0.05583,0.00000,0.00000,0.10000,0.00000,none
1.43750,50.01630,39.74983,1.38111,-0.17731,-0.00018,0.67212,0.51177,25.00000,25.00000,165.25017,0.48929,0.09343,0.05601,0.00000,0.00000,0.10000,0.00000,none
1.44167,50.01634,39.74868,1.38251,-0.17748,-0.00018,0.67424,0.50864,25.00000,25.00000,165.25132,0.48925,0.09342,0.05619,0.00000,0.00000,0.10000,0.00000,none
1.44583,50.01638,39.74753,1.38391,-0.17765,-0.00018,0.67636,0.50556,25.00000,25.00000,165.25247,0.48921,0.09341,0.05636,0.00000,0.00000,0.10000,0.00000,none
1.45000,50.01643,39.74636,1.38531,-0.17783,-0.00018,0.67846,0.50253,25.00000,25.00000,165.25364,0.48917,0.09340,0.05654,0.00000,0.00000,0.10000,0.00000,none
1.45417,50.01647,39.74518,1.38672,-0.17800,-0.00018,0.68055,0.49956,25.00000,25.00000,165.25482,0.48912,0.09339,0.05671,0.00000,0.00000,0.10000,0.00000,none
1.45833,50.01651,39.74400,1.38813,-0.17817,-0.00018,0.68262,0.49664,25.00000,25.00000,165.25600,0.48908,0.09337,0.05689,0.00000,0.00000,0.10000,0.00000,none
1.46250,50.01655,39.74280,1.38954,-0.17834,-0.00017,0.68468,0.49377,25.00000,25.00000,165.25720,0.48903,0.09336,0.05706,0.00000,0.00000,0.10000,0.00000,none
1.46667,50.01659,39.74160,1.39095,-0.17851,-0.00017,0.68674,0.49096,25.00000,25.00000,165.25840,0.48899,0.09335,0.05723,0.00000,0.00000,0.10000,0.00000,none
1.47083,50.01664,39.74038,1.39237,-0.17868,-0.00017,0.68878,0.48819,25.00000,25.00000,165.25962,0.48894,0.09334,0.05740,0.00000,0.00000,0.10000,0.00000,none
1.47500,50.01668,39.73916,1.39379,-0.17885,-0.00017,0.69080,0.48548,25.00000,25.00000,165.26084,0.48890,0.09333,0.05757,0.00000,0.00000,0.10000,0.00000,none
1.47917,50.01672,39.73792,1.39521,-0.17902,-0.00017,0.69282,0.48283,25.00000,25.00000,165.26208,0.48885,0.09332,0.05774,0.00000,0.00000,0.10000,0.00000,none
1.48333,50.01676,39.73668,1.39663,-0.17919,-0.00017,0.69483,0.48023,25.00000,25.00000,165.26332,0.48881,0.09331,0.05790,0.00000,0.00000,0.10000,0.00000,none
1.48750,50.01679,39.73543,1.39806,-0.17936,-0.00016,0.69682,0.47768,25.00000,25.00000,165.26457,0.48876,0.09330,0.05807,0.00000,0.00000,0.10000,0.00000,none
1.49167,50.01683,39.73417,1.39948,-0.17953,-0.00016,0.69881,0.47518,25.00000,25.00000,165.26583,0.48872,0.09329,0.05823,0.00000,0.00000,0.10000,0.00000,none
1.49583,50.01687,39.73290,1.40091,-0.17970,-0.00016,0.70078,0.47274,25.00000,25.00000,165.26710,0.48867,0.09328,0.05840,0.00000,0.00000,0.10000,0.00000,none
1.50000,50.01691,39.73162,1.40234,-0.17987,-0.00016,0.70275,0.47035,25.00000,25.00000,165.26838,0.48862,0.09326,0.05856,0.00000,0.00000,0.10000,0.00000,none
1.50417,50.01695,39.73033,1.40378,-0.18004,-0.00016,0.70470,0.46801,25.00000,25.00000,165.26967,0.48857,0.09325,0.05873,0.00000,0.00000,0.10000,0.00000,none
1.50833,50.01699,39.72904,1.40521,-0.18021,-0.00016,0.70665,0.46573,25.00000,25.00000,165.27096,0.48853,0.09324,0.05889,0.00000,0.00000,0.10000,0.00000,none
1.51250,50.01702,39.72773,1.40665,-0.18038,-0.00015,0.70858,0.46350,25.00000,25.00000,165.27227,0.48848,0.09323,0.05905,0.00000,0.00000,0.10000,0.00000,none
1.51667,50.01706,39.72642,1.40809,-0.18055,-0.00015,0.71051,0.46133,25.00000,25.00000,165.27358,0.48843,0.09322,0.05921,0.00000,0.00000,0.10000,0.00000,none
1.52083,50.01710,39.72510,1.40953,-0.18072,-0.00015,0.71243,0.45921,25.00000,25.00000,165.27490,0.48838,0.09321,0.05937,0.00000,0.00000,0.10000,0.00000,none
1.52500,50.01713,39.72376,1.41097,-0.18088,-0.00015,0.71434,0.45714,25.00000,25.00000,165.27624,0.48833,0.09319,0.05953,0.00000,0.00000,0.10000,0.00000,none
1.52917,50.01717,39.72242,1.41242,-0.18105,-0.00015,0.71624,0.45513,25.00000,25.00000,165.27758,0.48828,0.09318,0.05969,0.00000,0.00000,0.10000,0.00000,none
1.53333,50.01720,39.72107,1.41387,-0.18122,-0.00015,0.71813,0.45317,25.00000,25.00000,165.27893,0.48823,0.09317,0.05984,0.00000,0.00000,0.10000,0.00000,none
1.53750,50.01724,39.71971,1.41532,-0.18139,-0.00015,0.72002,0.45126,25.00000,25.00000,165.28029,0.48818,0.09316,0.06000,0.00000,0.00000,0.10000,0.00000,none
1.54167,50.01727,39.71835,1.41677,-0.18156,-0.00014,0.72189,0.44941,25.00000,25.00000,165.28165,0.48813,0.09315,0.06016,0.00000,0.00000,0.10000,0.00000,none
1.54583,50.01731,39.71697,1.41823,-0.18172,-0.00014,0.72376,0.44761,25.00000,25.00000,165.28303,0.48808,0.09313,0.06031,0.00000,0.00000,0.10000,0.00000,none
1.55000,50.01734,39.71559,1.41969,-0.18189,-0.00014,0.72562,0.44587,25.00000,25.00000,165.28441,0.48803,0.09312,0.06047,0.00000,0.00000,0.10000,0.00000,none
1.55417,50.01738,39.71419,1.42115,-0.18206,-0.00014,0.72748,0.44418,25.00000,25.00000,165.28581,0.48798,0.09311,0.06062,0.00000,0.00000,0.10000,0.00000,none
1.55833,50.01741,39.71279,1.42261,-0.18223,-0.00014,0.72932,0.44254,25.00000,25.00000,165.28721,0.48793,0.09310,0.06078,0.00000,0.00000,0.10000,0.00000,none
1.56250,50.01744,39.71138,1.42407,-0.18239,-0.00014,0.73116,0.44096,25.00000,25.00000,165.28862,0.48787,0.09308,0.06093,0.00000,0.00000,0.10000,0.00000,none
1.56667,50.01747,39.70996,1.42554,-0.18256,-0.00014,0.73300,0.43943,25.00000,25.00000,165.29004,0.48782,0.09307,0.06108,0.00000,0.00000,0.10000,0.00000,none
1.57083,50.01751,39.70854,1.42701,-0.18273,-0.00014,0.73483,0.43795,25.00000,25.00000,165.29146,0.48777,0.09306,0.06124,0.00000,0.00000,0.10000,0.00000,none
1.57500,50.01754,39.70710,1.42848,-0.18289,-0.00013,0.73665,0.43653,25.00000,25.00000,165.29290,0.48772,0.09304,0.06139,0.00000,0.00000,0.10000,0.00000,none
1.57917,50.01757,39.70566,1.42995,-0.18306,-0.00013,0.73846,0.43516,25.00000,25.00000,165.29434,0.48766,0.09303,0.06154,0.00000,0.00000,0.10000,0.00000,none
1.58333,50.01760,39.70420,1.43142,-0.18323,-0.00013,0.74027,0.43385,25.00000,25.00000,165.29580,0.48761,0.09302,0.06169,0.00000,0.00000,0.10000,0.00000,none
1.58750,50.01763,39.70274,1.43290,-0.18339,-0.00013,0.74208,0.43259,25.00000,25.00000,165.29726,0.48755,0.09301,0.06184,0.00000,0.00000,0.10000,0.00000,none
1.59167,50.01766,39.70128,1.43438,-0.18356,-0.00013,0.74388,0.43138,25.00000,25.00000,165.29872,0.48750,0.09299,0.06199,0.00000,0.00000,0.10000,0.00000,none
1.59583,50.01769,39.69980,1.43586,-0.18373,-0.00013,0.74567,0.43023,25.00000,25.00000,165.30020,0.48745,0.09298,0.06214,0.00000,0.00000,0.10000,0.00000,none
1.60000,50.01772,39.69831,1.43735,-0.18389,-0.00013,0.74746,0.42913,25.00000,25.00000,165.30169,0.48739,0.09297,0.06229,0.00000,0.00000,0.10000,0.00000,none
1.60417,50.01775,39.69682,1.43883,-0.18406,-0.00012,0.74925,0.42808,25.00000,25.00000,165.30318,0.48734,0.09295,0.06244,0.00000,0.00000,0.10000,0.00000,none
1.60833,50.01778,39.69532,1.44032,-0.18422,-0.00012,0.75103,0.42709,25.00000,25.00000,165.30468,0.48728,0.09294,0.06259,0.00000,0.00000,0.10000,0.00000,none
1.61250,50.01781,39.69381,1.44181,-0.18439,-0.00012,0.75281,0.42615,25.00000,25.00000,165.30619,0.48722,0.09293,0.06273,0.00000,0.00000,0.10000,0.00000,none
1.61667,50.01784,39.69229,1.44330,-0.18455,-0.00012,0.75458,0.42527,25.00000,25.00000,165.30771,0.48717,0.09291,0.06288,0.00000,0.00000,0.10000,0.00000,none
1.62083,50.01787,39.69076,1.44480,-0.18472,-0.00012,0.75635,0.42443,25.00000,25.00000,165.30924,0.48711,0.09290,0.06303,0.00000,0.00000,0.10000,0.00000,none
1.62500,50.01790,39.68923,1.44629,-0.18488,-0.00012,0.75812,0.42365,25.00000,25.00000,165.31077,0.48706,0.09289,0.06318,0.00000,0.00000,0.10000,0.00000,none
1.62917,50.01793,39.68769,1.44779,-0.18505,-0.00012,0.75988,0.42293,25.00000,25.00000,165.31231,0.48700,0.09287,0.06332,0.00000,0.00000,0.10000,0.00000,none
1.63333,50.01796,39.68614,1.44929,-0.18521,-0.00012,0.76165,0.42226,25.00000,25.00000,165.31386,0.48694,0.09286,0.06347,0.00000,0.00000,0.10000,0.00000,none
1.63750,50.01798,39.68458,1.45079,-0.18538,-0.00012,0.76340,0.42164,25.00000,25.00000,165.31542,0.48688,0.09284,0.06362,0.00000,0.00000,0.10000,0.00000,none
1.64167,50.01801,39.68301,1.45230,-0.18554,-0.00011,0.76516,0.42107,25.00000,25.00000,165.31699,0.48683,0.09283,0.06376,0.00000,0.00000,0.10000,0.00000,none
1.64583,50.01804,39.68144,1.45381,-0.18570,-0.00011,0.76691,0.42056,25.00000,25.00000,165.31856,0.48677,0.09282,0.06391,0.00000,0.00000,0.10000,0.00000,none
1.65000,50.01807,39.67986,1.45532,-0.18587,-0.00011,0.76866,0.42010,25.00000,25.00000,165.32014,0.48671,0.09280,0.06406,0.00000,0.00000,0.10000,0.00000,none
1.65417,50.01809,39.67827,1.45683,-0.18603,-0.00011,0.77041,0.41969,25.00000,25.00000,165.32173,0.48665,0.09279,0.06420,0.00000,0.00000,0.10000,0.00000,none
1.65833,50.01812,39.67667,1.45834,-0.18619,-0.00011,0.77216,0.41934,25.00000,25.00000,165.32333,0.48659,0.09277,0.06435,0.00000,0.00000,0.10000,0.00000,none
1.66250,50.01814,39.67507,1.45986,-0.18636,-0.00011,0.77391,0.41904,25.00000,25.00000,165.32493,0.48653,0.09276,0.06449,0.00000,0.00000,0.10000,0.00000,none
1.66667,50.01817,39.67345,1.46138,-0.18652,-0.00011,0.77565,0.41879,25.00000,25.00000,165.32655,0.48647,0.09275,0.06464,0.00000,0.00000,0.10000,0.00000,none
1.67083,50.01819,39.67183,1.46290,-0.18668,-0.00011,0.77740,0.41860,25.00000,25.00000,165.32817,0.48641,0.09273,0.06478,0.00000,0.00000,0.10000,0.00000,none
1.67500,50.01822,39.67020,1.46442,-0.18685,-0.00010,0.77914,0.41845,25.00000,25.00000,165.32980,0.48635,0.09272,0.06493,0.00000,0.00000,0.10000,0.00000,none
1.67917,50.01824,39.66857,1.46594,-0.18701,-0.00010,0.78089,0.41836,25.00000,25.00000,165.33143,0.48629,0.09270,0.06507,0.00000,0.00000,0.10000,0.00000,none
1.68333,50.01827,39.66692,1.46747,-0.18717,-0.00010,0.78263,0.41832,25.00000,25.00000,165.33308,0.48623,0.09269,0.06522,0.00000,0.00000,0.10000,0.00000,none
1.68750,50.01829,39.66527,1.46900,-0.18733,-0.00010,0.78437,0.41834,25.00000,25.00000,165.33473,0.48617,0.09267,0.06536,0.00000,0.00000,0.10000,0.00000,none
1.69167,50.01832,39.66361,1.47053,-0.18750,-0.00010,0.78612,0.41840,25.00000,25.00000,165.33639,0.48611,0.09266,0.06551,0.00000,0.00000,0.10000,0.00000,none
1.69583,50.01834,39.66195,1.47206,-0.18766,-0.00010,0.78786,0.41852,25.00000,25.00000,165.33805,0.48605,0.09264,0.06565,0.00000,0.00000,0.10000,0.00000,none
1.70000,50.01836,39.66028,1.47360,-0.18782,-0.00010,0.78960,0.41869,25.00000,25.00000,165.33972,0.48599,0.09263,0.06580,0.00000,0.00000,0.10000,0.00000,none
1.70417,50.01839,39.65859,1.47513,-0.18798,-0.00010,0.79135,0.41891,25.00000,25.00000,165.34141,0.48592,0.09261,0.06595,0.00000,0.00000,0.10000,0.00000,none
1.70833,50.01841,39.65691,1.47667,-0.18814,-0.00010,0.79309,0.41918,25.00000,25.00000,165.34309,0.48586,0.09260,0.06609,0.00000,0.00000,0.10000,0.00000,none
1.71250,50.01843,39.65521,1.47821,-0.18830,-0.00009,0.79484,0.41951,25.00000,25.00000,165.34479,0.48580,0.09258,0.06624,0.00000,0.00000,0.10000,0.00000,none
1.71667,50.01846,39.65351,1.47976,-0.18846,-0.00009,0.79659,0.41988,25.00000,25.00000,165.34649,0.48574,0.09257,0.06638,0.00000,0.00000,0.10000,0.00000,none
1.72083,50.01848,39.65180,1.48130,-0.18863,-0.00009,0.79834,0.42031,25.00000,25.00000,165.34820,0.48567,0.09255,0.06653,0.00000,0.00000,0.10000,0.00000,none
1.72500,50.01850,39.65008,1.48285,-0.18879,-0.00009,0.80009,0.42079,25.00000,25.00000,165.34992,0.48561,0.09254,0.06667,0.00000,0.00000,0.10000,0.00000,none
1.72917,50.01852,39.64835,1.48440,-0.18895,-0.00009,0.80185,0.42132,25.00000,25.00000,165.35165,0.48555,0.09252,0.06682,0.00000,0.00000,0.10000,0.00000,none
1.73333,50.01854,39.64662,1.48595,-0.18911,-0.00009,0.80360,0.42190,25.00000,25.00000,165.35338,0.48548,0.09251,0.06697,0.00000,0.00000,0.10000,0.00000,none
1.73750,50.01856,39.64488,1.48751,-0.18927,-0.00009,0.80536,0.42253,25.00000,25.00000,165.35512,0.48542,0.09249,0.06711,0.00000,0.00000,0.10000,0.00000,none
1.74167,50.01858,39.64313,1.48906,-0.18943,-0.00009,0.80713,0.42321,25.00000,25.00000,165.35687,0.48535,0.09248,0.06726,0.00000,0.00000,0.10000,0.00000,none
1.74583,50.01860,39.64138,1.49062,-0.18959,-0.00009,0.80889,0.42394,25.00000,25.00000,165.35862,0.48529,0.09246,0.06741,0.00000,0.00000,0.10000,0.00000,none
1.75000,50.01863,39.63962,1.49218,-0.18975,-0.00008,0.81066,0.42473,25.00000,25.00000,165.36038,0.48522,0.09244,0.06755,0.00000,0.00000,0.10000,0.00000,none
1.75417,50.01865,39.63785,1.49375,-0.18991,-0.00008,0.81243,0.42556,25.00000,25.00000,165.36215,0.48516,0.09243,0.06770,0.00000,0.00000,0.10000,0.00000,none
1.75833,50.01866,39.63607,1.49531,-0.19007,-0.00008,0.81420,0.42644,25.00000,25.00000,165.36393,0.48509,0.09241,0.06785,0.00000,0.00000,0.10000,0.00000,none
1.76250,50.01868,39.63429,1.49688,-0.19023,-0.00008,0.81598,0.42737,25.00000,25.00000,165.36571,0.48503,0.09240,0.06800,0.00000,0.00000,0.10000,0.00000,none
1.76667,50.01870,39.63250,1.49845,-0.19039,-0.00008,0.81777,0.42836,25.00000,25.00000,165.36750,0.48496,0.09238,0.06815,0.00000,0.00000,0.10000,0.00000,none
1.77083,50.01872,39.63070,1.50002,-0.19054,-0.00008,0.81955,0.42939,25.00000,25.00000,165.36930,0.48489,0.09237,0.06830,0.00000,0.00000,0.10000,0.00000,none
1.77500,50.01874,39.62890,1.50159,-0.19070,-0.00008,0.82134,0.43047,25.00000,25.00000,165.37110,0.48483,0.09235,0.06845,0.00000,0.00000,0.10000,0.00000,none
1.77917,50.01876,39.62709,1.50317,-0.19086,-0.00008,0.82314,0.43160,25.00000,25.00000,165.37291,0.48476,0.09233,0.06860,0.00000,0.00000,0.10000,0.00000,none
1.78333,50.01878,39.62527,1.50474,-0.19102,-0.00008,0.82494,0.43278,25.00000,25.00000,165.37473,0.48469,0.09232,0.06875,0.00000,0.00000,0.10000,0.00000,none
1.78750,50.01880,39.62345,1.50632,-0.19118,-0.00007,0.82675,0.43401,25.00000,25.00000,165.37655,0.48463,0.09230,0.06890,0.00000,0.00000,0.10000,0.00000,none
1.79167,50.01881,39.62162,1.50790,-0.19134,-0.00007,0.82856,0.43529,25.00000,25.00000,165.37838,0.48456,0.09229,0.06905,0.00000,0.00000,0.10000,0.00000,none
1.79583,50.01883,39.61978,1.50949,-0.19150,-0.00007,0.83037,0.43661,25.00000,25.00000,165.38022,0.48449,0.09227,0.06920,0.00000,0.00000,0.10000,0.00000,none
1.80000,50.01885,39.61793,1.51107,-0.19165,-0.00007,0.83220,0.43799,25.00000,25.00000,165.38207,0.48442,0.09225,0.06935,0.00000,0.00000,0.10000,0.00000,none
1.80417,50.01887,39.61608,1.51266,-0.19181,-0.00007,0.83402,0.43941,25.00000,25.00000,165.38392,0.48435,0.09224,0.06950,0.00000,0.00000,0.10000,0.00000,none
1.80833,50.01888,39.61422,1.51425,-0.19197,-0.00007,0.83586,0.44088,25.00000,25.00000,165.38578,0.48429,0.09222,0.06965,0.00000,0.00000,0.10000,0.00000,none
1.81250,50.01890,39.61236,1.51584,-0.19213,-0.00007,0.83770,0.44240,25.00000,25.00000,165.38764,0.48422,0.09220,0.06981,0.00000,0.00000,0.10000,0.00000,none
1.81667,50.01891,39.61048,1.51744,-0.19228,-0.00007,0.83955,0.44396,25.00000,25.00000,165.38952,0.48415,0.09219,0.06996,0.00000,0.00000,0.10000,0.00000,none
1.82083,50.01893,39.60861,1.51903,-0.19244,-0.00007,0.84140,0.44558,25.00000,25.00000,165.39139,0.48408,0.09217,0.07012,0.00000,0.00000,0.10000,0.00000,none
1.82500,50.01895,39.60672,1.52063,-0.19260,-0.00006,0.84326,0.44724,25.00000,25.00000,165.39328,0.48401,0.09215,0.07027,0.00000,0.00000,0.10000,0.00000,none
1.82917,50.01896,39.60483,1.52223,-0.19275,-0.00006,0.84513,0.44895,25.00000,25.00000,165.39517,0.48394,0.09214,0.07043,0.00000,0.00000,0.10000,0.00000,none
1.83333,50.01898,39.60293,1.52383,-0.19291,-0.00006,0.84700,0.45070,25.00000,25.00000,165.39707,0.48387,0.09212,0.07058,0.00000,0.00000,0.10000,0.00000,none
1.83750,50.01899,39.60102,1.52544,-0.19307,-0.00006,0.84888,0.45250,25.00000,25.00000,165.39898,0.48380,0.09210,0.07074,0.00000,0.00000,0.10000,0.00000,none
1.84167,50.01901,39.59911,1.52705,-0.19322,-0.00006,0.85077,0.45435,25.00000,25.00000,165.40089,0.48373,0.09209,0.07090,0.00000,0.00000,0.10000,0.00000,none
1.84583,50.01902,39.59719,1.52865,-0.19338,-0.00006,0.85267,0.45624,25.00000,25.00000,165.40281,0.48366,0.09207,0.07106,0.00000,0.00000,0.10000,0.00000,none
1.85000,50.01903,39.59527,1.53026,-0.19354,-0.00006,0.85457,0.45818,25.00000,25.00000,165.40473,0.48359,0.09205,0.07121,0.00000,0.00000,0.10000,0.00000,none
1.85417,50.01905,39.59334,1.53188,-0.19369,-0.00006,0.85649,0.46017,25.00000,25.00000,165.40666,0.48351,0.09204,0.07137,0.00000,0.00000,0.10000,0.00000,none
1.85833,50.01906,39.59140,1.53349,-0.19385,-0.00006,0.85841,0.46220,25.00000,25.00000,165.40860,0.48344,0.09202,0.07153,0.00000,0.00000,0.10000,0.00000,none
1.86250,50.01907,39.58945,1.53511,-0.19400,-0.00005,0.86034,0.46428,25.00000,25.00000,165.41055,0.48337,0.09200,0.07169,0.00000,0.00000,0.10000,0.00000,none
1.86667,50.01909,39.58750,1.53673,-0.19416,-0.00005,0.86228,0.46640,25.00000,25.00000,165.41250,0.48330,0.09198,0.07186,0.00000,0.00000,0.10000,0.00000,none
1.87083,50.01910,39.58555,1.53835,-0.19431,-0.00005,0.86423,0.46857,25.00000,25.00000,165.41445,0.48323,0.09197,0.07202,0.00000,0.00000,0.10000,0.00000,none
1.87500,50.01911,39.58358,1.53997,-0.19447,-0.00005,0.86618,0.47078,25.00000,25.00000,165.41642,0.48315,0.09195,0.07218,0.00000,0.00000,0.10000,0.00000,none
1.87917,50.01912,39.58161,1.54160,-0.19462,-0.00005,0.86815,0.47304,25.00000,25.00000,165.41839,0.48308,0.09193,0.07235,0.00000,0.00000,0.10000,0.00000,none
1.88333,50.01914,39.57964,1.54322,-0.19478,-0.00005,0.87012,0.47534,25.00000,25.00000,165.42036,0.48301,0.09191,0.07251,0.00000,0.00000,0.10000,0.00000,none
1.88750,50.01915,39.57765,1.54485,-0.19493,-0.00005,0.87211,0.47769,25.00000,25.00000,165.42235,0.48293,0.09190,0.07268,0.00000,0.00000,0.10000,0.00000,none
1.89167,50.01916,39.57567,1.54648,-0.19509,-0.00005,0.87411,0.48008,25.00000,25.00000,165.42433,0.48286,0.09188,0.07284,0.00000,0.00000,0.10000,0.00000,none
1.89583,50.01917,39.57367,1.54812,-0.19524,-0.00005,0.87611,0.48251,25.00000,25.00000,165.42633,0.48279,0.09186,0.07301,0.00000,0.00000,0.10000,0.00000,none
1.90000,50.01918,39.57167,1.54975,-0.19540,-0.00004,0.87813,0.48499,25.00000,25.00000,165.42833,0.48271,0.09184,0.07318,0.00000,0.00000,0.10000,0.00000,none
1.90417,50.01919,39.56966,1.55139,-0.19555,-0.00004,0.88015,0.48751,25.00000,25.00000,165.43034,0.48264,0.09183,0.07335,0.00000,0.00000,0.10000,0.00000,none
1.90833,50.01920,39.56765,1.55303,-0.19570,-0.00004,0.88219,0.49008,25.00000,25.00000,165.43235,0.48257,0.09181,0.07352,0.00000,0.00000,0.10000,0.00000,none
1.91250,50.01921,39.56563,1.55467,-0.19586,-0.00004,0.88424,0.49268,25.00000,25.00000,165.43437,0.48249,0.09179,0.07369,0.00000,0.00000,0.10000,0.00000,none
1.91667,50.01922,39.56360,1.55631,-0.19601,-0.00004,0.88629,0.49533,25.00000,25.00000,165.43640,0.48242,0.09177,0.07386,0.00000,0.00000,0.10000,0.00000,none
1.92083,50.01923,39.56157,1.55796,-0.19616,-0.00004,0.88836,0.49802,25.00000,25.00000,165.43843,0.48234,0.09176,0.07403,0.00000,0.00000,0.10000,0.00000,none
1.92500,50.01924,39.55953,1.55961,-0.19632,-0.00004,0.89044,0.50075,25.00000,25.00000,165.44047,0.48227,0.09174,0.07420,0.00000,0.00000,0.10000,0.00000,none
1.92917,50.01925,39.55749,1.56126,-0.19647,-0.00004,0.89254,0.50353,25.00000,25.00000,165.44251,0.48219,0.09172,0.07438,0.00000,0.00000,0.10000,0.00000,none
1.93333,50.01926,39.55544,1.56291,-0.19662,-0.00004,0.89464,0.50635,25.00000,25.00000,165.44456,0.48211,0.09170,0.07455,0.00000,0.00000,0.10000,0.00000,none
1.93750,50.01927,39.55339,1.56456,-0.19678,-0.00003,0.89676,0.50920,25.00000,25.00000,165.44661,0.48204,0.09168,0.07473,0.00000,0.00000,0.10000,0.00000,none
1.94167,50.01927,39.55132,1.56622,-0.19693,-0.00003,0.89888,0.51210,25.00000,25.00000,165.44868,0.48196,0.09167,0.07491,0.00000,0.00000,0.10000,0.00000,none
1.94583,50.01928,39.54926,1.56787,-0.19708,-0.00003,0.90102,0.51504,25.00000,25.00000,165.45074,0.48189,0.09165,0.07509,0.00000,0.00000,0.10000,0.00000,none
1.95000,50.01929,39.54718,1.56953,-0.19723,-0.00003,0.90318,0.51802,25.00000,25.00000,165.45282,0.48181,0.09163,0.07526,0.00000,0.00000,0.10000,0.00000,none
1.95417,50.01930,39.54510,1.57120,-0.19738,-0.00003,0.90534,0.52105,25.00000,25.00000,165.45490,0.48173,0.09161,0.07545,0.00000,0.00000,0.10000,0.00000,none
1.95833,50.01930,39.54302,1.57286,-0.19754,-0.00003,0.90752,0.52411,25.00000,25.00000,165.45698,0.48166,0.09159,0.07563,0.00000,0.00000,0.10000,0.00000,none
1.96250,50.01931,39.54093,1.57452,-0.19769,-0.00003,0.90971,0.52721,25.00000,25.00000,165.45907,0.48158,0.09157,0.07581,0.00000,0.00000,0.10000,0.00000,none
1.96667,50.01932,39.53883,1.57619,-0.19784,-0.00003,0.91191,0.53035,25.00000,25.00000,165.46117,0.48150,0.09156,0.07599,0.00000,0.00000,0.10000,0.00000,none
1.97083,50.01932,39.53673,1.57786,-0.19799,-0.00002,0.91413,0.53353,25.00000,25.00000,165.46327,0.48142,0.09154,0.07618,0.00000,0.00000,0.10000,0.00000,none
1.97500,50.01933,39.53462,1.57953,-0.19814,-0.00002,0.91636,0.53675,25.00000,25.00000,165.46538,0.48135,0.09152,0.07636,0.00000,0.00000,0.10000,0.00000,none
1.97917,50.01933,39.53250,1.58121,-0.19829,-0.00002,0.91860,0.54000,25.00000,25.00000,165.46750,0.48127,0.09150,0.07655,0.00000,0.00000,0.10000,0.00000,none
1.98333,50.01934,39.53038,1.58288,-0.19845,-0.00002,0.92086,0.54330,25.00000,25.00000,165.46962,0.48119,0.09148,0.07674,0.00000,0.00000,0.10000,0.00000,none
1.98750,50.01934,39.52826,1.58456,-0.19860,-0.00002,0.92313,0.54663,25.00000,25.00000,165.47174,0.48111,0.09146,0.07693,0.00000,0.00000,0.10000,0.00000,none
1.99167,50.01935,39.52613,1.58624,-0.19875,-0.00002,0.92541,0.55001,25.00000,25.00000,165.47387,0.48103,0.09144,0.07712,0.00000,0.00000,0.10000,0.00000,none
1.99583,50.01935,39.52399,1.58792,-0.19890,-0.00002,0.92771,0.55342,25.00000,25.00000,165.47601,0.48095,0.09143,0.07731,0.00000,0.00000,0.10000,0.00000,none
2.00000,50.01936,39.52185,1.58961,-0.19905,-0.00002,0.93003,0.55686,25.00000,25.00000,165.47815,0.48087,0.09141,0.07750,0.00000,0.00000,0.10000,0.00000,none
2.00417,50.01936,39.51970,1.59129,-0.19920,-0.00002,0.93235,0.56035,25.00000,25.00000,165.48030,0.48079,0.09139,0.07770,0.00000,0.00000,0.10000,0.00000,none
2.00833,50.01936,39.51754,1.59298,-0.19935,-0.00001,0.93470,0.56387,25.00000,25.00000,165.48246,0.48071,0.09137,0.07789,0.00000,0.00000,0.10000,0.00000,none
2.01250,50.01937,39.51539,1.59467,-0.19950,-0.00001,0.93705,0.56743,25.00000,25.00000,165.48461,0.48063,0.09135,0.07809,0.00000,0.00000,0.10000,0.00000,none
2.01667,50.01937,39.51322,1.59636,-0.19965,-0.00001,0.93942,0.57102,25.00000,25.00000,165.48678,0.48055,0.09133,0.07829,0.00000,0.00000,0.10000,0.00000,none
2.02083,50.01937,39.51105,1.59805,-0.19980,-0.00001,0.94181,0.57465,25.00000,25.00000,165.48895,0.48047,0.09131,0.07848,0.00000,0.00000,0.10000,0.00000,none
2.02500,50.01938,39.50887,1.59975,-0.19995,-0.00001,0.94421,0.57832,25.00000,25.00000,165.49113,0.48039,0.09129,0.07868,0.00000,0.00000,0.10000,0.00000,none
2.02917,50.01938,39.50669,1.60145,-0.20010,-0.00001,0.94663,0.58202,25.00000,25.00000,165.49331,0.48031,0.09127,0.07889,0.00000,0.00000,0.10000,0.00000,none
2.03333,50.01938,39.50451,1.60314,-0.20025,-0.00001,0.94906,0.58576,25.00000,25.00000,165.49549,0.48023,0.09126,0.07909,0.00000,0.00000,0.10000,0.00000,none
2.03750,50.01938,39.50231,1.60485,-0.20040,-0.00000,0.95151,0.58953,25.00000,25.00000,165.49769,0.48015,0.09124,0.07929,0.00000,0.00000,0.10000,0.00000,none
2.04167,50.01938,39.50012,1.60655,-0.20055,-0.00000,0.95398,0.59334,25.00000,25.00000,165.49988,0.48007,0.09122,0.07950,0.00000,0.00000,0.10000,0.00000,none
2.04583,50.01938,39.49791,1.60825,-0.20069,-0.00000,0.95646,0.59718,25.00000,25.00000,165.50209,0.47999,0.09120,0.07970,0.00000,0.00000,0.10000,0.00000,none
2.05000,50.01938,39.49571,1.60996,-0.20084,-0.00000,0.95895,0.60106,25.00000,25.00000,165.50429,0.47991,0.09118,0.07991,0.00000,0.00000,0.10000,0.00000,none
2.05417,50.01938,39.49349,1.61167,-0.20099,0.00000,0.96147,0.60496,25.00000,25.00000,165.50651,0.47983,0.09116,0.08012,0.00000,0.00000,0.10000,0.00000,none
2.05833,50.01938,39.49127,1.61338,-0.20114,0.00000,0.96399,0.60891,25.00000,25.00000,165.50873,0.47974,0.09114,0.08033,0.00000,0.00000,0.10000,0.00000,none
2.06250,50.01938,39.48905,1.61509,-0.20129,0.00000,0.96654,0.61288,25.00000,25.00000,165.51095,0.47966,0.09112,0.08055,0.00000,0.00000,0.10000,0.00000,none
2.06667,50.01938,39.48682,1.61681,-0.20144,0.00000,0.96910,0.61689,25.00000,25.00000,165.51318,0.47958,0.09110,0.08076,0.00000,0.00000,0.10000,0.00000,none
2.07083,50.01938,39.48459,1.61853,-0.20158,0.00001,0.97168,0.62093,25.00000,25.00000,165.51541,0.47950,0.09108,0.08097,0.00000,0.00000,0.10000,0.00000,none
2.07500,50.01938,39.48235,1.62024,-0.20173,0.00001,0.97428,0.62501,25.00000,25.00000,165.51765,0.47941,0.09106,0.08119,0.00000,0.00000,0.10000,0.00000,none
2.07917,50.01938,39.48010,1.62197,-0.20188,0.00001,0.97689,0.62911,25.00000,25.00000,165.51990,0.47933,0.09104,0.08141,0.00000,0.00000,0.10000,0.00000,none
2.08333,50.01937,39.47785,1.62369,-0.20203,0.00001,0.97952,0.63325,25.00000,25.00000,165.52215,0.47925,0.09102,0.08163,0.00000,0.00000,0.10000,0.00000,none
2.08750,50.01937,39.47560,1.62541,-0.20218,0.00001,0.98217,0.63742,25.00000,25.00000,165.52440,0.47917,0.09100,0.08185,0.00000,0.00000,0.10000,0.00000,none
2.09167,50.01937,39.47334,1.62714,-0.20232,0.00001,0.98483,0.64162,25.00000,25.00000,165.52666,0.47908,0.09098,0.08207,0.00000,0.00000,0.10000,0.00000,none
2.09583,50.01936,39.47107,1.62887,-0.20247,0.00001,0.98751,0.64585,25.00000,25.00000,165.52893,0.47900,0.09096,0.08229,0.00000,0.00000,0.10000,0.00000,none
2.10000,50.01936,39.46880,1.63060,-0.20262,0.00002,0.99021,0.65011,25.00000,25.00000,165.53120,0.47891,0.09094,0.08252,0.00000,0.00000,0.10000,0.00000,none
2.10417,50.01936,39.46652,1.63233,-0.20276,0.00002,0.99293,0.65441,25.00000,25.00000,165.53348,0.47883,0.09092,0.08274,0.00000,0.00000,0.10000,0.00000,none
2.10833,50.01935,39.46424,1.63406,-0.20291,0.00002,0.99567,0.65873,25.00000,25.00000,165.53576,0.47875,0.09090,0.08297,0.00000,0.00000,0.10000,0.00000,none
2.11250,50.01935,39.46196,1.63580,-0.20306,0.00002,0.99842,0.66308,25.00000,25.00000,165.53804,0.47866,0.09088,0.08320,0.00000,0.00000,0.10000,0.00000,none
2.11667,50.01934,39.45967,1.63754,-0.20320,0.00002,1.00119,0.66746,25.00000,25.00000,165.54033,0.47858,0.09086,0.08343,0.00000,0.00000,0.10000,0.00000,none
2.12083,50.01934,39.45737,1.63928,-0.20335,0.00002,1.00398,0.67187,25.00000,25.00000,165.54263,0.47849,0.09084,0.08367,0.00000,0.00000,0.10000,0.00000,none
2.12500,50.01933,39.45507,1.64102,-0.20350,0.00002,1.00679,0.67631,25.00000,25.00000,165.54493,0.47841,0.09082,0.08390,0.00000,0.00000,0.10000,0.00000,none
2.12917,50.01933,39.45277,1.64276,-0.20364,0.00003,1.00962,0.68078,25.00000,25.00000,165.54723,0.47832,0.09080,0.08413,0.00000,0.00000,0.10000,0.00000,none
2.13333,50.01932,39.45046,1.64451,-0.20379,0.00003,1.01247,0.68528,25.00000,25.00000,165.54954,0.47824,0.09078,0.08437,0.00000,0.00000,0.10000,0.00000,none
2.13750,50.01931,39.44814,1.64626,-0.20393,0.00003,1.01533,0.68980,25.00000,25.00000,165.55186,0.47815,0.09076,0.08461,0.00000,0.00000,0.10000,0.00000,none
2.14167,50.01931,39.44582,1.64801,-0.20408,0.00003,1.01821,0.69435,25.00000,25.00000,165.55418,0.47807,0.09074,0.08485,0.00000,0.00000,0.10000,0.00000,none
2.14583,50.01930,39.44350,1.64976,-0.20423,0.00003,1.02112,0.69893,25.00000,25.00000,165.55650,0.47798,0.09072,0.08509,0.00000,0.00000,0.10000,0.00000,none
2.15000,50.01929,39.44117,1.65151,-0.20437,0.00003,1.02404,0.70354,25.00000,25.00000,165.55883,0.47789,0.09070,0.08534,0.00000,0.00000,0.10000,0.00000,none
2.15417,50.01928,39.43883,1.65327,-0.20452,0.00003,1.02698,0.70817,25.00000,25.00000,165.56117,0.47781,0.09068,0.08558,0.00000,0.00000,0.10000,0.00000,none
2.15833,50.01928,39.43649,1.65502,-0.20466,0.00004,1.02994,0.71283,25.00000,25.00000,165.56351,0.47772,0.09066,0.08583,0.00000,0.00000,0.10000,0.00000,none
2.16250,50.01927,39.43415,1.65678,-0.20481,0.00004,1.03292,0.71751,25.00000,25.00000,165.56585,0.47763,0.09064,0.08608,0.00000,0.00000,0.10000,0.00000,none
2.16667,50.01926,39.43180,1.65854,-0.20495,0.00004,1.03592,0.72222,25.00000,25.00000,165.56820,0.47755,0.09062,0.08633,0.00000,0.00000,0.10000,0.00000,none
2.17083,50.01925,39.42945,1.66031,-0.20510,0.00004,1.03894,0.72696,25.00000,25.00000,165.57055,0.47746,0.09060,0.08658,0.00000,0.00000,0.10000,0.00000,none
2.17500,50.01924,39.42709,1.66207,-0.20524,0.00004,1.04198,0.73172,25.00000,25.00000,165.57291,0.47737,0.09058,0.08683,0.00000,0.00000,0.10000,0.00000,none
2.17917,50.01923,39.42473,1.66384,-0.20538,0.00004,1.04504,0.73651,25.00000,25.00000,165.57527,0.47729,0.09056,0.08709,0.00000,0.00000,0.10000,0.00000,none
2.18333,50.01922,39.42236,1.66561,-0.20553,0.00005,1.04811,0.74132,25.00000,25.00000,165.57764,0.47720,0.09054,0.08734,0.00000,0.00000,0.10000,0.00000,none
2.18750,50.01921,39.41999,1.66738,-0.20567,0.00005,1.05121,0.74615,25.00000,25.00000,165.58001,0.47711,0.09052,0.08760,0.00000,0.00000,0.10000,0.00000,none
2.19167,50.01919,39.41762,1.66915,-0.20582,0.00005,1.05433,0.75101,25.00000,25.00000,165.58238,0.47702,0.09050,0.08786,0.00000,0.00000,0.10000,0.00000,none
2.19583,50.01918,39.41523,1.67092,-0.20596,0.00005,1.05747,0.75589,25.00000,25.00000,165.58477,0.47694,0.09048,0.08812,0.00000,0.00000,0.10000,0.00000,none
2.20000,50.01917,39.41285,1.67270,-0.20611,0.00005,1.06063,0.76080,25.00000,25.00000,165.58715,0.47685,0.09046,0.08839,0.00000,0.00000,0.10000,0.00000,none
2.20417,50.01916,39.41046,1.67447,-0.20625,0.00005,1.06381,0.76572,25.00000,25.00000,165.58954,0.47676,0.09044,0.08865,0.00000,0.00000,0.10000,0.00000,none
2.20833,50.01915,39.40807,1.67625,-0.20639,0.00005,1.06701,0.77068,25.00000,25.00000,165.59193,0.47667,0.09041,0.08892,0.00000,0.00000,0.10000,0.00000,none
2.21250,50.01913,39.40567,1.67804,-0.20654,0.00006,1.07023,0.77565,25.00000,25.00000,165.59433,0.47658,0.09039,0.08919,0.00000,0.00000,0.10000,0.00000,none
2.21667,50.01912,39.40326,1.67982,-0.20668,0.00006,1.07348,0.78064,25.00000,25.00000,165.59674,0.47649,0.09037,0.08946,0.00000,0.00000,0.10000,0.00000,none
2.22083,50.01910,39.40086,1.68160,-0.20682,0.00006,1.07674,0.78566,25.00000,25.00000,165.59914,0.47640,0.09035,0.08973,0.00000,0.00000,0.10000,0.00000,none
2.22500,50.01909,39.39845,1.68339,-0.20697,0.00006,1.08002,0.79070,25.00000,25.00000,165.60155,0.47632,0.09033,0.09000,0.00000,0.00000,0.10000,0.00000,none
2.22917,50.01907,39.39603,1.68518,-0.20711,0.00006,1.08333,0.79576,25.00000,25.00000,165.60397,0.47623,0.09031,0.09028,0.00000,0.00000,0.10000,0.00000,none
2.23333,50.01906,39.39361,1.68697,-0.20725,0.00006,1.08666,0.80084,25.00000,25.00000,165.60639,0.47614,0.09029,0.09055,0.00000,0.00000,0.10000,0.00000,none
2.23750,50.01904,39.39118,1.68876,-0.20739,0.00007,1.09000,0.80594,25.00000,25.00000,165.60882,0.47605,0.09027,0.09083,0.00000,0.00000,0.10000,0.00000,none
2.24167,50.01903,39.38875,1.69056,-0.20754,0.00007,1.09337,0.81106,25.00000,25.00000,165.61125,0.47596,0.09025,0.09111,0.00000,0.00000,0.10000,0.00000,none
2.24583,50.01901,39.38632,1.69235,-0.20768,0.00007,1.09676,0.81620,25.00000,25.00000,165.61368,0.47587,0.09023,0.09140,0.00000,0.00000,0.10000,0.00000,none
2.25000,50.01899,39.38388,1.69415,-0.20782,0.00007,1.10017,0.82136,25.00000,25.00000,165.61612,0.47578,0.09021,0.09168,0.00000,0.00000,0.10000,0.00000,none
2.25417,50.01898,39.38144,1.69595,-0.20796,0.00007,1.10361,0.82654,25.00000,25.00000,165.61856,0.47569,0.09018,0.09197,0.00000,0.00000,0.10000,0.00000,none
2.25833,50.01896,39.37900,1.69775,-0.20810,0.00007,1.10706,0.83174,25.00000,25.00000,165.62100,0.47560,0.09016,0.09226,0.00000,0.00000,0.10000,0.00000,none
2.26250,50.01894,39.37655,1.69955,-0.20825,0.00008,1.11054,0.83695,25.00000,25.00000,165.62345,0.47551,0.09014,0.09254,0.00000,0.00000,0.10000,0.00000,none
2.26667,50.01892,39.37409,1.70136,-0.20839,0.00008,1.11404,0.84219,25.00000,25.00000,165.62591,0.47542,0.09012,0.09284,0.00000,0.00000,0.10000,0.00000,none
2.27083,50.01890,39.37163,1.70316,-0.20853,0.00008,1.11756,0.84744,25.00000,25.00000,165.62837,0.47533,0.09010,0.09313,0.00000,0.00000,0.10000,0.00000,none
2.27500,50.01888,39.36917,1.70497,-0.20867,0.00008,1.12110,0.85271,25.00000,25.00000,165.63083,0.47523,0.09008,0.09342,0.00000,0.00000,0.10000,0.00000,none
2.27917,50.01886,39.36670,1.70678,-0.20881,0.00008,1.12466,0.85800,25.00000,25.00000,165.63330,0.47514,0.09006,0.09372,0.00000,0.00000,0.10000,0.00000,none
2.28333,50.01884,39.36423,1.70860,-0.20895,0.00009,1.12825,0.86331,25.00000,25.00000,165.63577,0.47505,0.09004,0.09402,0.00000,0.00000,0.10000,0.00000,none
2.28750,50.01882,39.36176,1.71041,-0.20910,0.00009,1.13186,0.86863,25.00000,25.00000,165.63824,0.47496,0.09001,0.09432,0.00000,0.00000,0.10000,0.00000,none
2.29167,50.01880,39.35928,1.71222,-0.20924,0.00009,1.13549,0.87397,25.00000,25.00000,165.64072,0.47487,0.08999,0.09462,0.00000,0.00000,0.10000,0.00000,none
2.29583,50.01878,39.35680,1.71404,-0.20938,0.00009,1.13914,0.87932,25.00000,25.00000,165.64320,0.47478,0.08997,0.09493,0.00000,0.00000,0.10000,0.00000,none
2.30000,50.01876,39.35431,1.71586,-0.20952,0.00009,1.14282,0.88469,25.00000,25.00000,165.64569,0.47469,0.08995,0.09523,0.00000,0.00000,0.10000,0.00000,none
2.30417,50.01874,39.35182,1.71768,-0.20966,0.00009,1.14651,0.89008,25.00000,25.00000,165.64818,0.47459,0.08993,0.09554,0.00000,0.00000,0.10000,0.00000,none
2.30833,50.01871,39.34932,1.71951,-0.20980,0.00010,1.15023,0.89548,25.00000,25.00000,165.65068,0.47450,0.08991,0.09585,0.00000,0.00000,0.10000,0.00000,none
2.31250,50.01869,39.34682,1.72133,-0.20994,0.00010,1.15397,0.90089,25.00000,25.00000,165.65318,0.47441,0.08989,0.09616,0.00000,0.00000,0.10000,0.00000,none
2.31667,50.01867,39.34432,1.72316,-0.21008,0.00010,1.15774,0.90632,25.00000,25.00000,165.65568,0.47432,0.08986,0.09648,0.00000,0.00000,0.10000,0.00000,none
2.32083,50.01864,39.34182,1.72498,-0.21022,0.00010,1.16153,0.91177,25.00000,25.00000,165.65818,0.47422,0.08984,0.09679,0.00000,0.00000,0.10000,0.00000,none
2.32500,50.01862,39.33930,1.72681,-0.21036,0.00010,1.16534,0.91722,25.00000,25.00000,165.66070,0.47413,0.08982,0.09711,0.00000,0.00000,0.10000,0.00000,none
2.32917,50.01859,39.33679,1.72865,-0.21050,0.00011,1.16917,0.92270,25.00000,25.00000,165.66321,0.47404,0.08980,0.09743,0.00000,0.00000,0.10000,0.00000,none
2.33333,50.01857,39.33427,1.73048,-0.21064,0.00011,1.17303,0.92818,25.00000,25.00000,165.66573,0.47395,0.08978,0.09775,0.00000,0.00000,0.10000,0.00000,none
2.33750,50.01854,39.33175,1.73231,-0.21078,0.00011,1.17691,0.93368,25.00000,25.00000,165.66825,0.47385,0.08976,0.09808,0.00000,0.00000,0.10000,0.00000,none
2.34167,50.01852,39.32923,1.73415,-0.21092,0.00011,1.18081,0.93919,25.00000,25.00000,165.67077,0.47376,0.08973,0.09840,0.00000,0.00000,0.10000,0.00000,none
2.34583,50.01849,39.32670,1.73599,-0.21106,0.00011,1.18473,0.94471,25.00000,25.00000,165.67330,0.47367,0.08971,0.09873,0.00000,0.00000,0.10000,0.00000,none
2.35000,50.01846,39.32416,1.73783,-0.21120,0.00011,1.18868,0.95025,25.00000,25.00000,165.67584,0.47357,0.08969,0.09906,0.00000,0.00000,0.10000,0.00000,none
2.35417,50.01844,39.32163,1.73967,-0.21134,0.00012,1.19265,0.95579,25.00000,25.00000,165.67837,0.47348,0.08967,0.09939,0.00000,0.00000,0.10000,0.00000,none
2.35833,50.01841,39.31909,1.74152,-0.21148,0.00012,1.19665,0.96135,25.00000,25.00000,165.68091,0.47338,0.08965,0.09972,0.00000,0.00000,0.10000,0.00000,none
2.36250,50.01838,39.31654,1.74336,-0.21161,0.00012,1.20066,0.96692,25.00000,25.00000,165.68346,0.47329,0.08962,0.10006,0.00000,0.00000,0.10000,0.00000,none
2.36667,50.01835,39.31399,1.74521,-0.21175,0.00012,1.20470,0.97250,25.00000,25.00000,165.68601,0.47320,0.08960,0.10039,0.00000,0.00000,0.10000,0.00000,none
2.37083,50.01832,39.31144,1.74706,-0.21189,0.00012,1.20877,0.97809,25.00000,25.00000,165.68856,0.47310,0.08958,0.10073,0.00000,0.00000,0.10000,0.00000,none
2.37500,50.01829,39.30889,1.74891,-0.21203,0.00013,1.21285,0.98369,25.00000,25.00000,165.69111,0.47301,0.08956,0.10107,0.00000,0.00000,0.10000,0.00000,none
2.37917,50.01826,39.30633,1.75076,-0.21217,0.00013,1.21696,0.98930,25.00000,25.00000,165.69367,0.47291,0.08954,0.10141,0.00000,0.00000,0.10000,0.00000,none
2.38333,50.01823,39.30377,1.75261,-0.21231,0.00013,1.22110,0.99493,25.00000,25.00000,165.69623,0.47282,0.08951,0.10176,0.00000,0.00000,0.10000,0.00000,none
2.38750,50.01820,39.30120,1.75447,-0.21245,0.00013,1.22526,1.00056,25.00000,25.00000,165.69880,0.47272,0.08949,0.10210,0.00000,0.00000,0.10000,0.00000,none
2.39167,50.01817,39.29863,1.75633,-0.21258,0.00013,1.22944,1.00619,25.00000,25.00000,165.70137,0.47263,0.08947,0.10245,0.00000,0.00000,0.10000,0.00000,none
2.39583,50.01813,39.29606,1.75819,-0.21272,0.00014,1.23364,1.01184,25.00000,25.00000,165.70394,0.47253,0.08945,0.10280,0.00000,0.00000,0.10000,0.00000,none
2.40000,50.01810,39.29348,1.76005,-0.21286,0.00014,1.23787,1.01750,25.00000,25.00000,165.70652,0.47244,0.08943,0.10316,0.00000,0.00000,0.10000,0.00000,none
2.40417,50.01807,39.29090,1.76191,-0.21300,0.00014,1.24212,1.02316,25.00000,25.00000,165.70910,0.47234,0.08940,0.10351,0.00000,0.00000,0.10000,0.00000,none
2.40833,50.01804,39.28832,1.76377,-0.21314,0.00014,1.24640,1.02884,25.00000,25.00000,165.71168,0.47225,0.08938,0.10387,0.00000,0.00000,0.10000,0.00000,none
2.41250,50.01800,39.28573,1.76564,-0.21327,0.00014,1.25069,1.03452,25.00000,25.00000,165.71427,0.47215,0.08936,0.10422,0.00000,0.00000,0.10000,0.00000,none
2.41667,50.01797,39.28315,1.76751,-0.21341,0.00015,1.25502,1.04020,25.00000,25.00000,165.71685,0.47206,0.08934,0.10458,0.00000,0.00000,0.10000,0.00000,none
2.42083,50.01793,39.28055,1.76938,-0.21355,0.00015,1.25936,1.04590,25.00000,25.00000,165.71945,0.47196,0.08932,0.10495,0.00000,0.00000,0.10000,0.00000,none
2.42500,50.01790,39.27796,1.77125,-0.21368,0.00015,1.26373,1.05160,25.00000,25.00000,165.72204,0.47187,0.08929,0.10531,0.00000,0.00000,0.10000,0.00000,none
2.42917,50.01786,39.27536,1.77312,-0.21382,0.00015,1.26813,1.05730,25.00000,25.00000,165.72464,0.47177,0.08927,0.10568,0.00000,0.00000,0.10000,0.00000,none
2.43333,50.01782,39.27275,1.77500,-0.21396,0.00015,1.27254,1.06302,25.00000,25.00000,165.72725,0.47167,0.08925,0.10605,0.00000,0.00000,0.10000,0.00000,none
2.43750,50.01779,39.27015,1.77687,-0.21410,0.00016,1.27698,1.06874,25.00000,25.00000,165.72985,0.47158,0.08923,0.10642,0.00000,0.00000,0.10000,0.00000,none
2.44167,50.01775,39.26754,1.77875,-0.21423,0.00016,1.28145,1.07446,25.00000,25.00000,165.73246,0.47148,0.08920,0.10679,0.00000,0.00000,0.10000,0.00000,none
2.44583,50.01771,39.26492,1.78063,-0.21437,0.00016,1.28594,1.08019,25.00000,25.00000,165.73508,0.47138,0.08918,0.10716,0.00000,0.00000,0.10000,0.00000,none
2.45000,50.01767,39.26231,1.78251,-0.21451,0.00016,1.29045,1.08593,25.00000,25.00000,165.73769,0.47129,0.08916,0.10754,0.00000,0.00000,0.10000,0.00000,none
2.45417,50.01763,39.25969,1.78439,-0.21464,0.00016,1.29499,1.09166,25.00000,25.00000,165.74031,0.47119,0.08914,0.10792,0.00000,0.00000,0.10000,0.00000,none
2.45833,50.01759,39.25707,1.78628,-0.21478,0.00017,1.29955,1.09741,25.00000,25.00000,165.74293,0.47109,0.08911,0.10830,0.00000,0.00000,0.10000,0.00000,none
2.46250,50.01755,39.25444,1.78816,-0.21492,0.00017,1.30413,1.10316,25.00000,25.00000,165.74556,0.47100,0.08909,0.10868,0.00000,0.00000,0.10000,0.00000,none
2.46667,50.01751,39.25181,1.79005,-0.21505,0.00017,1.30874,1.10891,25.00000,25.00000,165.74819,0.47090,0.08907,0.10906,0.00000,0.00000,0.10000,0.00000,none
2.47083,50.01747,39.24918,1.79194,-0.21519,0.00017,1.31337,1.11466,25.00000,25.00000,165.75082,0.47080,0.08905,0.10945,0.00000,0.00000,0.10000,0.00000,none
2.47500,50.01743,39.24655,1.79383,-0.21532,0.00017,1.31803,1.12042,25.00000,25.00000,165.75345,0.47071,0.08902,0.10984,0.00000,0.00000,0.10000,0.00000,none
2.47917,50.01739,39.24391,1.79572,-0.21546,0.00018,1.32271,1.12618,25.00000,25.00000,165.75609,0.47061,0.08900,0.11023,0.00000,0.00000,0.10000,0.00000,none
2.48333,50.01735,39.24127,1.79761,-0.21559,0.00018,1.32742,1.13195,25.00000,25.00000,165.75873,0.47051,0.08898,0.11062,0.00000,0.00000,0.10000,0.00000,none
2.48750,50.01730,39.23863,1.79951,-0.21573,0.00018,1.33214,1.13771,25.00000,25.00000,165.76137,0.47041,0.08896,0.11101,0.00000,0.00000,0.10000,0.00000,none
2.49167,50.01726,39.23598,1.80141,-0.21587,0.00018,1.33690,1.14348,25.00000,25.00000,165.76402,0.47032,0.08893,0.11141,0.00000,0.00000,0.10000,0.00000,none
2.49583,50.01722,39.23333,1.80331,-0.21600,0.00019,1.34167,1.14925,25.00000,25.00000,165.76667,0.47022,0.08891,0.11181,0.00000,0.00000,0.10000,0.00000,none
2.50000,50.01717,39.23068,1.80521,-0.21614,0.00019,1.34647,1.15502,25.00000,25.00000,165.76932,0.47012,0.08889,0.11221,0.00000,0.00000,0.10000,0.00000,none
2.50417,50.01713,39.22802,1.80711,-0.21627,0.00019,1.35130,1.16079,25.00000,25.00000,165.77198,0.47002,0.08887,0.11261,0.00000,0.00000,0.10000,0.00000,none
2.50833,50.01708,39.22536,1.80901,-0.21641,0.00019,1.35615,1.16657,25.00000,25.00000,165.77464,0.46992,0.08884,0.11301,0.00000,0.00000,0.10000,0.00000,none
2.51250,50.01704,39.22270,1.81092,-0.21654,0.00019,1.36102,1.17234,25.00000,25.00000,165.77730,0.46983,0.08882,0.11342,0.00000,0.00000,0.10000,0.00000,none
2.51667,50.01699,39.22004,1.81282,-0.21668,0.00020,1.36592,1.17812,25.00000,25.00000,165.77996,0.46973,0.08880,0.11383,0.00000,0.00000,0.10000,0.00000,none
2.52083,50.01694,39.21737,1.81473,-0.21681,0.00020,1.37084,1.18389,25.00000,25.00000,165.78263,0.46963,0.08878,0.11424,0.00000,0.00000,0.10000,0.00000,none
2.52500,50.01689,39.21470,1.81664,-0.21695,0.00020,1.37578,1.18967,25.00000,25.00000,165.78530,0.46953,0.08875,0.11465,0.00000,0.00000,0.10000,0.00000,none
2.52917,50.01685,39.21203,1.81855,-0.21708,0.00020,1.38075,1.19544,25.00000,25.00000,165.78797,0.46943,0.08873,0.11506,0.00000,0.00000,0.10000,0.00000,none
2.53333,50.01680,39.20935,1.82047,-0.21721,0.00020,1.38574,1.20122,25.00000,25.00000,165.79065,0.46933,0.08871,0.11548,0.00000,0.00000,0.10000,0.00000,none
2.53750,50.01675,39.20668,1.82238,-0.21735,0.00021,1.39076,1.20699,25.00000,25.00000,165.79332,0.46923,0.08868,0.11590,0.00000,0.00000,0.10000,0.00000,none
2.54167,50.01670,39.20400,1.82430,-0.21748,0.00021,1.39580,1.21277,25.00000,25.00000,165.79600,0.46913,0.08866,0.11632,0.00000,0.00000,0.10000,0.00000,none
2.54583,50.01665,39.20131,1.82621,-0.21762,0.00021,1.40087,1.21854,25.00000,25.00000,165.79869,0.46904,0.08864,0.11674,0.00000,0.00000,0.10000,0.00000,none
2.55000,50.01660,39.19863,1.82813,-0.21775,0.00021,1.40596,1.22431,25.00000,25.00000,165.80137,0.46894,0.08862,0.11716,0.00000,0.00000,0.10000,0.00000,none
2.55417,50.01655,39.19594,1.83005,-0.21789,0.00022,1.41107,1.23007,25.00000,25.00000,165.80406,0.46884,0.08859,0.11759,0.00000,0.00000,0.10000,0.00000,none
2.55833,50.01649,39.19325,1.83198,-0.21802,0.00022,1.41621,1.23584,25.00000,25.00000,165.80675,0.46874,0.08857,0.11802,0.00000,0.00000,0.10000,0.00000,none
2.56250,50.01644,39.19055,1.83390,-0.21815,0.00022,1.42137,1.24160,25.00000,25.00000,165.80945,0.46864,0.08855,0.11845,0.00000,0.00000,0.10000,0.00000,none
2.56667,50.01639,39.18786,1.83583,-0.21829,0.00022,1.42655,1.24736,25.00000,25.00000,165.81214,0.46854,0.08852,0.11888,0.00000,0.00000,0.10000,0.00000,none
2.57083,50.01634,39.18516,1.83775,-0.21842,0.00022,1.43176,1.25312,25.00000,25.00000,165.81484,0.46844,0.08850,0.11931,0.00000,0.00000,0.10000,0.00000,none
2.57500,50.01628,39.18246,1.83968,-0.21855,0.00023,1.43700,1.25887,25.00000,25.00000,165.81754,0.46834,0.08848,0.11975,0.00000,0.00000,0.10000,0.00000,none
2.57917,50.01623,39.17975,1.84161,-0.21869,0.00023,1.44225,1.26462,25.00000,25.00000,165.82025,0.46824,0.08846,0.12019,0.00000,0.00000,0.10000,0.00000,none
2.58333,50.01617,39.17704,1.84354,-0.21882,0.00023,1.44754,1.27037,25.00000,25.00000,165.82296,0.46814,0.08843,0.12063,0.00000,0.00000,0.10000,0.00000,none
2.58750,50.01612,39.17434,1.84548,-0.21895,0.00023,1.45284,1.27611,25.00000,25.00000,165.82566,0.46804,0.08841,0.12107,0.00000,0.00000,0.10000,0.00000,none
2.59167,50.01606,39.17162,1.84741,-0.21909,0.00024,1.45817,1.28185,25.00000,25.00000,165.82838,0.46794,0.08839,0.12151,0.00000,0.00000,0.10000,0.00000,none
2.59583,50.01600,39.16891,1.84935,-0.21922,0.00024,1.46352,1.28759,25.00000,25.00000,165.83109,0.46784,0.08836,0.12196,0.00000,0.00000,0.10000,0.00000,none
2.60000,50.01595,39.16619,1.85128,-0.21935,0.00024,1.46890,1.29332,25.00000,25.00000,165.83381,0.46774,0.08834,0.12241,0.00000,0.00000,0.10000,0.00000,none
2.60417,50.01589,39.16348,1.85322,-0.21948,0.00024,1.47430,1.29904,25.00000,25.00000,165.83652,0.46764,0.08832,0.12286,0.00000,0.00000,0.10000,0.00000,none
2.60833,50.01583,39.16075,1.85516,-0.21962,0.00024,1.47973,1.30476,25.00000,25.00000,165.83925,0.46754,0.08829,0.12331,0.00000,0.00000,0.10000,0.00000,none
2.61250,50.01577,39.15803,1.85711,-0.21975,0.00025,1.48517,1.31048,25.00000,25.00000,165.84197,0.46744,0.08827,0.12376,0.00000,0.00000,0.10000,0.00000,none
2.61667,50.01571,39.15531,1.85905,-0.21988,0.00025,1.49065,1.31618,25.00000,25.00000,165.84469,0.46734,0.08825,0.12422,0.00000,0.00000,0.10000,0.00000,none
2.62083,50.01565,39.15258,1.86099,-0.22001,0.00025,1.49614,1.32189,25.00000,25.00000,165.84742,0.46724,0.08822,0.12468,0.00000,0.00000,0.10000,0.00000,none
2.62500,50.01559,39.14985,1.86294,-0.22015,0.00025,1.50166,1.32758,25.00000,25.00000,165.85015,0.46713,0.08820,0.12514,0.00000,0.00000,0.10000,0.00000,none
2.62917,50.01553,39.14712,1.86489,-0.22028,0.00026,1.50721,1.33328,25.00000,25.00000,165.85288,0.46703,0.08818,0.12560,0.00000,0.00000,0.10000,0.00000,none
2.63333,50.01547,39.14438,1.86684,-0.22041,0.00026,1.51277,1.33896,25.00000,25.00000,165.85562,0.46693,0.08816,0.12606,0.00000,0.00000,0.10000,0.00000,none
2.63750,50.01541,39.14164,1.86879,-0.22054,0.00026,1.51836,1.34464,25.00000,25.00000,165.85836,0.46683,0.08813,0.12653,0.00000,0.00000,0.10000,0.00000,none
2.64167,50.01535,39.13891,1.87074,-0.22068,0.00026,1.52398,1.35031,25.00000,25.00000,165.86109,0.46673,0.08811,0.12700,0.00000,0.00000,0.10000,0.00000,none
2.64583,50.01528,39.13616,1.87269,-0.22081,0.00027,1.52962,1.35597,25.00000,25.00000,165.86384,0.46663,0.08809,0.12747,0.00000,0.00000,0.10000,0.00000,none
2.65000,50.01522,39.13342,1.87465,-0.22094,0.00027,1.53528,1.36163,25.00000,25.00000,165.86658,0.46653,0.08806,0.12794,0.00000,0.00000,0.10000,0.00000,none
2.65417,50.01516,39.13068,1.87661,-0.22107,0.00027,1.54096,1.36727,25.00000,25.00000,165.86932,0.46643,0.08804,0.12841,0.00000,0.00000,0.10000,0.00000,none
2.65833,50.01509,39.12793,1.87856,-0.22120,0.00027,1.54667,1.37291,25.00000,25.00000,165.87207,0.46632,0.08802,0.12889,0.00000,0.00000,0.10000,0.00000,none
2.66250,50.01503,39.12518,1.88052,-0.22133,0.00027,1.55240,1.37855,25.00000,25.00000,165.87482,0.46622,0.08799,0.12937,0.00000,0.00000,0.10000,0.00000,none
2.66667,50.01496,39.12243,1.88248,-0.22146,0.00028,1.55816,1.38417,25.00000,25.00000,165.87757,0.46612,0.08797,0.12985,0.00000,0.00000,0.10000,0.00000,none
2.67083,50.01489,39.11967,1.88445,-0.22160,0.00028,1.56394,1.38978,25.00000,25.00000,165.88033,0.46602,0.08795,0.13033,0.00000,0.00000,0.10000,0.00000,none
2.67500,50.01483,39.11692,1.88641,-0.22173,0.00028,1.56974,1.39539,25.00000,25.00000,165.88308,0.46592,0.08792,0.13081,0.00000,0.00000,0.10000,0.00000,none
2.67917,50.01476,39.11416,1.88838,-0.22186,0.00028,1.57557,1.40099,25.00000,25.00000,165.88584,0.46582,0.08790,0.13130,0.00000,0.00000,0.10000,0.00000,none
2.68333,50.01469,39.11140,1.89034,-0.22199,0.00029,1.58142,1.40658,25.00000,25.00000,165.88860,0.46571,0.08788,0.13178,0.00000,0.00000,0.10000,0.00000,none
2.68750,50.01462,39.10864,1.89231,-0.22212,0.00029,1.58729,1.41216,25.00000,25.00000,165.89136,0.46561,0.08785,0.13227,0.00000,0.00000,0.10000,0.00000,none
2.69167,50.01455,39.10588,1.89428,-0.22225,0.00029,1.59318,1.41772,25.00000,25.00000,165.89412,0.46551,0.08783,0.13277,0.00000,0.00000,0.10000,0.00000,none
2.69583,50.01448,39.10311,1.89625,-0.22238,0.00029,1.59910,1.42328,25.00000,25.00000,165.89689,0.46541,0.08781,0.13326,0.00000,0.00000,0.10000,0.00000,none
2.70000,50.01441,39.10034,1.89822,-0.22251,0.00030,1.60505,1.42883,25.00000,25.00000,165.89966,0.46531,0.08778,0.13375,0.00000,0.00000,0.10000,0.00000,none
2.70417,50.01434,39.09757,1.90020,-0.22264,0.00030,1.61101,1.43437,25.00000,25.00000,165.90243,0.46520,0.08776,0.13425,0.00000,0.00000,0.10000,0.00000,none
2.70833,50.01427,39.09480,1.90217,-0.22277,0.00030,1.61700,1.43990,25.00000,25.00000,165.90520,0.46510,0.08774,0.13475,0.00000,0.00000,0.10000,0.00000,none
2.71250,50.01420,39.09203,1.90415,-0.22290,0.00030,1.62301,1.44542,25.00000,25.00000,165.90797,0.46500,0.08771,0.13525,0.00000,0.00000,0.10000,0.00000,none
2.71667,50.01413,39.08926,1.90612,-0.22303,0.00030,1.62904,1.45093,25.00000,25.00000,165.91074,0.46490,0.08769,0.13575,0.00000,0.00000,0.10000,0.00000,none
2.72083,50.01405,39.08648,1.90810,-0.22316,0.00031,1.63510,1.45642,25.00000,25.00000,165.91352,0.46479,0.08767,0.13626,0.00000,0.00000,0.10000,0.00000,none
2.72500,50.01398,39.08370,1.91008,-0.22329,0.00031,1.64118,1.46191,25.00000,25.00000,165.91630,0.46469,0.08764,0.13677,0.00000,0.00000,0.10000,0.00000,none
2.72917,50.01391,39.08092,1.91206,-0.22342,0.00031,1.64728,1.46738,25.00000,25.00000,165.91908,0.46459,0.08762,0.13727,0.00000,0.00000,0.10000,0.00000,none
2.73333,50.01383,39.07814,1.91405,-0.22355,0.00031,1.65341,1.47285,25.00000,25.00000,165.92186,0.46449,0.08760,0.13778,0.00000,0.00000,0.10000,0.00000,none
2.73750,50.01376,39.07536,1.91603,-0.22368,0.00032,1.65956,1.47830,25.00000,25.00000,165.92464,0.46438,0.08757,0.13830,0.00000,0.00000,0.10000,0.00000,none
2.74167,50.01368,39.07258,1.91802,-0.22381,0.00032,1.66573,1.48373,25.00000,25.00000,165.92742,0.46428,0.08755,0.13881,0.00000,0.00000,0.10000,0.00000,none
2.74583,50.01360,39.06979,1.92000,-0.22394,0.00032,1.67192,1.48916,25.00000,25.00000,165.93021,0.46418,0.08753,0.13933,0.00000,0.00000,0.10000,0.00000,none
2.75000,50.01353,39.06700,1.92199,-0.22407,0.00032,1.67814,1.49458,25.00000,25.00000,165.93300,0.46407,0.08750,0.13984,0.00000,0.00000,0.10000,0.00000,none
2.75417,50.01345,39.06421,1.92398,-0.22420,0.00033,1.68438,1.49998,25.00000,25.00000,165.93579,0.46397,0.08748,0.14036,0.00000,0.00000,0.10000,0.00000,none
2.75833,50.01337,39.06142,1.92597,-0.22433,0.00033,1.69064,1.50537,25.00000,25.00000,165.93858,0.46387,0.08746,0.14089,0.00000,0.00000,0.10000,0.00000,none
2.76250,50.01329,39.05863,1.92797,-0.22446,0.00033,1.69692,1.51074,25.00000,25.00000,165.94137,0.46377,0.08743,0.14141,0.00000,0.00000,0.10000,0.00000,none
2.76667,50.01321,39.05584,1.92996,-0.22459,0.00033,1.70323,1.51611,25.00000,25.00000,165.94416,0.46366,0.08741,0.14194,0.00000,0.00000,0.10000,0.00000,none
2.77083,50.01313,39.05304,1.93195,-0.22472,0.00034,1.70956,1.52146,25.00000,25.00000,165.94696,0.46356,0.08739,0.14246,0.00000,0.00000,0.10000,0.00000,none
2.77500,50.01305,39.05025,1.93395,-0.22485,0.00034,1.71591,1.52679,25.00000,25.00000,165.94975,0.46346,0.08736,0.14299,0.00000,0.00000,0.10000,0.00000,none
2.77917,50.01297,39.04745,1.93595,-0.22498,0.00034,1.72228,1.53212,25.00000,25.00000,165.95255,0.46335,0.08734,0.14352,0.00000,0.00000,0.10000,0.00000,none
2.78333,50.01289,39.04465,1.93795,-0.22511,0.00034,1.72867,1.53743,25.00000,25.00000,165.95535,0.46325,0.08732,0.14406,0.00000,0.00000,0.10000,0.00000,none
2.78750,50.01281,39.04185,1.93995,-0.22523,0.00034,1.73509,1.54272,25.00000,25.00000,165.95815,0.46315,0.08729,0.14459,0.00000,0.00000,0.10000,0.00000,none
2.79167,50.01273,39.03905,1.94195,-0.22536,0.00035,1.74153,1.54800,25.00000,25.00000,165.96095,0.46304,0.08727,0.14513,0.00000,0.00000,0.10000,0.00000,none
2.79583,50.01264,39.03624,1.94395,-0.22549,0.00035,1.74799,1.55327,25.00000,25.00000,165.96376,0.46294,0.08724,0.14567,0.00000,0.00000,0.10000,0.00000,none
2.80000,50.01256,39.03344,1.94596,-0.22562,0.00035,1.75447,1.55852,25.00000,25.00000,165.96656,0.46283,0.08722,0.14621,0.00000,0.00000,0.10000,0.00000,none
2.80417,50.01247,39.03063,1.94796,-0.22575,0.00035,1.76098,1.56376,25.00000,25.00000,165.96937,0.46273,0.08720,0.14675,0.00000,0.00000,0.10000,0.00000,none
2.80833,50.01239,39.02782,1.94997,-0.22588,0.00036,1.76751,1.56899,25.00000,25.00000,165.97218,0.46263,0.08717,0.14729,0.00000,0.00000,0.10000,0.00000,none
2.81250,50.01230,39.02502,1.95197,-0.22601,0.00036,1.77405,1.57420,25.00000,25.00000,165.97498,0.46252,0.08715,0.14784,0.00000,0.00000,0.10000,0.00000,none
2.81667,50.01222,39.02221,1.95398,-0.22613,0.00036,1.78062,1.57939,25.00000,25.00000,165.97779,0.46242,0.08713,0.14839,0.00000,0.00000,0.10000,0.00000,none
2.82083,50.01213,39.01940,1.95599,-0.22626,0.00036,1.78722,1.58457,25.00000,25.00000,165.98060,0.46232,0.08710,0.14893,0.00000,0.00000,0.10000,0.00000,none
2.82500,50.01204,39.01658,1.95801,-0.22639,0.00037,1.79383,1.58973,25.00000,25.00000,165.98342,0.46221,0.08708,0.14949,0.00000,0.00000,0.10000,0.00000,none
2.82917,50.01196,39.01377,1.96002,-0.22652,0.00037,1.80046,1.59488,25.00000,25.00000,165.98623,0.46211,0.08706,0.15004,0.00000,0.00000,0.10000,0.00000,none
2.83333,50.01187,39.01096,1.96203,-0.22665,0.00037,1.80712,1.60001,25.00000,25.00000,165.98904,0.46200,0.08703,0.15059,0.00000,0.00000,0.10000,0.00000,none
2.83750,50.01178,39.00814,1.96405,-0.22677,0.00037,1.81380,1.60513,25.00000,25.00000,165.99186,0.46190,0.08701,0.15115,0.00000,0.00000,0.10000,0.00000,none
2.84167,50.01169,39.00532,1.96606,-0.22690,0.00038,1.82050,1.61023,25.00000,25.00000,165.99468,0.46180,0.08699,0.15171,0.00000,0.00000,0.10000,0.00000,none
2.84583,50.01160,39.00251,1.96808,-0.22703,0.00038,1.82722,1.61532,25.00000,25.00000,165.99749,0.46169,0.08696,0.15227,0.00000,0.00000,0.10000,0.00000,none
2.85000,50.01151,38.99969,1.97010,-0.22716,0.00038,1.83396,1.62039,25.00000,25.00000,166.00031,0.46159,0.08694,0.15283,0.00000,0.00000,0.10000,0.00000,none
2.85417,50.01142,38.99687,1.97212,-0.22729,0.00038,1.84072,1.62544,25.00000,25.00000,166.00313,0.46149,0.08692,0.15339,0.00000,0.00000,0.10000,0.00000,none
2.85833,50.01133,38.99405,1.97414,-0.22741,0.00038,1.84750,1.63048,25.00000,25.00000,166.00595,0.46138,0.08689,0.15396,0.00000,0.00000,0.10000,0.00000,none
2.86250,50.01124,38.99123,1.97616,-0.22754,0.00039,1.85431,1.63550,25.00000,25.00000,166.00877,0.46128,0.08687,0.15453,0.00000,0.00000,0.10000,0.00000,none
2.86667,50.01114,38.98840,1.97819,-0.22767,0.00039,1.86113,1.64050,25.00000,25.00000,166.01160,0.46118,0.08685,0.15509,0.00000,0.00000,0.10000,0.00000,none
2.87083,50.01105,38.98558,1.98021,-0.22779,0.00039,1.86798,1.64549,25.00000,25.00000,166.01442,0.46107,0.08682,0.15566,0.00000,0.00000,0.10000,0.00000,none
2.87500,50.01096,38.98276,1.98224,-0.22792,0.00039,1.87484,1.65046,25.00000,25.00000,166.01724,0.46097,0.08680,0.15624,0.00000,0.00000,0.10000,0.00000,none
2.87917,50.01086,38.97993,1.98426,-0.22805,0.00040,1.88173,1.65541,25.00000,25.00000,166.02007,0.46087,0.08678,0.15681,0.00000,0.00000,0.10000,0.00000,none
2.88333,50.01077,38.97710,1.98629,-0.22818,0.00040,1.88864,1.66035,25.00000,25.00000,166.02290,0.46076,0.08675,0.15739,0.00000,0.00000,0.10000,0.00000,none
2.88750,50.01067,38.97428,1.98832,-0.22830,0.00040,1.89557,1.66527,25.00000,25.00000,166.02572,0.46066,0.08673,0.15796,0.00000,0.00000,0.10000,0.00000,none
2.89167,50.01057,38.97145,1.99035,-0.22843,0.00040,1.90252,1.67017,25.00000,25.00000,166.02855,0.46056,0.08671,0.15854,0.00000,0.00000,0.10000,0.00000,none
2.89583,50.01048,38.96862,1.99238,-0.22856,0.00041,1.90949,1.67506,25.00000,25.00000,166.03138,0.46045,0.08668,0.15912,0.00000,0.00000,0.10000,0.00000,none
2.90000,50.01038,38.96579,1.99442,-0.22868,0.00041,1.91647,1.67992,25.00000,25.00000,166.03421,0.46035,0.08666,0.15971,0.00000,0.00000,0.10000,0.00000,none
2.90417,50.01028,38.96296,1.99645,-0.22881,0.00041,1.92348,1.68478,25.00000,25.00000,166.03704,0.46025,0.08664,0.16029,0.00000,0.00000,0.10000,0.00000,none
2.90833,50.01019,38.96013,1.99848,-0.22894,0.00041,1.93051,1.68961,25.00000,25.00000,166.03987,0.46014,0.08661,0.16088,0.00000,0.00000,0.10000,0.00000,none
2.91250,50.01009,38.95729,2.00052,-0.22906,0.00042,1.93756,1.69442,25.00000,25.00000,166.04271,0.46004,0.08659,0.16146,0.00000,0.00000,0.10000,0.00000,none
2.91667,50.00999,38.95446,2.00256,-0.22919,0.00042,1.94464,1.69922,25.00000,25.00000,166.04554,0.45994,0.08657,0.16205,0.00000,0.00000,0.10000,0.00000,none
2.92083,50.00989,38.95163,2.00460,-0.22932,0.00042,1.95173,1.70400,25.00000,25.00000,166.04837,0.45983,0.08654,0.16264,0.00000,0.00000,0.10000,0.00000,none
2.92500,50.00979,38.94879,2.00664,-0.22944,0.00042,1.95884,1.70876,25.00000,25.00000,166.05121,0.45973,0.08652,0.16324,0.00000,0.00000,0.10000,0.00000,none
2.92917,50.00969,38.94596,2.00868,-0.22957,0.00042,1.96596,1.71350,25.00000,25.00000,166.05404,0.45963,0.08650,0.16383,0.00000,0.00000,0.10000,0.00000,none
2.93333,50.00958,38.94312,2.01072,-0.22970,0.00043,1.97311,1.71823,25.00000,25.00000,166.05688,0.45952,0.08647,0.16443,0.00000,0.00000,0.10000,0.00000,none
2.93750,50.00948,38.94029,2.01276,-0.22982,0.00043,1.98028,1.72293,25.00000,25.00000,166.05971,0.45942,0.08645,0.16502,0.00000,0.00000,0.10000,0.00000,none
2.94167,50.00938,38.93745,2.01481,-0.22995,0.00043,1.98747,1.72762,25.00000,25.00000,166.06255,0.45932,0.08643,0.16562,0.00000,0.00000,0.10000,0.00000,none
2.94583,50.00928,38.93461,2.01685,-0.23008,0.00043,1.99468,1.73229,25.00000,25.00000,166.06539,0.45921,0.08640,0.16622,0.00000,0.00000,0.10000,0.00000,none
2.95000,50.00917,38.93177,2.01890,-0.23020,0.00044,2.00191,1.73694,25.00000,25.00000,166.06823,0.45911,0.08638,0.16683,0.00000,0.00000,0.10000,0.00000,none
2.95417,50.00907,38.92893,2.02094,-0.23033,0.00044,2.00916,1.74157,25.00000,25.00000,166.07107,0.45901,0.08636,0.16743,0.00000,0.00000,0.10000,0.00000,none
2.95833,50.00896,38.92610,2.02299,-0.23045,0.00044,2.01642,1.74619,25.00000,25.00000,166.07390,0.45890,0.08633,0.16804,0.00000,0.00000,0.10000,0.00000,none
2.96250,50.00886,38.92326,2.02504,-0.23058,0.00044,2.02371,1.75078,25.00000,25.00000,166.07674,0.45880,0.08631,0.16864,0.00000,0.00000,0.10000,0.00000,none
2.96667,50.00875,38.92042,2.02709,-0.23071,0.00045,2.03101,1.75536,25.00000,25.00000,166.07958,0.45870,0.08629,0.16925,0.00000,0.00000,0.10000,0.00000,none
2.97083,50.00864,38.91758,2.02914,-0.23083,0.00045,2.03833,1.75991,25.00000,25.00000,166.08242,0.45859,0.08626,0.16986,0.00000,0.00000,0.10000,0.00000,none
2.97500,50.00854,38.91474,2.03120,-0.23096,0.00045,2.04568,1.76445,25.00000,25.00000,166.08526,0.45849,0.08624,0.17047,0.00000,0.00000,0.10000,0.00000,none
2.97917,50.00843,38.91189,2.03325,-0.23108,0.00045,2.05304,1.76897,25.00000,25.00000,166.08811,0.45838,0.08622,0.17109,0.00000,0.00000,0.10000,0.00000,none
2.98333,50.00832,38.90905,2.03530,-0.23121,0.00045,2.06042,1.77347,25.00000,25.00000,166.09095,0.45828,0.08619,0.17170,0.00000,0.00000,0.10000,0.00000,none
2.98750,50.00821,38.90621,2.03736,-0.23133,0.00046,2.06782,1.77795,25.00000,25.00000,166.09379,0.45818,0.08617,0.17232,0.00000,0.00000,0.10000,0.00000,none
2.99167,50.00810,38.90337,2.03942,-0.23146,0.00046,2.07523,1.78240,25.00000,25.00000,166.09663,0.45807,0.08615,0.17294,0.00000,0.00000,0.10000,0.00000,none
2.99583,50.00799,38.90053,2.04147,-0.23158,0.00046,2.08267,1.78685,25.00000,25.00000,166.09947,0.45797,0.08612,0.17356,0.00000,0.00000,0.10000,0.00000,none
3.00000,50.00788,38.89768,2.04353,-0.23171,0.00046,2.09013,1.79127,25.00000,25.00000,166.10232,0.45787,0.08610,0.17418,0.00000,0.00000,0.10000,0.00000,none
3.00417,50.00777,38.89484,2.04559,-0.23184,0.00047,2.09760,1.79567,25.00000,25.00000,166.10516,0.45776,0.08608,0.17480,0.00000,0.00000,0.10000,0.00000,none
3.00833,50.00766,38.89200,2.04765,-0.23196,0.00047,2.10509,1.80005,25.00000,25.00000,166.10800,0.45766,0.08605,0.17542,0.00000,0.00000,0.10000,0.00000,none
3.01250,50.00755,38.88916,2.04971,-0.23209,0.00047,2.11260,1.80441,25.00000,25.00000,166.11084,0.45755,0.08603,0.17605,0.00000,0.00000,0.10000,0.00000,none
3.01667,50.00744,38.88631,2.05178,-0.23221,0.00047,2.12013,1.80875,25.00000,25.00000,166.11369,0.45745,0.08601,0.17668,0.00000,0.00000,0.10000,0.00000,none
3.02083,50.00732,38.88347,2.05384,-0.23234,0.00047,2.12767,1.81307,25.00000,25.00000,166.11653,0.45735,0.08598,0.17731,0.00000,0.00000,0.10000,0.00000,none
3.02500,50.00721,38.88063,2.05590,-0.23246,0.00048,2.13524,1.81737,25.00000,25.00000,166.11937,0.45724,0.08596,0.17794,0.00000,0.00000,0.10000,0.00000,none
3.02917,50.00710,38.87778,2.05797,-0.23259,0.00048,2.14282,1.82166,25.00000,25.00000,166.12222,0.45714,0.08594,0.17857,0.00000,0.00000,0.10000,0.00000,none
3.03333,50.00698,38.87494,2.06004,-0.23271,0.00048,2.15042,1.82592,25.00000,25.00000,166.12506,0.45704,0.08591,0.17920,0.00000,0.00000,0.10000,0.00000,none
3.03750,50.00687,38.87210,2.06210,-0.23284,0.00048,2.15803,1.83016,25.00000,25.00000,166.12790,0.45693,0.08589,0.17984,0.00000,0.00000,0.10000,0.00000,none
3.04167,50.00675,38.86925,2.06417,-0.23296,0.00049,2.16567,1.83438,25.00000,25.00000,166.13075,0.45683,0.08587,0.18047,0.00000,0.00000,0.10000,0.00000,none
3.04583,50.00664,38.86641,2.06624,-0.23309,0.00049,2.17332,1.83858,25.00000,25.00000,166.13359,0.45672,0.08585,0.18111,0.00000,0.00000,0.10000,0.00000,none
3.05000,50.00652,38.86357,2.06831,-0.23321,0.00049,2.18099,1.84276,25.00000,25.00000,166.13643,0.45662,0.08582,0.18175,0.00000,0.00000,0.10000,0.00000,none
3.05417,50.00640,38.86072,2.07038,-0.23334,0.00049,2.18868,1.84692,25.00000,25.00000,166.13928,0.45652,0.08580,0.18239,0.00000,0.00000,0.10000,0.00000,none
3.05833,50.00628,38.85788,2.07245,-0.23346,0.00049,2.19638,1.85106,25.00000,25.00000,166.14212,0.45641,0.08578,0.18303,0.00000,0.00000,0.10000,0.00000,none
3.06250,50.00617,38.85504,2.07453,-0.23358,0.00050,2.20410,1.85518,25.00000,25.00000,166.14496,0.45631,0.08575,0.18368,0.00000,0.00000,0.10000,0.00000,none
3.06667,50.00605,38.85219,2.07660,-0.23371,0.00050,2.21184,1.85928,25.00000,25.00000,166.14781,0.45621,0.08573,0.18432,0.00000,0.00000,0.10000,0.00000,none
3.07083,50.00593,38.84935,2.07868,-0.23383,0.00050,2.21959,1.86336,25.00000,25.00000,166.15065,0.45610,0.08571,0.18497,0.00000,0.00000,0.10000,0.00000,none
3.07500,50.00581,38.84651,2.08075,-0.23396,0.00050,2.22737,1.86742,25.00000,25.00000,166.15349,0.45600,0.08568,0.18561,0.00000,0.00000,0.10000,0.00000,none
3.07917,50.00569,38.84367,2.08283,-0.23408,0.00050,2.23516,1.87146,25.00000,25.00000,166.15633,0.45589,0.08566,0.18626,0.00000,0.00000,0.10000,0.00000,none
3.08333,50.00557,38.84082,2.08490,-0.23421,0.00051,2.24296,1.87547,25.00000,25.00000,166.15918,0.45579,0.08564,0.18691,0.00000,0.00000,0.10000,0.00000,none
3.08750,50.00545,38.83798,2.08698,-0.23433,0.00051,2.25079,1.87947,25.00000,25.00000,166.16202,0.45569,0.08561,0.18757,0.00000,0.00000,0.10000,0.00000,none
3.09167,50.00532,38.83514,2.08906,-0.23445,0.00051,2.25863,1.88345,25.00000,25.00000,166.16486,0.45558,0.08559,0.18822,0.00000,0.00000,0.10000,0.00000,none
3.09583,50.00520,38.83230,2.09114,-0.23458,0.00051,2.26648,1.88740,25.00000,25.00000,166.16770,0.45548,0.08557,0.18887,0.00000,0.00000,0.10000,0.00000,none
3.10000,50.00508,38.82946,2.09322,-0.23470,0.00052,2.27435,1.89133,25.00000,25.00000,166.17054,0.45538,0.08554,0.18953,0.00000,0.00000,0.10000,0.00000,none
3.10417,50.00495,38.82662,2.09530,-0.23483,0.00052,2.28224,1.89525,25.00000,25.00000,166.17338,0.45527,0.08552,0.19019,0.00000,0.00000,0.10000,0.00000,none
3.10833,50.00483,38.82378,2.09739,-0.23495,0.00052,2.29015,1.89914,25.00000,25.00000,166.17622,0.45517,0.08550,0.19085,0.00000,0.00000,0.10000,0.00000,none
3.11250,50.00471,38.82094,2.09947,-0.23507,0.00052,2.29807,1.90301,25.00000,25.00000,166.17906,0.45506,0.08548,0.19151,0.00000,0.00000,0.10000,0.00000,none
3.11667,50.00458,38.81810,2.10156,-0.23520,0.00052,2.30601,1.90687,25.00000,25.00000,166.18190,0.45496,0.08545,0.19217,0.00000,0.00000,0.10000,0.00000,none
3.12083,50.00446,38.81526,2.10364,-0.23532,0.00053,2.31396,1.91070,25.00000,25.00000,166.18474,0.45486,0.08543,0.19283,0.00000,0.00000,0.10000,0.00000,none
3.12500,50.00433,38.81242,2.10573,-0.23545,0.00053,2.32193,1.91451,25.00000,25.00000,166.18758,0.45475,0.08541,0.19349,0.00000,0.00000,0.10000,0.00000,none
3.12917,50.00420,38.80959,2.10781,-0.23557,0.00053,2.32991,1.91830,25.00000,25.00000,166.19041,0.45465,0.08538,0.19416,0.00000,0.00000,0.10000,0.00000,none
3.13333,50.00408,38.80675,2.10990,-0.23569,0.00053,2.33791,1.92206,25.00000,25.00000,166.19325,0.45455,0.08536,0.19483,0.00000,0.00000,0.10000,0.00000,none
3.13750,50.00395,38.80391,2.11199,-0.23582,0.00053,2.34593,1.92581,25.00000,25.00000,166.19609,0.45444,0.08534,0.19549,0.00000,0.00000,0.10000,0.00000,none
3.14167,50.00382,38.80108,2.11408,-0.23594,0.00054,2.35396,1.92954,25.00000,25.00000,166.19892,0.45434,0.08531,0.19616,0.00000,0.00000,0.10000,0.00000,none
3.14583,50.00369,38.79824,2.11617,-0.23606,0.00054,2.36201,1.93324,25.00000,25.00000,166.20176,0.45424,0.08529,0.19683,0.00000,0.00000,0.10000,0.00000,none
3.15000,50.00356,38.79541,2.11826,-0.23619,0.00054,2.37007,1.93693,25.00000,25.00000,166.20459,0.45413,0.08527,0.19751,0.00000,0.00000,0.10000,0.00000,none
3.15417,50.00344,38.79257,2.12035,-0.23631,0.00054,2.37815,1.94059,25.00000,25.00000,166.20743,0.45403,0.08524,0.19818,0.00000,0.00000,0.10000,0.00000,none
3.15833,50.00331,38.78974,2.12244,-0.23643,0.00054,2.38624,1.94424,25.00000,25.00000,166.21026,0.45393,0.08522,0.19885,0.00000,0.00000,0.10000,0.00000,none
3.16250,50.00318,38.78690,2.12454,-0.23656,0.00055,2.39435,1.94786,25.00000,25.00000,166.21310,0.45382,0.08520,0.19953,0.00000,0.00000,0.10000,0.00000,none
3.16667,50.00304,38.78407,2.12663,-0.23668,0.00055,2.40248,1.95146,25.00000,25.00000,166.21593,0.45372,0.08518,0.20021,0.00000,0.00000,0.10000,0.00000,none
3.17083,50.00291,38.78124,2.12872,-0.23680,0.00055,2.41062,1.95504,25.00000,25.00000,166.21876,0.45362,0.08515,0.20088,0.00000,0.00000,0.10000,0.00000,none
3.17500,50.00278,38.77841,2.13082,-0.23693,0.00055,2.41877,1.95860,25.00000,25.00000,166.22159,0.45351,0.08513,0.20156,0.00000,0.00000,0.10000,0.00000,none
3.17917,50.00265,38.77558,2.13291,-0.23705,0.00055,2.42694,1.96214,25.00000,25.00000,166.22442,0.45341,0.08511,0.20224,0.00000,0.00000,0.10000,0.00000,none
3.18333,50.00252,38.77275,2.13501,-0.23717,0.00056,2.43512,1.96566,25.00000,25.00000,166.22725,0.45331,0.08508,0.20293,0.00000,0.00000,0.10000,0.00000,none
3.18750,50.00238,38.76992,2.13711,-0.23730,0.00056,2.44332,1.96915,25.00000,25.00000,166.23008,0.45320,0.08506,0.20361,0.00000,0.00000,0.10000,0.00000,none
3.19167,50.00225,38.76710,2.13921,-0.23742,0.00056,2.45153,1.97263,25.00000,25.00000,166.23290,0.45310,0.08504,0.20429,0.00000,0.00000,0.10000,0.00000,none
3.19583,50.00212,38.76427,2.14131,-0.23754,0.00056,2.45976,1.97609,25.00000,25.00000,166.23573,0.45300,0.08502,0.20498,0.00000,0.00000,0.10000,0.00000,none
3.20000,50.00198,38.76145,2.14341,-0.23766,0.00056,2.46800,1.97952,25.00000,25.00000,166.23855,0.45289,0.08499,0.20567,0.00000,0.00000,0.10000,0.00000,none
3.20417,50.00185,38.75862,2.14551,-0.23779,0.00057,2.47625,1.98293,25.00000,25.00000,166.24138,0.45279,0.08497,0.20635,0.00000,0.00000,0.10000,0.00000,none
3.20833,50.00171,38.75580,2.14761,-0.23791,0.00057,2.48452,1.98633,25.00000,25.00000,166.24420,0.45269,0.08495,0.20704,0.00000,0.00000,0.10000,0.00000,none
3.21250,50.00158,38.75297,2.14971,-0.23803,0.00057,2.49281,1.98970,25.00000,25.00000,166.24703,0.45258,0.08492,0.20773,0.00000,0.00000,0.10000,0.00000,none
3.21667,50.00144,38.75015,2.15181,-0.23816,0.00057,2.50110,1.99305,25.00000,25.00000,166.24985,0.45248,0.08490,0.20843,0.00000,0.00000,0.10000,0.00000,none
3.22083,50.00130,38.74733,2.15391,-0.23828,0.00057,2.50941,1.99638,25.00000,25.00000,166.25267,0.45238,0.08488,0.20912,0.00000,0.00000,0.10000,0.00000,none
3.22500,50.00116,38.74451,2.15602,-0.23840,0.00058,2.51774,1.99969,25.00000,25.00000,166.25549,0.45227,0.08486,0.20981,0.00000,0.00000,0.10000,0.00000,none
3.22917,50.00103,38.74169,2.15812,-0.23852,0.00058,2.52608,2.00298,25.00000,25.00000,166.25831,0.45217,0.08483,0.21051,0.00000,0.00000,0.10000,0.00000,none
3.23333,50.00089,38.73888,2.16023,-0.23865,0.00058,2.53443,2.00625,25.00000,25.00000,166.26112,0.45207,0.08481,0.21120,0.00000,0.00000,0.10000,0.00000,none
3.23750,50.00075,38.73606,2.16233,-0.23877,0.00058,2.54280,2.00950,25.00000,25.00000,166.26394,0.45197,0.08479,0.21190,0.00000,0.00000,0.10000,0.00000,none
3.24167,50.00061,38.73325,2.16444,-0.23889,0.00058,2.55118,2.01273,25.00000,25.00000,166.26675,0.45186,0.08477,0.21260,0.00000,0.00000,0.10000,0.00000,none
3.24583,50.00047,38.73043,2.16655,-0.23901,0.00059,2.55957,2.01594,25.00000,25.00000,166.26957,0.45176,0.08474,0.21330,0.00000,0.00000,0.10000,0.00000,none
3.25000,50.00033,38.72762,2.16865,-0.23914,0.00059,2.56798,2.01913,25.00000,25.00000,166.27238,0.45166,0.08472,0.21400,0.00000,0.00000,0.10000,0.00000,none
3.25417,50.00019,38.72481,2.17076,-0.23926,0.00059,2.57640,2.02229,25.00000,25.00000,166.27519,0.45156,0.08470,0.21470,0.00000,0.00000,0.10000,0.00000,none
3.25833,50.00005,38.72200,2.17287,-0.23938,0.00059,2.58483,2.02544,25.00000,25.00000,166.27800,0.45145,0.08468,0.21540,0.00000,0.00000,0.10000,0.00000,none
3.26250,49.99991,38.71919,2.17498,-0.23950,0.00059,2.59327,2.02856,25.00000,25.00000,166.28081,0.45135,0.08465,0.21611,0.00000,0.00000,0.10000,0.00000,none
3.26667,49.99977,38.71638,2.17709,-0.23962,0.00059,2.60173,2.03167,25.00000,25.00000,166.28362,0.45125,0.08463,0.21681,0.00000,0.00000,0.10000,0.00000,none
3.27083,49.99962,38.71358,2.17920,-0.23975,0.00060,2.61021,2.03475,25.00000,25.00000,166.28642,0.45115,0.08461,0.21752,0.00000,0.00000,0.10000,0.00000,none
3.27500,49.99948,38.71077,2.18131,-0.23987,0.00060,2.61869,2.03782,25.00000,25.00000,166.28923,0.45104,0.08459,0.21822,0.00000,0.00000,0.10000,0.00000,none
3.27917,49.99934,38.70797,2.18342,-0.23999,0.00060,2.62719,2.04086,25.00000,25.00000,166.29203,0.45094,0.08456,0.21893,0.00000,0.00000,0.10000,0.00000,none
3.28333,49.99920,38.70516,2.18554,-0.24011,0.00060,2.63570,2.04389,25.00000,25.00000,166.29484,0.45084,0.08454,0.21964,0.00000,0.00000,0.10000,0.00000,none
3.28750,49.99905,38.70236,2.18765,-0.24024,0.00060,2.64422,2.04689,25.00000,25.00000,166.29764,0.45074,0.08452,0.22035,0.00000,0.00000,0.10000,0.00000,none
3.29167,49.99891,38.69956,2.18976,-0.24036,0.00061,2.65275,2.04988,25.00000,25.00000,166.30044,0.45063,0.08449,0.22106,0.00000,0.00000,0.10000,0.00000,none
3.29583,49.99876,38.69677,2.19188,-0.24048,0.00061,2.66130,2.05284,25.00000,25.00000,166.30323,0.45053,0.08447,0.22178,0.00000,0.00000,0.10000,0.00000,none
3.30000,49.99862,38.69397,2.19399,-0.24060,0.00061,2.66986,2.05579,25.00000,25.00000,166.30603,0.45043,0.08445,0.22249,0.00000,0.00000,0.10000,0.00000,none
3.30417,49.99847,38.69117,2.19611,-0.24072,0.00061,2.67843,2.05871,25.00000,25.00000,166.30883,0.45033,0.08443,0.22320,0.00000,0.00000,0.10000,0.00000,none
3.30833,49.99833,38.68838,2.19822,-0.24084,0.00061,2.68702,2.06162,25.00000,25.00000,166.31162,0.45023,0.08441,0.22392,0.00000,0.00000,0.10000,0.00000,none
3.31250,49.99818,38.68559,2.20034,-0.24097,0.00061,2.69561,2.06450,25.00000,25.00000,166.31441,0.45012,0.08438,0.22463,0.00000,0.00000,0.10000,0.00000,none
3.31667,49.99803,38.68280,2.20245,-0.24109,0.00062,2.70422,2.06737,25.00000,25.00000,166.31720,0.45002,0.08436,0.22535,0.00000,0.00000,0.10000,0.00000,none
3.32083,49.99788,38.68001,2.20457,-0.24121,0.00062,2.71284,2.07021,25.00000,25.00000,166.31999,0.44992,0.08434,0.22607,0.00000,0.00000,0.10000,0.00000,none
3.32500,49.99774,38.67722,2.20669,-0.24133,0.00062,2.72147,2.07304,25.00000,25.00000,166.32278,0.44982,0.08432,0.22679,0.00000,0.00000,0.10000,0.00000,none
3.32917,49.99759,38.67444,2.20881,-0.24145,0.00062,2.73012,2.07584,25.00000,25.00000,166.32556,0.44972,0.08429,0.22751,0.00000,0.00000,0.10000,0.00000,none
3.33333,49.99744,38.67165,2.21093,-0.24157,0.00062,2.73877,2.07863,25.00000,25.00000,166.32835,0.44962,0.08427,0.22823,0.00000,0.00000,0.10000,0.00000,none
3.33750,49.99729,38.66887,2.21304,-0.24170,0.00062,2.74744,2.08140,25.00000,25.00000,166.33113,0.44951,0.08425,0.22895,0.00000,0.00000,0.10000,0.00000,none
3.34167,49.99714,38.66609,2.21516,-0.24182,0.00063,2.75612,2.08415,25.00000,25.00000,166.33391,0.44941,0.08423,0.22968,0.00000,0.00000,0.10000,0.00000,none
3.34583,49.99699,38.66331,2.21728,-0.24194,0.00063,2.76481,2.08687,25.00000,25.00000,166.33669,0.44931,0.08420,0.23040,0.00000,0.00000,0.10000,0.00000,none
3.35000,49.99684,38.66053,2.21941,-0.24206,0.00063,2.77351,2.08958,25.00000,25.00000,166.33947,0.44921,0.08418,0.23113,0.00000,0.00000,0.10000,0.00000,none
3.35417,49.99669,38.65776,2.22153,-0.24218,0.00063,2.78222,2.09227,25.00000,25.00000,166.34224,0.44911,0.08416,0.23185,0.00000,0.00000,0.10000,0.00000,none
3.35833,49.99654,38.65498,2.22365,-0.24230,0.00063,2.79094,2.09494,25.00000,25.00000,166.34502,0.44901,0.08414,0.23258,0.00000,0.00000,0.10000,0.00000,none
3.36250,49.99639,38.65221,2.22577,-0.24242,0.00063,2.79968,2.09760,25.00000,25.00000,166.34779,0.44891,0.08412,0.23331,0.00000,0.00000,0.10000,0.00000,none
3.36667,49.99624,38.64944,2.22789,-0.24255,0.00064,2.80842,2.10023,25.00000,25.00000,166.35056,0.44880,0.08409,0.23404,0.00000,0.00000,0.10000,0.00000,none
3.37083,49.99609,38.64667,2.23001,-0.24267,0.00064,2.81718,2.10284,25.00000,25.00000,166.35333,0.44870,0.08407,0.23477,0.00000,0.00000,0.10000,0.00000,none
3.37500,49.99593,38.64391,2.23214,-0.24279,0.00064,2.82595,2.10544,25.00000,25.00000,166.35609,0.44860,0.08405,0.23550,0.00000,0.00000,0.10000,0.00000,none
3.37917,49.99578,38.64114,2.23426,-0.24291,0.00064,2.83473,2.10801,25.00000,25.00000,166.35886,0.44850,0.08403,0.23623,0.00000,0.00000,0.10000,0.00000,none
3.38333,49.99563,38.63838,2.23639,-0.24303,0.00064,2.84351,2.11057,25.00000,25.00000,166.36162,0.44840,0.08401,0.23696,0.00000,0.00000,0.10000,0.00000,none
3.38750,49.99547,38.63562,2.23851,-0.24315,0.00064,2.85231,2.11311,25.00000,25.00000,166.36438,0.44830,0.08398,0.23769,0.00000,0.00000,0.10000,0.00000,none
3.39167,49.99532,38.63286,2.24063,-0.24327,0.00065,2.86112,2.11563,25.00000,25.00000,166.36714,0.44820,0.08396,0.23843,0.00000,0.00000,0.10000,0.00000,none
3.39583,49.99517,38.63010,2.24276,-0.24339,0.00065,2.86994,2.11813,25.00000,25.00000,166.36990,0.44810,0.08394,0.23916,0.00000,0.00000,0.10000,0.00000,none
3.40000,49.99501,38.62735,2.24489,-0.24352,0.00065,2.87878,2.12062,25.00000,25.00000,166.37265,0.44800,0.08392,0.23990,0.00000,0.00000,0.10000,0.00000,none
3.40417,49.99486,38.62460,2.24701,-0.24364,0.00065,2.88762,2.12308,25.00000,25.00000,166.37540,0.44790,0.08390,0.24063,0.00000,0.00000,0.10000,0.00000,none
3.40833,49.99470,38.62185,2.24914,-0.24376,0.00065,2.89647,2.12553,25.00000,25.00000,166.37815,0.44780,0.08387,0.24137,0.00000,0.00000,0.10000,0.00000,none
3.41250,49.99454,38.61910,2.25126,-0.24388,0.00065,2.90533,2.12796,25.00000,25.00000,166.38090,0.44770,0.08385,0.24211,0.00000,0.00000,0.10000,0.00000,none
3.41667,49.99439,38.61635,2.25339,-0.24400,0.00065,2.91420,2.13037,25.00000,25.00000,166.38365,0.44760,0.08383,0.24285,0.00000,0.00000,0.10000,0.00000,none
3.42083,49.99423,38.61361,2.25552,-0.24412,0.00066,2.92308,2.13276,25.00000,25.00000,166.38639,0.44750,0.08381,0.24359,0.00000,0.00000,0.10000,0.00000,none
3.42500,49.99407,38.61086,2.25765,-0.24424,0.00066,2.93197,2.13514,25.00000,25.00000,166.38914,0.44740,0.08379,0.24433,0.00000,0.00000,0.10000,0.00000,none
3.42917,49.99392,38.60812,2.25977,-0.24436,0.00066,2.94088,2.13749,25.00000,25.00000,166.39188,0.44730,0.08376,0.24507,0.00000,0.00000,0.10000,0.00000,none
3.43333,49.99376,38.60539,2.26190,-0.24448,0.00066,2.94979,2.13983,25.00000,25.00000,166.39461,0.44720,0.08374,0.24582,0.00000,0.00000,0.10000,0.00000,none
3.43750,49.99360,38.60265,2.26403,-0.24460,0.00066,2.95871,2.14215,25.00000,25.00000,166.39735,0.44710,0.08372,0.24656,0.00000,0.00000,0.10000,0.00000,none
3.44167,49.99344,38.59992,2.26616,-0.24472,0.00066,2.96764,2.14446,25.00000,25.00000,166.40008,0.44700,0.08370,0.24730,0.00000,0.00000,0.10000,0.00000,none
3.44583,49.99329,38.59719,2.26829,-0.24485,0.00067,2.97658,2.14674,25.00000,25.00000,166.40281,0.44690,0.08368,0.24805,0.00000,0.00000,0.10000,0.00000,none
3.45000,49.99313,38.59446,2.27042,-0.24497,0.00067,2.98553,2.14901,25.00000,25.00000,166.40554,0.44680,0.08366,0.24879,0.00000,0.00000,0.10000,0.00000,none
3.45417,49.99297,38.59173,2.27255,-0.24509,0.00067,2.99449,2.15127,25.00000,25.00000,166.40827,0.44670,0.08363,0.24954,0.00000,0.00000,0.10000,0.00000,none
3.45833,49.99281,38.58901,2.27468,-0.24521,0.00067,3.00345,2.15350,25.00000,25.00000,166.41099,0.44660,0.08361,0.25029,0.00000,0.00000,0.10000,0.00000,none
3.46250,49.99265,38.58628,2.27681,-0.24533,0.00067,3.01243,2.15572,25.00000,25.00000,166.41372,0.44650,0.08359,0.25104,0.00000,0.00000,0.10000,0.00000,none
3.46667,49.99249,38.58356,2.27894,-0.24545,0.00067,3.02142,2.15792,25.00000,25.00000,166.41644,0.44640,0.08357,0.25178,0.00000,0.00000,0.10000,0.00000,none
3.47083,49.99233,38.58085,2.28107,-0.24557,0.00067,3.03041,2.16011,25.00000,25.00000,166.41915,0.44630,0.08355,0.25253,0.00000,0.00000,0.10000,0.00000,none
3.47500,49.99216,38.57813,2.28320,-0.24569,0.00068,3.03942,2.16227,25.00000,25.00000,166.42187,0.44620,0.08353,0.25328,0.00000,0.00000,0.10000,0.00000,none
3.47917,49.99200,38.57542,2.28533,-0.24581,0.00068,3.04843,2.16442,25.00000,25.00000,166.42458,0.44610,0.08350,0.25404,0.00000,0.00000,0.10000,0.00000,none
3.48333,49.99184,38.57271,2.28747,-0.24593,0.00068,3.05746,2.16656,25.00000,25.00000,166.42729,0.44600,0.08348,0.25479,0.00000,0.00000,0.10000,0.00000,none
3.48750,49.99168,38.57000,2.28960,-0.24605,0.00068,3.06649,2.16868,25.00000,25.00000,166.43000,0.44591,0.08346,0.25554,0.00000,0.00000,0.10000,0.00000,none
3.49167,49.99152,38.56729,2.29173,-0.24617,0.00068,3.07553,2.17078,25.00000,25.00000,166.43271,0.44581,0.08344,0.25629,0.00000,0.00000,0.10000,0.00000,none
3.49583,49.99135,38.56459,2.29386,-0.24629,0.00068,3.08458,2.17286,25.00000,25.00000,166.43541,0.44571,0.08342,0.25705,0.00000,0.00000,0.10000,0.00000,none
3.50000,49.99119,38.56189,2.29599,-0.24641,0.00068,3.09364,2.17493,25.00000,25.00000,166.43811,0.44561,0.08340,0.25780,0.00000,0.00000,0.10000,0.00000,none
3.50417,49.99103,38.55919,2.29813,-0.24653,0.00068,3.10270,2.17698,25.00000,25.00000,166.44081,0.44551,0.08338,0.25856,0.00000,0.00000,0.10000,0.00000,none
3.50833,49.99086,38.55650,2.30026,-0.24665,0.00069,3.11178,2.17902,25.00000,25.00000,166.44350,0.44541,0.08335,0.25931,0.00000,0.00000,0.10000,0.00000,none
3.51250,49.99070,38.55381,2.30239,-0.24677,0.00069,3.12086,2.18104,25.00000,25.00000,166.44619,0.44531,0.08333,0.26007,0.00000,0.00000,0.10000,0.00000,none
3.51667,49.99054,38.55112,2.30453,-0.24690,0.00069,3.12995,2.18305,25.00000,25.00000,166.44888,0.44522,0.08331,0.26083,0.00000,0.00000,0.10000,0.00000,none
3.52083,49.99037,38.54843,2.30666,-0.24702,0.00069,3.13905,2.18504,25.00000,25.00000,166.45157,0.44512,0.08329,0.26159,0.00000,0.00000,0.10000,0.00000,none
3.52500,49.99021,38.54574,2.30879,-0.24714,0.00069,3.14816,2.18701,25.00000,25.00000,166.45426,0.44502,0.08327,0.26235,0.00000,0.00000,0.10000,0.00000,none
3.52917,49.99004,38.54306,2.31093,-0.24726,0.00069,3.15728,2.18897,25.00000,25.00000,166.45694,0.44492,0.08325,0.26311,0.00000,0.00000,0.10000,0.00000,none
3.53333,49.98988,38.54038,2.31306,-0.24738,0.00069,3.16640,2.19091,25.00000,25.00000,166.45962,0.44482,0.08323,0.26387,0.00000,0.00000,0.10000,0.00000,none
3.53750,49.98971,38.53771,2.31520,-0.24750,0.00070,3.17554,2.19284,25.00000,25.00000,166.46229,0.44473,0.08321,0.26463,0.00000,0.00000,0.10000,0.00000,none
3.54167,49.98954,38.53503,2.31733,-0.24762,0.00070,3.18468,2.19476,25.00000,25.00000,166.46497,0.44463,0.08318,0.26539,0.00000,0.00000,0.10000,0.00000,none
3.54583,49.98938,38.53236,2.31946,-0.24774,0.00070,3.19383,2.19665,25.00000,25.00000,166.46764,0.44453,0.08316,0.26615,0.00000,0.00000,0.10000,0.00000,none
3.55000,49.98921,38.52969,2.32160,-0.24786,0.00070,3.20298,2.19854,25.00000,25.00000,166.47031,0.44443,0.08314,0.26692,0.00000,0.00000,0.10000,0.00000,none
3.55417,49.98904,38.52703,2.32373,-0.24798,0.00070,3.21215,2.20041,25.00000,25.00000,166.47297,0.44434,0.08312,0.26768,0.00000,0.00000,0.10000,0.00000,none
3.55833,49.98888,38.52436,2.32587,-0.24810,0.00070,3.22132,2.20226,25.00000,25.00000,166.47564,0.44424,0.08310,0.26844,0.00000,0.00000,0.10000,0.00000,none
3.56250,49.98871,38.52170,2.32800,-0.24822,0.00070,3.23050,2.20410,25.00000,25.00000,166.47830,0.44414,0.08308,0.26921,0.00000,0.00000,0.10000,0.00000,none
3.56667,49.98854,38.51904,2.33014,-0.24834,0.00070,3.23969,2.20592,25.00000,25.00000,166.48096,0.44405,0.08306,0.26997,0.00000,0.00000,0.10000,0.00000,none
3.57083,49.98837,38.51639,2.33227,-0.24846,0.00070,3.24888,2.20774,25.00000,25.00000,166.48361,0.44395,0.08304,0.27074,0.00000,0.00000,0.10000,0.00000,none
3.57500,49.98821,38.51374,2.33441,-0.24858,0.00071,3.25809,2.20953,25.00000,25.00000,166.48626,0.44385,0.08302,0.27151,0.00000,0.00000,0.10000,0.00000,none
3.57917,49.98804,38.51109,2.33654,-0.24870,0.00071,3.26730,2.21132,25.00000,25.00000,166.48891,0.44375,0.08300,0.27227,0.00000,0.00000,0.10000,0.00000,none
3.58333,49.98787,38.50844,2.33868,-0.24882,0.00071,3.27651,2.21308,25.00000,25.00000,166.49156,0.44366,0.08297,0.27304,0.00000,0.00000,0.10000,0.00000,none
3.58750,49.98770,38.50580,2.34082,-0.24894,0.00071,3.28574,2.21484,25.00000,25.00000,166.49420,0.44356,0.08295,0.27381,0.00000,0.00000,0.10000,0.00000,none
3.59167,49.98753,38.50316,2.34295,-0.24906,0.00071,3.29497,2.21658,25.00000,25.00000,166.49684,0.44347,0.08293,0.27458,0.00000,0.00000,0.10000,0.00000,none
3.59583,49.98736,38.50052,2.34509,-0.24918,0.00071,3.30421,2.21831,25.00000,25.00000,166.49948,0.44337,0.08291,0.27535,0.00000,0.00000,0.10000,0.00000,none
3.60000,49.98719,38.49789,2.34722,-0.24930,0.00071,3.31346,2.22002,25.00000,25.00000,166.50211,0.44327,0.08289,0.27612,0.00000,0.00000,0.10000,0.00000,none
3.60417,49.98702,38.49526,2.34936,-0.24942,0.00071,3.32271,2.22172,25.00000,25.00000,166.50474,0.44318,0.08287,0.27689,0.00000,0.00000,0.10000,0.00000,none
3.60833,49.98685,38.49263,2.35149,-0.24954,0.00071,3.33197,2.22341,25.00000,25.00000,166.50737,0.44308,0.08285,0.27766,0.00000,0.00000,0.10000,0.00000,none
3.61250,49.98668,38.49000,2.35363,-0.24966,0.00072,3.34124,2.22509,25.00000,25.00000,166.51000,0.44299,0.08283,0.27844,0.00000,0.00000,0.10000,0.00000,none
3.61667,49.98651,38.48738,2.35576,-0.24978,0.00072,3.35051,2.22675,25.00000,25.00000,166.51262,0.44289,0.08281,0.27921,0.00000,0.00000,0.10000,0.00000,none
3.62083,49.98634,38.48476,2.35790,-0.24990,0.00072,3.35979,2.22840,25.00000,25.00000,166.51524,0.44279,0.08279,0.27998,0.00000,0.00000,0.10000,0.00000,none
3.62500,49.98616,38.48215,2.36004,-0.25002,0.00072,3.36908,2.23003,25.00000,25.00000,166.51785,0.44270,0.08277,0.28076,0.00000,0.00000,0.10000,0.00000,none
3.62917,49.98599,38.47953,2.36217,-0.25014,0.00072,3.37838,2.23166,25.00000,25.00000,166.52047,0.44260,0.08275,0.28153,0.00000,0.00000,0.10000,0.00000,none
3.63333,49.98582,38.47693,2.36431,-0.25026,0.00072,3.38768,2.23327,25.00000,25.00000,166.52307,0.44251,0.08273,0.28231,0.00000,0.00000,0.10000,0.00000,none
3.63750,49.98565,38.47432,2.36644,-0.25038,0.00072,3.39699,2.23487,25.00000,25.00000,166.52568,0.44241,0.08271,0.28308,0.00000,0.00000,0.10000,0.00000,none
3.64167,49.98548,38.47172,2.36858,-0.25050,0.00072,3.40630,2.23645,25.00000,25.00000,166.52828,0.44232,0.08269,0.28386,0.00000,0.00000,0.10000,0.00000,none
3.64583,49.98530,38.46912,2.37071,-0.25062,0.00072,3.41563,2.23803,25.00000,25.00000,166.53088,0.44222,0.08267,0.28464,0.00000,0.00000,0.10000,0.00000,none
3.65000,49.98513,38.46652,2.37285,-0.25074,0.00073,3.42495,2.23959,25.00000,25.00000,166.53348,0.44213,0.08265,0.28541,0.00000,0.00000,0.10000,0.00000,none
3.65417,49.98496,38.46392,2.37499,-0.25086,0.00073,3.43429,2.24114,25.00000,25.00000,166.53608,0.44203,0.08262,0.28619,0.00000,0.00000,0.10000,0.00000,none
3.65833,49.98478,38.46133,2.37712,-0.25098,0.00073,3.44363,2.24268,25.00000,25.00000,166.53867,0.44194,0.08260,0.28697,0.00000,0.00000,0.10000,0.00000,none
3.66250,49.98461,38.45875,2.37926,-0.25110,0.00073,3.45298,2.24421,25.00000,25.00000,166.54125,0.44184,0.08258,0.28775,0.00000,0.00000,0.10000,0.00000,none
3.66667,49.98443,38.45616,2.38139,-0.25122,0.00073,3.46233,2.24573,25.00000,25.00000,166.54384,0.44175,0.08256,0.28853,0.00000,0.00000,0.10000,0.00000,none
3.67083,49.98426,38.45358,2.38353,-0.25134,0.00073,3.47169,2.24723,25.00000,25.00000,166.54642,0.44166,0.08254,0.28931,0.00000,0.00000,0.10000,0.00000,none
3.67500,49.98409,38.45101,2.38566,-0.25146,0.00073,3.48106,2.24872,25.00000,25.00000,166.54899,0.44156,0.08252,0.29009,0.00000,0.00000,0.10000,0.00000,none
3.67917,49.98391,38.44843,2.38780,-0.25158,0.00073,3.49043,2.25021,25.00000,25.00000,166.55157,0.44147,0.08250,0.29087,0.00000,0.00000,0.10000,0.00000,none
3.68333,49.98374,38.44586,2.38993,-0.25170,0.00073,3.49981,2.25168,25.00000,25.00000,166.55414,0.44137,0.08248,0.29165,0.00000,0.00000,0.10000,0.00000,none
3.68750,49.98356,38.44329,2.39207,-0.25182,0.00073,3.50920,2.25314,25.00000,25.00000,166.55671,0.44128,0.08246,0.29243,0.00000,0.00000,0.10000,0.00000,none
3.69167,49.98339,38.44073,2.39420,-0.25194,0.00074,3.51859,2.25459,25.00000,25.00000,166.55927,0.44119,0.08244,0.29322,0.00000,0.00000,0.10000,0.00000,none
3.69583,49.98321,38.43817,2.39634,-0.25206,0.00074,3.52798,2.25603,25.00000,25.00000,166.56183,0.44109,0.08242,0.29400,0.00000,0.00000,0.10000,0.00000,none
3.70000,49.98303,38.43561,2.39847,-0.25218,0.00074,3.53739,2.25746,25.00000,25.00000,166.56439,0.44100,0.08240,0.29478,0.00000,0.00000,0.10000,0.00000,none
3.70417,49.98286,38.43306,2.40061,-0.25230,0.00074,3.54680,2.25888,25.00000,25.00000,166.56694,0.44091,0.08238,0.29557,0.00000,0.00000,0.10000,0.00000,none
3.70833,49.98268,38.43051,2.40274,-0.25242,0.00074,3.55621,2.26029,25.00000,25.00000,166.56949,0.44081,0.08236,0.29635,0.00000,0.00000,0.10000,0.00000,none
3.71250,49.98251,38.42796,2.40487,-0.25254,0.00074,3.56563,2.26169,25.00000,25.00000,166.57204,0.44072,0.08234,0.29714,0.00000,0.00000,0.10000,0.00000,none
3.71667,49.98233,38.42542,2.40701,-0.25266,0.00074,3.57506,2.26308,25.00000,25.00000,166.57458,0.44063,0.08232,0.29792,0.00000,0.00000,0.10000,0.00000,none
3.72083,49.98215,38.42288,2.40914,-0.25278,0.00074,3.58449,2.26446,25.00000,25.00000,166.57712,0.44054,0.08230,0.29871,0.00000,0.00000,0.10000,0.00000,none
3.72500,49.98197,38.42034,2.41128,-0.25290,0.00074,3.59393,2.26583,25.00000,25.00000,166.57966,0.44044,0.08228,0.29949,0.00000,0.00000,0.10000,0.00000,none
3.72917,49.98180,38.41781,2.41341,-0.25302,0.00074,3.60337,2.26719,25.00000,25.00000,166.58219,0.44035,0.08226,0.30028,0.00000,0.00000,0.10000,0.00000,none
3.73333,49.98162,38.41528,2.41554,-0.25314,0.00074,3.61282,2.26854,25.00000,25.00000,166.58472,0.44026,0.08224,0.30107,0.00000,0.00000,0.10000,0.00000,none
3.73750,49.98144,38.41276,2.41768,-0.25326,0.00074,3.62228,2.26988,25.00000,25.00000,166.58724,0.44017,0.08222,0.30186,0.00000,0.00000,0.10000,0.00000,none
3.74167,49.98126,38.41023,2.41981,-0.25338,0.00075,3.63174,2.27122,25.00000,25.00000,166.58977,0.44007,0.08220,0.30264,0.00000,0.00000,0.10000,0.00000,none
3.74583,49.98109,38.40772,2.42194,-0.25350,0.00075,3.64121,2.27254,25.00000,25.00000,166.59228,0.43998,0.08218,0.30343,0.00000,0.00000,0.10000,0.00000,none
3.75000,49.98091,38.40520,2.42407,-0.25362,0.00075,3.65068,2.27386,25.00000,25.00000,166.59480,0.43989,0.08217,0.30422,0.00000,0.00000,0.10000,0.00000,none
3.75417,49.98073,38.40269,2.42621,-0.25374,0.00075,3.66015,2.27516,25.00000,25.00000,166.59731,0.43980,0.08215,0.30501,0.00000,0.00000,0.10000,0.00000,none
3.75833,49.98055,38.40018,2.42834,-0.25386,0.00075,3.66964,2.27646,25.00000,25.00000,166.59982,0.43971,0.08213,0.30580,0.00000,0.00000,0.10000,0.00000,none
3.76250,49.98037,38.39768,2.43047,-0.25398,0.00075,3.67912,2.27775,25.00000,25.00000,166.60232,0.43962,0.08211,0.30659,0.00000,0.00000,0.10000,0.00000,none
3.76667,49.98019,38.39518,2.43260,-0.25410,0.00075,3.68862,2.27903,25.00000,25.00000,166.60482,0.43952,0.08209,0.30738,0.00000,0.00000,0.10000,0.00000,none
3.77083,49.98001,38.39268,2.43473,-0.25422,0.00075,3.69812,2.28031,25.00000,25.00000,166.60732,0.43943,0.08207,0.30818,0.00000,0.00000,0.10000,0.00000,none
3.77500,49.97983,38.39019,2.43686,-0.25434,0.00075,3.70762,2.28157,25.00000,25.00000,166.60981,0.43934,0.08205,0.30897,0.00000,0.00000,0.10000,0.00000,none
3.77917,49.97966,38.38770,2.43900,-0.25446,0.00075,3.71713,2.28283,25.00000,25.00000,166.61230,0.43925,0.08203,0.30976,0.00000,0.00000,0.10000,0.00000,none
3.78333,49.97948,38.38522,2.44113,-0.25458,0.00075,3.72664,2.28408,25.00000,25.00000,166.61478,0.43916,0.08201,0.31055,0.00000,0.00000,0.10000,0.00000,none
3.78750,49.97930,38.38273,2.44326,-0.25470,0.00075,3.73616,2.28532,25.00000,25.00000,166.61727,0.43907,0.08199,0.31135,0.00000,0.00000,0.10000,0.00000,none
3.79167,49.97912,38.38026,2.44539,-0.25482,0.00075,3.74569,2.28656,25.00000,25.00000,166.61974,0.43898,0.08197,0.31214,0.00000,0.00000,0.10000,0.00000,none
3.79583,49.97894,38.37778,2.44752,-0.25494,0.00076,3.75522,2.28779,25.00000,25.00000,166.62222,0.43889,0.08195,0.31293,0.00000,0.00000,0.10000,0.00000,none
3.80000,49.97875,38.37531,2.44965,-0.25506,0.00076,3.76475,2.28901,25.00000,25.00000,166.62469,0.43880,0.08193,0.31373,0.00000,0.00000,0.10000,0.00000,none
3.80417,49.97857,38.37285,2.45178,-0.25518,0.00076,3.77429,2.29022,25.00000,25.00000,166.62715,0.43871,0.08191,0.31452,0.00000,0.00000,0.10000,0.00000,none
3.80833,49.97839,38.37038,2.45390,-0.25530,0.00076,3.78384,2.29143,25.00000,25.00000,166.62962,0.43862,0.08189,0.31532,0.00000,0.00000,0.10000,0.00000,none
3.81250,49.97821,38.36793,2.45603,-0.25542,0.00076,3.79339,2.29263,25.00000,25.00000,166.63207,0.43853,0.08188,0.31612,0.00000,0.00000,0.10000,0.00000,none
3.81667,49.97803,38.36547,2.45816,-0.25554,0.00076,3.80294,2.29383,25.00000,25.00000,166.63453,0.43844,0.08186,0.31691,0.00000,0.00000,0.10000,0.00000,none
3.82083,49.97785,38.36302,2.46029,-0.25566,0.00076,3.81250,2.29502,25.00000,25.00000,166.63698,0.43835,0.08184,0.31771,0.00000,0.00000,0.10000,0.00000,none
3.82500,49.97767,38.36057,2.46242,-0.25579,0.00076,3.82207,2.29620,25.00000,25.00000,166.63943,0.43826,0.08182,0.31851,0.00000,0.00000,0.10000,0.00000,none
3.82917,49.97749,38.35813,2.46454,-0.25591,0.00076,3.83164,2.29737,25.00000,25.00000,166.64187,0.43817,0.08180,0.31930,0.00000,0.00000,0.10000,0.00000,none
3.83333,49.97731,38.35569,2.46667,-0.25603,0.00076,3.84121,2.29854,25.00000,25.00000,166.64431,0.43808,0.08178,0.32010,0.00000,0.00000,0.10000,0.00000,none
3.83750,49.97712,38.35326,2.46880,-0.25615,0.00076,3.85079,2.29971,25.00000,25.00000,166.64674,0.43799,0.08176,0.32090,0.00000,0.00000,0.10000,0.00000,none
3.84167,49.97694,38.35083,2.47092,-0.25627,0.00076,3.86038,2.30086,25.00000,25.00000,166.64917,0.43791,0.08174,0.32170,0.00000,0.00000,0.10000,0.00000,none
3.84583,49.97676,38.34840,2.47305,-0.25639,0.00076,3.86997,2.30202,25.00000,25.00000,166.65160,0.43782,0.08172,0.32250,0.00000,0.00000,0.10000,0.00000,none
3.85000,49.97658,38.34597,2.47518,-0.25651,0.00076,3.87956,2.30316,25.00000,25.00000,166.65403,0.43773,0.08170,0.32330,0.00000,0.00000,0.10000,0.00000,none
3.85417,49.97639,38.34356,2.47730,-0.25663,0.00076,3.88916,2.30431,25.00000,25.00000,166.65644,0.43764,0.08169,0.32410,0.00000,0.00000,0.10000,0.00000,none
3.85833,49.97621,38.34114,2.47943,-0.25675,0.00077,3.89876,2.30544,25.00000,25.00000,166.65886,0.43755,0.08167,0.32490,0.00000,0.00000,0.10000,0.00000,none
3.86250,49.97603,38.33873,2.48155,-0.25687,0.00077,3.90837,2.30658,25.00000,25.00000,166.66127,0.43746,0.08165,0.32570,0.00000,0.00000,0.10000,0.00000,none
3.86667,49.97585,38.33632,2.48368,-0.25699,0.00077,3.91799,2.30770,25.00000,25.00000,166.66368,0.43738,0.08163,0.32650,0.00000,0.00000,0.10000,0.00000,none
3.87083,49.97566,38.33392,2.48580,-0.25711,0.00077,3.92760,2.30882,25.00000,25.00000,166.66608,0.43729,0.08161,0.32730,0.00000,0.00000,0.10000,0.00000,none
3.87500,49.97548,38.33152,2.48792,-0.25723,0.00077,3.93723,2.30994,25.00000,25.00000,166.66848,0.43720,0.08159,0.32810,0.00000,0.00000,0.10000,0.00000,none
3.87917,49.97530,38.32912,2.49005,-0.25735,0.00077,3.94685,2.31106,25.00000,25.00000,166.67088,0.43711,0.08157,0.32890,0.00000,0.00000,0.10000,0.00000,none
3.88333,49.97511,38.32673,2.49217,-0.25747,0.00077,3.95649,2.31216,25.00000,25.00000,166.67327,0.43703,0.08156,0.32971,0.00000,0.00000,0.10000,0.00000,none
3.88750,49.97493,38.32435,2.49429,-0.25759,0.00077,3.96612,2.31327,25.00000,25.00000,166.67565,0.43694,0.08154,0.33051,0.00000,0.00000,0.10000,0.00000,none
3.89167,49.97475,38.32196,2.49641,-0.25771,0.00077,3.97576,2.31437,25.00000,25.00000,166.67804,0.43685,0.08152,0.33131,0.00000,0.00000,0.10000,0.00000,none
3.89583,49.97456,38.31959,2.49853,-0.25783,0.00077,3.98541,2.31547,25.00000,25.00000,166.68041,0.43676,0.08150,0.33212,0.00000,0.00000,0.10000,0.00000,none
3.90000,49.97438,38.31721,2.50065,-0.25795,0.00077,3.99506,2.31656,25.00000,25.00000,166.68279,0.43668,0.08148,0.33292,0.00000,0.00000,0.10000,0.00000,none
3.90417,49.97419,38.31484,2.50277,-0.25807,0.00077,4.00471,2.31765,25.00000,25.00000,166.68516,0.43659,0.08146,0.33373,0.00000,0.00000,0.10000,0.00000,none
3.90833,49.97401,38.31248,2.50489,-0.25819,0.00077,4.01437,2.31874,25.00000,25.00000,166.68752,0.43651,0.08145,0.33453,0.00000,0.00000,0.10000,0.00000,none
3.91250,49.97383,38.31011,2.50701,-0.25831,0.00077,4.02404,2.31982,25.00000,25.00000,166.68989,0.43642,0.08143,0.33534,0.00000,0.00000,0.10000,0.00000,none
3.91667,49.97364,38.30776,2.50913,-0.25843,0.00077,4.03370,2.32090,25.00000,25.00000,166.69224,0.43633,0.08141,0.33614,0.00000,0.00000,0.10000,0.00000,none
3.92083,49.97346,38.30540,2.51125,-0.25855,0.00077,4.04338,2.32197,25.00000,25.00000,166.69460,0.43625,0.08139,0.33695,0.00000,0.00000,0.10000,0.00000,none
3.92500,49.97327,38.30305,2.51337,-0.25867,0.00077,4.05305,2.32305,25.00000,25.00000,166.69695,0.43616,0.08137,0.33775,0.00000,0.00000,0.10000,0.00000,none
3.92917,49.97309,38.30071,2.51549,-0.25880,0.00077,4.06274,2.32412,25.00000,25.00000,166.69929,0.43608,0.08135,0.33856,0.00000,0.00000,0.10000,0.00000,none
3.93333,49.97290,38.29837,2.51760,-0.25892,0.00078,4.07242,2.32519,25.00000,25.00000,166.70163,0.43599,0.08134,0.33937,0.00000,0.00000,0.10000,0.00000,none
3.93750,49.97272,38.29603,2.51972,-0.25904,0.00078,4.08211,2.32625,25.00000,25.00000,166.70397,0.43591,0.08132,0.34018,0.00000,0.00000,0.10000,0.00000,none
3.94167,49.97253,38.29370,2.52184,-0.25916,0.00078,4.09181,2.32732,25.00000,25.00000,166.70630,0.43582,0.08130,0.34098,0.00000,0.00000,0.10000,0.00000,none
3.94583,49.97235,38.29137,2.52395,-0.25928,0.00078,4.10151,2.32838,25.00000,25.00000,166.70863,0.43574,0.08128,0.34179,0.00000,0.00000,0.10000,0.00000,none
3.95000,49.97216,38.28905,2.52607,-0.25940,0.00078,4.11121,2.32944,25.00000,25.00000,166.71095,0.43565,0.08126,0.34260,0.00000,0.00000,0.10000,0.00000,none
3.95417,49.97198,38.28673,2.52818,-0.25952,0.00078,4.12092,2.33050,25.00000,25.00000,166.71327,0.43557,0.08125,0.34341,0.00000,0.00000,0.10000,0.00000,none
3.95833,49.97179,38.28441,2.53030,-0.25964,0.00078,4.13063,2.33155,25.00000,25.00000,166.71559,0.43548,0.08123,0.34422,0.00000,0.00000,0.10000,0.00000,none
3.96250,49.97160,38.28210,2.53241,-0.25976,0.00078,4.14035,2.33261,25.00000,25.00000,166.71790,0.43540,0.08121,0.34503,0.00000,0.00000,0.10000,0.00000,none
3.96667,49.97142,38.27979,2.53452,-0.25988,0.00078,4.15007,2.33366,25.00000,25.00000,166.72021,0.43531,0.08119,0.34584,0.00000,0.00000,0.10000,0.00000,none
3.97083,49.97123,38.27749,2.53664,-0.26000,0.00078,4.15980,2.33471,25.00000,25.00000,166.72251,0.43523,0.08118,0.34665,0.00000,0.00000,0.10000,0.00000,none
3.97500,49.97105,38.27519,2.53875,-0.26012,0.00078,4.16953,2.33576,25.00000,25.00000,166.72481,0.43514,0.08116,0.34746,0.00000,0.00000,0.10000,0.00000,none
3.97917,49.97086,38.27290,2.54086,-0.26024,0.00078,4.17926,2.33681,25.00000,25.00000,166.72710,0.43506,0.08114,0.34827,0.00000,0.00000,0.10000,0.00000,none
3.98333,49.97067,38.27061,2.54297,-0.26037,0.00078,4.18900,2.33786,25.00000,25.00000,166.72939,0.43498,0.08112,0.34908,0.00000,0.00000,0.10000,0.00000,none
3.98750,49.97049,38.26833,2.54508,-0.26049,0.00078,4.19874,2.33890,25.00000,25.00000,166.73167,0.43489,0.08110,0.34990,0.00000,0.00000,0.10000,0.00000,none
3.99167,49.97030,38.26605,2.54719,-0.26061,0.00078,4.20849,2.33995,25.00000,25.00000,166.73395,0.43481,0.08109,0.35071,0.00000,0.00000,0.10000,0.00000,none
3.99583,49.97011,38.26377,2.54930,-0.26073,0.00078,4.21824,2.34100,25.00000,25.00000,166.73623,0.43473,0.08107,0.35152,0.00000,0.00000,0.10000,0.00000,none
4.00000,49.96993,38.26150,2.55141,-0.26085,0.00078,4.22800,2.34204,25.00000,25.00000,166.73850,0.43464,0.08105,0.35233,0.00000,0.00000,0.10000,0.00000,none
4.00417,49.96974,38.25923,2.55352,-0.26097,0.00078,4.23776,2.34309,25.00000,25.00000,166.74077,0.43456,0.08103,0.35315,0.00000,0.00000,0.10000,0.00000,none
4.00833,49.96955,38.25697,2.55562,-0.26109,0.00078,4.24752,2.34413,25.00000,25.00000,166.74303,0.43448,0.08102,0.35396,0.00000,0.00000,0.10000,0.00000,none
4.01250,49.96937,38.25471,2.55773,-0.26121,0.00078,4.25729,2.34518,25.00000,25.00000,166.74529,0.43440,0.08100,0.35477,0.00000,0.00000,0.10000,0.00000,none
4.01667,49.96918,38.25246,2.55984,-0.26133,0.00078,4.26707,2.34622,25.00000,25.00000,166.74754,0.43431,0.08098,0.35559,0.00000,0.00000,0.10000,0.00000,none
4.02083,49.96899,38.25021,2.56194,-0.26146,0.00078,4.27685,2.34727,25.00000,25.00000,166.74979,0.43423,0.08097,0.35640,0.00000,0.00000,0.10000,0.00000,none
4.02500,49.96881,38.24796,2.56405,-0.26158,0.00078,4.28663,2.34832,25.00000,25.00000,166.75204,0.43415,0.08095,0.35722,0.00000,0.00000,0.10000,0.00000,none
4.02917,49.96862,38.24572,2.56615,-0.26170,0.00078,4.29642,2.34936,25.00000,25.00000,166.75428,0.43407,0.08093,0.35803,0.00000,0.00000,0.10000,0.00000,none
4.03333,49.96843,38.24349,2.56826,-0.26182,0.00078,4.30621,2.35041,25.00000,25.00000,166.75651,0.43399,0.08091,0.35885,0.00000,0.00000,0.10000,0.00000,none
4.03750,49.96824,38.24126,2.57036,-0.26194,0.00079,4.31600,2.35146,25.00000,25.00000,166.75874,0.43391,0.08090,0.35967,0.00000,0.00000,0.10000,0.00000,none
4.04167,49.96806,38.23903,2.57246,-0.26206,0.00079,4.32580,2.35251,25.00000,25.00000,166.76097,0.43382,0.08088,0.36048,0.00000,0.00000,0.10000,0.00000,none
4.04583,49.96787,38.23681,2.57456,-0.26218,0.00079,4.33561,2.35356,25.00000,25.00000,166.76319,0.43374,0.08086,0.36130,0.00000,0.00000,0.10000,0.00000,none
4.05000,49.96768,38.23459,2.57666,-0.26231,0.00079,4.34542,2.35461,25.00000,25.00000,166.76541,0.43366,0.08085,0.36212,0.00000,0.00000,0.10000,0.00000,none
4.05417,49.96749,38.23238,2.57876,-0.26243,0.00079,4.35523,2.35567,25.00000,25.00000,166.76762,0.43358,0.08083,0.36294,0.00000,0.00000,0.10000,0.00000,none
4.05833,49.96731,38.23017,2.58086,-0.26255,0.00079,4.36505,2.35672,25.00000,25.00000,166.76983,0.43350,0.08081,0.36375,0.00000,0.00000,0.10000,0.00000,none
4.06250,49.96712,38.22797,2.58296,-0.26267,0.00079,4.37487,2.35778,25.00000,25.00000,166.77203,0.43342,0.08079,0.36457,0.00000,0.00000,0.10000,0.00000,none
4.06667,49.96693,38.22577,2.58506,-0.26279,0.00079,4.38469,2.35884,25.00000,25.00000,166.77423,0.43334,0.08078,0.36539,0.00000,0.00000,0.10000,0.00000,none
4.07083,49.96674,38.22357,2.58716,-0.26291,0.00079,4.39453,2.35990,25.00000,25.00000,166.77643,0.43326,0.08076,0.36621,0.00000,0.00000,0.10000,0.00000,none
4.07500,49.96655,38.22138,2.58926,-0.26303,0.00079,4.40436,2.36096,25.00000,25.00000,166.77862,0.43318,0.08074,0.36703,0.00000,0.00000,0.10000,0.00000,none
4.07917,49.96636,38.21919,2.59135,-0.26316,0.00079,4.41420,2.36202,25.00000,25.00000,166.78081,0.43310,0.08073,0.36785,0.00000,0.00000,0.10000,0.00000,none
4.08333,49.96618,38.21701,2.59345,-0.26328,0.00079,4.42404,2.36309,25.00000,25.00000,166.78299,0.43302,0.08071,0.36867,0.00000,0.00000,0.10000,0.00000,none
4.08750,49.96599,38.21484,2.59554,-0.26340,0.00079,4.43389,2.36416,25.00000,25.00000,166.78516,0.43294,0.08069,0.36949,0.00000,0.00000,0.10000,0.00000,none
4.09167,49.96580,38.21267,2.59764,-0.26352,0.00079,4.44375,2.36523,25.00000,25.00000,166.78733,0.43286,0.08068,0.37031,0.00000,0.00000,0.10000,0.00000,none
4.09583,49.96561,38.21050,2.59973,-0.26364,0.00079,4.45360,2.36631,25.00000,25.00000,166.78950,0.43278,0.08066,0.37113,0.00000,0.00000,0.10000,0.00000,none
4.10000,49.96542,38.20834,2.60183,-0.26377,0.00079,4.46346,2.36738,25.00000,25.00000,166.79166,0.43270,0.08064,0.37196,0.00000,0.00000,0.10000,0.00000,none
4.10417,49.96523,38.20618,2.60392,-0.26389,0.00079,4.47333,2.36846,25.00000,25.00000,166.79382,0.43263,0.08063,0.37278,0.00000,0.00000,0.10000,0.00000,none
4.10833,49.96505,38.20402,2.60601,-0.26401,0.00079,4.48320,2.36955,25.00000,25.00000,166.79598,0.43255,0.08061,0.37360,0.00000,0.00000,0.10000,0.00000,none
4.11250,49.96486,38.20188,2.60810,-0.26413,0.00079,4.49308,2.37063,25.00000,25.00000,166.79812,0.43247,0.08059,0.37442,0.00000,0.00000,0.10000,0.00000,none
4.11667,49.96467,38.19973,2.61019,-0.26425,0.00079,4.50296,2.37172,25.00000,25.00000,166.80027,0.43239,0.08058,0.37525,0.00000,0.00000,0.10000,0.00000,none
4.12083,49.96448,38.19759,2.61228,-0.26437,0.00079,4.51284,2.37282,25.00000,25.00000,166.80241,0.43231,0.08056,0.37607,0.00000,0.00000,0.10000,0.00000,none
4.12500,49.96429,38.19546,2.61437,-0.26450,0.00079,4.52273,2.37392,25.00000,25.00000,166.80454,0.43223,0.08055,0.37689,0.00000,0.00000,0.10000,0.00000,none
4.12917,49.96410,38.19333,2.61646,-0.26462,0.00079,4.53262,2.37502,25.00000,25.00000,166.80667,0.43216,0.08053,0.37772,0.00000,0.00000,0.10000,0.00000,none
4.13333,49.96391,38.19120,2.61854,-0.26474,0.00079,4.54252,2.37612,25.00000,25.00000,166.80880,0.43208,0.08051,0.37854,0.00000,0.00000,0.10000,0.00000,none
4.13750,49.96372,38.18908,2.62063,-0.26486,0.00079,4.55243,2.37723,25.00000,25.00000,166.81092,0.43200,0.08050,0.37937,0.00000,0.00000,0.10000,0.00000,none
4.14167,49.96353,38.18697,2.62271,-0.26499,0.00079,4.56233,2.37834,25.00000,25.00000,166.81303,0.43192,0.08048,0.38019,0.00000,0.00000,0.10000,0.00000,none
4.14583,49.96335,38.18486,2.62480,-0.26511,0.00079,4.57225,2.37946,25.00000,25.00000,166.81514,0.43185,0.08046,0.38102,0.00000,0.00000,0.10000,0.00000,none
4.15000,49.96316,38.18275,2.62688,-0.26523,0.00079,4.58216,2.38058,25.00000,25.00000,166.81725,0.43177,0.08045,0.38185,0.00000,0.00000,0.10000,0.00000,none
4.15417,49.96297,38.18065,2.62897,-0.26535,0.00079,4.59208,2.38171,25.00000,25.00000,166.81935,0.43169,0.08043,0.38267,0.00000,0.00000,0.10000,0.00000,none
4.15833,49.96278,38.17855,2.63105,-0.26548,0.00079,4.60201,2.38284,25.00000,25.00000,166.82145,0.43162,0.08042,0.38350,0.00000,0.00000,0.10000,0.00000,none
4.16250,49.96259,38.17646,2.63313,-0.26560,0.00079,4.61194,2.38398,25.00000,25.00000,166.82354,0.43154,0.08040,0.38433,0.00000,0.00000,0.10000,0.00000,none
4.16667,49.96240,38.17437,2.63521,-0.26572,0.00079,4.62188,2.38512,25.00000,25.00000,166.82563,0.43146,0.08038,0.38516,0.00000,0.00000,0.10000,0.00000,none
4.17083,49.96221,38.17229,2.63729,-0.26584,0.00079,4.63182,2.38627,25.00000,25.00000,166.82771,0.43139,0.08037,0.38598,0.00000,0.00000,0.10000,0.00000,none
4.17500,49.96202,38.17021,2.63937,-0.26597,0.00079,4.64176,2.38742,25.00000,25.00000,166.82979,0.43131,0.08035,0.38681,0.00000,0.00000,0.10000,0.00000,none
4.17917,49.96183,38.16814,2.64145,-0.26609,0.00079,4.65171,2.38857,25.00000,25.00000,166.83186,0.43124,0.08034,0.38764,0.00000,0.00000,0.10000,0.00000,none
4.18333,49.96164,38.16607,2.64353,-0.26621,0.00079,4.66167,2.38974,25.00000,25.00000,166.83393,0.43116,0.08032,0.38847,0.00000,0.00000,0.10000,0.00000,none
4.18750,49.96145,38.16400,2.64560,-0.26633,0.00079,4.67163,2.39090,25.00000,25.00000,166.83600,0.43109,0.08031,0.38930,0.00000,0.00000,0.10000,0.00000,none
4.19167,49.96126,38.16195,2.64768,-0.26646,0.00079,4.68159,2.39208,25.00000,25.00000,166.83805,0.43101,0.08029,0.39013,0.00000,0.00000,0.10000,0.00000,none
4.19583,49.96107,38.15989,2.64976,-0.26658,0.00079,4.69156,2.39326,25.00000,25.00000,166.84011,0.43094,0.08027,0.39096,0.00000,0.00000,0.10000,0.00000,none
4.20000,49.96088,38.15784,2.65183,-0.26670,0.00080,4.70154,2.39444,25.00000,25.00000,166.84216,0.43086,0.08026,0.39179,0.00000,0.00000,0.10000,0.00000,none
4.20417,49.96069,38.15580,2.65390,-0.26682,0.00080,4.71151,2.39563,25.00000,25.00000,166.84420,0.43079,0.08024,0.39263,0.00000,0.00000,0.10000,0.00000,none
4.20833,49.96050,38.15376,2.65598,-0.26695,0.00080,4.72150,2.39683,25.00000,25.00000,166.84624,0.43071,0.08023,0.39346,0.00000,0.00000,0.10000,0.00000,none
4.21250,49.96031,38.15172,2.65805,-0.26707,0.00080,4.73149,2.39803,25.00000,25.00000,166.84828,0.43064,0.08021,0.39429,0.00000,0.00000,0.10000,0.00000,none
4.21667,49.96012,38.14969,2.66012,-0.26719,0.00080,4.74148,2.39924,25.00000,25.00000,166.85031,0.43056,0.08020,0.39512,0.00000,0.00000,0.10000,0.00000,none
4.22083,49.95993,38.14767,2.66219,-0.26732,0.00080,4.75148,2.40046,25.00000,25.00000,166.85233,0.43049,0.08018,0.39596,0.00000,0.00000,0.10000,0.00000,none
4.22500,49.95974,38.14565,2.66426,-0.26744,0.00080,4.76149,2.40168,25.00000,25.00000,166.85435,0.43042,0.08017,0.39679,0.00000,0.00000,0.10000,0.00000,none
4.22917,49.95955,38.14363,2.66633,-0.26756,0.00080,4.77150,2.40291,25.00000,25.00000,166.85637,0.43034,0.08015,0.39762,0.00000,0.00000,0.10000,0.00000,none
4.23333,49.95936,38.14162,2.66840,-0.26769,0.00080,4.78151,2.40415,25.00000,25.00000,166.85838,0.43027,0.08014,0.39846,0.00000,0.00000,0.10000,0.00000,none
4.23750,49.95917,38.13961,2.67046,-0.26781,0.00080,4.79153,2.40539,25.00000,25.00000,166.86039,0.43020,0.08012,0.39929,0.00000,0.00000,0.10000,0.00000,none
4.24167,49.95898,38.13761,2.67253,-0.26793,0.00080,4.80156,2.40664,25.00000,25.00000,166.86239,0.43012,0.08011,0.40013,0.00000,0.00000,0.10000,0.00000,none
4.24583,49.95879,38.13562,2.67459,-0.26806,0.00080,4.81159,2.40790,25.00000,25.00000,166.86438,0.43005,0.08009,0.40097,0.00000,0.00000,0.10000,0.00000,none
4.25000,49.95860,38.13362,2.67666,-0.26818,0.00080,4.82162,2.40917,25.00000,25.00000,166.86638,0.42998,0.08007,0.40180,0.00000,0.00000,0.10000,0.00000,none
4.25417,49.95841,38.13164,2.67872,-0.26830,0.00080,4.83166,2.41044,25.00000,25.00000,166.86836,0.42990,0.08006,0.40264,0.00000,0.00000,0.10000,0.00000,none
4.25833,49.95822,38.12966,2.68078,-0.26843,0.00080,4.84171,2.41172,25.00000,25.00000,166.87034,0.42983,0.08004,0.40348,0.00000,0.00000,0.10000,0.00000,none
4.26250,49.95803,38.12768,2.68284,-0.26855,0.00080,4.85176,2.41301,25.00000,25.00000,166.87232,0.42976,0.08003,0.40431,0.00000,0.00000,0.10000,0.00000,none
4.26667,49.95784,38.12571,2.68491,-0.26867,0.00080,4.86182,2.41431,25.00000,25.00000,166.87429,0.42969,0.08001,0.40515,0.00000,0.00000,0.10000,0.00000,none
4.27083,49.95765,38.12374,2.68696,-0.26880,0.00080,4.87188,2.41561,25.00000,25.00000,166.87626,0.42962,0.08000,0.40599,0.00000,0.00000,0.10000,0.00000,none
4.27500,49.95746,38.12178,2.68902,-0.26892,0.00080,4.88195,2.41693,25.00000,25.00000,166.87822,0.42954,0.07998,0.40683,0.00000,0.00000,0.10000,0.00000,none
4.27917,49.95727,38.11982,2.69108,-0.26905,0.00080,4.89202,2.41825,25.00000,25.00000,166.88018,0.42947,0.07997,0.40767,0.00000,0.00000,0.10000,0.00000,none
4.28333,49.95708,38.11787,2.69314,-0.26917,0.00080,4.90210,2.41958,25.00000,25.00000,166.88213,0.42940,0.07996,0.40851,0.00000,0.00000,0.10000,0.00000,none
4.28750,49.95689,38.11592,2.69519,-0.26929,0.00080,4.91218,2.42091,25.00000,25.00000,166.88408,0.42933,0.07994,0.40935,0.00000,0.00000,0.10000,0.00000,none
4.29167,49.95670,38.11397,2.69725,-0.26942,0.00080,4.92227,2.42226,25.00000,25.00000,166.88603,0.42926,0.07993,0.41019,0.00000,0.00000,0.10000,0.00000,none
4.29583,49.95650,38.11204,2.69930,-0.26954,0.00080,4.93237,2.42361,25.00000,25.00000,166.88796,0.42919,0.07991,0.41103,0.00000,0.00000,0.10000,0.00000,none
4.30000,49.95631,38.11010,2.70136,-0.26966,0.00080,4.94247,2.42498,25.00000,25.00000,166.88990,0.42912,0.07990,0.41187,0.00000,0.00000,0.10000,0.00000,none
4.30417,49.95612,38.10817,2.70341,-0.26979,0.00080,4.95258,2.42635,25.00000,25.00000,166.89183,0.42905,0.07988,0.41271,0.00000,0.00000,0.10000,0.00000,none
4.30833,49.95593,38.10625,2.70546,-0.26991,0.00080,4.96269,2.42773,25.00000,25.00000,166.89375,0.42898,0.07987,0.41356,0.00000,0.00000,0.10000,0.00000,none
4.31250,49.95574,38.10433,2.70751,-0.27004,0.00080,4.97281,2.42912,25.00000,25.00000,166.89567,0.42891,0.07985,0.41440,0.00000,0.00000,0.10000,0.00000,none
4.31667,49.95555,38.10242,2.70956,-0.27016,0.00080,4.98293,2.43052,25.00000,25.00000,166.89758,0.42884,0.07984,0.41524,0.00000,0.00000,0.10000,0.00000,none
4.32083,49.95536,38.10051,2.71161,-0.27029,0.00080,4.99306,2.43193,25.00000,25.00000,166.89949,0.42877,0.07982,0.41609,0.00000,0.00000,0.10000,0.00000,none
4.32500,49.95517,38.09861,2.71366,-0.27041,0.00080,5.00320,2.43335,25.00000,25.00000,166.90139,0.42870,0.07981,0.41693,0.00000,0.00000,0.10000,0.00000,none
4.32917,49.95498,38.09671,2.71570,-0.27053,0.00080,5.01334,2.43478,25.00000,25.00000,166.90329,0.42863,0.07980,0.41778,0.00000,0.00000,0.10000,0.00000,none
4.33333,49.95479,38.09481,2.71775,-0.27066,0.00080,5.02349,2.43621,25.00000,25.00000,166.90519,0.42856,0.07978,0.41862,0.00000,0.00000,0.10000,0.00000,none
4.33750,49.95460,38.09292,2.71979,-0.27078,0.00080,5.03364,2.43766,25.00000,25.00000,166.90708,0.42849,0.07977,0.41947,0.00000,0.00000,0.10000,0.00000,none
4.34167,49.95441,38.09104,2.72184,-0.27091,0.00080,5.04380,2.43912,25.00000,25.00000,166.90896,0.42842,0.07975,0.42032,0.00000,0.00000,0.10000,0.00000,none
4.34583,49.95421,38.08916,2.72388,-0.27103,0.00080,5.05397,2.44059,25.00000,25.00000,166.91084,0.42835,0.07974,0.42116,0.00000,0.00000,0.10000,0.00000,none
4.35000,49.95402,38.08728,2.72592,-0.27116,0.00080,5.06414,2.44206,25.00000,25.00000,166.91272,0.42829,0.07972,0.42201,0.00000,0.00000,0.10000,0.00000,none
4.35417,49.95383,38.08541,2.72796,-0.27128,0.00080,5.07432,2.44355,25.00000,25.00000,166.91459,0.42822,0.07971,0.42286,0.00000,0.00000,0.10000,0.00000,none
4.35833,49.95364,38.08355,2.73000,-0.27141,0.00080,5.08451,2.44505,25.00000,25.00000,166.91645,0.42815,0.07970,0.42371,0.00000,0.00000,0.10000,0.00000,none
4.36250,49.95345,38.08169,2.73204,-0.27153,0.00080,5.09470,2.44656,25.00000,25.00000,166.91831,0.42808,0.07968,0.42456,0.00000,0.00000,0.10000,0.00000,none
4.36667,49.95326,38.07983,2.73408,-0.27166,0.00080,5.10489,2.44808,25.00000,25.00000,166.92017,0.42801,0.07967,0.42541,0.00000,0.00000,0.10000,0.00000,none
4.37083,49.95307,38.07798,2.73612,-0.27178,0.00080,5.11510,2.44961,25.00000,25.00000,166.92202,0.42795,0.07965,0.42626,0.00000,0.00000,0.10000,0.00000,none
4.37500,49.95288,38.07614,2.73815,-0.27191,0.00080,5.12531,2.45115,25.00000,25.00000,166.92386,0.42788,0.07964,0.42711,0.00000,0.00000,0.10000,0.00000,none
4.37917,49.95269,38.07430,2.74019,-0.27203,0.00080,5.13552,2.45270,25.00000,25.00000,166.92570,0.42781,0.07963,0.42796,0.00000,0.00000,0.10000,0.00000,none
4.38333,49.95249,38.07246,2.74222,-0.27216,0.00080,5.14575,2.45426,25.00000,25.00000,166.92754,0.42774,0.07961,0.42881,0.00000,0.00000,0.10000,0.00000,none
4.38750,49.95230,38.07063,2.74426,-0.27228,0.00080,5.15598,2.45583,25.00000,25.00000,166.92937,0.42768,0.07960,0.42966,0.00000,0.00000,0.10000,0.00000,none
4.39167,49.95211,38.06880,2.74629,-0.27241,0.00080,5.16621,2.45742,25.00000,25.00000,166.93120,0.42761,0.07958,0.43052,0.00000,0.00000,0.10000,0.00000,none
4.39583,49.95192,38.06698,2.74832,-0.27253,0.00080,5.17645,2.45901,25.00000,25.00000,166.93302,0.42754,0.07957,0.43137,0.00000,0.00000,0.10000,0.00000,none
4.40000,49.95173,38.06517,2.75035,-0.27266,0.00080,5.18670,2.46062,25.00000,25.00000,166.93483,0.42748,0.07956,0.43223,0.00000,0.00000,0.10000,0.00000,none
4.40417,49.95154,38.06336,2.75238,-0.27278,0.00080,5.19696,2.46224,25.00000,25.00000,166.93664,0.42741,0.07954,0.43308,0.00000,0.00000,0.10000,0.00000,none
4.40833,49.95135,38.06155,2.75441,-0.27291,0.00080,5.20722,2.46387,25.00000,25.00000,166.93845,0.42735,0.07953,0.43394,0.00000,0.00000,0.10000,0.00000,none
4.41250,49.95116,38.05975,2.75643,-0.27304,0.00080,5.21749,2.46551,25.00000,25.00000,166.94025,0.42728,0.07952,0.43479,0.00000,0.00000,0.10000,0.00000,none
4.41667,49.95096,38.05795,2.75846,-0.27316,0.00080,5.22777,2.46717,25.00000,25.00000,166.94205,0.42722,0.07950,0.43565,0.00000,0.00000,0.10000,0.00000,none
4.42083,49.95077,38.05616,2.76048,-0.27329,0.00080,5.23805,2.46883,25.00000,25.00000,166.94384,0.42715,0.07949,0.43650,0.00000,0.00000,0.10000,0.00000,none
4.42500,49.95058,38.05437,2.76251,-0.27341,0.00080,5.24834,2.47051,25.00000,25.00000,166.94563,0.42708,0.07948,0.43736,0.00000,0.00000,0.10000,0.00000,none
4.42917,49.95039,38.05259,2.76453,-0.27354,0.00080,5.25864,2.47220,25.00000,25.00000,166.94741,0.42702,0.07946,0.43822,0.00000,0.00000,0.10000,0.00000,none
4.43333,49.95020,38.05081,2.76655,-0.27366,0.00080,5.26894,2.47390,25.00000,25.00000,166.94919,0.42695,0.07945,0.43908,0.00000,0.00000,0.10000,0.00000,none
4.43750,49.95001,38.04904,2.76857,-0.27379,0.00080,5.27926,2.47561,25.00000,25.00000,166.95096,0.42689,0.07944,0.43994,0.00000,0.00000,0.10000,0.00000,none
4.44167,49.94981,38.04728,2.77059,-0.27392,0.00080,5.28957,2.47734,25.00000,25.00000,166.95272,0.42683,0.07942,0.44080,0.00000,0.00000,0.10000,0.00000,none
4.44583,49.94962,38.04551,2.77261,-0.27404,0.00080,5.29990,2.47908,25.00000,25.00000,166.95449,0.42676,0.07941,0.44166,0.00000,0.00000,0.10000,0.00000,none
4.45000,49.94943,38.04376,2.77463,-0.27417,0.00080,5.31023,2.48083,25.00000,25.00000,166.95624,0.42670,0.07940,0.44252,0.00000,0.00000,0.10000,0.00000,none
4.45417,49.94924,38.04200,2.77665,-0.27429,0.00080,5.32057,2.48259,25.00000,25.00000,166.95800,0.42663,0.07938,0.44338,0.00000,0.00000,0.10000,0.00000,none
4.45833,49.94905,38.04026,2.77866,-0.27442,0.00080,5.33092,2.48437,25.00000,25.00000,166.95974,0.42657,0.07937,0.44424,0.00000,0.00000,0.10000,0.00000,none
4.46250,49.94886,38.03851,2.78068,-0.27455,0.00080,5.34128,2.48616,25.00000,25.00000,166.96149,0.42651,0.07936,0.44511,0.00000,0.00000,0.10000,0.00000,none
4.46667,49.94866,38.03677,2.78269,-0.27467,0.00080,5.35164,2.48796,25.00000,25.00000,166.96323,0.42644,0.07934,0.44597,0.00000,0.00000,0.10000,0.00000,none
4.47083,49.94847,38.03504,2.78470,-0.27480,0.00080,5.36201,2.48978,25.00000,25.00000,166.96496,0.42638,0.07933,0.44683,0.00000,0.00000,0.10000,0.00000,none
4.47500,49.94828,38.03331,2.78672,-0.27493,0.00080,5.37239,2.49161,25.00000,25.00000,166.96669,0.42632,0.07932,0.44770,0.00000,0.00000,0.10000,0.00000,none
4.47917,49.94809,38.03159,2.78873,-0.27505,0.00080,5.38277,2.49345,25.00000,25.00000,166.96841,0.42625,0.07930,0.44856,0.00000,0.00000,0.10000,0.00000,none
4.48333,49.94790,38.02987,2.79073,-0.27518,0.00080,5.39317,2.49531,25.00000,25.00000,166.97013,0.42619,0.07929,0.44943,0.00000,0.00000,0.10000,0.00000,none
4.48750,49.94771,38.02816,2.79274,-0.27531,0.00080,5.40357,2.49717,25.00000,25.00000,166.97184,0.42613,0.07928,0.45030,0.00000,0.00000,0.10000,0.00000,none
4.49167,49.94751,38.02645,2.79475,-0.27543,0.00080,5.41398,2.49906,25.00000,25.00000,166.97355,0.42607,0.07927,0.45116,0.00000,0.00000,0.10000,0.00000,none
4.49583,49.94732,38.02475,2.79676,-0.27556,0.00080,5.42439,2.50095,25.00000,25.00000,166.97525,0.42600,0.07925,0.45203,0.00000,0.00000,0.10000,0.00000,none
4.50000,49.94713,38.02305,2.79876,-0.27569,0.00080,5.43482,2.50286,25.00000,25.00000,166.97695,0.42594,0.07924,0.45290,0.00000,0.00000,0.10000,0.00000,none
4.50417,49.94694,38.02135,2.80077,-0.27581,0.00080,5.44525,2.50479,25.00000,25.00000,166.97865,0.42588,0.07923,0.45377,0.00000,0.00000,0.10000,0.00000,none
4.50833,49.94675,38.01966,2.80277,-0.27594,0.00080,5.45569,2.50672,25.00000,25.00000,166.98034,0.42582,0.07921,0.45464,0.00000,0.00000,0.10000,0.00000,none
4.51250,49.94655,38.01798,2.80477,-0.27607,0.00080,5.46614,2.50867,25.00000,25.00000,166.98202,0.42576,0.07920,0.45551,0.00000,0.00000,0.10000,0.00000,none
4.51667,49.94636,38.01630,2.80677,-0.27619,0.00080,5.47660,2.51064,25.00000,25.00000,166.98370,0.42569,0.07919,0.45638,0.00000,0.00000,0.10000,0.00000,none
4.52083,49.94617,38.01462,2.80877,-0.27632,0.00080,5.48706,2.51262,25.00000,25.00000,166.98538,0.42563,0.07918,0.45726,0.00000,0.00000,0.10000,0.00000,none
4.52500,49.94598,38.01295,2.81077,-0.27645,0.00080,5.49754,2.51461,25.00000,25.00000,166.98705,0.42557,0.07916,0.45813,0.00000,0.00000,0.10000,0.00000,none
4.52917,49.94579,38.01129,2.81277,-0.27658,0.00080,5.50802,2.51662,25.00000,25.00000,166.98871,0.42551,0.07915,0.45900,0.00000,0.00000,0.10000,0.00000,none
4.53333,49.94559,38.00963,2.81476,-0.27670,0.00080,5.51851,2.51864,25.00000,25.00000,166.99037,0.42545,0.07914,0.45988,0.00000,0.00000,0.10000,0.00000,none
4.53750,49.94540,38.00797,2.81676,-0.27683,0.00080,5.52901,2.52068,25.00000,25.00000,166.99203,0.42539,0.07913,0.46075,0.00000,0.00000,0.10000,0.00000,none
4.54167,49.94521,38.00632,2.81875,-0.27696,0.00080,5.53951,2.52273,25.00000,25.00000,166.99368,0.42533,0.07911,0.46163,0.00000,0.00000,0.10000,0.00000,none
4.54583,49.94502,38.00468,2.82075,-0.27709,0.00080,5.55003,2.52480,25.00000,25.00000,166.99532,0.42527,0.07910,0.46250,0.00000,0.00000,0.10000,0.00000,none
4.55000,49.94483,38.00304,2.82274,-0.27721,0.00081,5.56055,2.52688,25.00000,25.00000,166.99696,0.42521,0.07909,0.46338,0.00000,0.00000,0.10000,0.00000,none
4.55417,49.94463,38.00140,2.82473,-0.27734,0.00081,5.57109,2.52897,25.00000,25.00000,166.99860,0.42515,0.07908,0.46426,0.00000,0.00000,0.10000,0.00000,none
4.55833,49.94444,37.99977,2.82672,-0.27747,0.00081,5.58163,2.53108,25.00000,25.00000,167.00023,0.42509,0.07907,0.46514,0.00000,0.00000,0.10000,0.00000,none
4.56250,49.94425,37.99814,2.82871,-0.27760,0.00081,5.59218,2.53321,25.00000,25.00000,167.00186,0.42503,0.07905,0.46601,0.00000,0.00000,0.10000,0.00000,none
4.56667,49.94406,37.99652,2.83070,-0.27773,0.00081,5.60274,2.53535,25.00000,25.00000,167.00348,0.42497,0.07904,0.46689,0.00000,0.00000,0.10000,0.00000,none
4.57083,49.94386,37.99490,2.83268,-0.27785,0.00081,5.61331,2.53751,25.00000,25.00000,167.00510,0.42491,0.07903,0.46778,0.00000,0.00000,0.10000,0.00000,none
4.57500,49.94367,37.99329,2.83467,-0.27798,0.00081,5.62388,2.53968,25.00000,25.00000,167.00671,0.42486,0.07902,0.46866,0.00000,0.00000,0.10000,0.00000,none
4.57917,49.94348,37.99168,2.83665,-0.27811,0.00081,5.63447,2.54186,25.00000,25.00000,167.00832,0.42480,0.07900,0.46954,0.00000,0.00000,0.10000,0.00000,none
4.58333,49.94329,37.99008,2.83864,-0.27824,0.00081,5.64507,2.54407,25.00000,25.00000,167.00992,0.42474,0.07899,0.47042,0.00000,0.00000,0.10000,0.00000,none
4.58750,49.94309,37.98848,2.84062,-0.27837,0.00081,5.65567,2.54628,25.00000,25.00000,167.01152,0.42468,0.07898,0.47131,0.00000,0.00000,0.10000,0.00000,none
4.59167,49.94290,37.98689,2.84260,-0.27850,0.00081,5.66629,2.54852,25.00000,25.00000,167.01311,0.42462,0.07897,0.47219,0.00000,0.00000,0.10000,0.00000,none
4.59583,49.94271,37.98530,2.84458,-0.27862,0.00081,5.67691,2.55077,25.00000,25.00000,167.01470,0.42456,0.07896,0.47308,0.00000,0.00000,0.10000,0.00000,none
4.60000,49.94252,37.98372,2.84656,-0.27875,0.00081,5.68754,2.55303,25.00000,25.00000,167.01628,0.42451,0.07895,0.47396,0.00000,0.00000,0.10000,0.00000,none
4.60417,49.94232,37.98214,2.84854,-0.27888,0.00081,5.69819,2.55531,25.00000,25.00000,167.01786,0.42445,0.07893,0.47485,0.00000,0.00000,0.10000,0.00000,none
4.60833,49.94213,37.98056,2.85051,-0.27901,0.00081,5.70884,2.55761,25.00000,25.00000,167.01944,0.42439,0.07892,0.47574,0.00000,0.00000,0.10000,0.00000,none
4.61250,49.94194,37.97899,2.85249,-0.27914,0.00081,5.71950,2.55992,25.00000,25.00000,167.02101,0.42433,0.07891,0.47662,0.00000,0.00000,0.10000,0.00000,none
4.61667,49.94175,37.97743,2.85446,-0.27927,0.00081,5.73017,2.56225,25.00000,25.00000,167.02257,0.42428,0.07890,0.47751,0.00000,0.00000,0.10000,0.00000,none
4.62083,49.94155,37.97587,2.85644,-0.27940,0.00081,5.74085,2.56459,25.00000,25.00000,167.02413,0.42422,0.07889,0.47840,0.00000,0.00000,0.10000,0.00000,none
4.62500,49.94136,37.97431,2.85841,-0.27952,0.00081,5.75154,2.56695,25.00000,25.00000,167.02569,0.42416,0.07887,0.47930,0.00000,0.00000,0.10000,0.00000,none
4.62917,49.94117,37.97276,2.86038,-0.27965,0.00081,5.76224,2.56933,25.00000,25.00000,167.02724,0.42411,0.07886,0.48019,0.00000,0.00000,0.10000,0.00000,none
4.63333,49.94098,37.97122,2.86235,-0.27978,0.00081,5.77295,2.57172,25.00000,25.00000,167.02878,0.42405,0.07885,0.48108,0.00000,0.00000,0.10000,0.00000,none
4.63750,49.94078,37.96968,2.86432,-0.27991,0.00081,5.78367,2.57413,25.00000,25.00000,167.03032,0.42399,0.07884,0.48197,0.00000,0.00000,0.10000,0.00000,none
4.64167,49.94059,37.96814,2.86629,-0.28004,0.00081,5.79440,2.57656,25.00000,25.00000,167.03186,0.42394,0.07883,0.48287,0.00000,0.00000,0.10000,0.00000,none
4.64583,49.94040,37.96661,2.86825,-0.28017,0.00081,5.80514,2.57900,25.00000,25.00000,167.03339,0.42388,0.07882,0.48376,0.00000,0.00000,0.10000,0.00000,none
4.65000,49.94020,37.96508,2.87022,-0.28030,0.00081,5.81590,2.58146,25.00000,25.00000,167.03492,0.42383,0.07881,0.48466,0.00000,0.00000,0.10000,0.00000,none
4.65417,49.94001,37.96356,2.87218,-0.28043,0.00081,5.82666,2.58394,25.00000,25.00000,167.03644,0.42377,0.07879,0.48555,0.00000,0.00000,0.10000,0.00000,none
4.65833,49.93982,37.96204,2.87414,-0.28056,0.00081,5.83743,2.58643,25.00000,25.00000,167.03796,0.42371,0.07878,0.48645,0.00000,0.00000,0.10000,0.00000,none
4.66250,49.93962,37.96053,2.87611,-0.28069,0.00081,5.84821,2.58895,25.00000,25.00000,167.03947,0.42366,0.07877,0.48735,0.00000,0.00000,0.10000,0.00000,none
4.66667,49.93943,37.95902,2.87807,-0.28082,0.00081,5.85900,2.59147,25.00000,25.00000,167.04098,0.42360,0.07876,0.48825,0.00000,0.00000,0.10000,0.00000,none
4.67083,49.93924,37.95752,2.88003,-0.28095,0.00081,5.86981,2.59402,25.00000,25.00000,167.04248,0.42355,0.07875,0.48915,0.00000,0.00000,0.10000,0.00000,none
4.67500,49.93905,37.95602,2.88199,-0.28108,0.00081,5.88062,2.59658,25.00000,25.00000,167.04398,0.42349,0.07874,0.49005,0.00000,0.00000,0.10000,0.00000,none
4.67917,49.93885,37.95452,2.88394,-0.28121,0.00081,5.89144,2.59916,25.00000,25.00000,167.04548,0.42344,0.07873,0.49095,0.00000,0.00000,0.10000,0.00000,none
4.68333,49.93866,37.95303,2.88590,-0.28134,0.00081,5.90228,2.60175,25.00000,25.00000,167.04697,0.42339,0.07872,0.49186,0.00000,0.00000,0.10000,0.00000,none
4.68750,49.93847,37.95155,2.88786,-0.28147,0.00081,5.91313,2.60437,25.00000,25.00000,167.04845,0.42333,0.07870,0.49276,0.00000,0.00000,0.10000,0.00000,none
4.69167,49.93827,37.95007,2.88981,-0.28160,0.00081,5.92398,2.60700,25.00000,25.00000,167.04993,0.42328,0.07869,0.49367,0.00000,0.00000,0.10000,0.00000,none
4.69583,49.93808,37.94859,2.89176,-0.28173,0.00081,5.93485,2.60965,25.00000,25.00000,167.05141,0.42322,0.07868,0.49457,0.00000,0.00000,0.10000,0.00000,none
4.70000,49.93789,37.94712,2.89371,-0.28186,0.00081,5.94573,2.61231,25.00000,25.00000,167.05288,0.42317,0.07867,0.49548,0.00000,0.00000,0.10000,0.00000,none
4.70417,49.93769,37.94565,2.89567,-0.28199,0.00081,5.95662,2.61500,25.00000,25.00000,167.05435,0.42312,0.07866,0.49639,0.00000,0.00000,0.10000,0.00000,none
4.70833,49.93750,37.94419,2.89761,-0.28212,0.00081,5.96752,2.61770,25.00000,25.00000,167.05581,0.42306,0.07865,0.49729,0.00000,0.00000,0.10000,0.00000,none
4.71250,49.93730,37.94273,2.89956,-0.28225,0.00081,5.97844,2.62042,25.00000,25.00000,167.05727,0.42301,0.07864,0.49820,0.00000,0.00000,0.10000,0.00000,none
4.71667,49.93711,37.94128,2.90151,-0.28238,0.00081,5.98936,2.62316,25.00000,25.00000,167.05872,0.42296,0.07863,0.49911,0.00000,0.00000,0.10000,0.00000,none
4.72083,49.93692,37.93983,2.90346,-0.28251,0.00081,6.00029,2.62591,25.00000,25.00000,167.06017,0.42290,0.07862,0.50002,0.00000,0.00000,0.10000,0.00000,none
4.72500,49.93672,37.93839,2.90540,-0.28264,0.00081,6.01124,2.62868,25.00000,25.00000,167.06161,0.42285,0.07861,0.50094,0.00000,0.00000,0.10000,0.00000,none
4.72917,49.93653,37.93695,2.90735,-0.28277,0.00081,6.02220,2.63148,25.00000,25.00000,167.06305,0.42280,0.07860,0.50185,0.00000,0.00000,0.10000,0.00000,none
4.73333,49.93634,37.93552,2.90929,-0.28290,0.00081,6.03317,2.63429,25.00000,25.00000,167.06448,0.42275,0.07859,0.50276,0.00000,0.00000,0.10000,0.00000,none
4.73750,49.93614,37.93409,2.91123,-0.28303,0.00081,6.04415,2.63711,25.00000,25.00000,167.06591,0.42269,0.07857,0.50368,0.00000,0.00000,0.10000,0.00000,none
4.74167,49.93595,37.93266,2.91317,-0.28316,0.00081,6.05515,2.63996,25.00000,25.00000,167.06734,0.42264,0.07856,0.50460,0.00000,0.00000,0.10000,0.00000,none
4.74583,49.93575,37.93124,2.91511,-0.28329,0.00081,6.06615,2.64282,25.00000,25.00000,167.06876,0.42259,0.07855,0.50551,0.00000,0.00000,0.10000,0.00000,none
4.75000,49.93556,37.92982,2.91705,-0.28343,0.00081,6.07717,2.64571,25.00000,25.00000,167.07018,0.42254,0.07854,0.50643,0.00000,0.00000,0.10000,0.00000,none
4.75417,49.93537,37.92841,2.91899,-0.28356,0.00081,6.08820,2.64861,25.00000,25.00000,167.07159,0.42249,0.07853,0.50735,0.00000,0.00000,0.10000,0.00000,none
4.75833,49.93517,37.92700,2.92092,-0.28369,0.00081,6.09924,2.65153,25.00000,25.00000,167.07300,0.42244,0.07852,0.50827,0.00000,0.00000,0.10000,0.00000,none
4.76250,49.93498,37.92560,2.92286,-0.28382,0.00081,6.11030,2.65447,25.00000,25.00000,167.07440,0.42238,0.07851,0.50919,0.00000,0.00000,0.10000,0.00000,none
4.76667,49.93478,37.92420,2.92479,-0.28395,0.00081,6.12136,2.65742,25.00000,25.00000,167.07580,0.42233,0.07850,0.51011,0.00000,0.00000,0.10000,0.00000,none
4.77083,49.93459,37.92281,2.92672,-0.28408,0.00081,6.13244,2.66040,25.00000,25.00000,167.07719,0.42228,0.07849,0.51104,0.00000,0.00000,0.10000,0.00000,none
4.77500,49.93439,37.92142,2.92865,-0.28421,0.00081,6.14353,2.66339,25.00000,25.00000,167.07858,0.42223,0.07848,0.51196,0.00000,0.00000,0.10000,0.00000,none
4.77917,49.93420,37.92003,2.93058,-0.28435,0.00081,6.15464,2.66641,25.00000,25.00000,167.07997,0.42218,0.07847,0.51289,0.00000,0.00000,0.10000,0.00000,none
4.78333,49.93401,37.91865,2.93251,-0.28448,0.00081,6.16575,2.66944,25.00000,25.00000,167.08135,0.42213,0.07846,0.51381,0.00000,0.00000,0.10000,0.00000,none
4.78750,49.93381,37.91727,2.93444,-0.28461,0.00081,6.17688,2.67249,25.00000,25.00000,167.08273,0.42208,0.07845,0.51474,0.00000,0.00000,0.10000,0.00000,none
4.79167,49.93362,37.91590,2.93637,-0.28474,0.00082,6.18802,2.67556,25.00000,25.00000,167.08410,0.42203,0.07844,0.51567,0.00000,0.00000,0.10000,0.00000,none
4.79583,49.93342,37.91453,2.93829,-0.28487,0.00082,6.19918,2.67865,25.00000,25.00000,167.08547,0.42198,0.07843,0.51660,0.00000,0.00000,0.10000,0.00000,none
4.80000,49.93323,37.91317,2.94022,-0.28500,0.00082,6.21035,2.68176,25.00000,25.00000,167.08683,0.42193,0.07842,0.51753,0.00000,0.00000,0.10000,0.00000,none
4.80417,49.93303,37.91181,2.94214,-0.28514,0.00082,6.22153,2.68489,25.00000,25.00000,167.08819,0.42188,0.07841,0.51846,0.00000,0.00000,0.10000,0.00000,none
4.80833,49.93284,37.91046,2.94406,-0.28527,0.00082,6.23272,2.68804,25.00000,25.00000,167.08954,0.42183,0.07840,0.51939,0.00000,0.00000,0.10000,0.00000,none
4.81250,49.93264,37.90911,2.94599,-0.28540,0.00082,6.24393,2.69120,25.00000,25.00000,167.09089,0.42178,0.07839,0.52033,0.00000,0.00000,0.10000,0.00000,none
4.81667,49.93245,37.90776,2.94791,-0.28553,0.00082,6.25515,2.69439,25.00000,25.00000,167.09224,0.42173,0.07838,0.52126,0.00000,0.00000,0.10000,0.00000,none
4.82083,49.93225,37.90642,2.94982,-0.28567,0.00082,6.26638,2.69760,25.00000,25.00000,167.09358,0.42168,0.07837,0.52220,0.00000,0.00000,0.10000,0.00000,none
4.82500,49.93206,37.90509,2.95174,-0.28580,0.00082,6.27763,2.70082,25.00000,25.00000,167.09491,0.42164,0.07836,0.52314,0.00000,0.00000,0.10000,0.00000,none
4.82917,49.93186,37.90375,2.95366,-0.28593,0.00082,6.28889,2.70407,25.00000,25.00000,167.09625,0.42159,0.07835,0.52407,0.00000,0.00000,0.10000,0.00000,none
4.83333,49.93167,37.90242,2.95557,-0.28606,0.00082,6.30016,2.70733,25.00000,25.00000,167.09758,0.42154,0.07834,0.52501,0.00000,0.00000,0.10000,0.00000,none
4.83750,49.93147,37.90110,2.95749,-0.28620,0.00082,6.31145,2.71062,25.00000,25.00000,167.09890,0.42149,0.07833,0.52595,0.00000,0.00000,0.10000,0.00000,none
4.84167,49.93128,37.89978,2.95940,-0.28633,0.00082,6.32275,2.71392,25.00000,25.00000,167.10022,0.42144,0.07832,0.52690,0.00000,0.00000,0.10000,0.00000,none
4.84583,49.93108,37.89847,2.96131,-0.28646,0.00082,6.33407,2.71725,25.00000,25.00000,167.10153,0.42139,0.07831,0.52784,0.00000,0.00000,0.10000,0.00000,none
4.85000,49.93089,37.89716,2.96323,-0.28659,0.00082,6.34539,2.72059,25.00000,25.00000,167.10284,0.42135,0.07830,0.52878,0.00000,0.00000,0.10000,0.00000,none
4.85417,49.93069,37.89585,2.96514,-0.28673,0.00082,6.35674,2.72395,25.00000,25.00000,167.10415,0.42130,0.07829,0.52973,0.00000,0.00000,0.10000,0.00000,none
4.85833,49.93049,37.89455,2.96704,-0.28686,0.00082,6.36809,2.72734,25.00000,25.00000,167.10545,0.42125,0.07828,0.53067,0.00000,0.00000,0.10000,0.00000,none
4.86250,49.93030,37.89325,2.96895,-0.28699,0.00082,6.37947,2.73074,25.00000,25.00000,167.10675,0.42120,0.07827,0.53162,0.00000,0.00000,0.10000,0.00000,none
4.86667,49.93010,37.89195,2.97086,-0.28713,0.00082,6.39085,2.73417,25.00000,25.00000,167.10805,0.42116,0.07826,0.53257,0.00000,0.00000,0.10000,0.00000,none
4.87083,49.92991,37.89066,2.97276,-0.28726,0.00082,6.40225,2.73761,25.00000,25.00000,167.10934,0.42111,0.07825,0.53352,0.00000,0.00000,0.10000,0.00000,none
4.87500,49.92971,37.88938,2.97467,-0.28739,0.00082,6.41366,2.74108,25.00000,25.00000,167.11062,0.42106,0.07824,0.53447,0.00000,0.00000,0.10000,0.00000,none
4.87917,49.92951,37.88810,2.97657,-0.28753,0.00082,6.42509,2.74456,25.00000,25.00000,167.11190,0.42102,0.07823,0.53542,0.00000,0.00000,0.10000,0.00000,none
4.88333,49.92932,37.88682,2.97847,-0.28766,0.00082,6.43654,2.74807,25.00000,25.00000,167.11318,0.42097,0.07822,0.53638,0.00000,0.00000,0.10000,0.00000,none
4.88750,49.92912,37.88555,2.98037,-0.28779,0.00082,6.44799,2.75160,25.00000,25.00000,167.11445,0.42092,0.07821,0.53733,0.00000,0.00000,0.10000,0.00000,none
4.89167,49.92893,37.88428,2.98227,-0.28793,0.00082,6.45947,2.75514,25.00000,25.00000,167.11572,0.42088,0.07820,0.53829,0.00000,0.00000,0.10000,0.00000,none
4.89583,49.92873,37.88302,2.98417,-0.28806,0.00082,6.47095,2.75871,25.00000,25.00000,167.11698,0.42083,0.07820,0.53925,0.00000,0.00000,0.10000,0.00000,none
4.90000,49.92853,37.88176,2.98607,-0.28819,0.00082,6.48245,2.76230,25.00000,25.00000,167.11824,0.42078,0.07819,0.54020,0.00000,0.00000,0.10000,0.00000,none
4.90417,49.92834,37.88050,2.98797,-0.28833,0.00082,6.49397,2.76591,25.00000,25.00000,167.11950,0.42074,0.07818,0.54116,0.00000,0.00000,0.10000,0.00000,none
4.90833,49.92814,37.87925,2.98986,-0.28846,0.00082,6.50550,2.76954,25.00000,25.00000,167.12075,0.42069,0.07817,0.54213,0.00000,0.00000,0.10000,0.00000,none
4.91250,49.92794,37.87800,2.99175,-0.28860,0.00082,6.51705,2.77319,25.00000,25.00000,167.12200,0.42065,0.07816,0.54309,0.00000,0.00000,0.10000,0.00000,none
4.91667,49.92775,37.87676,2.99365,-0.28873,0.00082,6.52861,2.77686,25.00000,25.00000,167.12324,0.42060,0.07815,0.54405,0.00000,0.00000,0.10000,0.00000,none
4.92083,49.92755,37.87552,2.99554,-0.28886,0.00083,6.54019,2.78056,25.00000,25.00000,167.12448,0.42056,0.07814,0.54502,0.00000,0.00000,0.10000,0.00000,none
4.92500,49.92735,37.87428,2.99743,-0.28900,0.00083,6.55179,2.78427,25.00000,25.00000,167.12572,0.42051,0.07813,0.54598,0.00000,0.00000,0.10000,0.00000,none
4.92917,49.92716,37.87305,2.99932,-0.28913,0.00083,6.56339,2.78800,25.00000,25.00000,167.12695,0.42047,0.07812,0.54695,0.00000,0.00000,0.10000,0.00000,none
4.93333,49.92696,37.87182,3.00121,-0.28927,0.00083,6.57502,2.79176,25.00000,25.00000,167.12818,0.42042,0.07811,0.54792,0.00000,0.00000,0.10000,0.00000,none
4.93750,49.92676,37.87060,3.00310,-0.28940,0.00083,6.58666,2.79554,25.00000,25.00000,167.12940,0.42038,0.07810,0.54889,0.00000,0.00000,0.10000,0.00000,none
4.94167,49.92656,37.86938,3.00498,-0.28954,0.00083,6.59832,2.79934,25.00000,25.00000,167.13062,0.42033,0.07809,0.54986,0.00000,0.00000,0.10000,0.00000,none
4.94583,49.92637,37.86817,3.00687,-0.28967,0.00083,6.60999,2.80316,25.00000,25.00000,167.13183,0.42029,0.07809,0.55083,0.00000,0.00000,0.10000,0.00000,none
4.95000,49.92617,37.86696,3.00875,-0.28980,0.00083,6.62168,2.80700,25.00000,25.00000,167.13304,0.42024,0.07808,0.55181,0.00000,0.00000,0.10000,0.00000,none
4.95417,49.92597,37.86575,3.01063,-0.28994,0.00083,6.63338,2.81086,25.00000,25.00000,167.13425,0.42020,0.07807,0.55278,0.00000,0.00000,0.10000,0.00000,none
4.95833,49.92577,37.86455,3.01252,-0.29007,0.00083,6.64510,2.81474,25.00000,25.00000,167.13545,0.42016,0.07806,0.55376,0.00000,0.00000,0.10000,0.00000,none
4.96250,49.92557,37.86335,3.01440,-0.29021,0.00083,6.65684,2.81865,25.00000,25.00000,167.13665,0.42011,0.07805,0.55474,0.00000,0.00000,0.10000,0.00000,none
4.96667,49.92538,37.86215,3.01628,-0.29034,0.00083,6.66859,2.82258,25.00000,25.00000,167.13785,0.42007,0.07804,0.55572,0.00000,0.00000,0.10000,0.00000,none
4.97083,49.92518,37.86096,3.01815,-0.29048,0.00083,6.68036,2.82652,25.00000,25.00000,167.13904,0.42003,0.07803,0.55670,0.00000,0.00000,0.10000,0.00000,none
4.97500,49.92498,37.85977,3.02003,-0.29061,0.00083,6.69214,2.83049,25.00000,25.00000,167.14023,0.41998,0.07802,0.55768,0.00000,0.00000,0.10000,0.00000,none
4.97917,49.92478,37.85859,3.02191,-0.29075,0.00083,6.70394,2.83449,25.00000,25.00000,167.14141,0.41994,0.07801,0.55866,0.00000,0.00000,0.10000,0.00000,none
4.98333,49.92458,37.85741,3.02378,-0.29088,0.00083,6.71576,2.83850,25.00000,25.00000,167.14259,0.41990,0.07801,0.55965,0.00000,0.00000,0.10000,0.00000,none
4.98750,49.92439,37.85624,3.02566,-0.29102,0.00083,6.72760,2.84254,25.00000,25.00000,167.14376,0.41985,0.07800,0.56063,0.00000,0.00000,0.10000,0.00000,none
4.99167,49.92419,37.85507,3.02753,-0.29116,0.00083,6.73945,2.84659,25.00000,25.00000,167.14493,0.41981,0.07799,0.56162,0.00000,0.00000,0.10000,0.00000,none
4.99583,49.92399,37.85390,3.02940,-0.29129,0.00083,6.75132,2.85067,25.00000,25.00000,167.14610,0.41977,0.07798,0.56261,0.00000,0.00000,0.10000,0.00000,none
5.00000,49.92379,37.85273,3.03127,-0.29143,0.00083,6.76321,2.85478,25.00000,25.00000,167.14727,0.41972,0.07797,0.56360,0.00000,0.00000,0.10000,0.00000,none
5.00417,49.92359,37.85158,3.03314,-0.29156,0.00083,6.77511,2.85890,25.00000,25.00000,167.14842,0.41968,0.07796,0.56459,0.00000,0.00000,0.10000,0.00000,none
5.00833,49.92339,37.84548,3.03501,-0.29169,0.00083,6.78703,2.86289,25.00000,25.00000,167.15452,0.41946,0.07792,0.56559,0.00000,0.00000,0.10000,0.00000,none
5.01250,49.92319,37.83945,3.03686,-0.29180,0.00083,6.79897,2.86676,25.00000,25.00000,167.16055,0.41924,0.07787,0.56658,0.00000,0.00000,0.10000,0.00000,none
5.01667,49.92299,37.83348,3.03871,-0.29191,0.00083,6.81092,2.87049,25.00000,25.00000,167.16652,0.41902,0.07783,0.56758,0.00000,0.00000,0.10000,0.00000,none
5.02083,49.92280,37.82756,3.04055,-0.29201,0.00082,6.82289,2.87410,25.00000,25.00000,167.17244,0.41881,0.07779,0.56857,0.00000,0.00000,0.10000,0.00000,none
5.02500,49.92260,37.82170,3.04238,-0.29209,0.00082,6.83487,2.87758,25.00000,25.00000,167.17830,0.41859,0.07774,0.56957,0.00000,0.00000,0.10000,0.00000,none
5.02917,49.92241,37.81590,3.04421,-0.29217,0.00082,6.84687,2.88093,25.00000,25.00000,167.18410,0.41838,0.07770,0.57057,0.00000,0.00000,0.10000,0.00000,none
5.03333,49.92221,37.81015,3.04603,-0.29224,0.00081,6.85888,2.88416,25.00000,25.00000,167.18985,0.41817,0.07766,0.57157,0.00000,0.00000,0.10000,0.00000,none
5.03750,49.92202,37.80446,3.04784,-0.29231,0.00080,6.87090,2.88727,25.00000,25.00000,167.19554,0.41796,0.07762,0.57258,0.00000,0.00000,0.10000,0.00000,none
5.04167,49.92183,37.79881,3.04964,-0.29236,0.00080,6.88294,2.89026,25.00000,25.00000,167.20119,0.41776,0.07757,0.57358,0.00000,0.00000,0.10000,0.00000,none
5.04583,49.92164,37.79322,3.05144,-0.29241,0.00079,6.89499,2.89312,25.00000,25.00000,167.20678,0.41755,0.07753,0.57458,0.00000,0.00000,0.10000,0.00000,none
5.05000,49.92145,37.78767,3.05323,-0.29245,0.00079,6.90705,2.89586,25.00000,25.00000,167.21233,0.41735,0.07749,0.57559,0.00000,0.00000,0.10000,0.00000,none
5.05417,49.92126,37.78217,3.05502,-0.29249,0.00078,6.91912,2.89848,25.00000,25.00000,167.21783,0.41715,0.07745,0.57659,0.00000,0.00000,0.10000,0.00000,none
5.05833,49.92108,37.77672,3.05679,-0.29252,0.00077,6.93120,2.90099,25.00000,25.00000,167.22328,0.41695,0.07741,0.57760,0.00000,0.00000,0.10000,0.00000,none
5.06250,49.92089,37.77132,3.05856,-0.29254,0.00077,6.94329,2.90337,25.00000,25.00000,167.22868,0.41675,0.07737,0.57861,0.00000,0.00000,0.10000,0.00000,none
5.06667,49.92071,37.76595,3.06033,-0.29256,0.00076,6.95540,2.90564,25.00000,25.00000,167.23405,0.41656,0.07733,0.57962,0.00000,0.00000,0.10000,0.00000,none
5.07083,49.92053,37.76063,3.06208,-0.29257,0.00076,6.96751,2.90779,25.00000,25.00000,167.23937,0.41636,0.07730,0.58063,0.00000,0.00000,0.10000,0.00000,none
5.07500,49.92035,37.75535,3.06383,-0.29257,0.00075,6.97963,2.90983,25.00000,25.00000,167.24465,0.41617,0.07726,0.58164,0.00000,0.00000,0.10000,0.00000,none
5.07917,49.92017,37.75012,3.06558,-0.29257,0.00074,6.99176,2.91175,25.00000,25.00000,167.24988,0.41598,0.07722,0.58265,0.00000,0.00000,0.10000,0.00000,none
5.08333,49.91999,37.74492,3.06731,-0.29257,0.00074,7.00389,2.91356,25.00000,25.00000,167.25508,0.41579,0.07718,0.58366,0.00000,0.00000,0.10000,0.00000,none
5.08750,49.91982,37.73976,3.06904,-0.29256,0.00073,7.01604,2.91525,25.00000,25.00000,167.26024,0.41560,0.07714,0.58467,0.00000,0.00000,0.10000,0.00000,none
5.09167,49.91964,37.73464,3.07077,-0.29255,0.00073,7.02819,2.91684,25.00000,25.00000,167.26536,0.41541,0.07711,0.58568,0.00000,0.00000,0.10000,0.00000,none
5.09583,49.91947,37.72955,3.07249,-0.29253,0.00072,7.04034,2.91831,25.00000,25.00000,167.27045,0.41523,0.07707,0.58670,0.00000,0.00000,0.10000,0.00000,none
5.10000,49.91930,37.72450,3.07420,-0.29251,0.00072,7.05251,2.91967,25.00000,25.00000,167.27550,0.41504,0.07703,0.58771,0.00000,0.00000,0.10000,0.00000,none
5.10417,49.91913,37.71949,3.07590,-0.29249,0.00071,7.06467,2.92092,25.00000,25.00000,167.28051,0.41486,0.07699,0.58872,0.00000,0.00000,0.10000,0.00000,none
5.10833,49.91896,37.71451,3.07760,-0.29246,0.00071,7.07685,2.92206,25.00000,25.00000,167.28549,0.41468,0.07696,0.58974,0.00000,0.00000,0.10000,0.00000,none
5.11250,49.91879,37.70956,3.07929,-0.29243,0.00070,7.08902,2.92309,25.00000,25.00000,167.29044,0.41450,0.07692,0.59075,0.00000,0.00000,0.10000,0.00000,none
5.11667,49.91862,37.70465,3.08097,-0.29239,0.00070,7.10121,2.92402,25.00000,25.00000,167.29535,0.41432,0.07689,0.59177,0.00000,0.00000,0.10000,0.00000,none
5.12083,49.91846,37.69977,3.08265,-0.29236,0.00069,7.11339,2.92484,25.00000,25.00000,167.30023,0.41414,0.07685,0.59278,0.00000,0.00000,0.10000,0.00000,none
5.12500,49.91829,37.69492,3.08433,-0.29232,0.00069,7.12558,2.92555,25.00000,25.00000,167.30508,0.41396,0.07682,0.59380,0.00000,0.00000,0.10000,0.00000,none
5.12917,49.91813,37.69010,3.08599,-0.29227,0.00069,7.13777,2.92616,25.00000,25.00000,167.30990,0.41379,0.07678,0.59481,0.00000,0.00000,0.10000,0.00000,none
5.13333,49.91796,37.68531,3.08765,-0.29223,0.00068,7.14996,2.92666,25.00000,25.00000,167.31469,0.41361,0.07675,0.59583,0.00000,0.00000,0.10000,0.00000,none
5.13750,49.91780,37.68055,3.08931,-0.29218,0.00068,7.16216,2.92706,25.00000,25.00000,167.31945,0.41344,0.07671,0.59685,0.00000,0.00000,0.10000,0.00000,none
5.14167,49.91764,37.67582,3.09095,-0.29213,0.00067,7.17436,2.92736,25.00000,25.00000,167.32418,0.41327,0.07668,0.59786,0.00000,0.00000,0.10000,0.00000,none
5.14583,49.91748,37.67111,3.09259,-0.29207,0.00067,7.18655,2.92755,25.00000,25.00000,167.32889,0.41310,0.07664,0.59888,0.00000,0.00000,0.10000,0.00000,none
5.15000,49.91732,37.66644,3.09423,-0.29202,0.00067,7.19875,2.92764,25.00000,25.00000,167.33356,0.41292,0.07661,0.59990,0.00000,0.00000,0.10000,0.00000,none
5.15417,49.91716,37.66179,3.09586,-0.29196,0.00066,7.21095,2.92763,25.00000,25.00000,167.33821,0.41276,0.07658,0.60091,0.00000,0.00000,0.10000,0.00000,none
5.15833,49.91700,37.65716,3.09748,-0.29190,0.00066,7.22315,2.92709,25.00000,25.00000,167.34284,0.41259,0.07654,0.60193,0.00000,0.00000,0.10125,0.00000,none
5.16250,49.91685,37.65257,3.09910,-0.29184,0.00066,7.23534,2.92601,25.00000,25.00000,167.34743,0.41242,0.07651,0.60295,0.00000,0.00000,0.10250,0.00000,none
5.16667,49.91669,37.64800,3.10071,-0.29178,0.00065,7.24753,2.92440,25.00000,25.00000,167.35200,0.41225,0.07648,0.60396,0.00000,0.00000,0.10375,0.00000,none
5.17083,49.91654,37.64345,3.10231,-0.29172,0.00065,7.25971,2.92226,25.00000,25.00000,167.35655,0.41209,0.07644,0.60498,0.00000,0.00000,0.10500,0.00000,none
5.17500,49.91638,37.63893,3.10391,-0.29165,0.00065,7.27188,2.91959,25.00000,25.00000,167.36107,0.41192,0.07641,0.60599,0.00000,0.00000,0.10625,0.00000,none
5.17917,49.91623,37.63443,3.10551,-0.29158,0.00064,7.28404,2.91640,25.00000,25.00000,167.36557,0.41176,0.07638,0.60700,0.00000,0.00000,0.10750,0.00000,none
5.18333,49.91607,37.62995,3.10709,-0.29152,0.00064,7.29618,2.91269,25.00000,25.00000,167.37005,0.41159,0.07635,0.60802,0.00000,0.00000,0.10875,0.00000,none
5.18750,49.91592,37.62550,3.10867,-0.29145,0.00064,7.30831,2.90845,25.00000,25.00000,167.37450,0.41143,0.07631,0.60903,0.00000,0.00000,0.11000,0.00000,none
5.19167,49.91577,37.62108,3.11025,-0.29138,0.00063,7.32042,2.90369,25.00000,25.00000,167.37892,0.41127,0.07628,0.61003,0.00000,0.00000,0.11125,0.00000,none
5.19583,49.91562,37.61667,3.11182,-0.29130,0.00063,7.33251,2.89842,25.00000,25.00000,167.38333,0.41111,0.07625,0.61104,0.00000,0.00000,0.11250,0.00000,none
5.20000,49.91547,37.61229,3.11338,-0.29123,0.00063,7.34457,2.89263,25.00000,25.00000,167.38771,0.41095,0.07622,0.61205,0.00000,0.00000,0.11375,0.00000,none
5.20417,49.91532,37.60793,3.11494,-0.29116,0.00063,7.35661,2.88633,25.00000,25.00000,167.39207,0.41079,0.07619,0.61305,0.00000,0.00000,0.11500,0.00000,none
5.20833,49.91517,37.60359,3.11649,-0.29108,0.00062,7.36862,2.87952,25.00000,25.00000,167.39641,0.41063,0.07616,0.61405,0.00000,0.00000,0.11625,0.00000,none
5.21250,49.91502,37.59927,3.11804,-0.29101,0.00062,7.38061,2.87220,25.00000,25.00000,167.40073,0.41047,0.07612,0.61505,0.00000,0.00000,0.11750,0.00000,none
5.21667,49.91487,37.59497,3.11958,-0.29093,0.00062,7.39256,2.86438,25.00000,25.00000,167.40503,0.41032,0.07609,0.61605,0.00000,0.00000,0.11875,0.00000,none
5.22083,49.91472,37.59069,3.12112,-0.29085,0.00062,7.40448,2.85605,25.00000,25.00000,167.40931,0.41016,0.07606,0.61704,0.00000,0.00000,0.12000,0.00000,none
5.22500,49.91458,37.58644,3.12265,-0.29078,0.00061,7.41636,2.84721,25.00000,25.00000,167.41356,0.41000,0.07603,0.61803,0.00000,0.00000,0.12125,0.00000,none
5.22917,49.91443,37.58220,3.12417,-0.29070,0.00061,7.42820,2.83788,25.00000,25.00000,167.41780,0.40985,0.07600,0.61902,0.00000,0.00000,0.12250,0.00000,none
5.23333,49.91429,37.57798,3.12569,-0.29062,0.00061,7.44000,2.82805,25.00000,25.00000,167.42202,0.40970,0.07597,0.62000,0.00000,0.00000,0.12375,0.00000,none
5.23750,49.91414,37.57379,3.12720,-0.29054,0.00061,7.45177,2.81772,25.00000,25.00000,167.42621,0.40954,0.07594,0.62098,0.00000,0.00000,0.12500,0.00000,none
5.24167,49.91399,37.56961,3.12871,-0.29046,0.00061,7.46348,2.80690,25.00000,25.00000,167.43039,0.40939,0.07591,0.62196,0.00000,0.00000,0.12625,0.00000,none
5.24583,49.91385,37.56545,3.13021,-0.29038,0.00060,7.47516,2.79558,25.00000,25.00000,167.43455,0.40924,0.07588,0.62293,0.00000,0.00000,0.12750,0.00000,none
5.25000,49.91371,37.56131,3.13170,-0.29030,0.00060,7.48678,2.78378,25.00000,25.00000,167.43869,0.40909,0.07585,0.62390,0.00000,0.00000,0.12875,0.00000,none
5.25417,49.91356,37.55719,3.13319,-0.29022,0.00060,7.49835,2.77149,25.00000,25.00000,167.44281,0.40894,0.07582,0.62486,0.00000,0.00000,0.13000,0.00000,none
5.25833,49.91342,37.55309,3.13468,-0.29013,0.00060,7.50988,2.75871,25.00000,25.00000,167.44691,0.40879,0.07579,0.62582,0.00000,0.00000,0.13125,0.00000,none
5.26250,49.91328,37.54901,3.13616,-0.29005,0.00060,7.52134,2.74545,25.00000,25.00000,167.45099,0.40864,0.07576,0.62678,0.00000,0.00000,0.13250,0.00000,none
5.26667,49.91314,37.54494,3.13763,-0.28997,0.00059,7.53275,2.73170,25.00000,25.00000,167.45506,0.40849,0.07574,0.62773,0.00000,0.00000,0.13375,0.00000,none
5.27083,49.91299,37.54089,3.13910,-0.28989,0.00059,7.54411,2.71748,25.00000,25.00000,167.45911,0.40834,0.07571,0.62868,0.00000,0.00000,0.13500,0.00000,none
5.27500,49.91285,37.53686,3.14056,-0.28980,0.00059,7.55540,2.70278,25.00000,25.00000,167.46314,0.40820,0.07568,0.62962,0.00000,0.00000,0.13625,0.00000,none
5.27917,49.91271,37.53285,3.14202,-0.28972,0.00059,7.56663,2.68761,25.00000,25.00000,167.46715,0.40805,0.07565,0.63055,0.00000,0.00000,0.13750,0.00000,none
5.28333,49.91257,37.52886,3.14347,-0.28964,0.00059,7.57779,2.67196,25.00000,25.00000,167.47114,0.40790,0.07562,0.63148,0.00000,0.00000,0.13875,0.00000,none
5.28750,49.91243,37.52488,3.14492,-0.28955,0.00058,7.58889,2.65584,25.00000,25.00000,167.47512,0.40776,0.07559,0.63241,0.00000,0.00000,0.14000,0.00000,none
5.29167,49.91229,37.52092,3.14636,-0.28947,0.00058,7.59992,2.63925,25.00000,25.00000,167.47908,0.40761,0.07556,0.63333,0.00000,0.00000,0.14125,0.00000,none
5.29583,49.91215,37.51698,3.14780,-0.28939,0.00058,7.61089,2.62220,25.00000,25.00000,167.48302,0.40747,0.07554,0.63424,0.00000,0.00000,0.14250,0.00000,none
5.30000,49.91202,37.51305,3.14923,-0.28930,0.00058,7.62178,2.60468,25.00000,25.00000,167.48695,0.40733,0.07551,0.63515,0.00000,0.00000,0.14375,0.00000,none
5.30417,49.91188,37.50914,3.15065,-0.28922,0.00058,7.63259,2.58670,25.00000,25.00000,167.49086,0.40718,0.07548,0.63605,0.00000,0.00000,0.14500,0.00000,none
5.30833,49.91174,37.50525,3.15208,-0.28913,0.00057,7.64333,2.56826,25.00000,25.00000,167.49475,0.40704,0.07545,0.63694,0.00000,0.00000,0.14625,0.00000,none
5.31250,49.91160,37.50137,3.15349,-0.28905,0.00057,7.65399,2.54935,25.00000,25.00000,167.49863,0.40690,0.07542,0.63783,0.00000,0.00000,0.14750,0.00000,none
5.31667,49.91147,37.49751,3.15490,-0.28897,0.00057,7.66457,2.53000,25.00000,25.00000,167.50249,0.40676,0.07540,0.63871,0.00000,0.00000,0.14875,0.00000,none
5.32083,49.91133,37.49367,3.15631,-0.28888,0.00057,7.67507,2.51019,25.00000,25.00000,167.50633,0.40662,0.07537,0.63959,0.00000,0.00000,0.15000,0.00000,none
5.32500,49.91120,37.48984,3.15771,-0.28880,0.00057,7.68549,2.48992,25.00000,25.00000,167.51016,0.40648,0.07534,0.64046,0.00000,0.00000,0.15125,0.00000,none
5.32917,49.91106,37.48603,3.15910,-0.28871,0.00057,7.69582,2.46921,25.00000,25.00000,167.51397,0.40634,0.07532,0.64132,0.00000,0.00000,0.15250,0.00000,none
5.33333,49.91093,37.48223,3.16049,-0.28863,0.00056,7.70607,2.44805,25.00000,25.00000,167.51777,0.40620,0.07529,0.64217,0.00000,0.00000,0.15375,0.00000,none
5.33750,49.91079,37.47845,3.16187,-0.28854,0.00056,7.71622,2.42645,25.00000,25.00000,167.52155,0.40606,0.07526,0.64302,0.00000,0.00000,0.15500,0.00000,none
5.34167,49.91066,37.47468,3.16325,-0.28846,0.00056,7.72629,2.40440,25.00000,25.00000,167.52532,0.40593,0.07523,0.64386,0.00000,0.00000,0.15625,0.00000,none
5.34583,49.91052,37.47093,3.16463,-0.28838,0.00056,7.73626,2.38191,25.00000,25.00000,167.52907,0.40579,0.07521,0.64469,0.00000,0.00000,0.15750,0.00000,none
5.35000,49.91039,37.46720,3.16600,-0.28829,0.00056,7.74613,2.35898,25.00000,25.00000,167.53280,0.40565,0.07518,0.64551,0.00000,0.00000,0.15875,0.00000,none
5.35417,49.91026,37.46348,3.16736,-0.28821,0.00055,7.75592,2.33561,25.00000,25.00000,167.53652,0.40552,0.07516,0.64633,0.00000,0.00000,0.16000,0.00000,none
5.35833,49.91013,37.45977,3.16872,-0.28812,0.00055,7.76560,2.31181,25.00000,25.00000,167.54023,0.40538,0.07513,0.64713,0.00000,0.00000,0.16125,0.00000,none
5.36250,49.91000,37.45609,3.17007,-0.28804,0.00055,7.77518,2.28757,25.00000,25.00000,167.54391,0.40525,0.07510,0.64793,0.00000,0.00000,0.16250,0.00000,none
5.36667,49.90987,37.45241,3.17142,-0.28796,0.00055,7.78466,2.26291,25.00000,25.00000,167.54759,0.40511,0.07508,0.64872,0.00000,0.00000,0.16375,0.00000,none
5.37083,49.90974,37.44875,3.17277,-0.28787,0.00054,7.79404,2.23781,25.00000,25.00000,167.55125,0.40498,0.07505,0.64950,0.00000,0.00000,0.16500,0.00000,none
5.37500,49.90961,37.44511,3.17411,-0.28779,0.00054,7.80331,2.21229,25.00000,25.00000,167.55489,0.40485,0.07502,0.65028,0.00000,0.00000,0.16625,0.00000,none
5.37917,49.90948,37.44148,3.17544,-0.28771,0.00054,7.81247,2.18635,25.00000,25.00000,167.55852,0.40471,0.07500,0.65104,0.00000,0.00000,0.16750,0.00000,none
5.38333,49.90935,37.43786,3.17677,-0.28762,0.00054,7.82153,2.15998,25.00000,25.00000,167.56214,0.40458,0.07497,0.65179,0.00000,0.00000,0.16875,0.00000,none
5.38750,49.90922,37.43426,3.17809,-0.28754,0.00054,7.83047,2.13319,25.00000,25.00000,167.56574,0.40445,0.07495,0.65254,0.00000,0.00000,0.17000,0.00000,none
5.39167,49.90909,37.43068,3.17941,-0.28746,0.00053,7.83930,2.10599,25.00000,25.00000,167.56932,0.40432,0.07492,0.65328,0.00000,0.00000,0.17125,0.00000,none
5.39583,49.90896,37.42711,3.18073,-0.28737,0.00053,7.84802,2.07836,25.00000,25.00000,167.57289,0.40419,0.07490,0.65400,0.00000,0.00000,0.17250,0.00000,none
5.40000,49.90884,37.42355,3.18204,-0.28729,0.00053,7.85662,2.05033,25.00000,25.00000,167.57645,0.40406,0.07487,0.65472,0.00000,0.00000,0.17375,0.00000,none
5.40417,49.90871,37.42001,3.18334,-0.28721,0.00053,7.86510,2.02188,25.00000,25.00000,167.57999,0.40393,0.07485,0.65543,0.00000,0.00000,0.17500,0.00000,none
5.40833,49.90859,37.41648,3.18465,-0.28713,0.00052,7.87347,1.99302,25.00000,25.00000,167.58352,0.40380,0.07482,0.65612,0.00000,0.00000,0.17625,0.00000,none
5.41250,49.90846,37.41296,3.18594,-0.28704,0.00052,7.88171,1.96376,25.00000,25.00000,167.58704,0.40367,0.07480,0.65681,0.00000,0.00000,0.17750,0.00000,none
5.41667,49.90834,37.40946,3.18723,-0.28696,0.00052,7.88983,1.93409,25.00000,25.00000,167.59054,0.40355,0.07477,0.65749,0.00000,0.00000,0.17875,0.00000,none
5.42083,49.90821,37.40598,3.18852,-0.28688,0.00052,7.89783,1.90402,25.00000,25.00000,167.59402,0.40342,0.07475,0.65815,0.00000,0.00000,0.18000,0.00000,none
5.42500,49.90809,37.40250,3.18980,-0.28680,0.00052,7.90570,1.87354,25.00000,25.00000,167.59750,0.40329,0.07472,0.65881,0.00000,0.00000,0.18125,0.00000,none
5.42917,49.90797,37.39904,3.19108,-0.28672,0.00051,7.91344,1.84267,25.00000,25.00000,167.60096,0.40317,0.07470,0.65945,0.00000,0.00000,0.18250,0.00000,none
5.43333,49.90784,37.39560,3.19235,-0.28664,0.00051,7.92105,1.81140,25.00000,25.00000,167.60440,0.40304,0.07468,0.66009,0.00000,0.00000,0.18375,0.00000,none
5.43750,49.90772,37.39217,3.19362,-0.28656,0.00051,7.92853,1.77973,25.00000,25.00000,167.60783,0.40291,0.07465,0.66071,0.00000,0.00000,0.18500,0.00000,none
5.44167,49.90760,37.38875,3.19488,-0.28647,0.00051,7.93588,1.74767,25.00000,25.00000,167.61125,0.40279,0.07463,0.66132,0.00000,0.00000,0.18625,0.00000,none
5.44583,49.90748,37.38535,3.19614,-0.28639,0.00050,7.94310,1.71522,25.00000,25.00000,167.61465,0.40267,0.07460,0.66192,0.00000,0.00000,0.18750,0.00000,none
5.45000,49.90736,37.38196,3.19739,-0.28631,0.00050,7.95018,1.68239,25.00000,25.00000,167.61804,0.40254,0.07458,0.66251,0.00000,0.00000,0.18875,0.00000,none
5.45417,49.90724,37.37858,3.19864,-0.28623,0.00050,7.95712,1.64916,25.00000,25.00000,167.62142,0.40242,0.07456,0.66309,0.00000,0.00000,0.19000,0.00000,none
5.45833,49.90712,37.37522,3.19989,-0.28615,0.00049,7.96392,1.61555,25.00000,25.00000,167.62478,0.40230,0.07453,0.66366,0.00000,0.00000,0.19125,0.00000,none
5.46250,49.90701,37.37187,3.20113,-0.28607,0.00049,7.97058,1.58156,25.00000,25.00000,167.62813,0.40217,0.07451,0.66421,0.00000,0.00000,0.19250,0.00000,none
5.46667,49.90689,37.36853,3.20236,-0.28599,0.00049,7.97710,1.54719,25.00000,25.00000,167.63147,0.40205,0.07449,0.66476,0.00000,0.00000,0.19375,0.00000,none
5.47083,49.90677,37.36521,3.20359,-0.28591,0.00049,7.98347,1.51244,25.00000,25.00000,167.63479,0.40193,0.07446,0.66529,0.00000,0.00000,0.19500,0.00000,none
5.47500,49.90666,37.36189,3.20482,-0.28583,0.00048,7.98970,1.47731,25.00000,25.00000,167.63811,0.40181,0.07444,0.66581,0.00000,0.00000,0.19625,0.00000,none
5.47917,49.90654,37.35860,3.20604,-0.28576,0.00048,7.99578,1.44181,25.00000,25.00000,167.64140,0.40169,0.07442,0.66632,0.00000,0.00000,0.19750,0.00000,none
5.48333,49.90643,37.35531,3.20726,-0.28568,0.00048,8.00171,1.40594,25.00000,25.00000,167.64469,0.40157,0.07439,0.66681,0.00000,0.00000,0.19875,0.00000,none
5.48750,49.90631,37.35204,3.20847,-0.28560,0.00047,8.00750,1.36970,25.00000,25.00000,167.64796,0.40145,0.07437,0.66729,0.00000,0.00000,0.20000,0.00000,none
5.49167,49.90620,37.34878,3.20968,-0.28552,0.00047,8.01313,1.33309,25.00000,25.00000,167.65122,0.40133,0.07435,0.66776,0.00000,0.00000,0.20125,0.00000,none
5.49583,49.90609,37.34554,3.21088,-0.28544,0.00047,8.01860,1.29611,25.00000,25.00000,167.65446,0.40121,0.07432,0.66822,0.00000,0.00000,0.20250,0.00000,none
5.50000,49.90598,37.34231,3.21208,-0.28536,0.00047,8.02393,1.25877,25.00000,25.00000,167.65769,0.40109,0.07430,0.66866,0.00000,0.00000,0.20375,0.00000,none
5.50417,49.90587,37.33909,3.21328,-0.28529,0.00046,8.02909,1.22107,25.00000,25.00000,167.66091,0.40098,0.07428,0.66909,0.00000,0.00000,0.20500,0.00000,none
5.50833,49.90576,37.33588,3.21447,-0.28521,0.00046,8.03410,1.18301,25.00000,25.00000,167.66412,0.40086,0.07426,0.66951,0.00000,0.00000,0.20625,0.00000,none
5.51250,49.90565,37.33269,3.21566,-0.28513,0.00046,8.03895,1.14459,25.00000,25.00000,167.66731,0.40074,0.07423,0.66991,0.00000,0.00000,0.20750,0.00000,none
5.51667,49.90554,37.32950,3.21684,-0.28505,0.00045,8.04364,1.10581,25.00000,25.00000,167.67050,0.40063,0.07421,0.67030,0.00000,0.00000,0.20875,0.00000,none
5.52083,49.90543,37.32634,3.21802,-0.28498,0.00045,8.04817,1.06669,25.00000,25.00000,167.67366,0.40051,0.07419,0.67068,0.00000,0.00000,0.21000,0.00000,none
5.52500,49.90532,37.32318,3.21919,-0.28490,0.00045,8.05253,1.02721,25.00000,25.00000,167.67682,0.40040,0.07417,0.67104,0.00000,0.00000,0.21125,0.00000,none
5.52917,49.90522,37.32004,3.22036,-0.28482,0.00044,8.05672,0.98738,25.00000,25.00000,167.67996,0.40028,0.07415,0.67139,0.00000,0.00000,0.21250,0.00000,none
5.53333,49.90511,37.31690,3.22153,-0.28475,0.00044,8.06076,0.94720,25.00000,25.00000,167.68310,0.40017,0.07412,0.67173,0.00000,0.00000,0.21375,0.00000,none
5.53750,49.90501,37.31379,3.22269,-0.28467,0.00044,8.06462,0.90668,25.00000,25.00000,167.68621,0.40005,0.07410,0.67205,0.00000,0.00000,0.21500,0.00000,none
5.54167,49.90491,37.31068,3.22385,-0.28460,0.00043,8.06831,0.86582,25.00000,25.00000,167.68932,0.39994,0.07408,0.67236,0.00000,0.00000,0.21625,0.00000,none
5.54583,49.90480,37.30759,3.22500,-0.28452,0.00043,8.07183,0.82461,25.00000,25.00000,167.69241,0.39983,0.07406,0.67265,0.00000,0.00000,0.21750,0.00000,none
5.55000,49.90470,37.30450,3.22615,-0.28445,0.00042,8.07518,0.78307,25.00000,25.00000,167.69550,0.39971,0.07404,0.67293,0.00000,0.00000,0.21875,0.00000,none
5.55417,49.90460,37.30143,3.22729,-0.28437,0.00042,8.07836,0.74119,25.00000,25.00000,167.69857,0.39960,0.07402,0.67320,0.00000,0.00000,0.22000,0.00000,none
5.55833,49.90450,37.29838,3.22843,-0.28430,0.00042,8.08136,0.69897,25.00000,25.00000,167.70162,0.39949,0.07399,0.67345,0.00000,0.00000,0.22125,0.00000,none
5.56250,49.90440,37.29533,3.22957,-0.28422,0.00041,8.08418,0.65642,25.00000,25.00000,167.70467,0.39938,0.07397,0.67368,0.00000,0.00000,0.22250,0.00000,none
5.56667,49.90430,37.29230,3.23070,-0.28415,0.00041,8.08683,0.61354,25.00000,25.00000,167.70770,0.39927,0.07395,0.67390,0.00000,0.00000,0.22375,0.00000,none
5.57083,49.90421,37.28928,3.23183,-0.28407,0.00041,8.08929,0.57033,25.00000,25.00000,167.71072,0.39916,0.07393,0.67411,0.00000,0.00000,0.22500,0.00000,none
5.57500,49.90411,37.28627,3.23295,-0.28400,0.00040,8.09158,0.52680,25.00000,25.00000,167.71373,0.39905,0.07391,0.67430,0.00000,0.00000,0.22625,0.00000,none
5.57917,49.90401,37.28327,3.23407,-0.28392,0.00040,8.09368,0.48294,25.00000,25.00000,167.71673,0.39894,0.07389,0.67447,0.00000,0.00000,0.22750,0.00000,none
5.58333,49.90392,37.28029,3.23519,-0.28385,0.00039,8.09560,0.43875,25.00000,25.00000,167.71971,0.39883,0.07387,0.67463,0.00000,0.00000,0.22875,0.00000,none
5.58750,49.90383,37.27732,3.23630,-0.28378,0.00039,8.09734,0.39425,25.00000,25.00000,167.72268,0.39872,0.07385,0.67478,0.00000,0.00000,0.23000,0.00000,none
5.59167,49.90373,37.27436,3.23741,-0.28370,0.00039,8.09889,0.34943,25.00000,25.00000,167.72564,0.39861,0.07383,0.67491,0.00000,0.00000,0.23125,0.00000,none
5.59583,49.90364,37.27141,3.23851,-0.28363,0.00038,8.10025,0.30429,25.00000,25.00000,167.72859,0.39851,0.07381,0.67502,0.00000,0.00000,0.23250,0.00000,none
5.60000,49.90355,37.26847,3.23961,-0.28356,0.00038,8.10142,0.25883,25.00000,25.00000,167.73153,0.39840,0.07379,0.67512,0.00000,0.00000,0.23375,0.00000,none
5.60417,49.90346,37.26555,3.24071,-0.28349,0.00037,8.10240,0.21307,25.00000,25.00000,167.73445,0.39829,0.07377,0.67520,0.00000,0.00000,0.23500,0.00000,none
5.60833,49.90337,37.26263,3.24180,-0.28341,0.00037,8.10320,0.16699,25.00000,25.00000,167.73737,0.39819,0.07375,0.67527,0.00000,0.00000,0.23625,0.00000,none
5.61250,49.90329,37.25973,3.24289,-0.28334,0.00036,8.10380,0.12060,25.00000,25.00000,167.74027,0.39808,0.07373,0.67532,0.00000,0.00000,0.23750,0.00000,none
5.61667,49.90320,37.25684,3.24397,-0.28327,0.00036,8.10420,0.07391,25.00000,25.00000,167.74316,0.39797,0.07371,0.67535,0.00000,0.00000,0.23875,0.00000,none
5.62083,49.90311,37.25396,3.24505,-0.28320,0.00036,8.10441,0.02691,25.00000,25.00000,167.74604,0.39787,0.07369,0.67537,0.00000,0.00000,0.24000,0.00000,none
5.62500,49.90303,37.25110,3.24613,-0.28313,0.00035,8.10442,-0.02038,25.00000,25.00000,167.74890,0.39776,0.07367,0.67537,0.00000,0.00000,0.24125,0.00000,none
5.62917,49.90295,37.24824,3.24720,-0.28305,0.00035,8.10424,-0.06798,25.00000,25.00000,167.75176,0.39766,0.07365,0.67535,0.00000,0.00000,0.24250,0.00000,none
5.63333,49.90286,37.24540,3.24827,-0.28298,0.00034,8.10386,-0.11588,25.00000,25.00000,167.75460,0.39756,0.07363,0.67532,0.00000,0.00000,0.24375,0.00000,none
5.63750,49.90278,37.24256,3.24933,-0.28291,0.00034,8.10327,-0.16408,25.00000,25.00000,167.75744,0.39745,0.07361,0.67527,0.00000,0.00000,0.24500,0.00000,none
5.64167,49.90270,37.23974,3.25039,-0.28284,0.00033,8.10249,-0.21257,25.00000,25.00000,167.76026,0.39735,0.07359,0.67521,0.00000,0.00000,0.24625,0.00000,none
5.64583,49.90262,37.23693,3.25145,-0.28277,0.00033,8.10150,-0.26135,25.00000,25.00000,167.76307,0.39725,0.07357,0.67513,0.00000,0.00000,0.24750,0.00000,none
5.65000,49.90255,37.23414,3.25251,-0.28270,0.00032,8.10031,-0.31042,25.00000,25.00000,167.76586,0.39715,0.07355,0.67503,0.00000,0.00000,0.24875,0.00000,none
5.65417,49.90247,37.23135,3.25355,-0.28263,0.00032,8.09891,-0.35978,25.00000,25.00000,167.76865,0.39704,0.07353,0.67491,0.00000,0.00000,0.25000,0.00000,none
5.65833,49.90239,37.22857,3.25460,-0.28256,0.00031,8.09731,-0.40943,25.00000,25.00000,167.77143,0.39694,0.07351,0.67478,0.00000,0.00000,0.25125,0.00000,none
5.66250,49.90232,37.22581,3.25564,-0.28249,0.00031,8.09550,-0.45936,25.00000,25.00000,167.77419,0.39684,0.07349,0.67463,0.00000,0.00000,0.25250,0.00000,none
5.66667,49.90225,37.22306,3.25668,-0.28242,0.00030,8.09348,-0.50957,25.00000,25.00000,167.77694,0.39674,0.07347,0.67446,0.00000,0.00000,0.25375,0.00000,none
5.67083,49.90217,37.22032,3.25771,-0.28235,0.00030,8.09125,-0.56006,25.00000,25.00000,167.77968,0.39664,0.07345,0.67427,0.00000,0.00000,0.25500,0.00000,none
5.67500,49.90210,37.21759,3.25875,-0.28228,0.00029,8.08882,-0.61083,25.00000,25.00000,167.78241,0.39654,0.07343,0.67407,0.00000,0.00000,0.25625,0.00000,none
5.67917,49.90203,37.21487,3.25977,-0.28221,0.00029,8.08616,-0.66188,25.00000,25.00000,167.78513,0.39644,0.07342,0.67385,0.00000,0.00000,0.25750,0.00000,none
5.68333,49.90197,37.21216,3.26080,-0.28215,0.00028,8.08330,-0.71320,25.00000,25.00000,167.78784,0.39634,0.07340,0.67361,0.00000,0.00000,0.25875,0.00000,none
5.68750,49.90190,37.20946,3.26182,-0.28208,0.00028,8.08022,-0.76479,25.00000,25.00000,167.79054,0.39625,0.07338,0.67335,0.00000,0.00000,0.26000,0.00000,none
5.69167,49.90183,37.20678,3.26283,-0.28201,0.00027,8.07692,-0.81666,25.00000,25.00000,167.79322,0.39615,0.07336,0.67308,0.00000,0.00000,0.26125,0.00000,none
5.69583,49.90177,37.20410,3.26384,-0.28194,0.00027,8.07341,-0.86879,25.00000,25.00000,167.79590,0.39605,0.07334,0.67278,0.00000,0.00000,0.26250,0.00000,none
5.70000,49.90170,37.20144,3.26485,-0.28187,0.00026,8.06968,-0.92118,25.00000,25.00000,167.79856,0.39595,0.07332,0.67247,0.00000,0.00000,0.26375,0.00000,none
5.70417,49.90164,37.19878,3.26586,-0.28180,0.00026,8.06574,-0.97384,25.00000,25.00000,167.80122,0.39586,0.07330,0.67214,0.00000,0.00000,0.26500,0.00000,none
5.70833,49.90158,37.19614,3.26686,-0.28174,0.00025,8.06157,-1.02677,25.00000,25.00000,167.80386,0.39576,0.07329,0.67180,0.00000,0.00000,0.26625,0.00000,none
5.71250,49.90152,37.19351,3.26786,-0.28167,0.00025,8.05718,-1.07995,25.00000,25.00000,167.80649,0.39566,0.07327,0.67143,0.00000,0.00000,0.26750,0.00000,none
5.71667,49.90146,37.19089,3.26885,-0.28160,0.00024,8.05257,-1.13339,25.00000,25.00000,167.80911,0.39557,0.07325,0.67105,0.00000,0.00000,0.26875,0.00000,none
5.72083,49.90141,37.18828,3.26984,-0.28153,0.00024,8.04773,-1.18708,25.00000,25.00000,167.81172,0.39547,0.07323,0.67064,0.00000,0.00000,0.27000,0.00000,none
5.72500,49.90135,37.18568,3.27083,-0.28147,0.00023,8.04268,-1.24103,25.00000,25.00000,167.81432,0.39538,0.07321,0.67022,0.00000,0.00000,0.27125,0.00000,none
5.72917,49.90130,37.18309,3.27182,-0.28140,0.00022,8.03739,-1.29523,25.00000,25.00000,167.81691,0.39528,0.07320,0.66978,0.00000,0.00000,0.27250,0.00000,none
5.73333,49.90124,37.18052,3.27280,-0.28133,0.00022,8.03188,-1.34968,25.00000,25.00000,167.81948,0.39519,0.07318,0.66932,0.00000,0.00000,0.27375,0.00000,none
5.73750,49.90119,37.17795,3.27377,-0.28127,0.00021,8.02614,-1.40438,25.00000,25.00000,167.82205,0.39510,0.07316,0.66885,0.00000,0.00000,0.27500,0.00000,none
5.74167,49.90114,37.17539,3.27475,-0.28120,0.00021,8.02018,-1.45933,25.00000,25.00000,167.82461,0.39500,0.07314,0.66835,0.00000,0.00000,0.27625,0.00000,none
5.74583,49.90109,37.17285,3.27572,-0.28113,0.00020,8.01398,-1.51451,25.00000,25.00000,167.82715,0.39491,0.07313,0.66783,0.00000,0.00000,0.27750,0.00000,none
5.75000,49.90105,37.17031,3.27668,-0.28107,0.00019,8.00756,-1.56994,25.00000,25.00000,167.82969,0.39482,0.07311,0.66730,0.00000,0.00000,0.27875,0.00000,none
5.75417,49.90100,37.16779,3.27765,-0.28100,0.00019,8.00090,-1.62560,25.00000,25.00000,167.83221,0.39472,0.07309,0.66674,0.00000,0.00000,0.28000,0.00000,none
5.75833,49.90096,37.16528,3.27861,-0.28094,0.00018,7.99401,-1.68151,25.00000,25.00000,167.83472,0.39463,0.07307,0.66617,0.00000,0.00000,0.28125,0.00000,none
5.76250,49.90091,37.16277,3.27956,-0.28087,0.00018,7.98688,-1.73765,25.00000,25.00000,167.83723,0.39454,0.07306,0.66557,0.00000,0.00000,0.28250,0.00000,none
5.76667,49.90087,37.16028,3.28052,-0.28081,0.00017,7.97953,-1.79402,25.00000,25.00000,167.83972,0.39445,0.07304,0.66496,0.00000,0.00000,0.28375,0.00000,none
5.77083,49.90083,37.15780,3.28147,-0.28074,0.00016,7.97193,-1.85062,25.00000,25.00000,167.84220,0.39436,0.07302,0.66433,0.00000,0.00000,0.28500,0.00000,none
5.77500,49.90079,37.15533,3.28241,-0.28068,0.00016,7.96410,-1.90745,25.00000,25.00000,167.84467,0.39427,0.07301,0.66368,0.00000,0.00000,0.28625,0.00000,none
5.77917,49.90076,37.15286,3.28336,-0.28061,0.00015,7.95604,-1.96451,25.00000,25.00000,167.84714,0.39418,0.07299,0.66300,0.00000,0.00000,0.28750,0.00000,none
5.78333,49.90072,37.15041,3.28430,-0.28055,0.00015,7.94773,-2.02179,25.00000,25.00000,167.84959,0.39409,0.07297,0.66231,0.00000,0.00000,0.28875,0.00000,none
5.78750,49.90069,37.14797,3.28523,-0.28048,0.00014,7.93919,-2.07929,25.00000,25.00000,167.85203,0.39400,0.07295,0.66160,0.00000,0.00000,0.29000,0.00000,none
5.79167,49.90066,37.14554,3.28616,-0.28042,0.00013,7.93041,-2.13701,25.00000,25.00000,167.85446,0.39391,0.07294,0.66087,0.00000,0.00000,0.29125,0.00000,none
5.79583,49.90063,37.14312,3.28709,-0.28035,0.00013,7.92138,-2.19496,25.00000,25.00000,167.85688,0.39382,0.07292,0.66012,0.00000,0.00000,0.29250,0.00000,none
5.80000,49.90060,37.14071,3.28802,-0.28029,0.00012,7.91211,-2.25311,25.00000,25.00000,167.85929,0.39374,0.07290,0.65934,0.00000,0.00000,0.29375,0.00000,none
5.80417,49.90057,37.13831,3.28894,-0.28022,0.00011,7.90260,-2.31148,25.00000,25.00000,167.86169,0.39365,0.07289,0.65855,0.00000,0.00000,0.29500,0.00000,none
5.80833,49.90054,37.13592,3.28986,-0.28016,0.00011,7.89285,-2.37007,25.00000,25.00000,167.86408,0.39356,0.07287,0.65774,0.00000,0.00000,0.29625,0.00000,none
5.81250,49.90052,37.13354,3.29078,-0.28010,0.00010,7.88285,-2.42886,25.00000,25.00000,167.86646,0.39347,0.07286,0.65690,0.00000,0.00000,0.29750,0.00000,none
5.81667,49.90049,37.13117,3.29170,-0.28003,0.00009,7.87261,-2.48786,25.00000,25.00000,167.86883,0.39339,0.07284,0.65605,0.00000,0.00000,0.29875,0.00000,none
5.82083,49.90047,37.12882,3.29261,-0.27997,0.00009,7.86212,-2.54706,25.00000,25.00000,167.87118,0.39330,0.07282,0.65518,0.00000,0.00000,0.30000,0.00000,none
5.82500,49.90045,37.12647,3.29351,-0.27991,0.00008,7.85138,-2.60647,25.00000,25.00000,167.87353,0.39322,0.07281,0.65428,0.00000,0.00000,0.30125,0.00000,none
5.82917,49.90044,37.12413,3.29442,-0.27984,0.00007,7.84040,-2.66608,25.00000,25.00000,167.87587,0.39313,0.07279,0.65337,0.00000,0.00000,0.30250,0.00000,none
5.83333,49.90042,37.12180,3.29532,-0.27978,0.00007,7.82917,-2.72588,25.00000,25.00000,167.87820,0.39305,0.07278,0.65243,0.00000,0.00000,0.30375,0.00000,none
5.83750,49.90040,37.11948,3.29622,-0.27972,0.00006,7.81768,-2.78588,25.00000,25.00000,167.88052,0.39296,0.07276,0.65147,0.00000,0.00000,0.30500,0.00000,none
5.84167,49.90039,37.11717,3.29711,-0.27966,0.00005,7.80595,-2.84608,25.00000,25.00000,167.88283,0.39288,0.07274,0.65050,0.00000,0.00000,0.30625,0.00000,none
5.84583,49.90038,37.11487,3.29800,-0.27959,0.00004,7.79396,-2.90647,25.00000,25.00000,167.88513,0.39279,0.07273,0.64950,0.00000,0.00000,0.30750,0.00000,none
5.85000,49.90037,37.11258,3.29889,-0.27953,0.00004,7.78173,-2.96704,25.00000,25.00000,167.88742,0.39271,0.07271,0.64848,0.00000,0.00000,0.30875,0.00000,none
5.85417,49.90036,37.11030,3.29978,-0.27947,0.00003,7.76924,-3.02781,25.00000,25.00000,167.88970,0.39263,0.07270,0.64744,0.00000,0.00000,0.31000,0.00000,none
5.85833,49.90036,37.10803,3.30066,-0.27941,0.00002,7.75650,-3.08876,25.00000,25.00000,167.89197,0.39254,0.07268,0.64637,0.00000,0.00000,0.31125,0.00000,none
5.86250,49.90035,37.10578,3.30154,-0.27934,0.00002,7.74350,-3.14989,25.00000,25.00000,167.89422,0.39246,0.07267,0.64529,0.00000,0.00000,0.31250,0.00000,none
5.86667,49.90035,37.10353,3.30241,-0.27928,0.00001,7.73025,-3.21120,25.00000,25.00000,167.89647,0.39238,0.07265,0.64419,0.00000,0.00000,0.31375,0.00000,none
5.87083,49.90035,37.10129,3.30329,-0.27922,0.00000,7.71674,-3.27269,25.00000,25.00000,167.89871,0.39230,0.07264,0.64306,0.00000,0.00000,0.31500,0.00000,none
5.87500,49.90035,37.09906,3.30416,-0.27916,-0.00001,7.70297,-3.33436,25.00000,25.00000,167.90094,0.39222,0.07262,0.64191,0.00000,0.00000,0.31625,0.00000,none
5.87917,49.90035,37.09684,3.30502,-0.27910,-0.00001,7.68895,-3.39620,25.00000,25.00000,167.90316,0.39213,0.07260,0.64075,0.00000,0.00000,0.31750,0.00000,none
5.88333,49.90036,37.09463,3.30589,-0.27903,-0.00002,7.67467,-3.45821,25.00000,25.00000,167.90537,0.39205,0.07259,0.63956,0.00000,0.00000,0.31875,0.00000,none
5.88750,49.90036,37.09243,3.30675,-0.27897,-0.00003,7.66013,-3.52039,25.00000,25.00000,167.90757,0.39197,0.07257,0.63834,0.00000,0.00000,0.32000,0.00000,none
5.89167,49.90037,37.09023,3.30761,-0.27891,-0.00004,7.64533,-3.58274,25.00000,25.00000,167.90977,0.39189,0.07256,0.63711,0.00000,0.00000,0.32125,0.00000,none
5.89583,49.90038,37.08805,3.30846,-0.27885,-0.00004,7.63027,-3.64525,25.00000,25.00000,167.91195,0.39181,0.07255,0.63586,0.00000,0.00000,0.32250,0.00000,none
5.90000,49.90039,37.08588,3.30931,-0.27879,-0.00005,7.61496,-3.70792,25.00000,25.00000,167.91412,0.39173,0.07253,0.63458,0.00000,0.00000,0.32375,0.00000,none
5.90417,49.90040,37.08372,3.31016,-0.27873,-0.00006,7.59938,-3.77076,25.00000,25.00000,167.91628,0.39166,0.07252,0.63328,0.00000,0.00000,0.32500,0.00000,none
5.90833,49.90042,37.08157,3.31101,-0.27867,-0.00007,7.58353,-3.83375,25.00000,25.00000,167.91843,0.39158,0.07250,0.63196,0.00000,0.00000,0.32625,0.00000,none
5.91250,49.90044,37.07942,3.31185,-0.27861,-0.00008,7.56743,-3.89689,25.00000,25.00000,167.92058,0.39150,0.07249,0.63062,0.00000,0.00000,0.32750,0.00000,none
5.91667,49.90046,37.07729,3.31269,-0.27855,-0.00008,7.55106,-3.96019,25.00000,25.00000,167.92271,0.39142,0.07247,0.62925,0.00000,0.00000,0.32875,0.00000,none
5.92083,49.90048,37.07517,3.31353,-0.27849,-0.00009,7.53442,-4.02363,25.00000,25.00000,167.92483,0.39134,0.07246,0.62787,0.00000,0.00000,0.33000,0.00000,none
5.92500,49.90050,37.07305,3.31437,-0.27843,-0.00010,7.51753,-4.08723,25.00000,25.00000,167.92695,0.39127,0.07244,0.62646,0.00000,0.00000,0.33125,0.00000,none
5.92917,49.90052,37.07095,3.31520,-0.27837,-0.00011,7.50036,-4.15097,25.00000,25.00000,167.92905,0.39119,0.07243,0.62503,0.00000,0.00000,0.33250,0.00000,none
5.93333,49.90055,37.06885,3.31603,-0.27831,-0.00012,7.48294,-4.21485,25.00000,25.00000,167.93115,0.39111,0.07241,0.62358,0.00000,0.00000,0.33375,0.00000,none
5.93750,49.90058,37.06677,3.31685,-0.27825,-0.00012,7.46524,-4.27887,25.00000,25.00000,167.93323,0.39104,0.07240,0.62210,0.00000,0.00000,0.33500,0.00000,none
5.94167,49.90061,37.06469,3.31768,-0.27819,-0.00013,7.44728,-4.34303,25.00000,25.00000,167.93531,0.39096,0.07239,0.62061,0.00000,0.00000,0.33625,0.00000,none
5.94583,49.90064,37.06262,3.31850,-0.27813,-0.00014,7.42905,-4.40732,25.00000,25.00000,167.93738,0.39089,0.07237,0.61909,0.00000,0.00000,0.33750,0.00000,none
5.95000,49.90068,37.06057,3.31931,-0.27807,-0.00015,7.41055,-4.47175,25.00000,25.00000,167.93943,0.39081,0.07236,0.61755,0.00000,0.00000,0.33875,0.00000,none
5.95417,49.90071,37.05852,3.32013,-0.27801,-0.00016,7.39178,-4.53630,25.00000,25.00000,167.94148,0.39074,0.07234,0.61598,0.00000,0.00000,0.34000,0.00000,none
5.95833,49.90075,37.05648,3.32094,-0.27795,-0.00017,7.37275,-4.60099,25.00000,25.00000,167.94352,0.39066,0.07233,0.61440,0.00000,0.00000,0.34125,0.00000,none
5.96250,49.90079,37.05445,3.32175,-0.27789,-0.00017,7.35344,-4.66579,25.00000,25.00000,167.94555,0.39059,0.07232,0.61279,0.00000,0.00000,0.34250,0.00000,none
5.96667,49.90083,37.05243,3.32256,-0.27783,-0.00018,7.33386,-4.73072,25.00000,25.00000,167.94757,0.39051,0.07230,0.61116,0.00000,0.00000,0.34375,0.00000,none
5.97083,49.90088,37.05042,3.32336,-0.27777,-0.00019,7.31402,-4.79577,25.00000,25.00000,167.94958,0.39044,0.07229,0.60950,0.00000,0.00000,0.34500,0.00000,none
5.97500,49.90092,37.04842,3.32416,-0.27771,-0.00020,7.29390,-4.86094,25.00000,25.00000,167.95158,0.39037,0.07228,0.60782,0.00000,0.00000,0.34625,0.00000,none
5.97917,49.90097,37.04642,3.32496,-0.27765,-0.00021,7.27351,-4.92622,25.00000,25.00000,167.95358,0.39029,0.07226,0.60613,0.00000,0.00000,0.34750,0.00000,none
5.98333,49.90102,37.04444,3.32576,-0.27759,-0.00022,7.25285,-4.99161,25.00000,25.00000,167.95556,0.39022,0.07225,0.60440,0.00000,0.00000,0.34875,0.00000,none
5.98750,49.90108,37.04247,3.32655,-0.27753,-0.00023,7.23191,-5.05712,25.00000,25.00000,167.95753,0.39015,0.07224,0.60266,0.00000,0.00000,0.35000,0.00000,none
5.99167,49.90113,37.04050,3.32734,-0.27747,-0.00023,7.21070,-5.12272,25.00000,25.00000,167.95950,0.39008,0.07222,0.60089,0.00000,0.00000,0.35125,0.00000,none
5.99583,49.90119,37.03855,3.32813,-0.27741,-0.00024,7.18922,-5.18843,25.00000,25.00000,167.96145,0.39001,0.07221,0.59910,0.00000,0.00000,0.35250,0.00000,none
6.00000,49.90125,37.03660,3.32891,-0.27735,-0.00025,7.16747,-5.25367,25.00000,25.00000,167.96340,0.38994,0.07220,0.59729,0.00000,0.00000,0.35208,0.00000,none
6.00417,49.90131,37.03466,3.32969,-0.27730,-0.00026,7.14544,-5.31842,25.00000,25.00000,167.96534,0.38987,0.07218,0.59545,0.00000,0.00000,0.35167,0.00000,none
6.00833,49.90137,37.03273,3.33047,-0.27724,-0.00027,7.12315,-5.38269,25.00000,25.00000,167.96727,0.38979,0.07217,0.59360,0.00000,0.00000,0.35125,0.00000,none
6.01250,49.90144,37.03082,3.33125,-0.27718,-0.00028,7.10059,-5.44648,25.00000,25.00000,167.96918,0.38972,0.07216,0.59172,0.00000,0.00000,0.35083,0.00000,none
6.01667,49.90150,37.02891,3.33203,-0.27712,-0.00029,7.07776,-5.50978,25.00000,25.00000,167.97109,0.38966,0.07214,0.58981,0.00000,0.00000,0.35042,0.00000,none
6.02083,49.90157,37.02700,3.33280,-0.27706,-0.00030,7.05467,-5.57261,25.00000,25.00000,167.97300,0.38959,0.07213,0.58789,0.00000,0.00000,0.35000,0.00000,none
6.02500,49.90165,37.02511,3.33357,-0.27700,-0.00031,7.03132,-5.63494,25.00000,25.00000,167.97489,0.38952,0.07212,0.58594,0.00000,0.00000,0.34958,0.00000,none
6.02917,49.90172,37.02323,3.33433,-0.27694,-0.00031,7.00772,-5.69679,25.00000,25.00000,167.97677,0.38945,0.07210,0.58398,0.00000,0.00000,0.34917,0.00000,none
6.03333,49.90180,37.02136,3.33510,-0.27689,-0.00032,6.98385,-5.75815,25.00000,25.00000,167.97864,0.38938,0.07209,0.58199,0.00000,0.00000,0.34875,0.00000,none
6.03750,49.90187,37.01949,3.33586,-0.27683,-0.00033,6.95973,-5.81903,25.00000,25.00000,167.98051,0.38931,0.07208,0.57998,0.00000,0.00000,0.34833,0.00000,none
6.04167,49.90195,37.01763,3.33662,-0.27677,-0.00034,6.93536,-5.87941,25.00000,25.00000,167.98237,0.38924,0.07207,0.57795,0.00000,0.00000,0.34792,0.00000,none
6.04583,49.90204,37.01579,3.33737,-0.27671,-0.00035,6.91074,-5.93930,25.00000,25.00000,167.98421,0.38918,0.07205,0.57589,0.00000,0.00000,0.34750,0.00000,none
6.05000,49.90212,37.01395,3.33813,-0.27665,-0.00036,6.88587,-5.99871,25.00000,25.00000,167.98605,0.38911,0.07204,0.57382,0.00000,0.00000,0.34708,0.00000,none
6.05417,49.90221,37.01212,3.33888,-0.27660,-0.00037,6.86075,-6.05761,25.00000,25.00000,167.98788,0.38904,0.07203,0.57173,0.00000,0.00000,0.34667,0.00000,none
6.05833,49.90230,37.01030,3.33963,-0.27654,-0.00038,6.83539,-6.11603,25.00000,25.00000,167.98970,0.38898,0.07202,0.56962,0.00000,0.00000,0.34625,0.00000,none
6.06250,49.90239,37.00849,3.34037,-0.27648,-0.00039,6.80978,-6.17395,25.00000,25.00000,167.99151,0.38891,0.07201,0.56748,0.00000,0.00000,0.34583,0.00000,none
6.06667,49.90248,37.00668,3.34112,-0.27642,-0.00040,6.78394,-6.23137,25.00000,25.00000,167.99332,0.38884,0.07199,0.56533,0.00000,0.00000,0.34542,0.00000,none
6.07083,49.90258,37.00489,3.34186,-0.27636,-0.00041,6.75786,-6.28830,25.00000,25.00000,167.99511,0.38878,0.07198,0.56315,0.00000,0.00000,0.34500,0.00000,none
6.07500,49.90268,37.00311,3.34260,-0.27631,-0.00042,6.73154,-6.34472,25.00000,25.00000,167.99689,0.38871,0.07197,0.56096,0.00000,0.00000,0.34458,0.00000,none
6.07917,49.90278,37.00133,3.34333,-0.27625,-0.00043,6.70498,-6.40065,25.00000,25.00000,167.99867,0.38865,0.07196,0.55875,0.00000,0.00000,0.34417,0.00000,none
6.08333,49.90288,36.99956,3.34407,-0.27619,-0.00044,6.67820,-6.45608,25.00000,25.00000,168.00044,0.38858,0.07194,0.55652,0.00000,0.00000,0.34375,0.00000,none
6.08750,49.90299,36.99780,3.34480,-0.27613,-0.00045,6.65118,-6.51100,25.00000,25.00000,168.00220,0.38852,0.07193,0.55427,0.00000,0.00000,0.34333,0.00000,none
6.09167,49.90310,36.99605,3.34553,-0.27607,-0.00046,6.62394,-6.56542,25.00000,25.00000,168.00395,0.38846,0.07192,0.55200,0.00000,0.00000,0.34292,0.00000,none
6.09583,49.90321,36.99431,3.34626,-0.27602,-0.00047,6.59647,-6.61934,25.00000,25.00000,168.00569,0.38840,0.07191,0.54971,0.00000,0.00000,0.34250,0.00000,none
6.10000,49.90332,36.99258,3.34698,-0.27596,-0.00047,6.56878,-6.67275,25.00000,25.00000,168.00742,0.38833,0.07190,0.54740,0.00000,0.00000,0.34208,0.00000,none
6.10417,49.90343,36.99085,3.34770,-0.27590,-0.00048,6.54087,-6.72565,25.00000,25.00000,168.00915,0.38827,0.07189,0.54507,0.00000,0.00000,0.34167,0.00000,none
6.10833,49.90355,36.98914,3.34842,-0.27584,-0.00049,6.51273,-6.77804,25.00000,25.00000,168.01086,0.38821,0.07188,0.54273,0.00000,0.00000,0.34125,0.00000,none
6.11250,49.90367,36.98743,3.34914,-0.27579,-0.00050,6.48438,-6.82993,25.00000,25.00000,168.01257,0.38815,0.07186,0.54037,0.00000,0.00000,0.34083,0.00000,none
6.11667,49.90379,36.98573,3.34985,-0.27573,-0.00051,6.45582,-6.88130,25.00000,25.00000,168.01427,0.38809,0.07185,0.53798,0.00000,0.00000,0.34042,0.00000,none
6.12083,49.90391,36.98404,3.35056,-0.27567,-0.00052,6.42704,-6.93216,25.00000,25.00000,168.01596,0.38803,0.07184,0.53559,0.00000,0.00000,0.34000,0.00000,none
6.12500,49.90404,36.98236,3.35127,-0.27561,-0.00053,6.39805,-6.98251,25.00000,25.00000,168.01764,0.38797,0.07183,0.53317,0.00000,0.00000,0.33958,0.00000,none
6.12917,49.90417,36.98069,3.35198,-0.27556,-0.00054,6.36885,-7.03235,25.00000,25.00000,168.01931,0.38791,0.07182,0.53074,0.00000,0.00000,0.33917,0.00000,none
6.13333,49.90430,36.97902,3.35269,-0.27550,-0.00055,6.33945,-7.08166,25.00000,25.00000,168.02098,0.38785,0.07181,0.52829,0.00000,0.00000,0.33875,0.00000,none
6.13750,49.90443,36.97737,3.35339,-0.27544,-0.00056,6.30984,-7.13047,25.00000,25.00000,168.02263,0.38779,0.07180,0.52582,0.00000,0.00000,0.33833,0.00000,none
6.14167,49.90457,36.97572,3.35409,-0.27538,-0.00057,6.28003,-7.17875,25.00000,25.00000,168.02428,0.38773,0.07179,0.52334,0.00000,0.00000,0.33792,0.00000,none
6.14583,49.90470,36.97408,3.35479,-0.27533,-0.00058,6.25002,-7.22651,25.00000,25.00000,168.02592,0.38767,0.07178,0.52083,0.00000,0.00000,0.33750,0.00000,none
6.15000,49.90484,36.97245,3.35549,-0.27527,-0.00059,6.21981,-7.27376,25.00000,25.00000,168.02755,0.38761,0.07177,0.51832,0.00000,0.00000,0.33708,0.00000,none
6.15417,49.90499,36.97082,3.35618,-0.27521,-0.00060,6.18941,-7.32048,25.00000,25.00000,168.02918,0.38756,0.07175,0.51578,0.00000,0.00000,0.33667,0.00000,none
6.15833,49.90513,36.96921,3.35687,-0.27516,-0.00061,6.15881,-7.36668,25.00000,25.00000,168.03079,0.38750,0.07174,0.51323,0.00000,0.00000,0.33625,0.00000,none
6.16250,49.90528,36.96760,3.35756,-0.27510,-0.00062,6.12802,-7.41235,25.00000,25.00000,168.03240,0.38744,0.07173,0.51067,0.00000,0.00000,0.33583,0.00000,none
6.16667,49.90543,36.96600,3.35825,-0.27504,-0.00063,6.09704,-7.45750,25.00000,25.00000,168.03400,0.38738,0.07172,0.50809,0.00000,0.00000,0.33542,0.00000,none
6.17083,49.90558,36.96441,3.35893,-0.27498,-0.00064,6.06587,-7.50213,25.00000,25.00000,168.03559,0.38733,0.07171,0.50549,0.00000,0.00000,0.33500,0.00000,none
6.17500,49.90573,36.96283,3.35961,-0.27493,-0.00065,6.03452,-7.54622,25.00000,25.00000,168.03717,0.38727,0.07170,0.50288,0.00000,0.00000,0.33458,0.00000,none
6.17917,49.90589,36.96126,3.36029,-0.27487,-0.00066,6.00299,-7.58979,25.00000,25.00000,168.03874,0.38721,0.07169,0.50025,0.00000,0.00000,0.33417,0.00000,none
6.18333,49.90605,36.95970,3.36097,-0.27481,-0.00067,5.97127,-7.63282,25.00000,25.00000,168.04030,0.38716,0.07168,0.49761,0.00000,0.00000,0.33375,0.00000,none
6.18750,49.90621,36.95814,3.36165,-0.27476,-0.00068,5.93938,-7.67532,25.00000,25.00000,168.04186,0.38710,0.07167,0.49495,0.00000,0.00000,0.33333,0.00000,none
6.19167,49.90638,36.95659,3.36232,-0.27470,-0.00069,5.90731,-7.71729,25.00000,25.00000,168.04341,0.38705,0.07166,0.49228,0.00000,0.00000,0.33292,0.00000,none
6.19583,49.90654,36.95505,3.36299,-0.27464,-0.00070,5.87507,-7.75873,25.00000,25.00000,168.04495,0.38699,0.07165,0.48959,0.00000,0.00000,0.33250,0.00000,none
6.20000,49.90671,36.95352,3.36366,-0.27459,-0.00071,5.84266,-7.79963,25.00000,25.00000,168.04648,0.38694,0.07164,0.48689,0.00000,0.00000,0.33208,0.00000,none
6.20417,49.90688,36.95199,3.36433,-0.27453,-0.00072,5.81008,-7.83999,25.00000,25.00000,168.04801,0.38688,0.07163,0.48417,0.00000,0.00000,0.33167,0.00000,none
6.20833,49.90705,36.95048,3.36499,-0.27447,-0.00073,5.77733,-7.87981,25.00000,25.00000,168.04952,0.38683,0.07162,0.48144,0.00000,0.00000,0.33125,0.00000,none
6.21250,49.90723,36.94897,3.36566,-0.27441,-0.00074,5.74441,-7.91910,25.00000,25.00000,168.05103,0.38677,0.07161,0.47870,0.00000,0.00000,0.33083,0.00000,none
6.21667,49.90741,36.94747,3.36632,-0.27436,-0.00075,5.71133,-7.95784,25.00000,25.00000,168.05253,0.38672,0.07160,0.47594,0.00000,0.00000,0.33042,0.00000,none
6.22083,49.90759,36.94598,3.36697,-0.27430,-0.00076,5.67810,-7.99604,25.00000,25.00000,168.05402,0.38667,0.07159,0.47317,0.00000,0.00000,0.33000,0.00000,none
6.22500,49.90777,36.94449,3.36763,-0.27424,-0.00077,5.64470,-8.03370,25.00000,25.00000,168.05551,0.38661,0.07158,0.47039,0.00000,0.00000,0.32958,0.00000,none
6.22917,49.90795,36.94302,3.36828,-0.27419,-0.00078,5.61115,-8.07082,25.00000,25.00000,168.05698,0.38656,0.07157,0.46760,0.00000,0.00000,0.32917,0.00000,none
6.23333,49.90814,36.94155,3.36894,-0.27413,-0.00079,5.57745,-8.10739,25.00000,25.00000,168.05845,0.38651,0.07156,0.46479,0.00000,0.00000,0.32875,0.00000,none
6.23750,49.90833,36.94009,3.36959,-0.27407,-0.00080,5.54359,-8.14341,25.00000,25.00000,168.05991,0.38646,0.07155,0.46197,0.00000,0.00000,0.32833,0.00000,none
6.24167,49.90852,36.93864,3.37023,-0.27402,-0.00081,5.50959,-8.17888,25.00000,25.00000,168.06136,0.38640,0.07154,0.45913,0.00000,0.00000,0.32792,0.00000,none
6.24583,49.90872,36.93719,3.37088,-0.27396,-0.00082,5.47543,-8.21381,25.00000,25.00000,168.06281,0.38635,0.07153,0.45629,0.00000,0.00000,0.32750,0.00000,none
6.25000,49.90891,36.93576,3.37152,-0.27390,-0.00083,5.44114,-8.24818,25.00000,25.00000,168.06424,0.38630,0.07152,0.45343,0.00000,0.00000,0.32708,0.00000,none
6.25417,49.90911,36.93433,3.37216,-0.27384,-0.00084,5.40670,-8.28200,25.00000,25.00000,168.06567,0.38625,0.07151,0.45056,0.00000,0.00000,0.32667,0.00000,none
6.25833,49.90931,36.93291,3.37280,-0.27379,-0.00085,5.37212,-8.31527,25.00000,25.00000,168.06709,0.38620,0.07150,0.44768,0.00000,0.00000,0.32625,0.00000,none
6.26250,49.90952,36.93150,3.37344,-0.27373,-0.00086,5.33741,-8.34798,25.00000,25.00000,168.06850,0.38615,0.07150,0.44478,0.00000,0.00000,0.32583,0.00000,none
6.26667,49.90972,36.93009,3.37408,-0.27367,-0.00087,5.30256,-8.38014,25.00000,25.00000,168.06991,0.38610,0.07149,0.44188,0.00000,0.00000,0.32542,0.00000,none
6.27083,49.90993,36.92870,3.37471,-0.27362,-0.00088,5.26757,-8.41174,25.00000,25.00000,168.07130,0.38605,0.07148,0.43896,0.00000,0.00000,0.32500,0.00000,none
6.27500,49.91014,36.92731,3.37534,-0.27356,-0.00089,5.23246,-8.44279,25.00000,25.00000,168.07269,0.38600,0.07147,0.43604,0.00000,0.00000,0.32458,0.00000,none
6.27917,49.91036,36.92592,3.37597,-0.27350,-0.00090,5.19722,-8.47327,25.00000,25.00000,168.07408,0.38595,0.07146,0.43310,0.00000,0.00000,0.32417,0.00000,none
6.28333,49.91057,36.92455,3.37660,-0.27345,-0.00091,5.16185,-8.50320,25.00000,25.00000,168.07545,0.38590,0.07145,0.43015,0.00000,0.00000,0.32375,0.00000,none
6.28750,49.91079,36.92318,3.37722,-0.27339,-0.00092,5.12636,-8.53256,25.00000,25.00000,168.07682,0.38585,0.07144,0.42720,0.00000,0.00000,0.32333,0.00000,none
6.29167,49.91101,36.92183,3.37784,-0.27333,-0.00093,5.09075,-8.56136,25.00000,25.00000,168.07817,0.38580,0.07143,0.42423,0.00000,0.00000,0.32292,0.00000,none
6.29583,49.91123,36.92048,3.37846,-0.27327,-0.00094,5.05501,-8.58959,25.00000,25.00000,168.07952,0.38575,0.07142,0.42125,0.00000,0.00000,0.32250,0.00000,none
6.30000,49.91146,36.91913,3.37908,-0.27322,-0.00095,5.01917,-8.61726,25.00000,25.00000,168.08087,0.38571,0.07141,0.41826,0.00000,0.00000,0.32208,0.00000,none
6.30417,49.91168,36.91780,3.37970,-0.27316,-0.00095,4.98320,-8.64437,25.00000,25.00000,168.08220,0.38566,0.07141,0.41527,0.00000,0.00000,0.32167,0.00000,none
6.30833,49.91191,36.91647,3.38031,-0.27310,-0.00096,4.94713,-8.67090,25.00000,25.00000,168.08353,0.38561,0.07140,0.41226,0.00000,0.00000,0.32125,0.00000,none
6.31250,49.91214,36.91515,3.38093,-0.27305,-0.00097,4.91095,-8.69687,25.00000,25.00000,168.08485,0.38556,0.07139,0.40925,0.00000,0.00000,0.32083,0.00000,none
6.31667,49.91238,36.91384,3.38154,-0.27299,-0.00098,4.87466,-8.72227,25.00000,25.00000,168.08616,0.38552,0.07138,0.40622,0.00000,0.00000,0.32042,0.00000,none
6.32083,49.91261,36.91253,3.38215,-0.27293,-0.00099,4.83826,-8.74709,25.00000,25.00000,168.08747,0.38547,0.07137,0.40319,0.00000,0.00000,0.32000,0.00000,none
6.32500,49.91285,36.91123,3.38275,-0.27287,-0.00100,4.80177,-8.77135,25.00000,25.00000,168.08877,0.38542,0.07136,0.40015,0.00000,0.00000,0.31958,0.00000,none
6.32917,49.91309,36.90994,3.38336,-0.27282,-0.00101,4.76517,-8.79503,25.00000,25.00000,168.09006,0.38538,0.07135,0.39710,0.00000,0.00000,0.31917,0.00000,none
6.33333,49.91333,36.90866,3.38396,-0.27276,-0.00102,4.72848,-8.81814,25.00000,25.00000,168.09134,0.38533,0.07135,0.39404,0.00000,0.00000,0.31875,0.00000,none
6.33750,49.91358,36.90738,3.38456,-0.27270,-0.00103,4.69169,-8.84067,25.00000,25.00000,168.09262,0.38529,0.07134,0.39097,0.00000,0.00000,0.31833,0.00000,none
6.34167,49.91383,36.90612,3.38516,-0.27265,-0.00104,4.65480,-8.86263,25.00000,25.00000,168.09388,0.38524,0.07133,0.38790,0.00000,0.00000,0.31792,0.00000,none
6.34583,49.91407,36.90486,3.38576,-0.27259,-0.00105,4.61783,-8.88401,25.00000,25.00000,168.09514,0.38520,0.07132,0.38482,0.00000,0.00000,0.31750,0.00000,none
6.35000,49.91433,36.90360,3.38635,-0.27253,-0.00106,4.58077,-8.90481,25.00000,25.00000,168.09640,0.38515,0.07131,0.38173,0.00000,0.00000,0.31708,0.00000,none
6.35417,49.91458,36.90236,3.38695,-0.27247,-0.00107,4.54363,-8.92503,25.00000,25.00000,168.09764,0.38511,0.07130,0.37864,0.00000,0.00000,0.31667,0.00000,none
6.35833,49.91484,36.90112,3.38754,-0.27242,-0.00108,4.50640,-8.94467,25.00000,25.00000,168.09888,0.38506,0.07130,0.37553,0.00000,0.00000,0.31625,0.00000,none
6.36250,49.91509,36.89989,3.38813,-0.27236,-0.00109,4.46909,-8.96373,25.00000,25.00000,168.10011,0.38502,0.07129,0.37242,0.00000,0.00000,0.31583,0.00000,none
6.36667,49.91535,36.89866,3.38872,-0.27230,-0.00110,4.43170,-8.98220,25.00000,25.00000,168.10134,0.38497,0.07128,0.36931,0.00000,0.00000,0.31542,0.00000,none
6.37083,49.91562,36.89744,3.38930,-0.27224,-0.00110,4.39424,-9.00010,25.00000,25.00000,168.10256,0.38493,0.07127,0.36619,0.00000,0.00000,0.31500,0.00000,none
6.37500,49.91588,36.89623,3.38988,-0.27219,-0.00111,4.35670,-9.01741,25.00000,25.00000,168.10377,0.38489,0.07126,0.36306,0.00000,0.00000,0.31458,0.00000,none
6.37917,49.91615,36.89503,3.39047,-0.27213,-0.00112,4.31909,-9.03413,25.00000,25.00000,168.10497,0.38484,0.07126,0.35992,0.00000,0.00000,0.31417,0.00000,none
6.38333,49.91642,36.89383,3.39105,-0.27207,-0.00113,4.28142,-9.05027,25.00000,25.00000,168.10617,0.38480,0.07125,0.35678,0.00000,0.00000,0.31375,0.00000,none
6.38750,49.91669,36.89265,3.39162,-0.27202,-0.00114,4.24368,-9.06582,25.00000,25.00000,168.10735,0.38476,0.07124,0.35364,0.00000,0.00000,0.31333,0.00000,none
6.39167,49.91696,36.89146,3.39220,-0.27196,-0.00115,4.20587,-9.08079,25.00000,25.00000,168.10854,0.38472,0.07123,0.35049,0.00000,0.00000,0.31292,0.00000,none
6.39583,49.91724,36.89029,3.39277,-0.27190,-0.00116,4.16800,-9.09516,25.00000,25.00000,168.10971,0.38467,0.07122,0.34733,0.00000,0.00000,0.31250,0.00000,none
6.40000,49.91751,36.88912,3.39335,-0.27184,-0.00117,4.13008,-9.10895,25.00000,25.00000,168.11088,0.38463,0.07122,0.34417,0.00000,0.00000,0.31208,0.00000,none
6.40417,49.91779,36.88796,3.39392,-0.27179,-0.00118,4.09210,-9.12214,25.00000,25.00000,168.11204,0.38459,0.07121,0.34101,0.00000,0.00000,0.31167,0.00000,none
6.40833,49.91808,36.88681,3.39449,-0.27173,-0.00118,4.05406,-9.13475,25.00000,25.00000,168.11319,0.38455,0.07120,0.33784,0.00000,0.00000,0.31125,0.00000,none
6.41250,49.91836,36.88566,3.39505,-0.27167,-0.00119,4.01597,-9.14676,25.00000,25.00000,168.11434,0.38451,0.07119,0.33466,0.00000,0.00000,0.31083,0.00000,none
6.41667,49.91865,36.88452,3.39562,-0.27161,-0.00120,3.97784,-9.15818,25.00000,25.00000,168.11548,0.38447,0.07119,0.33149,0.00000,0.00000,0.31042,0.00000,none
6.42083,49.91893,36.88339,3.39618,-0.27156,-0.00121,3.93966,-9.16900,25.00000,25.00000,168.11661,0.38443,0.07118,0.32830,0.00000,0.00000,0.31000,0.00000,none
6.42500,49.91922,36.88226,3.39674,-0.27150,-0.00122,3.90143,-9.17924,25.00000,25.00000,168.11774,0.38439,0.07117,0.32512,0.00000,0.00000,0.30958,0.00000,none
6.42917,49.91952,36.88115,3.39730,-0.27144,-0.00123,3.86316,-9.18887,25.00000,25.00000,168.11885,0.38435,0.07116,0.32193,0.00000,0.00000,0.30917,0.00000,none
6.43333,49.91981,36.88003,3.39786,-0.27138,-0.00124,3.82486,-9.19792,25.00000,25.00000,168.11997,0.38431,0.07116,0.31874,0.00000,0.00000,0.30875,0.00000,none
6.43750,49.92011,36.87893,3.39842,-0.27133,-0.00124,3.78652,-9.20636,25.00000,25.00000,168.12107,0.38427,0.07115,0.31554,0.00000,0.00000,0.30833,0.00000,none
6.44167,49.92040,36.87783,3.39897,-0.27127,-0.00125,3.74814,-9.21421,25.00000,25.00000,168.12217,0.38423,0.07114,0.31234,0.00000,0.00000,0.30792,0.00000,none
6.44583,49.92070,36.87674,3.39952,-0.27121,-0.00126,3.70973,-9.22147,25.00000,25.00000,168.12326,0.38419,0.07114,0.30914,0.00000,0.00000,0.30750,0.00000,none
6.45000,49.92101,36.87565,3.40007,-0.27115,-0.00127,3.67129,-9.22812,25.00000,25.00000,168.12435,0.38415,0.07113,0.30594,0.00000,0.00000,0.30708,0.00000,none
6.45417,49.92131,36.87457,3.40062,-0.27109,-0.00128,3.63283,-9.23418,25.00000,25.00000,168.12543,0.38411,0.07112,0.30274,0.00000,0.00000,0.30667,0.00000,none
6.45833,49.92162,36.87350,3.40117,-0.27104,-0.00129,3.59434,-9.23964,25.00000,25.00000,168.12650,0.38407,0.07111,0.29953,0.00000,0.00000,0.30625,0.00000,none
6.46250,49.92192,36.87244,3.40171,-0.27098,-0.00129,3.55584,-9.24450,25.00000,25.00000,168.12756,0.38404,0.07111,0.29632,0.00000,0.00000,0.30583,0.00000,none
6.46667,49.92223,36.87138,3.40226,-0.27092,-0.00130,3.51731,-9.24876,25.00000,25.00000,168.12862,0.38400,0.07110,0.29311,0.00000,0.00000,0.30542,0.00000,none
6.47083,49.92255,36.87032,3.40280,-0.27086,-0.00131,3.47876,-9.25242,25.00000,25.00000,168.12968,0.38396,0.07109,0.28990,0.00000,0.00000,0.30500,0.00000,none
6.47500,49.92286,36.86928,3.40334,-0.27081,-0.00132,3.44020,-9.25548,25.00000,25.00000,168.13072,0.38392,0.07109,0.28668,0.00000,0.00000,0.30458,0.00000,none
6.47917,49.92317,36.86824,3.40388,-0.27075,-0.00133,3.40164,-9.25793,25.00000,25.00000,168.13176,0.38389,0.07108,0.28347,0.00000,0.00000,0.30417,0.00000,none
6.48333,49.92349,36.86721,3.40441,-0.27069,-0.00133,3.36306,-9.25979,25.00000,25.00000,168.13279,0.38385,0.07107,0.28025,0.00000,0.00000,0.30375,0.00000,none
6.48750,49.92381,36.86618,3.40495,-0.27063,-0.00134,3.32447,-9.26105,25.00000,25.00000,168.13382,0.38381,0.07107,0.27704,0.00000,0.00000,0.30333,0.00000,none
6.49167,49.92413,36.86516,3.40548,-0.27058,-0.00135,3.28588,-9.26170,25.00000,25.00000,168.13484,0.38378,0.07106,0.27382,0.00000,0.00000,0.30292,0.00000,none
6.49583,49.92446,36.86415,3.40601,-0.27052,-0.00136,3.24729,-9.26175,25.00000,25.00000,168.13585,0.38374,0.07105,0.27061,0.00000,0.00000,0.30250,0.00000,none
6.50000,49.92478,36.86314,3.40654,-0.27046,-0.00136,3.20870,-9.26120,25.00000,25.00000,168.13686,0.38370,0.07105,0.26739,0.00000,0.00000,0.30208,0.00000,none
6.50417,49.92511,36.86214,3.40707,-0.27040,-0.00137,3.17012,-9.26005,25.00000,25.00000,168.13786,0.38367,0.07104,0.26418,0.00000,0.00000,0.30167,0.00000,none
6.50833,49.92544,36.86115,3.40760,-0.27035,-0.00138,3.13154,-9.25829,25.00000,25.00000,168.13885,0.38363,0.07103,0.26096,0.00000,0.00000,0.30125,0.00000,none
6.51250,49.92577,36.86016,3.40812,-0.27029,-0.00139,3.09296,-9.25593,25.00000,25.00000,168.13984,0.38360,0.07103,0.25775,0.00000,0.00000,0.30083,0.00000,none
6.51667,49.92610,36.85917,3.40864,-0.27023,-0.00139,3.05440,-9.25297,25.00000,25.00000,168.14083,0.38356,0.07102,0.25453,0.00000,0.00000,0.30042,0.00000,none
6.52083,49.92643,36.85820,3.40916,-0.27017,-0.00140,3.01586,-9.24941,25.00000,25.00000,168.14180,0.38353,0.07101,0.25132,0.00000,0.00000,0.30000,0.00000,none
6.52500,49.92677,36.85723,3.40968,-0.27011,-0.00141,2.97733,-9.24524,25.00000,25.00000,168.14277,0.38349,0.07101,0.24811,0.00000,0.00000,0.29958,0.00000,none
6.52917,49.92710,36.85627,3.41020,-0.27006,-0.00142,2.93881,-9.24047,25.00000,25.00000,168.14373,0.38346,0.07100,0.24490,0.00000,0.00000,0.29917,0.00000,none
6.53333,49.92744,36.85531,3.41072,-0.27000,-0.00142,2.90032,-9.23510,25.00000,25.00000,168.14469,0.38342,0.07100,0.24169,0.00000,0.00000,0.29875,0.00000,none
6.53750,49.92778,36.85436,3.41123,-0.26994,-0.00143,2.86186,-9.22912,25.00000,25.00000,168.14564,0.38339,0.07099,0.23849,0.00000,0.00000,0.29833,0.00000,none
6.54167,49.92813,36.85341,3.41174,-0.26988,-0.00144,2.82341,-9.22254,25.00000,25.00000,168.14659,0.38335,0.07098,0.23528,0.00000,0.00000,0.29792,0.00000,none
6.54583,49.92847,36.85247,3.41226,-0.26983,-0.00144,2.78500,-9.21536,25.00000,25.00000,168.14753,0.38332,0.07098,0.23208,0.00000,0.00000,0.29750,0.00000,none
6.55000,49.92882,36.85154,3.41276,-0.26977,-0.00145,2.74662,-9.20758,25.00000,25.00000,168.14846,0.38329,0.07097,0.22889,0.00000,0.00000,0.29708,0.00000,none
6.55417,49.92916,36.85061,3.41327,-0.26971,-0.00146,2.70827,-9.19920,25.00000,25.00000,168.14939,0.38325,0.07097,0.22569,0.00000,0.00000,0.29667,0.00000,none
6.55833,49.92951,36.84969,3.41378,-0.26965,-0.00147,2.66996,-9.19021,25.00000,25.00000,168.15031,0.38322,0.07096,0.22250,0.00000,0.00000,0.29625,0.00000,none
6.56250,49.92986,36.84877,3.41428,-0.26960,-0.00147,2.63169,-9.18062,25.00000,25.00000,168.15123,0.38319,0.07095,0.21931,0.00000,0.00000,0.29583,0.00000,none
6.56667,49.93022,36.84787,3.41479,-0.26954,-0.00148,2.59346,-9.17043,25.00000,25.00000,168.15213,0.38316,0.07095,0.21612,0.00000,0.00000,0.29542,0.00000,none
6.57083,49.93057,36.84696,3.41529,-0.26948,-0.00149,2.55527,-9.15964,25.00000,25.00000,168.15304,0.38312,0.07094,0.21294,0.00000,0.00000,0.29500,0.00000,none
6.57500,49.93092,36.84606,3.41579,-0.26942,-0.00149,2.51713,-9.14825,25.00000,25.00000,168.15394,0.38309,0.07094,0.20976,0.00000,0.00000,0.29458,0.00000,none
6.57917,49.93128,36.84517,3.41628,-0.26936,-0.00150,2.47904,-9.13626,25.00000,25.00000,168.15483,0.38306,0.07093,0.20659,0.00000,0.00000,0.29417,0.00000,none
6.58333,49.93164,36.84428,3.41678,-0.26931,-0.00150,2.44099,-9.12367,25.00000,25.00000,168.15572,0.38303,0.07092,0.20342,0.00000,0.00000,0.29375,0.00000,none
6.58750,49.93200,36.84340,3.41727,-0.26925,-0.00151,2.40301,-9.11048,25.00000,25.00000,168.15660,0.38300,0.07092,0.20025,0.00000,0.00000,0.29333,0.00000,none
6.59167,49.93236,36.84253,3.41777,-0.26919,-0.00152,2.36507,-9.09669,25.00000,25.00000,168.15747,0.38297,0.07091,0.19709,0.00000,0.00000,0.29292,0.00000,none
6.59583,49.93272,36.84166,3.41826,-0.26913,-0.00152,2.32720,-9.08230,25.00000,25.00000,168.15834,0.38293,0.07091,0.19393,0.00000,0.00000,0.29250,0.00000,none
6.60000,49.93309,36.84079,3.41875,-0.26908,-0.00153,2.28939,-9.06732,25.00000,25.00000,168.15921,0.38290,0.07090,0.19078,0.00000,0.00000,0.29208,0.00000,none
6.60417,49.93345,36.83994,3.41924,-0.26902,-0.00154,2.25164,-9.05174,25.00000,25.00000,168.16006,0.38287,0.07090,0.18764,0.00000,0.00000,0.29167,0.00000,none
6.60833,49.93382,36.83908,3.41972,-0.26896,-0.00154,2.21396,-9.03556,25.00000,25.00000,168.16092,0.38284,0.07089,0.18450,0.00000,0.00000,0.29125,0.00000,none
6.61250,49.93419,36.83824,3.42021,-0.26890,-0.00155,2.17635,-9.01879,25.00000,25.00000,168.16176,0.38281,0.07088,0.18136,0.00000,0.00000,0.29083,0.00000,none
6.61667,49.93456,36.83739,3.42069,-0.26885,-0.00155,2.13880,-9.00142,25.00000,25.00000,168.16261,0.38278,0.07088,0.17823,0.00000,0.00000,0.29042,0.00000,none
6.62083,49.93493,36.83656,3.42117,-0.26879,-0.00156,2.10133,-8.98346,25.00000,25.00000,168.16344,0.38275,0.07087,0.17511,0.00000,0.00000,0.29000,0.00000,none
6.62500,49.93530,36.83573,3.42165,-0.26873,-0.00156,2.06394,-8.96491,25.00000,25.00000,168.16427,0.38272,0.07087,0.17200,0.00000,0.00000,0.28958,0.00000,none
6.62917,49.93568,36.83490,3.42213,-0.26868,-0.00157,2.02663,-8.94577,25.00000,25.00000,168.16510,0.38269,0.07086,0.16889,0.00000,0.00000,0.28917,0.00000,none
6.63333,49.93605,36.83408,3.42261,-0.26862,-0.00158,1.98939,-8.92604,25.00000,25.00000,168.16592,0.38266,0.07086,0.16578,0.00000,0.00000,0.28875,0.00000,none
6.63750,49.93643,36.83326,3.42308,-0.26856,-0.00158,1.95225,-8.90571,25.00000,25.00000,168.16674,0.38263,0.07085,0.16269,0.00000,0.00000,0.28833,0.00000,none
6.64167,49.93681,36.83245,3.42356,-0.26850,-0.00159,1.91518,-8.88480,25.00000,25.00000,168.16755,0.38260,0.07085,0.15960,0.00000,0.00000,0.28792,0.00000,none
6.64583,49.93719,36.83165,3.42403,-0.26845,-0.00159,1.87821,-8.86330,25.00000,25.00000,168.16835,0.38258,0.07084,0.15652,0.00000,0.00000,0.28750,0.00000,none
6.65000,49.93757,36.83085,3.42450,-0.26839,-0.00160,1.84132,-8.84121,25.00000,25.00000,168.16915,0.38255,0.07084,0.15344,0.00000,0.00000,0.28708,0.00000,none
6.65417,49.93795,36.83006,3.42497,-0.26833,-0.00160,1.80453,-8.81854,25.00000,25.00000,168.16994,0.38252,0.07083,0.15038,0.00000,0.00000,0.28667,0.00000,none
6.65833,49.93833,36.82927,3.42544,-0.26828,-0.00161,1.76783,-8.79529,25.00000,25.00000,168.17073,0.38249,0.07083,0.14732,0.00000,0.00000,0.28625,0.00000,none
6.66250,49.93872,36.82848,3.42591,-0.26822,-0.00161,1.73124,-8.77145,25.00000,25.00000,168.17152,0.38246,0.07082,0.14427,0.00000,0.00000,0.28583,0.00000,none
6.66667,49.93910,36.82770,3.42637,-0.26816,-0.00162,1.69474,-8.74703,25.00000,25.00000,168.17230,0.38243,0.07082,0.14123,0.00000,0.00000,0.28542,0.00000,none
6.67083,49.93949,36.82693,3.42683,-0.26810,-0.00162,1.65835,-8.72203,25.00000,25.00000,168.17307,0.38241,0.07081,0.13820,0.00000,0.00000,0.28500,0.00000,none
6.67500,49.93988,36.82616,3.42730,-0.26805,-0.00163,1.62206,-8.69645,25.00000,25.00000,168.17384,0.38238,0.07081,0.13517,0.00000,0.00000,0.28458,0.00000,none
6.67917,49.94026,36.82540,3.42776,-0.26799,-0.00163,1.58588,-8.67030,25.00000,25.00000,168.17460,0.38235,0.07080,0.13216,0.00000,0.00000,0.28417,0.00000,none
6.68333,49.94065,36.82464,3.42821,-0.26793,-0.00164,1.54981,-8.64357,25.00000,25.00000,168.17536,0.38232,0.07080,0.12915,0.00000,0.00000,0.28375,0.00000,none
6.68750,49.94105,36.82388,3.42867,-0.26788,-0.00164,1.51385,-8.61626,25.00000,25.00000,168.17612,0.38230,0.07079,0.12615,0.00000,0.00000,0.28333,0.00000,none
6.69167,49.94144,36.82313,3.42913,-0.26782,-0.00164,1.47800,-8.58839,25.00000,25.00000,168.17687,0.38227,0.07079,0.12317,0.00000,0.00000,0.28292,0.00000,none
6.69583,49.94183,36.82239,3.42958,-0.26776,-0.00165,1.44228,-8.55994,25.00000,25.00000,168.17761,0.38224,0.07078,0.12019,0.00000,0.00000,0.28250,0.00000,none
6.70000,49.94222,36.82165,3.43003,-0.26771,-0.00165,1.40667,-8.53092,25.00000,25.00000,168.17835,0.38222,0.07078,0.11722,0.00000,0.00000,0.28208,0.00000,none
6.70417,49.94262,36.82091,3.43049,-0.26765,-0.00166,1.37119,-8.50134,25.00000,25.00000,168.17909,0.38219,0.07077,0.11427,0.00000,0.00000,0.28167,0.00000,none
6.70833,49.94302,36.82018,3.43094,-0.26760,-0.00166,1.33583,-8.47119,25.00000,25.00000,168.17982,0.38217,0.07077,0.11132,0.00000,0.00000,0.28125,0.00000,none
6.71250,49.94341,36.81945,3.43138,-0.26754,-0.00166,1.30060,-8.44047,25.00000,25.00000,168.18055,0.38214,0.07076,0.10838,0.00000,0.00000,0.28083,0.00000,none
6.71667,49.94381,36.81873,3.43183,-0.26748,-0.00167,1.26549,-8.40920,25.00000,25.00000,168.18127,0.38211,0.07076,0.10546,0.00000,0.00000,0.28042,0.00000,none
6.72083,49.94421,36.81802,3.43228,-0.26743,-0.00167,1.23052,-8.37736,25.00000,25.00000,168.18198,0.38209,0.07075,0.10254,0.00000,0.00000,0.28000,0.00000,none
6.72500,49.94461,36.81730,3.43272,-0.26737,-0.00168,1.19568,-8.34497,25.00000,25.00000,168.18270,0.38206,0.07075,0.09964,0.00000,0.00000,0.27958,0.00000,none
6.72917,49.94501,36.81659,3.43316,-0.26732,-0.00168,1.16098,-8.31202,25.00000,25.00000,168.18341,0.38204,0.07074,0.09675,0.00000,0.00000,0.27917,0.00000,none
6.73333,49.94541,36.81589,3.43360,-0.26726,-0.00168,1.12642,-8.27852,25.00000,25.00000,168.18411,0.38201,0.07074,0.09387,0.00000,0.00000,0.27875,0.00000,none
6.73750,49.94581,36.81519,3.43404,-0.26720,-0.00169,1.09199,-8.24446,25.00000,25.00000,168.18481,0.38199,0.07073,0.09100,0.00000,0.00000,0.27833,0.00000,none
6.74167,49.94622,36.81450,3.43448,-0.26715,-0.00169,1.05771,-8.20986,25.00000,25.00000,168.18550,0.38196,0.07073,0.08814,0.00000,0.00000,0.27792,0.00000,none
6.74583,49.94662,36.81381,3.43492,-0.26709,-0.00169,1.02358,-8.17470,25.00000,25.00000,168.18619,0.38194,0.07073,0.08530,0.00000,0.00000,0.27750,0.00000,none
6.75000,49.94702,36.81312,3.43535,-0.26704,-0.00170,0.98959,-8.13900,25.00000,25.00000,168.18688,0.38191,0.07072,0.08247,0.00000,0.00000,0.27708,0.00000,none
6.75417,49.94743,36.81244,3.43579,-0.26698,-0.00170,0.95575,-8.10276,25.00000,25.00000,168.18756,0.38189,0.07072,0.07965,0.00000,0.00000,0.27667,0.00000,none
6.75833,49.94784,36.81176,3.43622,-0.26693,-0.00170,0.92207,-8.06598,25.00000,25.00000,168.18824,0.38186,0.07071,0.07684,0.00000,0.00000,0.27625,0.00000,none
6.76250,49.94824,36.81109,3.43665,-0.26687,-0.00171,0.88854,-8.02866,25.00000,25.00000,168.18891,0.38184,0.07071,0.07404,0.00000,0.00000,0.27583,0.00000,none
6.76667,49.94865,36.81042,3.43708,-0.26682,-0.00171,0.85516,-7.99081,25.00000,25.00000,168.18958,0.38182,0.07070,0.07126,0.00000,0.00000,0.27542,0.00000,none
6.77083,49.94906,36.80975,3.43751,-0.26676,-0.00171,0.82195,-7.95242,25.00000,25.00000,168.19025,0.38179,0.07070,0.06850,0.00000,0.00000,0.27500,0.00000,none
6.77500,49.94947,36.80909,3.43794,-0.26671,-0.00171,0.78890,-7.91350,25.00000,25.00000,168.19091,0.38177,0.07070,0.06574,0.00000,0.00000,0.27458,0.00000,none
6.77917,49.94988,36.80844,3.43836,-0.26665,-0.00172,0.75600,-7.87405,25.00000,25.00000,168.19156,0.38175,0.07069,0.06300,0.00000,0.00000,0.27417,0.00000,none
6.78333,49.95029,36.80778,3.43879,-0.26660,-0.00172,0.72328,-7.83408,25.00000,25.00000,168.19222,0.38172,0.07069,0.06027,0.00000,0.00000,0.27375,0.00000,none
6.78750,49.95070,36.80713,3.43921,-0.26654,-0.00172,0.69072,-7.79359,25.00000,25.00000,168.19287,0.38170,0.07068,0.05756,0.00000,0.00000,0.27333,0.00000,none
6.79167,49.95111,36.80649,3.43963,-0.26649,-0.00172,0.65833,-7.75257,25.00000,25.00000,168.19351,0.38168,0.07068,0.05486,0.00000,0.00000,0.27292,0.00000,none
6.79583,49.95152,36.80585,3.44005,-0.26643,-0.00173,0.62612,-7.71104,25.00000,25.00000,168.19415,0.38165,0.07067,0.05218,0.00000,0.00000,0.27250,0.00000,none
6.80000,49.95193,36.80521,3.44047,-0.26638,-0.00173,0.59408,-7.66899,25.00000,25.00000,168.19479,0.38163,0.07067,0.04951,0.00000,0.00000,0.27208,0.00000,none
6.80417,49.95235,36.80458,3.44088,-0.26632,-0.00173,0.56221,-7.62643,25.00000,25.00000,168.19542,0.38161,0.07067,0.04685,0.00000,0.00000,0.27167,0.00000,none
6.80833,49.95276,36.80395,3.44130,-0.26627,-0.00173,0.53052,-7.58336,25.00000,25.00000,168.19605,0.38158,0.07066,0.04421,0.00000,0.00000,0.27125,0.00000,none
6.81250,49.95317,36.80332,3.44171,-0.26622,-0.00173,0.49902,-7.53979,25.00000,25.00000,168.19668,0.38156,0.07066,0.04158,0.00000,0.00000,0.27083,0.00000,none
6.81667,49.95359,36.80270,3.44213,-0.26616,-0.00174,0.46769,-7.49571,25.00000,25.00000,168.19730,0.38154,0.07065,0.03897,0.00000,0.00000,0.27042,0.00000,none
6.82083,49.95400,36.80208,3.44254,-0.26611,-0.00174,0.43655,-7.45114,25.00000,25.00000,168.19792,0.38152,0.07065,0.03638,0.00000,0.00000,0.27000,0.00000,none
6.82500,49.95442,36.80146,3.44295,-0.26606,-0.00174,0.40560,-7.40607,25.00000,25.00000,168.19854,0.38150,0.07065,0.03380,0.00000,0.00000,0.26958,0.00000,none
6.82917,49.95483,36.80085,3.44336,-0.26600,-0.00174,0.37484,-7.36050,25.00000,25.00000,168.19915,0.38147,0.07064,0.03124,0.00000,0.00000,0.26917,0.00000,none
6.83333,49.95525,36.80024,3.44377,-0.26595,-0.00174,0.34426,-7.31445,25.00000,25.00000,168.19976,0.38145,0.07064,0.02869,0.00000,0.00000,0.26875,0.00000,none
6.83750,49.95566,36.79964,3.44417,-0.26590,-0.00174,0.31388,-7.26790,25.00000,25.00000,168.20036,0.38143,0.07063,0.02616,0.00000,0.00000,0.26833,0.00000,none
6.84167,49.95608,36.79904,3.44458,-0.26584,-0.00174,0.28370,-7.22088,25.00000,25.00000,168.20096,0.38141,0.07063,0.02364,0.00000,0.00000,0.26792,0.00000,none
6.84583,49.95650,36.79844,3.44498,-0.26579,-0.00175,0.25371,-7.17337,25.00000,25.00000,168.20156,0.38139,0.07063,0.02114,0.00000,0.00000,0.26750,0.00000,none
6.85000,49.95691,36.79785,3.44538,-0.26574,-0.00175,0.22392,-7.12539,25.00000,25.00000,168.20215,0.38137,0.07062,0.01866,0.00000,0.00000,0.26708,0.00000,none
6.85417,49.95733,36.79725,3.44579,-0.26568,-0.00175,0.19433,-7.07693,25.00000,25.00000,168.20275,0.38135,0.07062,0.01619,0.00000,0.00000,0.26667,0.00000,none
6.85833,49.95775,36.79667,3.44619,-0.26563,-0.00175,0.16495,-7.02800,25.00000,25.00000,168.20333,0.38132,0.07061,0.01375,0.00000,0.00000,0.26625,0.00000,none
6.86250,49.95816,36.79608,3.44658,-0.26558,-0.00175,0.13577,-6.97861,25.00000,25.00000,168.20392,0.38130,0.07061,0.01131,0.00000,0.00000,0.26583,0.00000,none
6.86667,49.95858,36.79550,3.44698,-0.26553,-0.00175,0.10679,-6.92875,25.00000,25.00000,168.20450,0.38128,0.07061,0.00890,0.00000,0.00000,0.26542,0.00000,none
6.87083,49.95900,36.79492,3.44738,-0.26548,-0.00175,0.07803,-6.87844,25.00000,25.00000,168.20508,0.38126,0.07060,0.00650,0.00000,0.00000,0.26500,0.00000,none
6.87500,49.95942,36.79435,3.44777,-0.26542,-0.00175,0.04947,-6.82767,25.00000,25.00000,168.20565,0.38124,0.07060,0.00412,0.00000,0.00000,0.26458,0.00000,none
6.87917,49.95984,36.79378,3.44817,-0.26537,-0.00175,0.02113,-6.77645,25.00000,25.00000,168.20622,0.38122,0.07060,0.00176,0.00000,0.00000,0.26417,0.00000,none
6.88333,49.96025,36.79321,3.44856,-0.26532,-0.00175,-0.00700,-6.72472,25.00000,25.00000,168.20679,0.38120,0.07059,0.00070,0.00000,0.00000,0.26375,0.00000,none
6.88750,49.96067,36.79264,3.44895,-0.26527,-0.00175,-0.03491,-6.67135,25.00000,25.00000,168.20736,0.38118,0.07059,0.00349,0.00000,0.00000,0.26250,0.00000,none
6.89167,49.96109,36.79208,3.44934,-0.26522,-0.00175,-0.06259,-6.61597,25.00000,25.00000,168.20792,0.38116,0.07058,0.00626,0.00000,0.00000,0.26125,0.00000,none
6.89583,49.96151,36.79152,3.44972,-0.26517,-0.00175,-0.09004,-6.55862,25.00000,25.00000,168.20848,0.38114,0.07058,0.00900,0.00000,0.00000,0.26000,0.00000,none
6.90000,49.96193,36.79097,3.45011,-0.26512,-0.00175,-0.11724,-6.49931,25.00000,25.00000,168.20903,0.38112,0.07058,0.01172,0.00000,0.00000,0.25875,0.00000,none
6.90417,49.96234,36.79042,3.45049,-0.26507,-0.00174,-0.14419,-6.43807,25.00000,25.00000,168.20958,0.38110,0.07057,0.01442,0.00000,0.00000,0.25750,0.00000,none
6.90833,49.96276,36.78987,3.45087,-0.26502,-0.00174,-0.17089,-6.37494,25.00000,25.00000,168.21013,0.38108,0.07057,0.01709,0.00000,0.00000,0.25625,0.00000,none
6.91250,49.96317,36.78933,3.45125,-0.26497,-0.00174,-0.19731,-6.30993,25.00000,25.00000,168.21067,0.38106,0.07057,0.01973,0.00000,0.00000,0.25500,0.00000,none
6.91667,49.96359,36.78879,3.45163,-0.26492,-0.00173,-0.22347,-6.24307,25.00000,25.00000,168.21121,0.38104,0.07056,0.02235,0.00000,0.00000,0.25375,0.00000,none
6.92083,49.96400,36.78825,3.45200,-0.26487,-0.00173,-0.24934,-6.17439,25.00000,25.00000,168.21175,0.38102,0.07056,0.02493,0.00000,0.00000,0.25250,0.00000,none
6.92500,49.96441,36.78771,3.45238,-0.26482,-0.00172,-0.27492,-6.10392,25.00000,25.00000,168.21229,0.38100,0.07056,0.02749,0.00000,0.00000,0.25125,0.00000,none
6.92917,49.96482,36.78718,3.45275,-0.26478,-0.00172,-0.30020,-6.03168,25.00000,25.00000,168.21282,0.38098,0.07055,0.03002,0.00000,0.00000,0.25000,0.00000,none
6.93333,49.96523,36.78664,3.45312,-0.26473,-0.00171,-0.32518,-5.95771,25.00000,25.00000,168.21336,0.38097,0.07055,0.03252,0.00000,0.00000,0.24875,0.00000,none
6.93750,49.96564,36.78611,3.45349,-0.26468,-0.00171,-0.34985,-5.88202,25.00000,25.00000,168.21389,0.38095,0.07055,0.03498,0.00000,0.00000,0.24750,0.00000,none
6.94167,49.96605,36.78558,3.45386,-0.26464,-0.00170,-0.37419,-5.80465,25.00000,25.00000,168.21442,0.38093,0.07054,0.03742,0.00000,0.00000,0.24625,0.00000,none
6.94583,49.96645,36.78506,3.45422,-0.26459,-0.00170,-0.39822,-5.72563,25.00000,25.00000,168.21494,0.38091,0.07054,0.03982,0.00000,0.00000,0.24500,0.00000,none
6.95000,49.96686,36.78453,3.45458,-0.26455,-0.00169,-0.42190,-5.64497,25.00000,25.00000,168.21547,0.38089,0.07054,0.04219,0.00000,0.00000,0.24375,0.00000,none
6.95417,49.96726,36.78401,3.45495,-0.26450,-0.00169,-0.44525,-5.56273,25.00000,25.00000,168.21599,0.38087,0.07053,0.04453,0.00000,0.00000,0.24250,0.00000,none
6.95833,49.96766,36.78349,3.45531,-0.26446,-0.00168,-0.46826,-5.47891,25.00000,25.00000,168.21651,0.38085,0.07053,0.04683,0.00000,0.00000,0.24125,0.00000,none
6.96250,49.96807,36.78297,3.45567,-0.26442,-0.00168,-0.49091,-5.39355,25.00000,25.00000,168.21703,0.38083,0.07053,0.04909,0.00000,0.00000,0.24000,0.00000,none
6.96667,49.96846,36.78245,3.45602,-0.26437,-0.00167,-0.51320,-5.30668,25.00000,25.00000,168.21755,0.38082,0.07052,0.05132,0.00000,0.00000,0.23875,0.00000,none
6.97083,49.96886,36.78194,3.45638,-0.26433,-0.00167,-0.53513,-5.21833,25.00000,25.00000,168.21806,0.38080,0.07052,0.05351,0.00000,0.00000,0.23750,0.00000,none
6.97500,49.96926,36.78143,3.45673,-0.26429,-0.00166,-0.55669,-5.12853,25.00000,25.00000,168.21857,0.38078,0.07052,0.05567,0.00000,0.00000,0.23625,0.00000,none
6.97917,49.96966,36.78092,3.45708,-0.26425,-0.00165,-0.57786,-5.03731,25.00000,25.00000,168.21908,0.38076,0.07051,0.05779,0.00000,0.00000,0.23500,0.00000,none
6.98333,49.97005,36.78041,3.45743,-0.26421,-0.00165,-0.59866,-4.94469,25.00000,25.00000,168.21959,0.38074,0.07051,0.05987,0.00000,0.00000,0.23375,0.00000,none
6.98750,49.97044,36.77990,3.45778,-0.26417,-0.00164,-0.61907,-4.85070,25.00000,25.00000,168.22010,0.38072,0.07051,0.06191,0.00000,0.00000,0.23250,0.00000,none
6.99167,49.97083,36.77939,3.45813,-0.26412,-0.00164,-0.63908,-4.75539,25.00000,25.00000,168.22061,0.38071,0.07050,0.06391,0.00000,0.00000,0.23125,0.00000,none
6.99583,49.97122,36.77889,3.45847,-0.26408,-0.00163,-0.65869,-4.65877,25.00000,25.00000,168.22111,0.38069,0.07050,0.06587,0.00000,0.00000,0.23000,0.00000,none
7.00000,49.97161,36.77838,3.45882,-0.26405,-0.00162,-0.67790,-4.56087,25.00000,25.00000,168.22162,0.38067,0.07050,0.06779,0.00000,0.00000,0.22875,0.00000,none
7.00417,49.97200,36.77788,3.45916,-0.26401,-0.00162,-0.69670,-4.46173,25.00000,25.00000,168.22212,0.38065,0.07049,0.06967,0.00000,0.00000,0.22750,0.00000,none
7.00833,49.97239,36.77738,3.45950,-0.26397,-0.00161,-0.71508,-4.36137,25.00000,25.00000,168.22262,0.38063,0.07049,0.07151,0.00000,0.00000,0.22625,0.00000,none
7.01250,49.97277,36.77689,3.45984,-0.26393,-0.00161,-0.73304,-4.25984,25.00000,25.00000,168.22311,0.38062,0.07049,0.07330,0.00000,0.00000,0.22500,0.00000,none
7.01667,49.97315,36.77639,3.46018,-0.26389,-0.00160,-0.75058,-4.15714,25.00000,25.00000,168.22361,0.38060,0.07048,0.07506,0.00000,0.00000,0.22375,0.00000,none
7.02083,49.97353,36.77589,3.46052,-0.26385,-0.00159,-0.76768,-4.05332,25.00000,25.00000,168.22411,0.38058,0.07048,0.07677,0.00000,0.00000,0.22250,0.00000,none
7.02500,49.97391,36.77540,3.46085,-0.26382,-0.00159,-0.78435,-3.94841,25.00000,25.00000,168.22460,0.38056,0.07048,0.07844,0.00000,0.00000,0.22125,0.00000,none
7.02917,49.97429,36.77491,3.46119,-0.26378,-0.00158,-0.80059,-3.84243,25.00000,25.00000,168.22509,0.38055,0.07047,0.08006,0.00000,0.00000,0.22000,0.00000,none
7.03333,49.97467,36.77442,3.46152,-0.26374,-0.00157,-0.81637,-3.73542,25.00000,25.00000,168.22558,0.38053,0.07047,0.08164,0.00000,0.00000,0.21875,0.00000,none
7.03750,49.97504,36.77393,3.46185,-0.26371,-0.00157,-0.83171,-3.62741,25.00000,25.00000,168.22607,0.38051,0.07047,0.08317,0.00000,0.00000,0.21750,0.00000,none
7.04167,49.97542,36.77344,3.46218,-0.26367,-0.00156,-0.84660,-3.51842,25.00000,25.00000,168.22656,0.38049,0.07046,0.08466,0.00000,0.00000,0.21625,0.00000,none
7.04583,49.97579,36.77295,3.46251,-0.26364,-0.00155,-0.86103,-3.40850,25.00000,25.00000,168.22705,0.38048,0.07046,0.08610,0.00000,0.00000,0.21500,0.00000,none
7.05000,49.97616,36.77247,3.46283,-0.26360,-0.00155,-0.87500,-3.29765,25.00000,25.00000,168.22753,0.38046,0.07046,0.08750,0.00000,0.00000,0.21375,0.00000,none
7.05417,49.97653,36.77198,3.46316,-0.26357,-0.00154,-0.88851,-3.18593,25.00000,25.00000,168.22802,0.38044,0.07045,0.08885,0.00000,0.00000,0.21250,0.00000,none
7.05833,49.97690,36.77150,3.46348,-0.26353,-0.00153,-0.90155,-3.07335,25.00000,25.00000,168.22850,0.38042,0.07045,0.09015,0.00000,0.00000,0.21125,0.00000,none
7.06250,49.97726,36.77101,3.46381,-0.26350,-0.00153,-0.91412,-2.95996,25.00000,25.00000,168.22899,0.38041,0.07045,0.09141,0.00000,0.00000,0.21000,0.00000,none
7.06667,49.97762,36.77053,3.46413,-0.26347,-0.00152,-0.92621,-2.84577,25.00000,25.00000,168.22947,0.38039,0.07045,0.09262,0.00000,0.00000,0.20875,0.00000,none
7.07083,49.97799,36.77005,3.46445,-0.26343,-0.00151,-0.93783,-2.73082,25.00000,25.00000,168.22995,0.38037,0.07044,0.09378,0.00000,0.00000,0.20750,0.00000,none
7.07500,49.97835,36.76957,3.46477,-0.26340,-0.00151,-0.94897,-2.61514,25.00000,25.00000,168.23043,0.38035,0.07044,0.09490,0.00000,0.00000,0.20625,0.00000,none
7.07917,49.97871,36.76909,3.46508,-0.26337,-0.00150,-0.95962,-2.49876,25.00000,25.00000,168.23091,0.38034,0.07044,0.09596,0.00000,0.00000,0.20500,0.00000,none
7.08333,49.97906,36.76861,3.46540,-0.26334,-0.00149,-0.96979,-2.38171,25.00000,25.00000,168.23139,0.38032,0.07043,0.09698,0.00000,0.00000,0.20375,0.00000,none
7.08750,49.97942,36.76813,3.46572,-0.26330,-0.00148,-0.97947,-2.26402,25.00000,25.00000,168.23187,0.38030,0.07043,0.09795,0.00000,0.00000,0.20250,0.00000,none
7.09167,49.97977,36.76766,3.46603,-0.26327,-0.00148,-0.98866,-2.14572,25.00000,25.00000,168.23234,0.38029,0.07043,0.09887,0.00000,0.00000,0.20125,0.00000,none
7.09583,49.98012,36.76718,3.46634,-0.26324,-0.00147,-0.99735,-2.02684,25.00000,25.00000,168.23282,0.38027,0.07042,0.09974,0.00000,0.00000,0.20000,0.00000,none
7.10000,49.98047,36.76670,3.46666,-0.26321,-0.00146,-1.00555,-1.90741,25.00000,25.00000,168.23330,0.38025,0.07042,0.10055,0.00000,0.00000,0.19875,0.00000,none
7.10417,49.98082,36.76623,3.46697,-0.26318,-0.00145,-1.01324,-1.78746,25.00000,25.00000,168.23377,0.38023,0.07042,0.10132,0.00000,0.00000,0.19750,0.00000,none
7.10833,49.98117,36.76575,3.46728,-0.26315,-0.00145,-1.02044,-1.66702,25.00000,25.00000,168.23425,0.38022,0.07041,0.10204,0.00000,0.00000,0.19625,0.00000,none
7.11250,49.98151,36.76528,3.46759,-0.26312,-0.00144,-1.02714,-1.54612,25.00000,25.00000,168.23472,0.38020,0.07041,0.10271,0.00000,0.00000,0.19500,0.00000,none
7.11667,49.98185,36.76480,3.46789,-0.26309,-0.00143,-1.03332,-1.42480,25.00000,25.00000,168.23520,0.38018,0.07041,0.10333,0.00000,0.00000,0.19375,0.00000,none
7.12083,49.98220,36.76433,3.46820,-0.26306,-0.00142,-1.03901,-1.30307,25.00000,25.00000,168.23567,0.38017,0.07040,0.10390,0.00000,0.00000,0.19250,0.00000,none
7.12500,49.98253,36.76385,3.46850,-0.26303,-0.00142,-1.04418,-1.18097,25.00000,25.00000,168.23615,0.38015,0.07040,0.10442,0.00000,0.00000,0.19125,0.00000,none
7.12917,49.98287,36.76338,3.46881,-0.26301,-0.00141,-1.04885,-1.05853,25.00000,25.00000,168.23662,0.38013,0.07040,0.10488,0.00000,0.00000,0.19000,0.00000,none
7.13333,49.98321,36.76290,3.46911,-0.26298,-0.00140,-1.05300,-0.93578,25.00000,25.00000,168.23710,0.38012,0.07040,0.10530,0.00000,0.00000,0.18875,0.00000,none
7.13750,49.98354,36.76243,3.46942,-0.26295,-0.00139,-1.05665,-0.81275,25.00000,25.00000,168.23757,0.38010,0.07039,0.10566,0.00000,0.00000,0.18750,0.00000,none
7.14167,49.98387,36.76195,3.46972,-0.26292,-0.00138,-1.05978,-0.68946,25.00000,25.00000,168.23805,0.38008,0.07039,0.10598,0.00000,0.00000,0.18625,0.00000,none
7.14583,49.98420,36.76148,3.47002,-0.26290,-0.00138,-1.06239,-0.56596,25.00000,25.00000,168.23852,0.38006,0.07039,0.10624,0.00000,0.00000,0.18500,0.00000,none
7.15000,49.98453,36.76100,3.47032,-0.26287,-0.00137,-1.06449,-0.44226,25.00000,25.00000,168.23900,0.38005,0.07038,0.10645,0.00000,0.00000,0.18375,0.00000,none
7.15417,49.98485,36.76053,3.47062,-0.26284,-0.00136,-1.06608,-0.31840,25.00000,25.00000,168.23947,0.38003,0.07038,0.10661,0.00000,0.00000,0.18250,0.00000,none
7.15833,49.98518,36.76005,3.47091,-0.26282,-0.00135,-1.06714,-0.19440,25.00000,25.00000,168.23995,0.38001,0.07038,0.10671,0.00000,0.00000,0.18125,0.00000,none
7.16250,49.98550,36.75958,3.47121,-0.26279,-0.00134,-1.06770,-0.07030,25.00000,25.00000,168.24042,0.38000,0.07037,0.10677,0.00000,0.00000,0.18000,0.00000,none
7.16667,49.98582,36.75910,3.47151,-0.26277,-0.00133,-1.06773,0.05387,25.00000,25.00000,168.24090,0.37998,0.07037,0.10677,0.00000,0.00000,0.17875,0.00000,none
7.17083,49.98613,36.75862,3.47180,-0.26274,-0.00132,-1.06725,0.17810,25.00000,25.00000,168.24138,0.37996,0.07037,0.10672,0.00000,0.00000,0.17750,0.00000,none
7.17500,49.98645,36.75815,3.47210,-0.26272,-0.00132,-1.06625,0.30234,25.00000,25.00000,168.24185,0.37995,0.07037,0.10662,0.00000,0.00000,0.17625,0.00000,none
7.17917,49.98676,36.75767,3.47239,-0.26270,-0.00131,-1.06473,0.42657,25.00000,25.00000,168.24233,0.37993,0.07036,0.10647,0.00000,0.00000,0.17500,0.00000,none
7.18333,49.98707,36.75719,3.47268,-0.26267,-0.00130,-1.06269,0.55076,25.00000,25.00000,168.24281,0.37991,0.07036,0.10627,0.00000,0.00000,0.17375,0.00000,none
7.18750,49.98738,36.75671,3.47297,-0.26265,-0.00129,-1.06014,0.67488,25.00000,25.00000,168.24329,0.37989,0.07036,0.10601,0.00000,0.00000,0.17250,0.00000,none
7.19167,49.98769,36.75623,3.47326,-0.26263,-0.00128,-1.05707,0.79890,25.00000,25.00000,168.24377,0.37988,0.07035,0.10571,0.00000,0.00000,0.17125,0.00000,none
7.19583,49.98799,36.75575,3.47355,-0.26260,-0.00127,-1.05348,0.92280,25.00000,25.00000,168.24425,0.37986,0.07035,0.10535,0.00000,0.00000,0.17000,0.00000,none
7.20000,49.98830,36.75527,3.47384,-0.26258,-0.00126,-1.04938,1.04655,25.00000,25.00000,168.24473,0.37984,0.07035,0.10494,0.00000,0.00000,0.16875,0.00000,none
7.20417,49.98860,36.75478,3.47413,-0.26256,-0.00125,-1.04476,1.17011,25.00000,25.00000,168.24522,0.37983,0.07034,0.10448,0.00000,0.00000,0.16750,0.00000,none
7.20833,49.98890,36.75430,3.47442,-0.26254,-0.00124,-1.03962,1.29346,25.00000,25.00000,168.24570,0.37981,0.07034,0.10396,0.00000,0.00000,0.16625,0.00000,none
7.21250,49.98919,36.75381,3.47471,-0.26252,-0.00124,-1.03398,1.41657,25.00000,25.00000,168.24619,0.37979,0.07034,0.10340,0.00000,0.00000,0.16500,0.00000,none
7.21667,49.98949,36.75333,3.47500,-0.26249,-0.00123,-1.02782,1.53941,25.00000,25.00000,168.24667,0.37977,0.07033,0.10278,0.00000,0.00000,0.16375,0.00000,none
7.22083,49.98978,36.75284,3.47528,-0.26247,-0.00122,-1.02115,1.66195,25.00000,25.00000,168.24716,0.37976,0.07033,0.10212,0.00000,0.00000,0.16250,0.00000,none
7.22500,49.99007,36.75235,3.47557,-0.26245,-0.00121,-1.01397,1.78418,25.00000,25.00000,168.24765,0.37974,0.07033,0.10140,0.00000,0.00000,0.16125,0.00000,none
7.22917,49.99035,36.75186,3.47585,-0.26243,-0.00120,-1.00628,1.90605,25.00000,25.00000,168.24814,0.37972,0.07032,0.10063,0.00000,0.00000,0.16000,0.00000,none
7.23333,49.99064,36.75137,3.47614,-0.26241,-0.00119,-0.99809,2.02754,25.00000,25.00000,168.24863,0.37970,0.07032,0.09981,0.00000,0.00000,0.15875,0.00000,none
7.23750,49.99092,36.75088,3.47642,-0.26239,-0.00118,-0.98939,2.14863,25.00000,25.00000,168.24912,0.37969,0.07032,0.09894,0.00000,0.00000,0.15750,0.00000,none
7.24167,49.99120,36.75038,3.47670,-0.26238,-0.00117,-0.98018,2.26928,25.00000,25.00000,168.24962,0.37967,0.07031,0.09802,0.00000,0.00000,0.15625,0.00000,none
7.24583,49.99148,36.74989,3.47699,-0.26236,-0.00116,-0.97048,2.38947,25.00000,25.00000,168.25011,0.37965,0.07031,0.09705,0.00000,0.00000,0.15500,0.00000,none
7.25000,49.99175,36.74939,3.47727,-0.26234,-0.00115,-0.96027,2.50916,25.00000,25.00000,168.25061,0.37963,0.07031,0.09603,0.00000,0.00000,0.15375,0.00000,none
7.25417,49.99203,36.74889,3.47755,-0.26232,-0.00114,-0.94957,2.62835,25.00000,25.00000,168.25111,0.37961,0.07031,0.09496,0.00000,0.00000,0.15250,0.00000,none
7.25833,49.99230,36.74839,3.47783,-0.26230,-0.00113,-0.93837,2.74699,25.00000,25.00000,168.25161,0.37960,0.07030,0.09384,0.00000,0.00000,0.15125,0.00000,none
7.26250,49.99257,36.74789,3.47811,-0.26229,-0.00112,-0.92668,2.86505,25.00000,25.00000,168.25211,0.37958,0.07030,0.09267,0.00000,0.00000,0.15000,0.00000,none
7.26667,49.99283,36.74739,3.47839,-0.26227,-0.00111,-0.91449,2.98252,25.00000,25.00000,168.25261,0.37956,0.07030,0.09145,0.00000,0.00000,0.14875,0.00000,none
7.27083,49.99310,36.74688,3.47867,-0.26225,-0.00110,-0.90182,3.09937,25.00000,25.00000,168.25312,0.37954,0.07029,0.09018,0.00000,0.00000,0.14750,0.00000,none
7.27500,49.99336,36.74637,3.47895,-0.26224,-0.00109,-0.88867,3.21556,25.00000,25.00000,168.25363,0.37952,0.07029,0.08887,0.00000,0.00000,0.14625,0.00000,none
7.27917,49.99362,36.74587,3.47923,-0.26222,-0.00108,-0.87503,3.33108,25.00000,25.00000,168.25413,0.37951,0.07029,0.08750,0.00000,0.00000,0.14500,0.00000,none
7.28333,49.99388,36.74535,3.47951,-0.26220,-0.00107,-0.86091,3.44589,25.00000,25.00000,168.25465,0.37949,0.07028,0.08609,0.00000,0.00000,0.14375,0.00000,none
7.28750,49.99413,36.74484,3.47978,-0.26219,-0.00106,-0.84631,3.55997,25.00000,25.00000,168.25516,0.37947,0.07028,0.08463,0.00000,0.00000,0.14250,0.00000,none
7.29167,49.99438,36.74433,3.48006,-0.26217,-0.00105,-0.83124,3.67330,25.00000,25.00000,168.25567,0.37945,0.07028,0.08312,0.00000,0.00000,0.14125,0.00000,none
7.29583,49.99463,36.74381,3.48034,-0.26216,-0.00104,-0.81570,3.78584,25.00000,25.00000,168.25619,0.37943,0.07027,0.08157,0.00000,0.00000,0.14000,0.00000,none
7.30000,49.99488,36.74329,3.48061,-0.26214,-0.00103,-0.79969,3.89757,25.00000,25.00000,168.25671,0.37941,0.07027,0.07997,0.00000,0.00000,0.13875,0.00000,none
7.30417,49.99512,36.74277,3.48089,-0.26213,-0.00102,-0.78322,4.00846,25.00000,25.00000,168.25723,0.37940,0.07027,0.07832,0.00000,0.00000,0.13750,0.00000,none
7.30833,49.99537,36.74225,3.48117,-0.26212,-0.00101,-0.76629,4.11850,25.00000,25.00000,168.25775,0.37938,0.07026,0.07663,0.00000,0.00000,0.13625,0.00000,none
7.31250,49.99560,36.74172,3.48144,-0.26210,-0.00100,-0.74890,4.22765,25.00000,25.00000,168.25828,0.37936,0.07026,0.07489,0.00000,0.00000,0.13500,0.00000,none
7.31667,49.99584,36.74120,3.48172,-0.26209,-0.00099,-0.73106,4.33589,25.00000,25.00000,168.25880,0.37934,0.07026,0.07311,0.00000,0.00000,0.13375,0.00000,none
7.32083,49.99608,36.74067,3.48199,-0.26208,-0.00098,-0.71277,4.44319,25.00000,25.00000,168.25933,0.37932,0.07025,0.07128,0.00000,0.00000,0.13250,0.00000,none
7.32500,49.99631,36.74014,3.48227,-0.26206,-0.00097,-0.69404,4.54953,25.00000,25.00000,168.25986,0.37930,0.07025,0.06940,0.00000,0.00000,0.13125,0.00000,none
7.32917,49.99654,36.73960,3.48254,-0.26205,-0.00096,-0.67486,4.65488,25.00000,25.00000,168.26040,0.37928,0.07025,0.06749,0.00000,0.00000,0.13000,0.00000,none
7.33333,49.99677,36.73907,3.48281,-0.26204,-0.00095,-0.65525,4.75922,25.00000,25.00000,168.26093,0.37926,0.07024,0.06552,0.00000,0.00000,0.12875,0.00000,none
7.33750,49.99699,36.73853,3.48309,-0.26203,-0.00094,-0.63520,4.86252,25.00000,25.00000,168.26147,0.37924,0.07024,0.06352,0.00000,0.00000,0.12750,0.00000,none
7.34167,49.99721,36.73799,3.48336,-0.26202,-0.00093,-0.61473,4.96476,25.00000,25.00000,168.26201,0.37922,0.07023,0.06147,0.00000,0.00000,0.12625,0.00000,none
7.34583,49.99743,36.73744,3.48363,-0.26201,-0.00091,-0.59383,5.06592,25.00000,25.00000,168.26256,0.37920,0.07023,0.05938,0.00000,0.00000,0.12500,0.00000,none
7.35000,49.99765,36.73690,3.48391,-0.26200,-0.00090,-0.57251,5.16597,25.00000,25.00000,168.26310,0.37919,0.07023,0.05725,0.00000,0.00000,0.12375,0.00000,none
7.35417,49.99786,36.73635,3.48418,-0.26199,-0.00089,-0.55078,5.26489,25.00000,25.00000,168.26365,0.37917,0.07022,0.05508,0.00000,0.00000,0.12250,0.00000,none
7.35833,49.99808,36.73580,3.48445,-0.26197,-0.00088,-0.52864,5.36264,25.00000,25.00000,168.26420,0.37915,0.07022,0.05286,0.00000,0.00000,0.12125,0.00000,none
7.36250,49.99829,36.73525,3.48473,-0.26196,-0.00087,-0.50609,5.45922,25.00000,25.00000,168.26475,0.37913,0.07022,0.05061,0.00000,0.00000,0.12000,0.00000,none
7.36667,49.99849,36.73469,3.48500,-0.26196,-0.00086,-0.48315,5.55459,25.00000,25.00000,168.26531,0.37911,0.07021,0.04831,0.00000,0.00000,0.11875,0.00000,none
7.37083,49.99870,36.73413,3.48527,-0.26195,-0.00085,-0.45981,5.64874,25.00000,25.00000,168.26587,0.37909,0.07021,0.04598,0.00000,0.00000,0.11750,0.00000,none
7.37500,49.99890,36.73357,3.48554,-0.26194,-0.00084,-0.43608,5.74163,25.00000,25.00000,168.26643,0.37907,0.07021,0.04361,0.00000,0.00000,0.11625,0.00000,none
7.37917,49.99910,36.73301,3.48581,-0.26193,-0.00083,-0.41196,5.83326,25.00000,25.00000,168.26699,0.37905,0.07020,0.04120,0.00000,0.00000,0.11500,0.00000,none
7.38333,49.99929,36.73245,3.48608,-0.26192,-0.00082,-0.38747,5.92358,25.00000,25.00000,168.26755,0.37903,0.07020,0.03875,0.00000,0.00000,0.11375,0.00000,none
7.38750,49.99949,36.73188,3.48636,-0.26191,-0.00081,-0.36260,6.01259,25.00000,25.00000,168.26812,0.37901,0.07020,0.03626,0.00000,0.00000,0.11250,0.00000,none
7.39167,49.99968,36.73131,3.48663,-0.26190,-0.00080,-0.33736,6.10026,25.00000,25.00000,168.26869,0.37899,0.07019,0.03374,0.00000,0.00000,0.11125,0.00000,none
7.39583,49.99987,36.73073,3.48690,-0.26189,-0.00079,-0.31177,6.18656,25.00000,25.00000,168.26927,0.37896,0.07019,0.03118,0.00000,0.00000,0.11000,0.00000,none
7.40000,50.00005,36.73016,3.48717,-0.26189,-0.00077,-0.28581,6.27149,25.00000,25.00000,168.26984,0.37894,0.07018,0.02858,0.00000,0.00000,0.10875,0.00000,none
7.40417,50.00024,36.72958,3.48744,-0.26188,-0.00076,-0.25950,6.35500,25.00000,25.00000,168.27042,0.37892,0.07018,0.02595,0.00000,0.00000,0.10750,0.00000,none
7.40833,50.00042,36.72900,3.48771,-0.26187,-0.00075,-0.23285,6.43709,25.00000,25.00000,168.27100,0.37890,0.07018,0.02329,0.00000,0.00000,0.10625,0.00000,none
7.41250,50.00060,36.72841,3.48798,-0.26187,-0.00074,-0.20586,6.51774,25.00000,25.00000,168.27159,0.37888,0.07017,0.02059,0.00000,0.00000,0.10500,0.00000,none
7.41667,50.00077,36.72783,3.48825,-0.26186,-0.00073,-0.17854,6.59691,25.00000,25.00000,168.27217,0.37886,0.07017,0.01785,0.00000,0.00000,0.10375,0.00000,none
7.42083,50.00094,36.72724,3.48852,-0.26185,-0.00072,-0.15089,6.67460,25.00000,25.00000,168.27276,0.37884,0.07017,0.01509,0.00000,0.00000,0.10250,0.00000,none
7.42500,50.00112,36.72665,3.48879,-0.26185,-0.00071,-0.12292,6.75078,25.00000,25.00000,168.27335,0.37882,0.07016,0.01229,0.00000,0.00000,0.10125,0.00000,none
7.42917,50.00128,36.72605,3.48906,-0.26184,-0.00070,-0.09464,6.82543,25.00000,25.00000,168.27395,0.37880,0.07016,0.00946,0.00000,0.00000,0.10000,0.00000,none
7.43333,50.00145,36.72546,3.48933,-0.26183,-0.00069,-0.06604,6.89853,25.00000,25.00000,168.27454,0.37878,0.07015,0.00660,0.00000,0.00000,0.09875,0.00000,none
7.43750,50.00161,36.72486,3.48961,-0.26183,-0.00068,-0.03715,6.97007,25.00000,25.00000,168.27514,0.37875,0.07015,0.00372,0.00000,0.00000,0.09750,0.00000,none
7.44167,50.00177,36.72425,3.48988,-0.26182,-0.00066,-0.00796,7.04002,25.00000,25.00000,168.27575,0.37873,0.07015,0.00080,0.00000,0.00000,0.09625,0.00000,none
7.44583,50.00193,36.72365,3.49015,-0.26182,-0.00065,0.02151,7.10874,25.00000,25.00000,168.27635,0.37871,0.07014,0.00179,0.00000,0.00000,0.09500,0.00000,none
7.45000,50.00208,36.72304,3.49042,-0.26181,-0.00064,0.05127,7.17495,25.00000,25.00000,168.27696,0.37869,0.07014,0.00427,0.00000,0.00000,0.10000,0.00000,none
7.45417,50.00224,36.72244,3.49068,-0.26181,-0.00063,0.08131,7.24047,25.00000,25.00000,168.27756,0.37867,0.07013,0.00678,0.00000,0.00000,0.10000,0.00000,none
7.45833,50.00238,36.72183,3.49095,-0.26180,-0.00062,0.11161,7.30531,25.00000,25.00000,168.27817,0.37865,0.07013,0.00930,0.00000,0.00000,0.10000,0.00000,none
7.46250,50.00253,36.72122,3.49122,-0.26180,-0.00060,0.14218,7.36945,25.00000,25.00000,168.27878,0.37862,0.07013,0.01185,0.00000,0.00000,0.10000,0.00000,none
7.46667,50.00267,36.72060,3.49149,-0.26180,-0.00059,0.17302,7.43291,25.00000,25.00000,168.27940,0.37860,0.07012,0.01442,0.00000,0.00000,0.10000,0.00000,none
7.47083,50.00281,36.71999,3.49175,-0.26179,-0.00057,0.20412,7.49567,25.00000,25.00000,168.28001,0.37858,0.07012,0.01701,0.00000,0.00000,0.10000,0.00000,none
7.47500,50.00294,36.71937,3.49202,-0.26179,-0.00056,0.23548,7.55774,25.00000,25.00000,168.28063,0.37856,0.07012,0.01962,0.00000,0.00000,0.10000,0.00000,none
7.47917,50.00308,36.71875,3.49228,-0.26179,-0.00054,0.26710,7.61912,25.00000,25.00000,168.28125,0.37854,0.07011,0.02226,0.00000,0.00000,0.10000,0.00000,none
7.48333,50.00320,36.71812,3.49255,-0.26179,-0.00053,0.29897,7.67980,25.00000,25.00000,168.28188,0.37851,0.07011,0.02491,0.00000,0.00000,0.10000,0.00000,none
7.48750,50.00333,36.71750,3.49281,-0.26178,-0.00051,0.33110,7.73979,25.00000,25.00000,168.28250,0.37849,0.07010,0.02759,0.00000,0.00000,0.10000,0.00000,none
7.49167,50.00345,36.71687,3.49307,-0.26178,-0.00050,0.36347,7.79908,25.00000,25.00000,168.28313,0.37847,0.07010,0.03029,0.00000,0.00000,0.10000,0.00000,none
7.49583,50.00357,36.71623,3.49333,-0.26178,-0.00048,0.39609,7.85768,25.00000,25.00000,168.28377,0.37845,0.07009,0.03301,0.00000,0.00000,0.10000,0.00000,none
7.50000,50.00368,36.71560,3.49360,-0.26178,-0.00047,0.42895,7.91558,25.00000,25.00000,168.28440,0.37842,0.07009,0.03575,0.00000,0.00000,0.10000,0.00000,none
7.50417,50.00379,36.71496,3.49386,-0.26179,-0.00045,0.46205,7.97279,25.00000,25.00000,168.28504,0.37840,0.07009,0.03850,0.00000,0.00000,0.10000,0.00000,none
7.50833,50.00390,36.71432,3.49412,-0.26179,-0.00044,0.49539,8.02930,25.00000,25.00000,168.28568,0.37838,0.07008,0.04128,0.00000,0.00000,0.10000,0.00000,none
7.51250,50.00400,36.71367,3.49438,-0.26179,-0.00042,0.52896,8.08511,25.00000,25.00000,168.28633,0.37835,0.07008,0.04408,0.00000,0.00000,0.10000,0.00000,none
7.51667,50.00410,36.71303,3.49463,-0.26179,-0.00040,0.56277,8.14022,25.00000,25.00000,168.28697,0.37833,0.07007,0.04690,0.00000,0.00000,0.10000,0.00000,none
7.52083,50.00419,36.71238,3.49489,-0.26179,-0.00039,0.59680,8.19464,25.00000,25.00000,168.28762,0.37831,0.07007,0.04973,0.00000,0.00000,0.10000,0.00000,none
7.52500,50.00428,36.71172,3.49515,-0.26180,-0.00037,0.63105,8.24837,25.00000,25.00000,168.28828,0.37828,0.07007,0.05259,0.00000,0.00000,0.10000,0.00000,none
7.52917,50.00437,36.71107,3.49541,-0.26180,-0.00036,0.66553,8.30140,25.00000,25.00000,168.28893,0.37826,0.07006,0.05546,0.00000,0.00000,0.10000,0.00000,none
7.53333,50.00445,36.71041,3.49566,-0.26181,-0.00034,0.70023,8.35373,25.00000,25.00000,168.28959,0.37824,0.07006,0.05835,0.00000,0.00000,0.10000,0.00000,none
7.53750,50.00453,36.70975,3.49592,-0.26181,-0.00032,0.73515,8.40536,25.00000,25.00000,168.29025,0.37821,0.07005,0.06126,0.00000,0.00000,0.10000,0.00000,none
7.54167,50.00461,36.70908,3.49617,-0.26182,-0.00031,0.77027,8.45630,25.00000,25.00000,168.29092,0.37819,0.07005,0.06419,0.00000,0.00000,0.10000,0.00000,none
7.54583,50.00468,36.70842,3.49642,-0.26182,-0.00029,0.80561,8.50655,25.00000,25.00000,168.29158,0.37817,0.07004,0.06713,0.00000,0.00000,0.10000,0.00000,none
7.55000,50.00475,36.70775,3.49668,-0.26183,-0.00028,0.84116,8.55610,25.00000,25.00000,168.29225,0.37814,0.07004,0.07010,0.00000,0.00000,0.10000,0.00000,none
7.55417,50.00481,36.70708,3.49693,-0.26183,-0.00026,0.87691,8.60496,25.00000,25.00000,168.29292,0.37812,0.07004,0.07308,0.00000,0.00000,0.10000,0.00000,none
7.55833,50.00487,36.70641,3.49718,-0.26184,-0.00025,0.91287,8.65313,25.00000,25.00000,168.29359,0.37809,0.07003,0.07607,0.00000,0.00000,0.10000,0.00000,none
7.56250,50.00493,36.70573,3.49743,-0.26185,-0.00023,0.94902,8.70060,25.00000,25.00000,168.29427,0.37807,0.07003,0.07909,0.00000,0.00000,0.10000,0.00000,none
7.56667,50.00498,36.70505,3.49768,-0.26185,-0.00021,0.98537,8.74738,25.00000,25.00000,168.29495,0.37805,0.07002,0.08211,0.00000,0.00000,0.10000,0.00000,none
7.57083,50.00503,36.70437,3.49793,-0.26186,-0.00020,1.02192,8.79348,25.00000,25.00000,168.29563,0.37802,0.07002,0.08516,0.00000,0.00000,0.10000,0.00000,none
7.57500,50.00507,36.70369,3.49818,-0.26187,-0.00018,1.05865,8.83888,25.00000,25.00000,168.29631,0.37800,0.07001,0.08822,0.00000,0.00000,0.10000,0.00000,none
7.57917,50.00512,36.70300,3.49843,-0.26188,-0.00017,1.09557,8.88359,25.00000,25.00000,168.29700,0.37797,0.07001,0.09130,0.00000,0.00000,0.10000,0.00000,none
7.58333,50.00515,36.70232,3.49868,-0.26189,-0.00015,1.13268,8.92762,25.00000,25.00000,168.29768,0.37795,0.07001,0.09439,0.00000,0.00000,0.10000,0.00000,none
7.58750,50.00519,36.70163,3.49892,-0.26190,-0.00014,1.16997,8.97096,25.00000,25.00000,168.29837,0.37792,0.07000,0.09750,0.00000,0.00000,0.10000,0.00000,none
7.59167,50.00522,36.70094,3.49917,-0.26190,-0.00012,1.20744,9.01362,25.00000,25.00000,168.29906,0.37790,0.07000,0.10062,0.00000,0.00000,0.10000,0.00000,none
7.59583,50.00525,36.70024,3.49942,-0.26191,-0.00010,1.24508,9.05559,25.00000,25.00000,168.29976,0.37787,0.06999,0.10376,0.00000,0.00000,0.10000,0.00000,none
7.60000,50.00527,36.69955,3.49966,-0.26192,-0.00009,1.28290,9.09689,25.00000,25.00000,168.30045,0.37785,0.06999,0.10691,0.00000,0.00000,0.10000,0.00000,none
7.60417,50.00529,36.69885,3.49991,-0.26193,-0.00007,1.32089,9.13750,25.00000,25.00000,168.30115,0.37782,0.06998,0.11007,0.00000,0.00000,0.10000,0.00000,none
7.60833,50.00531,36.69815,3.50015,-0.26194,-0.00006,1.35904,9.17743,25.00000,25.00000,168.30185,0.37780,0.06998,0.11325,0.00000,0.00000,0.10000,0.00000,none
7.61250,50.00532,36.69745,3.50039,-0.26196,-0.00004,1.39737,9.21668,25.00000,25.00000,168.30255,0.37777,0.06997,0.11645,0.00000,0.00000,0.10000,0.00000,none
7.61667,50.00533,36.69675,3.50063,-0.26197,-0.00003,1.43585,9.25526,25.00000,25.00000,168.30325,0.37775,0.06997,0.11965,0.00000,0.00000,0.10000,0.00000,none
7.62083,50.00533,36.69604,3.50087,-0.26198,-0.00001,1.47449,9.29317,25.00000,25.00000,168.30396,0.37772,0.06997,0.12287,0.00000,0.00000,0.10000,0.00000,none
7.62500,50.00533,36.69534,3.50112,-0.26199,0.00000,1.51329,9.33040,25.00000,25.00000,168.30466,0.37770,0.06996,0.12611,0.00000,0.00000,0.10000,0.00000,none
7.62917,50.00533,36.69463,3.50136,-0.26200,0.00002,1.55224,9.36696,25.00000,25.00000,168.30537,0.37767,0.06996,0.12935,0.00000,0.00000,0.10000,0.00000,none
7.63333,50.00532,36.69392,3.50159,-0.26201,0.00003,1.59135,9.40285,25.00000,25.00000,168.30608,0.37765,0.06995,0.13261,0.00000,0.00000,0.10000,0.00000,none
7.63750,50.00531,36.69321,3.50183,-0.26202,0.00005,1.63060,9.43808,25.00000,25.00000,168.30679,0.37762,0.06995,0.13588,0.00000,0.00000,0.10000,0.00000,none
7.64167,50.00530,36.69250,3.50207,-0.26204,0.00006,1.67000,9.47264,25.00000,25.00000,168.30750,0.37760,0.06994,0.13917,0.00000,0.00000,0.10000,0.00000,none
7.64583,50.00528,36.69178,3.50231,-0.26205,0.00008,1.70954,9.50654,25.00000,25.00000,168.30822,0.37757,0.06994,0.14246,0.00000,0.00000,0.10000,0.00000,none
7.65000,50.00526,36.69107,3.50254,-0.26206,0.00009,1.74922,9.53977,25.00000,25.00000,168.30893,0.37755,0.06993,0.14577,0.00000,0.00000,0.10000,0.00000,none
7.65417,50.00524,36.69035,3.50278,-0.26207,0.00011,1.78903,9.57235,25.00000,25.00000,168.30965,0.37752,0.06993,0.14909,0.00000,0.00000,0.10000,0.00000,none
7.65833,50.00521,36.68963,3.50301,-0.26209,0.00012,1.82899,9.60427,25.00000,25.00000,168.31037,0.37749,0.06992,0.15242,0.00000,0.00000,0.10000,0.00000,none
7.66250,50.00518,36.68891,3.50325,-0.26210,0.00014,1.86907,9.63554,25.00000,25.00000,168.31109,0.37747,0.06992,0.15576,0.00000,0.00000,0.10000,0.00000,none
7.66667,50.00515,36.68819,3.50348,-0.26211,0.00015,1.90928,9.66616,25.00000,25.00000,168.31181,0.37744,0.06991,0.15911,0.00000,0.00000,0.10000,0.00000,none
7.67083,50.00511,36.68746,3.50372,-0.26213,0.00017,1.94962,9.69612,25.00000,25.00000,168.31254,0.37742,0.06991,0.16247,0.00000,0.00000,0.10000,0.00000,none
7.67500,50.00507,36.68674,3.50395,-0.26214,0.00018,1.99008,9.72544,25.00000,25.00000,168.31326,0.37739,0.06991,0.16584,0.00000,0.00000,0.10000,0.00000,none
7.67917,50.00502,36.68601,3.50418,-0.26215,0.00020,2.03066,9.75412,25.00000,25.00000,168.31399,0.37736,0.06990,0.16922,0.00000,0.00000,0.10000,0.00000,none
7.68333,50.00497,36.68529,3.50441,-0.26217,0.00021,2.07137,9.78215,25.00000,25.00000,168.31471,0.37734,0.06990,0.17261,0.00000,0.00000,0.10000,0.00000,none
7.68750,50.00492,36.68456,3.50464,-0.26218,0.00022,2.11218,9.80954,25.00000,25.00000,168.31544,0.37731,0.06989,0.17602,0.00000,0.00000,0.10000,0.00000,none
7.69167,50.00487,36.68383,3.50487,-0.26220,0.00024,2.15311,9.83630,25.00000,25.00000,168.31617,0.37729,0.06989,0.17943,0.00000,0.00000,0.10000,0.00000,none
7.69583,50.00481,36.68310,3.50510,-0.26221,0.00025,2.19415,9.86242,25.00000,25.00000,168.31690,0.37726,0.06988,0.18285,0.00000,0.00000,0.10000,0.00000,none
7.70000,50.00475,36.68237,3.50533,-0.26222,0.00027,2.23530,9.88791,25.00000,25.00000,168.31763,0.37723,0.06988,0.18627,0.00000,0.00000,0.10000,0.00000,none
7.70417,50.00468,36.68163,3.50555,-0.26224,0.00028,2.27655,9.91277,25.00000,25.00000,168.31837,0.37721,0.06987,0.18971,0.00000,0.00000,0.10000,0.00000,none
7.70833,50.00461,36.68090,3.50578,-0.26225,0.00030,2.31790,9.93701,25.00000,25.00000,168.31910,0.37718,0.06987,0.19316,0.00000,0.00000,0.10000,0.00000,none
7.71250,50.00454,36.68016,3.50600,-0.26227,0.00031,2.35936,9.96062,25.00000,25.00000,168.31984,0.37716,0.06986,0.19661,0.00000,0.00000,0.10000,0.00000,none
7.71667,50.00446,36.67943,3.50623,-0.26228,0.00032,2.40091,9.98361,25.00000,25.00000,168.32057,0.37713,0.06986,0.20008,0.00000,0.00000,0.10000,0.00000,none
7.72083,50.00438,36.67869,3.50645,-0.26230,0.00034,2.44255,10.00599,25.00000,25.00000,168.32131,0.37710,0.06985,0.20355,0.00000,0.00000,0.10000,0.00000,none
7.72500,50.00430,36.67795,3.50668,-0.26231,0.00035,2.48429,10.02775,25.00000,25.00000,168.32205,0.37708,0.06985,0.20702,0.00000,0.00000,0.10000,0.00000,none
7.72917,50.00422,36.67721,3.50690,-0.26233,0.00037,2.52612,10.04889,25.00000,25.00000,168.32279,0.37705,0.06984,0.21051,0.00000,0.00000,0.10000,0.00000,none
7.73333,50.00413,36.67647,3.50712,-0.26234,0.00038,2.56803,10.06943,25.00000,25.00000,168.32353,0.37702,0.06984,0.21400,0.00000,0.00000,0.10000,0.00000,none
7.73750,50.00403,36.67573,3.50734,-0.26236,0.00039,2.61003,10.08937,25.00000,25.00000,168.32427,0.37700,0.06984,0.21750,0.00000,0.00000,0.10000,0.00000,none
7.74167,50.00394,36.67499,3.50756,-0.26237,0.00041,2.65211,10.10870,25.00000,25.00000,168.32501,0.37697,0.06983,0.22101,0.00000,0.00000,0.10000,0.00000,none
7.74583,50.00384,36.67425,3.50778,-0.26239,0.00042,2.69426,10.12743,25.00000,25.00000,168.32575,0.37694,0.06983,0.22452,0.00000,0.00000,0.10000,0.00000,none
7.75000,50.00374,36.67350,3.50800,-0.26240,0.00043,2.73650,10.14557,25.00000,25.00000,168.32650,0.37692,0.06982,0.22804,0.00000,0.00000,0.10000,0.00000,none
7.75417,50.00363,36.67276,3.50822,-0.26242,0.00045,2.77881,10.16311,25.00000,25.00000,168.32724,0.37689,0.06982,0.23157,0.00000,0.00000,0.10000,0.00000,none
7.75833,50.00352,36.67202,3.50844,-0.26244,0.00046,2.82119,10.18006,25.00000,25.00000,168.32798,0.37686,0.06981,0.23510,0.00000,0.00000,0.10000,0.00000,none
7.76250,50.00341,36.67127,3.50866,-0.26245,0.00048,2.86364,10.19643,25.00000,25.00000,168.32873,0.37684,0.06981,0.23864,0.00000,0.00000,0.10000,0.00000,none
7.76667,50.00330,36.67052,3.50887,-0.26247,0.00049,2.90616,10.21222,25.00000,25.00000,168.32948,0.37681,0.06980,0.24218,0.00000,0.00000,0.10000,0.00000,none
7.77083,50.00318,36.66978,3.50909,-0.26248,0.00050,2.94874,10.22742,25.00000,25.00000,168.33022,0.37678,0.06980,0.24573,0.00000,0.00000,0.10000,0.00000,none
7.77500,50.00306,36.66903,3.50930,-0.26250,0.00052,2.99139,10.24205,25.00000,25.00000,168.33097,0.37676,0.06979,0.24928,0.00000,0.00000,0.10000,0.00000,none
7.77917,50.00293,36.66828,3.50952,-0.26251,0.00053,3.03409,10.25610,25.00000,25.00000,168.33172,0.37673,0.06979,0.25284,0.00000,0.00000,0.10000,0.00000,none
7.78333,50.00280,36.66753,3.50973,-0.26253,0.00054,3.07686,10.26959,25.00000,25.00000,168.33247,0.37670,0.06978,0.25640,0.00000,0.00000,0.10000,0.00000,none
7.78750,50.00267,36.66678,3.50994,-0.26255,0.00055,3.11967,10.28251,25.00000,25.00000,168.33322,0.37668,0.06978,0.25997,0.00000,0.00000,0.10000,0.00000,none
7.79167,50.00254,36.66603,3.51016,-0.26256,0.00057,3.16254,10.29487,25.00000,25.00000,168.33397,0.37665,0.06977,0.26355,0.00000,0.00000,0.10000,0.00000,none
7.79583,50.00240,36.66528,3.51037,-0.26258,0.00058,3.20546,10.30667,25.00000,25.00000,168.33472,0.37662,0.06977,0.26712,0.00000,0.00000,0.10000,0.00000,none
7.80000,50.00226,36.66453,3.51058,-0.26259,0.00059,3.24843,10.31791,25.00000,25.00000,168.33547,0.37660,0.06976,0.27070,0.00000,0.00000,0.10000,0.00000,none
7.80417,50.00212,36.66378,3.51079,-0.26261,0.00061,3.29144,10.32860,25.00000,25.00000,168.33622,0.37657,0.06976,0.27429,0.00000,0.00000,0.10000,0.00000,none
7.80833,50.00197,36.66303,3.51100,-0.26263,0.00062,3.33450,10.33875,25.00000,25.00000,168.33697,0.37654,0.06975,0.27788,0.00000,0.00000,0.10000,0.00000,none
7.81250,50.00183,36.66228,3.51121,-0.26264,0.00063,3.37760,10.34834,25.00000,25.00000,168.33772,0.37652,0.06975,0.28147,0.00000,0.00000,0.10000,0.00000,none
7.81667,50.00167,36.66153,3.51141,-0.26266,0.00064,3.42074,10.35740,25.00000,25.00000,168.33847,0.37649,0.06974,0.28506,0.00000,0.00000,0.10000,0.00000,none
7.82083,50.00152,36.66077,3.51162,-0.26267,0.00066,3.46391,10.36592,25.00000,25.00000,168.33923,0.37646,0.06974,0.28866,0.00000,0.00000,0.10000,0.00000,none
7.82500,50.00136,36.66002,3.51183,-0.26269,0.00067,3.50712,10.37391,25.00000,25.00000,168.33998,0.37643,0.06973,0.29226,0.00000,0.00000,0.10000,0.00000,none
7.82917,50.00120,36.65927,3.51203,-0.26271,0.00068,3.55036,10.38136,25.00000,25.00000,168.34073,0.37641,0.06973,0.29586,0.00000,0.00000,0.10000,0.00000,none
7.83333,50.00104,36.65851,3.51224,-0.26272,0.00069,3.59363,10.38829,25.00000,25.00000,168.34149,0.37638,0.06972,0.29947,0.00000,0.00000,0.10000,0.00000,none
7.83750,50.00087,36.65776,3.51244,-0.26274,0.00070,3.63693,10.39470,25.00000,25.00000,168.34224,0.37635,0.06972,0.30308,0.00000,0.00000,0.10000,0.00000,none
7.84167,50.00070,36.65701,3.51264,-0.26275,0.00072,3.68025,10.40059,25.00000,25.00000,168.34299,0.37633,0.06972,0.30669,0.00000,0.00000,0.10000,0.00000,none
7.84583,50.00053,36.65625,3.51285,-0.26277,0.00073,3.72360,10.40597,25.00000,25.00000,168.34375,0.37630,0.06971,0.31030,0.00000,0.00000,0.10000,0.00000,none
7.85000,50.00035,36.65550,3.51305,-0.26279,0.00074,3.76697,10.41083,25.00000,25.00000,168.34450,0.37627,0.06971,0.31391,0.00000,0.00000,0.10000,0.00000,none
7.85417,50.00017,36.65475,3.51325,-0.26280,0.00075,3.81035,10.41518,25.00000,25.00000,168.34525,0.37625,0.06970,0.31753,0.00000,0.00000,0.10000,0.00000,none
7.85833,49.99999,36.65399,3.51345,-0.26282,0.00076,3.85376,10.41904,25.00000,25.00000,168.34601,0.37622,0.06970,0.32115,0.00000,0.00000,0.10000,0.00000,none
7.86250,49.99981,36.65324,3.51365,-0.26283,0.00078,3.89718,10.42239,25.00000,25.00000,168.34676,0.37619,0.06969,0.32476,0.00000,0.00000,0.10000,0.00000,none
7.86667,49.99962,36.65248,3.51385,-0.26285,0.00079,3.94061,10.42524,25.00000,25.00000,168.34752,0.37616,0.06969,0.32838,0.00000,0.00000,0.10000,0.00000,none
7.87083,49.99944,36.65173,3.51405,-0.26287,0.00080,3.98406,10.42761,25.00000,25.00000,168.34827,0.37614,0.06968,0.33200,0.00000,0.00000,0.10000,0.00000,none
7.87500,49.99924,36.65097,3.51424,-0.26288,0.00081,4.02751,10.42949,25.00000,25.00000,168.34903,0.37611,0.06968,0.33563,0.00000,0.00000,0.10000,0.00000,none
7.87917,49.99905,36.65022,3.51444,-0.26290,0.00082,4.07097,10.43088,25.00000,25.00000,168.34978,0.37608,0.06967,0.33925,0.00000,0.00000,0.10000,0.00000,none
7.88333,49.99885,36.64946,3.51463,-0.26291,0.00083,4.11443,10.43179,25.00000,25.00000,168.35054,0.37606,0.06967,0.34287,0.00000,0.00000,0.10000,0.00000,none
7.88750,49.99865,36.64871,3.51483,-0.26293,0.00084,4.15790,10.43223,25.00000,25.00000,168.35129,0.37603,0.06966,0.34649,0.00000,0.00000,0.10000,0.00000,none
7.89167,49.99845,36.64796,3.51502,-0.26295,0.00085,4.20137,10.43219,25.00000,25.00000,168.35204,0.37600,0.06966,0.35011,0.00000,0.00000,0.10000,0.00000,none
7.89583,49.99824,36.64720,3.51522,-0.26296,0.00087,4.24483,10.43169,25.00000,25.00000,168.35280,0.37598,0.06965,0.35374,0.00000,0.00000,0.10000,0.00000,none
7.90000,49.99804,36.64645,3.51541,-0.26298,0.00088,4.28830,10.43072,25.00000,25.00000,168.35355,0.37595,0.06965,0.35736,0.00000,0.00000,0.10000,0.00000,none
7.90417,49.99783,36.64570,3.51560,-0.26299,0.00089,4.33175,10.42929,25.00000,25.00000,168.35430,0.37592,0.06964,0.36098,0.00000,0.00000,0.10000,0.00000,none
7.90833,49.99761,36.64494,3.51579,-0.26301,0.00090,4.37521,10.42740,25.00000,25.00000,168.35506,0.37589,0.06964,0.36460,0.00000,0.00000,0.10000,0.00000,none
7.91250,49.99740,36.64419,3.51598,-0.26302,0.00091,4.41865,10.42506,25.00000,25.00000,168.35581,0.37587,0.06963,0.36822,0.00000,0.00000,0.10000,0.00000,none
7.91667,49.99718,36.64344,3.51617,-0.26304,0.00092,4.46208,10.42227,25.00000,25.00000,168.35656,0.37584,0.06963,0.37184,0.00000,0.00000,0.10000,0.00000,none
7.92083,49.99696,36.64268,3.51636,-0.26306,0.00093,4.50550,10.41904,25.00000,25.00000,168.35732,0.37581,0.06962,0.37546,0.00000,0.00000,0.10000,0.00000,none
7.92500,49.99673,36.64193,3.51655,-0.26307,0.00094,4.54891,10.41537,25.00000,25.00000,168.35807,0.37579,0.06962,0.37908,0.00000,0.00000,0.10000,0.00000,none
7.92917,49.99651,36.64118,3.51674,-0.26309,0.00095,4.59230,10.41126,25.00000,25.00000,168.35882,0.37576,0.06961,0.38269,0.00000,0.00000,0.10000,0.00000,none
7.93333,49.99628,36.64043,3.51693,-0.26310,0.00096,4.63567,10.40672,25.00000,25.00000,168.35957,0.37573,0.06961,0.38631,0.00000,0.00000,0.10000,0.00000,none
7.93750,49.99605,36.63968,3.51711,-0.26312,0.00097,4.67902,10.40175,25.00000,25.00000,168.36032,0.37571,0.06960,0.38992,0.00000,0.00000,0.10000,0.00000,none
7.94167,49.99582,36.63893,3.51730,-0.26313,0.00098,4.72235,10.39635,25.00000,25.00000,168.36107,0.37568,0.06960,0.39353,0.00000,0.00000,0.10000,0.00000,none
7.94583,49.99558,36.63817,3.51748,-0.26315,0.00099,4.76565,10.39054,25.00000,25.00000,168.36183,0.37565,0.06960,0.39714,0.00000,0.00000,0.10000,0.00000,none
7.95000,49.99534,36.63742,3.51767,-0.26316,0.00100,4.80893,10.38430,25.00000,25.00000,168.36258,0.37563,0.06959,0.40074,0.00000,0.00000,0.10000,0.00000,none
7.95417,49.99510,36.63668,3.51785,-0.26318,0.00101,4.85219,10.37766,25.00000,25.00000,168.36332,0.37560,0.06959,0.40435,0.00000,0.00000,0.10000,0.00000,none
7.95833,49.99486,36.63593,3.51803,-0.26319,0.00102,4.89541,10.37060,25.00000,25.00000,168.36407,0.37557,0.06958,0.40795,0.00000,0.00000,0.10000,0.00000,none
7.96250,49.99462,36.63518,3.51821,-0.26321,0.00103,4.93861,10.36315,25.00000,25.00000,168.36482,0.37555,0.06958,0.41155,0.00000,0.00000,0.10000,0.00000,none
7.96667,49.99437,36.63443,3.51839,-0.26322,0.00104,4.98177,10.35529,25.00000,25.00000,168.36557,0.37552,0.06957,0.41515,0.00000,0.00000,0.10000,0.00000,none
7.97083,49.99412,36.63368,3.51857,-0.26324,0.00105,5.02490,10.34703,25.00000,25.00000,168.36632,0.37549,0.06957,0.41874,0.00000,0.00000,0.10000,0.00000,none
7.97500,49.99387,36.63293,3.51875,-0.26325,0.00106,5.06800,10.33838,25.00000,25.00000,168.36707,0.37547,0.06956,0.42233,0.00000,0.00000,0.10000,0.00000,none
7.97917,49.99362,36.63219,3.51893,-0.26327,0.00107,5.11106,10.32935,25.00000,25.00000,168.36781,0.37544,0.06956,0.42592,0.00000,0.00000,0.10000,0.00000,none
7.98333,49.99336,36.63144,3.51911,-0.26328,0.00108,5.15407,10.31992,25.00000,25.00000,168.36856,0.37541,0.06955,0.42951,0.00000,0.00000,0.10000,0.00000,none
7.98750,49.99310,36.63070,3.51929,-0.26330,0.00109,5.19705,10.31012,25.00000,25.00000,168.36930,0.37539,0.06955,0.43309,0.00000,0.00000,0.10000,0.00000,none
7.99167,49.99284,36.62995,3.51946,-0.26331,0.00110,5.23999,10.29994,25.00000,25.00000,168.37005,0.37536,0.06954,0.43667,0.00000,0.00000,0.10000,0.00000,none
7.99583,49.99258,36.62921,3.51964,-0.26333,0.00110,5.28289,10.28939,25.00000,25.00000,168.37079,0.37533,0.06954,0.44024,0.00000,0.00000,0.10000,0.00000,none
8.00000,49.99231,36.62847,3.51981,-0.26334,0.00111,5.32574,10.27847,25.00000,25.00000,168.37153,0.37531,0.06953,0.44381,0.00000,0.00000,0.10000,0.00000,none
8.00417,49.99205,36.62772,3.51999,-0.26335,0.00112,5.36854,10.26719,25.00000,25.00000,168.37228,0.37528,0.06953,0.44738,0.00000,0.00000,0.10000,0.00000,none
8.00833,49.99178,36.62698,3.52016,-0.26337,0.00113,5.41130,10.25554,25.00000,25.00000,168.37302,0.37525,0.06952,0.45094,0.00000,0.00000,0.10000,0.00000,none
8.01250,49.99151,36.62624,3.52033,-0.26338,0.00114,5.45400,10.24354,25.00000,25.00000,168.37376,0.37523,0.06952,0.45450,0.00000,0.00000,0.10000,0.00000,none
8.01667,49.99123,36.62550,3.52051,-0.26340,0.00115,5.49666,10.23119,25.00000,25.00000,168.37450,0.37520,0.06951,0.45805,0.00000,0.00000,0.10000,0.00000,none
8.02083,49.99096,36.62476,3.52068,-0.26341,0.00116,5.53926,10.21849,25.00000,25.00000,168.37524,0.37517,0.06951,0.46161,0.00000,0.00000,0.10000,0.00000,none
8.02500,49.99068,36.62402,3.52085,-0.26342,0.00117,5.58181,10.20544,25.00000,25.00000,168.37598,0.37515,0.06951,0.46515,0.00000,0.00000,0.10000,0.00000,none
8.02917,49.99040,36.62329,3.52102,-0.26344,0.00117,5.62431,10.19205,25.00000,25.00000,168.37671,0.37512,0.06950,0.46869,0.00000,0.00000,0.10000,0.00000,none
8.03333,49.99012,36.62255,3.52119,-0.26345,0.00118,5.66674,10.17832,25.00000,25.00000,168.37745,0.37509,0.06950,0.47223,0.00000,0.00000,0.10000,0.00000,none
8.03750,49.98984,36.62181,3.52135,-0.26347,0.00119,5.70913,10.16426,25.00000,25.00000,168.37819,0.37507,0.06949,0.47576,0.00000,0.00000,0.10000,0.00000,none
8.04167,49.98955,36.62108,3.52152,-0.26348,0.00120,5.75145,10.14988,25.00000,25.00000,168.37892,0.37504,0.06949,0.47929,0.00000,0.00000,0.10000,0.00000,none
8.04583,49.98926,36.62034,3.52169,-0.26349,0.00121,5.79371,10.13516,25.00000,25.00000,168.37966,0.37501,0.06948,0.48281,0.00000,0.00000,0.10000,0.00000,none
8.05000,49.98898,36.61961,3.52185,-0.26351,0.00121,5.83591,10.12013,25.00000,25.00000,168.38039,0.37499,0.06948,0.48633,0.00000,0.00000,0.10000,0.00000,none
8.05417,49.98869,36.61888,3.52202,-0.26352,0.00122,5.87804,10.10478,25.00000,25.00000,168.38112,0.37496,0.06947,0.48984,0.00000,0.00000,0.10000,0.00000,none
8.05833,49.98839,36.61815,3.52218,-0.26353,0.00123,5.92011,10.08911,25.00000,25.00000,168.38185,0.37494,0.06947,0.49334,0.00000,0.00000,0.10000,0.00000,none
8.06250,49.98810,36.61742,3.52235,-0.26354,0.00124,5.96212,10.07313,25.00000,25.00000,168.38258,0.37491,0.06946,0.49684,0.00000,0.00000,0.10000,0.00000,none
8.06667,49.98780,36.61669,3.52251,-0.26356,0.00125,6.00405,10.05685,25.00000,25.00000,168.38331,0.37488,0.06946,0.50034,0.00000,0.00000,0.10000,0.00000,none
8.07083,49.98750,36.61596,3.52267,-0.26357,0.00125,6.04592,10.04027,25.00000,25.00000,168.38404,0.37486,0.06945,0.50383,0.00000,0.00000,0.10000,0.00000,none
8.07500,49.98720,36.61523,3.52283,-0.26358,0.00126,6.08772,10.02339,25.00000,25.00000,168.38477,0.37483,0.06945,0.50731,0.00000,0.00000,0.10000,0.00000,none
8.07917,49.98690,36.61451,3.52299,-0.26360,0.00127,6.12945,10.00621,25.00000,25.00000,168.38549,0.37481,0.06944,0.51079,0.00000,0.00000,0.10000,0.00000,none
8.08333,49.98660,36.61378,3.52315,-0.26361,0.00127,6.17111,9.98874,25.00000,25.00000,168.38622,0.37478,0.06944,0.51426,0.00000,0.00000,0.10000,0.00000,none
8.08750,49.98629,36.61306,3.52331,-0.26362,0.00128,6.21269,9.97099,25.00000,25.00000,168.38694,0.37475,0.06944,0.51772,0.00000,0.00000,0.10000,0.00000,none
8.09167,49.98599,36.61233,3.52347,-0.26363,0.00129,6.25420,9.95295,25.00000,25.00000,168.38767,0.37473,0.06943,0.52118,0.00000,0.00000,0.10000,0.00000,none
8.09583,49.98568,36.61161,3.52363,-0.26365,0.00130,6.29563,9.93464,25.00000,25.00000,168.38839,0.37470,0.06943,0.52464,0.00000,0.00000,0.10000,0.00000,none
8.10000,49.98537,36.61089,3.52379,-0.26366,0.00130,6.33699,9.91604,25.00000,25.00000,168.38911,0.37468,0.06942,0.52808,0.00000,0.00000,0.10000,0.00000,none
8.10417,49.98506,36.61017,3.52394,-0.26367,0.00131,6.37826,9.89718,25.00000,25.00000,168.38983,0.37465,0.06942,0.53152,0.00000,0.00000,0.10000,0.00000,none
8.10833,49.98474,36.60945,3.52410,-0.26368,0.00132,6.41946,9.87805,25.00000,25.00000,168.39055,0.37462,0.06941,0.53496,0.00000,0.00000,0.10000,0.00000,none
8.11250,49.98443,36.60874,3.52425,-0.26369,0.00132,6.46058,9.85865,25.00000,25.00000,168.39126,0.37460,0.06941,0.53838,0.00000,0.00000,0.10000,0.00000,none
8.11667,49.98411,36.60802,3.52441,-0.26370,0.00133,6.50162,9.83899,25.00000,25.00000,168.39198,0.37457,0.06940,0.54180,0.00000,0.00000,0.10000,0.00000,none
8.12083,49.98379,36.60730,3.52456,-0.26372,0.00134,6.54257,9.81908,25.00000,25.00000,168.39270,0.37455,0.06940,0.54521,0.00000,0.00000,0.10000,0.00000,none
8.12500,49.98347,36.60659,3.52471,-0.26373,0.00134,6.58344,9.79891,25.00000,25.00000,168.39341,0.37452,0.06939,0.54862,0.00000,0.00000,0.10000,0.00000,none
8.12917,49.98315,36.60588,3.52486,-0.26374,0.00135,6.62423,9.77849,25.00000,25.00000,168.39412,0.37450,0.06939,0.55202,0.00000,0.00000,0.10000,0.00000,none
8.13333,49.98283,36.60517,3.52501,-0.26375,0.00136,6.66493,9.75783,25.00000,25.00000,168.39483,0.37447,0.06939,0.55541,0.00000,0.00000,0.10000,0.00000,none
8.13750,49.98250,36.60446,3.52516,-0.26376,0.00136,6.70554,9.73692,25.00000,25.00000,168.39554,0.37445,0.06938,0.55880,0.00000,0.00000,0.10000,0.00000,none
8.14167,49.98218,36.60375,3.52531,-0.26377,0.00137,6.74607,9.71577,25.00000,25.00000,168.39625,0.37442,0.06938,0.56217,0.00000,0.00000,0.10000,0.00000,none
8.14583,49.98185,36.60304,3.52546,-0.26378,0.00137,6.78651,9.69439,25.00000,25.00000,168.39696,0.37440,0.06937,0.56554,0.00000,0.00000,0.10000,0.00000,none
8.15000,49.98152,36.60234,3.52561,-0.26379,0.00138,6.82686,9.67278,25.00000,25.00000,168.39766,0.37437,0.06937,0.56890,0.00000,0.00000,0.10000,0.00000,none
8.15417,49.98119,36.60163,3.52576,-0.26381,0.00139,6.86712,9.65093,25.00000,25.00000,168.39837,0.37435,0.06936,0.57226,0.00000,0.00000,0.10000,0.00000,none
8.15833,49.98086,36.60093,3.52590,-0.26382,0.00139,6.90728,9.62887,25.00000,25.00000,168.39907,0.37432,0.06936,0.57561,0.00000,0.00000,0.10000,0.00000,none
8.16250,49.98053,36.60023,3.52605,-0.26383,0.00140,6.94736,9.60658,25.00000,25.00000,168.39977,0.37429,0.06935,0.57895,0.00000,0.00000,0.10000,0.00000,none
8.16667,49.98019,36.59953,3.52620,-0.26384,0.00140,6.98734,9.58407,25.00000,25.00000,168.40047,0.37427,0.06935,0.58228,0.00000,0.00000,0.10000,0.00000,none
8.17083,49.97986,36.59883,3.52634,-0.26385,0.00141,7.02722,9.56135,25.00000,25.00000,168.40117,0.37424,0.06934,0.58560,0.00000,0.00000,0.10000,0.00000,none
8.17500,49.97952,36.59813,3.52648,-0.26386,0.00141,7.06701,9.53842,25.00000,25.00000,168.40187,0.37422,0.06934,0.58892,0.00000,0.00000,0.10000,0.00000,none
8.17917,49.97918,36.59743,3.52663,-0.26387,0.00142,7.10671,9.51528,25.00000,25.00000,168.40257,0.37419,0.06934,0.59223,0.00000,0.00000,0.10000,0.00000,none
8.18333,49.97884,36.59674,3.52677,-0.26388,0.00142,7.14631,9.49193,25.00000,25.00000,168.40326,0.37417,0.06933,0.59553,0.00000,0.00000,0.10000,0.00000,none
8.18750,49.97850,36.59604,3.52691,-0.26389,0.00143,7.18581,9.46838,25.00000,25.00000,168.40396,0.37415,0.06933,0.59882,0.00000,0.00000,0.10000,0.00000,none
8.19167,49.97816,36.59535,3.52705,-0.26390,0.00143,7.22521,9.44464,25.00000,25.00000,168.40465,0.37412,0.06932,0.60210,0.00000,0.00000,0.10000,0.00000,none
8.19583,49.97782,36.59466,3.52719,-0.26391,0.00144,7.26451,9.42027,25.00000,25.00000,168.40534,0.37410,0.06932,0.60538,0.00000,0.00000,0.10125,0.00000,none
8.20000,49.97747,36.59397,3.52733,-0.26392,0.00144,7.30371,9.39527,25.00000,25.00000,168.40603,0.37407,0.06931,0.60864,0.00000,0.00000,0.10250,0.00000,none
8.20417,49.97713,36.59329,3.52747,-0.26393,0.00145,7.34280,9.36965,25.00000,25.00000,168.40671,0.37405,0.06931,0.61190,0.00000,0.00000,0.10375,0.00000,none
8.20833,49.97678,36.59260,3.52761,-0.26394,0.00145,7.38179,9.34342,25.00000,25.00000,168.40740,0.37402,0.06931,0.61515,0.00000,0.00000,0.10500,0.00000,none
8.21250,49.97643,36.59191,3.52774,-0.26395,0.00146,7.42067,9.31658,25.00000,25.00000,168.40809,0.37400,0.06930,0.61839,0.00000,0.00000,0.10625,0.00000,none
8.21667,49.97608,36.59123,3.52788,-0.26395,0.00146,7.45943,9.28913,25.00000,25.00000,168.40877,0.37397,0.06930,0.62162,0.00000,0.00000,0.10750,0.00000,none
8.22083,49.97573,36.59055,3.52801,-0.26396,0.00147,7.49807,9.26108,25.00000,25.00000,168.40945,0.37395,0.06929,0.62484,0.00000,0.00000,0.10875,0.00000,none
8.22500,49.97538,36.58987,3.52815,-0.26397,0.00147,7.53660,9.23243,25.00000,25.00000,168.41013,0.37392,0.06929,0.62805,0.00000,0.00000,0.11000,0.00000,none
8.22917,49.97503,36.58919,3.52828,-0.26398,0.00148,7.57501,9.20319,25.00000,25.00000,168.41081,0.37390,0.06928,0.63125,0.00000,0.00000,0.11125,0.00000,none
8.23333,49.97468,36.58851,3.52842,-0.26399,0.00148,7.61329,9.17337,25.00000,25.00000,168.41149,0.37388,0.06928,0.63444,0.00000,0.00000,0.11250,0.00000,none
8.23750,49.97432,36.58784,3.52855,-0.26400,0.00149,7.65145,9.14296,25.00000,25.00000,168.41216,0.37385,0.06928,0.63762,0.00000,0.00000,0.11375,0.00000,none
8.24167,49.97397,36.58717,3.52868,-0.26401,0.00149,7.68948,9.11197,25.00000,25.00000,168.41283,0.37383,0.06927,0.64079,0.00000,0.00000,0.11500,0.00000,none
8.24583,49.97361,36.58649,3.52881,-0.26402,0.00149,7.72739,9.08041,25.00000,25.00000,168.41351,0.37380,0.06927,0.64395,0.00000,0.00000,0.11625,0.00000,none
8.25000,49.97326,36.58582,3.52894,-0.26402,0.00150,7.76515,9.04828,25.00000,25.00000,168.41418,0.37378,0.06926,0.64710,0.00000,0.00000,0.11750,0.00000,none
8.25417,49.97290,36.58515,3.52907,-0.26403,0.00150,7.80279,9.01559,25.00000,25.00000,168.41485,0.37376,0.06926,0.65023,0.00000,0.00000,0.11875,0.00000,none
8.25833,49.97254,36.58449,3.52920,-0.26404,0.00151,7.84028,8.98234,25.00000,25.00000,168.41551,0.37373,0.06925,0.65336,0.00000,0.00000,0.12000,0.00000,none
8.26250,49.97218,36.58382,3.52933,-0.26405,0.00151,7.87764,8.94853,25.00000,25.00000,168.41618,0.37371,0.06925,0.65647,0.00000,0.00000,0.12125,0.00000,none
8.26667,49.97182,36.58316,3.52946,-0.26406,0.00151,7.91485,8.91417,25.00000,25.00000,168.41684,0.37368,0.06925,0.65957,0.00000,0.00000,0.12250,0.00000,none
8.27083,49.97146,36.58250,3.52958,-0.26407,0.00152,7.95192,8.87926,25.00000,25.00000,168.41750,0.37366,0.06924,0.66266,0.00000,0.00000,0.12375,0.00000,none
8.27500,49.97109,36.58184,3.52971,-0.26407,0.00152,7.98885,8.84381,25.00000,25.00000,168.41816,0.37364,0.06924,0.66574,0.00000,0.00000,0.12500,0.00000,none
8.27917,49.97073,36.58118,3.52984,-0.26408,0.00152,8.02562,8.80782,25.00000,25.00000,168.41882,0.37361,0.06923,0.66880,0.00000,0.00000,0.12625,0.00000,none
8.28333,49.97036,36.58052,3.52996,-0.26409,0.00153,8.06224,8.77130,25.00000,25.00000,168.41948,0.37359,0.06923,0.67185,0.00000,0.00000,0.12750,0.00000,none
8.28750,49.97000,36.57986,3.53008,-0.26410,0.00153,8.09871,8.73425,25.00000,25.00000,168.42014,0.37357,0.06922,0.67489,0.00000,0.00000,0.12875,0.00000,none
8.29167,49.96963,36.57921,3.53021,-0.26410,0.00153,8.13503,8.69668,25.00000,25.00000,168.42079,0.37354,0.06922,0.67792,0.00000,0.00000,0.13000,0.00000,none
8.29583,49.96927,36.57856,3.53033,-0.26411,0.00154,8.17118,8.65858,25.00000,25.00000,168.42144,0.37352,0.06922,0.68093,0.00000,0.00000,0.13125,0.00000,none
8.30000,49.96890,36.57791,3.53045,-0.26412,0.00154,8.20718,8.61997,25.00000,25.00000,168.42209,0.37350,0.06921,0.68393,0.00000,0.00000,0.13250,0.00000,none
8.30417,49.96853,36.57726,3.53057,-0.26412,0.00154,8.24302,8.58085,25.00000,25.00000,168.42274,0.37347,0.06921,0.68692,0.00000,0.00000,0.13375,0.00000,none
8.30833,49.96816,36.57661,3.53069,-0.26413,0.00155,8.27869,8.54122,25.00000,25.00000,168.42339,0.37345,0.06920,0.68989,0.00000,0.00000,0.13500,0.00000,none
8.31250,49.96779,36.57597,3.53081,-0.26414,0.00155,8.31419,8.50108,25.00000,25.00000,168.42403,0.37343,0.06920,0.69285,0.00000,0.00000,0.13625,0.00000,none
8.31667,49.96742,36.57532,3.53093,-0.26414,0.00155,8.34953,8.46045,25.00000,25.00000,168.42468,0.37340,0.06920,0.69579,0.00000,0.00000,0.13750,0.00000,none
8.32083,49.96705,36.57468,3.53105,-0.26415,0.00155,8.38469,8.41932,25.00000,25.00000,168.42532,0.37338,0.06919,0.69872,0.00000,0.00000,0.13875,0.00000,none
8.32500,49.96668,36.57404,3.53117,-0.26416,0.00156,8.41969,8.37770,25.00000,25.00000,168.42596,0.37336,0.06919,0.70164,0.00000,0.00000,0.14000,0.00000,none
8.32917,49.96631,36.57341,3.53129,-0.26416,0.00156,8.45451,8.33559,25.00000,25.00000,168.42659,0.37334,0.06918,0.70454,0.00000,0.00000,0.14125,0.00000,none
8.33333,49.96594,36.57277,3.53140,-0.26417,0.00156,8.48915,8.29300,25.00000,25.00000,168.42723,0.37331,0.06918,0.70743,0.00000,0.00000,0.14250,0.00000,none
8.33750,49.96556,36.57214,3.53152,-0.26418,0.00156,8.52362,8.24993,25.00000,25.00000,168.42786,0.37329,0.06918,0.71030,0.00000,0.00000,0.14375,0.00000,none
8.34167,49.96519,36.57150,3.53163,-0.26418,0.00157,8.55790,8.20639,25.00000,25.00000,168.42850,0.37327,0.06917,0.71316,0.00000,0.00000,0.14500,0.00000,none
8.34583,49.96481,36.57087,3.53175,-0.26419,0.00157,8.59200,8.16237,25.00000,25.00000,168.42913,0.37324,0.06917,0.71600,0.00000,0.00000,0.14625,0.00000,none
8.35000,49.96444,36.57025,3.53186,-0.26419,0.00157,8.62592,8.11789,25.00000,25.00000,168.42975,0.37322,0.06916,0.71883,0.00000,0.00000,0.14750,0.00000,none
8.35417,49.96407,36.56962,3.53198,-0.26420,0.00157,8.65965,8.07295,25.00000,25.00000,168.43038,0.37320,0.06916,0.72164,0.00000,0.00000,0.14875,0.00000,none
8.35833,49.96369,36.56899,3.53209,-0.26421,0.00157,8.69319,8.02754,25.00000,25.00000,168.43101,0.37318,0.06916,0.72443,0.00000,0.00000,0.15000,0.00000,none
8.36250,49.96331,36.56837,3.53220,-0.26421,0.00158,8.72654,7.98168,25.00000,25.00000,168.43163,0.37315,0.06915,0.72721,0.00000,0.00000,0.15125,0.00000,none
8.36667,49.96294,36.56775,3.53231,-0.26422,0.00158,8.75970,7.93537,25.00000,25.00000,168.43225,0.37313,0.06915,0.72998,0.00000,0.00000,0.15250,0.00000,none
8.37083,49.96256,36.56713,3.53242,-0.26422,0.00158,8.79267,7.88861,25.00000,25.00000,168.43287,0.37311,0.06914,0.73272,0.00000,0.00000,0.15375,0.00000,none
8.37500,49.96218,36.56651,3.53253,-0.26423,0.00158,8.82544,7.84141,25.00000,25.00000,168.43349,0.37309,0.06914,0.73545,0.00000,0.00000,0.15500,0.00000,none
8.37917,49.96181,36.56590,3.53264,-0.26423,0.00158,8.85802,7.79376,25.00000,25.00000,168.43410,0.37307,0.06914,0.73817,0.00000,0.00000,0.15625,0.00000,none
8.38333,49.96143,36.56529,3.53275,-0.26424,0.00158,8.89039,7.74568,25.00000,25.00000,168.43471,0.37304,0.06913,0.74087,0.00000,0.00000,0.15750,0.00000,none
8.38750,49.96105,36.56467,3.53286,-0.26424,0.00159,8.92256,7.69717,25.00000,25.00000,168.43533,0.37302,0.06913,0.74355,0.00000,0.00000,0.15875,0.00000,none
8.39167,49.96067,36.56407,3.53296,-0.26425,0.00159,8.95453,7.64823,25.00000,25.00000,168.43593,0.37300,0.06912,0.74621,0.00000,0.00000,0.16000,0.00000,none
8.39583,49.96029,36.56346,3.53307,-0.26425,0.00159,8.98630,7.59887,25.00000,25.00000,168.43654,0.37298,0.06912,0.74886,0.00000,0.00000,0.16125,0.00000,none
8.40000,49.95991,36.56285,3.53317,-0.26426,0.00159,9.01785,7.54908,25.00000,25.00000,168.43715,0.37296,0.06912,0.75149,0.00000,0.00000,0.16250,0.00000,none
8.40417,49.95953,36.56225,3.53328,-0.26426,0.00159,9.04920,7.49890,25.00000,25.00000,168.43775,0.37294,0.06926,0.75410,0.00000,0.00250,0.16375,0.00000,none
8.40833,49.95915,36.56165,3.53337,-0.26427,0.00159,9.08034,7.44833,25.00000,25.00000,168.43835,0.37293,0.06941,0.75670,0.00000,0.00500,0.16500,0.00000,none
8.41250,49.95878,36.56106,3.53347,-0.26428,0.00158,9.11127,7.39736,25.00000,25.00000,168.43894,0.37292,0.06956,0.75927,0.00000,0.00750,0.16625,0.00000,none
8.41667,49.95840,36.56049,3.53356,-0.26429,0.00158,9.14199,7.34598,25.00000,25.00000,168.43951,0.37292,0.06971,0.76183,0.00000,0.01000,0.16750,0.00000,none
8.42083,49.95802,36.55992,3.53365,-0.26430,0.00157,9.17249,7.29420,25.00000,25.00000,168.44008,0.37292,0.06986,0.76437,0.00000,0.01250,0.16875,0.00000,none
8.42500,49.95765,36.55936,3.53373,-0.26431,0.00156,9.20277,7.24201,25.00000,25.00000,168.44064,0.37293,0.07001,0.76690,0.00000,0.01500,0.17000,0.00000,none
8.42917,49.95728,36.55883,3.53380,-0.26432,0.00156,9.23284,7.18941,25.00000,25.00000,168.44117,0.37295,0.07016,0.76940,0.00000,0.01750,0.17125,0.00000,none
8.43333,49.95691,36.55830,3.53388,-0.26433,0.00155,9.26268,7.13639,25.00000,25.00000,168.44170,0.37298,0.07032,0.77189,0.00000,0.02000,0.17250,0.00000,none
8.43750,49.95654,36.55780,3.53395,-0.26433,0.00154,9.29231,7.08294,25.00000,25.00000,168.44220,0.37300,0.07047,0.77436,0.00000,0.02250,0.17375,0.00000,none
8.44167,49.95617,36.55731,3.53401,-0.26434,0.00153,9.32171,7.02908,25.00000,25.00000,168.44269,0.37304,0.07063,0.77681,0.00000,0.02500,0.17500,0.00000,none
8.44583,49.95581,36.55685,3.53407,-0.26434,0.00152,9.35088,6.97478,25.00000,25.00000,168.44315,0.37308,0.07078,0.77924,0.00000,0.02750,0.17625,0.00000,none
8.45000,49.95545,36.55640,3.53413,-0.26435,0.00151,9.37983,6.92006,25.00000,25.00000,168.44360,0.37313,0.07094,0.78165,0.00000,0.03000,0.17750,0.00000,none
8.45417,49.95509,36.55598,3.53418,-0.26435,0.00150,9.40855,6.86489,25.00000,25.00000,168.44402,0.37318,0.07110,0.78405,0.00000,0.03250,0.17875,0.00000,none
8.45833,49.95473,36.55559,3.53422,-0.26435,0.00149,9.43704,6.80929,25.00000,25.00000,168.44441,0.37324,0.07126,0.78642,0.00000,0.03500,0.18000,0.00000,none
8.46250,49.95438,36.55521,3.53426,-0.26434,0.00148,9.46529,6.75325,25.00000,25.00000,168.44479,0.37331,0.07142,0.78877,0.00000,0.03750,0.18125,0.00000,none
8.46667,49.95402,36.55486,3.53430,-0.26434,0.00147,9.49331,6.69676,25.00000,25.00000,168.44514,0.37338,0.07158,0.79111,0.00000,0.04000,0.18250,0.00000,none
8.47083,49.95368,36.55454,3.53433,-0.26433,0.00146,9.52110,6.63983,25.00000,25.00000,168.44546,0.37346,0.07174,0.79342,0.00000,0.04250,0.18375,0.00000,none
8.47500,49.95333,36.55424,3.53435,-0.26432,0.00144,9.54864,6.58244,25.00000,25.00000,168.44576,0.37354,0.07191,0.79572,0.00000,0.04500,0.18500,0.00000,none
8.47917,49.95299,36.55398,3.53437,-0.26430,0.00143,9.57595,6.52460,25.00000,25.00000,168.44602,0.37363,0.07207,0.79800,0.00000,0.04750,0.18625,0.00000,none
8.48333,49.95265,36.55373,3.53438,-0.26428,0.00142,9.60301,6.46631,25.00000,25.00000,168.44627,0.37372,0.07223,0.80025,0.00000,0.05000,0.18750,0.00000,none
8.48750,49.95231,36.55352,3.53439,-0.26426,0.00141,9.62983,6.40755,25.00000,25.00000,168.44648,0.37382,0.07240,0.80249,0.00000,0.05250,0.18875,0.00000,none
8.49167,49.95197,36.55334,3.53439,-0.26424,0.00140,9.65641,6.34833,25.00000,25.00000,168.44666,0.37393,0.07257,0.80470,0.00000,0.05500,0.19000,0.00000,none
8.49583,49.95164,36.55319,3.53439,-0.26421,0.00138,9.68274,6.28865,25.00000,25.00000,168.44681,0.37404,0.07274,0.80689,0.00000,0.05750,0.19125,0.00000,none
8.50000,49.95131,36.55306,3.53438,-0.26418,0.00137,9.70881,6.22850,25.00000,25.00000,168.44694,0.37416,0.07290,0.80907,0.00000,0.06000,0.19250,0.00000,none
8.50417,49.95099,36.55297,3.53437,-0.26415,0.00136,9.73464,6.16788,25.00000,25.00000,168.44703,0.37428,0.07307,0.81122,0.00000,0.06250,0.19375,0.00000,none
8.50833,49.95067,36.55291,3.53435,-0.26411,0.00134,9.76021,6.10678,25.00000,25.00000,168.44709,0.37441,0.07325,0.81335,0.00000,0.06500,0.19500,0.00000,none
8.51250,49.95035,36.55288,3.53432,-0.26407,0.00133,9.78553,6.04521,25.00000,25.00000,168.44712,0.37455,0.07342,0.81546,0.00000,0.06750,0.19625,0.00000,none
8.51667,49.95003,36.55288,3.53429,-0.26403,0.00132,9.81059,5.98316,25.00000,25.00000,168.44712,0.37469,0.07359,0.81755,0.00000,0.07000,0.19750,0.00000,none
8.52083,49.94972,36.55291,3.53426,-0.26398,0.00130,9.83539,5.92063,25.00000,25.00000,168.44709,0.37484,0.07376,0.81962,0.00000,0.07250,0.19875,0.00000,none
8.52500,49.94941,36.55298,3.53421,-0.26393,0.00129,9.85992,5.85761,25.00000,25.00000,168.44702,0.37499,0.07394,0.82166,0.00000,0.07500,0.20000,0.00000,none
8.52917,49.94910,36.55308,3.53416,-0.26388,0.00128,9.88420,5.79411,25.00000,25.00000,168.44692,0.37515,0.07411,0.82368,0.00000,0.07750,0.20125,0.00000,none
8.53333,49.94880,36.55321,3.53411,-0.26382,0.00126,9.90821,5.73013,25.00000,25.00000,168.44679,0.37531,0.07429,0.82568,0.00000,0.08000,0.20250,0.00000,none
8.53750,49.94850,36.55338,3.53405,-0.26375,0.00125,9.93195,5.66565,25.00000,25.00000,168.44662,0.37548,0.07447,0.82766,0.00000,0.08250,0.20375,0.00000,none
8.54167,49.94820,36.55358,3.53398,-0.26369,0.00124,9.95542,5.60068,25.00000,25.00000,168.44642,0.37565,0.07465,0.82962,0.00000,0.08500,0.20500,0.00000,none
8.54583,49.94791,36.55381,3.53390,-0.26362,0.00122,9.97862,5.53521,25.00000,25.00000,168.44619,0.37583,0.07482,0.83155,0.00000,0.08750,0.20625,0.00000,none
8.55000,49.94762,36.55408,3.53382,-0.26354,0.00121,10.00155,5.46925,25.00000,25.00000,168.44592,0.37602,0.07500,0.83346,0.00000,0.09000,0.20750,0.00000,none
8.55417,49.94733,36.55439,3.53374,-0.26346,0.00120,10.02420,5.40279,25.00000,25.00000,168.44561,0.37621,0.07519,0.83535,0.00000,0.09250,0.20875,0.00000,none
8.55833,49.94705,36.55473,3.53364,-0.26338,0.00118,10.04657,5.33583,25.00000,25.00000,168.44527,0.37640,0.07537,0.83721,0.00000,0.09500,0.21000,0.00000,none
8.56250,49.94677,36.55510,3.53354,-0.26329,0.00117,10.06866,5.26837,25.00000,25.00000,168.44490,0.37660,0.07555,0.83905,0.00000,0.09750,0.21125,0.00000,none
8.56667,49.94649,36.55551,3.53344,-0.26320,0.00115,10.09047,5.20041,25.00000,25.00000,168.44449,0.37681,0.07573,0.84087,0.00000,0.10000,0.21250,0.00000,none
8.57083,49.94622,36.55596,3.53333,-0.26311,0.00114,10.11200,5.13193,25.00000,25.00000,168.44404,0.37702,0.07592,0.84267,0.00000,0.10250,0.21375,0.00000,none
8.57500,49.94595,36.55644,3.53321,-0.26301,0.00112,10.13323,5.06295,25.00000,25.00000,168.44356,0.37723,0.07610,0.84444,0.00000,0.10500,0.21500,0.00000,none
8.57917,49.94568,36.55695,3.53308,-0.26291,0.00111,10.15419,4.99346,25.00000,25.00000,168.44305,0.37745,0.07629,0.84618,0.00000,0.10750,0.21625,0.00000,none
8.58333,49.94542,36.55751,3.53295,-0.26280,0.00110,10.17485,4.92346,25.00000,25.00000,168.44249,0.37768,0.07648,0.84790,0.00000,0.11000,0.21750,0.00000,none
8.58750,49.94516,36.55810,3.53281,-0.26269,0.00108,10.19521,4.85295,25.00000,25.00000,168.44190,0.37791,0.07666,0.84960,0.00000,0.11250,0.21875,0.00000,none
8.59167,49.94490,36.55872,3.53267,-0.26257,0.00107,10.21529,4.78192,25.00000,25.00000,168.44128,0.37815,0.07685,0.85127,0.00000,0.11500,0.22000,0.00000,none
8.59583,49.94465,36.55938,3.53251,-0.26246,0.00105,10.23506,4.71037,25.00000,25.00000,168.44062,0.37839,0.07704,0.85292,0.00000,0.11750,0.22125,0.00000,none
8.60000,49.94440,36.56008,3.53236,-0.26233,0.00104,10.25454,4.63831,25.00000,25.00000,168.43992,0.37863,0.07723,0.85454,0.00000,0.12000,0.22250,0.00000,none
8.60417,49.94415,36.56082,3.53219,-0.26220,0.00102,10.27371,4.56573,25.00000,25.00000,168.43918,0.37888,0.07742,0.85614,0.00000,0.12250,0.22375,0.00000,none
8.60833,49.94391,36.56159,3.53202,-0.26207,0.00101,10.29258,4.49263,25.00000,25.00000,168.43841,0.37914,0.07762,0.85772,0.00000,0.12500,0.22500,0.00000,none
8.61250,49.94367,36.56240,3.53184,-0.26194,0.00099,10.31115,4.41901,25.00000,25.00000,168.43760,0.37940,0.07781,0.85926,0.00000,0.12750,0.22625,0.00000,none
8.61667,49.94343,36.56324,3.53165,-0.26180,0.00098,10.32941,4.34486,25.00000,25.00000,168.43676,0.37966,0.07800,0.86078,0.00000,0.13000,0.22750,0.00000,none
8.62083,49.94320,36.56413,3.53146,-0.26165,0.00097,10.34736,4.27019,25.00000,25.00000,168.43587,0.37993,0.07820,0.86228,0.00000,0.13250,0.22875,0.00000,none
8.62500,49.94297,36.56505,3.53126,-0.26151,0.00095,10.36499,4.19500,25.00000,25.00000,168.43495,0.38021,0.07839,0.86375,0.00000,0.13500,0.23000,0.00000,none
8.62917,49.94275,36.56600,3.53105,-0.26135,0.00094,10.38231,4.11927,25.00000,25.00000,168.43400,0.38049,0.07859,0.86519,0.00000,0.13750,0.23125,0.00000,none
8.63333,49.94252,36.56700,3.53084,-0.26120,0.00092,10.39932,4.04302,25.00000,25.00000,168.43300,0.38077,0.07879,0.86661,0.00000,0.14000,0.23250,0.00000,none
8.63750,49.94231,36.56803,3.53062,-0.26104,0.00091,10.41600,3.96625,25.00000,25.00000,168.43197,0.38106,0.07898,0.86800,0.00000,0.14250,0.23375,0.00000,none
8.64167,49.94209,36.56910,3.53039,-0.26087,0.00089,10.43237,3.88894,25.00000,25.00000,168.43090,0.38135,0.07918,0.86936,0.00000,0.14500,0.23500,0.00000,none
8.64583,49.94188,36.57021,3.53015,-0.26070,0.00088,10.44841,3.81110,25.00000,25.00000,168.42979,0.38165,0.07938,0.87070,0.00000,0.14750,0.23625,0.00000,none
8.65000,49.94167,36.57135,3.52991,-0.26053,0.00086,10.46413,3.73273,25.00000,25.00000,168.42865,0.38195,0.07958,0.87201,0.00000,0.15000,0.23750,0.00000,none
8.65417,49.94147,36.57253,3.52966,-0.26035,0.00085,10.47951,3.65383,25.00000,25.00000,168.42747,0.38225,0.07978,0.87329,0.00000,0.15250,0.23875,0.00000,none
8.65833,49.94127,36.57375,3.52941,-0.26017,0.00083,10.49457,3.57440,25.00000,25.00000,168.42625,0.38256,0.07998,0.87455,0.00000,0.15500,0.24000,0.00000,none
8.66250,49.94107,36.57500,3.52914,-0.25999,0.00082,10.50930,3.49443,25.00000,25.00000,168.42500,0.38288,0.08019,0.87578,0.00000,0.15750,0.24125,0.00000,none
8.66667,49.94088,36.57630,3.52887,-0.25980,0.00080,10.52369,3.41393,25.00000,25.00000,168.42370,0.38319,0.08039,0.87697,0.00000,0.16000,0.24250,0.00000,none
8.67083,49.94069,36.57763,3.52859,-0.25961,0.00079,10.53775,3.33289,25.00000,25.00000,168.42237,0.38352,0.08059,0.87815,0.00000,0.16250,0.24375,0.00000,none
8.67500,49.94050,36.57900,3.52831,-0.25941,0.00077,10.55147,3.25131,25.00000,25.00000,168.42100,0.38384,0.08080,0.87929,0.00000,0.16500,0.24500,0.00000,none
8.67917,49.94032,36.58040,3.52802,-0.25921,0.00076,10.56484,3.16921,25.00000,25.00000,168.41960,0.38417,0.08100,0.88040,0.00000,0.16750,0.24625,0.00000,none
8.68333,49.94014,36.58185,3.52772,-0.25901,0.00074,10.57787,3.08656,25.00000,25.00000,168.41815,0.38451,0.08121,0.88149,0.00000,0.17000,0.24750,0.00000,none
8.68750,49.93997,36.58333,3.52741,-0.25880,0.00073,10.59056,3.00338,25.00000,25.00000,168.41667,0.38485,0.08142,0.88255,0.00000,0.17250,0.24875,0.00000,none
8.69167,49.93979,36.58484,3.52709,-0.25859,0.00071,10.60290,2.91966,25.00000,25.00000,168.41516,0.38519,0.08162,0.88358,0.00000,0.17500,0.25000,0.00000,none
8.69583,49.93963,36.58640,3.52677,-0.25837,0.00070,10.61489,2.83540,25.00000,25.00000,168.41360,0.38553,0.08183,0.88457,0.00000,0.17750,0.25125,0.00000,none
8.70000,49.93946,36.58799,3.52644,-0.25815,0.00068,10.62653,2.75060,25.00000,25.00000,168.41201,0.38588,0.08204,0.88554,0.00000,0.18000,0.25250,0.00000,none
8.70417,49.93930,36.58962,3.52611,-0.25792,0.00067,10.63781,2.66527,25.00000,25.00000,168.41038,0.38624,0.08225,0.88648,0.00000,0.18250,0.25375,0.00000,none
8.70833,49.93914,36.59129,3.52576,-0.25770,0.00065,10.64874,2.57940,25.00000,25.00000,168.40871,0.38660,0.08246,0.88739,0.00000,0.18500,0.25500,0.00000,none
8.71250,49.93899,36.59299,3.52541,-0.25747,0.00064,10.65930,2.49298,25.00000,25.00000,168.40701,0.38696,0.08267,0.88828,0.00000,0.18750,0.25625,0.00000,none
8.71667,49.93884,36.59474,3.52505,-0.25723,0.00062,10.66951,2.40603,25.00000,25.00000,168.40526,0.38732,0.08288,0.88913,0.00000,0.19000,0.25750,0.00000,none
8.72083,49.93869,36.59651,3.52469,-0.25699,0.00061,10.67935,2.31855,25.00000,25.00000,168.40349,0.38769,0.08310,0.88995,0.00000,0.19250,0.25875,0.00000,none
8.72500,49.93855,36.59833,3.52432,-0.25675,0.00059,10.68883,2.23052,25.00000,25.00000,168.40167,0.38806,0.08331,0.89074,0.00000,0.19500,0.26000,0.00000,none
8.72917,49.93841,36.60018,3.52394,-0.25650,0.00058,10.69794,2.14195,25.00000,25.00000,168.39982,0.38844,0.08352,0.89149,0.00000,0.19750,0.26125,0.00000,none
8.73333,49.93827,36.60207,3.52355,-0.25625,0.00056,10.70668,2.05285,25.00000,25.00000,168.39793,0.38882,0.08374,0.89222,0.00000,0.20000,0.26250,0.00000,none
8.73750,49.93814,36.60400,3.52315,-0.25600,0.00055,10.71505,1.96321,25.00000,25.00000,168.39600,0.38920,0.08395,0.89292,0.00000,0.20250,0.26375,0.00000,none
8.74167,49.93801,36.60596,3.52275,-0.25574,0.00053,10.72304,1.87303,25.00000,25.00000,168.39404,0.38958,0.08417,0.89359,0.00000,0.20500,0.26500,0.00000,none
8.74583,49.93789,36.60796,3.52234,-0.25548,0.00052,10.73065,1.78231,25.00000,25.00000,168.39204,0.38997,0.08438,0.89422,0.00000,0.20750,0.26625,0.00000,none
8.75000,49.93777,36.61000,3.52192,-0.25521,0.00050,10.73789,1.69105,25.00000,25.00000,168.39000,0.39037,0.08460,0.89482,0.00000,0.21000,0.26750,0.00000,none
8.75417,49.93765,36.61207,3.52150,-0.25494,0.00049,10.74474,1.59926,25.00000,25.00000,168.38793,0.39076,0.08482,0.89540,0.00000,0.21250,0.26875,0.00000,none
8.75833,49.93753,36.61418,3.52106,-0.25467,0.00047,10.75121,1.50693,25.00000,25.00000,168.38582,0.39116,0.08504,0.89593,0.00000,0.21500,0.27000,0.00000,none
8.76250,49.93742,36.61633,3.52062,-0.25440,0.00046,10.75730,1.41407,25.00000,25.00000,168.38367,0.39156,0.08526,0.89644,0.00000,0.21750,0.27125,0.00000,none
8.76667,49.93732,36.61851,3.52018,-0.25412,0.00044,10.76300,1.32067,25.00000,25.00000,168.38149,0.39197,0.08548,0.89692,0.00000,0.22000,0.27250,0.00000,none
8.77083,49.93721,36.62073,3.51972,-0.25384,0.00043,10.76830,1.22673,25.00000,25.00000,168.37927,0.39237,0.08570,0.89736,0.00000,0.22250,0.27375,0.00000,none
8.77500,49.93711,36.62299,3.51926,-0.25355,0.00041,10.77322,1.13226,25.00000,25.00000,168.37701,0.39279,0.08592,0.89777,0.00000,0.22500,0.27500,0.00000,none
8.77917,49.93702,36.62528,3.51879,-0.25326,0.00040,10.77774,1.03726,25.00000,25.00000,168.37472,0.39320,0.08614,0.89814,0.00000,0.22750,0.27625,0.00000,none
8.78333,49.93692,36.62761,3.51831,-0.25297,0.00038,10.78186,0.94173,25.00000,25.00000,168.37239,0.39362,0.08636,0.89849,0.00000,0.23000,0.27750,0.00000,none
8.78750,49.93683,36.62997,3.51783,-0.25267,0.00037,10.78559,0.84566,25.00000,25.00000,168.37003,0.39404,0.08658,0.89880,0.00000,0.23250,0.27875,0.00000,none
8.79167,49.93675,36.63237,3.51733,-0.25237,0.00035,10.78891,0.74906,25.00000,25.00000,168.36763,0.39446,0.08681,0.89908,0.00000,0.23500,0.28000,0.00000,none
8.79583,49.93667,36.63480,3.51683,-0.25207,0.00034,10.79183,0.65194,25.00000,25.00000,168.36520,0.39488,0.08703,0.89932,0.00000,0.23750,0.28125,0.00000,none
8.80000,49.93659,36.63727,3.51633,-0.25176,0.00032,10.79434,0.55428,25.00000,25.00000,168.36273,0.39531,0.08725,0.89953,0.00000,0.24000,0.28250,0.00000,none
8.80417,49.93651,36.63978,3.51581,-0.25146,0.00031,10.79644,0.45610,25.00000,25.00000,168.36022,0.39574,0.08748,0.89970,0.00000,0.24250,0.28375,0.00000,none
8.80833,49.93644,36.64232,3.51529,-0.25114,0.00029,10.79814,0.35739,25.00000,25.00000,168.35768,0.39618,0.08770,0.89984,0.00000,0.24500,0.28500,0.00000,none
8.81250,49.93637,36.64490,3.51476,-0.25083,0.00028,10.79942,0.25815,25.00000,25.00000,168.35510,0.39661,0.08793,0.89995,0.00000,0.24750,0.28625,0.00000,none
8.81667,49.93631,36.64751,3.51422,-0.25051,0.00026,10.80029,0.15839,25.00000,25.00000,168.35249,0.39705,0.08816,0.90002,0.00000,0.25000,0.28750,0.00000,none
8.82083,49.93625,36.65015,3.51368,-0.25019,0.00025,10.80074,0.05811,25.00000,25.00000,168.34985,0.39749,0.08838,0.90006,0.00000,0.25250,0.28875,0.00000,none
8.82500,49.93619,36.65283,3.51313,-0.24986,0.00023,10.80077,-0.04270,25.00000,25.00000,168.34717,0.39793,0.08861,0.90006,0.00000,0.25500,0.29000,0.00000,none
8.82917,49.93614,36.65555,3.51257,-0.24954,0.00022,10.80038,-0.14402,25.00000,25.00000,168.34445,0.39838,0.08884,0.90003,0.00000,0.25750,0.29125,0.00000,none
8.83333,49.93609,36.65830,3.51200,-0.24920,0.00020,10.79957,-0.24587,25.00000,25.00000,168.34170,0.39883,0.08907,0.89996,0.00000,0.26000,0.29250,0.00000,none
8.83750,49.93604,36.66108,3.51143,-0.24887,0.00019,10.79833,-0.34823,25.00000,25.00000,168.33892,0.39928,0.08930,0.89986,0.00000,0.26250,0.29375,0.00000,none
8.84167,49.93600,36.66390,3.51084,-0.24853,0.00017,10.79667,-0.45110,25.00000,25.00000,168.33610,0.39973,0.08952,0.89972,0.00000,0.26500,0.29500,0.00000,none
8.84583,49.93596,36.66675,3.51026,-0.24820,0.00016,10.79457,-0.55449,25.00000,25.00000,168.33325,0.40019,0.08975,0.89955,0.00000,0.26750,0.29625,0.00000,none
8.85000,49.93592,36.66964,3.50966,-0.24785,0.00014,10.79204,-0.65840,25.00000,25.00000,168.33036,0.40064,0.08998,0.89934,0.00000,0.27000,0.29750,0.00000,none
8.85417,49.93589,36.67256,3.50906,-0.24751,0.00013,10.78908,-0.76281,25.00000,25.00000,168.32744,0.40110,0.09022,0.89909,0.00000,0.27250,0.29875,0.00000,none
8.85833,49.93586,36.67551,3.50844,-0.24716,0.00011,10.78569,-0.86773,25.00000,25.00000,168.32449,0.40156,0.09045,0.89881,0.00000,0.27500,0.30000,0.00000,none
8.86250,49.93584,36.67849,3.50783,-0.24681,0.00010,10.78185,-0.97316,25.00000,25.00000,168.32151,0.40202,0.09068,0.89849,0.00000,0.27750,0.30125,0.00000,none
8.86667,49.93581,36.68151,3.50720,-0.24646,0.00008,10.77758,-1.07909,25.00000,25.00000,168.31849,0.40249,0.09091,0.89813,0.00000,0.28000,0.30250,0.00000,none
8.87083,49.93580,36.68456,3.50657,-0.24610,0.00007,10.77286,-1.18552,25.00000,25.00000,168.31544,0.40295,0.09114,0.89774,0.00000,0.28250,0.30375,0.00000,none
8.87500,49.93578,36.68765,3.50593,-0.24574,0.00006,10.76769,-1.29246,25.00000,25.00000,168.31235,0.40342,0.09138,0.89731,0.00000,0.28500,0.30500,0.00000,none
8.87917,49.93577,36.69077,3.50528,-0.24538,0.00004,10.76209,-1.39989,25.00000,25.00000,168.30923,0.40389,0.09161,0.89684,0.00000,0.28750,0.30625,0.00000,none
8.88333,49.93576,36.69392,3.50462,-0.24502,0.00003,10.75603,-1.50782,25.00000,25.00000,168.30608,0.40436,0.09184,0.89634,0.00000,0.29000,0.30750,0.00000,none
8.88750,49.93576,36.69710,3.50396,-0.24465,0.00001,10.74952,-1.61625,25.00000,25.00000,168.30290,0.40484,0.09208,0.89579,0.00000,0.29250,0.30875,0.00000,none
8.89167,49.93576,36.70031,3.50329,-0.24428,-0.00000,10.74256,-1.72516,25.00000,25.00000,168.29969,0.40531,0.09231,0.89521,0.00000,0.29500,0.31000,0.00000,none
8.89583,49.93576,36.70355,3.50262,-0.24391,-0.00002,10.73514,-1.83456,25.00000,25.00000,168.29645,0.40579,0.09255,0.89460,0.00000,0.29750,0.31125,0.00000,none
8.90000,49.93576,36.70683,3.50193,-0.24354,-0.00003,10.72727,-1.94445,25.00000,25.00000,168.29317,0.40627,0.09278,0.89394,0.00000,0.30000,0.31250,0.00000,none
8.90417,49.93577,36.71014,3.50124,-0.24317,-0.00005,10.71894,-2.05483,25.00000,25.00000,168.28986,0.40675,0.09302,0.89324,0.00000,0.30250,0.31375,0.00000,none
8.90833,49.93578,36.71348,3.50054,-0.24279,-0.00006,10.71014,-2.16568,25.00000,25.00000,168.28652,0.40723,0.09325,0.89251,0.00000,0.30500,0.31500,0.00000,none
8.91250,49.93580,36.71685,3.49984,-0.24241,-0.00007,10.70089,-2.27701,25.00000,25.00000,168.28315,0.40771,0.09349,0.89174,0.00000,0.30750,0.31625,0.00000,none
8.91667,49.93582,36.72025,3.49913,-0.24203,-0.00009,10.69117,-2.38882,25.00000,25.00000,168.27975,0.40819,0.09373,0.89093,0.00000,0.31000,0.31750,0.00000,none
8.92083,49.93584,36.72368,3.49841,-0.24164,-0.00010,10.68098,-2.50110,25.00000,25.00000,168.27632,0.40868,0.09397,0.89008,0.00000,0.31250,0.31875,0.00000,none
8.92500,49.93587,36.72714,3.49768,-0.24125,-0.00012,10.67032,-2.61385,25.00000,25.00000,168.27286,0.40916,0.09420,0.88919,0.00000,0.31500,0.32000,0.00000,none
8.92917,49.93590,36.73062,3.49695,-0.24087,-0.00013,10.65920,-2.72707,25.00000,25.00000,168.26938,0.40965,0.09444,0.88827,0.00000,0.31750,0.32125,0.00000,none
8.93333,49.93593,36.73414,3.49621,-0.24048,-0.00014,10.64760,-2.84076,25.00000,25.00000,168.26586,0.41014,0.09468,0.88730,0.00000,0.32000,0.32250,0.00000,none
8.93750,49.93597,36.73769,3.49546,-0.24008,-0.00016,10.63552,-2.95490,25.00000,25.00000,168.26231,0.41062,0.09492,0.88629,0.00000,0.32250,0.32375,0.00000,none
8.94167,49.93601,36.74127,3.49470,-0.23969,-0.00017,10.62297,-3.06950,25.00000,25.00000,168.25873,0.41111,0.09516,0.88525,0.00000,0.32500,0.32500,0.00000,none
8.94583,49.93605,36.74488,3.49394,-0.23929,-0.00019,10.60994,-3.18455,25.00000,25.00000,168.25512,0.41160,0.09539,0.88416,0.00000,0.32750,0.32625,0.00000,none
8.95000,49.93610,36.74851,3.49317,-0.23890,-0.00020,10.59643,-3.30006,25.00000,25.00000,168.25149,0.41210,0.09563,0.88304,0.00000,0.33000,0.32750,0.00000,none
8.95417,49.93615,36.75217,3.49240,-0.23850,-0.00021,10.58244,-3.41601,25.00000,25.00000,168.24783,0.41259,0.09587,0.88187,0.00000,0.33250,0.32875,0.00000,none
8.95833,49.93620,36.75587,3.49162,-0.23810,-0.00023,10.56796,-3.53241,25.00000,25.00000,168.24413,0.41308,0.09611,0.88066,0.00000,0.33500,0.33000,0.00000,none
8.96250,49.93625,36.75958,3.49083,-0.23769,-0.00024,10.55300,-3.64924,25.00000,25.00000,168.24042,0.41357,0.09635,0.87942,0.00000,0.33750,0.33125,0.00000,none
8.96667,49.93631,36.76333,3.49003,-0.23729,-0.00025,10.53755,-3.76652,25.00000,25.00000,168.23667,0.41407,0.09659,0.87813,0.00000,0.34000,0.33250,0.00000,none
8.97083,49.93638,36.76710,3.48923,-0.23688,-0.00027,10.52161,-3.88422,25.00000,25.00000,168.23290,0.41456,0.09683,0.87680,0.00000,0.34250,0.33375,0.00000,none
8.97500,49.93644,36.77090,3.48842,-0.23647,-0.00028,10.50518,-4.00236,25.00000,25.00000,168.22910,0.41506,0.09707,0.87543,0.00000,0.34500,0.33500,0.00000,none
8.97917,49.93651,36.77473,3.48761,-0.23607,-0.00030,10.48826,-4.12092,25.00000,25.00000,168.22527,0.41555,0.09731,0.87402,0.00000,0.34750,0.33625,0.00000,none
8.98333,49.93658,36.77858,3.48678,-0.23566,-0.00031,10.47084,-4.23990,25.00000,25.00000,168.22142,0.41605,0.09756,0.87257,0.00000,0.35000,0.33750,0.00000,none
8.98750,49.93666,36.78246,3.48596,-0.23524,-0.00032,10.45293,-4.35930,25.00000,25.00000,168.21754,0.41654,0.09780,0.87108,0.00000,0.35250,0.33875,0.00000,none
8.99167,49.93674,36.78636,3.48512,-0.23483,-0.00034,10.43451,-4.47911,25.00000,25.00000,168.21364,0.41704,0.09804,0.86954,0.00000,0.35500,0.34000,0.00000,none
8.99583,49.93682,36.79029,3.48428,-0.23442,-0.00035,10.41560,-4.59933,25.00000,25.00000,168.20971,0.41753,0.09828,0.86797,0.00000,0.35750,0.34125,0.00000,none
9.00000,49.93690,36.79424,3.48343,-0.23400,-0.00036,10.39618,-4.71996,25.00000,25.00000,168.20576,0.41803,0.09852,0.86635,0.00000,0.36000,0.34250,0.00000,none
9.00417,49.93699,36.79822,3.48258,-0.23359,-0.00038,10.37626,-4.84098,25.00000,25.00000,168.20178,0.41853,0.09876,0.86469,0.00000,0.36250,0.34375,0.00000,none
9.00833,49.93708,36.80222,3.48172,-0.23317,-0.00039,10.35584,-4.96240,25.00000,25.00000,168.19778,0.41902,0.09900,0.86299,0.00000,0.36500,0.34500,0.00000,none
9.01250,49.93718,36.80625,3.48085,-0.23275,-0.00040,10.33491,-5.08421,25.00000,25.00000,168.19375,0.41952,0.09925,0.86124,0.00000,0.36750,0.34625,0.00000,none
9.01667,49.93727,36.81030,3.47998,-0.23233,-0.00041,10.31347,-5.20641,25.00000,25.00000,168.18970,0.42002,0.09949,0.85946,0.00000,0.37000,0.34750,0.00000,none
9.02083,49.93737,36.81437,3.47910,-0.23191,-0.00043,10.29152,-5.32899,25.00000,25.00000,168.18563,0.42051,0.09973,0.85763,0.00000,0.37250,0.34875,0.00000,none
9.02500,49.93748,36.81847,3.47821,-0.23149,-0.00044,10.26906,-5.45195,25.00000,25.00000,168.18153,0.42101,0.09997,0.85576,0.00000,0.37500,0.35000,0.00000,none
9.02917,49.93758,36.82258,3.47732,-0.23107,-0.00045,10.24609,-5.57527,25.00000,25.00000,168.17742,0.42150,0.10022,0.85384,0.00000,0.37750,0.35125,0.00000,none
9.03333,49.93769,36.82672,3.47642,-0.23065,-0.00047,10.22260,-5.69897,25.00000,25.00000,168.17328,0.42200,0.10046,0.85188,0.00000,0.38000,0.35250,0.00000,none
9.03750,49.93781,36.83088,3.47552,-0.23022,-0.00048,10.19860,-5.82303,25.00000,25.00000,168.16912,0.42249,0.10070,0.84988,0.00000,0.38250,0.35375,0.00000,none
9.04167,49.93792,36.83506,3.47461,-0.22980,-0.00049,10.17407,-5.94744,25.00000,25.00000,168.16494,0.42298,0.10094,0.84784,0.00000,0.38500,0.35500,0.00000,none
9.04583,49.93804,36.83926,3.47369,-0.22938,-0.00050,10.14903,-6.07220,25.00000,25.00000,168.16074,0.42348,0.10118,0.84575,0.00000,0.38750,0.35625,0.00000,none
9.05000,49.93816,36.84349,3.47277,-0.22895,-0.00052,10.12347,-6.19731,25.00000,25.00000,168.15651,0.42397,0.10143,0.84362,0.00000,0.39000,0.35750,0.00000,none
9.05417,49.93829,36.84773,3.47184,-0.22853,-0.00053,10.09739,-6.32277,25.00000,25.00000,168.15227,0.42446,0.10167,0.84145,0.00000,0.39250,0.35875,0.00000,none
9.05833,49.93842,36.85199,3.47091,-0.22811,-0.00054,10.07078,-6.44855,25.00000,25.00000,168.14801,0.42495,0.10191,0.83923,0.00000,0.39500,0.36000,0.00000,none
9.06250,49.93855,36.85627,3.46997,-0.22768,-0.00055,10.04365,-6.57467,25.00000,25.00000,168.14373,0.42544,0.10215,0.83697,0.00000,0.39750,0.36125,0.00000,none
9.06667,49.93868,36.86057,3.46903,-0.22726,-0.00057,10.01599,-6.70111,25.00000,25.00000,168.13943,0.42593,0.10240,0.83467,0.00000,0.40000,0.36250,0.00000,none
9.07083,49.93882,36.86489,3.46808,-0.22683,-0.00058,9.98780,-6.82787,25.00000,25.00000,168.13511,0.42642,0.10264,0.83232,0.00000,0.40250,0.36375,0.00000,none
9.07500,49.93896,36.86922,3.46712,-0.22641,-0.00059,9.95909,-6.95494,25.00000,25.00000,168.13078,0.42691,0.10288,0.82992,0.00000,0.40500,0.36500,0.00000,none
9.07917,49.93910,36.87358,3.46616,-0.22598,-0.00060,9.92985,-7.08231,25.00000,25.00000,168.12642,0.42739,0.10312,0.82749,0.00000,0.40750,0.36625,0.00000,none
9.08333,49.93924,36.87795,3.46519,-0.22556,-0.00061,9.90007,-7.20999,25.00000,25.00000,168.12205,0.42788,0.10336,0.82501,0.00000,0.41000,0.36750,0.00000,none
9.08750,49.93939,36.88233,3.46422,-0.22513,-0.00063,9.86976,-7.33796,25.00000,25.00000,168.11767,0.42836,0.10361,0.82248,0.00000,0.41250,0.36875,0.00000,none
9.09167,49.93954,36.88673,3.46324,-0.22471,-0.00064,9.83892,-7.46621,25.00000,25.00000,168.11327,0.42884,0.10385,0.81991,0.00000,0.41500,0.37000,0.00000,none
9.09583,49.93969,36.89115,3.46226,-0.22429,-0.00065,9.80754,-7.59475,25.00000,25.00000,168.10885,0.42932,0.10409,0.81730,0.00000,0.41750,0.37125,0.00000,none
9.10000,49.93985,36.89558,3.46128,-0.22386,-0.00066,9.77563,-7.72356,25.00000,25.00000,168.10442,0.42980,0.10433,0.81464,0.00000,0.42000,0.37250,0.00000,none
9.10417,49.94001,36.90003,3.46028,-0.22344,-0.00067,9.74318,-7.85264,25.00000,25.00000,168.09997,0.43028,0.10457,0.81193,0.00000,0.42250,0.37375,0.00000,none
9.10833,49.94017,36.90449,3.45929,-0.22302,-0.00068,9.71019,-7.98198,25.00000,25.00000,168.09551,0.43076,0.10481,0.80918,0.00000,0.42500,0.37500,0.00000,none
9.11250,49.94034,36.90897,3.45828,-0.22260,-0.00070,9.67666,-8.11158,25.00000,25.00000,168.09103,0.43123,0.10505,0.80639,0.00000,0.42750,0.37625,0.00000,none
9.11667,49.94050,36.91345,3.45728,-0.22218,-0.00071,9.64259,-8.24142,25.00000,25.00000,168.08655,0.43170,0.10529,0.80355,0.00000,0.43000,0.37750,0.00000,none
9.12083,49.94067,36.91795,3.45626,-0.22176,-0.00072,9.60798,-8.37150,25.00000,25.00000,168.08205,0.43217,0.10553,0.80067,0.00000,0.43250,0.37875,0.00000,none
9.12500,49.94085,36.92247,3.45525,-0.22134,-0.00073,9.57283,-8.50182,25.00000,25.00000,168.07753,0.43264,0.10577,0.79774,0.00000,0.43500,0.38000,0.00000,none
9.12917,49.94102,36.92699,3.45423,-0.22093,-0.00074,9.53713,-8.63236,25.00000,25.00000,168.07301,0.43311,0.10601,0.79476,0.00000,0.43750,0.38125,0.00000,none
9.13333,49.94120,36.93153,3.45320,-0.22051,-0.00075,9.50089,-8.76312,25.00000,25.00000,168.06847,0.43357,0.10625,0.79174,0.00000,0.44000,0.38250,0.00000,none
9.13750,49.94138,36.93607,3.45217,-0.22010,-0.00076,9.46411,-8.89409,25.00000,25.00000,168.06393,0.43404,0.10649,0.78868,0.00000,0.44250,0.38375,0.00000,none
9.14167,49.94156,36.94063,3.45114,-0.21968,-0.00077,9.42677,-9.02526,25.00000,25.00000,168.05937,0.43450,0.10673,0.78556,0.00000,0.44500,0.38500,0.00000,none
9.14583,49.94175,36.94519,3.45010,-0.21927,-0.00078,9.38889,-9.15663,25.00000,25.00000,168.05481,0.43495,0.10697,0.78241,0.00000,0.44750,0.38625,0.00000,none
9.15000,49.94194,36.94976,3.44905,-0.21886,-0.00079,9.35047,-9.28819,25.00000,25.00000,168.05024,0.43541,0.10721,0.77921,0.00000,0.45000,0.38750,0.00000,none
9.15417,49.94213,36.95434,3.44801,-0.21845,-0.00081,9.31149,-9.41993,25.00000,25.00000,168.04566,0.43586,0.10745,0.77596,0.00000,0.45250,0.38875,0.00000,none
9.15833,49.94232,36.95893,3.44695,-0.21804,-0.00082,9.27197,-9.55184,25.00000,25.00000,168.04107,0.43631,0.10768,0.77266,0.00000,0.45500,0.39000,0.00000,none
9.16250,49.94252,36.96353,3.44590,-0.21764,-0.00083,9.23189,-9.68392,25.00000,25.00000,168.03647,0.43676,0.10792,0.76932,0.00000,0.45750,0.39125,0.00000,none
9.16667,49.94272,36.96813,3.44484,-0.21723,-0.00084,9.19127,-9.81615,25.00000,25.00000,168.03187,0.43721,0.10816,0.76594,0.00000,0.46000,0.39250,0.00000,none
9.17083,49.94292,36.97274,3.44377,-0.21683,-0.00085,9.15009,-9.94852,25.00000,25.00000,168.02726,0.43765,0.10839,0.76251,0.00000,0.46250,0.39375,0.00000,none
9.17500,49.94312,36.97736,3.44271,-0.21643,-0.00086,9.10836,-10.08104,25.00000,25.00000,168.02264,0.43809,0.10863,0.75903,0.00000,0.46500,0.39500,0.00000,none
9.17917,49.94333,36.98198,3.44164,-0.21603,-0.00087,9.06608,-10.21369,25.00000,25.00000,168.01802,0.43853,0.10886,0.75551,0.00000,0.46750,0.39625,0.00000,none
9.18333,49.94354,36.98660,3.44056,-0.21564,-0.00088,9.02325,-10.34646,25.00000,25.00000,168.01340,0.43896,0.10910,0.75194,0.00000,0.47000,0.39750,0.00000,none
9.18750,49.94375,36.99123,3.43948,-0.21525,-0.00089,8.97986,-10.47934,25.00000,25.00000,168.00877,0.43939,0.10933,0.74832,0.00000,0.47250,0.39875,0.00000,none
9.19167,49.94396,36.99578,3.43841,-0.21487,-0.00090,8.93592,-10.61206,25.00000,25.00000,168.00422,0.43958,0.10937,0.74466,0.00000,0.47250,0.40000,0.00000,none
9.19583,49.94418,37.00026,3.43734,-0.21451,-0.00090,8.89143,-10.74462,25.00000,25.00000,167.99974,0.43976,0.10941,0.74095,0.00000,0.47250,0.40125,0.00000,none
9.20000,49.94439,37.00468,3.43628,-0.21416,-0.00091,8.84638,-10.87701,25.00000,25.00000,167.99532,0.43994,0.10945,0.73720,0.00000,0.47250,0.40250,0.00000,none
9.20417,49.94461,37.00902,3.43522,-0.21383,-0.00091,8.80078,-11.00923,25.00000,25.00000,167.99098,0.44012,0.10948,0.73340,0.00000,0.47250,0.40375,0.00000,none
9.20833,49.94483,37.01330,3.43417,-0.21352,-0.00091,8.75464,-11.14127,25.00000,25.00000,167.98670,0.44030,0.10952,0.72955,0.00000,0.47250,0.40500,0.00000,none
9.21250,49.94504,37.01752,3.43312,-0.21322,-0.00091,8.70794,-11.27313,25.00000,25.00000,167.98248,0.44047,0.10956,0.72566,0.00000,0.47250,0.40625,0.00000,none
9.21667,49.94526,37.02167,3.43207,-0.21293,-0.00091,8.66069,-11.40481,25.00000,25.00000,167.97833,0.44064,0.10959,0.72172,0.00000,0.47250,0.40750,0.00000,none
9.22083,49.94548,37.02576,3.43103,-0.21266,-0.00091,8.61290,-11.53630,25.00000,25.00000,167.97424,0.44081,0.10963,0.71774,0.00000,0.47250,0.40875,0.00000,none
9.22500,49.94569,37.02979,3.42999,-0.21240,-0.00091,8.56456,-11.66759,25.00000,25.00000,167.97021,0.44098,0.10966,0.71371,0.00000,0.47250,0.41000,0.00000,none
9.22917,49.94591,37.03376,3.42896,-0.21215,-0.00091,8.51567,-11.79869,25.00000,25.00000,167.96624,0.44114,0.10969,0.70964,0.00000,0.47250,0.41125,0.00000,none
9.23333,49.94613,37.03768,3.42793,-0.21191,-0.00091,8.46624,-11.92959,25.00000,25.00000,167.96232,0.44130,0.10973,0.70552,0.00000,0.47250,0.41250,0.00000,none
9.23750,49.94635,37.04155,3.42691,-0.21169,-0.00091,8.41626,-12.06028,25.00000,25.00000,167.95845,0.44146,0.10976,0.70135,0.00000,0.47250,0.41375,0.00000,none
9.24167,49.94656,37.04536,3.42589,-0.21147,-0.00091,8.36573,-12.19075,25.00000,25.00000,167.95464,0.44162,0.10979,0.69714,0.00000,0.47250,0.41500,0.00000,none
9.24583,49.94678,37.04913,3.42487,-0.21127,-0.00091,8.31467,-12.32101,25.00000,25.00000,167.95087,0.44178,0.10982,0.69289,0.00000,0.47250,0.41625,0.00000,none
9.25000,49.94700,37.05284,3.42386,-0.21108,-0.00091,8.26306,-12.45105,25.00000,25.00000,167.94716,0.44193,0.10986,0.68859,0.00000,0.47250,0.41750,0.00000,none
9.25417,49.94721,37.05651,3.42285,-0.21089,-0.00091,8.21091,-12.58086,25.00000,25.00000,167.94349,0.44208,0.10989,0.68424,0.00000,0.47250,0.41875,0.00000,none
9.25833,49.94743,37.06014,3.42185,-0.21072,-0.00091,8.15822,-12.71043,25.00000,25.00000,167.93986,0.44223,0.10992,0.67985,0.00000,0.47250,0.42000,0.00000,none
9.26250,49.94765,37.06372,3.42085,-0.21055,-0.00091,8.10499,-12.83977,25.00000,25.00000,167.93628,0.44238,0.10995,0.67542,0.00000,0.47250,0.42125,0.00000,none
9.26667,49.94786,37.06726,3.41985,-0.21039,-0.00091,8.05122,-12.96886,25.00000,25.00000,167.93274,0.44252,0.10998,0.67094,0.00000,0.47250,0.42250,0.00000,none
9.27083,49.94808,37.07076,3.41886,-0.21025,-0.00091,7.99691,-13.09771,25.00000,25.00000,167.92924,0.44267,0.11001,0.66641,0.00000,0.47250,0.42375,0.00000,none
9.27500,49.94830,37.07422,3.41787,-0.21010,-0.00091,7.94207,-13.22630,25.00000,25.00000,167.92578,0.44281,0.11004,0.66184,0.00000,0.47250,0.42500,0.00000,none
9.27917,49.94852,37.07764,3.41688,-0.20997,-0.00091,7.88670,-13.35463,25.00000,25.00000,167.92236,0.44295,0.11007,0.65722,0.00000,0.47250,0.42625,0.00000,none
9.28333,49.94873,37.08103,3.41590,-0.20984,-0.00091,7.83078,-13.48269,25.00000,25.00000,167.91897,0.44309,0.11010,0.65257,0.00000,0.47250,0.42750,0.00000,none
9.28750,49.94895,37.08438,3.41492,-0.20972,-0.00092,7.77434,-13.61048,25.00000,25.00000,167.91562,0.44323,0.11012,0.64786,0.00000,0.47250,0.42875,0.00000,none
9.29167,49.94917,37.08770,3.41395,-0.20961,-0.00092,7.71736,-13.73799,25.00000,25.00000,167.91230,0.44337,0.11015,0.64311,0.00000,0.47250,0.43000,0.00000,none
9.29583,49.94939,37.09098,3.41298,-0.20950,-0.00092,7.65986,-13.86522,25.00000,25.00000,167.90902,0.44350,0.11018,0.63832,0.00000,0.47250,0.43125,0.00000,none
9.30000,49.94961,37.09424,3.41201,-0.20940,-0.00092,7.60182,-13.99215,25.00000,25.00000,167.90576,0.44364,0.11021,0.63349,0.00000,0.47250,0.43250,0.00000,none
9.30417,49.94983,37.09746,3.41105,-0.20931,-0.00093,7.54326,-14.11878,25.00000,25.00000,167.90254,0.44377,0.11024,0.62860,0.00000,0.47250,0.43375,0.00000,none
9.30833,49.95005,37.10066,3.41009,-0.20922,-0.00093,7.48416,-14.24511,25.00000,25.00000,167.89934,0.44390,0.11026,0.62368,0.00000,0.47250,0.43500,0.00000,none
9.31250,49.95028,37.10382,3.40913,-0.20913,-0.00093,7.42455,-14.37113,25.00000,25.00000,167.89618,0.44404,0.11029,0.61871,0.00000,0.47250,0.43625,0.00000,none
9.31667,49.95050,37.10696,3.40818,-0.20905,-0.00094,7.36440,-14.49683,25.00000,25.00000,167.89304,0.44416,0.11032,0.61370,0.00000,0.47250,0.43750,0.00000,none
9.32083,49.95072,37.11008,3.40723,-0.20898,-0.00094,7.30374,-14.62221,25.00000,25.00000,167.88992,0.44429,0.11034,0.60864,0.00000,0.47250,0.43875,0.00000,none
9.32500,49.95095,37.11317,3.40628,-0.20891,-0.00095,7.24255,-14.74725,25.00000,25.00000,167.88683,0.44442,0.11037,0.60355,0.00000,0.47250,0.44000,0.00000,none
9.32917,49.95117,37.11623,3.40534,-0.20884,-0.00095,7.18085,-14.87196,25.00000,25.00000,167.88377,0.44455,0.11040,0.59840,0.00000,0.47250,0.44125,0.00000,none
9.33333,49.95140,37.11927,3.40440,-0.20878,-0.00095,7.11862,-14.99573,25.00000,25.00000,167.88073,0.44467,0.11042,0.59322,0.00000,0.47250,0.44083,0.00000,none
9.33750,49.95163,37.12229,3.40347,-0.20872,-0.00096,7.05588,-15.11858,25.00000,25.00000,167.87771,0.44480,0.11045,0.58799,0.00000,0.47250,0.44042,0.00000,none
9.34167,49.95186,37.12528,3.40253,-0.20867,-0.00097,6.99263,-15.24049,25.00000,25.00000,167.87472,0.44492,0.11047,0.58272,0.00000,0.47250,0.44000,0.00000,none
9.34583,49.95209,37.12826,3.40160,-0.20862,-0.00097,6.92888,-15.36145,25.00000,25.00000,167.87174,0.44504,0.11050,0.57741,0.00000,0.47250,0.43958,0.00000,none
9.35000,49.95232,37.13121,3.40068,-0.20857,-0.00098,6.86462,-15.48146,25.00000,25.00000,167.86879,0.44517,0.11052,0.57205,0.00000,0.47250,0.43917,0.00000,none
9.35417,49.95256,37.13415,3.39976,-0.20853,-0.00098,6.79987,-15.60052,25.00000,25.00000,167.86585,0.44529,0.11055,0.56666,0.00000,0.47250,0.43875,0.00000,none
9.35833,49.95279,37.13706,3.39884,-0.20849,-0.00099,6.73462,-15.71861,25.00000,25.00000,167.86294,0.44541,0.11057,0.56122,0.00000,0.47250,0.43833,0.00000,none
9.36250,49.95303,37.13996,3.39792,-0.20845,-0.00099,6.66888,-15.83574,25.00000,25.00000,167.86004,0.44553,0.11060,0.55574,0.00000,0.47250,0.43792,0.00000,none
9.36667,49.95327,37.14284,3.39701,-0.20841,-0.00100,6.60266,-15.95189,25.00000,25.00000,167.85716,0.44565,0.11062,0.55022,0.00000,0.47250,0.43750,0.00000,none
9.37083,49.95351,37.14570,3.39609,-0.20838,-0.00101,6.53595,-16.06706,25.00000,25.00000,167.85430,0.44576,0.11065,0.54466,0.00000,0.47250,0.43708,0.00000,none
9.37500,49.95375,37.14855,3.39519,-0.20835,-0.00101,6.46877,-16.18124,25.00000,25.00000,167.85145,0.44588,0.11067,0.53906,0.00000,0.47250,0.43667,0.00000,none
9.37917,49.95399,37.15137,3.39428,-0.20833,-0.00102,6.40111,-16.29443,25.00000,25.00000,167.84863,0.44600,0.11070,0.53343,0.00000,0.47250,0.43625,0.00000,none
9.38333,49.95424,37.15419,3.39338,-0.20830,-0.00103,6.33298,-16.40661,25.00000,25.00000,167.84581,0.44612,0.11072,0.52775,0.00000,0.47250,0.43583,0.00000,none
9.38750,49.95448,37.15699,3.39248,-0.20828,-0.00104,6.26439,-16.51779,25.00000,25.00000,167.84301,0.44623,0.11075,0.52203,0.00000,0.47250,0.43542,0.00000,none
9.39167,49.95473,37.15977,3.39159,-0.20826,-0.00104,6.19534,-16.62795,25.00000,25.00000,167.84023,0.44635,0.11077,0.51628,0.00000,0.47250,0.43500,0.00000,none
9.39583,49.95498,37.16254,3.39070,-0.20824,-0.00105,6.12582,-16.73709,25.00000,25.00000,167.83746,0.44646,0.11079,0.51049,0.00000,0.47250,0.43458,0.00000,none
9.40000,49.95523,37.16530,3.38981,-0.20822,-0.00106,6.05586,-16.84520,25.00000,25.00000,167.83470,0.44657,0.11082,0.50466,0.00000,0.47250,0.43417,0.00000,none
9.40417,49.95549,37.16804,3.38892,-0.20821,-0.00107,5.98545,-16.95228,25.00000,25.00000,167.83196,0.44669,0.11084,0.49879,0.00000,0.47250,0.43375,0.00000,none
9.40833,49.95574,37.17073,3.38804,-0.20820,-0.00107,5.91459,-17.05817,25.00000,25.00000,167.82927,0.44668,0.11077,0.49288,0.00000,0.47125,0.43333,0.00000,none
9.41250,49.95600,37.17337,3.38717,-0.20821,-0.00108,5.84330,-17.16288,25.00000,25.00000,167.82663,0.44666,0.11069,0.48694,0.00000,0.47000,0.43292,0.00000,none
9.41667,49.95626,37.17597,3.38631,-0.20822,-0.00109,5.77157,-17.26640,25.00000,25.00000,167.82403,0.44664,0.11061,0.48096,0.00000,0.46875,0.43250,0.00000,none
9.42083,49.95652,37.17851,3.38545,-0.20824,-0.00109,5.69942,-17.36871,25.00000,25.00000,167.82149,0.44662,0.11054,0.47495,0.00000,0.46750,0.43208,0.00000,none
9.42500,49.95678,37.18100,3.38460,-0.20827,-0.00110,5.62683,-17.46982,25.00000,25.00000,167.81900,0.44660,0.11046,0.46890,0.00000,0.46625,0.43167,0.00000,none
9.42917,49.95704,37.18345,3.38376,-0.20830,-0.00110,5.55384,-17.56970,25.00000,25.00000,167.81655,0.44657,0.11038,0.46282,0.00000,0.46500,0.43125,0.00000,none
9.43333,49.95731,37.18585,3.38292,-0.20834,-0.00111,5.48042,-17.66836,25.00000,25.00000,167.81415,0.44654,0.11030,0.45670,0.00000,0.46375,0.43083,0.00000,none
9.43750,49.95757,37.18820,3.38209,-0.20839,-0.00111,5.40660,-17.76578,25.00000,25.00000,167.81180,0.44651,0.11022,0.45055,0.00000,0.46250,0.43042,0.00000,none
9.44167,49.95784,37.19051,3.38127,-0.20845,-0.00112,5.33238,-17.86196,25.00000,25.00000,167.80949,0.44647,0.11014,0.44436,0.00000,0.46125,0.43000,0.00000,none
9.44583,49.95811,37.19278,3.38045,-0.20851,-0.00112,5.25775,-17.95689,25.00000,25.00000,167.80722,0.44643,0.11006,0.43815,0.00000,0.46000,0.42958,0.00000,none
9.45000,49.95837,37.19501,3.37964,-0.20858,-0.00113,5.18274,-18.05056,25.00000,25.00000,167.80499,0.44639,0.10998,0.43189,0.00000,0.45875,0.42917,0.00000,none
9.45417,49.95864,37.19719,3.37884,-0.20866,-0.00113,5.10733,-18.14297,25.00000,25.00000,167.80281,0.44635,0.10990,0.42561,0.00000,0.45750,0.42875,0.00000,none
9.45833,49.95892,37.19933,3.37805,-0.20874,-0.00114,5.03155,-18.23410,25.00000,25.00000,167.80067,0.44630,0.10981,0.41930,0.00000,0.45625,0.42833,0.00000,none
9.46250,49.95919,37.20144,3.37726,-0.20883,-0.00114,4.95538,-18.32394,25.00000,25.00000,167.79856,0.44626,0.10973,0.41295,0.00000,0.45500,0.42792,0.00000,none
9.46667,49.95946,37.20350,3.37648,-0.20893,-0.00115,4.87885,-18.41249,25.00000,25.00000,167.79650,0.44621,0.10965,0.40657,0.00000,0.45375,0.42750,0.00000,none
9.47083,49.95974,37.20553,3.37570,-0.20903,-0.00116,4.80195,-18.49974,25.00000,25.00000,167.79447,0.44615,0.10956,0.40016,0.00000,0.45250,0.42708,0.00000,none
9.47500,49.96001,37.20752,3.37494,-0.20913,-0.00116,4.72469,-18.58568,25.00000,25.00000,167.79248,0.44610,0.10948,0.39372,0.00000,0.45125,0.42667,0.00000,none
9.47917,49.96029,37.20947,3.37417,-0.20924,-0.00117,4.64707,-18.67030,25.00000,25.00000,167.79053,0.44604,0.10940,0.38726,0.00000,0.45000,0.42625,0.00000,none
9.48333,49.96057,37.21139,3.37342,-0.20936,-0.00118,4.56910,-18.75359,25.00000,25.00000,167.78861,0.44598,0.10931,0.38076,0.00000,0.44875,0.42583,0.00000,none
9.48750,49.96085,37.21328,3.37267,-0.20948,-0.00118,4.49079,-18.83555,25.00000,25.00000,167.78672,0.44592,0.10922,0.37423,0.00000,0.44750,0.42542,0.00000,none
9.49167,49.96114,37.21513,3.37193,-0.20960,-0.00119,4.41214,-18.91617,25.00000,25.00000,167.78487,0.44585,0.10914,0.36768,0.00000,0.44625,0.42500,0.00000,none
9.49583,49.96142,37.21694,3.37120,-0.20973,-0.00120,4.33316,-18.99543,25.00000,25.00000,167.78306,0.44579,0.10905,0.36110,0.00000,0.44500,0.42458,0.00000,none
9.50000,49.96171,37.21873,3.37047,-0.20986,-0.00120,4.25385,-19.07333,25.00000,25.00000,167.78127,0.44572,0.10896,0.35449,0.00000,0.44375,0.42417,0.00000,none
9.50417,49.96200,37.22048,3.36975,-0.21000,-0.00121,4.17422,-19.14986,25.00000,25.00000,167.77952,0.44565,0.10888,0.34785,0.00000,0.44250,0.42375,0.00000,none
9.50833,49.96229,37.22220,3.36904,-0.21014,-0.00122,4.09427,-19.22501,25.00000,25.00000,167.77780,0.44558,0.10879,0.34119,0.00000,0.44125,0.42333,0.00000,none
9.51250,49.96258,37.22389,3.36833,-0.21028,-0.00123,4.01401,-19.29877,25.00000,25.00000,167.77611,0.44550,0.10870,0.33450,0.00000,0.44000,0.42292,0.00000,none
9.51667,49.96287,37.22555,3.36763,-0.21043,-0.00124,3.93345,-19.37114,25.00000,25.00000,167.77445,0.44542,0.10861,0.32779,0.00000,0.43875,0.42250,0.00000,none
9.52083,49.96317,37.22719,3.36693,-0.21058,-0.00124,3.85259,-19.44210,25.00000,25.00000,167.77281,0.44534,0.10852,0.32105,0.00000,0.43750,0.42208,0.00000,none
9.52500,49.96347,37.22879,3.36625,-0.21073,-0.00125,3.77143,-19.51164,25.00000,25.00000,167.77121,0.44526,0.10843,0.31429,0.00000,0.43625,0.42167,0.00000,none
9.52917,49.96377,37.23036,3.36557,-0.21089,-0.00126,3.68999,-19.57977,25.00000,25.00000,167.76964,0.44518,0.10834,0.30750,0.00000,0.43500,0.42125,0.00000,none
9.53333,49.96407,37.23191,3.36489,-0.21105,-0.00127,3.60827,-19.64646,25.00000,25.00000,167.76809,0.44510,0.10825,0.30069,0.00000,0.43375,0.42083,0.00000,none
9.53750,49.96437,37.23343,3.36422,-0.21121,-0.00128,3.52627,-19.71171,25.00000,25.00000,167.76657,0.44501,0.10816,0.29386,0.00000,0.43250,0.42042,0.00000,none
9.54167,49.96468,37.23493,3.36356,-0.21137,-0.00129,3.44401,-19.77551,25.00000,25.00000,167.76507,0.44492,0.10807,0.28700,0.00000,0.43125,0.42000,0.00000,none
9.54583,49.96499,37.23640,3.36291,-0.21154,-0.00130,3.36148,-19.83786,25.00000,25.00000,167.76360,0.44483,0.10798,0.28012,0.00000,0.43000,0.41958,0.00000,none
9.55000,49.96530,37.23784,3.36226,-0.21171,-0.00131,3.27870,-19.89873,25.00000,25.00000,167.76216,0.44474,0.10789,0.27322,0.00000,0.42875,0.41917,0.00000,none
9.55417,49.96561,37.23926,3.36161,-0.21189,-0.00132,3.19566,-19.95814,25.00000,25.00000,167.76074,0.44465,0.10780,0.26631,0.00000,0.42750,0.41875,0.00000,none
9.55833,49.96593,37.24065,3.36098,-0.21206,-0.00133,3.11238,-20.01605,25.00000,25.00000,167.75935,0.44455,0.10771,0.25937,0.00000,0.42625,0.41833,0.00000,none
9.56250,49.96625,37.24202,3.36035,-0.21224,-0.00134,3.02886,-20.07248,25.00000,25.00000,167.75798,0.44446,0.10761,0.25241,0.00000,0.42500,0.41792,0.00000,none
9.56667,49.96657,37.24337,3.35973,-0.21242,-0.00135,2.94511,-20.12740,25.00000,25.00000,167.75663,0.44436,0.10752,0.24543,0.00000,0.42375,0.41750,0.00000,none
9.57083,49.96689,37.24469,3.35911,-0.21260,-0.00136,2.86114,-20.18081,25.00000,25.00000,167.75531,0.44426,0.10743,0.23843,0.00000,0.42250,0.41708,0.00000,none
9.57500,49.96722,37.24599,3.35850,-0.21278,-0.00137,2.77694,-20.23271,25.00000,25.00000,167.75401,0.44416,0.10733,0.23141,0.00000,0.42125,0.41667,0.00000,none
9.57917,49.96755,37.24727,3.35790,-0.21297,-0.00138,2.69253,-20.28308,25.00000,25.00000,167.75273,0.44405,0.10724,0.22438,0.00000,0.42000,0.41625,0.00000,none
9.58333,49.96788,37.24852,3.35730,-0.21315,-0.00139,2.60792,-20.33191,25.00000,25.00000,167.75148,0.44395,0.10715,0.21733,0.00000,0.41875,0.41583,0.00000,none
9.58750,49.96821,37.24976,3.35671,-0.21334,-0.00141,2.52310,-20.37919,25.00000,25.00000,167.75024,0.44384,0.10705,0.21026,0.00000,0.41750,0.41542,0.00000,none
9.59167,49.96855,37.25097,3.35612,-0.21353,-0.00142,2.43809,-20.42493,25.00000,25.00000,167.74903,0.44374,0.10696,0.20317,0.00000,0.41625,0.41500,0.00000,none
9.59583,49.96889,37.25216,3.35554,-0.21372,-0.00143,2.35290,-20.46910,25.00000,25.00000,167.74784,0.44363,0.10686,0.19607,0.00000,0.41500,0.41458,0.00000,none
9.60000,49.96923,37.25334,3.35497,-0.21392,-0.00144,2.26752,-20.51170,25.00000,25.00000,167.74666,0.44352,0.10677,0.18896,0.00000,0.41375,0.41417,0.00000,none
9.60417,49.96958,37.25449,3.35440,-0.21411,-0.00145,2.18197,-20.55273,25.00000,25.00000,167.74551,0.44340,0.10667,0.18183,0.00000,0.41250,0.41375,0.00000,none
9.60833,49.96992,37.25562,3.35384,-0.21430,-0.00146,2.09625,-20.59217,25.00000,25.00000,167.74438,0.44329,0.10658,0.17469,0.00000,0.41125,0.41333,0.00000,none
9.61250,49.97028,37.25673,3.35329,-0.21450,-0.00148,2.01037,-20.63001,25.00000,25.00000,167.74327,0.44318,0.10648,0.16753,0.00000,0.41000,0.41292,0.00000,none
9.61667,49.97063,37.25782,3.35274,-0.21470,-0.00149,1.92434,-20.66625,25.00000,25.00000,167.74218,0.44306,0.10638,0.16036,0.00000,0.40875,0.41250,0.00000,none
9.62083,49.97099,37.25890,3.35220,-0.21490,-0.00150,1.83815,-20.70089,25.00000,25.00000,167.74110,0.44294,0.10629,0.15318,0.00000,0.40750,0.41208,0.00000,none
9.62500,49.97135,37.25995,3.35167,-0.21510,-0.00151,1.75183,-20.73390,25.00000,25.00000,167.74005,0.44282,0.10619,0.14599,0.00000,0.40625,0.41167,0.00000,none
9.62917,49.97171,37.26099,3.35114,-0.21530,-0.00153,1.66537,-20.76529,25.00000,25.00000,167.73901,0.44270,0.10609,0.13878,0.00000,0.40500,0.41125,0.00000,none
9.63333,49.97207,37.26201,3.35061,-0.21550,-0.00154,1.57879,-20.79504,25.00000,25.00000,167.73799,0.44258,0.10600,0.13157,0.00000,0.40375,0.41083,0.00000,none
9.63750,49.97244,37.26301,3.35010,-0.21570,-0.00155,1.49208,-20.82315,25.00000,25.00000,167.73699,0.44246,0.10590,0.12434,0.00000,0.40250,0.41042,0.00000,none
9.64167,49.97282,37.26399,3.34959,-0.21590,-0.00157,1.40527,-20.84961,25.00000,25.00000,167.73601,0.44233,0.10580,0.11711,0.00000,0.40125,0.41000,0.00000,none
9.64583,49.97319,37.26496,3.34908,-0.21611,-0.00158,1.31834,-20.87441,25.00000,25.00000,167.73504,0.44221,0.10570,0.10986,0.00000,0.40000,0.40958,0.00000,none
9.65000,49.97357,37.26591,3.34858,-0.21631,-0.00159,1.23131,-20.89755,25.00000,25.00000,167.73409,0.44208,0.10560,0.10261,0.00000,0.39875,0.40917,0.00000,none
9.65417,49.97395,37.26684,3.34809,-0.21652,-0.00160,1.14420,-20.91902,25.00000,25.00000,167.73316,0.44196,0.10550,0.09535,0.00000,0.39750,0.40875,0.00000,none
9.65833,49.97434,37.26776,3.34761,-0.21672,-0.00162,1.05699,-20.93881,25.00000,25.00000,167.73224,0.44183,0.10541,0.08808,0.00000,0.39625,0.40833,0.00000,none
9.66250,49.97472,37.26866,3.34712,-0.21693,-0.00163,0.96971,-20.95691,25.00000,25.00000,167.73134,0.44170,0.10531,0.08081,0.00000,0.39500,0.40792,0.00000,none
9.66667,49.97511,37.26954,3.34665,-0.21714,-0.00165,0.88235,-20.97331,25.00000,25.00000,167.73046,0.44156,0.10521,0.07353,0.00000,0.39375,0.40750,0.00000,none
9.67083,49.97551,37.27041,3.34618,-0.21734,-0.00166,0.79493,-20.98802,25.00000,25.00000,167.72959,0.44143,0.10511,0.06624,0.00000,0.39250,0.40708,0.00000,none
9.67500,49.97591,37.27126,3.34572,-0.21755,-0.00167,0.70746,-21.00102,25.00000,25.00000,167.72874,0.44130,0.10501,0.05895,0.00000,0.39125,0.40667,0.00000,none
9.67917,49.97631,37.27210,3.34526,-0.21776,-0.00169,0.61993,-21.01230,25.00000,25.00000,167.72790,0.44116,0.10491,0.05166,0.00000,0.39000,0.40625,0.00000,none
9.68333,49.97671,37.27292,3.34481,-0.21796,-0.00170,0.53236,-21.02187,25.00000,25.00000,167.72708,0.44103,0.10481,0.04436,0.00000,0.38875,0.40583,0.00000,none
9.68750,49.97712,37.27373,3.34437,-0.21817,-0.00171,0.44475,-21.02970,25.00000,25.00000,167.72627,0.44089,0.10471,0.03706,0.00000,0.38750,0.40542,0.00000,none
9.69167,49.97753,37.27452,3.34393,-0.21838,-0.00173,0.35711,-21.03581,25.00000,25.00000,167.72548,0.44075,0.10461,0.02976,0.00000,0.38625,0.40500,0.00000,none
9.69583,49.97794,37.27529,3.34350,-0.21859,-0.00174,0.26945,-21.04017,25.00000,25.00000,167.72471,0.44061,0.10451,0.02245,0.00000,0.38500,0.40458,0.00000,none
9.70000,49.97836,37.27606,3.34307,-0.21880,-0.00176,0.18178,-21.04279,25.00000,25.00000,167.72394,0.44047,0.10441,0.01515,0.00000,0.38375,0.40417,0.00000,none
9.70417,49.97878,37.27680,3.34265,-0.21901,-0.00177,0.09410,-21.04365,25.00000,25.00000,167.72320,0.44033,0.10430,0.00784,0.00000,0.38250,0.40375,0.00000,none
9.70833,49.97921,37.27754,3.34223,-0.21922,-0.00179,0.00642,-21.04276,25.00000,25.00000,167.72246,0.44019,0.10420,0.00053,0.00000,0.38125,0.40333,0.00000,none
9.71250,49.97963,37.27826,3.34182,-0.21943,-0.00180,-0.08125,-21.03833,25.00000,25.00000,167.72174,0.44005,0.10410,0.00813,0.00000,0.38000,0.40292,0.00000,none
9.71667,49.98007,37.27897,3.34142,-0.21964,-0.00181,-0.16889,-21.02791,25.00000,25.00000,167.72103,0.43990,0.10400,0.01689,0.00000,0.37875,0.40167,0.00000,none
9.72083,49.98050,37.27967,3.34102,-0.21984,-0.00182,-0.25648,-21.01151,25.00000,25.00000,167.72033,0.43976,0.10390,0.02565,0.00000,0.37750,0.40042,0.00000,none
9.72500,49.98093,37.28037,3.34062,-0.22005,-0.00183,-0.34398,-20.98921,25.00000,25.00000,167.71963,0.43961,0.10380,0.03440,0.00000,0.37625,0.39917,0.00000,none
9.72917,49.98137,37.28104,3.34023,-0.22026,-0.00183,-0.43138,-20.96107,25.00000,25.00000,167.71896,0.43947,0.10369,0.04314,0.00000,0.37500,0.39792,0.00000,none
9.73333,49.98181,37.28171,3.33984,-0.22048,-0.00184,-0.51865,-20.92716,25.00000,25.00000,167.71829,0.43932,0.10359,0.05186,0.00000,0.37375,0.39667,0.00000,none
9.73750,49.98225,37.28236,3.33945,-0.22069,-0.00184,-0.60576,-20.88757,25.00000,25.00000,167.71764,0.43917,0.10349,0.06058,0.00000,0.37250,0.39542,0.00000,none
9.74167,49.98269,37.28301,3.33907,-0.22090,-0.00185,-0.69270,-20.84236,25.00000,25.00000,167.71699,0.43902,0.10339,0.06927,0.00000,0.37125,0.39417,0.00000,none
9.74583,49.98313,37.28363,3.33869,-0.22111,-0.00185,-0.77944,-20.79160,25.00000,25.00000,167.71637,0.43887,0.10328,0.07794,0.00000,0.37000,0.39292,0.00000,none
9.75000,49.98357,37.28425,3.33832,-0.22133,-0.00185,-0.86596,-20.73538,25.00000,25.00000,167.71575,0.43872,0.10318,0.08660,0.00000,0.36875,0.39167,0.00000,none
9.75417,49.98401,37.28485,3.33795,-0.22154,-0.00185,-0.95223,-20.67376,25.00000,25.00000,167.71515,0.43857,0.10308,0.09522,0.00000,0.36750,0.39042,0.00000,none
9.75833,49.98446,37.28544,3.33758,-0.22176,-0.00186,-1.03823,-20.60683,25.00000,25.00000,167.71456,0.43842,0.10297,0.10382,0.00000,0.36625,0.38917,0.00000,none
9.76250,49.98490,37.28601,3.33722,-0.22197,-0.00186,-1.12394,-20.53466,25.00000,25.00000,167.71399,0.43826,0.10287,0.11239,0.00000,0.36500,0.38792,0.00000,none
9.76667,49.98534,37.28657,3.33686,-0.22219,-0.00186,-1.20935,-20.45734,25.00000,25.00000,167.71343,0.43811,0.10277,0.12093,0.00000,0.36375,0.38667,0.00000,none
9.77083,49.98579,37.28712,3.33650,-0.22241,-0.00186,-1.29441,-20.37493,25.00000,25.00000,167.71288,0.43795,0.10266,0.12944,0.00000,0.36250,0.38542,0.00000,none
9.77500,49.98623,37.28766,3.33615,-0.22262,-0.00186,-1.37913,-20.28753,25.00000,25.00000,167.71234,0.43779,0.10256,0.13791,0.00000,0.36125,0.38417,0.00000,none
9.77917,49.98668,37.28818,3.33581,-0.22284,-0.00186,-1.46347,-20.19519,25.00000,25.00000,167.71182,0.43764,0.10245,0.14635,0.00000,0.36000,0.38292,0.00000,none
9.78333,49.98712,37.28869,3.33547,-0.22306,-0.00186,-1.54742,-20.09802,25.00000,25.00000,167.71131,0.43748,0.10235,0.15474,0.00000,0.35875,0.38167,0.00000,none
9.78750,49.98757,37.28919,3.33513,-0.22328,-0.00187,-1.63095,-19.99608,25.00000,25.00000,167.71081,0.43732,0.10224,0.16309,0.00000,0.35750,0.38042,0.00000,none
9.79167,49.98801,37.28967,3.33479,-0.22350,-0.00187,-1.71404,-19.88946,25.00000,25.00000,167.71033,0.43716,0.10214,0.17140,0.00000,0.35625,0.37917,0.00000,none
9.79583,49.98846,37.29014,3.33446,-0.22372,-0.00187,-1.79668,-19.77824,25.00000,25.00000,167.70986,0.43700,0.10203,0.17967,0.00000,0.35500,0.37792,0.00000,none
9.80000,49.98890,37.29060,3.33413,-0.22394,-0.00187,-1.87885,-19.66249,25.00000,25.00000,167.70940,0.43684,0.10193,0.18789,0.00000,0.35375,0.37667,0.00000,none
9.80417,49.98935,37.29105,3.33381,-0.22416,-0.00187,-1.96053,-19.54230,25.00000,25.00000,167.70895,0.43668,0.10182,0.19605,0.00000,0.35250,0.37542,0.00000,none
9.80833,49.98980,37.29149,3.33349,-0.22438,-0.00187,-2.04170,-19.41775,25.00000,25.00000,167.70851,0.43651,0.10172,0.20417,0.00000,0.35125,0.37417,0.00000,none
9.81250,49.99024,37.29191,3.33318,-0.22460,-0.00187,-2.12234,-19.28891,25.00000,25.00000,167.70809,0.43635,0.10161,0.21223,0.00000,0.35000,0.37292,0.00000,none
9.81667,49.99069,37.29233,3.33287,-0.22483,-0.00187,-2.20243,-19.15587,25.00000,25.00000,167.70767,0.43619,0.10151,0.22024,0.00000,0.34875,0.37167,0.00000,none
9.82083,49.99114,37.29273,3.33256,-0.22505,-0.00187,-2.28197,-19.01870,25.00000,25.00000,167.70727,0.43602,0.10140,0.22820,0.00000,0.34750,0.37042,0.00000,none
9.82500,49.99158,37.29312,3.33225,-0.22527,-0.00187,-2.36092,-18.87749,25.00000,25.00000,167.70688,0.43586,0.10130,0.23609,0.00000,0.34625,0.36917,0.00000,none
9.82917,49.99203,37.29350,3.33195,-0.22549,-0.00188,-2.43927,-18.73231,25.00000,25.00000,167.70650,0.43569,0.10119,0.24393,0.00000,0.34500,0.36792,0.00000,none
9.83333,49.99248,37.29386,3.33166,-0.22571,-0.00188,-2.51701,-18.58325,25.00000,25.00000,167.70614,0.43552,0.10108,0.25170,0.00000,0.34375,0.36667,0.00000,none
9.83750,49.99293,37.29422,3.33137,-0.22594,-0.00188,-2.59413,-18.43038,25.00000,25.00000,167.70578,0.43535,0.10098,0.25941,0.00000,0.34250,0.36542,0.00000,none
9.84167,49.99337,37.29456,3.33108,-0.22616,-0.00188,-2.67060,-18.27377,25.00000,25.00000,167.70544,0.43519,0.10087,0.26706,0.00000,0.34125,0.36417,0.00000,none
9.84583,49.99382,37.29490,3.33079,-0.22638,-0.00188,-2.74640,-18.11352,25.00000,25.00000,167.70510,0.43502,0.10077,0.27464,0.00000,0.34000,0.36292,0.00000,none
9.85000,49.99427,37.29522,3.33051,-0.22660,-0.00188,-2.82154,-17.94968,25.00000,25.00000,167.70478,0.43485,0.10066,0.28215,0.00000,0.33875,0.36167,0.00000,none
9.85417,49.99472,37.29553,3.33024,-0.22683,-0.00188,-2.89598,-17.78235,25.00000,25.00000,167.70447,0.43468,0.10055,0.28960,0.00000,0.33750,0.36042,0.00000,none
9.85833,49.99517,37.29583,3.32997,-0.22705,-0.00188,-2.96972,-17.61160,25.00000,25.00000,167.70417,0.43450,0.10045,0.29697,0.00000,0.33625,0.35917,0.00000,none
9.86250,49.99562,37.29613,3.32970,-0.22727,-0.00188,-3.04274,-17.43749,25.00000,25.00000,167.70387,0.43433,0.10034,0.30427,0.00000,0.33500,0.35792,0.00000,none
9.86667,49.99607,37.29641,3.32943,-0.22749,-0.00188,-3.11502,-17.26011,25.00000,25.00000,167.70359,0.43416,0.10023,0.31150,0.00000,0.33375,0.35667,0.00000,none
9.87083,49.99652,37.29668,3.32917,-0.22771,-0.00189,-3.18657,-17.07954,25.00000,25.00000,167.70332,0.43399,0.10013,0.31866,0.00000,0.33250,0.35542,0.00000,none
9.87500,49.99697,37.29693,3.32892,-0.22794,-0.00189,-3.25735,-16.89583,25.00000,25.00000,167.70307,0.43381,0.10002,0.32573,0.00000,0.33125,0.35417,0.00000,none
9.87917,49.99742,37.29718,3.32866,-0.22816,-0.00189,-3.32736,-16.70908,25.00000,25.00000,167.70282,0.43364,0.09991,0.33274,0.00000,0.33000,0.35292,0.00000,none
9.88333,49.99787,37.29742,3.32841,-0.22838,-0.00189,-3.39659,-16.51934,25.00000,25.00000,167.70258,0.43347,0.09980,0.33966,0.00000,0.32875,0.35167,0.00000,none
9.88750,49.99832,37.29765,3.32817,-0.22860,-0.00189,-3.46502,-16.32670,25.00000,25.00000,167.70235,0.43329,0.09970,0.34650,0.00000,0.32750,0.35042,0.00000,none
9.89167,49.99877,37.29787,3.32793,-0.22882,-0.00189,-3.53264,-16.13122,25.00000,25.00000,167.70213,0.43311,0.09959,0.35326,0.00000,0.32625,0.34917,0.00000,none
9.89583,49.99922,37.29807,3.32769,-0.22904,-0.00189,-3.59944,-15.93297,25.00000,25.00000,167.70193,0.43294,0.09948,0.35994,0.00000,0.32500,0.34792,0.00000,none
9.90000,49.99967,37.29827,3.32746,-0.22927,-0.00189,-3.66541,-15.73202,25.00000,25.00000,167.70173,0.43276,0.09937,0.36654,0.00000,0.32375,0.34667,0.00000,none
9.90417,50.00013,37.29846,3.32723,-0.22949,-0.00189,-3.73054,-15.52844,25.00000,25.00000,167.70154,0.43258,0.09926,0.37305,0.00000,0.32250,0.34542,0.00000,none
9.90833,50.00058,37.29863,3.32701,-0.22971,-0.00189,-3.79481,-15.32230,25.00000,25.00000,167.70137,0.43241,0.09916,0.37948,0.00000,0.32125,0.34417,0.00000,none
9.91250,50.00103,37.29880,3.32678,-0.22993,-0.00189,-3.85822,-15.11367,25.00000,25.00000,167.70120,0.43223,0.09905,0.38582,0.00000,0.32000,0.34292,0.00000,none
9.91667,50.00148,37.29896,3.32657,-0.23015,-0.00189,-3.92075,-14.90260,25.00000,25.00000,167.70104,0.43205,0.09894,0.39208,0.00000,0.31875,0.34167,0.00000,none
9.92083,50.00193,37.29910,3.32635,-0.23037,-0.00189,-3.98240,-14.68917,25.00000,25.00000,167.70090,0.43187,0.09883,0.39824,0.00000,0.31750,0.34042,0.00000,none
9.92500,50.00239,37.29924,3.32615,-0.23059,-0.00189,-4.04316,-14.47344,25.00000,25.00000,167.70076,0.43169,0.09872,0.40432,0.00000,0.31625,0.33917,0.00000,none
9.92917,50.00284,37.29936,3.32594,-0.23081,-0.00190,-4.10301,-14.25548,25.00000,25.00000,167.70064,0.43151,0.09862,0.41030,0.00000,0.31500,0.33792,0.00000,none
9.93333,50.00329,37.29947,3.32574,-0.23103,-0.00190,-4.16195,-14.03534,25.00000,25.00000,167.70053,0.43133,0.09851,0.41620,0.00000,0.31375,0.33667,0.00000,none
9.93750,50.00374,37.29958,3.32554,-0.23124,-0.00190,-4.21997,-13.81309,25.00000,25.00000,167.70042,0.43115,0.09840,0.42200,0.00000,0.31250,0.33542,0.00000,none
9.94167,50.00420,37.29967,3.32535,-0.23146,-0.00190,-4.27706,-13.58879,25.00000,25.00000,167.70033,0.43096,0.09829,0.42771,0.00000,0.31125,0.33417,0.00000,none
9.94583,50.00465,37.29975,3.32516,-0.23168,-0.00190,-4.33320,-13.36249,25.00000,25.00000,167.70025,0.43078,0.09818,0.43332,0.00000,0.31000,0.33292,0.00000,none
9.95000,50.00510,37.29983,3.32498,-0.23190,-0.00190,-4.38841,-13.13427,25.00000,25.00000,167.70017,0.43060,0.09807,0.43884,0.00000,0.30875,0.33167,0.00000,none
9.95417,50.00555,37.29989,3.32480,-0.23212,-0.00190,-4.44265,-12.90417,25.00000,25.00000,167.70011,0.43041,0.09796,0.44427,0.00000,0.30750,0.33042,0.00000,none
9.95833,50.00601,37.29994,3.32462,-0.23233,-0.00190,-4.49594,-12.67226,25.00000,25.00000,167.70006,0.43023,0.09785,0.44959,0.00000,0.30625,0.32917,0.00000,none
9.96250,50.00646,37.29998,3.32445,-0.23255,-0.00190,-4.54825,-12.43859,25.00000,25.00000,167.70002,0.43005,0.09775,0.45483,0.00000,0.30500,0.32792,0.00000,none
9.96667,50.00691,37.30001,3.32428,-0.23277,-0.00189,-4.59959,-12.20321,25.00000,25.00000,167.69999,0.42986,0.09764,0.45996,0.00000,0.30375,0.32667,0.00000,none
9.97083,50.00736,37.30003,3.32412,-0.23298,-0.00189,-4.64994,-11.96619,25.00000,25.00000,167.69997,0.42968,0.09753,0.46499,0.00000,0.30250,0.32542,0.00000,none
9.97500,50.00782,37.30004,3.32396,-0.23320,-0.00189,-4.69931,-11.72757,25.00000,25.00000,167.69996,0.42949,0.09742,0.46993,0.00000,0.30125,0.32417,0.00000,none
9.97917,50.00827,37.30004,3.32380,-0.23341,-0.00189,-4.74767,-11.48741,25.00000,25.00000,167.69996,0.42931,0.09731,0.47477,0.00000,0.30000,0.32292,0.00000,none
9.98333,50.00872,37.30002,3.32365,-0.23363,-0.00189,-4.79503,-11.24576,25.00000,25.00000,167.69998,0.42912,0.09720,0.47950,0.00000,0.29875,0.32167,0.00000,none
9.98750,50.00917,37.30000,3.32351,-0.23384,-0.00189,-4.84138,-11.00267,25.00000,25.00000,167.70000,0.42893,0.09709,0.48414,0.00000,0.29750,0.32042,0.00000,none
9.99167,50.00962,37.29996,3.32336,-0.23406,-0.00189,-4.88672,-10.75820,25.00000,25.00000,167.70004,0.42874,0.09698,0.48867,0.00000,0.29625,0.31917,0.00000,none
9.99583,50.01007,37.29992,3.32323,-0.23427,-0.00189,-4.93103,-10.51239,25.00000,25.00000,167.70008,0.42856,0.09687,0.49310,0.00000,0.29500,0.31792,0.00000,none
10.00000,50.01052,37.29986,3.32309,-0.23449,-0.00189,-4.97432,-10.26529,25.00000,25.00000,167.70014,0.42837,0.09676,0.49743,0.00000,0.29375,0.31667,0.00000,none
10.00417,50.01097,37.29979,3.32296,-0.23470,-0.00189,-5.01657,-10.01695,25.00000,25.00000,167.70021,0.42818,0.09665,0.50166,0.00000,0.29250,0.31542,0.00000,none
10.00833,50.01143,37.29976,3.32283,-0.23491,-0.00189,-5.05779,-9.76764,25.00000,25.00000,167.70024,0.42818,0.09665,0.50578,0.00000,0.29250,0.31417,0.00000,none
10.01250,50.01187,37.29977,3.32270,-0.23510,-0.00188,-5.09797,-9.51740,25.00000,25.00000,167.70023,0.42818,0.09665,0.50980,0.00000,0.29250,0.31292,0.00000,none
10.01667,50.01232,37.29982,3.32256,-0.23529,-0.00188,-5.13710,-9.26627,25.00000,25.00000,167.70018,0.42818,0.09665,0.51371,0.00000,0.29250,0.31167,0.00000,none
10.02083,50.01277,37.29990,3.32243,-0.23546,-0.00188,-5.17519,-9.01431,25.00000,25.00000,167.70010,0.42818,0.09665,0.51752,0.00000,0.29250,0.31042,0.00000,none
10.02500,50.01322,37.30001,3.32229,-0.23563,-0.00188,-5.21222,-8.76155,25.00000,25.00000,167.69999,0.42819,0.09665,0.52122,0.00000,0.29250,0.30917,0.00000,none
10.02917,50.01367,37.30016,3.32215,-0.23580,-0.00188,-5.24820,-8.50804,25.00000,25.00000,167.69984,0.42819,0.09665,0.52482,0.00000,0.29250,0.30792,0.00000,none
10.03333,50.01412,37.30033,3.32202,-0.23595,-0.00188,-5.28312,-8.25382,25.00000,25.00000,167.69967,0.42820,0.09665,0.52831,0.00000,0.29250,0.30667,0.00000,none
10.03750,50.01457,37.30054,3.32188,-0.23610,-0.00188,-5.31698,-7.99892,25.00000,25.00000,167.69946,0.42821,0.09666,0.53170,0.00000,0.29250,0.30542,0.00000,none
10.04167,50.01502,37.30077,3.32174,-0.23624,-0.00187,-5.34978,-7.74339,25.00000,25.00000,167.69923,0.42822,0.09666,0.53498,0.00000,0.29250,0.30417,0.00000,none
10.04583,50.01546,37.30103,3.32160,-0.23637,-0.00187,-5.38151,-7.48727,25.00000,25.00000,167.69897,0.42823,0.09666,0.53815,0.00000,0.29250,0.30292,0.00000,none
10.05000,50.01591,37.30131,3.32145,-0.23650,-0.00187,-5.41217,-7.23060,25.00000,25.00000,167.69869,0.42824,0.09666,0.54122,0.00000,0.29250,0.30167,0.00000,none
10.05417,50.01635,37.30161,3.32131,-0.23662,-0.00187,-5.44176,-6.97342,25.00000,25.00000,167.69839,0.42825,0.09667,0.54418,0.00000,0.29250,0.30042,0.00000,none
10.05833,50.01680,37.30194,3.32117,-0.23674,-0.00186,-5.47028,-6.71575,25.00000,25.00000,167.69806,0.42826,0.09667,0.54703,0.00000,0.29250,0.29917,0.00000,none
10.06250,50.01724,37.30229,3.32102,-0.23685,-0.00186,-5.49772,-6.45764,25.00000,25.00000,167.69771,0.42828,0.09667,0.54977,0.00000,0.29250,0.29792,0.00000,none
10.06667,50.01769,37.30266,3.32088,-0.23695,-0.00186,-5.52409,-6.19913,25.00000,25.00000,167.69734,0.42829,0.09667,0.55241,0.00000,0.29250,0.29667,0.00000,none
10.07083,50.01813,37.30305,3.32074,-0.23705,-0.00185,-5.54938,-5.94025,25.00000,25.00000,167.69695,0.42831,0.09668,0.55494,0.00000,0.29250,0.29542,0.00000,none
10.07500,50.01857,37.30346,3.32059,-0.23715,-0.00185,-5.57359,-5.68104,25.00000,25.00000,167.69654,0.42832,0.09668,0.55736,0.00000,0.29250,0.29417,0.00000,none
10.07917,50.01901,37.30389,3.32044,-0.23724,-0.00185,-5.59672,-5.42153,25.00000,25.00000,167.69611,0.42834,0.09668,0.55967,0.00000,0.29250,0.29292,0.00000,none
10.08333,50.01945,37.30433,3.32030,-0.23733,-0.00184,-5.61877,-5.16175,25.00000,25.00000,167.69567,0.42836,0.09669,0.56188,0.00000,0.29250,0.29167,0.00000,none
10.08750,50.01989,37.30478,3.32015,-0.23741,-0.00184,-5.63974,-4.90174,25.00000,25.00000,167.69522,0.42838,0.09669,0.56397,0.00000,0.29250,0.29042,0.00000,none
10.09167,50.02033,37.30525,3.32001,-0.23749,-0.00183,-5.65962,-4.64153,25.00000,25.00000,167.69475,0.42839,0.09669,0.56596,0.00000,0.29250,0.28917,0.00000,none
10.09583,50.02077,37.30573,3.31986,-0.23756,-0.00183,-5.67842,-4.38115,25.00000,25.00000,167.69427,0.42841,0.09670,0.56784,0.00000,0.29250,0.28792,0.00000,none
10.10000,50.02120,37.30623,3.31971,-0.23764,-0.00182,-5.69613,-4.12064,25.00000,25.00000,167.69377,0.42843,0.09670,0.56961,0.00000,0.29250,0.28667,0.00000,none
10.10417,50.02164,37.30673,3.31956,-0.23771,-0.00182,-5.71276,-3.86002,25.00000,25.00000,167.69327,0.42845,0.09671,0.57128,0.00000,0.29250,0.28542,0.00000,none
10.10833,50.02207,37.30725,3.31942,-0.23777,-0.00181,-5.72830,-3.59933,25.00000,25.00000,167.69275,0.42847,0.09671,0.57283,0.00000,0.29250,0.28417,0.00000,none
10.11250,50.02250,37.30778,3.31927,-0.23783,-0.00180,-5.74275,-3.33860,25.00000,25.00000,167.69222,0.42849,0.09671,0.57427,0.00000,0.29250,0.28292,0.00000,none
10.11667,50.02293,37.30832,3.31912,-0.23789,-0.00180,-5.75612,-3.07786,25.00000,25.00000,167.69168,0.42851,0.09672,0.57561,0.00000,0.29250,0.28167,0.00000,none
10.12083,50.02336,37.30886,3.31898,-0.23795,-0.00179,-5.76840,-2.81714,25.00000,25.00000,167.69114,0.42853,0.09672,0.57684,0.00000,0.29250,0.28042,0.00000,none
10.12500,50.02379,37.30941,3.31883,-0.23801,-0.00179,-5.77959,-2.55646,25.00000,25.00000,167.69059,0.42856,0.09673,0.57796,0.00000,0.29250,0.27917,0.00000,none
10.12917,50.02421,37.30997,3.31868,-0.23806,-0.00178,-5.78970,-2.29586,25.00000,25.00000,167.69003,0.42858,0.09673,0.57897,0.00000,0.29250,0.27792,0.00000,none
10.13333,50.02464,37.31054,3.31854,-0.23811,-0.00177,-5.79873,-2.03537,25.00000,25.00000,167.68946,0.42860,0.09674,0.57987,0.00000,0.29250,0.27667,0.00000,none
10.13750,50.02506,37.31111,3.31839,-0.23816,-0.00176,-5.80666,-1.77501,25.00000,25.00000,167.68889,0.42862,0.09674,0.58067,0.00000,0.29250,0.27542,0.00000,none
10.14167,50.02548,37.31169,3.31824,-0.23820,-0.00176,-5.81352,-1.51481,25.00000,25.00000,167.68831,0.42865,0.09674,0.58135,0.00000,0.29250,0.27417,0.00000,none
10.14583,50.02590,37.31227,3.31810,-0.23825,-0.00175,-5.81929,-1.25480,25.00000,25.00000,167.68773,0.42867,0.09675,0.58193,0.00000,0.29250,0.27292,0.00000,none
10.15000,50.02632,37.31286,3.31795,-0.23829,-0.00174,-5.82397,-0.99502,25.00000,25.00000,167.68714,0.42869,0.09675,0.58240,0.00000,0.29250,0.27167,0.00000,none
10.15417,50.02673,37.31345,3.31781,-0.23833,-0.00173,-5.82758,-0.73548,25.00000,25.00000,167.68655,0.42871,0.09676,0.58276,0.00000,0.29250,0.27042,0.00000,none
10.15833,50.02714,37.31404,3.31766,-0.23837,-0.00173,-5.83010,-0.47621,25.00000,25.00000,167.68596,0.42874,0.09676,0.58301,0.00000,0.29250,0.26917,0.00000,none
10.16250,50.02756,37.31464,3.31752,-0.23841,-0.00172,-5.83155,-0.21724,25.00000,25.00000,167.68536,0.42876,0.09677,0.58315,0.00000,0.29250,0.26792,0.00000,none
10.16667,50.02796,37.31523,3.31738,-0.23844,-0.00171,-5.83191,0.04139,25.00000,25.00000,167.68477,0.42878,0.09677,0.58319,0.00000,0.29250,0.26667,0.00000,none
10.17083,50.02837,37.31583,3.31723,-0.23848,-0.00170,-5.83120,0.29968,25.00000,25.00000,167.68417,0.42881,0.09678,0.58312,0.00000,0.29250,0.26542,0.00000,none
10.17500,50.02878,37.31643,3.31709,-0.23851,-0.00169,-5.82942,0.55758,25.00000,25.00000,167.68357,0.42883,0.09678,0.58294,0.00000,0.29250,0.26417,0.00000,none
10.17917,50.02918,37.31704,3.31695,-0.23854,-0.00168,-5.82656,0.81507,25.00000,25.00000,167.68296,0.42885,0.09679,0.58266,0.00000,0.29250,0.26292,0.00000,none
10.18333,50.02958,37.31764,3.31681,-0.23858,-0.00167,-5.82262,1.07212,25.00000,25.00000,167.68236,0.42888,0.09679,0.58226,0.00000,0.29250,0.26167,0.00000,none
10.18750,50.02998,37.31824,3.31667,-0.23861,-0.00166,-5.81762,1.32872,25.00000,25.00000,167.68176,0.42890,0.09680,0.58176,0.00000,0.29250,0.26042,0.00000,none
10.19167,50.03037,37.31884,3.31653,-0.23864,-0.00165,-5.81155,1.58482,25.00000,25.00000,167.68116,0.42893,0.09680,0.58116,0.00000,0.29250,0.25917,0.00000,none
10.19583,50.03077,37.31944,3.31639,-0.23867,-0.00164,-5.80442,1.84042,25.00000,25.00000,167.68056,0.42895,0.09681,0.58044,0.00000,0.29250,0.25792,0.00000,none
10.20000,50.03116,37.32004,3.31625,-0.23869,-0.00163,-5.79622,2.09546,25.00000,25.00000,167.67996,0.42897,0.09681,0.57962,0.00000,0.29250,0.25667,0.00000,none
10.20417,50.03155,37.32063,3.31611,-0.23872,-0.00162,-5.78695,2.34994,25.00000,25.00000,167.67937,0.42900,0.09682,0.57870,0.00000,0.29250,0.25542,0.00000,none
10.20833,50.03193,37.32123,3.31598,-0.23875,-0.00161,-5.77663,2.60383,25.00000,25.00000,167.67877,0.42902,0.09682,0.57766,0.00000,0.29250,0.25417,0.00000,none
10.21250,50.03232,37.32182,3.31584,-0.23877,-0.00160,-5.76526,2.85709,25.00000,25.00000,167.67818,0.42904,0.09682,0.57653,0.00000,0.29250,0.25292,0.00000,none
10.21667,50.03270,37.32241,3.31571,-0.23880,-0.00159,-5.75282,3.10971,25.00000,25.00000,167.67759,0.42906,0.09683,0.57528,0.00000,0.29250,0.25167,0.00000,none
10.22083,50.03308,37.32300,3.31557,-0.23883,-0.00158,-5.73934,3.36165,25.00000,25.00000,167.67700,0.42909,0.09683,0.57393,0.00000,0.29250,0.25042,0.00000,none
10.22500,50.03346,37.32358,3.31544,-0.23885,-0.00157,-5.72481,3.61289,25.00000,25.00000,167.67642,0.42911,0.09684,0.57248,0.00000,0.29250,0.24917,0.00000,none
10.22917,50.03383,37.32416,3.31531,-0.23887,-0.00156,-5.70924,3.86340,25.00000,25.00000,167.67584,0.42913,0.09684,0.57092,0.00000,0.29250,0.24792,0.00000,none
10.23333,50.03420,37.32474,3.31518,-0.23890,-0.00155,-5.69262,4.11315,25.00000,25.00000,167.67526,0.42916,0.09685,0.56926,0.00000,0.29250,0.24667,0.00000,none
10.23750,50.03457,37.32531,3.31505,-0.23892,-0.00154,-5.67496,4.36212,25.00000,25.00000,167.67469,0.42918,0.09685,0.56750,0.00000,0.29250,0.24542,0.00000,none
10.24167,50.03494,37.32588,3.31492,-0.23895,-0.00153,-5.65627,4.61028,25.00000,25.00000,167.67412,0.42920,0.09686,0.56563,0.00000,0.29250,0.24417,0.00000,none
10.24583,50.03530,37.32645,3.31479,-0.23897,-0.00152,-5.63654,4.85760,25.00000,25.00000,167.67355,0.42922,0.09686,0.56365,0.00000,0.29250,0.24292,0.00000,none
10.25000,50.03566,37.32700,3.31467,-0.23899,-0.00150,-5.61579,5.10405,25.00000,25.00000,167.67300,0.42924,0.09687,0.56158,0.00000,0.29250,0.24167,0.00000,none
10.25417,50.03602,37.32756,3.31454,-0.23902,-0.00149,-5.59401,5.34961,25.00000,25.00000,167.67244,0.42927,0.09687,0.55940,0.00000,0.29250,0.24042,0.00000,none
10.25833,50.03637,37.32811,3.31442,-0.23904,-0.00148,-5.57121,5.59425,25.00000,25.00000,167.67189,0.42929,0.09687,0.55712,0.00000,0.29250,0.23917,0.00000,none
10.26250,50.03672,37.32865,3.31430,-0.23906,-0.00147,-5.54739,5.83794,25.00000,25.00000,167.67135,0.42931,0.09688,0.55474,0.00000,0.29250,0.23792,0.00000,none
10.26667,50.03707,37.32919,3.31417,-0.23908,-0.00146,-5.52256,6.08064,25.00000,25.00000,167.67081,0.42933,0.09688,0.55226,0.00000,0.29250,0.23667,0.00000,none
10.27083,50.03742,37.32972,3.31405,-0.23911,-0.00144,-5.49672,6.32234,25.00000,25.00000,167.67028,0.42935,0.09689,0.54967,0.00000,0.29250,0.23542,0.00000,none
10.27500,50.03776,37.33024,3.31394,-0.23913,-0.00143,-5.46988,6.56300,25.00000,25.00000,167.66976,0.42937,0.09689,0.54699,0.00000,0.29250,0.23417,0.00000,none
10.27917,50.03810,37.33076,3.31382,-0.23915,-0.00142,-5.44203,6.80259,25.00000,25.00000,167.66924,0.42939,0.09690,0.54420,0.00000,0.29250,0.23292,0.00000,none
10.28333,50.03844,37.33128,3.31370,-0.23917,-0.00141,-5.41319,7.04109,25.00000,25.00000,167.66872,0.42941,0.09690,0.54132,0.00000,0.29250,0.23167,0.00000,none
10.28750,50.03877,37.33178,3.31359,-0.23920,-0.00139,-5.38336,7.27845,25.00000,25.00000,167.66822,0.42943,0.09690,0.53834,0.00000,0.29250,0.23042,0.00000,none
10.29167,50.03911,37.33228,3.31348,-0.23922,-0.00138,-5.35254,7.51466,25.00000,25.00000,167.66772,0.42945,0.09691,0.53525,0.00000,0.29250,0.22917,0.00000,none
10.29583,50.03943,37.33277,3.31336,-0.23924,-0.00137,-5.32073,7.74968,25.00000,25.00000,167.66723,0.42947,0.09691,0.53207,0.00000,0.29250,0.22792,0.00000,none
10.30000,50.03976,37.33326,3.31325,-0.23927,-0.00136,-5.28796,7.98348,25.00000,25.00000,167.66674,0.42949,0.09692,0.52880,0.00000,0.29250,0.22667,0.00000,none
10.30417,50.04008,37.33374,3.31315,-0.23929,-0.00134,-5.25421,8.21603,25.00000,25.00000,167.66626,0.42951,0.09692,0.52542,0.00000,0.29250,0.22542,0.00000,none
10.30833,50.04040,37.33421,3.31304,-0.23931,-0.00133,-5.21949,8.44730,25.00000,25.00000,167.66579,0.42953,0.09692,0.52195,0.00000,0.29250,0.22417,0.00000,none
10.31250,50.04072,37.33467,3.31293,-0.23934,-0.00132,-5.18381,8.67725,25.00000,25.00000,167.66533,0.42954,0.09693,0.51838,0.00000,0.29250,0.22292,0.00000,none
10.31667,50.04103,37.33513,3.31283,-0.23936,-0.00130,-5.14718,8.90585,25.00000,25.00000,167.66487,0.42956,0.09693,0.51472,0.00000,0.29250,0.22167,0.00000,none
10.32083,50.04134,37.33557,3.31273,-0.23938,-0.00129,-5.10960,9.13307,25.00000,25.00000,167.66443,0.42958,0.09693,0.51096,0.00000,0.29250,0.22042,0.00000,none
10.32500,50.04164,37.33601,3.31263,-0.23941,-0.00127,-5.07107,9.35888,25.00000,25.00000,167.66399,0.42960,0.09694,0.50711,0.00000,0.29250,0.21917,0.00000,none
10.32917,50.04195,37.33644,3.31253,-0.23943,-0.00126,-5.03161,9.58323,25.00000,25.00000,167.66356,0.42961,0.09694,0.50316,0.00000,0.29250,0.21792,0.00000,none
10.33333,50.04224,37.33687,3.31243,-0.23946,-0.00125,-4.99122,9.80611,25.00000,25.00000,167.66313,0.42963,0.09694,0.49912,0.00000,0.29250,0.21667,0.00000,none
10.33750,50.04254,37.33723,3.31234,-0.23949,-0.00123,-4.94990,10.02769,25.00000,25.00000,167.66277,0.42946,0.09684,0.49499,0.00000,0.29125,0.21542,0.00000,none
10.34167,50.04283,37.33754,3.31226,-0.23953,-0.00122,-4.90765,10.24794,25.00000,25.00000,167.66246,0.42928,0.09673,0.49077,0.00000,0.29000,0.21417,0.00000,none
10.34583,50.04312,37.33779,3.31218,-0.23959,-0.00120,-4.86450,10.46682,25.00000,25.00000,167.66221,0.42911,0.09662,0.48645,0.00000,0.28875,0.21292,0.00000,none
10.35000,50.04341,37.33798,3.31211,-0.23965,-0.00119,-4.82043,10.68429,25.00000,25.00000,167.66202,0.42893,0.09652,0.48204,0.00000,0.28750,0.21167,0.00000,none
10.35417,50.04369,37.33812,3.31205,-0.23972,-0.00117,-4.77546,10.90032,25.00000,25.00000,167.66188,0.42875,0.09641,0.47755,0.00000,0.28625,0.21042,0.00000,none
10.35833,50.04397,37.33821,3.31200,-0.23979,-0.00116,-4.72960,11.11487,25.00000,25.00000,167.66179,0.42856,0.09630,0.47296,0.00000,0.28500,0.20917,0.00000,none
10.36250,50.04424,37.33825,3.31195,-0.23988,-0.00114,-4.68284,11.32790,25.00000,25.00000,167.66175,0.42838,0.09619,0.46828,0.00000,0.28375,0.20792,0.00000,none
10.36667,50.04451,37.33824,3.31191,-0.23997,-0.00113,-4.63520,11.53937,25.00000,25.00000,167.66176,0.42819,0.09608,0.46352,0.00000,0.28250,0.20667,0.00000,none
10.37083,50.04478,37.33818,3.31188,-0.24007,-0.00111,-4.58668,11.74925,25.00000,25.00000,167.66182,0.42801,0.09597,0.45867,0.00000,0.28125,0.20542,0.00000,none
10.37500,50.04504,37.33807,3.31186,-0.24017,-0.00109,-4.53729,11.95749,25.00000,25.00000,167.66193,0.42782,0.09586,0.45373,0.00000,0.28000,0.20417,0.00000,none
10.37917,50.04530,37.33792,3.31184,-0.24028,-0.00108,-4.48704,12.16405,25.00000,25.00000,167.66208,0.42762,0.09575,0.44870,0.00000,0.27875,0.20292,0.00000,none
10.38333,50.04556,37.33772,3.31183,-0.24040,-0.00106,-4.43593,12.36890,25.00000,25.00000,167.66228,0.42743,0.09564,0.44359,0.00000,0.27750,0.20167,0.00000,none
10.38750,50.04581,37.33747,3.31182,-0.24052,-0.00105,-4.38397,12.57199,25.00000,25.00000,167.66253,0.42724,0.09553,0.43840,0.00000,0.27625,0.20042,0.00000,none
10.39167,50.04606,37.33718,3.31183,-0.24065,-0.00103,-4.33116,12.77328,25.00000,25.00000,167.66282,0.42704,0.09542,0.43312,0.00000,0.27500,0.19917,0.00000,none
10.39583,50.04630,37.33685,3.31184,-0.24078,-0.00101,-4.27752,12.97273,25.00000,25.00000,167.66315,0.42684,0.09531,0.42775,0.00000,0.27375,0.19792,0.00000,none
10.40000,50.04654,37.33648,3.31185,-0.24092,-0.00100,-4.22306,13.17030,25.00000,25.00000,167.66352,0.42664,0.09519,0.42231,0.00000,0.27250,0.19667,0.00000,none
10.40417,50.04678,37.33607,3.31188,-0.24106,-0.00098,-4.16777,13.36595,25.00000,25.00000,167.66393,0.42644,0.09508,0.41678,0.00000,0.27125,0.19542,0.00000,none
10.40833,50.04701,37.33562,3.31191,-0.24121,-0.00096,-4.11168,13.55962,25.00000,25.00000,167.66438,0.42624,0.09497,0.41117,0.00000,0.27000,0.19417,0.00000,none
10.41250,50.04724,37.33513,3.31194,-0.24136,-0.00095,-4.05478,13.75129,25.00000,25.00000,167.66487,0.42603,0.09486,0.40548,0.00000,0.26875,0.19292,0.00000,none
10.41667,50.04746,37.33460,3.31199,-0.24152,-0.00093,-3.99709,13.94090,25.00000,25.00000,167.66540,0.42583,0.09474,0.39971,0.00000,0.26750,0.19167,0.00000,none
10.42083,50.04768,37.33403,3.31204,-0.24168,-0.00091,-3.93861,14.12841,25.00000,25.00000,167.66597,0.42562,0.09463,0.39386,0.00000,0.26625,0.19042,0.00000,none
10.42500,50.04790,37.33343,3.31210,-0.24185,-0.00090,-3.87935,14.31378,25.00000,25.00000,167.66657,0.42542,0.09452,0.38794,0.00000,0.26500,0.18917,0.00000,none
10.42917,50.04811,37.33279,3.31216,-0.24201,-0.00088,-3.81933,14.49695,25.00000,25.00000,167.66721,0.42521,0.09440,0.38193,0.00000,0.26375,0.18792,0.00000,none
10.43333,50.04832,37.33212,3.31223,-0.24218,-0.00086,-3.75855,14.67790,25.00000,25.00000,167.66788,0.42500,0.09429,0.37585,0.00000,0.26250,0.18667,0.00000,none
10.43750,50.04852,37.33141,3.31231,-0.24236,-0.00085,-3.69701,14.85656,25.00000,25.00000,167.66859,0.42479,0.09418,0.36970,0.00000,0.26125,0.18542,0.00000,none
10.44167,50.04872,37.33067,3.31239,-0.24254,-0.00083,-3.63474,15.03290,25.00000,25.00000,167.66933,0.42457,0.09406,0.36347,0.00000,0.26000,0.18417,0.00000,none
10.44583,50.04892,37.32989,3.31249,-0.24272,-0.00081,-3.57174,15.20686,25.00000,25.00000,167.67011,0.42436,0.09395,0.35717,0.00000,0.25875,0.18292,0.00000,none
10.45000,50.04911,37.32908,3.31258,-0.24290,-0.00079,-3.50802,15.37840,25.00000,25.00000,167.67092,0.42415,0.09383,0.35080,0.00000,0.25750,0.18167,0.00000,none
10.45417,50.04929,37.32824,3.31269,-0.24309,-0.00078,-3.44359,15.54748,25.00000,25.00000,167.67176,0.42393,0.09372,0.34436,0.00000,0.25625,0.18042,0.00000,none
10.45833,50.04948,37.32737,3.31280,-0.24328,-0.00076,-3.37846,15.71404,25.00000,25.00000,167.67263,0.42372,0.09360,0.33785,0.00000,0.25500,0.17917,0.00000,none
10.46250,50.04966,37.32647,3.31292,-0.24347,-0.00074,-3.31265,15.87804,25.00000,25.00000,167.67353,0.42350,0.09349,0.33126,0.00000,0.25375,0.17792,0.00000,none
10.46667,50.04983,37.32554,3.31304,-0.24366,-0.00072,-3.24615,16.03943,25.00000,25.00000,167.67446,0.42328,0.09337,0.32461,0.00000,0.25250,0.17667,0.00000,none
10.47083,50.05000,37.32457,3.31317,-0.24386,-0.00071,-3.17899,16.19817,25.00000,25.00000,167.67543,0.42306,0.09326,0.31790,0.00000,0.25125,0.17542,0.00000,none
10.47500,50.05017,37.32358,3.31331,-0.24405,-0.00069,-3.11117,16.35419,25.00000,25.00000,167.67642,0.42284,0.09314,0.31112,0.00000,0.25000,0.17417,0.00000,none
10.47917,50.05033,37.32256,3.31345,-0.24425,-0.00067,-3.04271,16.50746,25.00000,25.00000,167.67744,0.42262,0.09303,0.30427,0.00000,0.24875,0.17292,0.00000,none
10.48333,50.05049,37.32151,3.31360,-0.24445,-0.00065,-2.97361,16.65793,25.00000,25.00000,167.67849,0.42240,0.09291,0.29736,0.00000,0.24750,0.17167,0.00000,none
10.48750,50.05064,37.32044,3.31376,-0.24466,-0.00063,-2.90389,16.80555,25.00000,25.00000,167.67956,0.42218,0.09279,0.29039,0.00000,0.24625,0.17042,0.00000,none
10.49167,50.05079,37.31933,3.31392,-0.24486,-0.00062,-2.83357,16.95026,25.00000,25.00000,167.68067,0.42196,0.09268,0.28336,0.00000,0.24500,0.16917,0.00000,none
10.49583,50.05093,37.31820,3.31409,-0.24507,-0.00060,-2.76264,17.09202,25.00000,25.00000,167.68180,0.42173,0.09256,0.27626,0.00000,0.24375,0.16792,0.00000,none
10.50000,50.05108,37.31705,3.31426,-0.24527,-0.00058,-2.69114,17.23078,25.00000,25.00000,167.68295,0.42151,0.09244,0.26911,0.00000,0.24250,0.16667,0.00000,none
10.50417,50.05121,37.31586,3.31445,-0.24548,-0.00056,-2.61906,17.36649,25.00000,25.00000,167.68414,0.42128,0.09233,0.26191,0.00000,0.24125,0.16542,0.00000,none
10.50833,50.05134,37.31466,3.31463,-0.24569,-0.00054,-2.54642,17.49910,25.00000,25.00000,167.68534,0.42106,0.09221,0.25464,0.00000,0.24000,0.16417,0.00000,none
10.51250,50.05147,37.31342,3.31483,-0.24590,-0.00052,-2.47324,17.62856,25.00000,25.00000,167.68658,0.42083,0.09209,0.24732,0.00000,0.23875,0.16292,0.00000,none
10.51667,50.05159,37.31216,3.31503,-0.24612,-0.00050,-2.39952,17.75482,25.00000,25.00000,167.68784,0.42061,0.09198,0.23995,0.00000,0.23750,0.16167,0.00000,none
10.52083,50.05171,37.31088,3.31523,-0.24633,-0.00049,-2.32528,17.87784,25.00000,25.00000,167.68912,0.42038,0.09186,0.23253,0.00000,0.23625,0.16042,0.00000,none
10.52500,50.05183,37.30957,3.31545,-0.24654,-0.00047,-2.25054,17.99756,25.00000,25.00000,167.69043,0.42015,0.09174,0.22505,0.00000,0.23500,0.15917,0.00000,none
10.52917,50.05193,37.30824,3.31566,-0.24676,-0.00045,-2.17531,18.11393,25.00000,25.00000,167.69176,0.41992,0.09163,0.21753,0.00000,0.23375,0.15792,0.00000,none
10.53333,50.05204,37.30689,3.31589,-0.24697,-0.00043,-2.09960,18.22690,25.00000,25.00000,167.69311,0.41970,0.09151,0.20996,0.00000,0.23250,0.15667,0.00000,none
10.53750,50.05214,37.30551,3.31612,-0.24719,-0.00041,-2.02342,18.33643,25.00000,25.00000,167.69449,0.41947,0.09139,0.20234,0.00000,0.23125,0.15542,0.00000,none
10.54167,50.05224,37.30411,3.31636,-0.24740,-0.00039,-1.94680,18.44247,25.00000,25.00000,167.69589,0.41924,0.09127,0.19468,0.00000,0.23000,0.15417,0.00000,none
10.54583,50.05233,37.30268,3.31660,-0.24762,-0.00037,-1.86974,18.54496,25.00000,25.00000,167.69732,0.41901,0.09116,0.18697,0.00000,0.22875,0.15292,0.00000,none
10.55000,50.05241,37.30124,3.31685,-0.24784,-0.00035,-1.79226,18.64386,25.00000,25.00000,167.69876,0.41878,0.09104,0.17923,0.00000,0.22750,0.15167,0.00000,none
10.55417,50.05249,37.29977,3.31710,-0.24806,-0.00033,-1.71438,18.73913,25.00000,25.00000,167.70023,0.41854,0.09092,0.17144,0.00000,0.22625,0.15042,0.00000,none
10.55833,50.05257,37.29828,3.31736,-0.24827,-0.00031,-1.63611,18.83070,25.00000,25.00000,167.70172,0.41831,0.09080,0.16361,0.00000,0.22500,0.14917,0.00000,none
10.56250,50.05265,37.29677,3.31763,-0.24849,-0.00029,-1.55746,18.91855,25.00000,25.00000,167.70323,0.41808,0.09069,0.15575,0.00000,0.22375,0.14792,0.00000,none
10.56667,50.05271,37.29524,3.31790,-0.24871,-0.00028,-1.47846,19.00261,25.00000,25.00000,167.70476,0.41785,0.09057,0.14785,0.00000,0.22250,0.14667,0.00000,none
10.57083,50.05278,37.29369,3.31818,-0.24893,-0.00026,-1.39911,19.08284,25.00000,25.00000,167.70631,0.41762,0.09045,0.13991,0.00000,0.22125,0.14542,0.00000,none
10.57500,50.05284,37.29212,3.31846,-0.24915,-0.00024,-1.31944,19.15921,25.00000,25.00000,167.70788,0.41738,0.09033,0.13194,0.00000,0.22000,0.14417,0.00000,none
10.57917,50.05289,37.29053,3.31875,-0.24937,-0.00022,-1.23945,19.23165,25.00000,25.00000,167.70947,0.41715,0.09021,0.12395,0.00000,0.21875,0.14292,0.00000,none
10.58333,50.05294,37.28892,3.31905,-0.24958,-0.00020,-1.15918,19.30012,25.00000,25.00000,167.71108,0.41692,0.09010,0.11592,0.00000,0.21750,0.14167,0.00000,none
10.58750,50.05298,37.28729,3.31935,-0.24980,-0.00018,-1.07863,19.36459,25.00000,25.00000,167.71271,0.41668,0.08998,0.10786,0.00000,0.21625,0.14042,0.00000,none
10.59167,50.05302,37.28564,3.31966,-0.25002,-0.00016,-0.99781,19.42501,25.00000,25.00000,167.71436,0.41645,0.08986,0.09978,0.00000,0.21500,0.13917,0.00000,none
10.59583,50.05306,37.28397,3.31997,-0.25024,-0.00014,-0.91676,19.48133,25.00000,25.00000,167.71603,0.41622,0.08974,0.09168,0.00000,0.21375,0.13792,0.00000,none
10.60000,50.05309,37.28228,3.32029,-0.25046,-0.00012,-0.83547,19.53351,25.00000,25.00000,167.71772,0.41598,0.08962,0.08355,0.00000,0.21250,0.13667,0.00000,none
10.60417,50.05312,37.28058,3.32061,-0.25067,-0.00010,-0.75398,19.58151,25.00000,25.00000,167.71942,0.41575,0.08951,0.07540,0.00000,0.21125,0.13542,0.00000,none
10.60833,50.05314,37.27886,3.32094,-0.25089,-0.00008,-0.67230,19.62529,25.00000,25.00000,167.72114,0.41551,0.08939,0.06723,0.00000,0.21000,0.13417,0.00000,none
10.61250,50.05315,37.27711,3.32127,-0.25111,-0.00006,-0.59044,19.66481,25.00000,25.00000,167.72289,0.41528,0.08927,0.05904,0.00000,0.20875,0.13292,0.00000,none
10.61667,50.05317,37.27536,3.32161,-0.25132,-0.00004,-0.50843,19.70003,25.00000,25.00000,167.72464,0.41504,0.08915,0.05084,0.00000,0.20750,0.13167,0.00000,none
10.62083,50.05317,37.27358,3.32196,-0.25154,-0.00002,-0.42628,19.73091,25.00000,25.00000,167.72642,0.41481,0.08903,0.04263,0.00000,0.20625,0.13042,0.00000,none
10.62500,50.05317,37.27179,3.32231,-0.25175,0.00000,-0.34401,19.75742,25.00000,25.00000,167.72821,0.41457,0.08892,0.03440,0.00000,0.20500,0.12917,0.00000,none
10.62917,50.05317,37.26998,3.32266,-0.25197,0.00002,-0.26164,19.77951,25.00000,25.00000,167.73002,0.41434,0.08880,0.02616,0.00000,0.20375,0.12792,0.00000,none
10.63333,50.05316,37.26815,3.32303,-0.25218,0.00004,-0.17919,19.79716,25.00000,25.00000,167.73185,0.41410,0.08868,0.01792,0.00000,0.20250,0.12667,0.00000,none
10.63750,50.05315,37.26631,3.32339,-0.25240,0.00006,-0.09667,19.81032,25.00000,25.00000,167.73369,0.41387,0.08856,0.00967,0.00000,0.20125,0.12542,0.00000,none
10.64167,50.05314,37.26445,3.32376,-0.25261,0.00008,-0.01411,19.81897,25.00000,25.00000,167.73555,0.41363,0.08844,0.00141,0.00000,0.20000,0.12417,0.00000,none
10.64583,50.05311,37.26258,3.32414,-0.25282,0.00010,0.06848,19.82444,25.00000,25.00000,167.73742,0.41339,0.08832,0.00571,0.00000,0.19875,0.12292,0.00000,none
10.65000,50.05309,37.26069,3.32452,-0.25303,0.00012,0.15109,19.82879,25.00000,25.00000,167.73931,0.41316,0.08821,0.01259,0.00000,0.19750,0.12250,0.00000,none
10.65417,50.05306,37.25879,3.32490,-0.25324,0.00015,0.23372,19.83212,25.00000,25.00000,167.74121,0.41292,0.08809,0.01948,0.00000,0.19625,0.12208,0.00000,none
10.65833,50.05302,37.25688,3.32529,-0.25345,0.00017,0.31636,19.83445,25.00000,25.00000,167.74312,0.41269,0.08797,0.02636,0.00000,0.19500,0.12167,0.00000,none
10.66250,50.05297,37.25496,3.32568,-0.25366,0.00020,0.39901,19.83580,25.00000,25.00000,167.74504,0.41245,0.08785,0.03325,0.00000,0.19375,0.12125,0.00000,none
10.66667,50.05292,37.25303,3.32607,-0.25388,0.00023,0.48166,19.83617,25.00000,25.00000,167.74697,0.41222,0.08773,0.04014,0.00000,0.19250,0.12083,0.00000,none
10.67083,50.05286,37.25107,3.32647,-0.25409,0.00026,0.56431,19.83557,25.00000,25.00000,167.74893,0.41198,0.08762,0.04703,0.00000,0.19125,0.12042,0.00000,none
10.67500,50.05280,37.24911,3.32687,-0.25429,0.00029,0.64695,19.83402,25.00000,25.00000,167.75089,0.41175,0.08750,0.05391,0.00000,0.19000,0.12000,0.00000,none
10.67917,50.05273,37.24713,3.32727,-0.25450,0.00032,0.72959,19.83153,25.00000,25.00000,167.75287,0.41151,0.08738,0.06080,0.00000,0.18875,0.11958,0.00000,none
10.68333,50.05265,37.24514,3.32767,-0.25471,0.00035,0.81221,19.82811,25.00000,25.00000,167.75486,0.41128,0.08726,0.06768,0.00000,0.18750,0.11917,0.00000,none
10.68750,50.05256,37.24313,3.32808,-0.25492,0.00038,0.89482,19.82376,25.00000,25.00000,167.75687,0.41105,0.08714,0.07457,0.00000,0.18625,0.11875,0.00000,none
10.69167,50.05247,37.24111,3.32850,-0.25513,0.00041,0.97741,19.81851,25.00000,25.00000,167.75889,0.41081,0.08703,0.08145,0.00000,0.18500,0.11833,0.00000,none
10.69583,50.05236,37.23907,3.32891,-0.25534,0.00044,1.05998,19.81236,25.00000,25.00000,167.76093,0.41058,0.08691,0.08833,0.00000,0.18375,0.11792,0.00000,none
10.70000,50.05225,37.23702,3.32933,-0.25555,0.00047,1.14251,19.80533,25.00000,25.00000,167.76298,0.41034,0.08679,0.09521,0.00000,0.18250,0.11750,0.00000,none
10.70417,50.05214,37.23496,3.32975,-0.25576,0.00051,1.22502,19.79742,25.00000,25.00000,167.76504,0.41011,0.08667,0.10208,0.00000,0.18125,0.11708,0.00000,none
10.70833,50.05201,37.23289,3.33017,-0.25597,0.00054,1.30749,19.78864,25.00000,25.00000,167.76711,0.40988,0.08656,0.10896,0.00000,0.18000,0.11667,0.00000,none
10.71250,50.05188,37.23080,3.33060,-0.25618,0.00057,1.38992,19.77902,25.00000,25.00000,167.76920,0.40964,0.08644,0.11583,0.00000,0.17875,0.11625,0.00000,none
10.71667,50.05174,37.22870,3.33103,-0.25638,0.00060,1.47231,19.76855,25.00000,25.00000,167.77130,0.40941,0.08632,0.12269,0.00000,0.17750,0.11583,0.00000,none
10.72083,50.05159,37.22658,3.33146,-0.25659,0.00063,1.55466,19.75725,25.00000,25.00000,167.77342,0.40918,0.08620,0.12956,0.00000,0.17625,0.11542,0.00000,none
10.72500,50.05144,37.22446,3.33190,-0.25680,0.00066,1.63696,19.74514,25.00000,25.00000,167.77554,0.40894,0.08609,0.13641,0.00000,0.17500,0.11500,0.00000,none
10.72917,50.05128,37.22232,3.33234,-0.25701,0.00070,1.71920,19.73222,25.00000,25.00000,167.77768,0.40871,0.08597,0.14327,0.00000,0.17375,0.11458,0.00000,none
10.73333,50.05111,37.22017,3.33278,-0.25721,0.00073,1.80139,19.71850,25.00000,25.00000,167.77983,0.40848,0.08585,0.15012,0.00000,0.17250,0.11417,0.00000,none
10.73750,50.05093,37.21801,3.33322,-0.25742,0.00076,1.88352,19.70400,25.00000,25.00000,167.78199,0.40824,0.08573,0.15696,0.00000,0.17125,0.11375,0.00000,none
10.74167,50.05075,37.21584,3.33367,-0.25762,0.00079,1.96559,19.68872,25.00000,25.00000,167.78416,0.40801,0.08562,0.16380,0.00000,0.17000,0.11333,0.00000,none
10.74583,50.05055,37.21365,3.33411,-0.25783,0.00082,2.04759,19.67268,25.00000,25.00000,167.78635,0.40778,0.08550,0.17063,0.00000,0.16875,0.11292,0.00000,none
10.75000,50.05035,37.21146,3.33457,-0.25803,0.00085,2.12953,19.65589,25.00000,25.00000,167.78854,0.40755,0.08538,0.17746,0.00000,0.16750,0.11250,0.00000,none
10.75417,50.05015,37.20926,3.33502,-0.25823,0.00088,2.21139,19.63836,25.00000,25.00000,167.79074,0.40732,0.08527,0.18428,0.00000,0.16625,0.11208,0.00000,none
10.75833,50.04993,37.20704,3.33548,-0.25844,0.00091,2.29318,19.62011,25.00000,25.00000,167.79296,0.40709,0.08515,0.19110,0.00000,0.16500,0.11167,0.00000,none
10.76250,50.04971,37.20482,3.33593,-0.25864,0.00094,2.37489,19.60113,25.00000,25.00000,167.79518,0.40686,0.08503,0.19791,0.00000,0.16375,0.11125,0.00000,none
10.76667,50.04948,37.20258,3.33640,-0.25884,0.00097,2.45652,19.58145,25.00000,25.00000,167.79742,0.40663,0.08492,0.20471,0.00000,0.16250,0.11083,0.00000,none
10.77083,50.04924,37.20034,3.33686,-0.25904,0.00101,2.53807,19.56107,25.00000,25.00000,167.79966,0.40640,0.08480,0.21151,0.00000,0.16125,0.11042,0.00000,none
10.77500,50.04900,37.19809,3.33732,-0.25924,0.00104,2.61953,19.54001,25.00000,25.00000,167.80191,0.40617,0.08468,0.21829,0.00000,0.16000,0.11000,0.00000,none
10.77917,50.04875,37.19583,3.33779,-0.25943,0.00107,2.70090,19.51828,25.00000,25.00000,167.80417,0.40594,0.08457,0.22508,0.00000,0.15875,0.10958,0.00000,none
10.78333,50.04849,37.19356,3.33826,-0.25963,0.00109,2.78218,19.49588,25.00000,25.00000,167.80644,0.40571,0.08445,0.23185,0.00000,0.15750,0.10917,0.00000,none
10.78750,50.04823,37.19128,3.33874,-0.25983,0.00112,2.86337,19.47283,25.00000,25.00000,167.80872,0.40549,0.08433,0.23861,0.00000,0.15625,0.10875,0.00000,none
10.79167,50.04796,37.18900,3.33921,-0.26002,0.00115,2.94446,19.44914,25.00000,25.00000,167.81100,0.40526,0.08422,0.24537,0.00000,0.15500,0.10833,0.00000,none
10.79583,50.04768,37.18670,3.33969,-0.26022,0.00118,3.02544,19.42483,25.00000,25.00000,167.81330,0.40503,0.08410,0.25212,0.00000,0.15375,0.10792,0.00000,none
10.80000,50.04739,37.18440,3.34017,-0.26041,0.00121,3.10633,19.39989,25.00000,25.00000,167.81560,0.40481,0.08399,0.25886,0.00000,0.15250,0.10750,0.00000,none
10.80417,50.04710,37.18209,3.34065,-0.26060,0.00124,3.18711,19.37434,25.00000,25.00000,167.81791,0.40458,0.08387,0.26559,0.00000,0.15125,0.10708,0.00000,none
10.80833,50.04680,37.17978,3.34113,-0.26079,0.00127,3.26778,19.34820,25.00000,25.00000,167.82022,0.40436,0.08375,0.27232,0.00000,0.15000,0.10667,0.00000,none
10.81250,50.04649,37.17746,3.34162,-0.26098,0.00130,3.34834,19.32147,25.00000,25.00000,167.82254,0.40413,0.08364,0.27903,0.00000,0.14875,0.10625,0.00000,none
10.81667,50.04618,37.17513,3.34210,-0.26117,0.00133,3.42879,19.29416,25.00000,25.00000,167.82487,0.40391,0.08352,0.28573,0.00000,0.14750,0.10583,0.00000,none
10.82083,50.04586,37.17279,3.34259,-0.26136,0.00135,3.50913,19.26629,25.00000,25.00000,167.82721,0.40369,0.08341,0.29243,0.00000,0.14625,0.10542,0.00000,none
10.82500,50.04553,37.17045,3.34308,-0.26155,0.00138,3.58934,19.23786,25.00000,25.00000,167.82955,0.40346,0.08329,0.29911,0.00000,0.14500,0.10500,0.00000,none
10.82917,50.04520,37.16810,3.34358,-0.26173,0.00141,3.66944,19.20889,25.00000,25.00000,167.83190,0.40324,0.08318,0.30579,0.00000,0.14375,0.10458,0.00000,none
10.83333,50.04486,37.16575,3.34407,-0.26191,0.00144,3.74942,19.17938,25.00000,25.00000,167.83425,0.40302,0.08306,0.31245,0.00000,0.14250,0.10417,0.00000,none
10.83750,50.04451,37.16339,3.34457,-0.26210,0.00147,3.82927,19.14935,25.00000,25.00000,167.83661,0.40280,0.08295,0.31911,0.00000,0.14125,0.10375,0.00000,none
10.84167,50.04416,37.16103,3.34507,-0.26228,0.00149,3.90900,19.11881,25.00000,25.00000,167.83897,0.40258,0.08283,0.32575,0.00000,0.14000,0.10333,0.00000,none
10.84583,50.04380,37.15866,3.34557,-0.26246,0.00152,3.98859,19.08776,25.00000,25.00000,167.84134,0.40236,0.08272,0.33238,0.00000,0.13875,0.10292,0.00000,none
10.85000,50.04344,37.15628,3.34607,-0.26264,0.00155,4.06806,19.05622,25.00000,25.00000,167.84372,0.40214,0.08260,0.33901,0.00000,0.13750,0.10250,0.00000,none
10.85417,50.04306,37.15390,3.34657,-0.26281,0.00157,4.14739,19.02420,25.00000,25.00000,167.84610,0.40193,0.08249,0.34562,0.00000,0.13625,0.10208,0.00000,none
10.85833,50.04268,37.15152,3.34708,-0.26299,0.00160,4.22659,18.99170,25.00000,25.00000,167.84848,0.40171,0.08238,0.35222,0.00000,0.13500,0.10167,0.00000,none
10.86250,50.04230,37.14913,3.34759,-0.26317,0.00163,4.30566,18.95874,25.00000,25.00000,167.85087,0.40149,0.08226,0.35880,0.00000,0.13375,0.10125,0.00000,none
10.86667,50.04191,37.14673,3.34809,-0.26334,0.00165,4.38458,18.92533,25.00000,25.00000,167.85327,0.40128,0.08215,0.36538,0.00000,0.13250,0.10083,0.00000,none
10.87083,50.04151,37.14434,3.34861,-0.26351,0.00168,4.46337,18.89148,25.00000,25.00000,167.85566,0.40106,0.08203,0.37195,0.00000,0.13125,0.10042,0.00000,none
10.87500,50.04111,37.14194,3.34912,-0.26368,0.00170,4.54201,18.85719,25.00000,25.00000,167.85806,0.40085,0.08192,0.37850,0.00000,0.13000,0.10000,0.00000,none
10.87917,50.04070,37.13953,3.34963,-0.26385,0.00173,4.62051,18.82233,25.00000,25.00000,167.86047,0.40063,0.08181,0.38504,0.00000,0.12875,0.10000,0.00000,none
10.88333,50.04028,37.13712,3.35015,-0.26402,0.00175,4.69886,18.78692,25.00000,25.00000,167.86288,0.40042,0.08169,0.39157,0.00000,0.12750,0.10000,0.00000,none
10.88750,50.03986,37.13471,3.35066,-0.26418,0.00178,4.77707,18.75095,25.00000,25.00000,167.86529,0.40021,0.08158,0.39809,0.00000,0.12625,0.10000,0.00000,none
10.89167,50.03943,37.13230,3.35118,-0.26435,0.00180,4.85512,18.71445,25.00000,25.00000,167.86770,0.40000,0.08147,0.40459,0.00000,0.12500,0.10000,0.00000,none
10.89583,50.03900,37.12988,3.35170,-0.26451,0.00183,4.93302,18.67742,25.00000,25.00000,167.87012,0.39979,0.08136,0.41109,0.00000,0.12375,0.10000,0.00000,none
10.90000,50.03856,37.12746,3.35222,-0.26467,0.00185,5.01077,18.63986,25.00000,25.00000,167.87254,0.39958,0.08124,0.41756,0.00000,0.12250,0.10000,0.00000,none
10.90417,50.03812,37.12503,3.35274,-0.26484,0.00188,5.08835,18.60181,25.00000,25.00000,167.87497,0.39937,0.08113,0.42403,0.00000,0.12125,0.10000,0.00000,none
10.90833,50.03767,37.12261,3.35326,-0.26499,0.00190,5.16578,18.56325,25.00000,25.00000,167.87739,0.39916,0.08102,0.43048,0.00000,0.12000,0.10000,0.00000,none
10.91250,50.03721,37.12018,3.35379,-0.26515,0.00192,5.24305,18.52420,25.00000,25.00000,167.87982,0.39896,0.08091,0.43692,0.00000,0.11875,0.10000,0.00000,none
10.91667,50.03675,37.11775,3.35431,-0.26531,0.00195,5.32015,18.48467,25.00000,25.00000,167.88225,0.39875,0.08079,0.44335,0.00000,0.11750,0.10000,0.00000,none
10.92083,50.03628,37.11531,3.35484,-0.26546,0.00197,5.39708,18.44467,25.00000,25.00000,167.88469,0.39855,0.08068,0.44976,0.00000,0.11625,0.10000,0.00000,none
10.92500,50.03581,37.11288,3.35537,-0.26562,0.00199,5.47385,18.40421,25.00000,25.00000,167.88712,0.39834,0.08057,0.45615,0.00000,0.11500,0.10000,0.00000,none
10.92917,50.03533,37.11044,3.35590,-0.26577,0.00202,5.55045,18.36331,25.00000,25.00000,167.88956,0.39814,0.08046,0.46254,0.00000,0.11375,0.10000,0.00000,none
10.93333,50.03484,37.10801,3.35643,-0.26592,0.00204,5.62688,18.32195,25.00000,25.00000,167.89199,0.39794,0.08035,0.46891,0.00000,0.11250,0.10000,0.00000,none
10.93750,50.03435,37.10557,3.35696,-0.26606,0.00206,5.70314,18.28017,25.00000,25.00000,167.89443,0.39774,0.08024,0.47526,0.00000,0.11125,0.10000,0.00000,none
10.94167,50.03386,37.10312,3.35749,-0.26621,0.00209,5.77921,18.23797,25.00000,25.00000,167.89688,0.39754,0.08013,0.48160,0.00000,0.11000,0.10000,0.00000,none
10.94583,50.03336,37.10068,3.35803,-0.26636,0.00211,5.85512,18.19535,25.00000,25.00000,167.89932,0.39734,0.08002,0.48793,0.00000,0.10875,0.10000,0.00000,none
10.95000,50.03285,37.09824,3.35856,-0.26650,0.00213,5.93084,18.15232,25.00000,25.00000,167.90176,0.39714,0.07991,0.49424,0.00000,0.10750,0.10000,0.00000,none
10.95417,50.03234,37.09580,3.35910,-0.26664,0.00215,6.00639,18.10890,25.00000,25.00000,167.90420,0.39694,0.07979,0.50053,0.00000,0.10625,0.10000,0.00000,none
10.95833,50.03183,37.09338,3.35963,-0.26678,0.00217,6.08175,18.06497,25.00000,25.00000,167.90662,0.39685,0.07978,0.50681,0.00000,0.10625,0.10000,0.00000,none
10.96250,50.03131,37.09098,3.36016,-0.26691,0.00219,6.15693,18.02054,25.00000,25.00000,167.90902,0.39676,0.07976,0.51308,0.00000,0.10625,0.10000,0.00000,none
10.96667,50.03078,37.08861,3.36069,-0.26704,0.00221,6.23192,17.97563,25.00000,25.00000,167.91139,0.39668,0.07974,0.51933,0.00000,0.10625,0.10000,0.00000,none
10.97083,50.03025,37.08626,3.36121,-0.26716,0.00223,6.30672,17.93024,25.00000,25.00000,167.91374,0.39659,0.07973,0.52556,0.00000,0.10625,0.10000,0.00000,none
10.97500,50.02972,37.08393,3.36173,-0.26727,0.00224,6.38134,17.88439,25.00000,25.00000,167.91607,0.39650,0.07971,0.53178,0.00000,0.10625,0.10000,0.00000,none
10.97917,50.02918,37.08163,3.36225,-0.26738,0.00226,6.45576,17.83807,25.00000,25.00000,167.91837,0.39642,0.07970,0.53798,0.00000,0.10625,0.10000,0.00000,none
10.98333,50.02864,37.07934,3.36277,-0.26749,0.00227,6.52999,17.79132,25.00000,25.00000,167.92066,0.39633,0.07968,0.54417,0.00000,0.10625,0.10000,0.00000,none
10.98750,50.02810,37.07708,3.36328,-0.26759,0.00229,6.60402,17.74413,25.00000,25.00000,167.92292,0.39625,0.07966,0.55033,0.00000,0.10625,0.10000,0.00000,none
10.99167,50.02755,37.07484,3.36379,-0.26769,0.00230,6.67785,17.69652,25.00000,25.00000,167.92516,0.39617,0.07965,0.55649,0.00000,0.10625,0.10000,0.00000,none
10.99583,50.02700,37.07262,3.36430,-0.26779,0.00232,6.75149,17.64849,25.00000,25.00000,167.92738,0.39609,0.07963,0.56262,0.00000,0.10625,0.10000,0.00000,none
11.00000,50.02644,37.07042,3.36481,-0.26788,0.00233,6.82492,17.60006,25.00000,25.00000,167.92958,0.39600,0.07962,0.56874,0.00000,0.10625,0.10000,0.00000,none
11.00417,50.02589,37.06824,3.36531,-0.26796,0.00234,6.89816,17.55123,25.00000,25.00000,167.93176,0.39592,0.07960,0.57485,0.00000,0.10625,0.10000,0.00000,none
11.00833,50.02532,37.06608,3.36582,-0.26804,0.00235,6.97118,17.50203,25.00000,25.00000,167.93392,0.39584,0.07959,0.58093,0.00000,0.10625,0.10000,0.00000,none
11.01250,50.02476,37.06393,3.36631,-0.26812,0.00237,7.04401,17.45245,25.00000,25.00000,167.93607,0.39576,0.07957,0.58700,0.00000,0.10625,0.10000,0.00000,none
11.01667,50.02419,37.06181,3.36681,-0.26820,0.00238,7.11662,17.40250,25.00000,25.00000,167.93819,0.39569,0.07956,0.59305,0.00000,0.10625,0.10000,0.00000,none
11.02083,50.02363,37.05970,3.36730,-0.26827,0.00239,7.18903,17.35220,25.00000,25.00000,167.94030,0.39561,0.07954,0.59909,0.00000,0.10625,0.10000,0.00000,none
11.02500,50.02305,37.05760,3.36780,-0.26834,0.00240,7.26122,17.30156,25.00000,25.00000,167.94240,0.39553,0.07953,0.60510,0.00000,0.10625,0.10000,0.00000,none
11.02917,50.02248,37.05553,3.36828,-0.26840,0.00242,7.33321,17.25014,25.00000,25.00000,167.94447,0.39545,0.07951,0.61110,0.00000,0.10625,0.10125,0.00000,none
11.03333,50.02190,37.05347,3.36877,-0.26847,0.00243,7.40497,17.19797,25.00000,25.00000,167.94653,0.39538,0.07950,0.61708,0.00000,0.10625,0.10250,0.00000,none
11.03750,50.02132,37.05142,3.36926,-0.26853,0.00244,7.47652,17.14505,25.00000,25.00000,167.94858,0.39530,0.07949,0.62304,0.00000,0.10625,0.10375,0.00000,none
11.04167,50.02074,37.04939,3.36974,-0.26858,0.00245,7.54785,17.09139,25.00000,25.00000,167.95061,0.39523,0.07947,0.62899,0.00000,0.10625,0.10500,0.00000,none
11.04583,50.02015,37.04737,3.37022,-0.26864,0.00246,7.61895,17.03701,25.00000,25.00000,167.95263,0.39515,0.07946,0.63491,0.00000,0.10625,0.10625,0.00000,none
11.05000,50.01956,37.04537,3.37069,-0.26869,0.00247,7.68982,16.98191,25.00000,25.00000,167.95463,0.39508,0.07944,0.64082,0.00000,0.10625,0.10750,0.00000,none
11.05417,50.01897,37.04338,3.37117,-0.26874,0.00248,7.76046,16.92610,25.00000,25.00000,167.95662,0.39501,0.07943,0.64671,0.00000,0.10625,0.10875,0.00000,none
11.05833,50.01838,37.04141,3.37164,-0.26878,0.00249,7.83087,16.86960,25.00000,25.00000,167.95859,0.39493,0.07942,0.65257,0.00000,0.10625,0.11000,0.00000,none
11.06250,50.01778,37.03945,3.37211,-0.26883,0.00250,7.90104,16.81241,25.00000,25.00000,167.96055,0.39486,0.07940,0.65842,0.00000,0.10625,0.11125,0.00000,none
11.06667,50.01718,37.03750,3.37258,-0.26887,0.00251,7.97097,16.75455,25.00000,25.00000,167.96250,0.39479,0.07939,0.66425,0.00000,0.10625,0.11250,0.00000,none
11.07083,50.01658,37.03557,3.37304,-0.26891,0.00252,8.04066,16.69603,25.00000,25.00000,167.96443,0.39472,0.07938,0.67006,0.00000,0.10625,0.11375,0.00000,none
11.07500,50.01598,37.03364,3.37351,-0.26895,0.00253,8.11010,16.63685,25.00000,25.00000,167.96636,0.39465,0.07936,0.67584,0.00000,0.10625,0.11500,0.00000,none
11.07917,50.01537,37.03173,3.37397,-0.26899,0.00254,8.17930,16.57703,25.00000,25.00000,167.96827,0.39457,0.07935,0.68161,0.00000,0.10625,0.11625,0.00000,none
11.08333,50.01477,37.02983,3.37443,-0.26902,0.00255,8.24824,16.51657,25.00000,25.00000,167.97017,0.39450,0.07934,0.68735,0.00000,0.10625,0.11750,0.00000,none
11.08750,50.01416,37.02794,3.37488,-0.26905,0.00256,8.31694,16.45549,25.00000,25.00000,167.97206,0.39443,0.07932,0.69308,0.00000,0.10625,0.11875,0.00000,none
11.09167,50.01354,37.02607,3.37533,-0.26909,0.00257,8.38537,16.39380,25.00000,25.00000,167.97393,0.39437,0.07931,0.69878,0.00000,0.10625,0.12000,0.00000,none
11.09583,50.01293,37.02420,3.37579,-0.26912,0.00258,8.45355,16.33150,25.00000,25.00000,167.97580,0.39430,0.07930,0.70446,0.00000,0.10625,0.12125,0.00000,none
11.10000,50.01231,37.02234,3.37624,-0.26914,0.00259,8.52147,16.26860,25.00000,25.00000,167.97766,0.39423,0.07928,0.71012,0.00000,0.10625,0.12250,0.00000,none
11.10417,50.01170,37.02050,3.37668,-0.26917,0.00260,8.58912,16.20512,25.00000,25.00000,167.97950,0.39416,0.07927,0.71576,0.00000,0.10625,0.12375,0.00000,none
11.10833,50.01107,37.01866,3.37713,-0.26919,0.00260,8.65651,16.14107,25.00000,25.00000,167.98134,0.39409,0.07926,0.72138,0.00000,0.10625,0.12500,0.00000,none
11.11250,50.01045,37.01684,3.37757,-0.26922,0.00261,8.72363,16.07644,25.00000,25.00000,167.98316,0.39402,0.07925,0.72697,0.00000,0.10625,0.12625,0.00000,none
11.11667,50.00983,37.01502,3.37801,-0.26924,0.00262,8.79048,16.01126,25.00000,25.00000,167.98498,0.39396,0.07923,0.73254,0.00000,0.10625,0.12750,0.00000,none
11.12083,50.00920,37.01322,3.37845,-0.26926,0.00263,8.85706,15.94553,25.00000,25.00000,167.98678,0.39389,0.07922,0.73809,0.00000,0.10625,0.12875,0.00000,none
11.12500,50.00857,37.01142,3.37888,-0.26928,0.00264,8.92336,15.87926,25.00000,25.00000,167.98858,0.39382,0.07921,0.74361,0.00000,0.10625,0.13000,0.00000,none
11.12917,50.00794,37.00964,3.37932,-0.26930,0.00264,8.98938,15.81246,25.00000,25.00000,167.99036,0.39376,0.07920,0.74912,0.00000,0.10625,0.13125,0.00000,none
11.13333,50.00731,37.00786,3.37975,-0.26932,0.00265,9.05513,15.74514,25.00000,25.00000,167.99214,0.39369,0.07918,0.75459,0.00000,0.10625,0.13250,0.00000,none
11.13750,50.00668,37.00614,3.38017,-0.26932,0.00266,9.12059,15.67706,25.00000,25.00000,167.99386,0.39384,0.07936,0.76005,0.00000,0.10875,0.13375,0.00000,none
11.14167,50.00604,37.00448,3.38058,-0.26932,0.00266,9.18577,15.60822,25.00000,25.00000,167.99552,0.39400,0.07953,0.76548,0.00000,0.11125,0.13500,0.00000,none
11.14583,50.00541,37.00288,3.38099,-0.26931,0.00266,9.25066,15.53864,25.00000,25.00000,167.99712,0.39416,0.07971,0.77089,0.00000,0.11375,0.13625,0.00000,none
11.15000,50.00478,37.00135,3.38138,-0.26930,0.00265,9.31525,15.46832,25.00000,25.00000,167.99865,0.39433,0.07989,0.77627,0.00000,0.11625,0.13750,0.00000,none
11.15417,50.00414,36.99987,3.38176,-0.26927,0.00265,9.37956,15.39726,25.00000,25.00000,168.00013,0.39450,0.08007,0.78163,0.00000,0.11875,0.13875,0.00000,none
11.15833,50.00351,36.99845,3.38214,-0.26923,0.00265,9.44356,15.32547,25.00000,25.00000,168.00155,0.39468,0.08025,0.78696,0.00000,0.12125,0.14000,0.00000,none
11.16250,50.00288,36.99709,3.38250,-0.26919,0.00264,9.50727,15.25295,25.00000,25.00000,168.00291,0.39486,0.08043,0.79227,0.00000,0.12375,0.14125,0.00000,none
11.16667,50.00225,36.99580,3.38286,-0.26913,0.00263,9.57067,15.17971,25.00000,25.00000,168.00420,0.39506,0.08061,0.79756,0.00000,0.12625,0.14250,0.00000,none
11.17083,50.00162,36.99456,3.38320,-0.26907,0.00263,9.63376,15.10575,25.00000,25.00000,168.00544,0.39525,0.08079,0.80281,0.00000,0.12875,0.14375,0.00000,none
11.17500,50.00100,36.99338,3.38354,-0.26900,0.00262,9.69655,15.03107,25.00000,25.00000,168.00662,0.39546,0.08097,0.80805,0.00000,0.13125,0.14500,0.00000,none
11.17917,50.00037,36.99227,3.38387,-0.26892,0.00261,9.75902,14.95569,25.00000,25.00000,168.00773,0.39566,0.08116,0.81325,0.00000,0.13375,0.14625,0.00000,none
11.18333,49.99975,36.99121,3.38418,-0.26884,0.00260,9.82118,14.87961,25.00000,25.00000,168.00879,0.39588,0.08134,0.81843,0.00000,0.13625,0.14750,0.00000,none
11.18750,49.99913,36.99021,3.38449,-0.26874,0.00259,9.88302,14.80283,25.00000,25.00000,168.00979,0.39610,0.08153,0.82358,0.00000,0.13875,0.14875,0.00000,none
11.19167,49.99852,36.98926,3.38479,-0.26864,0.00258,9.94453,14.72536,25.00000,25.00000,168.01074,0.39632,0.08172,0.82871,0.00000,0.14125,0.15000,0.00000,none
11.19583,49.99790,36.98838,3.38507,-0.26853,0.00257,10.00573,14.64720,25.00000,25.00000,168.01162,0.39655,0.08191,0.83381,0.00000,0.14375,0.15125,0.00000,none
11.20000,49.99729,36.98755,3.38535,-0.26841,0.00256,10.06659,14.56835,25.00000,25.00000,168.01245,0.39678,0.08210,0.83888,0.00000,0.14625,0.15250,0.00000,none
11.20417,49.99668,36.98678,3.38562,-0.26829,0.00254,10.12713,14.48883,25.00000,25.00000,168.01322,0.39702,0.08229,0.84393,0.00000,0.14875,0.15375,0.00000,none
11.20833,49.99608,36.98607,3.38588,-0.26815,0.00253,10.18733,14.40863,25.00000,25.00000,168.01393,0.39727,0.08248,0.84894,0.00000,0.15125,0.15500,0.00000,none
11.21250,49.99547,36.98541,3.38613,-0.26802,0.00252,10.24720,14.32776,25.00000,25.00000,168.01459,0.39752,0.08267,0.85393,0.00000,0.15375,0.15625,0.00000,none
11.21667,49.99487,36.98481,3.38637,-0.26787,0.00251,10.30673,14.24623,25.00000,25.00000,168.01519,0.39777,0.08286,0.85889,0.00000,0.15625,0.15750,0.00000,none
11.22083,49.99428,36.98426,3.38660,-0.26772,0.00250,10.36592,14.16404,25.00000,25.00000,168.01574,0.39803,0.08306,0.86383,0.00000,0.15875,0.15875,0.00000,none
11.22500,49.99368,36.98377,3.38682,-0.26756,0.00248,10.42476,14.08119,25.00000,25.00000,168.01623,0.39830,0.08325,0.86873,0.00000,0.16125,0.16000,0.00000,none
11.22917,49.99309,36.98333,3.38703,-0.26739,0.00247,10.48326,13.99769,25.00000,25.00000,168.01667,0.39857,0.08345,0.87360,0.00000,0.16375,0.16125,0.00000,none
11.23333,49.99250,36.98294,3.38723,-0.26722,0.00246,10.54141,13.91355,25.00000,25.00000,168.01706,0.39884,0.08365,0.87845,0.00000,0.16625,0.16250,0.00000,none
11.23750,49.99192,36.98261,3.38742,-0.26704,0.00245,10.59920,13.82876,25.00000,25.00000,168.01739,0.39912,0.08384,0.88327,0.00000,0.16875,0.16375,0.00000,none
11.24167,49.99133,36.98233,3.38760,-0.26685,0.00243,10.65664,13.74334,25.00000,25.00000,168.01767,0.39940,0.08404,0.88805,0.00000,0.17125,0.16500,0.00000,none
11.24583,49.99075,36.98211,3.38777,-0.26666,0.00242,10.71373,13.65729,25.00000,25.00000,168.01789,0.39969,0.08424,0.89281,0.00000,0.17375,0.16625,0.00000,none
11.25000,49.99018,36.98193,3.38793,-0.26646,0.00241,10.77045,13.57060,25.00000,25.00000,168.01807,0.39998,0.08444,0.89754,0.00000,0.17625,0.16750,0.00000,none
11.25417,49.98961,36.98181,3.38809,-0.26626,0.00239,10.82682,13.48330,25.00000,25.00000,168.01819,0.40028,0.08464,0.90223,0.00000,0.17875,0.16875,0.00000,none
11.25833,49.98904,36.98174,3.38823,-0.26605,0.00238,10.88281,13.39537,25.00000,25.00000,168.01826,0.40058,0.08484,0.90690,0.00000,0.18125,0.17000,0.00000,none
11.26250,49.98847,36.98172,3.38836,-0.26583,0.00237,10.93844,13.30683,25.00000,25.00000,168.01828,0.40088,0.08505,0.91154,0.00000,0.18375,0.17125,0.00000,none
11.26667,49.98791,36.98175,3.38848,-0.26561,0.00235,10.99370,13.21768,25.00000,25.00000,168.01825,0.40119,0.08525,0.91614,0.00000,0.18625,0.17250,0.00000,none
11.27083,49.98734,36.98183,3.38860,-0.26539,0.00234,11.04859,13.12792,25.00000,25.00000,168.01817,0.40151,0.08545,0.92072,0.00000,0.18875,0.17375,0.00000,none
11.27500,49.98679,36.98196,3.38870,-0.26515,0.00233,11.10310,13.03756,25.00000,25.00000,168.01804,0.40182,0.08566,0.92526,0.00000,0.19125,0.17500,0.00000,none
11.27917,49.98623,36.98214,3.38880,-0.26492,0.00231,11.15723,12.94660,25.00000,25.00000,168.01786,0.40215,0.08586,0.92977,0.00000,0.19375,0.17625,0.00000,none
11.28333,49.98568,36.98237,3.38888,-0.26467,0.00230,11.21099,12.85505,25.00000,25.00000,168.01763,0.40247,0.08607,0.93425,0.00000,0.19625,0.17750,0.00000,none
11.28750,49.98514,36.98265,3.38896,-0.26443,0.00229,11.26436,12.76291,25.00000,25.00000,168.01735,0.40280,0.08628,0.93870,0.00000,0.19875,0.17875,0.00000,none
11.29167,49.98459,36.98298,3.38902,-0.26417,0.00227,11.31734,12.67019,25.00000,25.00000,168.01702,0.40313,0.08649,0.94311,0.00000,0.20125,0.18000,0.00000,none
11.29583,49.98405,36.98335,3.38908,-0.26392,0.00226,11.36994,12.57688,25.00000,25.00000,168.01665,0.40347,0.08669,0.94750,0.00000,0.20375,0.18125,0.00000,none
11.30000,49.98351,36.98378,3.38912,-0.26365,0.00224,11.42215,12.48300,25.00000,25.00000,168.01622,0.40381,0.08690,0.95185,0.00000,0.20625,0.18250,0.00000,none
11.30417,49.98298,36.98425,3.38916,-0.26339,0.00223,11.47396,12.38854,25.00000,25.00000,168.01575,0.40416,0.08711,0.95616,0.00000,0.20875,0.18375,0.00000,none
11.30833,49.98245,36.98477,3.38918,-0.26311,0.00221,11.52539,12.29352,25.00000,25.00000,168.01523,0.40450,0.08732,0.96045,0.00000,0.21125,0.18500,0.00000,none
11.31250,49.98192,36.98533,3.38920,-0.26284,0.00220,11.57641,12.19793,25.00000,25.00000,168.01467,0.40485,0.08754,0.96470,0.00000,0.21375,0.18625,0.00000,none
11.31667,49.98140,36.98595,3.38921,-0.26256,0.00219,11.62703,12.10178,25.00000,25.00000,168.01405,0.40521,0.08775,0.96892,0.00000,0.21625,0.18750,0.00000,none
11.32083,49.98088,36.98661,3.38921,-0.26227,0.00217,11.67726,12.00507,25.00000,25.00000,168.01339,0.40557,0.08796,0.97310,0.00000,0.21875,0.18875,0.00000,none
11.32500,49.98036,36.98731,3.38919,-0.26198,0.00216,11.72707,11.90782,25.00000,25.00000,168.01269,0.40593,0.08818,0.97726,0.00000,0.22125,0.19000,0.00000,none
11.32917,49.97985,36.98806,3.38917,-0.26168,0.00214,11.77649,11.81001,25.00000,25.00000,168.01194,0.40630,0.08839,0.98137,0.00000,0.22375,0.19125,0.00000,none
11.33333,49.97934,36.98886,3.38914,-0.26138,0.00213,11.82549,11.71166,25.00000,25.00000,168.01114,0.40666,0.08860,0.98546,0.00000,0.22625,0.19250,0.00000,none
11.33750,49.97884,36.98970,3.38910,-0.26108,0.00211,11.87408,11.61276,25.00000,25.00000,168.01030,0.40704,0.08882,0.98951,0.00000,0.22875,0.19375,0.00000,none
11.34167,49.97833,36.99059,3.38905,-0.26077,0.00210,11.92226,11.51333,25.00000,25.00000,168.00941,0.40741,0.08904,0.99352,0.00000,0.23125,0.19500,0.00000,none
11.34583,49.97784,36.99153,3.38899,-0.26046,0.00208,11.97003,11.41337,25.00000,25.00000,168.00847,0.40779,0.08925,0.99750,0.00000,0.23375,0.19625,0.00000,none
11.35000,49.97734,36.99250,3.38892,-0.26014,0.00207,12.01737,11.31287,25.00000,25.00000,168.00750,0.40817,0.08947,1.00145,0.00000,0.23625,0.19750,0.00000,none
11.35417,49.97685,36.99361,3.38884,-0.25981,0.00205,12.06430,11.21164,25.00000,25.00000,168.00639,0.40831,0.08965,1.00536,0.00250,0.23875,0.19875,0.00000,none
11.35833,49.97636,36.99485,3.38873,-0.25945,0.00203,12.11080,11.10965,25.00000,25.00000,168.00515,0.40846,0.08982,1.00923,0.00500,0.24125,0.20000,0.00000,none
11.36250,49.97588,36.99620,3.38861,-0.25908,0.00201,12.15688,11.00693,25.00000,25.00000,168.00380,0.40860,0.09000,1.01307,0.00750,0.24375,0.20125,0.00000,none
11.36667,49.97540,36.99769,3.38847,-0.25868,0.00199,12.20252,10.90348,25.00000,25.00000,168.00231,0.40875,0.09018,1.01688,0.01000,0.24625,0.20250,0.00000,none
11.37083,49.97493,36.99929,3.38831,-0.25827,0.00197,12.24774,10.79929,25.00000,25.00000,168.00071,0.40889,0.09035,1.02064,0.01250,0.24875,0.20375,0.00000,none
11.37500,49.97446,37.00100,3.38814,-0.25784,0.00194,12.29251,10.69437,25.00000,25.00000,167.99900,0.40904,0.09053,1.02438,0.01500,0.25125,0.20500,0.00000,none
11.37917,49.97400,37.00284,3.38795,-0.25739,0.00192,12.33685,10.58873,25.00000,25.00000,167.99716,0.40918,0.09071,1.02807,0.01750,0.25375,0.20625,0.00000,none
11.38333,49.97355,37.00478,3.38774,-0.25693,0.00190,12.38075,10.48236,25.00000,25.00000,167.99522,0.40933,0.09088,1.03173,0.02000,0.25625,0.20750,0.00000,none
11.38750,49.97310,37.00684,3.38751,-0.25645,0.00188,12.42421,10.37527,25.00000,25.00000,167.99316,0.40947,0.09106,1.03535,0.02250,0.25875,0.20875,0.00000,none
11.39167,49.97265,37.00900,3.38727,-0.25596,0.00185,12.46721,10.26747,25.00000,25.00000,167.99100,0.40962,0.09124,1.03893,0.02500,0.26125,0.21000,0.00000,none
11.39583,49.97221,37.01127,3.38701,-0.25545,0.00183,12.50977,10.15895,25.00000,25.00000,167.98873,0.40976,0.09141,1.04248,0.02750,0.26375,0.21125,0.00000,none
11.40000,49.97178,37.01365,3.38674,-0.25493,0.00180,12.55187,10.04973,25.00000,25.00000,167.98635,0.40990,0.09159,1.04599,0.03000,0.26625,0.21250,0.00000,none
11.40417,49.97135,37.01612,3.38645,-0.25439,0.00178,12.59351,9.93980,25.00000,25.00000,167.98388,0.41005,0.09177,1.04946,0.03250,0.26875,0.21375,0.00000,none
11.40833,49.97093,37.01869,3.38614,-0.25384,0.00176,12.63470,9.82916,25.00000,25.00000,167.98131,0.41019,0.09194,1.05289,0.03500,0.27125,0.21500,0.00000,none
11.41250,49.97051,37.02137,3.38581,-0.25328,0.00173,12.67542,9.71783,25.00000,25.00000,167.97863,0.41032,0.09212,1.05629,0.03750,0.27375,0.21625,0.00000,none
11.41667,49.97010,37.02413,3.38547,-0.25270,0.00171,12.71568,9.60580,25.00000,25.00000,167.97587,0.41046,0.09229,1.05964,0.04000,0.27625,0.21750,0.00000,none
11.42083,49.96970,37.02699,3.38512,-0.25212,0.00168,12.75547,9.49308,25.00000,25.00000,167.97301,0.41060,0.09247,1.06296,0.04250,0.27875,0.21875,0.00000,none
11.42500,49.96930,37.02994,3.38474,-0.25152,0.00166,12.79479,9.37967,25.00000,25.00000,167.97006,0.41073,0.09265,1.06623,0.04500,0.28125,0.22000,0.00000,none
11.42917,49.96891,37.03298,3.38435,-0.25091,0.00164,12.83363,9.26558,25.00000,25.00000,167.96702,0.41086,0.09282,1.06947,0.04750,0.28375,0.22125,0.00000,none
11.43333,49.96852,37.03611,3.38395,-0.25030,0.00161,12.87200,9.15080,25.00000,25.00000,167.96389,0.41099,0.09300,1.07267,0.05000,0.28625,0.22250,0.00000,none
11.43750,49.96814,37.03932,3.38353,-0.24967,0.00159,12.90988,9.03535,25.00000,25.00000,167.96068,0.41112,0.09317,1.07582,0.05250,0.28875,0.22375,0.00000,none
11.44167,49.96776,37.04262,3.38309,-0.24903,0.00157,12.94729,8.91923,25.00000,25.00000,167.95738,0.41124,0.09334,1.07894,0.05500,0.29125,0.22500,0.00000,none
11.44583,49.96739,37.04600,3.38264,-0.24838,0.00154,12.98421,8.80244,25.00000,25.00000,167.95400,0.41137,0.09352,1.08202,0.05750,0.29375,0.22625,0.00000,none
11.45000,49.96703,37.04946,3.38217,-0.24773,0.00152,13.02064,8.68498,25.00000,25.00000,167.95054,0.41149,0.09369,1.08505,0.06000,0.29625,0.22750,0.00000,none
11.45417,49.96667,37.05301,3.38169,-0.24706,0.00150,13.05658,8.56686,25.00000,25.00000,167.94699,0.41160,0.09387,1.08805,0.06250,0.29875,0.22875,0.00000,none
11.45833,49.96631,37.05663,3.38119,-0.24639,0.00147,13.09203,8.44808,25.00000,25.00000,167.94337,0.41172,0.09404,1.09100,0.06500,0.30125,0.23000,0.00000,none
11.46250,49.96596,37.06032,3.38068,-0.24571,0.00145,13.12698,8.32865,25.00000,25.00000,167.93968,0.41183,0.09421,1.09392,0.06750,0.30375,0.23125,0.00000,none
11.46667,49.96562,37.06410,3.38015,-0.24502,0.00143,13.16143,8.20857,25.00000,25.00000,167.93590,0.41194,0.09438,1.09679,0.07000,0.30625,0.23250,0.00000,none
11.47083,49.96528,37.06794,3.37961,-0.24432,0.00140,13.19538,8.08784,25.00000,25.00000,167.93206,0.41204,0.09455,1.09962,0.07250,0.30875,0.23375,0.00000,none
11.47500,49.96495,37.07186,3.37905,-0.24362,0.00138,13.22883,7.96648,25.00000,25.00000,167.92814,0.41214,0.09472,1.10240,0.07500,0.31125,0.23500,0.00000,none
11.47917,49.96462,37.07585,3.37848,-0.24291,0.00136,13.26177,7.84447,25.00000,25.00000,167.92415,0.41224,0.09489,1.10515,0.07750,0.31375,0.23625,0.00000,none
11.48333,49.96430,37.07991,3.37789,-0.24219,0.00134,13.29420,7.72184,25.00000,25.00000,167.92009,0.41234,0.09506,1.10785,0.08000,0.31625,0.23750,0.00000,none
11.48750,49.96398,37.08404,3.37729,-0.24147,0.00132,13.32612,7.59857,25.00000,25.00000,167.91596,0.41243,0.09523,1.11051,0.08250,0.31875,0.23875,0.00000,none
11.49167,49.96367,37.08824,3.37667,-0.24074,0.00129,13.35752,7.47468,25.00000,25.00000,167.91176,0.41251,0.09540,1.11313,0.08500,0.32125,0.24000,0.00000,none
11.49583,49.96337,37.09250,3.37604,-0.24000,0.00127,13.38841,7.35017,25.00000,25.00000,167.90750,0.41260,0.09557,1.11570,0.08750,0.32375,0.24125,0.00000,none
11.50000,49.96306,37.09683,3.37539,-0.23926,0.00125,13.41877,7.22504,25.00000,25.00000,167.90317,0.41268,0.09573,1.11823,0.09000,0.32625,0.24250,0.00000,none
11.50417,49.96277,37.10123,3.37473,-0.23852,0.00123,13.44861,7.09931,25.00000,25.00000,167.89877,0.41275,0.09590,1.12072,0.09250,0.32875,0.24375,0.00000,none
11.50833,49.96248,37.10568,3.37406,-0.23777,0.00121,13.47793,6.97296,25.00000,25.00000,167.89432,0.41282,0.09607,1.12316,0.09500,0.33125,0.24500,0.00000,none
11.51250,49.96219,37.11020,3.37337,-0.23701,0.00118,13.50672,6.84602,25.00000,25.00000,167.88980,0.41289,0.09623,1.12556,0.09750,0.33375,0.24625,0.00000,none
11.51667,49.96191,37.11478,3.37267,-0.23625,0.00116,13.53498,6.71847,25.00000,25.00000,167.88522,0.41295,0.09639,1.12791,0.10000,0.33625,0.24750,0.00000,none
11.52083,49.96164,37.11942,3.37195,-0.23548,0.00114,13.56270,6.59033,25.00000,25.00000,167.88058,0.41300,0.09656,1.13023,0.10250,0.33875,0.24875,0.00000,none
11.52500,49.96137,37.12412,3.37122,-0.23471,0.00112,13.58990,6.46161,25.00000,25.00000,167.87588,0.41306,0.09672,1.13249,0.10500,0.34125,0.25000,0.00000,none
11.52917,49.96110,37.12888,3.37048,-0.23394,0.00110,13.61655,6.33229,25.00000,25.00000,167.87112,0.41310,0.09688,1.13471,0.10750,0.34375,0.25125,0.00000,none
11.53333,49.96084,37.13370,3.36972,-0.23316,0.00108,13.64266,6.20240,25.00000,25.00000,167.86630,0.41315,0.09704,1.13689,0.11000,0.34625,0.25250,0.00000,none
11.53750,49.96059,37.13857,3.36895,-0.23238,0.00106,13.66823,6.07194,25.00000,25.00000,167.86143,0.41318,0.09720,1.13902,0.11250,0.34875,0.25375,0.00000,none
11.54167,49.96034,37.14350,3.36816,-0.23159,0.00104,13.69326,5.94090,25.00000,25.00000,167.85650,0.41321,0.09736,1.14111,0.11500,0.35125,0.25500,0.00000,none
11.54583,49.96009,37.14848,3.36737,-0.23080,0.00102,13.71774,5.80929,25.00000,25.00000,167.85152,0.41324,0.09752,1.14315,0.11750,0.35375,0.25625,0.00000,none
11.55000,49.95985,37.15352,3.36655,-0.23001,0.00099,13.74167,5.67713,25.00000,25.00000,167.84648,0.41326,0.09768,1.14514,0.12000,0.35625,0.25750,0.00000,none
11.55417,49.95962,37.15861,3.36573,-0.22922,0.00097,13.76505,5.54441,25.00000,25.00000,167.84139,0.41328,0.09783,1.14709,0.12250,0.35875,0.25875,0.00000,none
11.55833,49.95939,37.16375,3.36489,-0.22842,0.00095,13.78787,5.41113,25.00000,25.00000,167.83625,0.41329,0.09799,1.14899,0.12500,0.36125,0.26000,0.00000,none
11.56250,49.95916,37.16894,3.36404,-0.22762,0.00093,13.81014,5.27731,25.00000,25.00000,167.83106,0.41329,0.09814,1.15085,0.12750,0.36375,0.26125,0.00000,none
11.56667,49.95894,37.17418,3.36318,-0.22681,0.00091,13.83185,5.14295,25.00000,25.00000,167.82582,0.41329,0.09830,1.15265,0.13000,0.36625,0.26250,0.00000,none
11.57083,49.95873,37.17947,3.36230,-0.22600,0.00089,13.85300,5.00805,25.00000,25.00000,167.82053,0.41328,0.09845,1.15442,0.13250,0.36875,0.26375,0.00000,none
11.57500,49.95852,37.18481,3.36142,-0.22519,0.00087,13.87358,4.87262,25.00000,25.00000,167.81519,0.41327,0.09860,1.15613,0.13500,0.37125,0.26500,0.00000,none
11.57917,49.95831,37.19020,3.36051,-0.22438,0.00085,13.89360,4.73666,25.00000,25.00000,167.80980,0.41325,0.09875,1.15780,0.13750,0.37375,0.26625,0.00000,none
11.58333,49.95811,37.19564,3.35960,-0.22357,0.00083,13.91305,4.60017,25.00000,25.00000,167.80436,0.41323,0.09890,1.15942,0.14000,0.37625,0.26750,0.00000,none
11.58750,49.95792,37.20112,3.35867,-0.22275,0.00081,13.93193,4.46317,25.00000,25.00000,167.79888,0.41320,0.09905,1.16099,0.14250,0.37875,0.26875,0.00000,none
11.59167,49.95773,37.20665,3.35774,-0.22194,0.00079,13.95024,4.32565,25.00000,25.00000,167.79335,0.41316,0.09919,1.16252,0.14500,0.38125,0.27000,0.00000,none
11.59583,49.95754,37.21222,3.35679,-0.22112,0.00077,13.96798,4.18763,25.00000,25.00000,167.78778,0.41311,0.09934,1.16400,0.14750,0.38375,0.27125,0.00000,none
11.60000,49.95736,37.21784,3.35582,-0.22030,0.00075,13.98514,4.04910,25.00000,25.00000,167.78216,0.41306,0.09948,1.16543,0.15000,0.38625,0.27250,0.00000,none
11.60417,49.95718,37.22350,3.35485,-0.21947,0.00073,14.00172,3.91008,25.00000,25.00000,167.77650,0.41300,0.09963,1.16681,0.15250,0.38875,0.27375,0.00000,none
11.60833,49.95701,37.22920,3.35386,-0.21865,0.00071,14.01772,3.77056,25.00000,25.00000,167.77080,0.41294,0.09977,1.16814,0.15500,0.39125,0.27500,0.00000,none
11.61250,49.95684,37.23494,3.35287,-0.21782,0.00069,14.03314,3.63055,25.00000,25.00000,167.76506,0.41287,0.09991,1.16943,0.15750,0.39375,0.27625,0.00000,none
11.61667,49.95668,37.24073,3.35186,-0.21700,0.00067,14.04798,3.49006,25.00000,25.00000,167.75927,0.41279,0.10005,1.17066,0.16000,0.39625,0.27750,0.00000,none
11.62083,49.95652,37.24655,3.35083,-0.21617,0.00065,14.06222,3.34909,25.00000,25.00000,167.75345,0.41270,0.10019,1.17185,0.16250,0.39875,0.27875,0.00000,none
11.62500,49.95637,37.25241,3.34980,-0.21534,0.00063,14.07588,3.20765,25.00000,25.00000,167.74759,0.41261,0.10033,1.17299,0.16500,0.40125,0.28000,0.00000,none
11.62917,49.95622,37.25832,3.34876,-0.21451,0.00061,14.08895,3.06573,25.00000,25.00000,167.74168,0.41251,0.10046,1.17408,0.16750,0.40375,0.28125,0.00000,none
11.63333,49.95607,37.26426,3.34770,-0.21368,0.00060,14.10143,2.92336,25.00000,25.00000,167.73574,0.41240,0.10060,1.17512,0.17000,0.40625,0.28250,0.00000,none
11.63750,49.95594,37.27024,3.34664,-0.21285,0.00058,14.11331,2.78052,25.00000,25.00000,167.72976,0.41229,0.10073,1.17611,0.17250,0.40875,0.28375,0.00000,none
11.64167,49.95580,37.27625,3.34556,-0.21202,0.00056,14.12460,2.63724,25.00000,25.00000,167.72375,0.41217,0.10087,1.17705,0.17500,0.41125,0.28500,0.00000,none
11.64583,49.95567,37.28231,3.34447,-0.21119,0.00054,14.13529,2.49350,25.00000,25.00000,167.71769,0.41204,0.10100,1.17794,0.17750,0.41375,0.28625,0.00000,none
11.65000,49.95554,37.28839,3.34337,-0.21036,0.00052,14.14538,2.34932,25.00000,25.00000,167.71161,0.41190,0.10113,1.17878,0.18000,0.41625,0.28750,0.00000,none
11.65417,49.95542,37.29451,3.34226,-0.20953,0.00050,14.15486,2.20470,25.00000,25.00000,167.70549,0.41175,0.10126,1.17957,0.18250,0.41875,0.28875,0.00000,none
11.65833,49.95530,37.30067,3.34114,-0.20870,0.00048,14.16375,2.05965,25.00000,25.00000,167.69933,0.41160,0.10138,1.18031,0.18500,0.42125,0.29000,0.00000,none
11.66250,49.95519,37.30686,3.34001,-0.20787,0.00046,14.17203,1.91417,25.00000,25.00000,167.69314,0.41144,0.10151,1.18100,0.18750,0.42375,0.29125,0.00000,none
11.66667,49.95508,37.31308,3.33887,-0.20703,0.00045,14.17970,1.76827,25.00000,25.00000,167.68692,0.41127,0.10163,1.18164,0.19000,0.42625,0.29250,0.00000,none
11.67083,49.95498,37.31933,3.33772,-0.20620,0.00043,14.18676,1.62195,25.00000,25.00000,167.68067,0.41109,0.10176,1.18223,0.19250,0.42875,0.29375,0.00000,none
11.67500,49.95488,37.32562,3.33656,-0.20537,0.00041,14.19321,1.47522,25.00000,25.00000,167.67438,0.41090,0.10188,1.18277,0.19500,0.43125,0.29500,0.00000,none
11.67917,49.95478,37.33193,3.33539,-0.20454,0.00039,14.19905,1.32808,25.00000,25.00000,167.66807,0.41071,0.10200,1.18325,0.19750,0.43375,0.29625,0.00000,none
11.68333,49.95469,37.33828,3.33421,-0.20371,0.00037,14.20428,1.18053,25.00000,25.00000,167.66172,0.41051,0.10212,1.18369,0.20000,0.43625,0.29750,0.00000,none
11.68750,49.95461,37.34465,3.33302,-0.20288,0.00036,14.20889,1.03259,25.00000,25.00000,167.65535,0.41029,0.10223,1.18407,0.20250,0.43875,0.29875,0.00000,none
11.69167,49.95452,37.35105,3.33182,-0.20205,0.00034,14.21288,0.88425,25.00000,25.00000,167.64895,0.41007,0.10235,1.18441,0.20500,0.44125,0.30000,0.00000,none
11.69583,49.95444,37.35749,3.33061,-0.20123,0.00032,14.21626,0.73553,25.00000,25.00000,167.64251,0.40985,0.10246,1.18469,0.20750,0.44375,0.30125,0.00000,none
11.70000,49.95437,37.36394,3.32939,-0.20040,0.00030,14.21901,0.58643,25.00000,25.00000,167.63606,0.40961,0.10258,1.18492,0.21000,0.44625,0.30250,0.00000,none
11.70417,49.95430,37.37043,3.32816,-0.19958,0.00028,14.22114,0.43694,25.00000,25.00000,167.62957,0.40936,0.10269,1.18510,0.21250,0.44875,0.30375,0.00000,none
11.70833,49.95423,37.37694,3.32692,-0.19875,0.00027,14.22265,0.28709,25.00000,25.00000,167.62306,0.40911,0.10280,1.18522,0.21500,0.45125,0.30500,0.00000,none
11.71250,49.95417,37.38347,3.32567,-0.19793,0.00025,14.22354,0.13686,25.00000,25.00000,167.61653,0.40884,0.10290,1.18529,0.21750,0.45375,0.30625,0.00000,none
11.71667,49.95412,37.39003,3.32441,-0.19711,0.00023,14.22379,-0.01372,25.00000,25.00000,167.60997,0.40857,0.10301,1.18532,0.22000,0.45625,0.30750,0.00000,none
11.72083,49.95406,37.39661,3.32315,-0.19629,0.00022,14.22342,-0.16467,25.00000,25.00000,167.60339,0.40828,0.10312,1.18528,0.22250,0.45875,0.30875,0.00000,none
11.72500,49.95401,37.40322,3.32188,-0.19547,0.00020,14.22242,-0.31596,25.00000,25.00000,167.59678,0.40799,0.10322,1.18520,0.22500,0.46125,0.31000,0.00000,none
11.72917,49.95397,37.40985,3.32059,-0.19465,0.00018,14.22079,-0.46761,25.00000,25.00000,167.59015,0.40769,0.10332,1.18507,0.22750,0.46375,0.31125,0.00000,none
11.73333,49.95392,37.41650,3.31930,-0.19383,0.00017,14.21852,-0.61959,25.00000,25.00000,167.58350,0.40738,0.10342,1.18488,0.23000,0.46625,0.31250,0.00000,none
11.73750,49.95389,37.42317,3.31800,-0.19302,0.00015,14.21562,-0.77191,25.00000,25.00000,167.57683,0.40706,0.10352,1.18464,0.23250,0.46875,0.31375,0.00000,none
11.74167,49.95385,37.42987,3.31669,-0.19221,0.00013,14.21209,-0.92457,25.00000,25.00000,167.57013,0.40672,0.10362,1.18434,0.23500,0.47125,0.31500,0.00000,none
11.74583,49.95382,37.43658,3.31538,-0.19140,0.00012,14.20792,-1.07755,25.00000,25.00000,167.56342,0.40638,0.10371,1.18399,0.23750,0.47375,0.31625,0.00000,none
11.75000,49.95380,37.44331,3.31405,-0.19059,0.00010,14.20311,-1.23086,25.00000,25.00000,167.55669,0.40603,0.10381,1.18359,0.24000,0.47625,0.31750,0.00000,none
11.75417,49.95378,37.45006,3.31272,-0.18978,0.00008,14.19766,-1.38448,25.00000,25.00000,167.54994,0.40567,0.10390,1.18314,0.24250,0.47875,0.31875,0.00000,none
11.75833,49.95376,37.45683,3.31138,-0.18898,0.00007,14.19157,-1.53842,25.00000,25.00000,167.54317,0.40530,0.10399,1.18263,0.24500,0.48125,0.32000,0.00000,none
11.76250,49.95374,37.46362,3.31003,-0.18818,0.00005,14.18484,-1.69267,25.00000,25.00000,167.53638,0.40492,0.10408,1.18207,0.24750,0.48375,0.32125,0.00000,none
11.76667,49.95373,37.47042,3.30867,-0.18738,0.00004,14.17746,-1.84721,25.00000,25.00000,167.52958,0.40453,0.10416,1.18146,0.25000,0.48625,0.32250,0.00000,none
11.77083,49.95373,37.47724,3.30731,-0.18658,0.00002,14.16944,-2.00206,25.00000,25.00000,167.52276,0.40413,0.10425,1.18079,0.25250,0.48875,0.32375,0.00000,none
11.77500,49.95372,37.48408,3.30594,-0.18579,0.00001,14.16078,-2.15720,25.00000,25.00000,167.51592,0.40372,0.10433,1.18006,0.25500,0.49125,0.32500,0.00000,none
11.77917,49.95372,37.49093,3.30456,-0.18500,-0.00001,14.15146,-2.31263,25.00000,25.00000,167.50907,0.40330,0.10441,1.17929,0.25750,0.49375,0.32625,0.00000,none
11.78333,49.95373,37.49779,3.30317,-0.18421,-0.00002,14.14150,-2.46834,25.00000,25.00000,167.50221,0.40286,0.10449,1.17846,0.26000,0.49625,0.32750,0.00000,none
11.78750,49.95373,37.50467,3.30178,-0.18342,-0.00004,14.13089,-2.62433,25.00000,25.00000,167.49533,0.40242,0.10457,1.17757,0.26250,0.49875,0.32875,0.00000,none
11.79167,49.95374,37.51156,3.30038,-0.18264,-0.00005,14.11963,-2.78059,25.00000,25.00000,167.48844,0.40197,0.10465,1.17664,0.26500,0.50125,0.33000,0.00000,none
11.79583,49.95376,37.51846,3.29897,-0.18186,-0.00007,14.10772,-2.93712,25.00000,25.00000,167.48154,0.40150,0.10472,1.17564,0.26750,0.50375,0.33125,0.00000,none
11.80000,49.95378,37.52538,3.29756,-0.18108,-0.00008,14.09516,-3.09392,25.00000,25.00000,167.47462,0.40103,0.10480,1.17460,0.27000,0.50625,0.33250,0.00000,none
11.80417,49.95380,37.53231,3.29614,-0.18030,-0.00010,14.08194,-3.25098,25.00000,25.00000,167.46769,0.40054,0.10487,1.17349,0.27250,0.50875,0.33375,0.00000,none
11.80833,49.95382,37.53924,3.29471,-0.17953,-0.00011,14.06806,-3.40829,25.00000,25.00000,167.46076,0.40005,0.10494,1.17234,0.27500,0.51125,0.33500,0.00000,none
11.81250,49.95385,37.54619,3.29327,-0.17876,-0.00013,14.05353,-3.56585,25.00000,25.00000,167.45381,0.39954,0.10501,1.17113,0.27750,0.51375,0.33625,0.00000,none
11.81667,49.95389,37.55315,3.29183,-0.17800,-0.00014,14.03835,-3.72366,25.00000,25.00000,167.44685,0.39902,0.10507,1.16986,0.28000,0.51625,0.33750,0.00000,none
11.82083,49.95392,37.56012,3.29039,-0.17724,-0.00015,14.02250,-3.88171,25.00000,25.00000,167.43988,0.39849,0.10514,1.16854,0.28250,0.51875,0.33875,0.00000,none
11.82500,49.95396,37.56709,3.28893,-0.17648,-0.00017,14.00600,-4.03999,25.00000,25.00000,167.43291,0.39795,0.10520,1.16717,0.28500,0.52125,0.34000,0.00000,none
11.82917,49.95400,37.57407,3.28748,-0.17572,-0.00018,13.98884,-4.19851,25.00000,25.00000,167.42593,0.39740,0.10526,1.16574,0.28750,0.52375,0.34125,0.00000,none
11.83333,49.95405,37.58106,3.28601,-0.17497,-0.00020,13.97101,-4.35725,25.00000,25.00000,167.41894,0.39684,0.10532,1.16425,0.29000,0.52625,0.34250,0.00000,none
11.83750,49.95410,37.58806,3.28454,-0.17423,-0.00021,13.95252,-4.51621,25.00000,25.00000,167.41194,0.39626,0.10538,1.16271,0.29250,0.52875,0.34375,0.00000,none
11.84167,49.95415,37.59506,3.28306,-0.17348,-0.00022,13.93338,-4.67540,25.00000,25.00000,167.40494,0.39567,0.10543,1.16111,0.29500,0.53125,0.34500,0.00000,none
11.84583,49.95420,37.60207,3.28158,-0.17274,-0.00024,13.91356,-4.83479,25.00000,25.00000,167.39793,0.39508,0.10549,1.15946,0.29750,0.53375,0.34625,0.00000,none
11.85000,49.95426,37.60908,3.28009,-0.17201,-0.00025,13.89308,-4.99440,25.00000,25.00000,167.39092,0.39447,0.10554,1.15776,0.30000,0.53625,0.34750,0.00000,none
11.85417,49.95432,37.61610,3.27860,-0.17127,-0.00026,13.87194,-5.15421,25.00000,25.00000,167.38390,0.39385,0.10559,1.15600,0.30250,0.53875,0.34875,0.00000,none
11.85833,49.95439,37.62312,3.27710,-0.17055,-0.00028,13.85013,-5.31422,25.00000,25.00000,167.37688,0.39321,0.10564,1.15418,0.30500,0.54125,0.35000,0.00000,none
11.86250,49.95445,37.63014,3.27560,-0.16982,-0.00029,13.82766,-5.47442,25.00000,25.00000,167.36986,0.39257,0.10568,1.15230,0.30750,0.54375,0.35125,0.00000,none
11.86667,49.95452,37.63717,3.27409,-0.16910,-0.00030,13.80451,-5.63481,25.00000,25.00000,167.36283,0.39191,0.10573,1.15038,0.31000,0.54625,0.35250,0.00000,none
11.87083,49.95460,37.64420,3.27258,-0.16838,-0.00031,13.78070,-5.79539,25.00000,25.00000,167.35580,0.39125,0.10577,1.14839,0.31250,0.54875,0.35375,0.00000,none
11.87500,49.95467,37.65123,3.27106,-0.16767,-0.00033,13.75622,-5.95616,25.00000,25.00000,167.34877,0.39057,0.10581,1.14635,0.31500,0.55125,0.35500,0.00000,none
11.87917,49.95475,37.65826,3.26953,-0.16697,-0.00034,13.73106,-6.11710,25.00000,25.00000,167.34174,0.38987,0.10585,1.14426,0.31750,0.55375,0.35625,0.00000,none
11.88333,49.95484,37.66530,3.26801,-0.16626,-0.00035,13.70524,-6.27821,25.00000,25.00000,167.33470,0.38917,0.10589,1.14210,0.32000,0.55625,0.35750,0.00000,none
11.88750,49.95492,37.67233,3.26647,-0.16556,-0.00036,13.67874,-6.43950,25.00000,25.00000,167.32767,0.38845,0.10592,1.13990,0.32250,0.55875,0.35875,0.00000,none
11.89167,49.95501,37.67936,3.26494,-0.16487,-0.00038,13.65158,-6.60094,25.00000,25.00000,167.32064,0.38773,0.10596,1.13763,0.32500,0.56125,0.36000,0.00000,none
11.89583,49.95510,37.68639,3.26339,-0.16418,-0.00039,13.62373,-6.76255,25.00000,25.00000,167.31361,0.38699,0.10599,1.13531,0.32750,0.56375,0.36125,0.00000,none
11.90000,49.95519,37.69342,3.26185,-0.16349,-0.00040,13.59522,-6.92432,25.00000,25.00000,167.30658,0.38623,0.10602,1.13294,0.33000,0.56625,0.36250,0.00000,none
11.90417,49.95529,37.70045,3.26030,-0.16281,-0.00041,13.56603,-7.08623,25.00000,25.00000,167.29955,0.38547,0.10605,1.13050,0.33250,0.56875,0.36375,0.00000,none
11.90833,49.95539,37.70748,3.25874,-0.16214,-0.00042,13.53617,-7.24830,25.00000,25.00000,167.29252,0.38469,0.10607,1.12801,0.33500,0.57125,0.36500,0.00000,none
11.91250,49.95549,37.71450,3.25719,-0.16147,-0.00043,13.50563,-7.41051,25.00000,25.00000,167.28550,0.38390,0.10610,1.12547,0.33750,0.57375,0.36625,0.00000,none
11.91667,49.95560,37.72152,3.25562,-0.16080,-0.00045,13.47441,-7.57286,25.00000,25.00000,167.27848,0.38310,0.10612,1.12287,0.34000,0.57625,0.36750,0.00000,none
11.92083,49.95571,37.72854,3.25406,-0.16014,-0.00046,13.44252,-7.73534,25.00000,25.00000,167.27146,0.38229,0.10614,1.12021,0.34250,0.57875,0.36875,0.00000,none
11.92500,49.95582,37.73555,3.25249,-0.15948,-0.00047,13.40995,-7.89795,25.00000,25.00000,167.26445,0.38146,0.10616,1.11750,0.34500,0.58125,0.37000,0.00000,none
11.92917,49.95593,37.74256,3.25091,-0.15883,-0.00048,13.37670,-8.06070,25.00000,25.00000,167.25744,0.38062,0.10618,1.11473,0.34750,0.58375,0.37125,0.00000,none
11.93333,49.95604,37.74956,3.24933,-0.15818,-0.00049,13.34278,-8.22356,25.00000,25.00000,167.25044,0.37977,0.10620,1.11190,0.35000,0.58625,0.37250,0.00000,none
11.93750,49.95616,37.75656,3.24775,-0.15754,-0.00050,13.30817,-8.38655,25.00000,25.00000,167.24344,0.37891,0.10621,1.10901,0.35250,0.58875,0.37375,0.00000,none
11.94167,49.95628,37.76356,3.24617,-0.15690,-0.00051,13.27289,-8.54965,25.00000,25.00000,167.23644,0.37803,0.10623,1.10607,0.35500,0.59125,0.37500,0.00000,none
11.94583,49.95641,37.77054,3.24458,-0.15627,-0.00052,13.23693,-8.71286,25.00000,25.00000,167.22946,0.37714,0.10624,1.10308,0.35750,0.59375,0.37625,0.00000,none
11.95000,49.95653,37.77752,3.24299,-0.15564,-0.00053,13.20028,-8.87618,25.00000,25.00000,167.22248,0.37624,0.10625,1.10002,0.36000,0.59625,0.37750,0.00000,none
11.95417,49.95666,37.78449,3.24140,-0.15502,-0.00054,13.16296,-9.03960,25.00000,25.00000,167.21551,0.37533,0.10625,1.09691,0.36250,0.59875,0.37875,0.00000,none
11.95833,49.95679,37.79146,3.23980,-0.15441,-0.00055,13.12495,-9.20313,25.00000,25.00000,167.20854,0.37440,0.10626,1.09375,0.36500,0.60125,0.38000,0.00000,none
11.96250,49.95693,37.79842,3.23820,-0.15379,-0.00056,13.08626,-9.36677,25.00000,25.00000,167.20158,0.37345,0.10626,1.09052,0.36750,0.60375,0.38125,0.00000,none
11.96667,49.95706,37.80538,3.23659,-0.15319,-0.00057,13.04689,-9.53053,25.00000,25.00000,167.19462,0.37249,0.10626,1.08724,0.37000,0.60625,0.38250,0.00000,none
11.97083,49.95720,37.81235,3.23499,-0.15258,-0.00059,13.00684,-9.69444,25.00000,25.00000,167.18765,0.37151,0.10626,1.08390,0.37250,0.60875,0.38375,0.00000,none
11.97500,49.95734,37.81933,3.23337,-0.15198,-0.00060,12.96611,-9.85850,25.00000,25.00000,167.18067,0.37051,0.10626,1.08051,0.37500,0.61125,0.38500,0.00000,none
11.97917,49.95749,37.82631,3.23176,-0.15137,-0.00061,12.92469,-10.02272,25.00000,25.00000,167.17369,0.36949,0.10625,1.07706,0.37750,0.61375,0.38625,0.00000,none
11.98333,49.95763,37.83331,3.23014,-0.15077,-0.00062,12.88258,-10.18712,25.00000,25.00000,167.16669,0.36846,0.10624,1.07355,0.38000,0.61625,0.38750,0.00000,none
11.98750,49.95778,37.84032,3.22851,-0.15017,-0.00063,12.83979,-10.35171,25.00000,25.00000,167.15968,0.36740,0.10623,1.06998,0.38250,0.61875,0.38875,0.00000,none
11.99167,49.95793,37.84736,3.22688,-0.14957,-0.00064,12.79632,-10.51650,25.00000,25.00000,167.15264,0.36634,0.10622,1.06636,0.38500,0.62125,0.39000,0.00000,none
11.99583,49.95809,37.85442,3.22524,-0.14897,-0.00066,12.75216,-10.68150,25.00000,25.00000,167.14558,0.36525,0.10620,1.06268,0.38750,0.62375,0.39125,0.00000,none
12.00000,49.95825,37.86150,3.22360,-0.14836,-0.00067,12.70730,-10.84672,25.00000,25.00000,167.13850,0.36415,0.10619,1.05894,0.39000,0.62625,0.39250,0.00000,none
12.00417,49.95841,37.86861,3.22195,-0.14776,-0.00068,12.66177,-11.01217,25.00000,25.00000,167.13139,0.36303,0.10617,1.05515,0.39250,0.62875,0.39375,0.00000,none
12.00833,49.95857,37.87575,3.22030,-0.14715,-0.00069,12.61554,-11.17786,25.00000,25.00000,167.12425,0.36190,0.10615,1.05129,0.39500,0.63125,0.39500,0.00000,none
12.01250,49.95874,37.88292,3.21864,-0.14653,-0.00071,12.56862,-11.34380,25.00000,25.00000,167.11708,0.36076,0.10613,1.04738,0.39750,0.63375,0.39625,0.00000,none
12.01667,49.95891,37.89012,3.21697,-0.14592,-0.00072,12.52100,-11.50999,25.00000,25.00000,167.10988,0.35959,0.10610,1.04342,0.40000,0.63625,0.39750,0.00000,none
12.02083,49.95908,37.89736,3.21530,-0.14530,-0.00073,12.47270,-11.67645,25.00000,25.00000,167.10264,0.35842,0.10608,1.03939,0.40250,0.63875,0.39875,0.00000,none
12.02500,49.95926,37.90463,3.21362,-0.14468,-0.00075,12.42370,-11.84318,25.00000,25.00000,167.09537,0.35723,0.10605,1.03531,0.40500,0.64125,0.40000,0.00000,none
12.02917,49.95944,37.91195,3.21194,-0.14405,-0.00076,12.37400,-12.01019,25.00000,25.00000,167.08805,0.35602,0.10602,1.03117,0.40750,0.64375,0.40125,0.00000,none
12.03333,49.95962,37.91930,3.21024,-0.14342,-0.00078,12.32361,-12.17749,25.00000,25.00000,167.08070,0.35480,0.10599,1.02697,0.41000,0.64625,0.40250,0.00000,none
12.03750,49.95981,37.92670,3.20855,-0.14278,-0.00079,12.27252,-12.34508,25.00000,25.00000,167.07330,0.35357,0.10596,1.02271,0.41250,0.64875,0.40375,0.00000,none
12.04167,49.96000,37.93414,3.20684,-0.14214,-0.00081,12.22074,-12.51296,25.00000,25.00000,167.06586,0.35233,0.10592,1.01839,0.41500,0.65125,0.40500,0.00000,none
12.04583,49.96020,37.94162,3.20513,-0.14149,-0.00082,12.16825,-12.68116,25.00000,25.00000,167.05838,0.35107,0.10589,1.01402,0.41750,0.65375,0.40625,0.00000,none
12.05000,49.96039,37.94915,3.20341,-0.14084,-0.00084,12.11506,-12.84966,25.00000,25.00000,167.05085,0.34979,0.10585,1.00959,0.42000,0.65625,0.40750,0.00000,none
12.05417,49.96059,37.95672,3.20168,-0.14018,-0.00085,12.06117,-13.01848,25.00000,25.00000,167.04328,0.34851,0.10582,1.00510,0.42250,0.65875,0.40875,0.00000,none
12.05833,49.96080,37.96434,3.19995,-0.13952,-0.00087,12.00657,-13.18762,25.00000,25.00000,167.03566,0.34721,0.10578,1.00055,0.42500,0.66125,0.41000,0.00000,none
12.06250,49.96101,37.97201,3.19821,-0.13885,-0.00088,11.95127,-13.35708,25.00000,25.00000,167.02799,0.34590,0.10574,0.99594,0.42750,0.66375,0.41125,0.00000,none
12.06667,49.96122,37.97966,3.19646,-0.13819,-0.00089,11.89526,-13.52674,25.00000,25.00000,167.02034,0.34538,0.10582,0.99127,0.42750,0.66625,0.41250,0.00000,none
12.07083,49.96143,37.98730,3.19472,-0.13753,-0.00090,11.83855,-13.69660,25.00000,25.00000,167.01270,0.34486,0.10590,0.98655,0.42750,0.66875,0.41375,0.00000,none
12.07500,49.96165,37.99492,3.19297,-0.13688,-0.00091,11.78112,-13.86666,25.00000,25.00000,167.00508,0.34432,0.10597,0.98176,0.42750,0.67125,0.41500,0.00000,none
12.07917,49.96187,38.00253,3.19122,-0.13623,-0.00092,11.72299,-14.03693,25.00000,25.00000,166.99747,0.34378,0.10605,0.97692,0.42750,0.67375,0.41625,0.00000,none
12.08333,49.96209,38.01014,3.18947,-0.13559,-0.00093,11.66415,-14.20740,25.00000,25.00000,166.98986,0.34323,0.10613,0.97201,0.42750,0.67625,0.41750,0.00000,none
12.08750,49.96232,38.01773,3.18772,-0.13496,-0.00094,11.60459,-14.37807,25.00000,25.00000,166.98227,0.34267,0.10620,0.96705,0.42750,0.67875,0.41875,0.00000,none
12.09167,49.96254,38.02532,3.18596,-0.13433,-0.00095,11.54433,-14.54895,25.00000,25.00000,166.97468,0.34211,0.10627,0.96203,0.42750,0.68125,0.42000,0.00000,none
12.09583,49.96277,38.03290,3.18420,-0.13370,-0.00095,11.48335,-14.72003,25.00000,25.00000,166.96710,0.34154,0.10635,0.95695,0.42750,0.68375,0.42125,0.00000,none
12.10000,49.96299,38.04049,3.18244,-0.13308,-0.00096,11.42166,-14.89131,25.00000,25.00000,166.95951,0.34096,0.10642,0.95181,0.42750,0.68625,0.42250,0.00000,none
12.10417,49.96322,38.04807,3.18068,-0.13245,-0.00096,11.35926,-15.06279,25.00000,25.00000,166.95193,0.34038,0.10649,0.94660,0.42750,0.68875,0.42375,0.00000,none
12.10833,49.96345,38.05565,3.17891,-0.13184,-0.00097,11.29614,-15.23446,25.00000,25.00000,166.94435,0.33979,0.10656,0.94134,0.42750,0.69125,0.42500,0.00000,none
12.11250,49.96369,38.06324,3.17714,-0.13122,-0.00097,11.23230,-15.40633,25.00000,25.00000,166.93676,0.33920,0.10663,0.93603,0.42750,0.69375,0.42625,0.00000,none
12.11667,49.96392,38.07082,3.17537,-0.13061,-0.00098,11.16775,-15.57839,25.00000,25.00000,166.92918,0.33860,0.10670,0.93065,0.42750,0.69625,0.42750,0.00000,none
12.12083,49.96415,38.07842,3.17359,-0.12999,-0.00098,11.10248,-15.75063,25.00000,25.00000,166.92158,0.33799,0.10677,0.92521,0.42750,0.69875,0.42875,0.00000,none
12.12500,49.96439,38.08602,3.17181,-0.12938,-0.00099,11.03649,-15.92306,25.00000,25.00000,166.91398,0.33738,0.10683,0.91971,0.42750,0.70125,0.43000,0.00000,none
12.12917,49.96462,38.09363,3.17003,-0.12877,-0.00099,10.96979,-16.09567,25.00000,25.00000,166.90637,0.33677,0.10690,0.91415,0.42750,0.70375,0.43125,0.00000,none
12.13333,49.96486,38.10124,3.16824,-0.12816,-0.00100,10.90236,-16.26846,25.00000,25.00000,166.89876,0.33615,0.10697,0.90853,0.42750,0.70625,0.43250,0.00000,none
12.13750,49.96510,38.10887,3.16646,-0.12755,-0.00100,10.83422,-16.44141,25.00000,25.00000,166.89113,0.33552,0.10703,0.90285,0.42750,0.70875,0.43375,0.00000,none
12.14167,49.96534,38.11651,3.16466,-0.12694,-0.00100,10.76535,-16.61452,25.00000,25.00000,166.88349,0.33489,0.10710,0.89711,0.42750,0.71125,0.43500,0.00000,none
12.14583,49.96558,38.12416,3.16287,-0.12634,-0.00101,10.69576,-16.78780,25.00000,25.00000,166.87584,0.33426,0.10716,0.89131,0.42750,0.71375,0.43625,0.00000,none
12.15000,49.96582,38.13182,3.16107,-0.12573,-0.00101,10.62545,-16.96122,25.00000,25.00000,166.86818,0.33362,0.10723,0.88545,0.42750,0.71625,0.43750,0.00000,none
12.15417,49.96606,38.13950,3.15926,-0.12512,-0.00102,10.55442,-17.13478,25.00000,25.00000,166.86050,0.33298,0.10729,0.87953,0.42750,0.71875,0.43875,0.00000,none
12.15833,49.96631,38.14719,3.15745,-0.12451,-0.00102,10.48266,-17.30849,25.00000,25.00000,166.85281,0.33233,0.10736,0.87356,0.42750,0.72125,0.44000,0.00000,none
12.16250,49.96655,38.15490,3.15564,-0.12390,-0.00103,10.41018,-17.48232,25.00000,25.00000,166.84510,0.33168,0.10742,0.86751,0.42750,0.72375,0.44125,0.00000,none
12.16667,49.96680,38.16263,3.15383,-0.12329,-0.00103,10.33697,-17.65627,25.00000,25.00000,166.83737,0.33103,0.10749,0.86141,0.42750,0.72625,0.44250,0.00000,none
12.17083,49.96704,38.17037,3.15201,-0.12268,-0.00103,10.26304,-17.83033,25.00000,25.00000,166.82963,0.33037,0.10755,0.85525,0.42750,0.72875,0.44375,0.00000,none
12.17500,49.96729,38.17813,3.15019,-0.12206,-0.00104,10.18839,-18.00450,25.00000,25.00000,166.82187,0.32972,0.10761,0.84903,0.42750,0.73125,0.44500,0.00000,none
12.17917,49.96754,38.18590,3.14836,-0.12145,-0.00104,10.11300,-18.17876,25.00000,25.00000,166.81410,0.32905,0.10767,0.84275,0.42750,0.73375,0.44625,0.00000,none
12.18333,49.96779,38.19370,3.14653,-0.12083,-0.00105,10.03690,-18.35311,25.00000,25.00000,166.80630,0.32839,0.10774,0.83641,0.42750,0.73625,0.44750,0.00000,none
12.18750,49.96804,38.20151,3.14470,-0.12021,-0.00105,9.96006,-18.52753,25.00000,25.00000,166.79849,0.32772,0.10780,0.83001,0.42750,0.73875,0.44875,0.00000,none
12.19167,49.96829,38.20935,3.14286,-0.11960,-0.00105,9.88250,-18.70201,25.00000,25.00000,166.79065,0.32705,0.10786,0.82354,0.42750,0.74125,0.45000,0.00000,none
12.19583,49.96854,38.21720,3.14101,-0.11898,-0.00106,9.80421,-18.87654,25.00000,25.00000,166.78280,0.32637,0.10792,0.81702,0.42750,0.74375,0.45125,0.00000,none
12.20000,49.96879,38.22508,3.13917,-0.11835,-0.00106,9.72519,-19.05112,25.00000,25.00000,166.77492,0.32570,0.10799,0.81043,0.42750,0.74625,0.45250,0.00000,none
12.20417,49.96905,38.23297,3.13732,-0.11773,-0.00106,9.64545,-19.22572,25.00000,25.00000,166.76703,0.32502,0.10805,0.80379,0.42750,0.74875,0.45375,0.00000,none
12.20833,49.96930,38.24088,3.13546,-0.11710,-0.00107,9.56498,-19.40034,25.00000,25.00000,166.75912,0.32434,0.10811,0.79708,0.42750,0.75125,0.45500,0.00000,none
12.21250,49.96955,38.24882,3.13361,-0.11648,-0.00107,9.48378,-19.57497,25.00000,25.00000,166.75118,0.32366,0.10817,0.79032,0.42750,0.75375,0.45625,0.00000,none
12.21667,49.96981,38.25677,3.13174,-0.11585,-0.00107,9.40185,-19.74959,25.00000,25.00000,166.74323,0.32297,0.10823,0.78349,0.42750,0.75625,0.45750,0.00000,none
12.22083,49.97007,38.26475,3.12988,-0.11521,-0.00107,9.31920,-19.92419,25.00000,25.00000,166.73525,0.32229,0.10829,0.77660,0.42750,0.75875,0.45875,0.00000,none
12.22500,49.97032,38.27274,3.12801,-0.11458,-0.00108,9.23582,-20.09875,25.00000,25.00000,166.72726,0.32160,0.10836,0.76965,0.42750,0.76125,0.46000,0.00000,none
12.22917,49.97058,38.28076,3.12613,-0.11395,-0.00108,9.15171,-20.27327,25.00000,25.00000,166.71924,0.32091,0.10842,0.76264,0.42750,0.76375,0.46125,0.00000,none
12.23333,49.97084,38.28880,3.12425,-0.11331,-0.00108,9.06687,-20.44773,25.00000,25.00000,166.71120,0.32022,0.10848,0.75557,0.42750,0.76625,0.46250,0.00000,none
12.23750,49.97110,38.29686,3.12237,-0.11267,-0.00108,8.98131,-20.62210,25.00000,25.00000,166.70314,0.31953,0.10854,0.74844,0.42750,0.76875,0.46375,0.00000,none
12.24167,49.97135,38.30482,3.12050,-0.11205,-0.00108,8.89502,-20.79606,25.00000,25.00000,166.69518,0.31974,0.10858,0.74125,0.42750,0.76875,0.46500,0.00000,none
12.24583,49.97161,38.31270,3.11863,-0.11145,-0.00108,8.80801,-20.96958,25.00000,25.00000,166.68730,0.31995,0.10861,0.73400,0.42750,0.76875,0.46625,0.00000,none
12.25000,49.97187,38.32049,3.11676,-0.11087,-0.00108,8.72028,-21.14266,25.00000,25.00000,166.67951,0.32016,0.10865,0.72669,0.42750,0.76875,0.46750,0.00000,none
12.25417,49.97213,38.32819,3.11491,-0.11031,-0.00107,8.63182,-21.31529,25.00000,25.00000,166.67181,0.32037,0.10869,0.71932,0.42750,0.76875,0.46875,0.00000,none
12.25833,49.97238,38.33581,3.11306,-0.10976,-0.00107,8.54265,-21.48744,25.00000,25.00000,166.66419,0.32057,0.10872,0.71189,0.42750,0.76875,0.47000,0.00000,none
12.26250,49.97264,38.34335,3.11121,-0.10924,-0.00106,8.45276,-21.65911,25.00000,25.00000,166.65665,0.32077,0.10875,0.70440,0.42750,0.76875,0.47125,0.00000,none
12.26667,49.97289,38.35080,3.10937,-0.10873,-0.00105,8.36216,-21.83029,25.00000,25.00000,166.64920,0.32097,0.10879,0.69685,0.42750,0.76875,0.47250,0.00000,none
12.27083,49.97314,38.35818,3.10754,-0.10824,-0.00104,8.27084,-22.00097,25.00000,25.00000,166.64182,0.32117,0.10882,0.68924,0.42750,0.76875,0.47375,0.00000,none
12.27500,49.97339,38.36548,3.10571,-0.10776,-0.00104,8.17882,-22.17112,25.00000,25.00000,166.63452,0.32137,0.10886,0.68157,0.42750,0.76875,0.47500,0.00000,none
12.27917,49.97363,38.37270,3.10389,-0.10730,-0.00103,8.08608,-22.34074,25.00000,25.00000,166.62730,0.32156,0.10889,0.67384,0.42750,0.76875,0.47625,0.00000,none
12.28333,49.97388,38.37985,3.10208,-0.10686,-0.00102,7.99265,-22.50982,25.00000,25.00000,166.62015,0.32175,0.10892,0.66605,0.42750,0.76875,0.47750,0.00000,none
12.28750,49.97412,38.38692,3.10027,-0.10643,-0.00101,7.89850,-22.67833,25.00000,25.00000,166.61308,0.32194,0.10895,0.65821,0.42750,0.76875,0.47875,0.00000,none
12.29167,49.97436,38.39393,3.09846,-0.10601,-0.00100,7.80366,-22.84627,25.00000,25.00000,166.60607,0.32213,0.10899,0.65030,0.42750,0.76875,0.48000,0.00000,none
12.29583,49.97460,38.40087,3.09666,-0.10561,-0.00099,7.70812,-23.01362,25.00000,25.00000,166.59913,0.32231,0.10902,0.64234,0.42750,0.76875,0.48125,0.00000,none
12.30000,49.97484,38.40774,3.09487,-0.10522,-0.00098,7.61188,-23.18037,25.00000,25.00000,166.59226,0.32250,0.10905,0.63432,0.42750,0.76875,0.48250,0.00000,none
12.30417,49.97507,38.41454,3.09308,-0.10485,-0.00098,7.51495,-23.34650,25.00000,25.00000,166.58546,0.32268,0.10908,0.62625,0.42750,0.76875,0.48375,0.00000,none
12.30833,49.97530,38.42129,3.09130,-0.10449,-0.00097,7.41733,-23.51200,25.00000,25.00000,166.57871,0.32286,0.10911,0.61811,0.42750,0.76875,0.48500,0.00000,none
12.31250,49.97553,38.42797,3.08953,-0.10414,-0.00096,7.31902,-23.67685,25.00000,25.00000,166.57203,0.32304,0.10914,0.60992,0.42750,0.76875,0.48625,0.00000,none
12.31667,49.97576,38.43459,3.08775,-0.10380,-0.00095,7.22002,-23.84104,25.00000,25.00000,166.56541,0.32322,0.10917,0.60167,0.42750,0.76875,0.48750,0.00000,none
12.32083,49.97599,38.44115,3.08599,-0.10347,-0.00094,7.12034,-24.00455,25.00000,25.00000,166.55885,0.32339,0.10920,0.59336,0.42750,0.76875,0.48875,0.00000,none
12.32500,49.97621,38.44762,3.08423,-0.10317,-0.00094,7.01998,-24.16675,25.00000,25.00000,166.55238,0.32403,0.10930,0.58500,0.42625,0.76875,0.48833,0.00000,none
12.32917,49.97643,38.45402,3.08248,-0.10287,-0.00093,6.91895,-24.32762,25.00000,25.00000,166.54598,0.32466,0.10939,0.57658,0.42500,0.76875,0.48792,0.00000,none
12.33333,49.97665,38.46033,3.08074,-0.10259,-0.00092,6.81726,-24.48715,25.00000,25.00000,166.53967,0.32529,0.10949,0.56810,0.42375,0.76875,0.48750,0.00000,none
12.33750,49.97687,38.46656,3.07901,-0.10233,-0.00091,6.71490,-24.64533,25.00000,25.00000,166.53344,0.32593,0.10958,0.55957,0.42250,0.76875,0.48708,0.00000,none
12.34167,49.97709,38.47271,3.07728,-0.10209,-0.00090,6.61188,-24.80213,25.00000,25.00000,166.52729,0.32656,0.10968,0.55099,0.42125,0.76875,0.48667,0.00000,none
12.34583,49.97730,38.47879,3.07556,-0.10185,-0.00090,6.50821,-24.95755,25.00000,25.00000,166.52121,0.32718,0.10977,0.54235,0.42000,0.76875,0.48625,0.00000,none
12.35000,49.97752,38.48480,3.07385,-0.10163,-0.00089,6.40390,-25.11157,25.00000,25.00000,166.51520,0.32781,0.10986,0.53366,0.41875,0.76875,0.48583,0.00000,none
12.35417,49.97773,38.49073,3.07214,-0.10143,-0.00088,6.29895,-25.26418,25.00000,25.00000,166.50927,0.32844,0.10996,0.52491,0.41750,0.76875,0.48542,0.00000,none
12.35833,49.97794,38.49659,3.07045,-0.10124,-0.00087,6.19337,-25.41535,25.00000,25.00000,166.50341,0.32906,0.11005,0.51611,0.41625,0.76875,0.48500,0.00000,none
12.36250,49.97814,38.50238,3.06876,-0.10106,-0.00087,6.08716,-25.56507,25.00000,25.00000,166.49762,0.32968,0.11014,0.50726,0.41500,0.76875,0.48458,0.00000,none
12.36667,49.97835,38.50811,3.06708,-0.10089,-0.00086,5.98033,-25.71333,25.00000,25.00000,166.49189,0.33030,0.11024,0.49836,0.41375,0.76875,0.48417,0.00000,none
12.37083,49.97856,38.51371,3.06541,-0.10075,-0.00085,5.87288,-25.85993,25.00000,25.00000,166.48629,0.33138,0.11032,0.48941,0.41250,0.76750,0.48375,0.00000,none
12.37500,49.97876,38.51919,3.06375,-0.10063,-0.00085,5.76483,-26.00486,25.00000,25.00000,166.48081,0.33245,0.11040,0.48040,0.41125,0.76625,0.48333,0.00000,none
12.37917,49.97896,38.52454,3.06211,-0.10053,-0.00084,5.65618,-26.14810,25.00000,25.00000,166.47546,0.33351,0.11049,0.47135,0.41000,0.76500,0.48292,0.00000,none
12.38333,49.97916,38.52978,3.06048,-0.10045,-0.00083,5.54693,-26.28964,25.00000,25.00000,166.47022,0.33458,0.11057,0.46224,0.40875,0.76375,0.48250,0.00000,none
12.38750,49.97936,38.53491,3.05886,-0.10040,-0.00082,5.43710,-26.42945,25.00000,25.00000,166.46509,0.33564,0.11065,0.45309,0.40750,0.76250,0.48208,0.00000,none
12.39167,49.97955,38.53992,3.05726,-0.10036,-0.00082,5.32669,-26.56752,25.00000,25.00000,166.46008,0.33669,0.11073,0.44389,0.40625,0.76125,0.48167,0.00000,none
12.39583,49.97975,38.54482,3.05567,-0.10035,-0.00081,5.21571,-26.70383,25.00000,25.00000,166.45518,0.33775,0.11081,0.43464,0.40500,0.76000,0.48125,0.00000,none
12.40000,49.97994,38.54961,3.05409,-0.10035,-0.00080,5.10416,-26.83836,25.00000,25.00000,166.45039,0.33880,0.11090,0.42535,0.40375,0.75875,0.48083,0.00000,none
12.40417,49.98013,38.55429,3.05252,-0.10037,-0.00080,4.99206,-26.97108,25.00000,25.00000,166.44571,0.33984,0.11098,0.41600,0.40250,0.75750,0.48042,0.00000,none
12.40833,49.98032,38.55887,3.05096,-0.10042,-0.00079,4.87941,-27.10200,25.00000,25.00000,166.44113,0.34088,0.11106,0.40662,0.40125,0.75625,0.48000,0.00000,none
12.41250,49.98051,38.56334,3.04942,-0.10048,-0.00078,4.76621,-27.23107,25.00000,25.00000,166.43666,0.34192,0.11114,0.39718,0.40000,0.75500,0.47958,0.00000,none
12.41667,49.98069,38.56772,3.04789,-0.10055,-0.00078,4.65248,-27.35830,25.00000,25.00000,166.43228,0.34296,0.11122,0.38771,0.39875,0.75375,0.47917,0.00000,none
12.42083,49.98088,38.57199,3.04637,-0.10065,-0.00077,4.53823,-27.48365,25.00000,25.00000,166.42801,0.34399,0.11131,0.37819,0.39750,0.75250,0.47875,0.00000,none
12.42500,49.98106,38.57617,3.04487,-0.10076,-0.00077,4.42346,-27.60710,25.00000,25.00000,166.42383,0.34502,0.11139,0.36862,0.39625,0.75125,0.47833,0.00000,none
12.42917,49.98124,38.58025,3.04337,-0.10089,-0.00076,4.30817,-27.72865,25.00000,25.00000,166.41975,0.34604,0.11147,0.35901,0.39500,0.75000,0.47792,0.00000,none
12.43333,49.98143,38.58423,3.04189,-0.10103,-0.00076,4.19239,-27.84827,25.00000,25.00000,166.41577,0.34707,0.11155,0.34937,0.39375,0.74875,0.47750,0.00000,none
12.43750,49.98161,38.58813,3.04042,-0.10119,-0.00076,4.07611,-27.96593,25.00000,25.00000,166.41187,0.34808,0.11163,0.33968,0.39250,0.74750,0.47708,0.00000,none
12.44167,49.98179,38.59194,3.03897,-0.10136,-0.00075,3.95934,-28.08163,25.00000,25.00000,166.40806,0.34910,0.11171,0.32995,0.39125,0.74625,0.47667,0.00000,none
12.44583,49.98197,38.59565,3.03752,-0.10154,-0.00075,3.84210,-28.19534,25.00000,25.00000,166.40435,0.35011,0.11179,0.32017,0.39000,0.74500,0.47625,0.00000,none
12.45000,49.98214,38.59928,3.03609,-0.10175,-0.00075,3.72438,-28.30704,25.00000,25.00000,166.40072,0.35112,0.11187,0.31037,0.38875,0.74375,0.47583,0.00000,none
12.45417,49.98232,38.60283,3.03467,-0.10196,-0.00075,3.60621,-28.41671,25.00000,25.00000,166.39717,0.35212,0.11195,0.30052,0.38750,0.74250,0.47542,0.00000,none
12.45833,49.98250,38.60629,3.03326,-0.10219,-0.00075,3.48758,-28.52434,25.00000,25.00000,166.39371,0.35313,0.11203,0.29063,0.38625,0.74125,0.47500,0.00000,none
12.46250,49.98268,38.60968,3.03186,-0.10243,-0.00075,3.36851,-28.62990,25.00000,25.00000,166.39032,0.35412,0.11211,0.28071,0.38500,0.74000,0.47458,0.00000,none
12.46667,49.98286,38.61298,3.03048,-0.10268,-0.00075,3.24900,-28.73337,25.00000,25.00000,166.38702,0.35512,0.11219,0.27075,0.38375,0.73875,0.47417,0.00000,none
12.47083,49.98304,38.61620,3.02910,-0.10294,-0.00075,3.12907,-28.83473,25.00000,25.00000,166.38380,0.35611,0.11227,0.26076,0.38250,0.73750,0.47375,0.00000,none
12.47500,49.98322,38.61935,3.02774,-0.10322,-0.00075,3.00871,-28.93398,25.00000,25.00000,166.38065,0.35710,0.11235,0.25073,0.38125,0.73625,0.47333,0.00000,none
12.47917,49.98339,38.62242,3.02639,-0.10350,-0.00075,2.88795,-29.03107,25.00000,25.00000,166.37758,0.35808,0.11243,0.24066,0.38000,0.73500,0.47292,0.00000,none
12.48333,49.98357,38.62542,3.02506,-0.10380,-0.00075,2.76679,-29.12600,25.00000,25.00000,166.37458,0.35906,0.11251,0.23057,0.37875,0.73375,0.47250,0.00000,none
12.48750,49.98375,38.62835,3.02373,-0.10411,-0.00076,2.64524,-29.21875,25.00000,25.00000,166.37165,0.36004,0.11259,0.22044,0.37750,0.73250,0.47208,0.00000,none
12.49167,49.98393,38.63120,3.02242,-0.10443,-0.00076,2.52331,-29.30929,25.00000,25.00000,166.36880,0.36101,0.11267,0.21028,0.37625,0.73125,0.47167,0.00000,none
12.49583,49.98412,38.63399,3.02111,-0.10475,-0.00076,2.40100,-29.39760,25.00000,25.00000,166.36601,0.36198,0.11274,0.20008,0.37500,0.73000,0.47125,0.00000,none
12.50000,49.98430,38.63670,3.01982,-0.10509,-0.00077,2.27833,-29.48367,25.00000,25.00000,166.36330,0.36295,0.11282,0.18986,0.37375,0.72875,0.47083,0.00000,none
12.50417,49.98448,38.63936,3.01854,-0.10544,-0.00077,2.15531,-29.56748,25.00000,25.00000,166.36064,0.36392,0.11290,0.17961,0.37250,0.72750,0.47042,0.00000,none
12.50833,49.98467,38.64194,3.01727,-0.10579,-0.00078,2.03194,-29.64901,25.00000,25.00000,166.35806,0.36488,0.11298,0.16933,0.37125,0.72625,0.47000,0.00000,none
12.51250,49.98485,38.64446,3.01602,-0.10616,-0.00078,1.90823,-29.72823,25.00000,25.00000,166.35554,0.36583,0.11306,0.15902,0.37000,0.72500,0.46958,0.00000,none
12.51667,49.98504,38.64692,3.01477,-0.10653,-0.00079,1.78420,-29.80513,25.00000,25.00000,166.35308,0.36679,0.11313,0.14868,0.36875,0.72375,0.46917,0.00000,none
12.52083,49.98523,38.64932,3.01354,-0.10691,-0.00080,1.65986,-29.87969,25.00000,25.00000,166.35068,0.36774,0.11321,0.13832,0.36750,0.72250,0.46875,0.00000,none
12.52500,49.98542,38.65166,3.01232,-0.10730,-0.00080,1.53521,-29.95189,25.00000,25.00000,166.34834,0.36868,0.11329,0.12793,0.36625,0.72125,0.46833,0.00000,none
12.52917,49.98562,38.65394,3.01110,-0.10769,-0.00081,1.41027,-30.02170,25.00000,25.00000,166.34606,0.36963,0.11337,0.11752,0.36500,0.72000,0.46792,0.00000,none
12.53333,49.98581,38.65616,3.00991,-0.10810,-0.00082,1.28503,-30.08912,25.00000,25.00000,166.34384,0.37057,0.11344,0.10709,0.36375,0.71875,0.46750,0.00000,none
12.53750,49.98601,38.65832,3.00872,-0.10851,-0.00083,1.15953,-30.15412,25.00000,25.00000,166.34168,0.37150,0.11352,0.09663,0.36250,0.71750,0.46708,0.00000,none
12.54167,49.98621,38.66043,3.00754,-0.10892,-0.00084,1.03375,-30.21668,25.00000,25.00000,166.33957,0.37244,0.11359,0.08615,0.36125,0.71625,0.46667,0.00000,none
12.54583,49.98641,38.66249,3.00637,-0.10934,-0.00085,0.90772,-30.27678,25.00000,25.00000,166.33751,0.37337,0.11367,0.07564,0.36000,0.71500,0.46625,0.00000,none
12.55000,49.98661,38.66449,3.00522,-0.10977,-0.00086,0.78145,-30.33441,25.00000,25.00000,166.33551,0.37429,0.11375,0.06512,0.35875,0.71375,0.46583,0.00000,none
12.55417,49.98682,38.66644,3.00407,-0.11021,-0.00087,0.65494,-30.38954,25.00000,25.00000,166.33356,0.37522,0.11382,0.05458,0.35750,0.71250,0.46542,0.00000,none
12.55833,49.98703,38.66834,3.00294,-0.11065,-0.00088,0.52821,-30.44216,25.00000,25.00000,166.33166,0.37613,0.11390,0.04402,0.35625,0.71125,0.46500,0.00000,none
12.56250,49.98724,38.67019,3.00182,-0.11109,-0.00089,0.40126,-30.49225,25.00000,25.00000,166.32981,0.37705,0.11397,0.03344,0.35500,0.71000,0.46458,0.00000,none
12.56667,49.98745,38.67199,3.00070,-0.11154,-0.00090,0.27411,-30.53979,25.00000,25.00000,166.32801,0.37796,0.11405,0.02284,0.35375,0.70875,0.46417,0.00000,none
12.57083,49.98767,38.67374,2.99960,-0.11200,-0.00091,0.14677,-30.58476,25.00000,25.00000,166.32626,0.37887,0.11412,0.01223,0.35250,0.70750,0.46375,0.00000,none
12.57500,49.98789,38.67545,2.99851,-0.11246,-0.00093,0.01924,-30.62714,25.00000,25.00000,166.32455,0.37978,0.11420,0.00160,0.35125,0.70625,0.46333,0.00000,none
12.57917,49.98811,38.67711,2.99743,-0.11292,-0.00094,-0.10845,-30.66473,25.00000,25.00000,166.32289,0.38068,0.11427,0.01085,0.35000,0.70500,0.46292,0.00000,none
12.58333,49.98834,38.67873,2.99636,-0.11339,-0.00095,-0.23629,-30.69377,25.00000,25.00000,166.32127,0.38158,0.11434,0.02363,0.34875,0.70375,0.46167,0.00000,none
12.58750,49.98856,38.68032,2.99530,-0.11386,-0.00096,-0.36422,-30.71424,25.00000,25.00000,166.31968,0.38247,0.11442,0.03642,0.34750,0.70250,0.46042,0.00000,none
12.59167,49.98879,38.68186,2.99424,-0.11434,-0.00096,-0.49223,-30.72626,25.00000,25.00000,166.31814,0.38337,0.11449,0.04922,0.34625,0.70125,0.45917,0.00000,none
12.59583,49.98902,38.68337,2.99320,-0.11482,-0.00097,-0.62026,-30.72995,25.00000,25.00000,166.31663,0.38425,0.11456,0.06203,0.34500,0.70000,0.45792,0.00000,none
12.60000,49.98925,38.68483,2.99216,-0.11531,-0.00097,-0.74830,-30.72544,25.00000,25.00000,166.31517,0.38514,0.11464,0.07483,0.34375,0.69875,0.45667,0.00000,none
12.60417,49.98949,38.68626,2.99113,-0.11580,-0.00097,-0.87630,-30.71286,25.00000,25.00000,166.31374,0.38602,0.11471,0.08763,0.34250,0.69750,0.45542,0.00000,none
12.60833,49.98972,38.68765,2.99011,-0.11629,-0.00097,-1.00423,-30.69233,25.00000,25.00000,166.31235,0.38690,0.11478,0.10042,0.34125,0.69625,0.45417,0.00000,none
12.61250,49.98995,38.68900,2.98910,-0.11679,-0.00098,-1.13205,-30.66399,25.00000,25.00000,166.31100,0.38777,0.11485,0.11321,0.34000,0.69500,0.45292,0.00000,none
12.61667,49.99018,38.69031,2.98809,-0.11729,-0.00098,-1.25975,-30.62797,25.00000,25.00000,166.30969,0.38864,0.11493,0.12597,0.33875,0.69375,0.45167,0.00000,none
12.62083,49.99042,38.69159,2.98710,-0.11780,-0.00098,-1.38728,-30.58440,25.00000,25.00000,166.30841,0.38951,0.11500,0.13873,0.33750,0.69250,0.45042,0.00000,none
12.62500,49.99065,38.69283,2.98611,-0.11831,-0.00098,-1.51461,-30.53342,25.00000,25.00000,166.30717,0.39038,0.11507,0.15146,0.33625,0.69125,0.44917,0.00000,none
12.62917,49.99088,38.69403,2.98513,-0.11882,-0.00098,-1.64171,-30.47515,25.00000,25.00000,166.30597,0.39124,0.11514,0.16417,0.33500,0.69000,0.44792,0.00000,none
12.63333,49.99112,38.69520,2.98415,-0.11933,-0.00098,-1.76856,-30.40975,25.00000,25.00000,166.30480,0.39209,0.11521,0.17686,0.33375,0.68875,0.44667,0.00000,none
12.63750,49.99135,38.69634,2.98319,-0.11985,-0.00098,-1.89511,-30.33733,25.00000,25.00000,166.30366,0.39294,0.11528,0.18951,0.33250,0.68750,0.44542,0.00000,none
12.64167,49.99158,38.69744,2.98223,-0.12037,-0.00098,-2.02136,-30.25805,25.00000,25.00000,166.30256,0.39379,0.11535,0.20214,0.33125,0.68625,0.44417,0.00000,none
12.64583,49.99182,38.69851,2.98128,-0.12089,-0.00098,-2.14726,-30.17203,25.00000,25.00000,166.30149,0.39464,0.11542,0.21473,0.33000,0.68500,0.44292,0.00000,none
12.65000,49.99205,38.69955,2.98034,-0.12142,-0.00098,-2.27278,-30.07942,25.00000,25.00000,166.30045,0.39548,0.11549,0.22728,0.32875,0.68375,0.44167,0.00000,none
12.65417,49.99228,38.70055,2.97941,-0.12195,-0.00098,-2.39791,-29.98035,25.00000,25.00000,166.29945,0.39632,0.11556,0.23979,0.32750,0.68250,0.44042,0.00000,none
12.65833,49.99251,38.70153,2.97848,-0.12248,-0.00098,-2.52261,-29.87495,25.00000,25.00000,166.29847,0.39715,0.11562,0.25226,0.32625,0.68125,0.43917,0.00000,none
12.66250,49.99275,38.70247,2.97757,-0.12301,-0.00098,-2.64686,-29.76337,25.00000,25.00000,166.29753,0.39798,0.11569,0.26469,0.32500,0.68000,0.43792,0.00000,none
12.66667,49.99298,38.70339,2.97666,-0.12354,-0.00098,-2.77063,-29.64575,25.00000,25.00000,166.29661,0.39881,0.11576,0.27706,0.32375,0.67875,0.43667,0.00000,none
12.67083,49.99321,38.70428,2.97576,-0.12407,-0.00098,-2.89390,-29.52221,25.00000,25.00000,166.29572,0.39963,0.11583,0.28939,0.32250,0.67750,0.43542,0.00000,none
12.67500,49.99345,38.70514,2.97486,-0.12461,-0.00098,-3.01664,-29.39290,25.00000,25.00000,166.29486,0.40045,0.11589,0.30166,0.32125,0.67625,0.43417,0.00000,none
12.67917,49.99368,38.70597,2.97397,-0.12515,-0.00098,-3.13883,-29.25795,25.00000,25.00000,166.29403,0.40127,0.11596,0.31388,0.32000,0.67500,0.43292,0.00000,none
12.68333,49.99392,38.70678,2.97309,-0.12569,-0.00098,-3.26045,-29.11750,25.00000,25.00000,166.29322,0.40208,0.11603,0.32604,0.31875,0.67375,0.43167,0.00000,none
12.68750,49.99415,38.70756,2.97222,-0.12623,-0.00098,-3.38147,-28.97167,25.00000,25.00000,166.29244,0.40289,0.11609,0.33815,0.31750,0.67250,0.43042,0.00000,none
12.69167,49.99439,38.70832,2.97136,-0.12677,-0.00099,-3.50187,-28.82062,25.00000,25.00000,166.29168,0.40369,0.11616,0.35019,0.31625,0.67125,0.42917,0.00000,none
12.69583,49.99462,38.70906,2.97050,-0.12731,-0.00099,-3.62163,-28.66446,25.00000,25.00000,166.29094,0.40449,0.11622,0.36216,0.31500,0.67000,0.42792,0.00000,none
12.70000,49.99486,38.70977,2.96965,-0.12785,-0.00099,-3.74073,-28.50333,25.00000,25.00000,166.29023,0.40529,0.11629,0.37407,0.31375,0.66875,0.42667,0.00000,none
12.70417,49.99509,38.71046,2.96881,-0.12839,-0.00100,-3.85915,-28.33737,25.00000,25.00000,166.28954,0.40608,0.11635,0.38592,0.31250,0.66750,0.42542,0.00000,none
12.70833,49.99533,38.71113,2.96797,-0.12893,-0.00100,-3.97687,-28.16669,25.00000,25.00000,166.28887,0.40687,0.11641,0.39769,0.31125,0.66625,0.42417,0.00000,none
12.71250,49.99557,38.71178,2.96714,-0.12947,-0.00100,-4.09387,-27.99144,25.00000,25.00000,166.28822,0.40766,0.11648,0.40939,0.31000,0.66500,0.42292,0.00000,none
12.71667,49.99581,38.71241,2.96632,-0.13001,-0.00101,-4.21012,-27.81173,25.00000,25.00000,166.28759,0.40844,0.11654,0.42101,0.30875,0.66375,0.42167,0.00000,none
12.72083,49.99605,38.71302,2.96550,-0.13056,-0.00101,-4.32562,-27.62770,25.00000,25.00000,166.28698,0.40921,0.11660,0.43256,0.30750,0.66250,0.42042,0.00000,none
12.72500,49.99629,38.71361,2.96470,-0.13110,-0.00101,-4.44035,-27.43947,25.00000,25.00000,166.28639,0.40999,0.11666,0.44403,0.30625,0.66125,0.41917,0.00000,none
12.72917,49.99654,38.71418,2.96390,-0.13164,-0.00102,-4.55428,-27.24716,25.00000,25.00000,166.28582,0.41076,0.11672,0.45543,0.30500,0.66000,0.41792,0.00000,none
12.73333,49.99678,38.71474,2.96310,-0.13218,-0.00102,-4.66740,-27.05090,25.00000,25.00000,166.28526,0.41152,0.11678,0.46674,0.30375,0.65875,0.41667,0.00000,none
12.73750,49.99703,38.71528,2.96232,-0.13272,-0.00103,-4.77970,-26.85080,25.00000,25.00000,166.28472,0.41228,0.11684,0.47797,0.30250,0.65750,0.41542,0.00000,none
12.74167,49.99727,38.71580,2.96154,-0.13325,-0.00103,-4.89115,-26.64700,25.00000,25.00000,166.28420,0.41304,0.11690,0.48912,0.30125,0.65625,0.41417,0.00000,none
12.74583,49.99752,38.71631,2.96076,-0.13379,-0.00104,-5.00175,-26.43959,25.00000,25.00000,166.28369,0.41379,0.11696,0.50018,0.30000,0.65500,0.41292,0.00000,none
12.75000,49.99777,38.71685,2.95999,-0.13432,-0.00105,-5.11148,-26.22886,25.00000,25.00000,166.28315,0.41423,0.11704,0.51115,0.29875,0.65500,0.41167,0.00000,none
12.75417,49.99802,38.71741,2.95923,-0.13484,-0.00105,-5.22032,-26.01492,25.00000,25.00000,166.28259,0.41467,0.11712,0.52203,0.29750,0.65500,0.41042,0.00000,none
12.75833,49.99827,38.71800,2.95846,-0.13535,-0.00106,-5.32827,-25.79787,25.00000,25.00000,166.28200,0.41512,0.11720,0.53283,0.29625,0.65500,0.40917,0.00000,none
12.76250,49.99852,38.71862,2.95770,-0.13585,-0.00106,-5.43530,-25.57783,25.00000,25.00000,166.28138,0.41556,0.11728,0.54353,0.29500,0.65500,0.40792,0.00000,none
12.76667,49.99878,38.71926,2.95693,-0.13634,-0.00107,-5.54141,-25.35490,25.00000,25.00000,166.28074,0.41600,0.11736,0.55414,0.29375,0.65500,0.40667,0.00000,none
12.77083,49.99904,38.71992,2.95618,-0.13683,-0.00108,-5.64659,-25.12919,25.00000,25.00000,166.28008,0.41645,0.11744,0.56466,0.29250,0.65500,0.40542,0.00000,none
12.77500,49.99929,38.72061,2.95542,-0.13731,-0.00108,-5.75082,-24.90079,25.00000,25.00000,166.27939,0.41689,0.11752,0.57508,0.29125,0.65500,0.40417,0.00000,none
12.77917,49.99955,38.72132,2.95466,-0.13778,-0.00109,-5.85409,-24.66982,25.00000,25.00000,166.27868,0.41734,0.11760,0.58541,0.29000,0.65500,0.40292,0.00000,none
12.78333,49.99981,38.72205,2.95391,-0.13824,-0.00110,-5.95639,-24.43637,25.00000,25.00000,166.27795,0.41778,0.11768,0.59564,0.28875,0.65500,0.40167,0.00000,none
12.78750,50.00008,38.72280,2.95316,-0.13870,-0.00110,-6.05772,-24.20054,25.00000,25.00000,166.27720,0.41823,0.11776,0.60577,0.28750,0.65500,0.40042,0.00000,none
12.79167,50.00034,38.72361,2.95241,-0.13914,-0.00111,-6.15806,-23.96249,25.00000,25.00000,166.27639,0.41826,0.11777,0.61581,0.28750,0.65500,0.39917,0.00000,none
12.79583,50.00060,38.72447,2.95166,-0.13957,-0.00111,-6.25741,-23.72233,25.00000,25.00000,166.27553,0.41829,0.11778,0.62574,0.28750,0.65500,0.39792,0.00000,none
12.80000,50.00087,38.72539,2.95091,-0.13998,-0.00112,-6.35574,-23.48015,25.00000,25.00000,166.27461,0.41832,0.11778,0.63557,0.28750,0.65500,0.39667,0.00000,none
12.80417,50.00114,38.72636,2.95016,-0.14039,-0.00112,-6.45307,-23.23602,25.00000,25.00000,166.27364,0.41835,0.11779,0.64531,0.28750,0.65500,0.39542,0.00000,none
12.80833,50.00141,38.72739,2.94940,-0.14077,-0.00113,-6.54937,-22.99005,25.00000,25.00000,166.27261,0.41839,0.11780,0.65494,0.28750,0.65500,0.39417,0.00000,none
12.81250,50.00168,38.72847,2.94865,-0.14115,-0.00113,-6.64465,-22.74232,25.00000,25.00000,166.27153,0.41842,0.11780,0.66447,0.28750,0.65500,0.39292,0.00000,none
12.81667,50.00195,38.72959,2.94789,-0.14151,-0.00114,-6.73889,-22.49290,25.00000,25.00000,166.27041,0.41846,0.11781,0.67389,0.28750,0.65500,0.39167,0.00000,none
12.82083,50.00222,38.73076,2.94713,-0.14187,-0.00114,-6.83209,-22.24189,25.00000,25.00000,166.26924,0.41850,0.11782,0.68321,0.28750,0.65500,0.39042,0.00000,none
12.82500,50.00249,38.73197,2.94638,-0.14221,-0.00114,-6.92424,-21.98937,25.00000,25.00000,166.26803,0.41854,0.11783,0.69242,0.28750,0.65500,0.38917,0.00000,none
12.82917,50.00277,38.73323,2.94562,-0.14254,-0.00115,-7.01533,-21.73540,25.00000,25.00000,166.26677,0.41858,0.11784,0.70153,0.28750,0.65500,0.38792,0.00000,none
12.83333,50.00304,38.73453,2.94486,-0.14286,-0.00115,-7.10536,-21.48007,25.00000,25.00000,166.26547,0.41863,0.11785,0.71054,0.28750,0.65500,0.38667,0.00000,none
12.83750,50.00331,38.73587,2.94410,-0.14317,-0.00115,-7.19433,-21.22346,25.00000,25.00000,166.26413,0.41867,0.11786,0.71943,0.28750,0.65500,0.38542,0.00000,none
12.84167,50.00359,38.73725,2.94334,-0.14346,-0.00116,-7.28222,-20.96562,25.00000,25.00000,166.26275,0.41872,0.11787,0.72822,0.28750,0.65500,0.38417,0.00000,none
12.84583,50.00387,38.73867,2.94258,-0.14375,-0.00116,-7.36904,-20.70664,25.00000,25.00000,166.26133,0.41877,0.11788,0.73690,0.28750,0.65500,0.38292,0.00000,none
12.85000,50.00414,38.74013,2.94182,-0.14403,-0.00116,-7.45478,-20.44658,25.00000,25.00000,166.25987,0.41882,0.11789,0.74548,0.28750,0.65500,0.38167,0.00000,none
12.85417,50.00442,38.74162,2.94106,-0.14431,-0.00116,-7.53943,-20.18552,25.00000,25.00000,166.25838,0.41887,0.11790,0.75394,0.28750,0.65500,0.38042,0.00000,none
12.85833,50.00470,38.74323,2.94028,-0.14455,-0.00116,-7.62299,-19.92382,25.00000,25.00000,166.25677,0.41830,0.11795,0.76230,0.28750,0.65750,0.37917,0.00000,none
12.86250,50.00498,38.74496,2.93950,-0.14477,-0.00116,-7.70546,-19.66156,25.00000,25.00000,166.25504,0.41773,0.11800,0.77055,0.28750,0.66000,0.37792,0.00000,none
12.86667,50.00525,38.74681,2.93871,-0.14497,-0.00116,-7.78684,-19.39881,25.00000,25.00000,166.25319,0.41716,0.11804,0.77868,0.28750,0.66250,0.37667,0.00000,none
12.87083,50.00553,38.74878,2.93791,-0.14515,-0.00116,-7.86712,-19.13564,25.00000,25.00000,166.25122,0.41658,0.11809,0.78671,0.28750,0.66500,0.37542,0.00000,none
12.87500,50.00581,38.75087,2.93710,-0.14530,-0.00116,-7.94630,-18.87211,25.00000,25.00000,166.24913,0.41600,0.11814,0.79463,0.28750,0.66750,0.37417,0.00000,none
12.87917,50.00608,38.75307,2.93628,-0.14542,-0.00116,-8.02438,-18.60828,25.00000,25.00000,166.24693,0.41541,0.11819,0.80244,0.28750,0.67000,0.37292,0.00000,none
12.88333,50.00636,38.75539,2.93545,-0.14553,-0.00115,-8.10137,-18.34421,25.00000,25.00000,166.24461,0.41482,0.11824,0.81014,0.28750,0.67250,0.37167,0.00000,none
12.88750,50.00663,38.75781,2.93461,-0.14561,-0.00115,-8.17725,-18.07996,25.00000,25.00000,166.24219,0.41423,0.11828,0.81773,0.28750,0.67500,0.37042,0.00000,none
12.89167,50.00691,38.76035,2.93376,-0.14567,-0.00114,-8.25203,-17.81559,25.00000,25.00000,166.23965,0.41363,0.11833,0.82520,0.28750,0.67750,0.36917,0.00000,none
12.89583,50.00718,38.76300,2.93290,-0.14571,-0.00114,-8.32571,-17.55115,25.00000,25.00000,166.23700,0.41303,0.11837,0.83257,0.28750,0.68000,0.36792,0.00000,none
12.90000,50.00745,38.76576,2.93203,-0.14573,-0.00113,-8.39829,-17.28669,25.00000,25.00000,166.23424,0.41242,0.11842,0.83983,0.28750,0.68250,0.36667,0.00000,none
12.90417,50.00772,38.76863,2.93115,-0.14572,-0.00112,-8.46977,-17.02225,25.00000,25.00000,166.23137,0.41181,0.11846,0.84698,0.28750,0.68500,0.36542,0.00000,none
12.90833,50.00799,38.77160,2.93026,-0.14570,-0.00111,-8.54014,-16.75790,25.00000,25.00000,166.22840,0.41120,0.11851,0.85401,0.28750,0.68750,0.36417,0.00000,none
12.91250,50.00825,38.77468,2.92936,-0.14565,-0.00111,-8.60942,-16.49367,25.00000,25.00000,166.22532,0.41058,0.11855,0.86094,0.28750,0.69000,0.36292,0.00000,none
12.91667,50.00851,38.77786,2.92845,-0.14559,-0.00110,-8.67759,-16.22962,25.00000,25.00000,166.22214,0.40996,0.11859,0.86776,0.28750,0.69250,0.36167,0.00000,none
12.92083,50.00877,38.78115,2.92752,-0.14550,-0.00108,-8.74467,-15.96577,25.00000,25.00000,166.21885,0.40934,0.11864,0.87447,0.28750,0.69500,0.36042,0.00000,none
12.92500,50.00903,38.78453,2.92659,-0.14540,-0.00107,-8.81064,-15.70217,25.00000,25.00000,166.21547,0.40871,0.11868,0.88106,0.28750,0.69750,0.35917,0.00000,none
12.92917,50.00929,38.78801,2.92565,-0.14528,-0.00106,-8.87552,-15.43886,25.00000,25.00000,166.21199,0.40808,0.11872,0.88755,0.28750,0.70000,0.35792,0.00000,none
12.93333,50.00954,38.79159,2.92470,-0.14514,-0.00105,-8.93930,-15.17588,25.00000,25.00000,166.20841,0.40745,0.11877,0.89393,0.28750,0.70250,0.35667,0.00000,none
12.93750,50.00979,38.79527,2.92373,-0.14498,-0.00104,-9.00198,-14.91326,25.00000,25.00000,166.20473,0.40681,0.11881,0.90020,0.28750,0.70500,0.35542,0.00000,none
12.94167,50.01003,38.79905,2.92276,-0.14480,-0.00102,-9.06358,-14.65104,25.00000,25.00000,166.20095,0.40617,0.11885,0.90636,0.28750,0.70750,0.35417,0.00000,none
12.94583,50.01027,38.80291,2.92177,-0.14461,-0.00101,-9.12408,-14.38924,25.00000,25.00000,166.19709,0.40553,0.11889,0.91241,0.28750,0.71000,0.35292,0.00000,none
12.95000,50.01051,38.80687,2.92078,-0.14440,-0.00099,-9.18349,-14.12789,25.00000,25.00000,166.19313,0.40489,0.11893,0.91835,0.28750,0.71250,0.35167,0.00000,none
12.95417,50.01075,38.81092,2.91977,-0.14417,-0.00098,-9.24181,-13.86704,25.00000,25.00000,166.18908,0.40425,0.11898,0.92418,0.28750,0.71500,0.35042,0.00000,none
12.95833,50.01098,38.81506,2.91876,-0.14393,-0.00096,-9.29905,-13.60669,25.00000,25.00000,166.18494,0.40360,0.11902,0.92990,0.28750,0.71750,0.34917,0.00000,none
12.96250,50.01121,38.81929,2.91773,-0.14367,-0.00094,-9.35520,-13.34688,25.00000,25.00000,166.18071,0.40295,0.11906,0.93552,0.28750,0.72000,0.34792,0.00000,none
12.96667,50.01143,38.82360,2.91669,-0.14339,-0.00093,-9.41027,-13.08763,25.00000,25.00000,166.17640,0.40230,0.11910,0.94103,0.28750,0.72250,0.34667,0.00000,none
12.97083,50.01165,38.82800,2.91565,-0.14310,-0.00091,-9.46426,-12.82896,25.00000,25.00000,166.17200,0.40164,0.11914,0.94643,0.28750,0.72500,0.34542,0.00000,none
12.97500,50.01186,38.83248,2.91459,-0.14279,-0.00089,-9.51718,-12.57090,25.00000,25.00000,166.16752,0.40099,0.11918,0.95172,0.28750,0.72750,0.34417,0.00000,none
12.97917,50.01207,38.83705,2.91352,-0.14247,-0.00087,-9.56902,-12.31346,25.00000,25.00000,166.16295,0.40033,0.11923,0.95690,0.28750,0.73000,0.34292,0.00000,none
12.98333,50.01228,38.84170,2.91244,-0.14214,-0.00085,-9.61979,-12.05667,25.00000,25.00000,166.15830,0.39967,0.11927,0.96198,0.28750,0.73250,0.34167,0.00000,none
12.98750,50.01248,38.84642,2.91135,-0.14179,-0.00083,-9.66950,-11.80053,25.00000,25.00000,166.15358,0.39901,0.11931,0.96695,0.28750,0.73500,0.34042,0.00000,none
12.99167,50.01268,38.85123,2.91026,-0.14143,-0.00081,-9.71813,-11.54506,25.00000,25.00000,166.14877,0.39835,0.11935,0.97181,0.28750,0.73750,0.33917,0.00000,none
12.99583,50.01287,38.85611,2.90915,-0.14105,-0.00079,-9.76571,-11.29028,25.00000,25.00000,166.14389,0.39769,0.11939,0.97657,0.28750,0.74000,0.33792,0.00000,none
13.00000,50.01306,38.86107,2.90803,-0.14066,-0.00077,-9.81222,-11.03621,25.00000,25.00000,166.13893,0.39703,0.11943,0.98122,0.28750,0.74250,0.33667,0.00000,none
13.00417,50.01324,38.86610,2.90690,-0.14026,-0.00075,-9.85767,-10.78284,25.00000,25.00000,166.13390,0.39636,0.11947,0.98577,0.28750,0.74500,0.33542,0.00000,none
13.00833,50.01341,38.87121,2.90576,-0.13984,-0.00073,-9.90208,-10.53020,25.00000,25.00000,166.12879,0.39570,0.11952,0.99021,0.28750,0.74750,0.33417,0.00000,none
13.01250,50.01358,38.87638,2.90461,-0.13941,-0.00070,-9.94543,-10.27830,25.00000,25.00000,166.12362,0.39503,0.11956,0.99454,0.28750,0.75000,0.33292,0.00000,none
13.01667,50.01375,38.88163,2.90345,-0.13898,-0.00068,-9.98773,-10.02713,25.00000,25.00000,166.11837,0.39436,0.11960,0.99877,0.28750,0.75250,0.33167,0.00000,none
13.02083,50.01391,38.88694,2.90228,-0.13852,-0.00066,-10.02899,-9.77672,25.00000,25.00000,166.11306,0.39370,0.11964,1.00290,0.28750,0.75500,0.33042,0.00000,none
13.02500,50.01406,38.89239,2.90110,-0.13805,-0.00064,-10.06920,-9.52714,25.00000,25.00000,166.10761,0.39208,0.11952,1.00692,0.29000,0.75750,0.32917,0.00000,none
13.02917,50.01421,38.89796,2.89990,-0.13755,-0.00061,-10.10838,-9.27839,25.00000,25.00000,166.10204,0.39046,0.11941,1.01084,0.29250,0.76000,0.32792,0.00000,none
13.03333,50.01436,38.90365,2.89869,-0.13703,-0.00059,-10.14652,-9.03047,25.00000,25.00000,166.09635,0.38883,0.11929,1.01465,0.29500,0.76250,0.32667,0.00000,none
13.03750,50.01450,38.90947,2.89746,-0.13649,-0.00057,-10.18364,-8.78336,25.00000,25.00000,166.09053,0.38720,0.11917,1.01836,0.29750,0.76500,0.32542,0.00000,none
13.04167,50.01463,38.91539,2.89622,-0.13593,-0.00054,-10.21972,-8.53705,25.00000,25.00000,166.08461,0.38557,0.11906,1.02197,0.30000,0.76750,0.32417,0.00000,none
13.04583,50.01475,38.92143,2.89496,-0.13535,-0.00052,-10.25478,-8.29155,25.00000,25.00000,166.07857,0.38394,0.11894,1.02548,0.30250,0.77000,0.32292,0.00000,none
13.05000,50.01487,38.92758,2.89369,-0.13475,-0.00049,-10.28882,-8.04683,25.00000,25.00000,166.07242,0.38230,0.11883,1.02888,0.30500,0.77250,0.32167,0.00000,none
13.05417,50.01499,38.93383,2.89241,-0.13413,-0.00047,-10.32184,-7.80289,25.00000,25.00000,166.06617,0.38066,0.11872,1.03218,0.30750,0.77500,0.32042,0.00000,none
13.05833,50.01510,38.94019,2.89111,-0.13350,-0.00044,-10.35384,-7.55972,25.00000,25.00000,166.05981,0.37902,0.11861,1.03538,0.31000,0.77750,0.31917,0.00000,none
13.06250,50.01520,38.94664,2.88980,-0.13284,-0.00041,-10.38484,-7.31731,25.00000,25.00000,166.05336,0.37737,0.11849,1.03848,0.31250,0.78000,0.31792,0.00000,none
13.06667,50.01529,38.95318,2.88848,-0.13218,-0.00039,-10.41482,-7.07566,25.00000,25.00000,166.04682,0.37572,0.11838,1.04148,0.31500,0.78250,0.31667,0.00000,none
13.07083,50.01538,38.95982,2.88714,-0.13149,-0.00036,-10.44380,-6.83475,25.00000,25.00000,166.04018,0.37406,0.11827,1.04438,0.31750,0.78500,0.31542,0.00000,none
13.07500,50.01546,38.96655,2.88579,-0.13079,-0.00033,-10.47178,-6.59457,25.00000,25.00000,166.03345,0.37241,0.11816,1.04718,0.32000,0.78750,0.31417,0.00000,none
13.07917,50.01554,38.97335,2.88443,-0.13008,-0.00030,-10.49876,-6.35512,25.00000,25.00000,166.02665,0.37075,0.11806,1.04988,0.32250,0.79000,0.31292,0.00000,none
13.08333,50.01561,38.98025,2.88305,-0.12936,-0.00028,-10.52474,-6.11638,25.00000,25.00000,166.01975,0.36909,0.11795,1.05247,0.32500,0.79250,0.31167,0.00000,none
13.08750,50.01567,38.98722,2.88166,-0.12862,-0.00025,-10.54973,-5.87835,25.00000,25.00000,166.01278,0.36742,0.11784,1.05497,0.32750,0.79500,0.31042,0.00000,none
13.09167,50.01573,38.99426,2.88026,-0.12787,-0.00022,-10.57373,-5.64102,25.00000,25.00000,166.00574,0.36576,0.11774,1.05737,0.33000,0.79750,0.30917,0.00000,none
13.09583,50.01577,39.00138,2.87885,-0.12711,-0.00019,-10.59674,-5.40438,25.00000,25.00000,165.99862,0.36409,0.11763,1.05967,0.33250,0.80000,0.30792,0.00000,none
13.10000,50.01582,39.00857,2.87743,-0.12634,-0.00016,-10.61876,-5.16841,25.00000,25.00000,165.99143,0.36242,0.11753,1.06188,0.33500,0.80250,0.30667,0.00000,none
13.10417,50.01585,39.01583,2.87599,-0.12556,-0.00013,-10.63981,-4.93312,25.00000,25.00000,165.98417,0.36074,0.11743,1.06398,0.33750,0.80500,0.30542,0.00000,none
13.10833,50.01588,39.02315,2.87455,-0.12477,-0.00010,-10.65987,-4.69848,25.00000,25.00000,165.97685,0.35907,0.11732,1.06599,0.34000,0.80750,0.30417,0.00000,none
13.11250,50.01590,39.03053,2.87309,-0.12397,-0.00007,-10.67896,-4.46450,25.00000,25.00000,165.96947,0.35739,0.11722,1.06790,0.34250,0.81000,0.30292,0.00000,none
13.11667,50.01591,39.03797,2.87162,-0.12316,-0.00004,-10.69708,-4.23116,25.00000,25.00000,165.96203,0.35571,0.11712,1.06971,0.34500,0.81250,0.30167,0.00000,none
13.12083,50.01592,39.04547,2.87014,-0.12234,-0.00001,-10.71422,-3.99846,25.00000,25.00000,165.95453,0.35402,0.11702,1.07142,0.34750,0.81500,0.30042,0.00000,none
13.12500,50.01592,39.05302,2.86866,-0.12152,0.00002,-10.73040,-3.76638,25.00000,25.00000,165.94698,0.35234,0.11693,1.07304,0.35000,0.81750,0.29917,0.00000,none
13.12917,50.01591,39.06063,2.86716,-0.12069,0.00005,-10.74561,-3.53491,25.00000,25.00000,165.93937,0.35065,0.11683,1.07456,0.35250,0.82000,0.29792,0.00000,none
13.13333,50.01589,39.06828,2.86565,-0.11985,0.00008,-10.75986,-3.30405,25.00000,25.00000,165.93172,0.34896,0.11673,1.07599,0.35500,0.82250,0.29667,0.00000,none
13.13750,50.01587,39.07598,2.86413,-0.11901,0.00011,-10.77315,-3.07379,25.00000,25.00000,165.92402,0.34727,0.11664,1.07731,0.35750,0.82500,0.29542,0.00000,none
13.14167,50.01584,39.08373,2.86260,-0.11816,0.00014,-10.78547,-2.84411,25.00000,25.00000,165.91627,0.34558,0.11654,1.07855,0.36000,0.82750,0.29417,0.00000,none
13.14583,50.01581,39.09151,2.86106,-0.11730,0.00017,-10.79685,-2.61502,25.00000,25.00000,165.90849,0.34388,0.11645,1.07968,0.36250,0.83000,0.29292,0.00000,none
13.15000,50.01576,39.09934,2.85951,-0.11645,0.00020,-10.80727,-2.38649,25.00000,25.00000,165.90066,0.34218,0.11636,1.08073,0.36500,0.83250,0.29167,0.00000,none
13.15417,50.01571,39.10721,2.85796,-0.11558,0.00023,-10.81674,-2.15853,25.00000,25.00000,165.89279,0.34048,0.11627,1.08167,0.36750,0.83500,0.29042,0.00000,none
13.15833,50.01565,39.11511,2.85639,-0.11472,0.00026,-10.82526,-1.93112,25.00000,25.00000,165.88489,0.33878,0.11618,1.08253,0.37000,0.83750,0.28917,0.00000,none
13.16250,50.01559,39.12304,2.85482,-0.11385,0.00029,-10.83283,-1.70426,25.00000,25.00000,165.87696,0.33708,0.11609,1.08328,0.37250,0.84000,0.28792,0.00000,none
13.16667,50.01551,39.13101,2.85324,-0.11297,0.00032,-10.83946,-1.47793,25.00000,25.00000,165.86899,0.33537,0.11600,1.08395,0.37500,0.84250,0.28667,0.00000,none
13.17083,50.01543,39.13900,2.85164,-0.11210,0.00035,-10.84515,-1.25214,25.00000,25.00000,165.86100,0.33367,0.11591,1.08451,0.37750,0.84500,0.28542,0.00000,none
13.17500,50.01535,39.14703,2.85005,-0.11122,0.00038,-10.84989,-1.02686,25.00000,25.00000,165.85297,0.33196,0.11582,1.08499,0.38000,0.84750,0.28417,0.00000,none
13.17917,50.01525,39.15508,2.84844,-0.11034,0.00041,-10.85370,-0.80209,25.00000,25.00000,165.84492,0.33025,0.11574,1.08537,0.38250,0.85000,0.28292,0.00000,none
13.18333,50.01515,39.16315,2.84682,-0.10946,0.00044,-10.85658,-0.57783,25.00000,25.00000,165.83685,0.32854,0.11566,1.08566,0.38500,0.85250,0.28167,0.00000,none
13.18750,50.01504,39.17124,2.84520,-0.10858,0.00047,-10.85852,-0.35406,25.00000,25.00000,165.82876,0.32683,0.11557,1.08585,0.38750,0.85500,0.28042,0.00000,none
13.19167,50.01493,39.17936,2.84357,-0.10770,0.00050,-10.85953,-0.13078,25.00000,25.00000,165.82064,0.32511,0.11549,1.08595,0.39000,0.85750,0.27917,0.00000,none
13.19583,50.01480,39.18749,2.84194,-0.10681,0.00053,-10.85961,0.09202,25.00000,25.00000,165.81251,0.32340,0.11541,1.08596,0.39250,0.86000,0.27792,0.00000,none
13.20000,50.01468,39.19564,2.84030,-0.10593,0.00055,-10.85876,0.31434,25.00000,25.00000,165.80436,0.32168,0.11533,1.08588,0.39500,0.86250,0.27667,0.00000,none
13.20417,50.01454,39.20380,2.83865,-0.10505,0.00058,-10.85699,0.53621,25.00000,25.00000,165.79620,0.31997,0.11525,1.08570,0.39750,0.86500,0.27542,0.00000,none
13.20833,50.01440,39.21198,2.83699,-0.10416,0.00061,-10.85429,0.75761,25.00000,25.00000,165.78802,0.31825,0.11518,1.08543,0.40000,0.86750,0.27417,0.00000,none
13.21250,50.01425,39.22017,2.83533,-0.10328,0.00064,-10.85068,0.97857,25.00000,25.00000,165.77983,0.31653,0.11510,1.08507,0.40250,0.87000,0.27292,0.00000,none
13.21667,50.01409,39.22837,2.83366,-0.10240,0.00067,-10.84614,1.19908,25.00000,25.00000,165.77163,0.31481,0.11503,1.08461,0.40500,0.87250,0.27167,0.00000,none
13.22083,50.01393,39.23657,2.83198,-0.10152,0.00069,-10.84069,1.41915,25.00000,25.00000,165.76343,0.31309,0.11495,1.08407,0.40750,0.87500,0.27042,0.00000,none
13.22500,50.01376,39.24479,2.83030,-0.10064,0.00072,-10.83431,1.63880,25.00000,25.00000,165.75521,0.31136,0.11488,1.08343,0.41000,0.87750,0.26917,0.00000,none
13.22917,50.01359,39.25300,2.82862,-0.09977,0.00075,-10.82703,1.85803,25.00000,25.00000,165.74700,0.30964,0.11481,1.08270,0.41250,0.88000,0.26792,0.00000,none
13.23333,50.01340,39.26123,2.82693,-0.09890,0.00077,-10.81883,2.07684,25.00000,25.00000,165.73877,0.30792,0.11474,1.08188,0.41500,0.88250,0.26667,0.00000,none
13.23750,50.01322,39.26945,2.82523,-0.09803,0.00080,-10.80972,2.29524,25.00000,25.00000,165.73055,0.30620,0.11467,1.08097,0.41750,0.88500,0.26542,0.00000,none
13.24167,50.01302,39.27767,2.82353,-0.09716,0.00083,-10.79971,2.51324,25.00000,25.00000,165.72233,0.30447,0.11460,1.07997,0.42000,0.88750,0.26417,0.00000,none
13.24583,50.01282,39.28590,2.82183,-0.09629,0.00085,-10.78878,2.73085,25.00000,25.00000,165.71410,0.30275,0.11454,1.07888,0.42250,0.89000,0.26292,0.00000,none
13.25000,50.01262,39.29412,2.82012,-0.09543,0.00088,-10.77695,2.94807,25.00000,25.00000,165.70588,0.30102,0.11447,1.07769,0.42500,0.89250,0.26167,0.00000,none
13.25417,50.01240,39.30234,2.81840,-0.09457,0.00090,-10.76421,3.16490,25.00000,25.00000,165.69766,0.29929,0.11441,1.07642,0.42750,0.89500,0.26042,0.00000,none
13.25833,50.01219,39.31055,2.81668,-0.09372,0.00092,-10.75057,3.38136,25.00000,25.00000,165.68945,0.29757,0.11434,1.07506,0.43000,0.89750,0.25917,0.00000,none
13.26250,50.01196,39.31876,2.81496,-0.09287,0.00095,-10.73603,3.59745,25.00000,25.00000,165.68124,0.29584,0.11428,1.07360,0.43250,0.90000,0.25792,0.00000,none
13.26667,50.01173,39.32696,2.81323,-0.09202,0.00097,-10.72060,3.81317,25.00000,25.00000,165.67304,0.29411,0.11422,1.07206,0.43500,0.90250,0.25667,0.00000,none
13.27083,50.01150,39.33515,2.81150,-0.09118,0.00100,-10.70426,4.02854,25.00000,25.00000,165.66485,0.29239,0.11416,1.07043,0.43750,0.90500,0.25542,0.00000,none
13.27500,50.01126,39.34333,2.80977,-0.09034,0.00102,-10.68703,4.24355,25.00000,25.00000,165.65667,0.29066,0.11411,1.06870,0.44000,0.90750,0.25417,0.00000,none
13.27917,50.01101,39.35150,2.80803,-0.08951,0.00104,-10.66890,4.45821,25.00000,25.00000,165.64850,0.28893,0.11405,1.06689,0.44250,0.91000,0.25292,0.00000,none
13.28333,50.01076,39.35966,2.80629,-0.08868,0.00106,-10.64987,4.67253,25.00000,25.00000,165.64034,0.28720,0.11399,1.06499,0.44500,0.91250,0.25167,0.00000,none
13.28750,50.01051,39.36781,2.80455,-0.08786,0.00108,-10.62996,4.88651,25.00000,25.00000,165.63219,0.28547,0.11394,1.06300,0.44750,0.91500,0.25042,0.00000,none
13.29167,50.01024,39.37594,2.80280,-0.08705,0.00111,-10.60915,5.10016,25.00000,25.00000,165.62406,0.28375,0.11389,1.06092,0.45000,0.91750,0.24917,0.00000,none
13.29583,50.00998,39.38406,2.80105,-0.08623,0.00113,-10.58746,5.31349,25.00000,25.00000,165.61594,0.28202,0.11384,1.05875,0.45250,0.92000,0.24792,0.00000,none
13.30000,50.00971,39.39216,2.79930,-0.08543,0.00115,-10.56487,5.52649,25.00000,25.00000,165.60784,0.28029,0.11379,1.05649,0.45500,0.92250,0.24667,0.00000,none
13.30417,50.00943,39.40024,2.79754,-0.08463,0.00117,-10.54140,5.73917,25.00000,25.00000,165.59976,0.27856,0.11374,1.05414,0.45750,0.92500,0.24542,0.00000,none
13.30833,50.00915,39.40831,2.79579,-0.08384,0.00119,-10.51705,5.95154,25.00000,25.00000,165.59169,0.27683,0.11369,1.05170,0.46000,0.92750,0.24417,0.00000,none
13.31250,50.00887,39.41635,2.79403,-0.08305,0.00120,-10.49181,6.16360,25.00000,25.00000,165.58365,0.27510,0.11364,1.04918,0.46250,0.93000,0.24292,0.00000,none
13.31667,50.00858,39.42437,2.79227,-0.08227,0.00122,-10.46568,6.37536,25.00000,25.00000,165.57563,0.27337,0.11360,1.04657,0.46500,0.93250,0.24167,0.00000,none
13.32083,50.00828,39.43238,2.79050,-0.08149,0.00124,-10.43868,6.58682,25.00000,25.00000,165.56762,0.27165,0.11356,1.04387,0.46750,0.93500,0.24042,0.00000,none
13.32500,50.00798,39.44036,2.78874,-0.08073,0.00126,-10.41079,6.79799,25.00000,25.00000,165.55964,0.26992,0.11351,1.04108,0.47000,0.93750,0.23917,0.00000,none
13.32917,50.00768,39.44832,2.78697,-0.07997,0.00128,-10.38203,7.00886,25.00000,25.00000,165.55168,0.26819,0.11347,1.03820,0.47250,0.94000,0.23792,0.00000,none
13.33333,50.00737,39.45625,2.78521,-0.07921,0.00129,-10.35239,7.21945,25.00000,25.00000,165.54375,0.26646,0.11343,1.03524,0.47500,0.94250,0.23667,0.00000,none
13.33750,50.00706,39.46416,2.78344,-0.07847,0.00131,-10.32187,7.42976,25.00000,25.00000,165.53584,0.26473,0.11339,1.03219,0.47750,0.94500,0.23542,0.00000,none
13.34167,50.00675,39.47205,2.78167,-0.07773,0.00133,-10.29047,7.63978,25.00000,25.00000,165.52795,0.26300,0.11336,1.02905,0.48000,0.94750,0.23417,0.00000,none
13.34583,50.00643,39.47990,2.77990,-0.07699,0.00134,-10.25820,7.84953,25.00000,25.00000,165.52010,0.26128,0.11332,1.02582,0.48250,0.95000,0.23292,0.00000,none
13.35000,50.00611,39.48773,2.77813,-0.07627,0.00136,-10.22506,8.05901,25.00000,25.00000,165.51227,0.25955,0.11329,1.02251,0.48500,0.95250,0.23167,0.00000,none
13.35417,50.00578,39.49554,2.77635,-0.07555,0.00137,-10.19105,8.26823,25.00000,25.00000,165.50446,0.25782,0.11325,1.01910,0.48750,0.95500,0.23042,0.00000,none
13.35833,50.00545,39.50331,2.77458,-0.07484,0.00139,-10.15616,8.47718,25.00000,25.00000,165.49669,0.25609,0.11322,1.01562,0.49000,0.95750,0.22917,0.00000,none
13.36250,50.00512,39.51106,2.77281,-0.07414,0.00140,-10.12040,8.68586,25.00000,25.00000,165.48894,0.25436,0.11319,1.01204,0.49250,0.96000,0.22792,0.00000,none
13.36667,50.00479,39.51877,2.77103,-0.07345,0.00141,-10.08378,8.89430,25.00000,25.00000,165.48123,0.25263,0.11316,1.00838,0.49500,0.96250,0.22667,0.00000,none
13.37083,50.00445,39.52646,2.76926,-0.07277,0.00143,-10.04628,9.10247,25.00000,25.00000,165.47354,0.25091,0.11313,1.00463,0.49750,0.96500,0.22542,0.00000,none
13.37500,50.00411,39.53411,2.76748,-0.07209,0.00144,-10.00792,9.31040,25.00000,25.00000,165.46589,0.24918,0.11310,1.00079,0.50000,0.96750,0.22417,0.00000,none
13.37917,50.00376,39.54173,2.76571,-0.07142,0.00145,-9.96870,9.51808,25.00000,25.00000,165.45827,0.24745,0.11308,0.99687,0.50250,0.97000,0.22292,0.00000,none
13.38333,50.00341,39.54929,2.76394,-0.07076,0.00146,-9.92861,9.72551,25.00000,25.00000,165.45071,0.24689,0.11318,0.99286,0.50250,0.97250,0.22167,0.00000,none
13.38750,50.00306,39.55679,2.76217,-0.07012,0.00147,-9.88765,9.93270,25.00000,25.00000,165.44321,0.24635,0.11328,0.98877,0.50250,0.97500,0.22042,0.00000,none
13.39167,50.00271,39.56424,2.76041,-0.06949,0.00147,-9.84583,10.13962,25.00000,25.00000,165.43576,0.24580,0.11338,0.98458,0.50250,0.97750,0.21917,0.00000,none
13.39583,50.00236,39.57162,2.75865,-0.06888,0.00148,-9.80315,10.34627,25.00000,25.00000,165.42838,0.24526,0.11348,0.98032,0.50250,0.98000,0.21792,0.00000,none
13.40000,50.00201,39.57895,2.75689,-0.06827,0.00148,-9.75961,10.55265,25.00000,25.00000,165.42105,0.24473,0.11358,0.97596,0.50250,0.98250,0.21667,0.00000,none
13.40417,50.00165,39.58621,2.75514,-0.06768,0.00149,-9.71522,10.75874,25.00000,25.00000,165.41379,0.24421,0.11369,0.97152,0.50250,0.98500,0.21542,0.00000,none
13.40833,50.00130,39.59342,2.75339,-0.06710,0.00149,-9.66996,10.96453,25.00000,25.00000,165.40658,0.24369,0.11379,0.96700,0.50250,0.98750,0.21417,0.00000,none
13.41250,50.00094,39.60058,2.75164,-0.06654,0.00149,-9.62384,11.17001,25.00000,25.00000,165.39942,0.24318,0.11389,0.96238,0.50250,0.99000,0.21292,0.00000,none
13.41667,50.00059,39.60767,2.74990,-0.06599,0.00149,-9.57687,11.37516,25.00000,25.00000,165.39233,0.24267,0.11400,0.95769,0.50250,0.99250,0.21167,0.00000,none
13.42083,50.00023,39.61471,2.74817,-0.06544,0.00148,-9.52905,11.57998,25.00000,25.00000,165.38529,0.24217,0.11411,0.95291,0.50250,0.99500,0.21042,0.00000,none
13.42500,49.99988,39.62170,2.74643,-0.06492,0.00148,-9.48038,11.78446,25.00000,25.00000,165.37830,0.24168,0.11421,0.94804,0.50250,0.99750,0.20917,0.00000,none
13.42917,49.99953,39.62862,2.74470,-0.06440,0.00148,-9.43085,11.98857,25.00000,25.00000,165.37138,0.24120,0.11432,0.94308,0.50250,1.00000,0.20792,0.00000,none
13.43333,49.99917,39.63549,2.74298,-0.06390,0.00147,-9.38047,12.19230,25.00000,25.00000,165.36451,0.24132,0.11434,0.93805,0.50250,1.00000,0.20667,0.00000,none
13.43750,49.99882,39.64229,2.74126,-0.06340,0.00147,-9.32925,12.39563,25.00000,25.00000,165.35771,0.24145,0.11436,0.93292,0.50250,1.00000,0.20542,0.00000,none
13.44167,49.99847,39.64902,2.73955,-0.06293,0.00146,-9.27717,12.59855,25.00000,25.00000,165.35098,0.24157,0.11438,0.92772,0.50250,1.00000,0.20417,0.00000,none
13.44583,49.99813,39.65570,2.73784,-0.06246,0.00145,-9.22426,12.80104,25.00000,25.00000,165.34430,0.24169,0.11440,0.92243,0.50250,1.00000,0.20292,0.00000,none
13.45000,49.99778,39.66232,2.73614,-0.06201,0.00145,-9.17050,13.00308,25.00000,25.00000,165.33768,0.24182,0.11442,0.91705,0.50250,1.00000,0.20167,0.00000,none
13.45417,49.99744,39.66889,2.73445,-0.06156,0.00144,-9.11590,13.20464,25.00000,25.00000,165.33111,0.24194,0.11444,0.91159,0.50250,1.00000,0.20042,0.00000,none
13.45833,49.99709,39.67540,2.73276,-0.06113,0.00143,-9.06046,13.40571,25.00000,25.00000,165.32460,0.24206,0.11446,0.90605,0.50250,1.00000,0.19917,0.00000,none
13.46250,49.99675,39.68185,2.73107,-0.06071,0.00142,-9.00419,13.60625,25.00000,25.00000,165.31815,0.24217,0.11448,0.90042,0.50250,1.00000,0.19792,0.00000,none
13.46667,49.99642,39.68825,2.72940,-0.06030,0.00141,-8.94708,13.80626,25.00000,25.00000,165.31175,0.24229,0.11450,0.89471,0.50250,1.00000,0.19667,0.00000,none
13.47083,49.99608,39.69461,2.72772,-0.05990,0.00140,-8.88913,14.00570,25.00000,25.00000,165.30539,0.24241,0.11452,0.88891,0.50250,1.00000,0.19542,0.00000,none
13.47500,49.99575,39.70091,2.72605,-0.05951,0.00139,-8.83036,14.20455,25.00000,25.00000,165.29909,0.24252,0.11454,0.88304,0.50250,1.00000,0.19417,0.00000,none
13.47917,49.99542,39.70716,2.72439,-0.05913,0.00138,-8.77076,14.40279,25.00000,25.00000,165.29284,0.24264,0.11456,0.87708,0.50250,1.00000,0.19292,0.00000,none
13.48333,49.99509,39.71336,2.72274,-0.05876,0.00136,-8.71034,14.60038,25.00000,25.00000,165.28664,0.24275,0.11458,0.87103,0.50250,1.00000,0.19167,0.00000,none
13.48750,49.99477,39.71952,2.72108,-0.05840,0.00135,-8.64909,14.79731,25.00000,25.00000,165.28048,0.24287,0.11460,0.86491,0.50250,1.00000,0.19042,0.00000,none
13.49167,49.99445,39.72563,2.71944,-0.05804,0.00134,-8.58703,14.99353,25.00000,25.00000,165.27437,0.24298,0.11462,0.85870,0.50250,1.00000,0.18917,0.00000,none
13.49583,49.99413,39.73170,2.71780,-0.05770,0.00133,-8.52415,15.18904,25.00000,25.00000,165.26830,0.24309,0.11464,0.85241,0.50250,1.00000,0.18792,0.00000,none
13.50000,49.99381,39.73772,2.71616,-0.05736,0.00131,-8.46045,15.38378,25.00000,25.00000,165.26228,0.24320,0.11466,0.84605,0.50250,1.00000,0.18667,0.00000,none
13.50417,49.99350,39.74370,2.71453,-0.05703,0.00130,-8.39595,15.57774,25.00000,25.00000,165.25630,0.24331,0.11467,0.83960,0.50250,1.00000,0.18542,0.00000,none
13.50833,49.99319,39.74964,2.71291,-0.05671,0.00129,-8.33064,15.77088,25.00000,25.00000,165.25036,0.24342,0.11469,0.83306,0.50250,1.00000,0.18417,0.00000,none
13.51250,49.99289,39.75553,2.71129,-0.05640,0.00127,-8.26453,15.96317,25.00000,25.00000,165.24447,0.24353,0.11471,0.82645,0.50250,1.00000,0.18292,0.00000,none
13.51667,49.99258,39.76139,2.70967,-0.05610,0.00126,-8.19762,16.15458,25.00000,25.00000,165.23861,0.24364,0.11473,0.81976,0.50250,1.00000,0.18167,0.00000,none
13.52083,49.99229,39.76721,2.70806,-0.05580,0.00124,-8.12991,16.34508,25.00000,25.00000,165.23279,0.24374,0.11475,0.81299,0.50250,1.00000,0.18042,0.00000,none
13.52500,49.99199,39.77298,2.70646,-0.05551,0.00123,-8.06141,16.53462,25.00000,25.00000,165.22702,0.24385,0.11477,0.80614,0.50250,1.00000,0.17917,0.00000,none
13.52917,49.99170,39.77872,2.70486,-0.05522,0.00121,-7.99212,16.72317,25.00000,25.00000,165.22128,0.24395,0.11478,0.79921,0.50250,1.00000,0.17792,0.00000,none
13.53333,49.99141,39.78443,2.70327,-0.05495,0.00120,-7.92205,16.91070,25.00000,25.00000,165.21557,0.24406,0.11480,0.79220,0.50250,1.00000,0.17667,0.00000,none
13.53750,49.99113,39.79010,2.70168,-0.05467,0.00118,-7.85120,17.09717,25.00000,25.00000,165.20990,0.24416,0.11482,0.78512,0.50250,1.00000,0.17542,0.00000,none
13.54167,49.99085,39.79573,2.70010,-0.05441,0.00117,-7.77957,17.28254,25.00000,25.00000,165.20427,0.24427,0.11484,0.77796,0.50250,1.00000,0.17417,0.00000,none
13.54583,49.99057,39.80132,2.69852,-0.05415,0.00115,-7.70718,17.46677,25.00000,25.00000,165.19868,0.24437,0.11485,0.77072,0.50250,1.00000,0.17292,0.00000,none
13.55000,49.99030,39.80689,2.69695,-0.05390,0.00114,-7.63402,17.64982,25.00000,25.00000,165.19311,0.24447,0.11487,0.76340,0.50250,1.00000,0.17167,0.00000,none
13.55417,49.99003,39.81241,2.69538,-0.05365,0.00112,-7.56010,17.83165,25.00000,25.00000,165.18759,0.24457,0.11489,0.75601,0.50250,1.00000,0.17042,0.00000,none
13.55833,49.98976,39.81791,2.69382,-0.05341,0.00110,-7.48542,18.01223,25.00000,25.00000,165.18209,0.24467,0.11491,0.74854,0.50250,1.00000,0.16917,0.00000,none
13.56250,49.98950,39.82337,2.69226,-0.05318,0.00109,-7.41000,18.19150,25.00000,25.00000,165.17663,0.24477,0.11492,0.74100,0.50250,1.00000,0.16792,0.00000,none
13.56667,49.98924,39.82881,2.69071,-0.05295,0.00107,-7.33383,18.36942,25.00000,25.00000,165.17119,0.24487,0.11494,0.73338,0.50250,1.00000,0.16667,0.00000,none
13.57083,49.98899,39.83421,2.68917,-0.05272,0.00105,-7.25692,18.54596,25.00000,25.00000,165.16579,0.24497,0.11496,0.72569,0.50250,1.00000,0.16542,0.00000,none
13.57500,49.98874,39.83958,2.68763,-0.05250,0.00104,-7.17928,18.72106,25.00000,25.00000,165.16042,0.24507,0.11497,0.71793,0.50250,1.00000,0.16417,0.00000,none
13.57917,49.98850,39.84492,2.68609,-0.05229,0.00102,-7.10091,18.89468,25.00000,25.00000,165.15508,0.24517,0.11499,0.71009,0.50250,1.00000,0.16292,0.00000,none
13.58333,49.98825,39.85023,2.68456,-0.05208,0.00100,-7.02183,19.06677,25.00000,25.00000,165.14977,0.24527,0.11501,0.70218,0.50250,1.00000,0.16167,0.00000,none
13.58750,49.98802,39.85551,2.68303,-0.05187,0.00099,-6.94203,19.23728,25.00000,25.00000,165.14449,0.24537,0.11502,0.69420,0.50250,1.00000,0.16042,0.00000,none
13.59167,49.98778,39.86076,2.68151,-0.05167,0.00097,-6.86152,19.40618,25.00000,25.00000,165.13924,0.24546,0.11504,0.68615,0.50250,1.00000,0.15917,0.00000,none
13.59583,49.98755,39.86599,2.68000,-0.05148,0.00095,-6.78031,19.57340,25.00000,25.00000,165.13401,0.24556,0.11506,0.67803,0.50250,1.00000,0.15792,0.00000,none
13.60000,49.98733,39.87119,2.67849,-0.05128,0.00093,-6.69841,19.73890,25.00000,25.00000,165.12881,0.24565,0.11507,0.66984,0.50250,1.00000,0.15667,0.00000,none
13.60417,49.98711,39.87636,2.67698,-0.05110,0.00092,-6.61582,19.90263,25.00000,25.00000,165.12364,0.24575,0.11509,0.66158,0.50250,1.00000,0.15542,0.00000,none
13.60833,49.98689,39.88151,2.67548,-0.05091,0.00090,-6.53256,20.06454,25.00000,25.00000,165.11849,0.24584,0.11511,0.65326,0.50250,1.00000,0.15417,0.00000,none
13.61250,49.98668,39.88662,2.67399,-0.05073,0.00088,-6.44862,20.22457,25.00000,25.00000,165.11338,0.24594,0.11512,0.64486,0.50250,1.00000,0.15292,0.00000,none
13.61667,49.98647,39.89172,2.67250,-0.05056,0.00086,-6.36402,20.38268,25.00000,25.00000,165.10828,0.24603,0.11514,0.63640,0.50250,1.00000,0.15167,0.00000,none
13.62083,49.98627,39.89679,2.67101,-0.05038,0.00084,-6.27877,20.53880,25.00000,25.00000,165.10321,0.24612,0.11515,0.62788,0.50250,1.00000,0.15042,0.00000,none
13.62500,49.98607,39.90183,2.66953,-0.05022,0.00083,-6.19287,20.69289,25.00000,25.00000,165.09817,0.24622,0.11517,0.61929,0.50250,1.00000,0.14917,0.00000,none
13.62917,49.98588,39.90685,2.66806,-0.05005,0.00081,-6.10633,20.84489,25.00000,25.00000,165.09315,0.24631,0.11519,0.61063,0.50250,1.00000,0.14792,0.00000,none
13.63333,49.98568,39.91184,2.66659,-0.04989,0.00079,-6.01916,20.99475,25.00000,25.00000,165.08816,0.24640,0.11520,0.60192,0.50250,1.00000,0.14667,0.00000,none
13.63750,49.98550,39.91682,2.66512,-0.04973,0.00077,-5.93137,21.14240,25.00000,25.00000,165.08318,0.24649,0.11522,0.59314,0.50250,1.00000,0.14542,0.00000,none
13.64167,49.98532,39.92175,2.66366,-0.04958,0.00075,-5.84298,21.28780,25.00000,25.00000,165.07825,0.24720,0.11530,0.58430,0.50125,1.00000,0.14417,0.00000,none
13.64583,49.98514,39.92665,2.66221,-0.04943,0.00073,-5.75398,21.43089,25.00000,25.00000,165.07335,0.24791,0.11538,0.57540,0.50000,1.00000,0.14292,0.00000,none
13.65000,49.98497,39.93151,2.66077,-0.04929,0.00071,-5.66439,21.57161,25.00000,25.00000,165.06849,0.24862,0.11546,0.56644,0.49875,1.00000,0.14167,0.00000,none
13.65417,49.98480,39.93634,2.65933,-0.04916,0.00070,-5.57422,21.70991,25.00000,25.00000,165.06366,0.24933,0.11554,0.55742,0.49750,1.00000,0.14042,0.00000,none
13.65833,49.98463,39.94114,2.65789,-0.04903,0.00068,-5.48348,21.84572,25.00000,25.00000,165.05886,0.25004,0.11563,0.54835,0.49625,1.00000,0.13917,0.00000,none
13.66250,49.98448,39.94590,2.65647,-0.04890,0.00066,-5.39217,21.97898,25.00000,25.00000,165.05410,0.25075,0.11571,0.53922,0.49500,1.00000,0.13792,0.00000,none
13.66667,49.98432,39.95063,2.65504,-0.04878,0.00064,-5.30032,22.10965,25.00000,25.00000,165.04937,0.25146,0.11579,0.53003,0.49375,1.00000,0.13667,0.00000,none
13.67083,49.98417,39.95532,2.65363,-0.04867,0.00062,-5.20793,22.23764,25.00000,25.00000,165.04468,0.25217,0.11587,0.52079,0.49250,1.00000,0.13542,0.00000,none
13.67500,49.98403,39.95999,2.65222,-0.04856,0.00060,-5.11501,22.36291,25.00000,25.00000,165.04001,0.25288,0.11596,0.51150,0.49125,1.00000,0.13417,0.00000,none
13.67917,49.98389,39.96462,2.65082,-0.04845,0.00058,-5.02158,22.48539,25.00000,25.00000,165.03538,0.25359,0.11604,0.50216,0.49000,1.00000,0.13292,0.00000,none
13.68333,49.98375,39.96922,2.64942,-0.04835,0.00056,-4.92764,22.60503,25.00000,25.00000,165.03078,0.25429,0.11612,0.49276,0.48875,1.00000,0.13167,0.00000,none
13.68750,49.98362,39.97379,2.64803,-0.04825,0.00054,-4.83320,22.72175,25.00000,25.00000,165.02621,0.25531,0.11616,0.48332,0.48750,0.99875,0.13042,0.00000,none
13.69167,49.98349,39.97832,2.64665,-0.04816,0.00052,-4.73829,22.83551,25.00000,25.00000,165.02168,0.25632,0.11621,0.47383,0.48625,0.99750,0.12917,0.00000,none
13.69583,49.98337,39.98281,2.64527,-0.04807,0.00050,-4.64291,22.94623,25.00000,25.00000,165.01719,0.25733,0.11625,0.46429,0.48500,0.99625,0.12792,0.00000,none
13.70000,49.98325,39.98727,2.64391,-0.04799,0.00048,-4.54708,23.05387,25.00000,25.00000,165.01273,0.25835,0.11629,0.45471,0.48375,0.99500,0.12667,0.00000,none
13.70417,49.98314,39.99170,2.64254,-0.04792,0.00046,-4.45080,23.15834,25.00000,25.00000,165.00830,0.25936,0.11633,0.44508,0.48250,0.99375,0.12542,0.00000,none
13.70833,49.98304,39.99609,2.64119,-0.04784,0.00044,-4.35410,23.25960,25.00000,25.00000,165.00391,0.26038,0.11638,0.43541,0.48125,0.99250,0.12417,0.00000,none
13.71250,49.98293,40.00044,2.63984,-0.04778,0.00042,-4.25698,23.35757,25.00000,25.00000,164.99956,0.26139,0.11642,0.42570,0.48000,0.99125,0.12292,0.00000,none
13.71667,49.98284,40.00476,2.63850,-0.04772,0.00040,-4.15945,23.45220,25.00000,25.00000,164.99524,0.26241,0.11647,0.41595,0.47875,0.99000,0.12167,0.00000,none
13.72083,49.98274,40.00905,2.63717,-0.04766,0.00038,-4.06155,23.54343,25.00000,25.00000,164.99095,0.26343,0.11651,0.40615,0.47750,0.98875,0.12042,0.00000,none
13.72500,49.98266,40.01330,2.63584,-0.04761,0.00036,-3.96326,23.63119,25.00000,25.00000,164.98670,0.26445,0.11656,0.39633,0.47625,0.98750,0.11917,0.00000,none
13.72917,49.98257,40.01751,2.63452,-0.04756,0.00034,-3.86462,23.71542,25.00000,25.00000,164.98249,0.26547,0.11660,0.38646,0.47500,0.98625,0.11792,0.00000,none
13.73333,49.98250,40.02169,2.63321,-0.04752,0.00032,-3.76564,23.79605,25.00000,25.00000,164.97831,0.26649,0.11665,0.37656,0.47375,0.98500,0.11667,0.00000,none
13.73750,49.98242,40.02584,2.63190,-0.04748,0.00030,-3.66633,23.87303,25.00000,25.00000,164.97416,0.26751,0.11670,0.36663,0.47250,0.98375,0.11542,0.00000,none
13.74167,49.98235,40.02995,2.63060,-0.04744,0.00028,-3.56670,23.94629,25.00000,25.00000,164.97005,0.26853,0.11675,0.35667,0.47125,0.98250,0.11417,0.00000,none
13.74583,49.98229,40.03402,2.62931,-0.04742,0.00026,-3.46678,24.01577,25.00000,25.00000,164.96598,0.26955,0.11680,0.34668,0.47000,0.98125,0.11292,0.00000,none
13.75000,49.98223,40.03806,2.62803,-0.04739,0.00024,-3.36658,24.08141,25.00000,25.00000,164.96194,0.27057,0.11684,0.33666,0.46875,0.98000,0.11167,0.00000,none
13.75417,49.98218,40.04207,2.62675,-0.04737,0.00022,-3.26611,24.14315,25.00000,25.00000,164.95793,0.27159,0.11689,0.32661,0.46750,0.97875,0.11042,0.00000,none
13.75833,49.98213,40.04604,2.62548,-0.04736,0.00020,-3.16539,24.20093,25.00000,25.00000,164.95396,0.27262,0.11694,0.31654,0.46625,0.97750,0.10917,0.00000,none
13.76250,49.98208,40.04997,2.62422,-0.04735,0.00018,-3.06444,24.25468,25.00000,25.00000,164.95003,0.27364,0.11699,0.30644,0.46500,0.97625,0.10792,0.00000,none
13.76667,49.98204,40.05387,2.62296,-0.04735,0.00016,-2.96327,24.30435,25.00000,25.00000,164.94613,0.27467,0.11704,0.29633,0.46375,0.97500,0.10667,0.00000,none
13.77083,49.98201,40.05774,2.62171,-0.04735,0.00014,-2.86191,24.34987,25.00000,25.00000,164.94226,0.27569,0.11709,0.28619,0.46250,0.97375,0.10542,0.00000,none
13.77500,49.98198,40.06157,2.62047,-0.04735,0.00012,-2.76036,24.39119,25.00000,25.00000,164.93843,0.27672,0.11715,0.27604,0.46125,0.97250,0.10417,0.00000,none
13.77917,49.98195,40.06536,2.61924,-0.04736,0.00010,-2.65865,24.42825,25.00000,25.00000,164.93464,0.27775,0.11720,0.26587,0.46000,0.97125,0.10292,0.00000,none
13.78333,49.98193,40.06912,2.61801,-0.04737,0.00008,-2.55680,24.46100,25.00000,25.00000,164.93088,0.27877,0.11725,0.25568,0.45875,0.97000,0.10167,0.00000,none
13.78750,49.98192,40.07284,2.61679,-0.04739,0.00006,-2.45482,24.48937,25.00000,25.00000,164.92716,0.27980,0.11730,0.24548,0.45750,0.96875,0.10042,0.00000,none
13.79167,49.98191,40.07653,2.61558,-0.04741,0.00004,-2.35273,24.51330,25.00000,25.00000,164.92347,0.28083,0.11736,0.23527,0.45625,0.96750,0.09917,0.00000,none
13.79583,49.98190,40.08018,2.61437,-0.04744,0.00002,-2.25054,24.53275,25.00000,25.00000,164.91982,0.28186,0.11741,0.22505,0.45500,0.96625,0.09792,0.00000,none
13.80000,49.98190,40.08380,2.61317,-0.04748,-0.00000,-2.14829,24.54766,25.00000,25.00000,164.91620,0.28289,0.11747,0.21483,0.45375,0.96500,0.09667,0.00000,none
13.80417,49.98190,40.08738,2.61198,-0.04751,-0.00002,-2.04599,24.55798,25.00000,25.00000,164.91262,0.28392,0.11752,0.20460,0.45250,0.96375,0.09542,0.00000,none
13.80833,49.98191,40.09093,2.61080,-0.04755,-0.00004,-1.94365,24.56365,25.00000,25.00000,164.90907,0.28495,0.11758,0.19436,0.45125,0.96250,0.09417,0.00000,none
13.81250,49.98192,40.09443,2.60962,-0.04760,-0.00006,-1.84130,24.56462,25.00000,25.00000,164.90557,0.28598,0.11763,0.18413,0.45000,0.96125,0.09292,0.00000,none
13.81667,49.98194,40.09791,2.60845,-0.04765,-0.00008,-1.73895,24.56084,25.00000,25.00000,164.90209,0.28702,0.11769,0.17389,0.44875,0.96000,0.09167,0.00000,none
13.82083,49.98196,40.10134,2.60729,-0.04771,-0.00010,-1.63663,24.55226,25.00000,25.00000,164.89866,0.28805,0.11775,0.16366,0.44750,0.95875,0.09042,0.00000,none
13.82500,49.98198,40.10475,2.60614,-0.04777,-0.00011,-1.53435,24.53884,25.00000,25.00000,164.89525,0.28908,0.11780,0.15344,0.44625,0.95750,0.08917,0.00000,none
13.82917,49.98201,40.10811,2.60499,-0.04783,-0.00013,-1.43215,24.52053,25.00000,25.00000,164.89189,0.29012,0.11786,0.14321,0.44500,0.95625,0.08792,0.00000,none
13.83333,49.98204,40.11144,2.60385,-0.04790,-0.00015,-1.33002,24.49728,25.00000,25.00000,164.88856,0.29115,0.11792,0.13300,0.44375,0.95500,0.08667,0.00000,none
13.83750,49.98208,40.11473,2.60272,-0.04798,-0.00017,-1.22801,24.46904,25.00000,25.00000,164.88527,0.29219,0.11798,0.12280,0.44250,0.95375,0.08542,0.00000,none
13.84167,49.98213,40.11798,2.60160,-0.04806,-0.00019,-1.12612,24.43579,25.00000,25.00000,164.88202,0.29322,0.11804,0.11261,0.44125,0.95250,0.08417,0.00000,none
13.84583,49.98217,40.12120,2.60048,-0.04814,-0.00021,-1.02438,24.39747,25.00000,25.00000,164.87880,0.29426,0.11810,0.10244,0.44000,0.95125,0.08292,0.00000,none
13.85000,49.98222,40.12438,2.59937,-0.04823,-0.00022,-0.92282,24.35404,25.00000,25.00000,164.87562,0.29530,0.11816,0.09228,0.43875,0.95000,0.08167,0.00000,none
13.85417,49.98228,40.12752,2.59827,-0.04832,-0.00024,-0.82144,24.30548,25.00000,25.00000,164.87248,0.29633,0.11822,0.08214,0.43750,0.94875,0.08042,0.00000,none
13.85833,49.98234,40.13063,2.59718,-0.04842,-0.00026,-0.72028,24.25174,25.00000,25.00000,164.86937,0.29737,0.11828,0.07203,0.43625,0.94750,0.07917,0.00000,none
13.86250,49.98240,40.13370,2.59609,-0.04852,-0.00028,-0.61935,24.19279,25.00000,25.00000,164.86630,0.29841,0.11834,0.06193,0.43500,0.94625,0.07792,0.00000,none
13.86667,49.98247,40.13673,2.59501,-0.04863,-0.00029,-0.51868,24.12859,25.00000,25.00000,164.86327,0.29945,0.11841,0.05187,0.43375,0.94500,0.07667,0.00000,none
13.87083,49.98254,40.13973,2.59394,-0.04874,-0.00031,-0.41828,24.05912,25.00000,25.00000,164.86027,0.30049,0.11847,0.04183,0.43250,0.94375,0.07542,0.00000,none
13.87500,49.98262,40.14268,2.59288,-0.04886,-0.00033,-0.31819,23.98435,25.00000,25.00000,164.85732,0.30153,0.11853,0.03182,0.43125,0.94250,0.07417,0.00000,none
13.87917,49.98270,40.14560,2.59182,-0.04898,-0.00034,-0.21842,23.90425,25.00000,25.00000,164.85440,0.30257,0.11860,0.02184,0.43000,0.94125,0.07292,0.00000,none
13.88333,49.98278,40.14848,2.59078,-0.04911,-0.00036,-0.11900,23.81879,25.00000,25.00000,164.85152,0.30361,0.11866,0.01190,0.42875,0.94000,0.07167,0.00000,none
13.88750,49.98287,40.15132,2.58973,-0.04924,-0.00038,-0.01994,23.72796,25.00000,25.00000,164.84868,0.30465,0.11873,0.00199,0.42750,0.93875,0.07042,0.00000,none
13.89167,49.98296,40.15413,2.58870,-0.04938,-0.00039,0.07873,23.63325,25.00000,25.00000,164.84587,0.30569,0.11879,0.00656,0.42625,0.93750,0.06917,0.00000,none
13.89583,49.98306,40.15690,2.58768,-0.04952,-0.00041,0.17698,23.52632,25.00000,25.00000,164.84310,0.30673,0.11886,0.01475,0.42500,0.93625,0.10000,0.00000,none
13.90000,49.98316,40.15963,2.58666,-0.04966,-0.00042,0.27478,23.41818,25.00000,25.00000,164.84037,0.30778,0.11892,0.02290,0.42375,0.93500,0.10000,0.00000,none
13.90417,49.98326,40.16233,2.58564,-0.04982,-0.00043,0.37213,23.30887,25.00000,25.00000,164.83767,0.30882,0.11899,0.03101,0.42250,0.93375,0.10000,0.00000,none
13.90833,49.98336,40.16499,2.58464,-0.04997,-0.00044,0.46902,23.19841,25.00000,25.00000,164.83501,0.30986,0.11906,0.03909,0.42125,0.93250,0.10000,0.00000,none
13.91250,49.98347,40.16762,2.58364,-0.05013,-0.00045,0.56545,23.08683,25.00000,25.00000,164.83238,0.31091,0.11912,0.04712,0.42000,0.93125,0.10000,0.00000,none
13.91667,49.98357,40.17020,2.58264,-0.05030,-0.00045,0.66141,22.97415,25.00000,25.00000,164.82980,0.31195,0.11919,0.05512,0.41875,0.93000,0.10000,0.00000,none
13.92083,49.98368,40.17275,2.58166,-0.05047,-0.00046,0.75690,22.86038,25.00000,25.00000,164.82725,0.31299,0.11926,0.06307,0.41750,0.92875,0.10000,0.00000,none
13.92500,49.98379,40.17525,2.58067,-0.05065,-0.00046,0.85191,22.74557,25.00000,25.00000,164.82475,0.31404,0.11933,0.07099,0.41625,0.92750,0.10000,0.00000,none
13.92917,49.98390,40.17772,2.57970,-0.05083,-0.00047,0.94644,22.62973,25.00000,25.00000,164.82228,0.31508,0.11940,0.07887,0.41500,0.92625,0.10000,0.00000,none
13.93333,49.98402,40.18015,2.57873,-0.05102,-0.00047,1.04049,22.51288,25.00000,25.00000,164.81985,0.31613,0.11947,0.08671,0.41375,0.92500,0.10000,0.00000,none
13.93750,49.98413,40.18253,2.57777,-0.05121,-0.00047,1.13405,22.39505,25.00000,25.00000,164.81747,0.31717,0.11954,0.09450,0.41250,0.92375,0.10000,0.00000,none
13.94167,49.98424,40.18488,2.57682,-0.05141,-0.00047,1.22712,22.27627,25.00000,25.00000,164.81512,0.31822,0.11961,0.10226,0.41125,0.92250,0.10000,0.00000,none
13.94583,49.98435,40.18718,2.57587,-0.05161,-0.00048,1.31968,22.15655,25.00000,25.00000,164.81282,0.31927,0.11968,0.10997,0.41000,0.92125,0.10000,0.00000,none
13.95000,49.98447,40.18945,2.57494,-0.05182,-0.00048,1.41175,22.03591,25.00000,25.00000,164.81055,0.32031,0.11975,0.11765,0.40875,0.92000,0.10000,0.00000,none
13.95417,49.98458,40.19167,2.57400,-0.05204,-0.00048,1.50332,21.91439,25.00000,25.00000,164.80833,0.32136,0.11983,0.12528,0.40750,0.91875,0.10000,0.00000,none
13.95833,49.98470,40.19385,2.57308,-0.05226,-0.00048,1.59437,21.79200,25.00000,25.00000,164.80615,0.32240,0.11990,0.13286,0.40625,0.91750,0.10000,0.00000,none
13.96250,49.98481,40.19599,2.57216,-0.05249,-0.00048,1.68491,21.66876,25.00000,25.00000,164.80401,0.32345,0.11997,0.14041,0.40500,0.91625,0.10000,0.00000,none
13.96667,49.98492,40.19808,2.57125,-0.05272,-0.00048,1.77494,21.54471,25.00000,25.00000,164.80192,0.32450,0.12005,0.14791,0.40375,0.91500,0.10000,0.00000,none
13.97083,49.98504,40.20013,2.57034,-0.05296,-0.00048,1.86445,21.41985,25.00000,25.00000,164.79987,0.32554,0.12012,0.15537,0.40250,0.91375,0.10000,0.00000,none
13.97500,49.98515,40.20214,2.56944,-0.05320,-0.00047,1.95344,21.29421,25.00000,25.00000,164.79786,0.32659,0.12019,0.16279,0.40125,0.91250,0.10000,0.00000,none
13.97917,49.98527,40.20411,2.56855,-0.05345,-0.00047,2.04190,21.16782,25.00000,25.00000,164.79589,0.32764,0.12027,0.17016,0.40000,0.91125,0.10000,0.00000,none
13.98333,49.98538,40.20604,2.56767,-0.05370,-0.00047,2.12984,21.04069,25.00000,25.00000,164.79396,0.32868,0.12034,0.17749,0.39875,0.91000,0.10000,0.00000,none
13.98750,49.98549,40.20792,2.56679,-0.05396,-0.00047,2.21724,20.91285,25.00000,25.00000,164.79208,0.32973,0.12042,0.18477,0.39750,0.90875,0.10000,0.00000,none
13.99167,49.98560,40.20975,2.56592,-0.05423,-0.00047,2.30411,20.78431,25.00000,25.00000,164.79025,0.33078,0.12050,0.19201,0.39625,0.90750,0.10000,0.00000,none
13.99583,49.98571,40.21155,2.56506,-0.05450,-0.00046,2.39044,20.65510,25.00000,25.00000,164.78845,0.33182,0.12057,0.19920,0.39500,0.90625,0.10000,0.00000,none
14.00000,49.98582,40.21330,2.56421,-0.05477,-0.00046,2.47624,20.52524,25.00000,25.00000,164.78670,0.33287,0.12065,0.20635,0.39375,0.90500,0.10000,0.00000,none
14.00417,49.98593,40.21501,2.56336,-0.05506,-0.00046,2.56149,20.39474,25.00000,25.00000,164.78499,0.33392,0.12073,0.21346,0.39250,0.90375,0.10000,0.00000,none
14.00833,49.98604,40.21667,2.56252,-0.05534,-0.00046,2.64619,20.26364,25.00000,25.00000,164.78333,0.33496,0.12080,0.22052,0.39125,0.90250,0.10000,0.00000,none
14.01250,49.98615,40.21829,2.56168,-0.05564,-0.00045,2.73035,20.13194,25.00000,25.00000,164.78171,0.33601,0.12088,0.22753,0.39000,0.90125,0.10000,0.00000,none
14.01667,49.98626,40.21986,2.56086,-0.05594,-0.00045,2.81396,19.99967,25.00000,25.00000,164.78014,0.33705,0.12096,0.23450,0.38875,0.90000,0.10000,0.00000,none
14.02083,49.98637,40.22139,2.56004,-0.05624,-0.00045,2.89701,19.86684,25.00000,25.00000,164.77861,0.33810,0.12104,0.24142,0.38750,0.89875,0.10000,0.00000,none
14.02500,49.98647,40.22288,2.55923,-0.05655,-0.00044,2.97951,19.73349,25.00000,25.00000,164.77712,0.33914,0.12112,0.24829,0.38625,0.89750,0.10000,0.00000,none
14.02917,49.98658,40.22432,2.55843,-0.05687,-0.00044,3.06146,19.59962,25.00000,25.00000,164.77568,0.34019,0.12120,0.25512,0.38500,0.89625,0.10000,0.00000,none
14.03333,49.98668,40.22572,2.55763,-0.05719,-0.00043,3.14284,19.46525,25.00000,25.00000,164.77428,0.34123,0.12128,0.26190,0.38375,0.89500,0.10000,0.00000,none
14.03750,49.98679,40.22707,2.55684,-0.05751,-0.00043,3.22367,19.33041,25.00000,25.00000,164.77293,0.34228,0.12136,0.26864,0.38250,0.89375,0.10000,0.00000,none
14.04167,49.98689,40.22838,2.55606,-0.05785,-0.00043,3.30393,19.19511,25.00000,25.00000,164.77162,0.34332,0.12144,0.27533,0.38125,0.89250,0.10000,0.00000,none
14.04583,49.98699,40.22964,2.55529,-0.05818,-0.00042,3.38363,19.05937,25.00000,25.00000,164.77036,0.34437,0.12152,0.28197,0.38000,0.89125,0.10000,0.00000,none
14.05000,49.98709,40.23086,2.55452,-0.05853,-0.00042,3.46276,18.92320,25.00000,25.00000,164.76914,0.34541,0.12160,0.28856,0.37875,0.89000,0.10000,0.00000,none
14.05417,49.98719,40.23203,2.55376,-0.05887,-0.00041,3.54132,18.78664,25.00000,25.00000,164.76797,0.34646,0.12168,0.29511,0.37750,0.88875,0.10000,0.00000,none
14.05833,49.98729,40.23316,2.55301,-0.05923,-0.00041,3.61931,18.64969,25.00000,25.00000,164.76684,0.34750,0.12176,0.30161,0.37625,0.88750,0.10000,0.00000,none
14.06250,49.98738,40.23424,2.55227,-0.05959,-0.00040,3.69673,18.51237,25.00000,25.00000,164.76576,0.34854,0.12185,0.30806,0.37500,0.88625,0.10000,0.00000,none
14.06667,49.98748,40.23528,2.55153,-0.05995,-0.00040,3.77358,18.37469,25.00000,25.00000,164.76472,0.34958,0.12193,0.31447,0.37375,0.88500,0.10000,0.00000,none
14.07083,49.98757,40.23627,2.55080,-0.06032,-0.00039,3.84985,18.23669,25.00000,25.00000,164.76373,0.35062,0.12201,0.32082,0.37250,0.88375,0.10000,0.00000,none
14.07500,49.98767,40.23722,2.55008,-0.06070,-0.00039,3.92555,18.09836,25.00000,25.00000,164.76278,0.35167,0.12210,0.32713,0.37125,0.88250,0.10000,0.00000,none
14.07917,49.98776,40.23812,2.54937,-0.06108,-0.00038,4.00067,17.95974,25.00000,25.00000,164.76188,0.35271,0.12218,0.33339,0.37000,0.88125,0.10000,0.00000,none
14.08333,49.98785,40.23898,2.54867,-0.06147,-0.00038,4.07522,17.82083,25.00000,25.00000,164.76102,0.35375,0.12226,0.33960,0.36875,0.88000,0.10000,0.00000,none
14.08750,49.98794,40.23979,2.54797,-0.06186,-0.00037,4.14918,17.68165,25.00000,25.00000,164.76021,0.35479,0.12235,0.34577,0.36750,0.87875,0.10000,0.00000,none
14.09167,49.98803,40.24055,2.54728,-0.06225,-0.00037,4.22256,17.54222,25.00000,25.00000,164.75945,0.35583,0.12243,0.35188,0.36625,0.87750,0.10000,0.00000,none
14.09583,49.98811,40.24127,2.54660,-0.06266,-0.00036,4.29537,17.40256,25.00000,25.00000,164.75873,0.35686,0.12252,0.35795,0.36500,0.87625,0.10000,0.00000,none
14.10000,49.98820,40.24194,2.54593,-0.06307,-0.00036,4.36758,17.26267,25.00000,25.00000,164.75806,0.35790,0.12260,0.36397,0.36375,0.87500,0.10000,0.00000,none
14.10417,49.98828,40.24257,2.54526,-0.06348,-0.00035,4.43922,17.12258,25.00000,25.00000,164.75743,0.35894,0.12269,0.36994,0.36250,0.87375,0.10000,0.00000,none
14.10833,49.98837,40.24315,2.54461,-0.06390,-0.00034,4.51027,16.98230,25.00000,25.00000,164.75685,0.35997,0.12278,0.37586,0.36125,0.87250,0.10000,0.00000,none
14.11250,49.98845,40.24368,2.54396,-0.06432,-0.00034,4.58074,16.84185,25.00000,25.00000,164.75632,0.36101,0.12286,0.38173,0.36000,0.87125,0.10000,0.00000,none
14.11667,49.98853,40.24417,2.54332,-0.06475,-0.00033,4.65062,16.70123,25.00000,25.00000,164.75583,0.36205,0.12295,0.38755,0.35875,0.87000,0.10000,0.00000,none
14.12083,49.98861,40.24461,2.54268,-0.06518,-0.00033,4.71992,16.56047,25.00000,25.00000,164.75539,0.36308,0.12303,0.39333,0.35750,0.86875,0.10000,0.00000,none
14.12500,49.98869,40.24501,2.54206,-0.06562,-0.00032,4.78863,16.41958,25.00000,25.00000,164.75499,0.36411,0.12312,0.39905,0.35625,0.86750,0.10000,0.00000,none
14.12917,49.98876,40.24536,2.54144,-0.06607,-0.00031,4.85675,16.27858,25.00000,25.00000,164.75464,0.36515,0.12321,0.40473,0.35500,0.86625,0.10000,0.00000,none
14.13333,49.98884,40.24566,2.54083,-0.06652,-0.00031,4.92428,16.13747,25.00000,25.00000,164.75434,0.36618,0.12330,0.41036,0.35375,0.86500,0.10000,0.00000,none
14.13750,49.98891,40.24592,2.54023,-0.06698,-0.00030,4.99123,15.99627,25.00000,25.00000,164.75408,0.36721,0.12338,0.41594,0.35250,0.86375,0.10000,0.00000,none
14.14167,49.98898,40.24613,2.53964,-0.06744,-0.00029,5.05758,15.85500,25.00000,25.00000,164.75387,0.36824,0.12347,0.42147,0.35125,0.86250,0.10000,0.00000,none
14.14583,49.98905,40.24629,2.53906,-0.06790,-0.00029,5.12335,15.71367,25.00000,25.00000,164.75371,0.36927,0.12356,0.42695,0.35000,0.86125,0.10000,0.00000,none
14.15000,49.98912,40.24641,2.53848,-0.06837,-0.00028,5.18853,15.57229,25.00000,25.00000,164.75359,0.37029,0.12365,0.43238,0.34875,0.86000,0.10000,0.00000,none
14.15417,49.98918,40.24648,2.53792,-0.06885,-0.00027,5.25312,15.43087,25.00000,25.00000,164.75352,0.37132,0.12374,0.43776,0.34750,0.85875,0.10000,0.00000,none
14.15833,49.98925,40.24651,2.53736,-0.06933,-0.00027,5.31712,15.28944,25.00000,25.00000,164.75349,0.37235,0.12383,0.44309,0.34625,0.85750,0.10000,0.00000,none
14.16250,49.98931,40.24648,2.53681,-0.06982,-0.00026,5.38053,15.14799,25.00000,25.00000,164.75352,0.37337,0.12392,0.44838,0.34500,0.85625,0.10000,0.00000,none
14.16667,49.98937,40.24642,2.53626,-0.07031,-0.00025,5.44335,15.00655,25.00000,25.00000,164.75358,0.37440,0.12401,0.45361,0.34375,0.85500,0.10000,0.00000,none
14.17083,49.98943,40.24630,2.53573,-0.07080,-0.00025,5.50559,14.86512,25.00000,25.00000,164.75370,0.37542,0.12410,0.45880,0.34250,0.85375,0.10000,0.00000,none
14.17500,49.98949,40.24614,2.53521,-0.07130,-0.00024,5.56723,14.72373,25.00000,25.00000,164.75386,0.37644,0.12419,0.46394,0.34125,0.85250,0.10000,0.00000,none
14.17917,49.98955,40.24593,2.53469,-0.07181,-0.00023,5.62828,14.58237,25.00000,25.00000,164.75407,0.37746,0.12428,0.46902,0.34000,0.85125,0.10000,0.00000,none
14.18333,49.98960,40.24567,2.53418,-0.07232,-0.00023,5.68875,14.44107,25.00000,25.00000,164.75433,0.37848,0.12437,0.47406,0.33875,0.85000,0.10000,0.00000,none
14.18750,49.98965,40.24537,2.53368,-0.07284,-0.00022,5.74863,14.29983,25.00000,25.00000,164.75463,0.37950,0.12446,0.47905,0.33750,0.84875,0.10000,0.00000,none
14.19167,49.98970,40.24502,2.53319,-0.07336,-0.00021,5.80792,14.15867,25.00000,25.00000,164.75498,0.38052,0.12455,0.48399,0.33625,0.84750,0.10000,0.00000,none
14.19583,49.98975,40.24463,2.53271,-0.07388,-0.00020,5.86662,14.01759,25.00000,25.00000,164.75537,0.38153,0.12464,0.48888,0.33500,0.84625,0.10000,0.00000,none
14.20000,49.98980,40.24418,2.53223,-0.07442,-0.00020,5.92473,13.87661,25.00000,25.00000,164.75582,0.38255,0.12473,0.49373,0.33375,0.84500,0.10000,0.00000,none
14.20417,49.98985,40.24369,2.53177,-0.07495,-0.00019,5.98225,13.73574,25.00000,25.00000,164.75631,0.38356,0.12482,0.49852,0.33250,0.84375,0.10000,0.00000,none
14.20833,49.98989,40.24316,2.53131,-0.07549,-0.00018,6.03919,13.59499,25.00000,25.00000,164.75684,0.38457,0.12491,0.50327,0.33125,0.84250,0.10000,0.00000,none
14.21250,49.98993,40.24264,2.53086,-0.07603,-0.00017,6.09555,13.45424,25.00000,25.00000,164.75736,0.38512,0.12500,0.50796,0.33000,0.84250,0.10000,0.00000,none
14.21667,49.98997,40.24213,2.53040,-0.07655,-0.00017,6.15131,13.31349,25.00000,25.00000,164.75787,0.38566,0.12509,0.51261,0.32875,0.84250,0.10000,0.00000,none
14.22083,49.99001,40.24165,2.52996,-0.07707,-0.00016,6.20649,13.17276,25.00000,25.00000,164.75835,0.38621,0.12518,0.51721,0.32750,0.84250,0.10000,0.00000,none
14.22500,49.99005,40.24118,2.52951,-0.07758,-0.00016,6.26109,13.03204,25.00000,25.00000,164.75882,0.38676,0.12527,0.52176,0.32625,0.84250,0.10000,0.00000,none
14.22917,49.99009,40.24072,2.52907,-0.07809,-0.00015,6.31509,12.89136,25.00000,25.00000,164.75928,0.38731,0.12536,0.52626,0.32500,0.84250,0.10000,0.00000,none
14.23333,49.99012,40.24028,2.52863,-0.07859,-0.00015,6.36851,12.75072,25.00000,25.00000,164.75972,0.38786,0.12545,0.53071,0.32375,0.84250,0.10000,0.00000,none
14.23750,49.99016,40.23985,2.52819,-0.07908,-0.00014,6.42135,12.61012,25.00000,25.00000,164.76015,0.38841,0.12555,0.53511,0.32250,0.84250,0.10000,0.00000,none
14.24167,49.99019,40.23944,2.52776,-0.07957,-0.00014,6.47360,12.46958,25.00000,25.00000,164.76056,0.38896,0.12564,0.53947,0.32125,0.84250,0.10000,0.00000,none
14.24583,49.99022,40.23904,2.52732,-0.08004,-0.00013,6.52526,12.32910,25.00000,25.00000,164.76096,0.38951,0.12573,0.54377,0.32000,0.84250,0.10000,0.00000,none
14.25000,49.99025,40.23865,2.52690,-0.08052,-0.00013,6.57634,12.18869,25.00000,25.00000,164.76135,0.39006,0.12582,0.54803,0.31875,0.84250,0.10000,0.00000,none
14.25417,49.99029,40.23828,2.52647,-0.08099,-0.00013,6.62683,12.04836,25.00000,25.00000,164.76172,0.39061,0.12591,0.55224,0.31750,0.84250,0.10000,0.00000,none
14.25833,49.99032,40.23792,2.52605,-0.08145,-0.00013,6.67674,11.90812,25.00000,25.00000,164.76208,0.39116,0.12600,0.55640,0.31625,0.84250,0.10000,0.00000,none
14.26250,49.99035,40.23757,2.52563,-0.08190,-0.00012,6.72607,11.76797,25.00000,25.00000,164.76243,0.39171,0.12610,0.56051,0.31500,0.84250,0.10000,0.00000,none
14.26667,49.99037,40.23723,2.52521,-0.08235,-0.00012,6.77481,11.62793,25.00000,25.00000,164.76277,0.39227,0.12619,0.56457,0.31375,0.84250,0.10000,0.00000,none
14.27083,49.99040,40.23691,2.52479,-0.08280,-0.00012,6.82297,11.48799,25.00000,25.00000,164.76309,0.39282,0.12628,0.56858,0.31250,0.84250,0.10000,0.00000,none
14.27500,49.99043,40.23659,2.52438,-0.08324,-0.00012,6.87054,11.34816,25.00000,25.00000,164.76341,0.39337,0.12638,0.57255,0.31125,0.84250,0.10000,0.00000,none
14.27917,49.99046,40.23628,2.52397,-0.08367,-0.00011,6.91754,11.20846,25.00000,25.00000,164.76372,0.39392,0.12647,0.57646,0.31000,0.84250,0.10000,0.00000,none
14.28333,49.99048,40.23599,2.52357,-0.08410,-0.00011,6.96395,11.06888,25.00000,25.00000,164.76401,0.39448,0.12656,0.58033,0.30875,0.84250,0.10000,0.00000,none
14.28750,49.99051,40.23570,2.52316,-0.08452,-0.00011,7.00978,10.92944,25.00000,25.00000,164.76430,0.39503,0.12666,0.58415,0.30750,0.84250,0.10000,0.00000,none
14.29167,49.99054,40.23543,2.52276,-0.08494,-0.00011,7.05503,10.79015,25.00000,25.00000,164.76457,0.39558,0.12675,0.58792,0.30625,0.84250,0.10000,0.00000,none
14.29583,49.99056,40.23516,2.52237,-0.08536,-0.00010,7.09970,10.65099,25.00000,25.00000,164.76484,0.39614,0.12684,0.59164,0.30500,0.84250,0.10000,0.00000,none
14.30000,49.99059,40.23490,2.52197,-0.08577,-0.00010,7.14378,10.51200,25.00000,25.00000,164.76510,0.39669,0.12694,0.59532,0.30375,0.84250,0.10000,0.00000,none
14.30417,49.99061,40.23465,2.52158,-0.08617,-0.00010,7.18730,10.37316,25.00000,25.00000,164.76535,0.39724,0.12703,0.59894,0.30250,0.84250,0.10000,0.00000,none
14.30833,49.99063,40.23440,2.52119,-0.08657,-0.00010,7.23023,10.23449,25.00000,25.00000,164.76560,0.39780,0.12713,0.60252,0.30125,0.84250,0.10000,0.00000,none
14.31250,49.99066,40.23419,2.52080,-0.08696,-0.00010,7.27258,10.09553,25.00000,25.00000,164.76581,0.39779,0.12712,0.60605,0.30125,0.84250,0.10125,0.00000,none
14.31667,49.99068,40.23402,2.52041,-0.08734,-0.00010,7.31436,9.95629,25.00000,25.00000,164.76598,0.39779,0.12712,0.60953,0.30125,0.84250,0.10250,0.00000,none
14.32083,49.99070,40.23387,2.52002,-0.08772,-0.00009,7.35555,9.81678,25.00000,25.00000,164.76613,0.39778,0.12712,0.61296,0.30125,0.84250,0.10375,0.00000,none
14.32500,49.99073,40.23376,2.51964,-0.08808,-0.00009,7.39616,9.67701,25.00000,25.00000,164.76624,0.39778,0.12712,0.61635,0.30125,0.84250,0.10500,0.00000,none
14.32917,49.99075,40.23367,2.51925,-0.08844,-0.00009,7.43619,9.53698,25.00000,25.00000,164.76633,0.39778,0.12712,0.61968,0.30125,0.84250,0.10625,0.00000,none
14.33333,49.99077,40.23362,2.51886,-0.08878,-0.00009,7.47564,9.39669,25.00000,25.00000,164.76638,0.39778,0.12712,0.62297,0.30125,0.84250,0.10750,0.00000,none
14.33750,49.99079,40.23359,2.51847,-0.08912,-0.00009,7.51450,9.25617,25.00000,25.00000,164.76641,0.39778,0.12712,0.62621,0.30125,0.84250,0.10875,0.00000,none
14.34167,49.99081,40.23360,2.51809,-0.08945,-0.00009,7.55277,9.11540,25.00000,25.00000,164.76640,0.39778,0.12712,0.62940,0.30125,0.84250,0.11000,0.00000,none
14.34583,49.99084,40.23363,2.51770,-0.08977,-0.00009,7.59046,8.97440,25.00000,25.00000,164.76637,0.39778,0.12712,0.63254,0.30125,0.84250,0.11125,0.00000,none
14.35000,49.99086,40.23369,2.51732,-0.09009,-0.00009,7.62756,8.83318,25.00000,25.00000,164.76631,0.39778,0.12712,0.63563,0.30125,0.84250,0.11250,0.00000,none
14.35417,49.99088,40.23378,2.51693,-0.09040,-0.00009,7.66407,8.69173,25.00000,25.00000,164.76622,0.39778,0.12712,0.63867,0.30125,0.84250,0.11375,0.00000,none
14.35833,49.99090,40.23389,2.51655,-0.09070,-0.00009,7.69999,8.55008,25.00000,25.00000,164.76611,0.39778,0.12712,0.64167,0.30125,0.84250,0.11500,0.00000,none
14.36250,49.99092,40.23403,2.51616,-0.09099,-0.00009,7.73532,8.40821,25.00000,25.00000,164.76597,0.39779,0.12712,0.64461,0.30125,0.84250,0.11625,0.00000,none
14.36667,49.99094,40.23420,2.51578,-0.09128,-0.00009,7.77006,8.26614,25.00000,25.00000,164.76580,0.39779,0.12712,0.64750,0.30125,0.84250,0.11750,0.00000,none
14.37083,49.99097,40.23438,2.51539,-0.09156,-0.00009,7.80420,8.12388,25.00000,25.00000,164.76562,0.39780,0.12713,0.65035,0.30125,0.84250,0.11875,0.00000,none
14.37500,49.99099,40.23459,2.51501,-0.09183,-0.00009,7.83775,7.98143,25.00000,25.00000,164.76541,0.39780,0.12713,0.65315,0.30125,0.84250,0.12000,0.00000,none
14.37917,49.99101,40.23483,2.51463,-0.09210,-0.00009,7.87071,7.83879,25.00000,25.00000,164.76517,0.39781,0.12713,0.65589,0.30125,0.84250,0.12125,0.00000,none
14.38333,49.99103,40.23508,2.51424,-0.09236,-0.00009,7.90308,7.69597,25.00000,25.00000,164.76492,0.39782,0.12713,0.65859,0.30125,0.84250,0.12250,0.00000,none
14.38750,49.99106,40.23536,2.51386,-0.09261,-0.00009,7.93484,7.55298,25.00000,25.00000,164.76464,0.39783,0.12713,0.66124,0.30125,0.84250,0.12375,0.00000,none
14.39167,49.99108,40.23566,2.51348,-0.09286,-0.00009,7.96602,7.40981,25.00000,25.00000,164.76434,0.39784,0.12713,0.66383,0.30125,0.84250,0.12500,0.00000,none
14.39583,49.99110,40.23598,2.51310,-0.09310,-0.00009,7.99659,7.26649,25.00000,25.00000,164.76402,0.39785,0.12714,0.66638,0.30125,0.84250,0.12625,0.00000,none
14.40000,49.99112,40.23632,2.51272,-0.09334,-0.00009,8.02657,7.12300,25.00000,25.00000,164.76368,0.39785,0.12714,0.66888,0.30125,0.84250,0.12750,0.00000,none
14.40417,49.99115,40.23668,2.51234,-0.09357,-0.00009,8.05595,6.97936,25.00000,25.00000,164.76332,0.39787,0.12714,0.67133,0.30125,0.84250,0.12875,0.00000,none
14.40833,49.99117,40.23706,2.51195,-0.09379,-0.00010,8.08473,6.83557,25.00000,25.00000,164.76294,0.39788,0.12714,0.67373,0.30125,0.84250,0.13000,0.00000,none
14.41250,49.99119,40.23746,2.51158,-0.09401,-0.00010,8.11291,6.69164,25.00000,25.00000,164.76254,0.39789,0.12715,0.67608,0.30125,0.84250,0.13125,0.00000,none
14.41667,49.99121,40.23788,2.51120,-0.09423,-0.00010,8.14049,6.54757,25.00000,25.00000,164.76212,0.39790,0.12715,0.67837,0.30125,0.84250,0.13250,0.00000,none
14.42083,49.99124,40.23831,2.51082,-0.09444,-0.00010,8.16748,6.40336,25.00000,25.00000,164.76169,0.39791,0.12715,0.68062,0.30125,0.84250,0.13375,0.00000,none
14.42500,49.99126,40.23876,2.51044,-0.09464,-0.00010,8.19386,6.25902,25.00000,25.00000,164.76124,0.39793,0.12715,0.68282,0.30125,0.84250,0.13500,0.00000,none
14.42917,49.99128,40.23923,2.51006,-0.09484,-0.00010,8.21963,6.11456,25.00000,25.00000,164.76077,0.39794,0.12716,0.68497,0.30125,0.84250,0.13625,0.00000,none
14.43333,49.99131,40.23971,2.50968,-0.09504,-0.00010,8.24481,5.96998,25.00000,25.00000,164.76029,0.39795,0.12716,0.68707,0.30125,0.84250,0.13750,0.00000,none
14.43750,49.99133,40.24021,2.50931,-0.09523,-0.00010,8.26938,5.82527,25.00000,25.00000,164.75979,0.39797,0.12716,0.68912,0.30125,0.84250,0.13875,0.00000,none
14.44167,49.99135,40.24072,2.50893,-0.09541,-0.00010,8.29335,5.68046,25.00000,25.00000,164.75928,0.39798,0.12717,0.69111,0.30125,0.84250,0.14000,0.00000,none
14.44583,49.99138,40.24125,2.50856,-0.09560,-0.00010,8.31672,5.53554,25.00000,25.00000,164.75875,0.39800,0.12717,0.69306,0.30125,0.84250,0.14125,0.00000,none
14.45000,49.99140,40.24179,2.50818,-0.09577,-0.00010,8.33948,5.39051,25.00000,25.00000,164.75821,0.39801,0.12717,0.69496,0.30125,0.84250,0.14250,0.00000,none
14.45417,49.99142,40.24235,2.50781,-0.09595,-0.00010,8.36164,5.24538,25.00000,25.00000,164.75765,0.39803,0.12718,0.69680,0.30125,0.84250,0.14375,0.00000,none
14.45833,49.99144,40.24292,2.50743,-0.09612,-0.00010,8.38319,5.10015,25.00000,25.00000,164.75708,0.39805,0.12718,0.69860,0.30125,0.84250,0.14500,0.00000,none
14.46250,49.99147,40.24350,2.50706,-0.09628,-0.00010,8.40414,4.95483,25.00000,25.00000,164.75650,0.39806,0.12718,0.70035,0.30125,0.84250,0.14625,0.00000,none
14.46667,49.99149,40.24410,2.50668,-0.09644,-0.00010,8.42448,4.80943,25.00000,25.00000,164.75590,0.39808,0.12719,0.70204,0.30125,0.84250,0.14750,0.00000,none
14.47083,49.99151,40.24471,2.50631,-0.09660,-0.00010,8.44422,4.66393,25.00000,25.00000,164.75529,0.39810,0.12719,0.70368,0.30125,0.84250,0.14875,0.00000,none
14.47500,49.99154,40.24533,2.50594,-0.09675,-0.00010,8.46335,4.51836,25.00000,25.00000,164.75467,0.39812,0.12719,0.70528,0.30125,0.84250,0.15000,0.00000,none
14.47917,49.99156,40.24596,2.50557,-0.09690,-0.00010,8.48187,4.37271,25.00000,25.00000,164.75404,0.39813,0.12720,0.70682,0.30125,0.84250,0.15125,0.00000,none
14.48333,49.99158,40.24661,2.50520,-0.09705,-0.00010,8.49979,4.22698,25.00000,25.00000,164.75339,0.39815,0.12720,0.70832,0.30125,0.84250,0.15250,0.00000,none
14.48750,49.99161,40.24726,2.50483,-0.09719,-0.00010,8.51710,4.08118,25.00000,25.00000,164.75274,0.39817,0.12721,0.70976,0.30125,0.84250,0.15375,0.00000,none
14.49167,49.99163,40.24793,2.50446,-0.09733,-0.00010,8.53380,3.93532,25.00000,25.00000,164.75207,0.39819,0.12721,0.71115,0.30125,0.84250,0.15500,0.00000,none
14.49583,49.99165,40.24861,2.50409,-0.09747,-0.00010,8.54989,3.78939,25.00000,25.00000,164.75139,0.39821,0.12721,0.71249,0.30125,0.84250,0.15625,0.00000,none
14.50000,49.99168,40.24929,2.50372,-0.09761,-0.00010,8.56538,3.64340,25.00000,25.00000,164.75071,0.39823,0.12722,0.71378,0.30125,0.84250,0.15750,0.00000,none
14.50417,49.99170,40.24999,2.50335,-0.09774,-0.00010,8.58025,3.49736,25.00000,25.00000,164.75001,0.39825,0.12722,0.71502,0.30125,0.84250,0.15875,0.00000,none
14.50833,49.99172,40.25070,2.50298,-0.09786,-0.00010,8.59452,3.35126,25.00000,25.00000,164.74930,0.39827,0.12723,0.71621,0.30125,0.84250,0.16000,0.00000,none
14.51250,49.99174,40.25141,2.50261,-0.09799,-0.00010,8.60818,3.20511,25.00000,25.00000,164.74859,0.39829,0.12723,0.71735,0.30125,0.84250,0.16125,0.00000,none
14.51667,49.99177,40.25214,2.50225,-0.09811,-0.00010,8.62123,3.05891,25.00000,25.00000,164.74786,0.39831,0.12724,0.71844,0.30125,0.84250,0.16250,0.00000,none
14.52083,49.99179,40.25287,2.50188,-0.09823,-0.00010,8.63367,2.91267,25.00000,25.00000,164.74713,0.39833,0.12724,0.71947,0.30125,0.84250,0.16375,0.00000,none
14.52500,49.99181,40.25361,2.50152,-0.09835,-0.00010,8.64550,2.76639,25.00000,25.00000,164.74639,0.39836,0.12725,0.72046,0.30125,0.84250,0.16500,0.00000,none
14.52917,49.99184,40.25436,2.50115,-0.09846,-0.00010,8.65672,2.62006,25.00000,25.00000,164.74564,0.39838,0.12725,0.72139,0.30125,0.84250,0.16625,0.00000,none
14.53333,49.99186,40.25512,2.50079,-0.09857,-0.00010,8.66733,2.47371,25.00000,25.00000,164.74488,0.39840,0.12726,0.72228,0.30125,0.84250,0.16750,0.00000,none
14.53750,49.99188,40.25588,2.50042,-0.09868,-0.00010,8.67734,2.32732,25.00000,25.00000,164.74412,0.39842,0.12726,0.72311,0.30125,0.84250,0.16875,0.00000,none
14.54167,49.99191,40.25665,2.50006,-0.09879,-0.00010,8.68673,2.18090,25.00000,25.00000,164.74335,0.39844,0.12727,0.72389,0.30125,0.84250,0.17000,0.00000,none
14.54583,49.99193,40.25743,2.49970,-0.09889,-0.00010,8.69551,2.03446,25.00000,25.00000,164.74257,0.39847,0.12727,0.72463,0.30125,0.84250,0.17125,0.00000,none
14.55000,49.99195,40.25822,2.49933,-0.09899,-0.00010,8.70368,1.88799,25.00000,25.00000,164.74178,0.39849,0.12728,0.72531,0.30125,0.84250,0.17250,0.00000,none
14.55417,49.99197,40.25901,2.49897,-0.09909,-0.00010,8.71124,1.74150,25.00000,25.00000,164.74099,0.39851,0.12728,0.72594,0.30125,0.84250,0.17375,0.00000,none
14.55833,49.99200,40.25981,2.49861,-0.09919,-0.00010,8.71819,1.59499,25.00000,25.00000,164.74019,0.39854,0.12729,0.72652,0.30125,0.84250,0.17500,0.00000,none
14.56250,49.99202,40.26062,2.49825,-0.09928,-0.00010,8.72453,1.44847,25.00000,25.00000,164.73938,0.39856,0.12729,0.72704,0.30125,0.84250,0.17625,0.00000,none
14.56667,49.99204,40.26143,2.49789,-0.09937,-0.00010,8.73026,1.30194,25.00000,25.00000,164.73857,0.39858,0.12730,0.72752,0.30125,0.84250,0.17750,0.00000,none
14.57083,49.99207,40.26225,2.49753,-0.09947,-0.00010,8.73538,1.15540,25.00000,25.00000,164.73775,0.39861,0.12730,0.72795,0.30125,0.84250,0.17875,0.00000,none
14.57500,49.99209,40.26307,2.49717,-0.09955,-0.00010,8.73989,1.00885,25.00000,25.00000,164.73693,0.39863,0.12731,0.72832,0.30125,0.84250,0.18000,0.00000,none
14.57917,49.99211,40.26390,2.49681,-0.09964,-0.00010,8.74379,0.86229,25.00000,25.00000,164.73610,0.39865,0.12731,0.72865,0.30125,0.84250,0.18125,0.00000,none
14.58333,49.99214,40.26474,2.49645,-0.09973,-0.00010,8.74708,0.71573,25.00000,25.00000,164.73526,0.39868,0.12732,0.72892,0.30125,0.84250,0.18250,0.00000,none
14.58750,49.99216,40.26558,2.49610,-0.09981,-0.00010,8.74975,0.56918,25.00000,25.00000,164.73442,0.39870,0.12732,0.72915,0.30125,0.84250,0.18375,0.00000,none
14.59167,49.99218,40.26642,2.49574,-0.09989,-0.00010,8.75182,0.42263,25.00000,25.00000,164.73358,0.39873,0.12733,0.72932,0.30125,0.84250,0.18500,0.00000,none
14.59583,49.99220,40.26727,2.49538,-0.09997,-0.00010,8.75328,0.27608,25.00000,25.00000,164.73273,0.39875,0.12733,0.72944,0.30125,0.84250,0.18625,0.00000,none
14.60000,49.99223,40.26813,2.49503,-0.10005,-0.00010,8.75412,0.12955,25.00000,25.00000,164.73187,0.39878,0.12734,0.72951,0.30125,0.84250,0.18750,0.00000,none
14.60417,49.99225,40.26899,2.49467,-0.10012,-0.00010,8.75435,-0.01698,25.00000,25.00000,164.73101,0.39880,0.12734,0.72953,0.30125,0.84250,0.18875,0.00000,none
14.60833,49.99227,40.26985,2.49432,-0.10020,-0.00010,8.75398,-0.16349,25.00000,25.00000,164.73015,0.39883,0.12735,0.72950,0.30125,0.84250,0.19000,0.00000,none
14.61250,49.99230,40.27072,2.49397,-0.10027,-0.00010,8.75299,-0.30998,25.00000,25.00000,164.72928,0.39885,0.12735,0.72942,0.30125,0.84250,0.19125,0.00000,none
14.61667,49.99232,40.27159,2.49361,-0.10034,-0.00010,8.75140,-0.45646,25.00000,25.00000,164.72841,0.39888,0.12736,0.72928,0.30125,0.84250,0.19250,0.00000,none
14.62083,49.99234,40.27246,2.49326,-0.10041,-0.00010,8.74919,-0.60291,25.00000,25.00000,164.72754,0.39890,0.12736,0.72910,0.30125,0.84250,0.19375,0.00000,none
14.62500,49.99237,40.27334,2.49291,-0.10048,-0.00010,8.74637,-0.74934,25.00000,25.00000,164.72666,0.39893,0.12737,0.72886,0.30125,0.84250,0.19500,0.00000,none
14.62917,49.99239,40.27423,2.49256,-0.10055,-0.00010,8.74294,-0.89575,25.00000,25.00000,164.72577,0.39895,0.12738,0.72858,0.30125,0.84250,0.19625,0.00000,none
14.63333,49.99242,40.27511,2.49221,-0.10061,-0.00010,8.73891,-1.04212,25.00000,25.00000,164.72489,0.39898,0.12738,0.72824,0.30125,0.84250,0.19750,0.00000,none
14.63750,49.99244,40.27600,2.49186,-0.10068,-0.00010,8.73426,-1.18846,25.00000,25.00000,164.72400,0.39900,0.12739,0.72785,0.30125,0.84250,0.19875,0.00000,none
14.64167,49.99246,40.27690,2.49151,-0.10074,-0.00010,8.72900,-1.33477,25.00000,25.00000,164.72310,0.39903,0.12739,0.72742,0.30125,0.84250,0.20000,0.00000,none
14.64583,49.99249,40.27779,2.49116,-0.10080,-0.00010,8.72314,-1.48104,25.00000,25.00000,164.72221,0.39906,0.12740,0.72693,0.30125,0.84250,0.20125,0.00000,none
14.65000,49.99251,40.27869,2.49081,-0.10086,-0.00010,8.71666,-1.62727,25.00000,25.00000,164.72131,0.39908,0.12740,0.72639,0.30125,0.84250,0.20250,0.00000,none
14.65417,49.99254,40.27959,2.49046,-0.10092,-0.00010,8.70957,-1.77346,25.00000,25.00000,164.72041,0.39911,0.12741,0.72580,0.30125,0.84250,0.20375,0.00000,none
14.65833,49.99256,40.28050,2.49011,-0.10098,-0.00010,8.70188,-1.91961,25.00000,25.00000,164.71950,0.39913,0.12741,0.72516,0.30125,0.84250,0.20500,0.00000,none
14.66250,49.99259,40.28141,2.48977,-0.10104,-0.00010,8.69358,-2.06571,25.00000,25.00000,164.71859,0.39916,0.12742,0.72446,0.30125,0.84250,0.20625,0.00000,none
14.66667,49.99261,40.28232,2.48942,-0.10109,-0.00011,8.68467,-2.21176,25.00000,25.00000,164.71768,0.39919,0.12743,0.72372,0.30125,0.84250,0.20750,0.00000,none
14.67083,49.99264,40.28323,2.48907,-0.10115,-0.00011,8.67515,-2.35776,25.00000,25.00000,164.71677,0.39921,0.12743,0.72293,0.30125,0.84250,0.20875,0.00000,none
14.67500,49.99266,40.28415,2.48873,-0.10120,-0.00011,8.66502,-2.50370,25.00000,25.00000,164.71585,0.39924,0.12744,0.72208,0.30125,0.84250,0.21000,0.00000,none
14.67917,49.99269,40.28506,2.48838,-0.10125,-0.00011,8.65428,-2.64959,25.00000,25.00000,164.71494,0.39927,0.12744,0.72119,0.30125,0.84250,0.21125,0.00000,none
14.68333,49.99271,40.28598,2.48804,-0.10130,-0.00011,8.64294,-2.79541,25.00000,25.00000,164.71402,0.39929,0.12745,0.72024,0.30125,0.84250,0.21250,0.00000,none
14.68750,49.99274,40.28691,2.48770,-0.10135,-0.00011,8.63099,-2.94118,25.00000,25.00000,164.71309,0.39932,0.12746,0.71925,0.30125,0.84250,0.21375,0.00000,none
14.69167,49.99277,40.28783,2.48735,-0.10140,-0.00011,8.61843,-3.08687,25.00000,25.00000,164.71217,0.39935,0.12746,0.71820,0.30125,0.84250,0.21500,0.00000,none
14.69583,49.99279,40.28876,2.48701,-0.10145,-0.00011,8.60526,-3.23250,25.00000,25.00000,164.71124,0.39937,0.12747,0.71711,0.30125,0.84250,0.21625,0.00000,none
14.70000,49.99282,40.28969,2.48667,-0.10150,-0.00011,8.59149,-3.37807,25.00000,25.00000,164.71031,0.39940,0.12747,0.71596,0.30125,0.84250,0.21750,0.00000,none
14.70417,49.99285,40.29062,2.48633,-0.10155,-0.00011,8.57711,-3.52355,25.00000,25.00000,164.70938,0.39943,0.12748,0.71476,0.30125,0.84250,0.21875,0.00000,none
14.70833,49.99288,40.29155,2.48599,-0.10159,-0.00012,8.56213,-3.66896,25.00000,25.00000,164.70845,0.39945,0.12748,0.71351,0.30125,0.84250,0.22000,0.00000,none
14.71250,49.99290,40.29248,2.48565,-0.10164,-0.00012,8.54654,-3.81430,25.00000,25.00000,164.70752,0.39948,0.12749,0.71221,0.30125,0.84250,0.22125,0.00000,none
14.71667,49.99293,40.29342,2.48531,-0.10168,-0.00012,8.53034,-3.95955,25.00000,25.00000,164.70658,0.39951,0.12750,0.71086,0.30125,0.84250,0.22250,0.00000,none
14.72083,49.99296,40.29436,2.48497,-0.10172,-0.00012,8.51354,-4.10472,25.00000,25.00000,164.70564,0.39954,0.12750,0.70946,0.30125,0.84250,0.22375,0.00000,none
14.72500,49.99299,40.29529,2.48463,-0.10177,-0.00012,8.49613,-4.24980,25.00000,25.00000,164.70471,0.39956,0.12751,0.70801,0.30125,0.84250,0.22500,0.00000,none
14.72917,49.99302,40.29623,2.48429,-0.10181,-0.00012,8.47812,-4.39479,25.00000,25.00000,164.70377,0.39959,0.12751,0.70651,0.30125,0.84250,0.22625,0.00000,none
14.73333,49.99305,40.29718,2.48395,-0.10185,-0.00012,8.45951,-4.53969,25.00000,25.00000,164.70282,0.39962,0.12752,0.70496,0.30125,0.84250,0.22750,0.00000,none
14.73750,49.99308,40.29812,2.48362,-0.10189,-0.00012,8.44029,-4.68449,25.00000,25.00000,164.70188,0.39964,0.12753,0.70336,0.30125,0.84250,0.22875,0.00000,none
14.74167,49.99311,40.29906,2.48328,-0.10193,-0.00013,8.42047,-4.82919,25.00000,25.00000,164.70094,0.39967,0.12753,0.70171,0.30125,0.84250,0.23000,0.00000,none
14.74583,49.99314,40.30001,2.48295,-0.10197,-0.00013,8.40005,-4.97379,25.00000,25.00000,164.69999,0.39970,0.12754,0.70000,0.30125,0.84250,0.23125,0.00000,none
14.75000,49.99317,40.30095,2.48261,-0.10201,-0.00013,8.37903,-5.11829,25.00000,25.00000,164.69905,0.39973,0.12754,0.69825,0.30125,0.84250,0.23250,0.00000,none
14.75417,49.99320,40.30190,2.48228,-0.10204,-0.00013,8.35740,-5.26268,25.00000,25.00000,164.69810,0.39975,0.12755,0.69645,0.30125,0.84250,0.23375,0.00000,none
14.75833,49.99323,40.30285,2.48194,-0.10208,-0.00013,8.33517,-5.40696,25.00000,25.00000,164.69715,0.39978,0.12756,0.69460,0.30125,0.84250,0.23500,0.00000,none
14.76250,49.99326,40.30380,2.48161,-0.10212,-0.00013,8.31234,-5.55112,25.00000,25.00000,164.69620,0.39981,0.12756,0.69269,0.30125,0.84250,0.23625,0.00000,none
14.76667,49.99329,40.30475,2.48128,-0.10215,-0.00014,8.28891,-5.69517,25.00000,25.00000,164.69525,0.39984,0.12757,0.69074,0.30125,0.84250,0.23750,0.00000,none
14.77083,49.99333,40.30570,2.48094,-0.10219,-0.00014,8.26488,-5.83910,25.00000,25.00000,164.69430,0.39986,0.12757,0.68874,0.30125,0.84250,0.23875,0.00000,none
14.77500,49.99336,40.30666,2.48061,-0.10222,-0.00014,8.24025,-5.98290,25.00000,25.00000,164.69334,0.39989,0.12758,0.68669,0.30125,0.84250,0.24000,0.00000,none
14.77917,49.99339,40.30761,2.48028,-0.10225,-0.00014,8.21502,-6.12658,25.00000,25.00000,164.69239,0.39992,0.12759,0.68459,0.30125,0.84250,0.24125,0.00000,none
14.78333,49.99343,40.30856,2.47995,-0.10229,-0.00014,8.18920,-6.27012,25.00000,25.00000,164.69144,0.39995,0.12759,0.68243,0.30125,0.84250,0.24250,0.00000,none
14.78750,49.99346,40.30952,2.47962,-0.10232,-0.00015,8.16277,-6.41353,25.00000,25.00000,164.69048,0.39998,0.12760,0.68023,0.30125,0.84250,0.24375,0.00000,none
14.79167,49.99350,40.31048,2.47929,-0.10235,-0.00015,8.13575,-6.55681,25.00000,25.00000,164.68952,0.40000,0.12760,0.67798,0.30125,0.84250,0.24500,0.00000,none
14.79583,49.99353,40.31143,2.47896,-0.10238,-0.00015,8.10813,-6.69994,25.00000,25.00000,164.68857,0.40003,0.12761,0.67568,0.30125,0.84250,0.24625,0.00000,none
14.80000,49.99357,40.31239,2.47863,-0.10241,-0.00015,8.07992,-6.84293,25.00000,25.00000,164.68761,0.40006,0.12762,0.67333,0.30125,0.84250,0.24750,0.00000,none
14.80417,49.99361,40.31335,2.47830,-0.10244,-0.00015,8.05111,-6.98577,25.00000,25.00000,164.68665,0.40009,0.12762,0.67093,0.30125,0.84250,0.24875,0.00000,none
14.80833,49.99364,40.31431,2.47798,-0.10247,-0.00016,8.02170,-7.12846,25.00000,25.00000,164.68569,0.40011,0.12763,0.66848,0.30125,0.84250,0.25000,0.00000,none
14.81250,49.99368,40.31527,2.47765,-0.10250,-0.00016,7.99170,-7.27099,25.00000,25.00000,164.68473,0.40014,0.12763,0.66598,0.30125,0.84250,0.25125,0.00000,none
14.81667,49.99372,40.31623,2.47732,-0.10253,-0.00016,7.96111,-7.41337,25.00000,25.00000,164.68377,0.40017,0.12764,0.66343,0.30125,0.84250,0.25250,0.00000,none
14.82083,49.99376,40.31719,2.47700,-0.10256,-0.00016,7.92992,-7.55558,25.00000,25.00000,164.68281,0.40020,0.12765,0.66083,0.30125,0.84250,0.25375,0.00000,none
14.82500,49.99380,40.31815,2.47667,-0.10259,-0.00017,7.89815,-7.69762,25.00000,25.00000,164.68185,0.40023,0.12765,0.65818,0.30125,0.84250,0.25500,0.00000,none
14.82917,49.99384,40.31911,2.47635,-0.10262,-0.00017,7.86578,-7.83949,25.00000,25.00000,164.68089,0.40025,0.12766,0.65548,0.30125,0.84250,0.25625,0.00000,none
14.83333,49.99388,40.32007,2.47602,-0.10264,-0.00017,7.83282,-7.98119,25.00000,25.00000,164.67993,0.40028,0.12766,0.65273,0.30125,0.84250,0.25750,0.00000,none
14.83750,49.99392,40.32104,2.47570,-0.10267,-0.00017,7.79927,-8.12271,25.00000,25.00000,164.67896,0.40031,0.12767,0.64994,0.30125,0.84250,0.25875,0.00000,none
14.84167,49.99396,40.32200,2.47538,-0.10270,-0.00018,7.76513,-8.26404,25.00000,25.00000,164.67800,0.40034,0.12768,0.64709,0.30125,0.84250,0.26000,0.00000,none
14.84583,49.99400,40.32296,2.47505,-0.10272,-0.00018,7.73040,-8.40519,25.00000,25.00000,164.67704,0.40036,0.12768,0.64420,0.30125,0.84250,0.26125,0.00000,none
14.85000,49.99405,40.32393,2.47473,-0.10275,-0.00018,7.69508,-8.54615,25.00000,25.00000,164.67607,0.40039,0.12769,0.64126,0.30125,0.84250,0.26250,0.00000,none
14.85417,49.99409,40.32489,2.47441,-0.10277,-0.00019,7.65918,-8.68691,25.00000,25.00000,164.67511,0.40042,0.12769,0.63827,0.30125,0.84250,0.26375,0.00000,none
14.85833,49.99414,40.32586,2.47409,-0.10280,-0.00019,7.62269,-8.82747,25.00000,25.00000,164.67414,0.40045,0.12770,0.63522,0.30125,0.84250,0.26500,0.00000,none
14.86250,49.99418,40.32682,2.47377,-0.10282,-0.00019,7.58562,-8.96782,25.00000,25.00000,164.67318,0.40048,0.12771,0.63214,0.30125,0.84250,0.26625,0.00000,none
14.86667,49.99423,40.32779,2.47345,-0.10285,-0.00019,7.54796,-9.10796,25.00000,25.00000,164.67221,0.40050,0.12771,0.62900,0.30125,0.84250,0.26750,0.00000,none
14.87083,49.99427,40.32876,2.47313,-0.10287,-0.00020,7.50972,-9.24789,25.00000,25.00000,164.67124,0.40053,0.12772,0.62581,0.30125,0.84250,0.26875,0.00000,none
14.87500,49.99432,40.32972,2.47281,-0.10289,-0.00020,7.47090,-9.38760,25.00000,25.00000,164.67028,0.40056,0.12772,0.62257,0.30125,0.84250,0.27000,0.00000,none
14.87917,49.99437,40.33069,2.47249,-0.10292,-0.00020,7.43149,-9.52709,25.00000,25.00000,164.66931,0.40059,0.12773,0.61929,0.30125,0.84250,0.27125,0.00000,none
14.88333,49.99442,40.33166,2.47217,-0.10294,-0.00021,7.39150,-9.66635,25.00000,25.00000,164.66834,0.40062,0.12774,0.61596,0.30125,0.84250,0.27250,0.00000,none
14.88750,49.99447,40.33263,2.47185,-0.10296,-0.00021,7.35094,-9.80537,25.00000,25.00000,164.66737,0.40064,0.12774,0.61258,0.30125,0.84250,0.27375,0.00000,none
14.89167,49.99452,40.33359,2.47154,-0.10298,-0.00021,7.30979,-9.94416,25.00000,25.00000,164.66641,0.40067,0.12775,0.60915,0.30125,0.84250,0.27500,0.00000,none
14.89583,49.99457,40.33456,2.47122,-0.10300,-0.00022,7.26807,-10.08270,25.00000,25.00000,164.66544,0.40070,0.12776,0.60567,0.30125,0.84250,0.27625,0.00000,none
14.90000,49.99462,40.33553,2.47090,-0.10302,-0.00022,7.22577,-10.22099,25.00000,25.00000,164.66447,0.40073,0.12776,0.60215,0.30125,0.84250,0.27750,0.00000,none
14.90417,49.99467,40.33650,2.47059,-0.10305,-0.00022,7.18289,-10.35903,25.00000,25.00000,164.66350,0.40076,0.12777,0.59857,0.30125,0.84250,0.27875,0.00000,none
14.90833,49.99473,40.33744,2.47027,-0.10307,-0.00023,7.13945,-10.49621,25.00000,25.00000,164.66256,0.40135,0.12787,0.59495,0.30000,0.84250,0.27833,0.00000,none
14.91250,49.99478,40.33836,2.46996,-0.10310,-0.00023,7.09543,-10.63252,25.00000,25.00000,164.66164,0.40194,0.12797,0.59129,0.29875,0.84250,0.27792,0.00000,none
14.91667,49.99484,40.33925,2.46966,-0.10314,-0.00023,7.05084,-10.76797,25.00000,25.00000,164.66075,0.40253,0.12808,0.58757,0.29750,0.84250,0.27750,0.00000,none
14.92083,49.99489,40.34012,2.46935,-0.10317,-0.00023,7.00570,-10.90254,25.00000,25.00000,164.65988,0.40312,0.12818,0.58381,0.29625,0.84250,0.27708,0.00000,none
14.92500,49.99495,40.34096,2.46905,-0.10322,-0.00024,6.95999,-11.03623,25.00000,25.00000,164.65904,0.40371,0.12828,0.58000,0.29500,0.84250,0.27667,0.00000,none
14.92917,49.99501,40.34178,2.46876,-0.10326,-0.00024,6.91373,-11.16905,25.00000,25.00000,164.65822,0.40430,0.12839,0.57614,0.29375,0.84250,0.27625,0.00000,none
14.93333,49.99506,40.34257,2.46846,-0.10332,-0.00024,6.86692,-11.30098,25.00000,25.00000,164.65743,0.40489,0.12849,0.57224,0.29250,0.84250,0.27583,0.00000,none
14.93750,49.99512,40.34334,2.46817,-0.10337,-0.00024,6.81956,-11.43202,25.00000,25.00000,164.65666,0.40548,0.12860,0.56830,0.29125,0.84250,0.27542,0.00000,none
14.94167,49.99518,40.34408,2.46788,-0.10343,-0.00025,6.77165,-11.56217,25.00000,25.00000,164.65592,0.40607,0.12870,0.56430,0.29000,0.84250,0.27500,0.00000,none
14.94583,49.99524,40.34481,2.46760,-0.10349,-0.00025,6.72321,-11.69142,25.00000,25.00000,164.65519,0.40666,0.12880,0.56027,0.28875,0.84250,0.27458,0.00000,none
14.95000,49.99530,40.34551,2.46731,-0.10356,-0.00025,6.67422,-11.81977,25.00000,25.00000,164.65449,0.40724,0.12891,0.55619,0.28750,0.84250,0.27417,0.00000,none
14.95417,49.99536,40.34618,2.46703,-0.10363,-0.00025,6.62471,-11.94722,25.00000,25.00000,164.65382,0.40783,0.12901,0.55206,0.28625,0.84250,0.27375,0.00000,none
14.95833,49.99542,40.34684,2.46676,-0.10370,-0.00025,6.57466,-12.07375,25.00000,25.00000,164.65316,0.40841,0.12911,0.54789,0.28500,0.84250,0.27333,0.00000,none
14.96250,49.99548,40.34747,2.46648,-0.10378,-0.00026,6.52410,-12.19937,25.00000,25.00000,164.65253,0.40900,0.12922,0.54367,0.28375,0.84250,0.27292,0.00000,none
14.96667,49.99554,40.34808,2.46621,-0.10386,-0.00026,6.47300,-12.32408,25.00000,25.00000,164.65192,0.40958,0.12932,0.53942,0.28250,0.84250,0.27250,0.00000,none
14.97083,49.99560,40.34868,2.46594,-0.10395,-0.00026,6.42140,-12.44785,25.00000,25.00000,164.65132,0.41017,0.12942,0.53512,0.28125,0.84250,0.27208,0.00000,none
14.97500,49.99566,40.34925,2.46568,-0.10403,-0.00026,6.36927,-12.57071,25.00000,25.00000,164.65075,0.41075,0.12953,0.53077,0.28000,0.84250,0.27167,0.00000,none
14.97917,49.99573,40.34980,2.46541,-0.10412,-0.00027,6.31664,-12.69262,25.00000,25.00000,164.65020,0.41133,0.12963,0.52639,0.27875,0.84250,0.27125,0.00000,none
14.98333,49.99579,40.35033,2.46515,-0.10422,-0.00027,6.26350,-12.81360,25.00000,25.00000,164.64967,0.41191,0.12974,0.52196,0.27750,0.84250,0.27083,0.00000,none
14.98750,49.99585,40.35084,2.46490,-0.10431,-0.00027,6.20986,-12.93364,25.00000,25.00000,164.64916,0.41250,0.12984,0.51749,0.27625,0.84250,0.27042,0.00000,none
14.99167,49.99592,40.35133,2.46464,-0.10441,-0.00027,6.15572,-13.05273,25.00000,25.00000,164.64867,0.41308,0.12994,0.51298,0.27500,0.84250,0.27000,0.00000,none
14.99583,49.99599,40.35180,2.46439,-0.10451,-0.00028,6.10109,-13.17087,25.00000,25.00000,164.64820,0.41366,0.13005,0.50842,0.27375,0.84250,0.26958,0.00000,none
15.00000,49.99605,40.35225,2.46414,-0.10462,-0.00028,6.04597,-13.28805,25.00000,25.00000,164.64775,0.41424,0.13015,0.50383,0.27250,0.84250,0.26917,0.00000,none
15.00417,49.99612,40.35269,2.46390,-0.10473,-0.00028,5.99036,-13.40426,25.00000,25.00000,164.64731,0.41482,0.13025,0.49920,0.27125,0.84250,0.26875,0.00000,none
15.00833,49.99619,40.35304,2.46366,-0.10485,-0.00029,5.93427,-13.51936,25.00000,25.00000,164.64696,0.41584,0.13036,0.49452,0.27000,0.84125,0.26833,0.00000,none
15.01250,49.99626,40.35330,2.46343,-0.10499,-0.00029,5.87770,-13.63334,25.00000,25.00000,164.64670,0.41686,0.13047,0.48981,0.26875,0.84000,0.26792,0.00000,none
15.01667,49.99632,40.35347,2.46322,-0.10514,-0.00029,5.82066,-13.74618,25.00000,25.00000,164.64653,0.41787,0.13058,0.48505,0.26750,0.83875,0.26750,0.00000,none
15.02083,49.99639,40.35356,2.46301,-0.10531,-0.00029,5.76315,-13.85788,25.00000,25.00000,164.64644,0.41889,0.13069,0.48026,0.26625,0.83750,0.26708,0.00000,none
15.02500,49.99646,40.35357,2.46281,-0.10550,-0.00029,5.70518,-13.96844,25.00000,25.00000,164.64643,0.41990,0.13079,0.47543,0.26500,0.83625,0.26667,0.00000,none
15.02917,49.99653,40.35349,2.46262,-0.10569,-0.00029,5.64675,-14.07784,25.00000,25.00000,164.64651,0.42091,0.13090,0.47056,0.26375,0.83500,0.26625,0.00000,none
15.03333,49.99660,40.35332,2.46244,-0.10591,-0.00029,5.58786,-14.18609,25.00000,25.00000,164.64668,0.42192,0.13101,0.46566,0.26250,0.83375,0.26583,0.00000,none
15.03750,49.99667,40.35308,2.46227,-0.10613,-0.00029,5.52853,-14.29317,25.00000,25.00000,164.64692,0.42292,0.13111,0.46071,0.26125,0.83250,0.26542,0.00000,none
15.04167,49.99674,40.35275,2.46210,-0.10637,-0.00029,5.46876,-14.39907,25.00000,25.00000,164.64725,0.42392,0.13122,0.45573,0.26000,0.83125,0.26500,0.00000,none
15.04583,49.99681,40.35234,2.46195,-0.10663,-0.00029,5.40854,-14.50379,25.00000,25.00000,164.64766,0.42492,0.13133,0.45071,0.25875,0.83000,0.26458,0.00000,none
15.05000,49.99688,40.35186,2.46181,-0.10690,-0.00029,5.34789,-14.60732,25.00000,25.00000,164.64814,0.42591,0.13143,0.44566,0.25750,0.82875,0.26417,0.00000,none
15.05417,49.99695,40.35129,2.46167,-0.10718,-0.00029,5.28682,-14.70965,25.00000,25.00000,164.64871,0.42691,0.13154,0.44057,0.25625,0.82750,0.26375,0.00000,none
15.05833,49.99702,40.35065,2.46155,-0.10747,-0.00029,5.22532,-14.81078,25.00000,25.00000,164.64935,0.42790,0.13165,0.43544,0.25500,0.82625,0.26333,0.00000,none
15.06250,49.99709,40.34993,2.46144,-0.10778,-0.00029,5.16340,-14.91070,25.00000,25.00000,164.65007,0.42888,0.13175,0.43028,0.25375,0.82500,0.26292,0.00000,none
15.06667,49.99715,40.34913,2.46133,-0.10809,-0.00029,5.10106,-15.00940,25.00000,25.00000,164.65087,0.42987,0.13186,0.42509,0.25250,0.82375,0.26250,0.00000,none
15.07083,49.99722,40.34825,2.46123,-0.10842,-0.00029,5.03832,-15.10687,25.00000,25.00000,164.65175,0.43085,0.13196,0.41986,0.25125,0.82250,0.26208,0.00000,none
15.07500,49.99729,40.34731,2.46115,-0.10877,-0.00029,4.97517,-15.20310,25.00000,25.00000,164.65269,0.43183,0.13207,0.41460,0.25000,0.82125,0.26167,0.00000,none
15.07917,49.99736,40.34629,2.46107,-0.10912,-0.00029,4.91163,-15.29809,25.00000,25.00000,164.65371,0.43280,0.13217,0.40930,0.24875,0.82000,0.26125,0.00000,none
15.08333,49.99743,40.34519,2.46100,-0.10949,-0.00029,4.84769,-15.39183,25.00000,25.00000,164.65481,0.43378,0.13228,0.40397,0.24750,0.81875,0.26083,0.00000,none
15.08750,49.99750,40.34402,2.46094,-0.10986,-0.00030,4.78337,-15.48431,25.00000,25.00000,164.65598,0.43475,0.13238,0.39861,0.24625,0.81750,0.26042,0.00000,none
15.09167,49.99758,40.34279,2.46090,-0.11025,-0.00030,4.71866,-15.57553,25.00000,25.00000,164.65721,0.43572,0.13249,0.39322,0.24500,0.81625,0.26000,0.00000,none
15.09583,49.99765,40.34148,2.46086,-0.11065,-0.00030,4.65357,-15.66547,25.00000,25.00000,164.65852,0.43668,0.13259,0.38780,0.24375,0.81500,0.25958,0.00000,none
15.10000,49.99772,40.34010,2.46083,-0.11106,-0.00030,4.58811,-15.75413,25.00000,25.00000,164.65990,0.43764,0.13270,0.38234,0.24250,0.81375,0.25917,0.00000,none
15.10417,49.99779,40.33865,2.46081,-0.11148,-0.00031,4.52229,-15.84150,25.00000,25.00000,164.66135,0.43860,0.13280,0.37686,0.24125,0.81250,0.25875,0.00000,none
15.10833,49.99787,40.33714,2.46080,-0.11191,-0.00031,4.45610,-15.92757,25.00000,25.00000,164.66286,0.43956,0.13290,0.37134,0.24000,0.81125,0.25833,0.00000,none
15.11250,49.99794,40.33556,2.46080,-0.11235,-0.00031,4.38956,-16.01234,25.00000,25.00000,164.66444,0.44051,0.13301,0.36580,0.23875,0.81000,0.25792,0.00000,none
15.11667,49.99801,40.33391,2.46080,-0.11280,-0.00032,4.32267,-16.09580,25.00000,25.00000,164.66609,0.44146,0.13311,0.36022,0.23750,0.80875,0.25750,0.00000,none
15.12083,49.99809,40.33219,2.46082,-0.11326,-0.00032,4.25543,-16.17793,25.00000,25.00000,164.66781,0.44241,0.13321,0.35462,0.23625,0.80750,0.25708,0.00000,none
15.12500,49.99817,40.33042,2.46085,-0.11373,-0.00033,4.18785,-16.25873,25.00000,25.00000,164.66958,0.44335,0.13331,0.34899,0.23500,0.80625,0.25667,0.00000,none
15.12917,49.99825,40.32857,2.46089,-0.11420,-0.00033,4.11994,-16.33820,25.00000,25.00000,164.67143,0.44429,0.13342,0.34333,0.23375,0.80500,0.25625,0.00000,none
15.13333,49.99833,40.32667,2.46094,-0.11469,-0.00034,4.05171,-16.41632,25.00000,25.00000,164.67333,0.44523,0.13352,0.33764,0.23250,0.80375,0.25583,0.00000,none
15.13750,49.99841,40.32470,2.46099,-0.11519,-0.00034,3.98314,-16.49308,25.00000,25.00000,164.67530,0.44617,0.13362,0.33193,0.23125,0.80250,0.25542,0.00000,none
15.14167,49.99849,40.32267,2.46106,-0.11569,-0.00035,3.91427,-16.56849,25.00000,25.00000,164.67733,0.44710,0.13372,0.32619,0.23000,0.80125,0.25500,0.00000,none
15.14583,49.99858,40.32058,2.46113,-0.11620,-0.00036,3.84508,-16.64253,25.00000,25.00000,164.67942,0.44803,0.13382,0.32042,0.22875,0.80000,0.25458,0.00000,none
15.15000,49.99866,40.31843,2.46122,-0.11672,-0.00036,3.77558,-16.71519,25.00000,25.00000,164.68157,0.44895,0.13392,0.31463,0.22750,0.79875,0.25417,0.00000,none
15.15417,49.99875,40.31621,2.46132,-0.11725,-0.00037,3.70578,-16.78646,25.00000,25.00000,164.68379,0.44988,0.13402,0.30882,0.22625,0.79750,0.25375,0.00000,none
15.15833,49.99884,40.31395,2.46142,-0.11779,-0.00038,3.63569,-16.85634,25.00000,25.00000,164.68605,0.45080,0.13412,0.30297,0.22500,0.79625,0.25333,0.00000,none
15.16250,49.99893,40.31162,2.46153,-0.11834,-0.00039,3.56532,-16.92482,25.00000,25.00000,164.68838,0.45171,0.13422,0.29711,0.22375,0.79500,0.25292,0.00000,none
15.16667,49.99902,40.30923,2.46166,-0.11889,-0.00040,3.49466,-16.99190,25.00000,25.00000,164.69077,0.45263,0.13432,0.29122,0.22250,0.79375,0.25250,0.00000,none
15.17083,49.99912,40.30679,2.46179,-0.11945,-0.00041,3.42372,-17.05755,25.00000,25.00000,164.69321,0.45354,0.13442,0.28531,0.22125,0.79250,0.25208,0.00000,none
15.17500,49.99922,40.30429,2.46194,-0.12001,-0.00042,3.35251,-17.12178,25.00000,25.00000,164.69571,0.45444,0.13452,0.27938,0.22000,0.79125,0.25167,0.00000,none
15.17917,49.99932,40.30174,2.46209,-0.12059,-0.00043,3.28104,-17.18458,25.00000,25.00000,164.69826,0.45535,0.13462,0.27342,0.21875,0.79000,0.25125,0.00000,none
15.18333,49.99942,40.29914,2.46225,-0.12117,-0.00044,3.20931,-17.24594,25.00000,25.00000,164.70086,0.45625,0.13472,0.26744,0.21750,0.78875,0.25083,0.00000,none
15.18750,49.99953,40.29648,2.46242,-0.12175,-0.00045,3.13733,-17.30585,25.00000,25.00000,164.70352,0.45715,0.13482,0.26144,0.21625,0.78750,0.25042,0.00000,none
15.19167,49.99963,40.29376,2.46261,-0.12235,-0.00046,3.06510,-17.36431,25.00000,25.00000,164.70624,0.45804,0.13491,0.25542,0.21500,0.78625,0.25000,0.00000,none
15.19583,49.99974,40.29100,2.46280,-0.12295,-0.00047,2.99263,-17.42130,25.00000,25.00000,164.70900,0.45893,0.13501,0.24939,0.21375,0.78500,0.24958,0.00000,none
15.20000,49.99986,40.28818,2.46300,-0.12355,-0.00048,2.91992,-17.47682,25.00000,25.00000,164.71182,0.45982,0.13511,0.24333,0.21250,0.78375,0.24917,0.00000,none
15.20417,49.99997,40.28531,2.46321,-0.12417,-0.00049,2.84699,-17.53086,25.00000,25.00000,164.71469,0.46071,0.13520,0.23725,0.21125,0.78250,0.24875,0.00000,none
15.20833,50.00009,40.28239,2.46343,-0.12478,-0.00051,2.77383,-17.58342,25.00000,25.00000,164.71761,0.46159,0.13530,0.23115,0.21000,0.78125,0.24833,0.00000,none
15.21250,50.00021,40.27943,2.46366,-0.12541,-0.00052,2.70046,-17.63448,25.00000,25.00000,164.72057,0.46247,0.13540,0.22504,0.20875,0.78000,0.24792,0.00000,none
15.21667,50.00034,40.27641,2.46390,-0.12604,-0.00053,2.62688,-17.68405,25.00000,25.00000,164.72359,0.46334,0.13549,0.21891,0.20750,0.77875,0.24750,0.00000,none
15.22083,50.00047,40.27335,2.46415,-0.12667,-0.00055,2.55310,-17.73210,25.00000,25.00000,164.72665,0.46421,0.13559,0.21276,0.20625,0.77750,0.24708,0.00000,none
15.22500,50.00060,40.27023,2.46441,-0.12731,-0.00056,2.47912,-17.77864,25.00000,25.00000,164.72977,0.46508,0.13568,0.20659,0.20500,0.77625,0.24667,0.00000,none
15.22917,50.00074,40.26707,2.46468,-0.12795,-0.00058,2.40495,-17.82365,25.00000,25.00000,164.73293,0.46595,0.13577,0.20041,0.20375,0.77500,0.24625,0.00000,none
15.23333,50.00088,40.26387,2.46496,-0.12860,-0.00059,2.33059,-17.86714,25.00000,25.00000,164.73613,0.46681,0.13587,0.19422,0.20250,0.77375,0.24583,0.00000,none
15.23750,50.00102,40.26062,2.46525,-0.12926,-0.00061,2.25605,-17.90908,25.00000,25.00000,164.73938,0.46767,0.13596,0.18800,0.20125,0.77250,0.24542,0.00000,none
15.24167,50.00116,40.25732,2.46555,-0.12992,-0.00062,2.18135,-17.94949,25.00000,25.00000,164.74268,0.46852,0.13605,0.18178,0.20000,0.77125,0.24500,0.00000,none
15.24583,50.00131,40.25398,2.46586,-0.13058,-0.00064,2.10648,-17.98834,25.00000,25.00000,164.74602,0.46937,0.13615,0.17554,0.19875,0.77000,0.24458,0.00000,none
15.25000,50.00147,40.25060,2.46617,-0.13125,-0.00065,2.03145,-18.02563,25.00000,25.00000,164.74940,0.47022,0.13624,0.16929,0.19750,0.76875,0.24417,0.00000,none
15.25417,50.00163,40.24717,2.46650,-0.13192,-0.00067,1.95627,-18.06136,25.00000,25.00000,164.75283,0.47107,0.13633,0.16302,0.19625,0.76750,0.24375,0.00000,none
15.25833,50.00179,40.24370,2.46684,-0.13259,-0.00069,1.88094,-18.09551,25.00000,25.00000,164.75630,0.47191,0.13642,0.15674,0.19500,0.76625,0.24333,0.00000,none
15.26250,50.00195,40.24019,2.46718,-0.13327,-0.00071,1.80547,-18.12809,25.00000,25.00000,164.75981,0.47274,0.13651,0.15046,0.19375,0.76500,0.24292,0.00000,none
15.26667,50.00213,40.23664,2.46754,-0.13396,-0.00072,1.72988,-18.15908,25.00000,25.00000,164.76336,0.47358,0.13660,0.14416,0.19250,0.76375,0.24250,0.00000,none
15.27083,50.00230,40.23305,2.46791,-0.13465,-0.00074,1.65415,-18.18848,25.00000,25.00000,164.76695,0.47441,0.13669,0.13785,0.19125,0.76250,0.24208,0.00000,none
15.27500,50.00248,40.22942,2.46828,-0.13534,-0.00076,1.57831,-18.21629,25.00000,25.00000,164.77058,0.47524,0.13678,0.13153,0.19000,0.76125,0.24167,0.00000,none
15.27917,50.00266,40.22574,2.46866,-0.13603,-0.00078,1.50235,-18.24249,25.00000,25.00000,164.77426,0.47606,0.13687,0.12520,0.18875,0.76000,0.24125,0.00000,none
15.28333,50.00285,40.22203,2.46906,-0.13673,-0.00080,1.42629,-18.26708,25.00000,25.00000,164.77797,0.47688,0.13696,0.11886,0.18750,0.75875,0.24083,0.00000,none
15.28750,50.00304,40.21829,2.46946,-0.13743,-0.00082,1.35013,-18.29005,25.00000,25.00000,164.78171,0.47770,0.13704,0.11251,0.18625,0.75750,0.24042,0.00000,none
15.29167,50.00324,40.21450,2.46988,-0.13813,-0.00084,1.27387,-18.31140,25.00000,25.00000,164.78550,0.47851,0.13713,0.10616,0.18500,0.75625,0.24000,0.00000,none
15.29583,50.00344,40.21068,2.47030,-0.13884,-0.00086,1.19754,-18.33112,25.00000,25.00000,164.78932,0.47932,0.13722,0.09979,0.18375,0.75500,0.23958,0.00000,none
15.30000,50.00365,40.20682,2.47073,-0.13954,-0.00088,1.12112,-18.34921,25.00000,25.00000,164.79318,0.48013,0.13731,0.09343,0.18250,0.75375,0.23917,0.00000,none
15.30417,50.00386,40.20293,2.47117,-0.14026,-0.00090,1.04463,-18.36566,25.00000,25.00000,164.79707,0.48093,0.13739,0.08705,0.18125,0.75250,0.23875,0.00000,none
15.30833,50.00408,40.19900,2.47162,-0.14097,-0.00092,0.96807,-18.38046,25.00000,25.00000,164.80100,0.48173,0.13748,0.08067,0.18000,0.75125,0.23833,0.00000,none
15.31250,50.00430,40.19503,2.47208,-0.14169,-0.00094,0.89146,-18.39362,25.00000,25.00000,164.80497,0.48252,0.13756,0.07429,0.17875,0.75000,0.23792,0.00000,none
15.31667,50.00453,40.19104,2.47255,-0.14240,-0.00096,0.81480,-18.40511,25.00000,25.00000,164.80896,0.48331,0.13765,0.06790,0.17750,0.74875,0.23750,0.00000,none
15.32083,50.00476,40.18701,2.47303,-0.14312,-0.00098,0.73809,-18.41495,25.00000,25.00000,164.81299,0.48410,0.13773,0.06151,0.17625,0.74750,0.23708,0.00000,none
15.32500,50.00500,40.18294,2.47352,-0.14385,-0.00101,0.66134,-18.42313,25.00000,25.00000,164.81706,0.48489,0.13781,0.05511,0.17500,0.74625,0.23667,0.00000,none
15.32917,50.00524,40.17885,2.47402,-0.14457,-0.00103,0.58456,-18.42963,25.00000,25.00000,164.82115,0.48567,0.13789,0.04871,0.17375,0.74500,0.23625,0.00000,none
15.33333,50.00549,40.17472,2.47453,-0.14529,-0.00105,0.50776,-18.43446,25.00000,25.00000,164.82528,0.48644,0.13798,0.04231,0.17250,0.74375,0.23583,0.00000,none
15.33750,50.00574,40.17056,2.47505,-0.14602,-0.00107,0.43095,-18.43761,25.00000,25.00000,164.82944,0.48722,0.13806,0.03591,0.17125,0.74250,0.23542,0.00000,none
15.34167,50.00600,40.16638,2.47557,-0.14675,-0.00110,0.35412,-18.43908,25.00000,25.00000,164.83362,0.48799,0.13814,0.02951,0.17000,0.74125,0.23500,0.00000,none
15.34583,50.00627,40.16216,2.47611,-0.14748,-0.00112,0.27729,-18.43886,25.00000,25.00000,164.83784,0.48875,0.13822,0.02311,0.16875,0.74000,0.23458,0.00000,none
15.35000,50.00654,40.15791,2.47665,-0.14821,-0.00114,0.20046,-18.43695,25.00000,25.00000,164.84209,0.48951,0.13830,0.01671,0.16750,0.73875,0.23417,0.00000,none
15.35417,50.00681,40.15364,2.47721,-0.14894,-0.00117,0.12365,-18.43335,25.00000,25.00000,164.84636,0.49027,0.13838,0.01030,0.16625,0.73750,0.23375,0.00000,none
15.35833,50.00709,40.14934,2.47777,-0.14967,-0.00119,0.04686,-18.42804,25.00000,25.00000,164.85066,0.49102,0.13846,0.00390,0.16500,0.73625,0.23333,0.00000,none
15.36250,50.00738,40.14501,2.47834,-0.15041,-0.00122,-0.02991,-18.42081,25.00000,25.00000,164.85499,0.49177,0.13853,0.00299,0.16375,0.73500,0.23292,0.00000,none
15.36667,50.00768,40.14065,2.47892,-0.15114,-0.00124,-0.10664,-18.40868,25.00000,25.00000,164.85935,0.49252,0.13861,0.01066,0.16250,0.73375,0.23167,0.00000,none
15.37083,50.00797,40.13627,2.47951,-0.15188,-0.00126,-0.18331,-18.39108,25.00000,25.00000,164.86373,0.49326,0.13869,0.01833,0.16125,0.73250,0.23042,0.00000,none
15.37500,50.00828,40.13187,2.48011,-0.15261,-0.00129,-0.25989,-18.36807,25.00000,25.00000,164.86813,0.49400,0.13877,0.02599,0.16000,0.73125,0.22917,0.00000,none
15.37917,50.00859,40.12744,2.48071,-0.15335,-0.00131,-0.33637,-18.33972,25.00000,25.00000,164.87256,0.49474,0.13884,0.03364,0.15875,0.73000,0.22792,0.00000,none
15.38333,50.00890,40.12299,2.48133,-0.15409,-0.00133,-0.41272,-18.30607,25.00000,25.00000,164.87701,0.49547,0.13892,0.04127,0.15750,0.72875,0.22667,0.00000,none
15.38750,50.00922,40.11852,2.48195,-0.15482,-0.00135,-0.48891,-18.26719,25.00000,25.00000,164.88148,0.49620,0.13899,0.04889,0.15625,0.72750,0.22542,0.00000,none
15.39167,50.00955,40.11402,2.48258,-0.15556,-0.00137,-0.56494,-18.22315,25.00000,25.00000,164.88598,0.49692,0.13906,0.05649,0.15500,0.72625,0.22417,0.00000,none
15.39583,50.00987,40.10950,2.48322,-0.15630,-0.00139,-0.64077,-18.17399,25.00000,25.00000,164.89050,0.49764,0.13914,0.06408,0.15375,0.72500,0.22292,0.00000,none
15.40000,50.01021,40.10496,2.48386,-0.15704,-0.00140,-0.71638,-18.11979,25.00000,25.00000,164.89504,0.49835,0.13921,0.07164,0.15250,0.72375,0.22167,0.00000,none
15.40417,50.01055,40.10040,2.48452,-0.15778,-0.00142,-0.79176,-18.06061,25.00000,25.00000,164.89960,0.49907,0.13928,0.07918,0.15125,0.72250,0.22042,0.00000,none
15.40833,50.01089,40.09581,2.48518,-0.15852,-0.00144,-0.86688,-17.99651,25.00000,25.00000,164.90419,0.49977,0.13935,0.08669,0.15000,0.72125,0.21917,0.00000,none
15.41250,50.01123,40.09121,2.48585,-0.15925,-0.00146,-0.94172,-17.92757,25.00000,25.00000,164.90879,0.50048,0.13942,0.09417,0.14875,0.72000,0.21792,0.00000,none
15.41667,50.01158,40.08658,2.48653,-0.15999,-0.00148,-1.01627,-17.85383,25.00000,25.00000,164.91342,0.50118,0.13949,0.10163,0.14750,0.71875,0.21667,0.00000,none
15.42083,50.01194,40.08193,2.48721,-0.16073,-0.00150,-1.09049,-17.77538,25.00000,25.00000,164.91807,0.50187,0.13956,0.10905,0.14625,0.71750,0.21542,0.00000,none
15.42500,50.01230,40.07727,2.48790,-0.16147,-0.00151,-1.16439,-17.69227,25.00000,25.00000,164.92273,0.50256,0.13963,0.11644,0.14500,0.71625,0.21417,0.00000,none
15.42917,50.01266,40.07258,2.48861,-0.16220,-0.00153,-1.23792,-17.60458,25.00000,25.00000,164.92742,0.50325,0.13970,0.12379,0.14375,0.71500,0.21292,0.00000,none
15.43333,50.01303,40.06787,2.48931,-0.16294,-0.00155,-1.31108,-17.51237,25.00000,25.00000,164.93213,0.50393,0.13977,0.13111,0.14250,0.71375,0.21167,0.00000,none
15.43750,50.01340,40.06315,2.49003,-0.16368,-0.00156,-1.38385,-17.41571,25.00000,25.00000,164.93685,0.50461,0.13983,0.13839,0.14125,0.71250,0.21042,0.00000,none
15.44167,50.01378,40.05840,2.49076,-0.16441,-0.00158,-1.45621,-17.31466,25.00000,25.00000,164.94160,0.50529,0.13990,0.14562,0.14000,0.71125,0.20917,0.00000,none
15.44583,50.01416,40.05364,2.49149,-0.16515,-0.00160,-1.52814,-17.20931,25.00000,25.00000,164.94636,0.50596,0.13996,0.15281,0.13875,0.71000,0.20792,0.00000,none
15.45000,50.01454,40.04886,2.49223,-0.16588,-0.00162,-1.59961,-17.09971,25.00000,25.00000,164.95114,0.50662,0.14003,0.15996,0.13750,0.70875,0.20667,0.00000,none
15.45417,50.01493,40.04407,2.49297,-0.16661,-0.00163,-1.67063,-16.98593,25.00000,25.00000,164.95593,0.50729,0.14009,0.16706,0.13625,0.70750,0.20542,0.00000,none
15.45833,50.01532,40.03926,2.49373,-0.16734,-0.00165,-1.74116,-16.86805,25.00000,25.00000,164.96074,0.50794,0.14015,0.17412,0.13500,0.70625,0.20417,0.00000,none
15.46250,50.01571,40.03443,2.49449,-0.16808,-0.00167,-1.81119,-16.74613,25.00000,25.00000,164.96557,0.50860,0.14021,0.18112,0.13375,0.70500,0.20292,0.00000,none
15.46667,50.01611,40.02959,2.49526,-0.16880,-0.00168,-1.88070,-16.62024,25.00000,25.00000,164.97041,0.50925,0.14028,0.18807,0.13250,0.70375,0.20167,0.00000,none
15.47083,50.01652,40.02473,2.49604,-0.16953,-0.00170,-1.94968,-16.49045,25.00000,25.00000,164.97527,0.50989,0.14034,0.19497,0.13125,0.70250,0.20042,0.00000,none
15.47500,50.01693,40.01986,2.49682,-0.17026,-0.00172,-2.01812,-16.35683,25.00000,25.00000,164.98014,0.51053,0.14039,0.20181,0.13000,0.70125,0.19917,0.00000,none
15.47917,50.01734,40.01497,2.49762,-0.17098,-0.00174,-2.08598,-16.21946,25.00000,25.00000,164.98503,0.51117,0.14045,0.20860,0.12875,0.70000,0.19792,0.00000,none
15.48333,50.01776,40.01007,2.49841,-0.17171,-0.00175,-2.15327,-16.07839,25.00000,25.00000,164.98993,0.51180,0.14051,0.21533,0.12750,0.69875,0.19667,0.00000,none
15.48750,50.01818,40.00516,2.49922,-0.17243,-0.00177,-2.21997,-15.93370,25.00000,25.00000,164.99484,0.51243,0.14057,0.22200,0.12625,0.69750,0.19542,0.00000,none
15.49167,50.01860,40.00024,2.50004,-0.17315,-0.00179,-2.28605,-15.78546,25.00000,25.00000,164.99976,0.51306,0.14063,0.22860,0.12500,0.69625,0.19417,0.00000,none
15.49583,50.01903,39.99530,2.50086,-0.17387,-0.00180,-2.35151,-15.63373,25.00000,25.00000,165.00470,0.51368,0.14068,0.23515,0.12375,0.69500,0.19292,0.00000,none
15.50000,50.01946,39.99035,2.50168,-0.17458,-0.00182,-2.41632,-15.47859,25.00000,25.00000,165.00965,0.51429,0.14074,0.24163,0.12250,0.69375,0.19167,0.00000,none
15.50417,50.01990,39.98539,2.50252,-0.17529,-0.00184,-2.48049,-15.32010,25.00000,25.00000,165.01461,0.51490,0.14079,0.24805,0.12125,0.69250,0.19042,0.00000,none
15.50833,50.02034,39.98042,2.50336,-0.17601,-0.00185,-2.54399,-15.15832,25.00000,25.00000,165.01958,0.51551,0.14084,0.25440,0.12000,0.69125,0.18917,0.00000,none
15.51250,50.02078,39.97544,2.50421,-0.17672,-0.00187,-2.60680,-14.99334,25.00000,25.00000,165.02456,0.51611,0.14090,0.26068,0.11875,0.69000,0.18792,0.00000,none
15.51667,50.02123,39.97045,2.50507,-0.17742,-0.00189,-2.66893,-14.82521,25.00000,25.00000,165.02955,0.51671,0.14095,0.26689,0.11750,0.68875,0.18667,0.00000,none
15.52083,50.02168,39.96545,2.50593,-0.17813,-0.00190,-2.73034,-14.65400,25.00000,25.00000,165.03455,0.51730,0.14100,0.27303,0.11625,0.68750,0.18542,0.00000,none
15.52500,50.02214,39.96045,2.50680,-0.17883,-0.00192,-2.79104,-14.47979,25.00000,25.00000,165.03955,0.51789,0.14105,0.27910,0.11500,0.68625,0.18417,0.00000,none
15.52917,50.02260,39.95543,2.50768,-0.17953,-0.00194,-2.85100,-14.30262,25.00000,25.00000,165.04457,0.51847,0.14110,0.28510,0.11375,0.68500,0.18292,0.00000,none
15.53333,50.02306,39.95041,2.50856,-0.18022,-0.00195,-2.91022,-14.12258,25.00000,25.00000,165.04959,0.51905,0.14114,0.29102,0.11250,0.68375,0.18167,0.00000,none
15.53750,50.02353,39.94537,2.50945,-0.18092,-0.00197,-2.96869,-13.93972,25.00000,25.00000,165.05463,0.51963,0.14119,0.29687,0.11125,0.68250,0.18042,0.00000,none
15.54167,50.02400,39.94033,2.51035,-0.18161,-0.00198,-3.02638,-13.75411,25.00000,25.00000,165.05967,0.52020,0.14124,0.30264,0.11000,0.68125,0.17917,0.00000,none
15.54583,50.02448,39.93529,2.51125,-0.18230,-0.00200,-3.08330,-13.56582,25.00000,25.00000,165.06471,0.52077,0.14128,0.30833,0.10875,0.68000,0.17792,0.00000,none
15.55000,50.02496,39.93024,2.51216,-0.18298,-0.00202,-3.13943,-13.37491,25.00000,25.00000,165.06976,0.52133,0.14133,0.31394,0.10750,0.67875,0.17667,0.00000,none
15.55417,50.02544,39.92518,2.51308,-0.18367,-0.00203,-3.19475,-13.18144,25.00000,25.00000,165.07482,0.52189,0.14137,0.31948,0.10625,0.67750,0.17542,0.00000,none
15.55833,50.02593,39.92012,2.51401,-0.18434,-0.00205,-3.24927,-12.98547,25.00000,25.00000,165.07988,0.52244,0.14142,0.32493,0.10500,0.67625,0.17417,0.00000,none
15.56250,50.02642,39.91505,2.51493,-0.18502,-0.00206,-3.30296,-12.78708,25.00000,25.00000,165.08495,0.52299,0.14146,0.33030,0.10375,0.67500,0.17292,0.00000,none
15.56667,50.02691,39.90998,2.51587,-0.18569,-0.00208,-3.35582,-12.58631,25.00000,25.00000,165.09002,0.52353,0.14150,0.33558,0.10250,0.67375,0.17167,0.00000,none
15.57083,50.02741,39.90490,2.51681,-0.18636,-0.00209,-3.40784,-12.38323,25.00000,25.00000,165.09510,0.52407,0.14154,0.34078,0.10125,0.67250,0.17042,0.00000,none
15.57500,50.02791,39.89982,2.51776,-0.18703,-0.00211,-3.45901,-12.17791,25.00000,25.00000,165.10018,0.52460,0.14158,0.34590,0.10000,0.67125,0.16917,0.00000,none
15.57917,50.02842,39.89474,2.51872,-0.18769,-0.00212,-3.50932,-11.97040,25.00000,25.00000,165.10526,0.52513,0.14162,0.35093,0.09875,0.67000,0.16792,0.00000,none
15.58333,50.02893,39.88965,2.51968,-0.18835,-0.00214,-3.55876,-11.76076,25.00000,25.00000,165.11035,0.52566,0.14165,0.35588,0.09750,0.66875,0.16667,0.00000,none
15.58750,50.02944,39.88457,2.52065,-0.18900,-0.00215,-3.60733,-11.54905,25.00000,25.00000,165.11543,0.52618,0.14169,0.36073,0.09625,0.66750,0.16542,0.00000,none
15.59167,50.02996,39.87947,2.52162,-0.18966,-0.00217,-3.65500,-11.33533,25.00000,25.00000,165.12053,0.52669,0.14173,0.36550,0.09500,0.66625,0.16417,0.00000,none
15.59583,50.03048,39.87438,2.52260,-0.19030,-0.00218,-3.70178,-11.11966,25.00000,25.00000,165.12562,0.52720,0.14176,0.37018,0.09375,0.66500,0.16292,0.00000,none
15.60000,50.03100,39.86929,2.52359,-0.19095,-0.00219,-3.74766,-10.90210,25.00000,25.00000,165.13071,0.52771,0.14179,0.37477,0.09250,0.66375,0.16167,0.00000,none
15.60417,50.03152,39.86420,2.52458,-0.19159,-0.00221,-3.79263,-10.68269,25.00000,25.00000,165.13580,0.52821,0.14183,0.37926,0.09125,0.66250,0.16042,0.00000,none
15.60833,50.03205,39.85910,2.52557,-0.19222,-0.00222,-3.83668,-10.46151,25.00000,25.00000,165.14090,0.52871,0.14186,0.38367,0.09000,0.66125,0.15917,0.00000,none
15.61250,50.03258,39.85401,2.52658,-0.19286,-0.00223,-3.87981,-10.23860,25.00000,25.00000,165.14599,0.52920,0.14189,0.38798,0.08875,0.66000,0.15792,0.00000,none
15.61667,50.03312,39.84891,2.52758,-0.19349,-0.00225,-3.92200,-10.01402,25.00000,25.00000,165.15109,0.52969,0.14192,0.39220,0.08750,0.65875,0.15667,0.00000,none
15.62083,50.03366,39.84382,2.52860,-0.19411,-0.00226,-3.96325,-9.78782,25.00000,25.00000,165.15618,0.53017,0.14195,0.39633,0.08625,0.65750,0.15542,0.00000,none
15.62500,50.03420,39.83873,2.52962,-0.19473,-0.00227,-4.00356,-9.56006,25.00000,25.00000,165.16127,0.53065,0.14198,0.40036,0.08500,0.65625,0.15417,0.00000,none
15.62917,50.03474,39.83364,2.53064,-0.19534,-0.00228,-4.04292,-9.33079,25.00000,25.00000,165.16636,0.53112,0.14200,0.40429,0.08375,0.65500,0.15292,0.00000,none
15.63333,50.03529,39.82855,2.53167,-0.19596,-0.00230,-4.08132,-9.10006,25.00000,25.00000,165.17145,0.53159,0.14203,0.40813,0.08250,0.65375,0.15167,0.00000,none
15.63750,50.03584,39.82346,2.53271,-0.19656,-0.00231,-4.11875,-8.86793,25.00000,25.00000,165.17654,0.53205,0.14205,0.41188,0.08125,0.65250,0.15042,0.00000,none
15.64167,50.03639,39.81838,2.53375,-0.19717,-0.00232,-4.15521,-8.63445,25.00000,25.00000,165.18162,0.53251,0.14208,0.41552,0.08000,0.65125,0.14917,0.00000,none
15.64583,50.03694,39.81329,2.53480,-0.19776,-0.00233,-4.19070,-8.39967,25.00000,25.00000,165.18671,0.53296,0.14210,0.41907,0.07875,0.65000,0.14792,0.00000,none
15.65000,50.03750,39.80822,2.53585,-0.19836,-0.00234,-4.22521,-8.16364,25.00000,25.00000,165.19178,0.53341,0.14212,0.42252,0.07750,0.64875,0.14667,0.00000,none
15.65417,50.03806,39.80314,2.53691,-0.19895,-0.00235,-4.25873,-7.92640,25.00000,25.00000,165.19686,0.53385,0.14214,0.42587,0.07625,0.64750,0.14542,0.00000,none
15.65833,50.03862,39.79807,2.53797,-0.19953,-0.00236,-4.29126,-7.68802,25.00000,25.00000,165.20193,0.53429,0.14216,0.42913,0.07500,0.64625,0.14417,0.00000,none
15.66250,50.03919,39.79301,2.53903,-0.20011,-0.00237,-4.32279,-7.44853,25.00000,25.00000,165.20699,0.53473,0.14218,0.43228,0.07375,0.64500,0.14292,0.00000,none
15.66667,50.03975,39.78795,2.54011,-0.20068,-0.00238,-4.35333,-7.20799,25.00000,25.00000,165.21205,0.53515,0.14220,0.43533,0.07250,0.64375,0.14167,0.00000,none
15.67083,50.04032,39.78289,2.54118,-0.20125,-0.00238,-4.38286,-6.96645,25.00000,25.00000,165.21711,0.53558,0.14221,0.43829,0.07125,0.64250,0.14042,0.00000,none
15.67500,50.04089,39.77784,2.54226,-0.20182,-0.00239,-4.41138,-6.72394,25.00000,25.00000,165.22216,0.53600,0.14223,0.44114,0.07000,0.64125,0.13917,0.00000,none
15.67917,50.04146,39.77280,2.54335,-0.20238,-0.00240,-4.43889,-6.48053,25.00000,25.00000,165.22720,0.53641,0.14224,0.44389,0.06875,0.64000,0.13792,0.00000,none
15.68333,50.04204,39.76776,2.54444,-0.20294,-0.00241,-4.46538,-6.23625,25.00000,25.00000,165.23224,0.53682,0.14226,0.44654,0.06750,0.63875,0.13667,0.00000,none
15.68750,50.04261,39.76273,2.54553,-0.20349,-0.00241,-4.49086,-5.99115,25.00000,25.00000,165.23727,0.53722,0.14227,0.44909,0.06625,0.63750,0.13542,0.00000,none
15.69167,50.04319,39.75770,2.54663,-0.20403,-0.00242,-4.51531,-5.74528,25.00000,25.00000,165.24230,0.53762,0.14228,0.45153,0.06500,0.63625,0.13417,0.00000,none
15.69583,50.04377,39.75269,2.54774,-0.20457,-0.00243,-4.53873,-5.49869,25.00000,25.00000,165.24731,0.53801,0.14229,0.45387,0.06375,0.63500,0.13292,0.00000,none
15.70000,50.04435,39.74768,2.54884,-0.20511,-0.00243,-4.56113,-5.25141,25.00000,25.00000,165.25232,0.53840,0.14230,0.45611,0.06250,0.63375,0.13167,0.00000,none
15.70417,50.04493,39.74267,2.54996,-0.20564,-0.00244,-4.58249,-5.00349,25.00000,25.00000,165.25733,0.53879,0.14231,0.45825,0.06125,0.63250,0.13042,0.00000,none
15.70833,50.04551,39.73768,2.55107,-0.20616,-0.00244,-4.60282,-4.75498,25.00000,25.00000,165.26232,0.53916,0.14231,0.46028,0.06000,0.63125,0.12917,0.00000,none
15.71250,50.04610,39.73270,2.55219,-0.20668,-0.00245,-4.62212,-4.50591,25.00000,25.00000,165.26730,0.53954,0.14232,0.46221,0.05875,0.63000,0.12792,0.00000,none
15.71667,50.04668,39.72772,2.55332,-0.20719,-0.00245,-4.64037,-4.25634,25.00000,25.00000,165.27228,0.53990,0.14232,0.46404,0.05750,0.62875,0.12667,0.00000,none
15.72083,50.04727,39.72276,2.55445,-0.20770,-0.00246,-4.65759,-4.00631,25.00000,25.00000,165.27724,0.54027,0.14233,0.46576,0.05625,0.62750,0.12542,0.00000,none
15.72500,50.04785,39.71780,2.55558,-0.20820,-0.00246,-4.67376,-3.75585,25.00000,25.00000,165.28220,0.54062,0.14233,0.46738,0.05500,0.62625,0.12417,0.00000,none
15.72917,50.04844,39.71286,2.55671,-0.20870,-0.00246,-4.68888,-3.50501,25.00000,25.00000,165.28714,0.54098,0.14233,0.46889,0.05375,0.62500,0.12292,0.00000,none
15.73333,50.04903,39.70792,2.55785,-0.20919,-0.00246,-4.70296,-3.25383,25.00000,25.00000,165.29208,0.54132,0.14233,0.47030,0.05250,0.62375,0.12167,0.00000,none
15.73750,50.04962,39.70300,2.55899,-0.20968,-0.00247,-4.71600,-3.00236,25.00000,25.00000,165.29700,0.54167,0.14233,0.47160,0.05125,0.62250,0.12042,0.00000,none
15.74167,50.05021,39.69809,2.56014,-0.21016,-0.00247,-4.72798,-2.75063,25.00000,25.00000,165.30191,0.54200,0.14233,0.47280,0.05000,0.62125,0.11917,0.00000,none
15.74583,50.05079,39.69319,2.56129,-0.21064,-0.00247,-4.73892,-2.49868,25.00000,25.00000,165.30681,0.54233,0.14232,0.47389,0.04875,0.62000,0.11792,0.00000,none
15.75000,50.05138,39.68830,2.56244,-0.21110,-0.00247,-4.74881,-2.24656,25.00000,25.00000,165.31170,0.54266,0.14232,0.47488,0.04750,0.61875,0.11667,0.00000,none
15.75417,50.05197,39.68343,2.56360,-0.21157,-0.00247,-4.75764,-1.99431,25.00000,25.00000,165.31657,0.54298,0.14231,0.47576,0.04625,0.61750,0.11542,0.00000,none
15.75833,50.05256,39.67856,2.56476,-0.21203,-0.00247,-4.76542,-1.74197,25.00000,25.00000,165.32144,0.54330,0.14231,0.47654,0.04500,0.61625,0.11417,0.00000,none
15.76250,50.05315,39.67372,2.56592,-0.21248,-0.00247,-4.77216,-1.48957,25.00000,25.00000,165.32628,0.54361,0.14230,0.47722,0.04375,0.61500,0.11292,0.00000,none
15.76667,50.05374,39.66888,2.56708,-0.21292,-0.00247,-4.77784,-1.23716,25.00000,25.00000,165.33112,0.54391,0.14229,0.47778,0.04250,0.61375,0.11167,0.00000,none
15.77083,50.05433,39.66406,2.56825,-0.21336,-0.00246,-4.78247,-0.98477,25.00000,25.00000,165.33594,0.54421,0.14228,0.47825,0.04125,0.61250,0.11042,0.00000,none
15.77500,50.05492,39.65925,2.56942,-0.21380,-0.00246,-4.78604,-0.73245,25.00000,25.00000,165.34075,0.54451,0.14227,0.47860,0.04000,0.61125,0.10917,0.00000,none
15.77917,50.05550,39.65446,2.57059,-0.21422,-0.00246,-4.78857,-0.48024,25.00000,25.00000,165.34554,0.54480,0.14226,0.47886,0.03875,0.61000,0.10792,0.00000,none
15.78333,50.05609,39.64968,2.57177,-0.21465,-0.00245,-4.79004,-0.22817,25.00000,25.00000,165.35032,0.54508,0.14224,0.47900,0.03750,0.60875,0.10667,0.00000,none
15.78750,50.05667,39.64492,2.57294,-0.21506,-0.00245,-4.79047,0.02372,25.00000,25.00000,165.35508,0.54536,0.14223,0.47905,0.03625,0.60750,0.10542,0.00000,none
15.79167,50.05726,39.64018,2.57412,-0.21547,-0.00245,-4.78985,0.27538,25.00000,25.00000,165.35982,0.54563,0.14221,0.47898,0.03500,0.60625,0.10417,0.00000,none
15.79583,50.05784,39.63545,2.57530,-0.21587,-0.00244,-4.78818,0.52678,25.00000,25.00000,165.36455,0.54590,0.14219,0.47882,0.03375,0.60500,0.10292,0.00000,none
15.80000,50.05842,39.63074,2.57649,-0.21627,-0.00244,-4.78546,0.77789,25.00000,25.00000,165.36926,0.54616,0.14217,0.47855,0.03250,0.60375,0.10167,0.00000,none
15.80417,50.05901,39.62604,2.57767,-0.21666,-0.00243,-4.78169,1.02865,25.00000,25.00000,165.37396,0.54642,0.14215,0.47817,0.03125,0.60250,0.10042,0.00000,none
15.80833,50.05958,39.62136,2.57886,-0.21704,-0.00242,-4.77688,1.27903,25.00000,25.00000,165.37864,0.54667,0.14213,0.47769,0.03000,0.60125,0.09917,0.00000,none
15.81250,50.06016,39.61671,2.58005,-0.21742,-0.00242,-4.77103,1.52900,25.00000,25.00000,165.38329,0.54692,0.14211,0.47710,0.02875,0.60000,0.09792,0.00000,none
15.81667,50.06074,39.61206,2.58124,-0.21779,-0.00241,-4.76414,1.77852,25.00000,25.00000,165.38794,0.54716,0.14209,0.47641,0.02750,0.59875,0.09667,0.00000,none
15.82083,50.06131,39.60744,2.58243,-0.21816,-0.00240,-4.75621,2.02755,25.00000,25.00000,165.39256,0.54740,0.14206,0.47562,0.02625,0.59750,0.09542,0.00000,none
15.82500,50.06188,39.60283,2.58363,-0.21852,-0.00239,-4.74725,2.27607,25.00000,25.00000,165.39717,0.54763,0.14204,0.47472,0.02500,0.59625,0.09417,0.00000,none
15.82917,50.06245,39.59823,2.58483,-0.21887,-0.00238,-4.73725,2.52405,25.00000,25.00000,165.40177,0.54787,0.14201,0.47372,0.02375,0.59500,0.09292,0.00000,none
15.83333,50.06302,39.59364,2.58602,-0.21922,-0.00237,-4.72621,2.77145,25.00000,25.00000,165.40636,0.54809,0.14198,0.47262,0.02250,0.59375,0.09167,0.00000,none
15.83750,50.06359,39.58907,2.58722,-0.21956,-0.00236,-4.71415,3.01825,25.00000,25.00000,165.41093,0.54832,0.14196,0.47142,0.02125,0.59250,0.09042,0.00000,none
15.84167,50.06415,39.58450,2.58843,-0.21990,-0.00235,-4.70106,3.26440,25.00000,25.00000,165.41550,0.54854,0.14193,0.47011,0.02000,0.59125,0.08917,0.00000,none
15.84583,50.06471,39.57994,2.58963,-0.22024,-0.00234,-4.68695,3.50989,25.00000,25.00000,165.42006,0.54876,0.14190,0.46869,0.01875,0.59000,0.08792,0.00000,none
15.85000,50.06527,39.57539,2.59084,-0.22057,-0.00233,-4.67181,3.75468,25.00000,25.00000,165.42461,0.54897,0.14187,0.46718,0.01750,0.58875,0.08667,0.00000,none
15.85417,50.06583,39.57084,2.59205,-0.22090,-0.00232,-4.65566,3.99873,25.00000,25.00000,165.42916,0.54919,0.14184,0.46557,0.01625,0.58750,0.08542,0.00000,none
15.85833,50.06638,39.56630,2.59326,-0.22122,-0.00231,-4.63849,4.24202,25.00000,25.00000,165.43370,0.54939,0.14181,0.46385,0.01500,0.58625,0.08417,0.00000,none
15.86250,50.06693,39.56175,2.59448,-0.22154,-0.00230,-4.62031,4.48452,25.00000,25.00000,165.43825,0.54960,0.14178,0.46203,0.01375,0.58500,0.08292,0.00000,none
15.86667,50.06747,39.55722,2.59569,-0.22186,-0.00228,-4.60112,4.72619,25.00000,25.00000,165.44278,0.54980,0.14175,0.46011,0.01250,0.58375,0.08167,0.00000,none
15.87083,50.06802,39.55268,2.59691,-0.22218,-0.00227,-4.58093,4.96700,25.00000,25.00000,165.44732,0.54999,0.14171,0.45809,0.01125,0.58250,0.08042,0.00000,none
15.87500,50.06856,39.54814,2.59813,-0.22249,-0.00226,-4.55973,5.20692,25.00000,25.00000,165.45186,0.55019,0.14168,0.45597,0.01000,0.58125,0.07917,0.00000,none
15.87917,50.06910,39.54360,2.59936,-0.22280,-0.00224,-4.53754,5.44592,25.00000,25.00000,165.45640,0.55037,0.14164,0.45375,0.00875,0.58000,0.07792,0.00000,none
15.88333,50.06963,39.53906,2.60059,-0.22311,-0.00223,-4.51435,5.68397,25.00000,25.00000,165.46094,0.55056,0.14160,0.45143,0.00750,0.57875,0.07667,0.00000,none
15.88750,50.07016,39.53451,2.60182,-0.22341,-0.00222,-4.49017,5.92102,25.00000,25.00000,165.46549,0.55074,0.14157,0.44902,0.00625,0.57750,0.07542,0.00000,none
15.89167,50.07069,39.52996,2.60305,-0.22371,-0.00220,-4.46501,6.15706,25.00000,25.00000,165.47004,0.55092,0.14153,0.44650,0.00500,0.57625,0.07417,0.00000,none
15.89583,50.07121,39.52541,2.60429,-0.22402,-0.00219,-4.43886,6.39204,25.00000,25.00000,165.47459,0.55109,0.14149,0.44389,0.00375,0.57500,0.07292,0.00000,none
15.90000,50.07173,39.52085,2.60553,-0.22432,-0.00217,-4.41174,6.62594,25.00000,25.00000,165.47915,0.55126,0.14145,0.44117,0.00250,0.57375,0.07167,0.00000,none
15.90417,50.07225,39.51628,2.60677,-0.22462,-0.00216,-4.38365,6.85872,25.00000,25.00000,165.48372,0.55142,0.14141,0.43836,0.00125,0.57250,0.07042,0.00000,none
15.90833,50.07276,39.51171,2.60801,-0.22491,-0.00214,-4.35459,7.09034,25.00000,25.00000,165.48829,0.55159,0.14137,0.43546,0.00000,0.57125,0.06917,0.00000,none
15.91250,50.07327,39.50718,2.60926,-0.22520,-0.00212,-4.32456,7.32068,25.00000,25.00000,165.49282,0.55135,0.14123,0.43246,0.00000,0.57000,0.06792,0.00000,none
15.91667,50.07378,39.50269,2.61050,-0.22548,-0.00211,-4.29358,7.54970,25.00000,25.00000,165.49731,0.55112,0.14110,0.42936,0.00000,0.56875,0.06667,0.00000,none
15.92083,50.07428,39.49823,2.61174,-0.22574,-0.00209,-4.26165,7.77737,25.00000,25.00000,165.50177,0.55088,0.14096,0.42617,0.00000,0.56750,0.06542,0.00000,none
15.92500,50.07477,39.49381,2.61298,-0.22600,-0.00207,-4.22877,8.00365,25.00000,25.00000,165.50619,0.55065,0.14083,0.42288,0.00000,0.56625,0.06417,0.00000,none
15.92917,50.07526,39.48942,2.61422,-0.22625,-0.00205,-4.19496,8.22851,25.00000,25.00000,165.51058,0.55042,0.14069,0.41950,0.00000,0.56500,0.06292,0.00000,none
15.93333,50.07575,39.48506,2.61546,-0.22649,-0.00203,-4.16020,8.45192,25.00000,25.00000,165.51494,0.55018,0.14055,0.41602,0.00000,0.56375,0.06167,0.00000,none
15.93750,50.07623,39.48073,2.61670,-0.22673,-0.00201,-4.12453,8.67383,25.00000,25.00000,165.51927,0.54995,0.14042,0.41245,0.00000,0.56250,0.06042,0.00000,none
15.94167,50.07671,39.47643,2.61793,-0.22695,-0.00199,-4.08792,8.89422,25.00000,25.00000,165.52357,0.54971,0.14028,0.40879,0.00000,0.56125,0.05917,0.00000,none
15.94583,50.07719,39.47215,2.61917,-0.22717,-0.00197,-4.05041,9.11305,25.00000,25.00000,165.52785,0.54948,0.14015,0.40504,0.00000,0.56000,0.05792,0.00000,none
15.95000,50.07765,39.46790,2.62040,-0.22739,-0.00195,-4.01198,9.33029,25.00000,25.00000,165.53210,0.54924,0.14001,0.40120,0.00000,0.55875,0.05667,0.00000,none
15.95417,50.07812,39.46367,2.62164,-0.22759,-0.00193,-3.97266,9.54589,25.00000,25.00000,165.53633,0.54900,0.13988,0.39727,0.00000,0.55750,0.05542,0.00000,none
15.95833,50.07858,39.45946,2.62287,-0.22779,-0.00191,-3.93244,9.75982,25.00000,25.00000,165.54054,0.54876,0.13974,0.39324,0.00000,0.55625,0.05417,0.00000,none
15.96250,50.07903,39.45527,2.62411,-0.22799,-0.00189,-3.89133,9.97204,25.00000,25.00000,165.54473,0.54853,0.13961,0.38913,0.00000,0.55500,0.05292,0.00000,none
15.96667,50.07948,39.45110,2.62534,-0.22818,-0.00187,-3.84934,10.18252,25.00000,25.00000,165.54890,0.54829,0.13947,0.38493,0.00000,0.55375,0.05167,0.00000,none
15.97083,50.07992,39.44694,2.62657,-0.22836,-0.00184,-3.80648,10.39122,25.00000,25.00000,165.55306,0.54805,0.13933,0.38065,0.00000,0.55250,0.05042,0.00000,none
15.97500,50.08036,39.44279,2.62781,-0.22854,-0.00182,-3.76275,10.59810,25.00000,25.00000,165.55721,0.54781,0.13920,0.37627,0.00000,0.55125,0.04917,0.00000,none
15.97917,50.08079,39.43867,2.62904,-0.22872,-0.00180,-3.71816,10.80312,25.00000,25.00000,165.56133,0.54756,0.13906,0.37182,0.00000,0.55000,0.04792,0.00000,none
15.98333,50.08122,39.43455,2.63027,-0.22889,-0.00177,-3.67272,11.00624,25.00000,25.00000,165.56545,0.54732,0.13892,0.36727,0.00000,0.54875,0.04667,0.00000,none
15.98750,50.08164,39.43044,2.63150,-0.22905,-0.00175,-3.62644,11.20743,25.00000,25.00000,165.56956,0.54708,0.13879,0.36264,0.00000,0.54750,0.04542,0.00000,none
15.99167,50.08205,39.42634,2.63273,-0.22922,-0.00173,-3.57933,11.40665,25.00000,25.00000,165.57366,0.54683,0.13865,0.35793,0.00000,0.54625,0.04417,0.00000,none
15.99583,50.08246,39.42225,2.63397,-0.22938,-0.00170,-3.53139,11.60386,25.00000,25.00000,165.57775,0.54658,0.13851,0.35314,0.00000,0.54500,0.04292,0.00000,none
16.00000,50.08286,39.41817,2.63520,-0.22953,-0.00168,-3.48263,11.79901,25.00000,25.00000,165.58183,0.54634,0.13837,0.34826,0.00000,0.54375,0.04167,0.00000,none
16.00417,50.08326,39.41410,2.63643,-0.22969,-0.00165,-3.43307,11.99208,25.00000,25.00000,165.58590,0.54609,0.13824,0.34331,0.00000,0.54250,0.04042,0.00000,none
16.00833,50.08365,39.41003,2.63767,-0.22984,-0.00163,-3.38270,12.18301,25.00000,25.00000,165.58997,0.54584,0.13810,0.33827,0.00000,0.54125,0.03917,0.00000,none
16.01250,50.08404,39.40596,2.63890,-0.22999,-0.00160,-3.33155,12.37176,25.00000,25.00000,165.59404,0.54559,0.13796,0.33315,0.00000,0.54000,0.03792,0.00000,none
16.01667,50.08442,39.40190,2.64013,-0.23013,-0.00158,-3.27961,12.55831,25.00000,25.00000,165.59810,0.54534,0.13782,0.32796,0.00000,0.53875,0.03667,0.00000,none
16.02083,50.08479,39.39784,2.64137,-0.23028,-0.00155,-3.22690,12.74260,25.00000,25.00000,165.60216,0.54508,0.13768,0.32269,0.00000,0.53750,0.03542,0.00000,none
16.02500,50.08516,39.39379,2.64260,-0.23042,-0.00153,-3.17342,12.92459,25.00000,25.00000,165.60621,0.54483,0.13754,0.31734,0.00000,0.53625,0.03417,0.00000,none
16.02917,50.08552,39.38973,2.64384,-0.23056,-0.00150,-3.11919,13.10425,25.00000,25.00000,165.61027,0.54457,0.13740,0.31192,0.00000,0.53500,0.03292,0.00000,none
16.03333,50.08588,39.38568,2.64507,-0.23070,-0.00147,-3.06422,13.28152,25.00000,25.00000,165.61432,0.54431,0.13726,0.30642,0.00000,0.53375,0.03167,0.00000,none
16.03750,50.08622,39.38162,2.64631,-0.23083,-0.00145,-3.00852,13.45638,25.00000,25.00000,165.61838,0.54405,0.13712,0.30085,0.00000,0.53250,0.03042,0.00000,none
16.04167,50.08657,39.37756,2.64754,-0.23097,-0.00142,-2.95209,13.62878,25.00000,25.00000,165.62244,0.54379,0.13698,0.29521,0.00000,0.53125,0.02917,0.00000,none
16.04583,50.08690,39.37350,2.64878,-0.23110,-0.00139,-2.89495,13.79867,25.00000,25.00000,165.62650,0.54353,0.13684,0.28949,0.00000,0.53000,0.02792,0.00000,none
16.05000,50.08723,39.36944,2.65002,-0.23124,-0.00137,-2.83710,13.96601,25.00000,25.00000,165.63056,0.54327,0.13670,0.28371,0.00000,0.52875,0.02667,0.00000,none
16.05417,50.08756,39.36537,2.65126,-0.23137,-0.00134,-2.77857,14.13076,25.00000,25.00000,165.63463,0.54300,0.13656,0.27786,0.00000,0.52750,0.02542,0.00000,none
16.05833,50.08787,39.36130,2.65250,-0.23150,-0.00131,-2.71935,14.29288,25.00000,25.00000,165.63870,0.54274,0.13642,0.27194,0.00000,0.52625,0.02417,0.00000,none
16.06250,50.08818,39.35722,2.65374,-0.23163,-0.00129,-2.65946,14.45233,25.00000,25.00000,165.64278,0.54247,0.13628,0.26595,0.00000,0.52500,0.02292,0.00000,none
16.06667,50.08849,39.35314,2.65498,-0.23176,-0.00126,-2.59892,14.60905,25.00000,25.00000,165.64686,0.54220,0.13613,0.25989,0.00000,0.52375,0.02167,0.00000,none
16.07083,50.08878,39.34905,2.65623,-0.23189,-0.00123,-2.53773,14.76301,25.00000,25.00000,165.65095,0.54193,0.13599,0.25377,0.00000,0.52250,0.02042,0.00000,none
16.07500,50.08908,39.34496,2.65747,-0.23201,-0.00120,-2.47590,14.91417,25.00000,25.00000,165.65504,0.54166,0.13585,0.24759,0.00000,0.52125,0.01917,0.00000,none
16.07917,50.08936,39.34086,2.65872,-0.23214,-0.00118,-2.41344,15.06248,25.00000,25.00000,165.65914,0.54138,0.13570,0.24134,0.00000,0.52000,0.01792,0.00000,none
16.08333,50.08964,39.33675,2.65996,-0.23227,-0.00115,-2.35038,15.20789,25.00000,25.00000,165.66325,0.54111,0.13556,0.23504,0.00000,0.51875,0.01667,0.00000,none
16.08750,50.08991,39.33264,2.66121,-0.23240,-0.00112,-2.28672,15.35037,25.00000,25.00000,165.66736,0.54083,0.13542,0.22867,0.00000,0.51750,0.01542,0.00000,none
16.09167,50.09017,39.32851,2.66246,-0.23253,-0.00109,-2.22246,15.48987,25.00000,25.00000,165.67149,0.54055,0.13527,0.22225,0.00000,0.51625,0.01417,0.00000,none
16.09583,50.09043,39.32438,2.66371,-0.23265,-0.00106,-2.15764,15.62635,25.00000,25.00000,165.67562,0.54027,0.13513,0.21576,0.00000,0.51500,0.01292,0.00000,none
16.10000,50.09068,39.32024,2.66496,-0.23278,-0.00104,-2.09225,15.75976,25.00000,25.00000,165.67976,0.53999,0.13498,0.20922,0.00000,0.51375,0.01167,0.00000,none
16.10417,50.09092,39.31609,2.66621,-0.23291,-0.00101,-2.02631,15.89007,25.00000,25.00000,165.68391,0.53970,0.13484,0.20263,0.00000,0.51250,0.01042,0.00000,none
16.10833,50.09116,39.31192,2.66747,-0.23304,-0.00098,-1.95984,16.01722,25.00000,25.00000,165.68808,0.53942,0.13469,0.19598,0.00000,0.51125,0.00917,0.00000,none
16.11250,50.09139,39.30775,2.66872,-0.23316,-0.00095,-1.89284,16.14117,25.00000,25.00000,165.69225,0.53913,0.13455,0.18928,0.00000,0.51000,0.00792,0.00000,none
16.11667,50.09162,39.30357,2.66998,-0.23329,-0.00092,-1.82533,16.26189,25.00000,25.00000,165.69643,0.53884,0.13440,0.18253,0.00000,0.50875,0.00667,0.00000,none
16.12083,50.09183,39.29938,2.67124,-0.23342,-0.00090,-1.75733,16.37932,25.00000,25.00000,165.70062,0.53855,0.13425,0.17573,0.00000,0.50750,0.00542,0.00000,none
16.12500,50.09204,39.29517,2.67250,-0.23355,-0.00087,-1.68884,16.49343,25.00000,25.00000,165.70483,0.53826,0.13411,0.16888,0.00000,0.50625,0.00417,0.00000,none
16.12917,50.09225,39.29095,2.67376,-0.23368,-0.00084,-1.61988,16.60418,25.00000,25.00000,165.70905,0.53796,0.13396,0.16199,0.00000,0.50500,0.00292,0.00000,none
16.13333,50.09244,39.28673,2.67502,-0.23381,-0.00081,-1.55048,16.71151,25.00000,25.00000,165.71327,0.53767,0.13381,0.15505,0.00000,0.50375,0.00167,0.00000,none
16.13750,50.09263,39.28249,2.67628,-0.23394,-0.00078,-1.48063,16.81540,25.00000,25.00000,165.71751,0.53737,0.13366,0.14806,0.00000,0.50250,0.00042,0.00000,none
16.14167,50.09282,39.27823,2.67755,-0.23407,-0.00075,-1.41035,16.91579,25.00000,25.00000,165.72177,0.53707,0.13351,0.14104,0.00000,0.50125,-0.00083,0.00000,none
16.14583,50.09299,39.27397,2.67882,-0.23421,-0.00072,-1.33967,17.01265,25.00000,25.00000,165.72603,0.53677,0.13336,0.13397,0.00000,0.50000,-0.00208,0.00000,none
16.15000,50.09316,39.26969,2.68009,-0.23434,-0.00070,-1.26858,17.10593,25.00000,25.00000,165.73031,0.53647,0.13321,0.12686,0.00000,0.49875,-0.00333,0.00000,none
16.15417,50.09333,39.26540,2.68136,-0.23447,-0.00067,-1.19712,17.19560,25.00000,25.00000,165.73460,0.53616,0.13306,0.11971,0.00000,0.49750,-0.00458,0.00000,none
16.15833,50.09348,39.26109,2.68263,-0.23461,-0.00064,-1.12529,17.28161,25.00000,25.00000,165.73891,0.53586,0.13291,0.11253,0.00000,0.49625,-0.00583,0.00000,none
16.16250,50.09363,39.25677,2.68390,-0.23474,-0.00061,-1.05311,17.36393,25.00000,25.00000,165.74323,0.53555,0.13276,0.10531,0.00000,0.49500,-0.00708,0.00000,none
16.16667,50.09378,39.25244,2.68518,-0.23488,-0.00058,-0.98060,17.44252,25.00000,25.00000,165.74756,0.53524,0.13261,0.09806,0.00000,0.49375,-0.00833,0.00000,none
16.17083,50.09391,39.24810,2.68646,-0.23502,-0.00056,-0.90776,17.51733,25.00000,25.00000,165.75190,0.53493,0.13246,0.09078,0.00000,0.49250,-0.00958,0.00000,none
16.17500,50.09404,39.24374,2.68774,-0.23515,-0.00053,-0.83462,17.58833,25.00000,25.00000,165.75626,0.53462,0.13231,0.08346,0.00000,0.49125,-0.01083,0.00000,none
16.17917,50.09416,39.23936,2.68902,-0.23529,-0.00050,-0.76120,17.65548,25.00000,25.00000,165.76064,0.53430,0.13216,0.07612,0.00000,0.49000,-0.01208,0.00000,none
16.18333,50.09428,39.23498,2.69030,-0.23543,-0.00047,-0.68750,17.71875,25.00000,25.00000,165.76502,0.53399,0.13201,0.06875,0.00000,0.48875,-0.01333,0.00000,none
16.18750,50.09439,39.23058,2.69159,-0.23557,-0.00044,-0.61355,17.77810,25.00000,25.00000,165.76942,0.53367,0.13185,0.06135,0.00000,0.48750,-0.01458,0.00000,none
16.19167,50.09449,39.22616,2.69287,-0.23572,-0.00041,-0.53936,17.83348,25.00000,25.00000,165.77384,0.53335,0.13170,0.05394,0.00000,0.48625,-0.01583,0.00000,none
16.19583,50.09459,39.22173,2.69416,-0.23586,-0.00039,-0.46494,17.88488,25.00000,25.00000,165.77827,0.53303,0.13155,0.04649,0.00000,0.48500,-0.01708,0.00000,none
16.20000,50.09468,39.21728,2.69545,-0.23600,-0.00036,-0.39032,17.93225,25.00000,25.00000,165.78272,0.53271,0.13139,0.03903,0.00000,0.48375,-0.01833,0.00000,none
16.20417,50.09476,39.21282,2.69675,-0.23615,-0.00033,-0.31551,17.97556,25.00000,25.00000,165.78718,0.53239,0.13124,0.03155,0.00000,0.48250,-0.01958,0.00000,none
16.20833,50.09483,39.20835,2.69804,-0.23629,-0.00030,-0.24053,18.01479,25.00000,25.00000,165.79165,0.53206,0.13109,0.02405,0.00000,0.48125,-0.02083,0.00000,none
16.21250,50.09490,39.20386,2.69934,-0.23644,-0.00028,-0.16539,18.04988,25.00000,25.00000,165.79614,0.53173,0.13093,0.01654,0.00000,0.48000,-0.02208,0.00000,none
16.21667,50.09497,39.19936,2.70064,-0.23659,-0.00025,-0.09012,18.08083,25.00000,25.00000,165.80064,0.53140,0.13078,0.00901,0.00000,0.47875,-0.02333,0.00000,none
16.22083,50.09502,39.19484,2.70194,-0.23673,-0.00022,-0.01472,18.10759,25.00000,25.00000,165.80516,0.53107,0.13062,0.00147,0.00000,0.47750,-0.02458,0.00000,none
16.22500,50.09507,39.19031,2.70324,-0.23688,-0.00019,0.06077,18.13132,25.00000,25.00000,165.80969,0.53074,0.13047,0.00506,0.00000,0.47625,-0.02583,0.00000,none
16.22917,50.09511,39.18577,2.70454,-0.23703,-0.00016,0.13628,18.10963,25.00000,25.00000,165.81423,0.53041,0.13031,0.01136,0.00000,0.47500,0.10000,0.00000,none
16.23333,50.09515,39.18121,2.70585,-0.23719,-0.00013,0.21169,18.08693,25.00000,25.00000,165.81879,0.53007,0.13015,0.01764,0.00000,0.47375,0.10000,0.00000,none
16.23750,50.09518,39.17664,2.70715,-0.23734,-0.00010,0.28700,18.06323,25.00000,25.00000,165.82336,0.52974,0.13000,0.02392,0.00000,0.47250,0.10000,0.00000,none
16.24167,50.09519,39.17206,2.70846,-0.23749,-0.00007,0.36221,18.03854,25.00000,25.00000,165.82794,0.52940,0.12984,0.03018,0.00000,0.47125,0.10000,0.00000,none
16.24583,50.09521,39.16747,2.70976,-0.23765,-0.00003,0.43732,18.01288,25.00000,25.00000,165.83253,0.52906,0.12968,0.03644,0.00000,0.47000,0.10000,0.00000,none
16.25000,50.09521,39.16286,2.71107,-0.23781,0.00000,0.51232,17.98626,25.00000,25.00000,165.83714,0.52872,0.12953,0.04269,0.00000,0.46875,0.10000,0.00000,none
16.25417,50.09521,39.15823,2.71238,-0.23797,0.00004,0.58720,17.95869,25.00000,25.00000,165.84177,0.52838,0.12937,0.04893,0.00000,0.46750,0.10000,0.00000,none
16.25833,50.09519,39.15359,2.71369,-0.23813,0.00007,0.66197,17.93018,25.00000,25.00000,165.84641,0.52803,0.12921,0.05516,0.00000,0.46625,0.10000,0.00000,none
16.26250,50.09517,39.14894,2.71500,-0.23829,0.00011,0.73662,17.90075,25.00000,25.00000,165.85106,0.52769,0.12905,0.06139,0.00000,0.46500,0.10000,0.00000,none
16.26667,50.09514,39.14427,2.71631,-0.23845,0.00014,0.81114,17.87041,25.00000,25.00000,165.85573,0.52734,0.12889,0.06760,0.00000,0.46375,0.10000,0.00000,none
16.27083,50.09510,39.13958,2.71762,-0.23862,0.00018,0.88554,17.83918,25.00000,25.00000,165.86042,0.52699,0.12873,0.07380,0.00000,0.46250,0.10000,0.00000,none
16.27500,50.09506,39.13488,2.71894,-0.23878,0.00022,0.95980,17.80707,25.00000,25.00000,165.86512,0.52664,0.12858,0.07998,0.00000,0.46125,0.10000,0.00000,none
16.27917,50.09500,39.13016,2.72025,-0.23895,0.00025,1.03393,17.77408,25.00000,25.00000,165.86984,0.52629,0.12842,0.08616,0.00000,0.46000,0.10000,0.00000,none
16.28333,50.09494,39.12543,2.72157,-0.23912,0.00029,1.10792,17.74024,25.00000,25.00000,165.87457,0.52594,0.12826,0.09233,0.00000,0.45875,0.10000,0.00000,none
16.28750,50.09486,39.12069,2.72288,-0.23929,0.00032,1.18177,17.70556,25.00000,25.00000,165.87931,0.52558,0.12810,0.09848,0.00000,0.45750,0.10000,0.00000,none
16.29167,50.09478,39.11593,2.72420,-0.23946,0.00036,1.25546,17.67005,25.00000,25.00000,165.88407,0.52523,0.12794,0.10462,0.00000,0.45625,0.10000,0.00000,none
16.29583,50.09469,39.11115,2.72552,-0.23963,0.00040,1.32901,17.63371,25.00000,25.00000,165.88885,0.52487,0.12778,0.11075,0.00000,0.45500,0.10000,0.00000,none
16.30000,50.09459,39.10636,2.72684,-0.23981,0.00043,1.40241,17.59658,25.00000,25.00000,165.89364,0.52451,0.12761,0.11687,0.00000,0.45375,0.10000,0.00000,none
16.30417,50.09449,39.10155,2.72816,-0.23999,0.00047,1.47565,17.55865,25.00000,25.00000,165.89845,0.52415,0.12745,0.12297,0.00000,0.45250,0.10000,0.00000,none
16.30833,50.09437,39.09673,2.72948,-0.24016,0.00050,1.54873,17.51994,25.00000,25.00000,165.90327,0.52379,0.12729,0.12906,0.00000,0.45125,0.10000,0.00000,none
16.31250,50.09425,39.09190,2.73081,-0.24034,0.00054,1.62165,17.48047,25.00000,25.00000,165.90810,0.52343,0.12713,0.13514,0.00000,0.45000,0.10000,0.00000,none
16.31667,50.09411,39.08705,2.73213,-0.24052,0.00057,1.69440,17.44024,25.00000,25.00000,165.91295,0.52306,0.12697,0.14120,0.00000,0.44875,0.10000,0.00000,none
16.32083,50.09397,39.08218,2.73346,-0.24070,0.00061,1.76698,17.39927,25.00000,25.00000,165.91782,0.52270,0.12681,0.14725,0.00000,0.44750,0.10000,0.00000,none
16.32500,50.09382,39.07730,2.73478,-0.24089,0.00064,1.83940,17.35757,25.00000,25.00000,165.92270,0.52233,0.12664,0.15328,0.00000,0.44625,0.10000,0.00000,none
16.32917,50.09366,39.07241,2.73611,-0.24107,0.00068,1.91163,17.31516,25.00000,25.00000,165.92759,0.52196,0.12648,0.15930,0.00000,0.44500,0.10000,0.00000,none
16.33333,50.09350,39.06750,2.73744,-0.24126,0.00071,1.98369,17.27204,25.00000,25.00000,165.93250,0.52159,0.12632,0.16531,0.00000,0.44375,0.10000,0.00000,none
16.33750,50.09332,39.06258,2.73877,-0.24144,0.00075,2.05556,17.22824,25.00000,25.00000,165.93742,0.52122,0.12615,0.17130,0.00000,0.44250,0.10000,0.00000,none
16.34167,50.09314,39.05764,2.74010,-0.24163,0.00078,2.12726,17.18375,25.00000,25.00000,165.94236,0.52085,0.12599,0.17727,0.00000,0.44125,0.10000,0.00000,none
16.34583,50.09295,39.05269,2.74143,-0.24182,0.00082,2.19876,17.13860,25.00000,25.00000,165.94731,0.52047,0.12583,0.18323,0.00000,0.44000,0.10000,0.00000,none
16.35000,50.09275,39.04773,2.74276,-0.24201,0.00085,2.27008,17.09279,25.00000,25.00000,165.95227,0.52010,0.12566,0.18917,0.00000,0.43875,0.10000,0.00000,none
16.35417,50.09254,39.04275,2.74410,-0.24220,0.00088,2.34120,17.04634,25.00000,25.00000,165.95725,0.51972,0.12550,0.19510,0.00000,0.43750,0.10000,0.00000,none
16.35833,50.09233,39.03776,2.74543,-0.24240,0.00092,2.41213,16.99926,25.00000,25.00000,165.96224,0.51935,0.12533,0.20101,0.00000,0.43625,0.10000,0.00000,none
16.36250,50.09210,39.03275,2.74677,-0.24259,0.00095,2.48286,16.95156,25.00000,25.00000,165.96725,0.51897,0.12517,0.20690,0.00000,0.43500,0.10000,0.00000,none
16.36667,50.09187,39.02774,2.74810,-0.24279,0.00098,2.55339,16.90325,25.00000,25.00000,165.97226,0.51859,0.12500,0.21278,0.00000,0.43375,0.10000,0.00000,none
16.37083,50.09163,39.02271,2.74944,-0.24298,0.00102,2.62372,16.85435,25.00000,25.00000,165.97729,0.51821,0.12484,0.21864,0.00000,0.43250,0.10000,0.00000,none
16.37500,50.09139,39.01766,2.75078,-0.24318,0.00105,2.69384,16.80487,25.00000,25.00000,165.98234,0.51782,0.12467,0.22449,0.00000,0.43125,0.10000,0.00000,none
16.37917,50.09113,39.01261,2.75212,-0.24338,0.00108,2.76376,16.75482,25.00000,25.00000,165.98739,0.51744,0.12451,0.23031,0.00000,0.43000,0.10000,0.00000,none
16.38333,50.09087,39.00754,2.75346,-0.24358,0.00111,2.83347,16.70421,25.00000,25.00000,165.99246,0.51706,0.12434,0.23612,0.00000,0.42875,0.10000,0.00000,none
16.38750,50.09060,39.00246,2.75480,-0.24378,0.00115,2.90296,16.65305,25.00000,25.00000,165.99754,0.51667,0.12418,0.24191,0.00000,0.42750,0.10000,0.00000,none
16.39167,50.09032,38.99737,2.75615,-0.24398,0.00118,2.97224,16.60136,25.00000,25.00000,166.00263,0.51628,0.12401,0.24769,0.00000,0.42625,0.10000,0.00000,none
16.39583,50.09004,38.99226,2.75749,-0.24418,0.00121,3.04130,16.54914,25.00000,25.00000,166.00774,0.51590,0.12385,0.25344,0.00000,0.42500,0.10000,0.00000,none
16.40000,50.08975,38.98714,2.75884,-0.24438,0.00124,3.11015,16.49641,25.00000,25.00000,166.01286,0.51551,0.12368,0.25918,0.00000,0.42375,0.10000,0.00000,none
16.40417,50.08945,38.98201,2.76018,-0.24458,0.00127,3.17877,16.44317,25.00000,25.00000,166.01799,0.51513,0.12351,0.26490,0.00000,0.42250,0.10000,0.00000,none
16.40833,50.08914,38.97687,2.76153,-0.24479,0.00130,3.24718,16.38945,25.00000,25.00000,166.02313,0.51474,0.12335,0.27060,0.00000,0.42125,0.10000,0.00000,none
16.41250,50.08883,38.97172,2.76288,-0.24499,0.00133,3.31535,16.33525,25.00000,25.00000,166.02828,0.51435,0.12318,0.27628,0.00000,0.42000,0.10000,0.00000,none
16.41667,50.08851,38.96656,2.76423,-0.24520,0.00136,3.38330,16.28058,25.00000,25.00000,166.03344,0.51396,0.12301,0.28194,0.00000,0.41875,0.10000,0.00000,none
16.42083,50.08818,38.96138,2.76558,-0.24541,0.00139,3.45102,16.22545,25.00000,25.00000,166.03862,0.51356,0.12285,0.28759,0.00000,0.41750,0.10000,0.00000,none
16.42500,50.08784,38.95620,2.76693,-0.24561,0.00142,3.51851,16.16988,25.00000,25.00000,166.04380,0.51317,0.12268,0.29321,0.00000,0.41625,0.10000,0.00000,none
16.42917,50.08750,38.95100,2.76829,-0.24582,0.00145,3.58577,16.11387,25.00000,25.00000,166.04900,0.51278,0.12251,0.29881,0.00000,0.41500,0.10000,0.00000,none
16.43333,50.08715,38.94579,2.76964,-0.24603,0.00148,3.65280,16.05744,25.00000,25.00000,166.05421,0.51238,0.12235,0.30440,0.00000,0.41375,0.10000,0.00000,none
16.43750,50.08680,38.94057,2.77100,-0.24624,0.00150,3.71958,16.00059,25.00000,25.00000,166.05943,0.51199,0.12218,0.30997,0.00000,0.41250,0.10000,0.00000,none
16.44167,50.08644,38.93534,2.77235,-0.24645,0.00153,3.78613,15.94334,25.00000,25.00000,166.06466,0.51159,0.12201,0.31551,0.00000,0.41125,0.10000,0.00000,none
16.44583,50.08607,38.93010,2.77371,-0.24666,0.00156,3.85244,15.88569,25.00000,25.00000,166.06990,0.51119,0.12184,0.32104,0.00000,0.41000,0.10000,0.00000,none
16.45000,50.08569,38.92485,2.77507,-0.24687,0.00159,3.91851,15.82767,25.00000,25.00000,166.07515,0.51079,0.12168,0.32654,0.00000,0.40875,0.10000,0.00000,none
16.45417,50.08531,38.91959,2.77643,-0.24709,0.00162,3.98434,15.76927,25.00000,25.00000,166.08041,0.51039,0.12151,0.33203,0.00000,0.40750,0.10000,0.00000,none
16.45833,50.08492,38.91432,2.77779,-0.24730,0.00164,4.04992,15.71051,25.00000,25.00000,166.08568,0.50999,0.12134,0.33749,0.00000,0.40625,0.10000,0.00000,none
16.46250,50.08452,38.90904,2.77915,-0.24751,0.00167,4.11526,15.65140,25.00000,25.00000,166.09096,0.50959,0.12117,0.34294,0.00000,0.40500,0.10000,0.00000,none
16.46667,50.08412,38.90375,2.78051,-0.24773,0.00170,4.18035,15.59194,25.00000,25.00000,166.09625,0.50919,0.12100,0.34836,0.00000,0.40375,0.10000,0.00000,none
16.47083,50.08372,38.89846,2.78188,-0.24794,0.00172,4.24519,15.53216,25.00000,25.00000,166.10154,0.50879,0.12083,0.35377,0.00000,0.40250,0.10000,0.00000,none
16.47500,50.08330,38.89315,2.78324,-0.24815,0.00175,4.30979,15.47205,25.00000,25.00000,166.10685,0.50838,0.12067,0.35915,0.00000,0.40125,0.10000,0.00000,none
16.47917,50.08288,38.88783,2.78461,-0.24837,0.00177,4.37413,15.41163,25.00000,25.00000,166.11217,0.50798,0.12050,0.36451,0.00000,0.40000,0.10000,0.00000,none
16.48333,50.08245,38.88250,2.78598,-0.24859,0.00180,4.43822,15.35091,25.00000,25.00000,166.11750,0.50757,0.12033,0.36985,0.00000,0.39875,0.10000,0.00000,none
16.48750,50.08202,38.87717,2.78734,-0.24880,0.00182,4.50205,15.28989,25.00000,25.00000,166.12283,0.50717,0.12016,0.37517,0.00000,0.39750,0.10000,0.00000,none
16.49167,50.08158,38.87182,2.78871,-0.24902,0.00185,4.56563,15.22860,25.00000,25.00000,166.12818,0.50676,0.11999,0.38047,0.00000,0.39625,0.10000,0.00000,none
16.49583,50.08114,38.86647,2.79008,-0.24923,0.00187,4.62896,15.16702,25.00000,25.00000,166.13353,0.50635,0.11982,0.38575,0.00000,0.39500,0.10000,0.00000,none
16.50000,50.08069,38.86111,2.79145,-0.24945,0.00190,4.69202,15.10519,25.00000,25.00000,166.13889,0.50594,0.11965,0.39100,0.00000,0.39375,0.10000,0.00000,none
16.50417,50.08023,38.85574,2.79283,-0.24967,0.00192,4.75483,15.04310,25.00000,25.00000,166.14426,0.50554,0.11948,0.39624,0.00000,0.39250,0.10000,0.00000,none
16.50833,50.07977,38.85036,2.79420,-0.24989,0.00195,4.81738,14.98076,25.00000,25.00000,166.14964,0.50513,0.11931,0.40145,0.00000,0.39125,0.10000,0.00000,none
16.51250,50.07930,38.84498,2.79557,-0.25011,0.00197,4.87967,14.91818,25.00000,25.00000,166.15502,0.50472,0.11914,0.40664,0.00000,0.39000,0.10000,0.00000,none
16.51667,50.07883,38.83958,2.79695,-0.25032,0.00199,4.94170,14.85538,25.00000,25.00000,166.16042,0.50430,0.11897,0.41181,0.00000,0.38875,0.10000,0.00000,none
16.52083,50.07835,38.83418,2.79832,-0.25054,0.00202,5.00347,14.79236,25.00000,25.00000,166.16582,0.50389,0.11881,0.41696,0.00000,0.38750,0.10000,0.00000,none
16.52500,50.07787,38.82877,2.79970,-0.25076,0.00204,5.06497,14.72912,25.00000,25.00000,166.17123,0.50348,0.11864,0.42208,0.00000,0.38625,0.10000,0.00000,none
16.52917,50.07738,38.82336,2.80108,-0.25098,0.00206,5.12621,14.66569,25.00000,25.00000,166.17664,0.50307,0.11847,0.42718,0.00000,0.38500,0.10000,0.00000,none
16.53333,50.07688,38.81793,2.80246,-0.25120,0.00209,5.18718,14.60206,25.00000,25.00000,166.18207,0.50265,0.11830,0.43227,0.00000,0.38375,0.10000,0.00000,none
16.53750,50.07638,38.81250,2.80384,-0.25142,0.00211,5.24789,14.53825,25.00000,25.00000,166.18750,0.50224,0.11813,0.43732,0.00000,0.38250,0.10000,0.00000,none
16.54167,50.07587,38.80707,2.80522,-0.25164,0.00213,5.30834,14.47426,25.00000,25.00000,166.19293,0.50182,0.11796,0.44236,0.00000,0.38125,0.10000,0.00000,none
16.54583,50.07536,38.80162,2.80660,-0.25186,0.00215,5.36851,14.41010,25.00000,25.00000,166.19838,0.50141,0.11779,0.44738,0.00000,0.38000,0.10000,0.00000,none
16.55000,50.07485,38.79617,2.80798,-0.25208,0.00217,5.42842,14.34579,25.00000,25.00000,166.20383,0.50099,0.11762,0.45237,0.00000,0.37875,0.10000,0.00000,none
16.55417,50.07433,38.79071,2.80937,-0.25230,0.00219,5.48806,14.28132,25.00000,25.00000,166.20929,0.50057,0.11745,0.45734,0.00000,0.37750,0.10000,0.00000,none
16.55833,50.07380,38.78525,2.81075,-0.25252,0.00221,5.54743,14.21671,25.00000,25.00000,166.21475,0.50016,0.11728,0.46229,0.00000,0.37625,0.10000,0.00000,none
16.56250,50.07327,38.77978,2.81214,-0.25274,0.00224,5.60653,14.15196,25.00000,25.00000,166.22022,0.49974,0.11711,0.46721,0.00000,0.37500,0.10000,0.00000,none
16.56667,50.07273,38.77430,2.81352,-0.25296,0.00226,5.66536,14.08708,25.00000,25.00000,166.22570,0.49932,0.11694,0.47211,0.00000,0.37375,0.10000,0.00000,none
16.57083,50.07219,38.76882,2.81491,-0.25318,0.00228,5.72392,14.02209,25.00000,25.00000,166.23118,0.49890,0.11677,0.47699,0.00000,0.37250,0.10000,0.00000,none
16.57500,50.07165,38.76333,2.81630,-0.25340,0.00230,5.78221,13.95698,25.00000,25.00000,166.23667,0.49848,0.11660,0.48185,0.00000,0.37125,0.10000,0.00000,none
16.57917,50.07110,38.75783,2.81769,-0.25362,0.00232,5.84023,13.89177,25.00000,25.00000,166.24217,0.49806,0.11643,0.48669,0.00000,0.37000,0.10000,0.00000,none
16.58333,50.07054,38.75233,2.81908,-0.25384,0.00234,5.89798,13.82647,25.00000,25.00000,166.24767,0.49764,0.11625,0.49150,0.00000,0.36875,0.10000,0.00000,none
16.58750,50.06998,38.74682,2.82047,-0.25406,0.00235,5.95545,13.76107,25.00000,25.00000,166.25318,0.49722,0.11608,0.49629,0.00000,0.36750,0.10000,0.00000,none
16.59167,50.06942,38.74131,2.82186,-0.25428,0.00237,6.01265,13.69559,25.00000,25.00000,166.25869,0.49680,0.11591,0.50105,0.00000,0.36625,0.10000,0.00000,none
16.59583,50.06885,38.73585,2.82325,-0.25449,0.00239,6.06958,13.62982,25.00000,25.00000,166.26415,0.49658,0.11586,0.50580,0.00000,0.36625,0.10000,0.00000,none
16.60000,50.06828,38.73044,2.82463,-0.25469,0.00241,6.12624,13.56377,25.00000,25.00000,166.26956,0.49637,0.11581,0.51052,0.00000,0.36625,0.10000,0.00000,none
16.60417,50.06770,38.72508,2.82601,-0.25489,0.00242,6.18261,13.49745,25.00000,25.00000,166.27492,0.49615,0.11576,0.51522,0.00000,0.36625,0.10000,0.00000,none
16.60833,50.06712,38.71977,2.82738,-0.25507,0.00243,6.23871,13.43087,25.00000,25.00000,166.28023,0.49594,0.11571,0.51989,0.00000,0.36625,0.10000,0.00000,none
16.61250,50.06654,38.71450,2.82874,-0.25524,0.00245,6.29454,13.36403,25.00000,25.00000,166.28550,0.49573,0.11566,0.52454,0.00000,0.36625,0.10000,0.00000,none
16.61667,50.06595,38.70928,2.83010,-0.25540,0.00246,6.35008,13.29694,25.00000,25.00000,166.29072,0.49552,0.11561,0.52917,0.00000,0.36625,0.10000,0.00000,none
16.62083,50.06536,38.70411,2.83146,-0.25556,0.00247,6.40534,13.22961,25.00000,25.00000,166.29589,0.49531,0.11556,0.53378,0.00000,0.36625,0.10000,0.00000,none
16.62500,50.06477,38.69898,2.83281,-0.25571,0.00248,6.46033,13.16204,25.00000,25.00000,166.30102,0.49510,0.11551,0.53836,0.00000,0.36625,0.10000,0.00000,none
16.62917,50.06418,38.69389,2.83416,-0.25585,0.00249,6.51503,13.09424,25.00000,25.00000,166.30611,0.49490,0.11546,0.54292,0.00000,0.36625,0.10000,0.00000,none
16.63333,50.06359,38.68885,2.83550,-0.25598,0.00249,6.56945,13.02623,25.00000,25.00000,166.31115,0.49470,0.11542,0.54745,0.00000,0.36625,0.10000,0.00000,none
16.63750,50.06299,38.68385,2.83683,-0.25611,0.00250,6.62358,12.95800,25.00000,25.00000,166.31615,0.49450,0.11537,0.55196,0.00000,0.36625,0.10000,0.00000,none
16.64167,50.06239,38.67889,2.83817,-0.25622,0.00251,6.67743,12.88956,25.00000,25.00000,166.32111,0.49430,0.11532,0.55645,0.00000,0.36625,0.10000,0.00000,none
16.64583,50.06179,38.67397,2.83949,-0.25634,0.00252,6.73099,12.82093,25.00000,25.00000,166.32603,0.49410,0.11527,0.56092,0.00000,0.36625,0.10000,0.00000,none
16.65000,50.06119,38.66909,2.84081,-0.25644,0.00252,6.78427,12.75210,25.00000,25.00000,166.33091,0.49391,0.11523,0.56536,0.00000,0.36625,0.10000,0.00000,none
16.65417,50.06059,38.66424,2.84213,-0.25654,0.00253,6.83726,12.68309,25.00000,25.00000,166.33576,0.49371,0.11518,0.56977,0.00000,0.36625,0.10000,0.00000,none
16.65833,50.05998,38.65943,2.84344,-0.25663,0.00254,6.88996,12.61389,25.00000,25.00000,166.34057,0.49352,0.11514,0.57416,0.00000,0.36625,0.10000,0.00000,none
16.66250,50.05938,38.65466,2.84475,-0.25672,0.00254,6.94238,12.54452,25.00000,25.00000,166.34534,0.49333,0.11509,0.57853,0.00000,0.36625,0.10000,0.00000,none
16.66667,50.05877,38.64993,2.84605,-0.25680,0.00255,6.99450,12.47499,25.00000,25.00000,166.35007,0.49314,0.11505,0.58287,0.00000,0.36625,0.10000,0.00000,none
16.67083,50.05816,38.64522,2.84735,-0.25688,0.00255,7.04633,12.40529,25.00000,25.00000,166.35478,0.49295,0.11500,0.58719,0.00000,0.36625,0.10000,0.00000,none
16.67500,50.05755,38.64055,2.84864,-0.25695,0.00256,7.09788,12.33545,25.00000,25.00000,166.35945,0.49276,0.11496,0.59149,0.00000,0.36625,0.10000,0.00000,none
16.67917,50.05694,38.63592,2.84993,-0.25701,0.00256,7.14913,12.26545,25.00000,25.00000,166.36408,0.49257,0.11491,0.59576,0.00000,0.36625,0.10000,0.00000,none
16.68333,50.05633,38.63131,2.85122,-0.25707,0.00257,7.20009,12.19531,25.00000,25.00000,166.36869,0.49239,0.11487,0.60001,0.00000,0.36625,0.10000,0.00000,none
16.68750,50.05571,38.62674,2.85250,-0.25713,0.00257,7.25075,12.12460,25.00000,25.00000,166.37326,0.49221,0.11483,0.60423,0.00000,0.36625,0.10125,0.00000,none
16.69167,50.05510,38.62220,2.85377,-0.25718,0.00258,7.30113,12.05333,25.00000,25.00000,166.37780,0.49202,0.11479,0.60843,0.00000,0.36625,0.10250,0.00000,none
16.69583,50.05448,38.61769,2.85504,-0.25723,0.00258,7.35120,11.98150,25.00000,25.00000,166.38231,0.49184,0.11474,0.61260,0.00000,0.36625,0.10375,0.00000,none
16.70000,50.05387,38.61321,2.85631,-0.25727,0.00258,7.40097,11.90912,25.00000,25.00000,166.38679,0.49166,0.11470,0.61675,0.00000,0.36625,0.10500,0.00000,none
16.70417,50.05325,38.60875,2.85757,-0.25731,0.00259,7.45044,11.83620,25.00000,25.00000,166.39125,0.49149,0.11466,0.62087,0.00000,0.36625,0.10625,0.00000,none
16.70833,50.05263,38.60433,2.85882,-0.25734,0.00259,7.49960,11.76275,25.00000,25.00000,166.39567,0.49131,0.11462,0.62497,0.00000,0.36625,0.10750,0.00000,none
16.71250,50.05201,38.59993,2.86008,-0.25737,0.00259,7.54846,11.68877,25.00000,25.00000,166.40007,0.49113,0.11458,0.62904,0.00000,0.36625,0.10875,0.00000,none
16.71667,50.05139,38.59555,2.86132,-0.25740,0.00260,7.59701,11.61427,25.00000,25.00000,166.40445,0.49096,0.11453,0.63308,0.00000,0.36625,0.11000,0.00000,none
16.72083,50.05077,38.59121,2.86257,-0.25743,0.00260,7.64525,11.53925,25.00000,25.00000,166.40879,0.49078,0.11449,0.63710,0.00000,0.36625,0.11125,0.00000,none
16.72500,50.05015,38.58689,2.86381,-0.25745,0.00260,7.69317,11.46373,25.00000,25.00000,166.41311,0.49061,0.11445,0.64110,0.00000,0.36625,0.11250,0.00000,none
16.72917,50.04953,38.58259,2.86504,-0.25747,0.00261,7.74078,11.38771,25.00000,25.00000,166.41741,0.49044,0.11441,0.64506,0.00000,0.36625,0.11375,0.00000,none
16.73333,50.04891,38.57832,2.86627,-0.25748,0.00261,7.78807,11.31119,25.00000,25.00000,166.42168,0.49027,0.11437,0.64901,0.00000,0.36625,0.11500,0.00000,none
16.73750,50.04828,38.57408,2.86750,-0.25749,0.00261,7.83504,11.23419,25.00000,25.00000,166.42592,0.49009,0.11433,0.65292,0.00000,0.36625,0.11625,0.00000,none
16.74167,50.04766,38.56985,2.86872,-0.25750,0.00261,7.88168,11.15671,25.00000,25.00000,166.43015,0.48993,0.11429,0.65681,0.00000,0.36625,0.11750,0.00000,none
16.74583,50.04704,38.56565,2.86993,-0.25751,0.00262,7.92801,11.07875,25.00000,25.00000,166.43435,0.48976,0.11425,0.66067,0.00000,0.36625,0.11875,0.00000,none
16.75000,50.04641,38.56148,2.87115,-0.25752,0.00262,7.97400,11.00032,25.00000,25.00000,166.43852,0.48959,0.11421,0.66450,0.00000,0.36625,0.12000,0.00000,none
16.75417,50.04579,38.55732,2.87236,-0.25752,0.00262,8.01968,10.92144,25.00000,25.00000,166.44268,0.48942,0.11418,0.66831,0.00000,0.36625,0.12125,0.00000,none
16.75833,50.04516,38.55319,2.87356,-0.25752,0.00262,8.06502,10.84210,25.00000,25.00000,166.44681,0.48926,0.11414,0.67208,0.00000,0.36625,0.12250,0.00000,none
16.76250,50.04453,38.54908,2.87476,-0.25751,0.00262,8.11003,10.76231,25.00000,25.00000,166.45092,0.48909,0.11410,0.67584,0.00000,0.36625,0.12375,0.00000,none
16.76667,50.04391,38.54499,2.87595,-0.25751,0.00263,8.15470,10.68207,25.00000,25.00000,166.45501,0.48893,0.11406,0.67956,0.00000,0.36625,0.12500,0.00000,none
16.77083,50.04328,38.54092,2.87715,-0.25750,0.00263,8.19904,10.60140,25.00000,25.00000,166.45908,0.48877,0.11402,0.68325,0.00000,0.36625,0.12625,0.00000,none
16.77500,50.04265,38.53687,2.87833,-0.25749,0.00263,8.24304,10.52030,25.00000,25.00000,166.46313,0.48860,0.11398,0.68692,0.00000,0.36625,0.12750,0.00000,none
16.77917,50.04202,38.53285,2.87952,-0.25748,0.00263,8.28671,10.43877,25.00000,25.00000,166.46715,0.48844,0.11395,0.69056,0.00000,0.36625,0.12875,0.00000,none
16.78333,50.04140,38.52884,2.88069,-0.25747,0.00263,8.33003,10.35683,25.00000,25.00000,166.47116,0.48828,0.11391,0.69417,0.00000,0.36625,0.13000,0.00000,none
16.78750,50.04077,38.52485,2.88187,-0.25746,0.00263,8.37302,10.27447,25.00000,25.00000,166.47515,0.48812,0.11387,0.69775,0.00000,0.36625,0.13125,0.00000,none
16.79167,50.04014,38.52088,2.88304,-0.25744,0.00263,8.41565,10.19170,25.00000,25.00000,166.47912,0.48796,0.11384,0.70130,0.00000,0.36625,0.13250,0.00000,none
16.79583,50.03951,38.51693,2.88421,-0.25742,0.00263,8.45795,10.10853,25.00000,25.00000,166.48307,0.48780,0.11380,0.70483,0.00000,0.36625,0.13375,0.00000,none
16.80000,50.03888,38.51300,2.88537,-0.25740,0.00263,8.49989,10.02497,25.00000,25.00000,166.48700,0.48765,0.11376,0.70832,0.00000,0.36625,0.13500,0.00000,none
16.80417,50.03825,38.50909,2.88653,-0.25738,0.00263,8.54149,9.94101,25.00000,25.00000,166.49091,0.48749,0.11373,0.71179,0.00000,0.36625,0.13625,0.00000,none
16.80833,50.03762,38.50519,2.88768,-0.25736,0.00264,8.58273,9.85667,25.00000,25.00000,166.49481,0.48733,0.11369,0.71523,0.00000,0.36625,0.13750,0.00000,none
16.81250,50.03699,38.50131,2.88883,-0.25734,0.00264,8.62362,9.77194,25.00000,25.00000,166.49869,0.48718,0.11365,0.71864,0.00000,0.36625,0.13875,0.00000,none
16.81667,50.03637,38.49746,2.88998,-0.25731,0.00264,8.66416,9.68684,25.00000,25.00000,166.50254,0.48702,0.11362,0.72201,0.00000,0.36625,0.14000,0.00000,none
16.82083,50.03574,38.49361,2.89112,-0.25729,0.00263,8.70435,9.60137,25.00000,25.00000,166.50639,0.48687,0.11358,0.72536,0.00000,0.36625,0.14125,0.00000,none
16.82500,50.03511,38.48979,2.89225,-0.25726,0.00263,8.74417,9.51554,25.00000,25.00000,166.51021,0.48671,0.11355,0.72868,0.00000,0.36625,0.14250,0.00000,none
16.82917,50.03448,38.48598,2.89339,-0.25723,0.00263,8.78364,9.42934,25.00000,25.00000,166.51402,0.48656,0.11351,0.73197,0.00000,0.36625,0.14375,0.00000,none
16.83333,50.03385,38.48219,2.89452,-0.25720,0.00263,8.82275,9.34279,25.00000,25.00000,166.51781,0.48641,0.11347,0.73523,0.00000,0.36625,0.14500,0.00000,none
16.83750,50.03322,38.47842,2.89564,-0.25717,0.00263,8.86150,9.25589,25.00000,25.00000,166.52158,0.48626,0.11344,0.73846,0.00000,0.36625,0.14625,0.00000,none
16.84167,50.03259,38.47466,2.89677,-0.25714,0.00263,8.89988,9.16864,25.00000,25.00000,166.52534,0.48611,0.11340,0.74166,0.00000,0.36625,0.14750,0.00000,none
16.84583,50.03197,38.47092,2.89788,-0.25711,0.00263,8.93790,9.08106,25.00000,25.00000,166.52908,0.48596,0.11337,0.74483,0.00000,0.36625,0.14875,0.00000,none
16.85000,50.03134,38.46720,2.89900,-0.25707,0.00263,8.97556,8.99313,25.00000,25.00000,166.53280,0.48581,0.11334,0.74796,0.00000,0.36625,0.15000,0.00000,none
16.85417,50.03071,38.46349,2.90011,-0.25704,0.00263,9.01285,8.90488,25.00000,25.00000,166.53651,0.48566,0.11330,0.75107,0.00000,0.36625,0.15125,0.00000,none
16.85833,50.03008,38.45990,2.90120,-0.25698,0.00262,9.04976,8.81588,25.00000,25.00000,166.54010,0.48591,0.11350,0.75415,0.00000,0.36875,0.15250,0.00000,none
16.86250,50.02946,38.45644,2.90228,-0.25691,0.00261,9.08631,8.72615,25.00000,25.00000,166.54356,0.48616,0.11370,0.75719,0.00000,0.37125,0.15375,0.00000,none
16.86667,50.02884,38.45311,2.90334,-0.25682,0.00260,9.12248,8.63569,25.00000,25.00000,166.54689,0.48641,0.11390,0.76021,0.00000,0.37375,0.15500,0.00000,none
16.87083,50.02822,38.44989,2.90439,-0.25670,0.00259,9.15827,8.54451,25.00000,25.00000,166.55011,0.48667,0.11410,0.76319,0.00000,0.37625,0.15625,0.00000,none
16.87500,50.02760,38.44679,2.90542,-0.25657,0.00257,9.19368,8.45263,25.00000,25.00000,166.55321,0.48692,0.11430,0.76614,0.00000,0.37875,0.15750,0.00000,none
16.87917,50.02699,38.44380,2.90644,-0.25642,0.00256,9.22871,8.36005,25.00000,25.00000,166.55620,0.48719,0.11450,0.76906,0.00000,0.38125,0.15875,0.00000,none
16.88333,50.02638,38.44092,2.90744,-0.25626,0.00254,9.26335,8.26677,25.00000,25.00000,166.55908,0.48745,0.11470,0.77195,0.00000,0.38375,0.16000,0.00000,none
16.88750,50.02578,38.43815,2.90843,-0.25608,0.00252,9.29760,8.17281,25.00000,25.00000,166.56185,0.48771,0.11491,0.77480,0.00000,0.38625,0.16125,0.00000,none
16.89167,50.02518,38.43549,2.90940,-0.25588,0.00250,9.33145,8.07818,25.00000,25.00000,166.56451,0.48798,0.11511,0.77762,0.00000,0.38875,0.16250,0.00000,none
16.89583,50.02458,38.43293,2.91036,-0.25567,0.00248,9.36491,7.98289,25.00000,25.00000,166.56707,0.48825,0.11532,0.78041,0.00000,0.39125,0.16375,0.00000,none
16.90000,50.02400,38.43047,2.91131,-0.25544,0.00245,9.39798,7.88693,25.00000,25.00000,166.56953,0.48853,0.11552,0.78316,0.00000,0.39375,0.16500,0.00000,none
16.90417,50.02341,38.42812,2.91224,-0.25521,0.00243,9.43064,7.79033,25.00000,25.00000,166.57188,0.48880,0.11573,0.78589,0.00000,0.39625,0.16625,0.00000,none
16.90833,50.02284,38.42585,2.91315,-0.25495,0.00241,9.46289,7.69309,25.00000,25.00000,166.57415,0.48907,0.11593,0.78857,0.00000,0.39875,0.16750,0.00000,none
16.91250,50.02226,38.42368,2.91406,-0.25469,0.00238,9.49474,7.59522,25.00000,25.00000,166.57632,0.48935,0.11614,0.79123,0.00000,0.40125,0.16875,0.00000,none
16.91667,50.02170,38.42161,2.91494,-0.25441,0.00236,9.52619,7.49672,25.00000,25.00000,166.57839,0.48963,0.11635,0.79385,0.00000,0.40375,0.17000,0.00000,none
16.92083,50.02114,38.41962,2.91582,-0.25413,0.00234,9.55722,7.39761,25.00000,25.00000,166.58038,0.48991,0.11655,0.79643,0.00000,0.40625,0.17125,0.00000,none
16.92500,50.02058,38.41771,2.91668,-0.25383,0.00231,9.58783,7.29789,25.00000,25.00000,166.58229,0.49019,0.11676,0.79899,0.00000,0.40875,0.17250,0.00000,none
16.92917,50.02003,38.41589,2.91753,-0.25352,0.00229,9.61803,7.19757,25.00000,25.00000,166.58411,0.49047,0.11697,0.80150,0.00000,0.41125,0.17375,0.00000,none
16.93333,50.01949,38.41415,2.91836,-0.25320,0.00227,9.64781,7.09666,25.00000,25.00000,166.58585,0.49075,0.11717,0.80398,0.00000,0.41375,0.17500,0.00000,none
16.93750,50.01895,38.41249,2.91918,-0.25287,0.00224,9.67717,6.99516,25.00000,25.00000,166.58751,0.49103,0.11738,0.80643,0.00000,0.41625,0.17625,0.00000,none
16.94167,50.01842,38.41091,2.91999,-0.25254,0.00222,9.70610,6.89309,25.00000,25.00000,166.58909,0.49131,0.11759,0.80884,0.00000,0.41875,0.17750,0.00000,none
16.94583,50.01789,38.40940,2.92079,-0.25219,0.00219,9.73461,6.79046,25.00000,25.00000,166.59060,0.49160,0.11780,0.81122,0.00000,0.42125,0.17875,0.00000,none
16.95000,50.01737,38.40796,2.92157,-0.25184,0.00217,9.76269,6.68726,25.00000,25.00000,166.59204,0.49188,0.11801,0.81356,0.00000,0.42375,0.18000,0.00000,none
16.95417,50.01685,38.40659,2.92234,-0.25148,0.00215,9.79033,6.58352,25.00000,25.00000,166.59341,0.49216,0.11822,0.81586,0.00000,0.42625,0.18125,0.00000,none
16.95833,50.01634,38.40529,2.92310,-0.25111,0.00212,9.81755,6.47923,25.00000,25.00000,166.59471,0.49244,0.11843,0.81813,0.00000,0.42875,0.18250,0.00000,none
16.96250,50.01584,38.40406,2.92384,-0.25074,0.00210,9.84433,6.37441,25.00000,25.00000,166.59594,0.49273,0.11863,0.82036,0.00000,0.43125,0.18375,0.00000,none
16.96667,50.01534,38.40289,2.92458,-0.25036,0.00208,9.87067,6.26906,25.00000,25.00000,166.59711,0.49301,0.11884,0.82256,0.00000,0.43375,0.18500,0.00000,none
16.97083,50.01485,38.40178,2.92530,-0.24997,0.00206,9.89657,6.16319,25.00000,25.00000,166.59822,0.49329,0.11905,0.82471,0.00000,0.43625,0.18625,0.00000,none
16.97500,50.01436,38.40073,2.92601,-0.24958,0.00203,9.92203,6.05680,25.00000,25.00000,166.59927,0.49357,0.11926,0.82684,0.00000,0.43875,0.18750,0.00000,none
16.97917,50.01388,38.39975,2.92671,-0.24919,0.00201,9.94704,5.94992,25.00000,25.00000,166.60025,0.49385,0.11947,0.82892,0.00000,0.44125,0.18875,0.00000,none
16.98333,50.01340,38.39881,2.92739,-0.24879,0.00199,9.97161,5.84253,25.00000,25.00000,166.60119,0.49413,0.11968,0.83097,0.00000,0.44375,0.19000,0.00000,none
16.98750,50.01293,38.39793,2.92807,-0.24838,0.00197,9.99573,5.73466,25.00000,25.00000,166.60207,0.49441,0.11988,0.83298,0.00000,0.44625,0.19125,0.00000,none
16.99167,50.01246,38.39711,2.92873,-0.24798,0.00195,10.01939,5.62631,25.00000,25.00000,166.60289,0.49468,0.12009,0.83495,0.00000,0.44875,0.19250,0.00000,none
16.99583,50.01200,38.39633,2.92938,-0.24756,0.00193,10.04261,5.51748,25.00000,25.00000,166.60367,0.49496,0.12030,0.83688,0.00000,0.45125,0.19375,0.00000,none
17.00000,50.01154,38.39561,2.93002,-0.24715,0.00190,10.06537,5.40819,25.00000,25.00000,166.60439,0.49523,0.12051,0.83878,0.00000,0.45375,0.19500,0.00000,none
17.00417,50.01109,38.39493,2.93065,-0.24673,0.00188,10.08768,5.29844,25.00000,25.00000,166.60507,0.49550,0.12072,0.84064,0.00000,0.45625,0.19625,0.00000,none
17.00833,50.01064,38.39430,2.93127,-0.24631,0.00186,10.10953,5.18824,25.00000,25.00000,166.60570,0.49577,0.12092,0.84246,0.00000,0.45875,0.19750,0.00000,none
17.01250,50.01020,38.39371,2.93188,-0.24589,0.00184,10.13091,5.07760,25.00000,25.00000,166.60629,0.49604,0.12113,0.84424,0.00000,0.46125,0.19875,0.00000,none
17.01667,50.00976,38.39317,2.93248,-0.24546,0.00182,10.15184,4.96652,25.00000,25.00000,166.60683,0.49631,0.12134,0.84599,0.00000,0.46375,0.20000,0.00000,none
17.02083,50.00933,38.39267,2.93307,-0.24504,0.00180,10.17230,4.85501,25.00000,25.00000,166.60733,0.49657,0.12154,0.84769,0.00000,0.46625,0.20125,0.00000,none
17.02500,50.00890,38.39220,2.93365,-0.24461,0.00178,10.19229,4.74308,25.00000,25.00000,166.60780,0.49684,0.12175,0.84936,0.00000,0.46875,0.20250,0.00000,none
17.02917,50.00848,38.39178,2.93421,-0.24418,0.00176,10.21182,4.63074,25.00000,25.00000,166.60822,0.49710,0.12195,0.85099,0.00000,0.47125,0.20375,0.00000,none
17.03333,50.00806,38.39139,2.93477,-0.24375,0.00174,10.23088,4.51799,25.00000,25.00000,166.60861,0.49735,0.12216,0.85257,0.00000,0.47375,0.20500,0.00000,none
17.03750,50.00765,38.39104,2.93532,-0.24332,0.00172,10.24947,4.40485,25.00000,25.00000,166.60896,0.49761,0.12236,0.85412,0.00000,0.47625,0.20625,0.00000,none
17.04167,50.00724,38.39072,2.93586,-0.24289,0.00170,10.26759,4.29131,25.00000,25.00000,166.60928,0.49786,0.12257,0.85563,0.00000,0.47875,0.20750,0.00000,none
17.04583,50.00683,38.39043,2.93638,-0.24246,0.00169,10.28523,4.17739,25.00000,25.00000,166.60957,0.49811,0.12277,0.85710,0.00000,0.48125,0.20875,0.00000,none
17.05000,50.00643,38.39018,2.93690,-0.24203,0.00167,10.30240,4.06309,25.00000,25.00000,166.60982,0.49836,0.12297,0.85853,0.00000,0.48375,0.21000,0.00000,none
17.05417,50.00604,38.38995,2.93741,-0.24160,0.00165,10.31909,3.94843,25.00000,25.00000,166.61005,0.49860,0.12317,0.85992,0.00000,0.48625,0.21125,0.00000,none
17.05833,50.00565,38.38975,2.93792,-0.24117,0.00163,10.33530,3.83340,25.00000,25.00000,166.61025,0.49884,0.12337,0.86128,0.00000,0.48875,0.21250,0.00000,none
17.06250,50.00526,38.38958,2.93841,-0.24074,0.00161,10.35103,3.71802,25.00000,25.00000,166.61042,0.49908,0.12358,0.86259,0.00000,0.49125,0.21375,0.00000,none
17.06667,50.00488,38.38944,2.93889,-0.24031,0.00159,10.36628,3.60229,25.00000,25.00000,166.61056,0.49932,0.12378,0.86386,0.00000,0.49375,0.21500,0.00000,none
17.07083,50.00450,38.38932,2.93937,-0.23988,0.00158,10.38105,3.48622,25.00000,25.00000,166.61068,0.49955,0.12398,0.86509,0.00000,0.49625,0.21625,0.00000,none
17.07500,50.00412,38.38922,2.93983,-0.23946,0.00156,10.39534,3.36982,25.00000,25.00000,166.61078,0.49977,0.12417,0.86628,0.00000,0.49875,0.21750,0.00000,none
17.07917,50.00375,38.38915,2.94029,-0.23904,0.00154,10.40913,3.25310,25.00000,25.00000,166.61085,0.50000,0.12437,0.86743,0.00000,0.50125,0.21875,0.00000,none
17.08333,50.00339,38.38909,2.94074,-0.23861,0.00152,10.42244,3.13605,25.00000,25.00000,166.61091,0.50022,0.12457,0.86854,0.00000,0.50375,0.22000,0.00000,none
17.08750,50.00303,38.38906,2.94118,-0.23819,0.00151,10.43527,3.01870,25.00000,25.00000,166.61094,0.50044,0.12477,0.86961,0.00000,0.50625,0.22125,0.00000,none
17.09167,50.00267,38.38904,2.94162,-0.23778,0.00149,10.44760,2.90104,25.00000,25.00000,166.61096,0.50065,0.12496,0.87063,0.00000,0.50875,0.22250,0.00000,none
17.09583,50.00231,38.38904,2.94204,-0.23736,0.00147,10.45944,2.78309,25.00000,25.00000,166.61096,0.50086,0.12516,0.87162,0.00000,0.51125,0.22375,0.00000,none
17.10000,50.00197,38.38905,2.94246,-0.23695,0.00146,10.47079,2.66484,25.00000,25.00000,166.61095,0.50106,0.12535,0.87257,0.00000,0.51375,0.22500,0.00000,none
17.10417,50.00162,38.38908,2.94287,-0.23654,0.00144,10.48165,2.54632,25.00000,25.00000,166.61092,0.50126,0.12554,0.87347,0.00000,0.51625,0.22625,0.00000,none
17.10833,50.00128,38.38913,2.94328,-0.23614,0.00142,10.49201,2.42752,25.00000,25.00000,166.61087,0.50146,0.12574,0.87433,0.00000,0.51875,0.22750,0.00000,none
17.11250,50.00094,38.38918,2.94367,-0.23573,0.00141,10.50188,2.30846,25.00000,25.00000,166.61082,0.50165,0.12593,0.87516,0.00000,0.52125,0.22875,0.00000,none
17.11667,50.00061,38.38925,2.94406,-0.23533,0.00139,10.51125,2.18913,25.00000,25.00000,166.61075,0.50183,0.12612,0.87594,0.00000,0.52375,0.23000,0.00000,none
17.12083,50.00028,38.38932,2.94445,-0.23494,0.00137,10.52012,2.06955,25.00000,25.00000,166.61068,0.50202,0.12631,0.87668,0.00000,0.52625,0.23125,0.00000,none
17.12500,49.99995,38.38940,2.94482,-0.23455,0.00136,10.52849,1.94973,25.00000,25.00000,166.61060,0.50219,0.12650,0.87737,0.00000,0.52875,0.23250,0.00000,none
17.12917,49.99963,38.38949,2.94519,-0.23416,0.00134,10.53636,1.82967,25.00000,25.00000,166.61051,0.50237,0.12668,0.87803,0.00000,0.53125,0.23375,0.00000,none
17.13333,49.99931,38.38959,2.94556,-0.23377,0.00133,10.54374,1.70937,25.00000,25.00000,166.61041,0.50253,0.12687,0.87864,0.00000,0.53375,0.23500,0.00000,none
17.13750,49.99899,38.38969,2.94591,-0.23340,0.00131,10.55061,1.58886,25.00000,25.00000,166.61031,0.50270,0.12705,0.87922,0.00000,0.53625,0.23625,0.00000,none
17.14167,49.99868,38.38980,2.94627,-0.23302,0.00130,10.55698,1.46813,25.00000,25.00000,166.61020,0.50285,0.12724,0.87975,0.00000,0.53875,0.23750,0.00000,none
17.14583,49.99837,38.38991,2.94661,-0.23265,0.00128,10.56284,1.34718,25.00000,25.00000,166.61009,0.50300,0.12742,0.88024,0.00000,0.54125,0.23875,0.00000,none
17.15000,49.99807,38.39002,2.94695,-0.23229,0.00127,10.56820,1.22604,25.00000,25.00000,166.60998,0.50315,0.12760,0.88068,0.00000,0.54375,0.24000,0.00000,none
17.15417,49.99777,38.39013,2.94729,-0.23192,0.00125,10.57306,1.10470,25.00000,25.00000,166.60987,0.50329,0.12778,0.88109,0.00000,0.54625,0.24125,0.00000,none
17.15833,49.99747,38.39023,2.94762,-0.23157,0.00124,10.57741,0.98318,25.00000,25.00000,166.60977,0.50343,0.12796,0.88145,0.00000,0.54875,0.24250,0.00000,none
17.16250,49.99718,38.39034,2.94794,-0.23122,0.00122,10.58125,0.86147,25.00000,25.00000,166.60966,0.50356,0.12814,0.88177,0.00000,0.55125,0.24375,0.00000,none
17.16667,49.99689,38.39045,2.94826,-0.23088,0.00121,10.58459,0.73960,25.00000,25.00000,166.60955,0.50368,0.12832,0.88205,0.00000,0.55375,0.24500,0.00000,none
17.17083,49.99660,38.39055,2.94858,-0.23054,0.00119,10.58741,0.61755,25.00000,25.00000,166.60945,0.50380,0.12849,0.88228,0.00000,0.55625,0.24625,0.00000,none
17.17500,49.99632,38.39064,2.94889,-0.23020,0.00118,10.58973,0.49535,25.00000,25.00000,166.60936,0.50391,0.12867,0.88248,0.00000,0.55875,0.24750,0.00000,none
17.17917,49.99604,38.39073,2.94919,-0.22988,0.00116,10.59154,0.37300,25.00000,25.00000,166.60927,0.50401,0.12884,0.88263,0.00000,0.56125,0.24875,0.00000,none
17.18333,49.99576,38.39081,2.94949,-0.22956,0.00115,10.59284,0.25051,25.00000,25.00000,166.60919,0.50411,0.12901,0.88274,0.00000,0.56375,0.25000,0.00000,none
17.18750,49.99549,38.39089,2.94979,-0.22924,0.00114,10.59363,0.12788,25.00000,25.00000,166.60911,0.50421,0.12918,0.88280,0.00000,0.56625,0.25125,0.00000,none
17.19167,49.99522,38.39095,2.95008,-0.22893,0.00112,10.59391,0.00513,25.00000,25.00000,166.60905,0.50429,0.12935,0.88283,0.00000,0.56875,0.25250,0.00000,none
17.19583,49.99495,38.39100,2.95037,-0.22863,0.00111,10.59367,-0.11775,25.00000,25.00000,166.60900,0.50437,0.12952,0.88281,0.00000,0.57125,0.25375,0.00000,none
17.20000,49.99469,38.39104,2.95066,-0.22834,0.00110,10.59292,-0.24074,25.00000,25.00000,166.60896,0.50445,0.12968,0.88274,0.00000,0.57375,0.25500,0.00000,none
17.20417,49.99443,38.39107,2.95094,-0.22805,0.00108,10.59166,-0.36383,25.00000,25.00000,166.60893,0.50451,0.12985,0.88264,0.00000,0.57625,0.25625,0.00000,none
17.20833,49.99417,38.39109,2.95122,-0.22777,0.00107,10.58989,-0.48703,25.00000,25.00000,166.60891,0.50457,0.13001,0.88249,0.00000,0.57875,0.25750,0.00000,none
17.21250,49.99392,38.39109,2.95149,-0.22750,0.00106,10.58760,-0.61031,25.00000,25.00000,166.60891,0.50463,0.13017,0.88230,0.00000,0.58125,0.25875,0.00000,none
17.21667,49.99367,38.39107,2.95177,-0.22723,0.00104,10.58480,-0.73367,25.00000,25.00000,166.60893,0.50467,0.13033,0.88207,0.00000,0.58375,0.26000,0.00000,none
17.22083,49.99342,38.39104,2.95204,-0.22697,0.00103,10.58149,-0.85711,25.00000,25.00000,166.60896,0.50471,0.13049,0.88179,0.00000,0.58625,0.26125,0.00000,none
17.22500,49.99318,38.39099,2.95230,-0.22672,0.00102,10.57766,-0.98062,25.00000,25.00000,166.60901,0.50474,0.13065,0.88147,0.00000,0.58875,0.26250,0.00000,none
17.22917,49.99294,38.39092,2.95257,-0.22648,0.00100,10.57332,-1.10419,25.00000,25.00000,166.60908,0.50476,0.13080,0.88111,0.00000,0.59125,0.26375,0.00000,none
17.23333,49.99270,38.39083,2.95283,-0.22624,0.00099,10.56846,-1.22780,25.00000,25.00000,166.60917,0.50478,0.13096,0.88070,0.00000,0.59375,0.26500,0.00000,none
17.23750,49.99246,38.39072,2.95309,-0.22601,0.00098,10.56309,-1.35146,25.00000,25.00000,166.60928,0.50479,0.13111,0.88026,0.00000,0.59625,0.26625,0.00000,none
17.24167,49.99223,38.39058,2.95335,-0.22579,0.00097,10.55720,-1.47516,25.00000,25.00000,166.60942,0.50479,0.13126,0.87977,0.00000,0.59875,0.26750,0.00000,none
17.24583,49.99200,38.39042,2.95361,-0.22558,0.00095,10.55079,-1.59889,25.00000,25.00000,166.60958,0.50478,0.13141,0.87923,0.00000,0.60125,0.26875,0.00000,none
17.25000,49.99178,38.39025,2.95386,-0.22538,0.00094,10.54387,-1.72266,25.00000,25.00000,166.60975,0.50476,0.13155,0.87866,0.00000,0.60375,0.27000,0.00000,none
17.25417,49.99156,38.39007,2.95411,-0.22518,0.00093,10.53644,-1.84651,25.00000,25.00000,166.60993,0.50472,0.13169,0.87804,0.00000,0.60625,0.27125,0.00000,none
17.25833,49.99134,38.38988,2.95436,-0.22498,0.00091,10.52848,-1.97045,25.00000,25.00000,166.61012,0.50467,0.13183,0.87737,0.00000,0.60875,0.27250,0.00000,none
17.26250,49.99112,38.38969,2.95460,-0.22479,0.00090,10.52002,-2.09451,25.00000,25.00000,166.61031,0.50460,0.13197,0.87667,0.00000,0.61125,0.27375,0.00000,none
17.26667,49.99091,38.38951,2.95484,-0.22460,0.00089,10.51103,-2.21869,25.00000,25.00000,166.61049,0.50452,0.13210,0.87592,0.00000,0.61375,0.27500,0.00000,none
17.27083,49.99070,38.38934,2.95508,-0.22442,0.00087,10.50153,-2.34303,25.00000,25.00000,166.61066,0.50443,0.13223,0.87513,0.00000,0.61625,0.27625,0.00000,none
17.27500,49.99049,38.38919,2.95531,-0.22423,0.00086,10.49150,-2.46754,25.00000,25.00000,166.61081,0.50432,0.13235,0.87429,0.00000,0.61875,0.27750,0.00000,none
17.27917,49.99029,38.38906,2.95554,-0.22404,0.00084,10.48096,-2.59224,25.00000,25.00000,166.61094,0.50419,0.13248,0.87341,0.00000,0.62125,0.27875,0.00000,none
17.28333,49.99009,38.38896,2.95576,-0.22385,0.00083,10.46990,-2.71715,25.00000,25.00000,166.61104,0.50406,0.13260,0.87249,0.00000,0.62375,0.28000,0.00000,none
17.28750,49.98989,38.38889,2.95597,-0.22366,0.00081,10.45832,-2.84229,25.00000,25.00000,166.61111,0.50391,0.13272,0.87153,0.00000,0.62625,0.28125,0.00000,none
17.29167,49.98970,38.38886,2.95618,-0.22346,0.00079,10.44621,-2.96768,25.00000,25.00000,166.61114,0.50375,0.13283,0.87052,0.00000,0.62875,0.28250,0.00000,none
17.29583,49.98952,38.38886,2.95638,-0.22326,0.00077,10.43359,-3.09332,25.00000,25.00000,166.61114,0.50358,0.13295,0.86947,0.00000,0.63125,0.28375,0.00000,none
17.30000,49.98933,38.38891,2.95657,-0.22305,0.00075,10.42044,-3.21924,25.00000,25.00000,166.61109,0.50340,0.13306,0.86837,0.00000,0.63375,0.28500,0.00000,none
17.30417,49.98916,38.38901,2.95676,-0.22284,0.00074,10.40676,-3.34546,25.00000,25.00000,166.61099,0.50321,0.13317,0.86723,0.00000,0.63625,0.28625,0.00000,none
17.30833,49.98898,38.38916,2.95694,-0.22262,0.00072,10.39256,-3.47199,25.00000,25.00000,166.61084,0.50301,0.13327,0.86605,0.00000,0.63875,0.28750,0.00000,none
17.31250,49.98881,38.38937,2.95711,-0.22239,0.00070,10.37783,-3.59884,25.00000,25.00000,166.61063,0.50280,0.13338,0.86482,0.00000,0.64125,0.28875,0.00000,none
17.31667,49.98865,38.38963,2.95727,-0.22216,0.00068,10.36257,-3.72602,25.00000,25.00000,166.61037,0.50258,0.13348,0.86355,0.00000,0.64375,0.29000,0.00000,none
17.32083,49.98849,38.38996,2.95742,-0.22192,0.00065,10.34677,-3.85357,25.00000,25.00000,166.61004,0.50234,0.13358,0.86223,0.00000,0.64625,0.29125,0.00000,none
17.32500,49.98834,38.39035,2.95756,-0.22167,0.00063,10.33045,-3.98147,25.00000,25.00000,166.60965,0.50210,0.13368,0.86087,0.00000,0.64875,0.29250,0.00000,none
17.32917,49.98819,38.39080,2.95770,-0.22141,0.00061,10.31359,-4.10976,25.00000,25.00000,166.60920,0.50185,0.13377,0.85947,0.00000,0.65125,0.29375,0.00000,none
17.33333,49.98805,38.39133,2.95782,-0.22114,0.00059,10.29620,-4.23844,25.00000,25.00000,166.60867,0.50160,0.13387,0.85802,0.00000,0.65375,0.29500,0.00000,none
17.33750,49.98791,38.39193,2.95793,-0.22086,0.00057,10.27827,-4.36751,25.00000,25.00000,166.60807,0.50133,0.13396,0.85652,0.00000,0.65625,0.29625,0.00000,none
17.34167,49.98778,38.39260,2.95804,-0.22057,0.00054,10.25980,-4.49701,25.00000,25.00000,166.60740,0.50106,0.13405,0.85498,0.00000,0.65875,0.29750,0.00000,none
17.34583,49.98765,38.39335,2.95813,-0.22027,0.00052,10.24080,-4.62693,25.00000,25.00000,166.60665,0.50077,0.13414,0.85340,0.00000,0.66125,0.29875,0.00000,none
17.35000,49.98753,38.39418,2.95821,-0.21995,0.00049,10.22125,-4.75728,25.00000,25.00000,166.60582,0.50049,0.13423,0.85177,0.00000,0.66375,0.30000,0.00000,none
17.35417,49.98741,38.39508,2.95828,-0.21963,0.00047,10.20115,-4.88807,25.00000,25.00000,166.60492,0.50019,0.13432,0.85010,0.00000,0.66625,0.30125,0.00000,none
17.35833,49.98730,38.39608,2.95834,-0.21929,0.00045,10.18051,-5.01932,25.00000,25.00000,166.60392,0.49989,0.13440,0.84838,0.00000,0.66875,0.30250,0.00000,none
17.36250,49.98720,38.39715,2.95839,-0.21895,0.00042,10.15932,-5.15103,25.00000,25.00000,166.60285,0.49958,0.13449,0.84661,0.00000,0.67125,0.30375,0.00000,none
17.36667,49.98710,38.39831,2.95843,-0.21859,0.00040,10.13758,-5.28321,25.00000,25.00000,166.60169,0.49926,0.13457,0.84480,0.00000,0.67375,0.30500,0.00000,none
17.37083,49.98701,38.39956,2.95846,-0.21821,0.00037,10.11529,-5.41587,25.00000,25.00000,166.60044,0.49894,0.13465,0.84294,0.00000,0.67625,0.30625,0.00000,none
17.37500,49.98692,38.40089,2.95847,-0.21783,0.00035,10.09245,-5.54901,25.00000,25.00000,166.59911,0.49861,0.13473,0.84104,0.00000,0.67875,0.30750,0.00000,none
17.37917,49.98685,38.40232,2.95847,-0.21743,0.00032,10.06905,-5.68265,25.00000,25.00000,166.59768,0.49827,0.13481,0.83909,0.00000,0.68125,0.30875,0.00000,none
17.38333,49.98677,38.40383,2.95846,-0.21702,0.00030,10.04509,-5.81677,25.00000,25.00000,166.59617,0.49794,0.13489,0.83709,0.00000,0.68375,0.31000,0.00000,none
17.38750,49.98670,38.40544,2.95844,-0.21659,0.00027,10.02058,-5.95140,25.00000,25.00000,166.59456,0.49759,0.13497,0.83505,0.00000,0.68625,0.31125,0.00000,none
17.39167,49.98664,38.40714,2.95840,-0.21616,0.00024,9.99550,-6.08654,25.00000,25.00000,166.59286,0.49724,0.13505,0.83296,0.00000,0.68875,0.31250,0.00000,none
17.39583,49.98659,38.40893,2.95835,-0.21571,0.00022,9.96985,-6.22218,25.00000,25.00000,166.59107,0.49689,0.13512,0.83082,0.00000,0.69125,0.31375,0.00000,none
17.40000,49.98654,38.41081,2.95829,-0.21524,0.00019,9.94364,-6.35834,25.00000,25.00000,166.58919,0.49653,0.13520,0.82864,0.00000,0.69375,0.31500,0.00000,none
17.40417,49.98650,38.41279,2.95821,-0.21476,0.00017,9.91687,-6.49502,25.00000,25.00000,166.58721,0.49616,0.13527,0.82641,0.00000,0.69625,0.31625,0.00000,none
17.40833,49.98646,38.41487,2.95812,-0.21427,0.00014,9.88952,-6.63222,25.00000,25.00000,166.58513,0.49580,0.13535,0.82413,0.00000,0.69875,0.31750,0.00000,none
17.41250,49.98643,38.41703,2.95802,-0.21377,0.00012,9.86160,-6.76994,25.00000,25.00000,166.58297,0.49542,0.13542,0.82180,0.00000,0.70125,0.31875,0.00000,none
17.41667,49.98640,38.41930,2.95791,-0.21325,0.00009,9.83310,-6.90818,25.00000,25.00000,166.58070,0.49505,0.13549,0.81943,0.00000,0.70375,0.32000,0.00000,none
17.42083,49.98639,38.42166,2.95778,-0.21272,0.00006,9.80403,-7.04695,25.00000,25.00000,166.57834,0.49467,0.13556,0.81700,0.00000,0.70625,0.32125,0.00000,none
17.42500,49.98637,38.42412,2.95763,-0.21217,0.00004,9.77437,-7.18624,25.00000,25.00000,166.57588,0.49429,0.13563,0.81453,0.00000,0.70875,0.32250,0.00000,none
17.42917,49.98637,38.42667,2.95748,-0.21161,0.00001,9.74414,-7.32606,25.00000,25.00000,166.57333,0.49390,0.13570,0.81201,0.00000,0.71125,0.32375,0.00000,none
17.43333,49.98637,38.42932,2.95730,-0.21104,-0.00001,9.71332,-7.46641,25.00000,25.00000,166.57068,0.49351,0.13577,0.80944,0.00000,0.71375,0.32500,0.00000,none
17.43750,49.98637,38.43207,2.95712,-0.21046,-0.00004,9.68192,-7.60728,25.00000,25.00000,166.56793,0.49312,0.13584,0.80683,0.00000,0.71625,0.32625,0.00000,none
17.44167,49.98639,38.43491,2.95692,-0.20986,-0.00006,9.64993,-7.74867,25.00000,25.00000,166.56509,0.49272,0.13591,0.80416,0.00000,0.71875,0.32750,0.00000,none
17.44583,49.98640,38.43785,2.95671,-0.20925,-0.00009,9.61734,-7.89059,25.00000,25.00000,166.56215,0.49233,0.13598,0.80145,0.00000,0.72125,0.32875,0.00000,none
17.45000,49.98643,38.44088,2.95648,-0.20862,-0.00011,9.58417,-8.03302,25.00000,25.00000,166.55912,0.49193,0.13605,0.79868,0.00000,0.72375,0.33000,0.00000,none
17.45417,49.98646,38.44401,2.95624,-0.20799,-0.00014,9.55040,-8.17597,25.00000,25.00000,166.55599,0.49152,0.13612,0.79587,0.00000,0.72625,0.33125,0.00000,none
17.45833,49.98649,38.44724,2.95598,-0.20734,-0.00016,9.51604,-8.31944,25.00000,25.00000,166.55276,0.49112,0.13618,0.79300,0.00000,0.72875,0.33250,0.00000,none
17.46250,49.98653,38.45056,2.95571,-0.20668,-0.00019,9.48107,-8.46341,25.00000,25.00000,166.54944,0.49071,0.13625,0.79009,0.00000,0.73125,0.33375,0.00000,none
17.46667,49.98658,38.45397,2.95542,-0.20600,-0.00021,9.44551,-8.60789,25.00000,25.00000,166.54603,0.49031,0.13632,0.78713,0.00000,0.73375,0.33500,0.00000,none
17.47083,49.98663,38.45748,2.95512,-0.20531,-0.00023,9.40934,-8.75288,25.00000,25.00000,166.54252,0.48990,0.13638,0.78411,0.00000,0.73625,0.33625,0.00000,none
17.47500,49.98669,38.46109,2.95481,-0.20461,-0.00026,9.37256,-8.89835,25.00000,25.00000,166.53891,0.48948,0.13645,0.78105,0.00000,0.73875,0.33750,0.00000,none
17.47917,49.98676,38.46478,2.95448,-0.20390,-0.00028,9.33518,-9.04433,25.00000,25.00000,166.53522,0.48907,0.13652,0.77793,0.00000,0.74125,0.33875,0.00000,none
17.48333,49.98683,38.46857,2.95414,-0.20318,-0.00030,9.29719,-9.19078,25.00000,25.00000,166.53143,0.48866,0.13658,0.77477,0.00000,0.74375,0.34000,0.00000,none
17.48750,49.98690,38.47246,2.95378,-0.20244,-0.00032,9.25859,-9.33772,25.00000,25.00000,166.52754,0.48824,0.13665,0.77155,0.00000,0.74625,0.34125,0.00000,none
17.49167,49.98698,38.47643,2.95340,-0.20169,-0.00035,9.21938,-9.48512,25.00000,25.00000,166.52357,0.48783,0.13672,0.76828,0.00000,0.74875,0.34250,0.00000,none
17.49583,49.98707,38.48049,2.95302,-0.20093,-0.00037,9.17955,-9.63300,25.00000,25.00000,166.51951,0.48741,0.13678,0.76496,0.00000,0.75125,0.34375,0.00000,none
17.50000,49.98716,38.48465,2.95261,-0.20016,-0.00039,9.13910,-9.78133,25.00000,25.00000,166.51535,0.48700,0.13685,0.76159,0.00000,0.75375,0.34500,0.00000,none
17.50417,49.98725,38.48889,2.95220,-0.19938,-0.00041,9.09804,-9.93011,25.00000,25.00000,166.51111,0.48658,0.13692,0.75817,0.00000,0.75625,0.34625,0.00000,none
17.50833,49.98735,38.49322,2.95176,-0.19859,-0.00043,9.05635,-10.07934,25.00000,25.00000,166.50678,0.48616,0.13698,0.75470,0.00000,0.75875,0.34750,0.00000,none
17.51250,49.98746,38.49764,2.95132,-0.19779,-0.00045,9.01404,-10.22900,25.00000,25.00000,166.50236,0.48575,0.13705,0.75117,0.00000,0.76125,0.34875,0.00000,none
17.51667,49.98757,38.50214,2.95086,-0.19697,-0.00047,8.97111,-10.37908,25.00000,25.00000,166.49786,0.48533,0.13712,0.74759,0.00000,0.76375,0.35000,0.00000,none
17.52083,49.98768,38.50654,2.95040,-0.19619,-0.00049,8.92755,-10.52896,25.00000,25.00000,166.49346,0.48550,0.13716,0.74396,0.00000,0.76375,0.35125,0.00000,none
17.52500,49.98780,38.51083,2.94994,-0.19543,-0.00050,8.88336,-10.67864,25.00000,25.00000,166.48917,0.48568,0.13720,0.74028,0.00000,0.76375,0.35250,0.00000,none
17.52917,49.98792,38.51502,2.94949,-0.19469,-0.00051,8.83856,-10.82811,25.00000,25.00000,166.48498,0.48584,0.13724,0.73655,0.00000,0.76375,0.35375,0.00000,none
17.53333,49.98805,38.51910,2.94905,-0.19399,-0.00052,8.79313,-10.97736,25.00000,25.00000,166.48090,0.48601,0.13727,0.73276,0.00000,0.76375,0.35500,0.00000,none
17.53750,49.98817,38.52309,2.94860,-0.19330,-0.00052,8.74708,-11.12639,25.00000,25.00000,166.47691,0.48617,0.13731,0.72892,0.00000,0.76375,0.35625,0.00000,none
17.54167,49.98830,38.52698,2.94816,-0.19264,-0.00053,8.70041,-11.27520,25.00000,25.00000,166.47302,0.48632,0.13735,0.72503,0.00000,0.76375,0.35750,0.00000,none
17.54583,49.98842,38.53078,2.94772,-0.19200,-0.00053,8.65312,-11.42378,25.00000,25.00000,166.46922,0.48647,0.13738,0.72109,0.00000,0.76375,0.35875,0.00000,none
17.55000,49.98855,38.53448,2.94728,-0.19139,-0.00053,8.60521,-11.57213,25.00000,25.00000,166.46552,0.48662,0.13742,0.71710,0.00000,0.76375,0.36000,0.00000,none
17.55417,49.98868,38.53810,2.94685,-0.19079,-0.00053,8.55669,-11.72024,25.00000,25.00000,166.46190,0.48677,0.13745,0.71306,0.00000,0.76375,0.36125,0.00000,none
17.55833,49.98880,38.54163,2.94642,-0.19022,-0.00053,8.50754,-11.86811,25.00000,25.00000,166.45837,0.48691,0.13748,0.70896,0.00000,0.76375,0.36250,0.00000,none
17.56250,49.98893,38.54507,2.94599,-0.18967,-0.00053,8.45779,-12.01574,25.00000,25.00000,166.45493,0.48704,0.13752,0.70482,0.00000,0.76375,0.36375,0.00000,none
17.56667,49.98906,38.54844,2.94556,-0.18914,-0.00053,8.40741,-12.16311,25.00000,25.00000,166.45156,0.48718,0.13755,0.70062,0.00000,0.76375,0.36500,0.00000,none
17.57083,49.98918,38.55172,2.94514,-0.18862,-0.00053,8.35643,-12.31022,25.00000,25.00000,166.44828,0.48731,0.13758,0.69637,0.00000,0.76375,0.36625,0.00000,none
17.57500,49.98931,38.55493,2.94472,-0.18813,-0.00053,8.30483,-12.45707,25.00000,25.00000,166.44507,0.48744,0.13761,0.69207,0.00000,0.76375,0.36750,0.00000,none
17.57917,49.98943,38.55807,2.94430,-0.18765,-0.00052,8.25262,-12.60366,25.00000,25.00000,166.44193,0.48756,0.13764,0.68772,0.00000,0.76375,0.36875,0.00000,none
17.58333,49.98956,38.56113,2.94388,-0.18719,-0.00052,8.19980,-12.74997,25.00000,25.00000,166.43887,0.48769,0.13766,0.68332,0.00000,0.76375,0.37000,0.00000,none
17.58750,49.98968,38.56413,2.94347,-0.18674,-0.00052,8.14637,-12.89600,25.00000,25.00000,166.43587,0.48781,0.13769,0.67886,0.00000,0.76375,0.37125,0.00000,none
17.59167,49.98981,38.56706,2.94306,-0.18631,-0.00052,8.09233,-13.04174,25.00000,25.00000,166.43294,0.48792,0.13772,0.67436,0.00000,0.76375,0.37250,0.00000,none
17.59583,49.98993,38.56992,2.94265,-0.18590,-0.00052,8.03769,-13.18720,25.00000,25.00000,166.43008,0.48804,0.13775,0.66981,0.00000,0.76375,0.37375,0.00000,none
17.60000,49.99005,38.57273,2.94224,-0.18550,-0.00052,7.98244,-13.33235,25.00000,25.00000,166.42727,0.48815,0.13777,0.66520,0.00000,0.76375,0.37500,0.00000,none
17.60417,49.99018,38.57547,2.94183,-0.18512,-0.00051,7.92658,-13.47721,25.00000,25.00000,166.42453,0.48826,0.13780,0.66055,0.00000,0.76375,0.37625,0.00000,none
17.60833,49.99030,38.57815,2.94143,-0.18475,-0.00051,7.87013,-13.62175,25.00000,25.00000,166.42185,0.48837,0.13782,0.65584,0.00000,0.76375,0.37750,0.00000,none
17.61250,49.99042,38.58078,2.94103,-0.18439,-0.00051,7.81307,-13.76598,25.00000,25.00000,166.41922,0.48847,0.13785,0.65109,0.00000,0.76375,0.37875,0.00000,none
17.61667,49.99054,38.58336,2.94063,-0.18405,-0.00051,7.75541,-13.90989,25.00000,25.00000,166.41664,0.48857,0.13787,0.64628,0.00000,0.76375,0.38000,0.00000,none
17.62083,49.99067,38.58588,2.94023,-0.18372,-0.00051,7.69715,-14.05347,25.00000,25.00000,166.41412,0.48867,0.13789,0.64143,0.00000,0.76375,0.38125,0.00000,none
17.62500,49.99079,38.58835,2.93984,-0.18340,-0.00051,7.63830,-14.19671,25.00000,25.00000,166.41165,0.48877,0.13792,0.63652,0.00000,0.76375,0.38250,0.00000,none
17.62917,49.99091,38.59078,2.93945,-0.18309,-0.00051,7.57885,-14.33961,25.00000,25.00000,166.40922,0.48887,0.13794,0.63157,0.00000,0.76375,0.38375,0.00000,none
17.63333,49.99103,38.59315,2.93906,-0.18279,-0.00051,7.51880,-14.48216,25.00000,25.00000,166.40685,0.48896,0.13796,0.62657,0.00000,0.76375,0.38500,0.00000,none
17.63750,49.99116,38.59548,2.93867,-0.18251,-0.00052,7.45816,-14.62436,25.00000,25.00000,166.40452,0.48906,0.13798,0.62151,0.00000,0.76375,0.38625,0.00000,none
17.64167,49.99128,38.59777,2.93828,-0.18223,-0.00052,7.39693,-14.76619,25.00000,25.00000,166.40223,0.48915,0.13801,0.61641,0.00000,0.76375,0.38750,0.00000,none
17.64583,49.99141,38.60002,2.93789,-0.18196,-0.00052,7.33511,-14.90764,25.00000,25.00000,166.39998,0.48924,0.13803,0.61126,0.00000,0.76375,0.38875,0.00000,none
17.65000,49.99153,38.60222,2.93751,-0.18171,-0.00052,7.27270,-15.04873,25.00000,25.00000,166.39778,0.48933,0.13805,0.60606,0.00000,0.76375,0.39000,0.00000,none
17.65417,49.99165,38.60439,2.93713,-0.18146,-0.00053,7.20971,-15.18942,25.00000,25.00000,166.39561,0.48941,0.13807,0.60081,0.00000,0.76375,0.39125,0.00000,none
17.65833,49.99178,38.60652,2.93675,-0.18122,-0.00053,7.14612,-15.32972,25.00000,25.00000,166.39348,0.48950,0.13809,0.59551,0.00000,0.76375,0.39250,0.00000,none
17.66250,49.99191,38.60861,2.93637,-0.18099,-0.00053,7.08196,-15.46904,25.00000,25.00000,166.39139,0.48958,0.13811,0.59016,0.00000,0.76375,0.39208,0.00000,none
17.66667,49.99203,38.61067,2.93599,-0.18077,-0.00054,7.01722,-15.60737,25.00000,25.00000,166.38933,0.48966,0.13813,0.58477,0.00000,0.76375,0.39167,0.00000,none
17.67083,49.99216,38.61269,2.93561,-0.18056,-0.00054,6.95190,-15.74470,25.00000,25.00000,166.38731,0.48975,0.13815,0.57933,0.00000,0.76375,0.39125,0.00000,none
17.67500,49.99229,38.61468,2.93524,-0.18035,-0.00054,6.88601,-15.88104,25.00000,25.00000,166.38532,0.48982,0.13816,0.57383,0.00000,0.76375,0.39083,0.00000,none
17.67917,49.99242,38.61664,2.93487,-0.18015,-0.00055,6.81956,-16.01636,25.00000,25.00000,166.38336,0.48990,0.13818,0.56830,0.00000,0.76375,0.39042,0.00000,none
17.68333,49.99255,38.61857,2.93450,-0.17996,-0.00055,6.75254,-16.15067,25.00000,25.00000,166.38143,0.48998,0.13820,0.56271,0.00000,0.76375,0.39000,0.00000,none
17.68750,49.99269,38.62047,2.93413,-0.17978,-0.00056,6.68497,-16.28396,25.00000,25.00000,166.37953,0.49006,0.13822,0.55708,0.00000,0.76375,0.38958,0.00000,none
17.69167,49.99282,38.62234,2.93376,-0.17960,-0.00056,6.61685,-16.41622,25.00000,25.00000,166.37766,0.49013,0.13824,0.55140,0.00000,0.76375,0.38917,0.00000,none
17.69583,49.99296,38.62419,2.93339,-0.17943,-0.00057,6.54817,-16.54745,25.00000,25.00000,166.37581,0.49020,0.13825,0.54568,0.00000,0.76375,0.38875,0.00000,none
17.70000,49.99309,38.62601,2.93303,-0.17926,-0.00058,6.47895,-16.67763,25.00000,25.00000,166.37399,0.49028,0.13827,0.53991,0.00000,0.76375,0.38833,0.00000,none
17.70417,49.99323,38.62780,2.93266,-0.17910,-0.00058,6.40919,-16.80676,25.00000,25.00000,166.37220,0.49035,0.13829,0.53410,0.00000,0.76375,0.38792,0.00000,none
17.70833,49.99337,38.62958,2.93230,-0.17895,-0.00059,6.33890,-16.93483,25.00000,25.00000,166.37042,0.49042,0.13830,0.52824,0.00000,0.76375,0.38750,0.00000,none
17.71250,49.99351,38.63132,2.93194,-0.17880,-0.00060,6.26807,-17.06184,25.00000,25.00000,166.36868,0.49049,0.13832,0.52234,0.00000,0.76375,0.38708,0.00000,none
17.71667,49.99366,38.63305,2.93158,-0.17866,-0.00060,6.19672,-17.18778,25.00000,25.00000,166.36695,0.49056,0.13834,0.51639,0.00000,0.76375,0.38667,0.00000,none
17.72083,49.99380,38.63475,2.93122,-0.17852,-0.00061,6.12484,-17.31263,25.00000,25.00000,166.36525,0.49063,0.13835,0.51040,0.00000,0.76375,0.38625,0.00000,none
17.72500,49.99395,38.63644,2.93086,-0.17839,-0.00062,6.05245,-17.43640,25.00000,25.00000,166.36356,0.49069,0.13837,0.50437,0.00000,0.76375,0.38583,0.00000,none
17.72917,49.99410,38.63810,2.93051,-0.17826,-0.00063,5.97954,-17.55906,25.00000,25.00000,166.36190,0.49076,0.13838,0.49829,0.00000,0.76375,0.38542,0.00000,none
17.73333,49.99425,38.63965,2.93016,-0.17815,-0.00063,5.90612,-17.68031,25.00000,25.00000,166.36035,0.49112,0.13839,0.49218,0.00000,0.76250,0.38500,0.00000,none
17.73750,49.99440,38.64108,2.92983,-0.17807,-0.00064,5.83221,-17.80013,25.00000,25.00000,166.35892,0.49148,0.13839,0.48602,0.00000,0.76125,0.38458,0.00000,none
17.74167,49.99455,38.64240,2.92950,-0.17801,-0.00064,5.75779,-17.91852,25.00000,25.00000,166.35760,0.49184,0.13839,0.47982,0.00000,0.76000,0.38417,0.00000,none
17.74583,49.99471,38.64361,2.92919,-0.17797,-0.00065,5.68289,-18.03546,25.00000,25.00000,166.35639,0.49219,0.13839,0.47357,0.00000,0.75875,0.38375,0.00000,none
17.75000,49.99486,38.64471,2.92888,-0.17795,-0.00065,5.60750,-18.15095,25.00000,25.00000,166.35529,0.49253,0.13839,0.46729,0.00000,0.75750,0.38333,0.00000,none
17.75417,49.99502,38.64572,2.92859,-0.17796,-0.00066,5.53163,-18.26498,25.00000,25.00000,166.35428,0.49287,0.13839,0.46097,0.00000,0.75625,0.38292,0.00000,none
17.75833,49.99518,38.64662,2.92830,-0.17798,-0.00066,5.45529,-18.37754,25.00000,25.00000,166.35338,0.49320,0.13838,0.45461,0.00000,0.75500,0.38250,0.00000,none
17.76250,49.99534,38.64742,2.92803,-0.17802,-0.00067,5.37849,-18.48863,25.00000,25.00000,166.35258,0.49353,0.13838,0.44821,0.00000,0.75375,0.38208,0.00000,none
17.76667,49.99550,38.64813,2.92776,-0.17808,-0.00067,5.30122,-18.59823,25.00000,25.00000,166.35187,0.49386,0.13837,0.44177,0.00000,0.75250,0.38167,0.00000,none
17.77083,49.99566,38.64874,2.92750,-0.17815,-0.00067,5.22351,-18.70634,25.00000,25.00000,166.35126,0.49418,0.13837,0.43529,0.00000,0.75125,0.38125,0.00000,none
17.77500,49.99582,38.64927,2.92726,-0.17824,-0.00068,5.14534,-18.81295,25.00000,25.00000,166.35073,0.49449,0.13836,0.42878,0.00000,0.75000,0.38083,0.00000,none
17.77917,49.99598,38.64971,2.92702,-0.17835,-0.00068,5.06673,-18.91805,25.00000,25.00000,166.35029,0.49480,0.13835,0.42223,0.00000,0.74875,0.38042,0.00000,none
17.78333,49.99614,38.65006,2.92679,-0.17847,-0.00069,4.98769,-19.02163,25.00000,25.00000,166.34994,0.49511,0.13834,0.41564,0.00000,0.74750,0.38000,0.00000,none
17.78750,49.99631,38.65033,2.92658,-0.17861,-0.00069,4.90822,-19.12368,25.00000,25.00000,166.34967,0.49541,0.13833,0.40902,0.00000,0.74625,0.37958,0.00000,none
17.79167,49.99647,38.65053,2.92637,-0.17876,-0.00070,4.82833,-19.22421,25.00000,25.00000,166.34947,0.49571,0.13832,0.40236,0.00000,0.74500,0.37917,0.00000,none
17.79583,49.99664,38.65064,2.92617,-0.17893,-0.00070,4.74802,-19.32319,25.00000,25.00000,166.34936,0.49600,0.13831,0.39567,0.00000,0.74375,0.37875,0.00000,none
17.80000,49.99681,38.65068,2.92597,-0.17911,-0.00071,4.66731,-19.42062,25.00000,25.00000,166.34932,0.49629,0.13829,0.38894,0.00000,0.74250,0.37833,0.00000,none
17.80417,49.99698,38.65065,2.92579,-0.17930,-0.00072,4.58619,-19.51649,25.00000,25.00000,166.34935,0.49658,0.13828,0.38218,0.00000,0.74125,0.37792,0.00000,none
17.80833,49.99715,38.65055,2.92562,-0.17950,-0.00072,4.50467,-19.61079,25.00000,25.00000,166.34945,0.49686,0.13827,0.37539,0.00000,0.74000,0.37750,0.00000,none
17.81250,49.99733,38.65038,2.92545,-0.17972,-0.00073,4.42277,-19.70352,25.00000,25.00000,166.34962,0.49714,0.13825,0.36856,0.00000,0.73875,0.37708,0.00000,none
17.81667,49.99750,38.65015,2.92530,-0.17994,-0.00074,4.34048,-19.79466,25.00000,25.00000,166.34985,0.49741,0.13823,0.36171,0.00000,0.73750,0.37667,0.00000,none
17.82083,49.99768,38.64985,2.92515,-0.18018,-0.00075,4.25781,-19.88421,25.00000,25.00000,166.35015,0.49768,0.13822,0.35482,0.00000,0.73625,0.37625,0.00000,none
17.82500,49.99786,38.64949,2.92501,-0.18043,-0.00076,4.17478,-19.97217,25.00000,25.00000,166.35051,0.49795,0.13820,0.34790,0.00000,0.73500,0.37583,0.00000,none
17.82917,49.99804,38.64908,2.92488,-0.18068,-0.00077,4.09138,-20.05851,25.00000,25.00000,166.35092,0.49821,0.13818,0.34095,0.00000,0.73375,0.37542,0.00000,none
17.83333,49.99822,38.64860,2.92476,-0.18095,-0.00078,4.00763,-20.14323,25.00000,25.00000,166.35140,0.49847,0.13816,0.33397,0.00000,0.73250,0.37500,0.00000,none
17.83750,49.99841,38.64807,2.92464,-0.18122,-0.00079,3.92352,-20.22634,25.00000,25.00000,166.35193,0.49872,0.13814,0.32696,0.00000,0.73125,0.37458,0.00000,none
17.84167,49.99860,38.64749,2.92454,-0.18150,-0.00080,3.83908,-20.30780,25.00000,25.00000,166.35251,0.49898,0.13812,0.31992,0.00000,0.73000,0.37417,0.00000,none
17.84583,49.99879,38.64685,2.92444,-0.18179,-0.00081,3.75429,-20.38763,25.00000,25.00000,166.35315,0.49923,0.13809,0.31286,0.00000,0.72875,0.37375,0.00000,none
17.85000,49.99899,38.64617,2.92435,-0.18209,-0.00082,3.66918,-20.46580,25.00000,25.00000,166.35383,0.49947,0.13807,0.30577,0.00000,0.72750,0.37333,0.00000,none
17.85417,49.99919,38.64543,2.92427,-0.18240,-0.00083,3.58375,-20.54232,25.00000,25.00000,166.35457,0.49971,0.13805,0.29865,0.00000,0.72625,0.37292,0.00000,none
17.85833,49.99939,38.64465,2.92420,-0.18271,-0.00085,3.49800,-20.61717,25.00000,25.00000,166.35535,0.49995,0.13802,0.29150,0.00000,0.72500,0.37250,0.00000,none
17.86250,49.99959,38.64383,2.92413,-0.18302,-0.00086,3.41194,-20.69035,25.00000,25.00000,166.35617,0.50018,0.13800,0.28433,0.00000,0.72375,0.37208,0.00000,none
17.86667,49.99980,38.64296,2.92407,-0.18335,-0.00087,3.32558,-20.76185,25.00000,25.00000,166.35704,0.50042,0.13797,0.27713,0.00000,0.72250,0.37167,0.00000,none
17.87083,50.00001,38.64206,2.92402,-0.18368,-0.00089,3.23893,-20.83165,25.00000,25.00000,166.35794,0.50064,0.13794,0.26991,0.00000,0.72125,0.37125,0.00000,none
17.87500,50.00022,38.64111,2.92398,-0.18401,-0.00090,3.15199,-20.89976,25.00000,25.00000,166.35889,0.50087,0.13792,0.26267,0.00000,0.72000,0.37083,0.00000,none
17.87917,50.00044,38.64012,2.92394,-0.18435,-0.00092,3.06477,-20.96616,25.00000,25.00000,166.35988,0.50109,0.13789,0.25540,0.00000,0.71875,0.37042,0.00000,none
17.88333,50.00066,38.63910,2.92392,-0.18470,-0.00093,2.97727,-21.03085,25.00000,25.00000,166.36090,0.50131,0.13786,0.24811,0.00000,0.71750,0.37000,0.00000,none
17.88750,50.00088,38.63804,2.92390,-0.18504,-0.00095,2.88951,-21.09381,25.00000,25.00000,166.36196,0.50153,0.13783,0.24079,0.00000,0.71625,0.36958,0.00000,none
17.89167,50.00111,38.63695,2.92388,-0.18540,-0.00096,2.80149,-21.15505,25.00000,25.00000,166.36305,0.50174,0.13780,0.23346,0.00000,0.71500,0.36917,0.00000,none
17.89583,50.00134,38.63583,2.92388,-0.18575,-0.00098,2.71322,-21.21455,25.00000,25.00000,166.36417,0.50195,0.13777,0.22610,0.00000,0.71375,0.36875,0.00000,none
17.90000,50.00157,38.63467,2.92388,-0.18611,-0.00099,2.62471,-21.27231,25.00000,25.00000,166.36533,0.50216,0.13774,0.21873,0.00000,0.71250,0.36833,0.00000,none
17.90417,50.00181,38.63349,2.92388,-0.18648,-0.00101,2.53596,-21.32831,25.00000,25.00000,166.36651,0.50236,0.13771,0.21133,0.00000,0.71125,0.36792,0.00000,none
17.90833,50.00206,38.63228,2.92390,-0.18684,-0.00103,2.44697,-21.38255,25.00000,25.00000,166.36772,0.50256,0.13767,0.20391,0.00000,0.71000,0.36750,0.00000,none
17.91250,50.00230,38.63104,2.92392,-0.18721,-0.00104,2.35777,-21.43503,25.00000,25.00000,166.36896,0.50276,0.13764,0.19648,0.00000,0.70875,0.36708,0.00000,none
17.91667,50.00255,38.62977,2.92395,-0.18758,-0.00106,2.26835,-21.48574,25.00000,25.00000,166.37023,0.50295,0.13761,0.18903,0.00000,0.70750,0.36667,0.00000,none
17.92083,50.00281,38.62848,2.92399,-0.18795,-0.00108,2.17873,-21.53466,25.00000,25.00000,166.37152,0.50315,0.13757,0.18156,0.00000,0.70625,0.36625,0.00000,none
17.92500,50.00307,38.62717,2.92403,-0.18833,-0.00110,2.08890,-21.58180,25.00000,25.00000,166.37283,0.50333,0.13754,0.17407,0.00000,0.70500,0.36583,0.00000,none
17.92917,50.00333,38.62583,2.92408,-0.18870,-0.00112,1.99888,-21.62714,25.00000,25.00000,166.37417,0.50352,0.13750,0.16657,0.00000,0.70375,0.36542,0.00000,none
17.93333,50.00360,38.62448,2.92413,-0.18908,-0.00113,1.90868,-21.67069,25.00000,25.00000,166.37552,0.50370,0.13746,0.15906,0.00000,0.70250,0.36500,0.00000,none
17.93750,50.00387,38.62310,2.92419,-0.18946,-0.00115,1.81829,-21.71242,25.00000,25.00000,166.37690,0.50389,0.13743,0.15152,0.00000,0.70125,0.36458,0.00000,none
17.94167,50.00415,38.62171,2.92426,-0.18984,-0.00117,1.72774,-21.75234,25.00000,25.00000,166.37829,0.50406,0.13739,0.14398,0.00000,0.70000,0.36417,0.00000,none
17.94583,50.00443,38.62029,2.92433,-0.19022,-0.00119,1.63703,-21.79044,25.00000,25.00000,166.37971,0.50424,0.13735,0.13642,0.00000,0.69875,0.36375,0.00000,none
17.95000,50.00472,38.61886,2.92441,-0.19060,-0.00121,1.54616,-21.82671,25.00000,25.00000,166.38114,0.50441,0.13731,0.12885,0.00000,0.69750,0.36333,0.00000,none
17.95417,50.00501,38.61742,2.92450,-0.19098,-0.00123,1.45514,-21.86115,25.00000,25.00000,166.38258,0.50458,0.13727,0.12126,0.00000,0.69625,0.36292,0.00000,none
17.95833,50.00531,38.61596,2.92459,-0.19136,-0.00125,1.36398,-21.89374,25.00000,25.00000,166.38404,0.50475,0.13723,0.11367,0.00000,0.69500,0.36250,0.00000,none
17.96250,50.00561,38.61449,2.92469,-0.19174,-0.00127,1.27270,-21.92450,25.00000,25.00000,166.38551,0.50491,0.13719,0.10606,0.00000,0.69375,0.36208,0.00000,none
17.96667,50.00591,38.61300,2.92479,-0.19212,-0.00129,1.18128,-21.95340,25.00000,25.00000,166.38700,0.50508,0.13715,0.09844,0.00000,0.69250,0.36167,0.00000,none
17.97083,50.00623,38.61151,2.92490,-0.19251,-0.00131,1.08975,-21.98044,25.00000,25.00000,166.38849,0.50524,0.13711,0.09081,0.00000,0.69125,0.36125,0.00000,none
17.97500,50.00654,38.61000,2.92502,-0.19289,-0.00133,0.99812,-22.00562,25.00000,25.00000,166.39000,0.50539,0.13707,0.08318,0.00000,0.69000,0.36083,0.00000,none
17.97917,50.00686,38.60848,2.92514,-0.19326,-0.00135,0.90638,-22.02894,25.00000,25.00000,166.39152,0.50555,0.13702,0.07553,0.00000,0.68875,0.36042,0.00000,none
17.98333,50.00719,38.60695,2.92527,-0.19364,-0.00137,0.81454,-22.05038,25.00000,25.00000,166.39305,0.50570,0.13698,0.06788,0.00000,0.68750,0.36000,0.00000,none
17.98750,50.00752,38.60542,2.92540,-0.19402,-0.00139,0.72263,-22.06994,25.00000,25.00000,166.39458,0.50585,0.13694,0.06022,0.00000,0.68625,0.35958,0.00000,none
17.99167,50.00785,38.60388,2.92554,-0.19439,-0.00142,0.63063,-22.08762,25.00000,25.00000,166.39612,0.50599,0.13689,0.05255,0.00000,0.68500,0.35917,0.00000,none
17.99583,50.00819,38.60233,2.92568,-0.19477,-0.00144,0.53857,-22.10341,25.00000,25.00000,166.39767,0.50614,0.13685,0.04488,0.00000,0.68375,0.35875,0.00000,none
18.00000,50.00854,38.60078,2.92583,-0.19514,-0.00146,0.44644,-22.11731,25.00000,25.00000,166.39922,0.50628,0.13680,0.03720,0.00000,0.68250,0.35833,0.00000,none
18.00417,50.00889,38.59922,2.92598,-0.19551,-0.00148,0.35426,-22.12932,25.00000,25.00000,166.40078,0.50642,0.13675,0.02952,0.00000,0.68125,0.35792,0.00000,none
18.00833,50.00924,38.59766,2.92614,-0.19588,-0.00150,0.26203,-22.13942,25.00000,25.00000,166.40234,0.50655,0.13671,0.02184,0.00000,0.68000,0.35750,0.00000,none
18.01250,50.00960,38.59609,2.92630,-0.19625,-0.00152,0.16977,-22.14762,25.00000,25.00000,166.40391,0.50669,0.13666,0.01415,0.00000,0.67875,0.35708,0.00000,none
18.01667,50.00997,38.59453,2.92647,-0.19661,-0.00154,0.07747,-22.15391,25.00000,25.00000,166.40547,0.50682,0.13661,0.00646,0.00000,0.67750,0.35667,0.00000,none
18.02083,50.01034,38.59296,2.92664,-0.19697,-0.00157,-0.01485,-22.15817,25.00000,25.00000,166.40704,0.50695,0.13656,0.00148,0.00000,0.67625,0.35625,0.00000,none
18.02500,50.01072,38.59139,2.92682,-0.19733,-0.00159,-0.10717,-22.15754,25.00000,25.00000,166.40861,0.50707,0.13651,0.01072,0.00000,0.67500,0.35500,0.00000,none
18.02917,50.01110,38.58983,2.92700,-0.19769,-0.00160,-0.19948,-22.15052,25.00000,25.00000,166.41017,0.50720,0.13646,0.01995,0.00000,0.67375,0.35375,0.00000,none
18.03333,50.01148,38.58827,2.92718,-0.19805,-0.00162,-0.29175,-22.13720,25.00000,25.00000,166.41173,0.50732,0.13641,0.02918,0.00000,0.67250,0.35250,0.00000,none
18.03750,50.01187,38.58671,2.92737,-0.19840,-0.00164,-0.38395,-22.11765,25.00000,25.00000,166.41329,0.50744,0.13636,0.03840,0.00000,0.67125,0.35125,0.00000,none
18.04167,50.01226,38.58516,2.92756,-0.19875,-0.00165,-0.47606,-22.09195,25.00000,25.00000,166.41484,0.50756,0.13631,0.04761,0.00000,0.67000,0.35000,0.00000,none
18.04583,50.01266,38.58361,2.92775,-0.19910,-0.00167,-0.56804,-22.06018,25.00000,25.00000,166.41639,0.50767,0.13626,0.05680,0.00000,0.66875,0.34875,0.00000,none
18.05000,50.01306,38.58207,2.92794,-0.19944,-0.00168,-0.65988,-22.02243,25.00000,25.00000,166.41793,0.50778,0.13621,0.06599,0.00000,0.66750,0.34750,0.00000,none
18.05417,50.01346,38.58053,2.92814,-0.19979,-0.00169,-0.75155,-21.97877,25.00000,25.00000,166.41947,0.50789,0.13616,0.07516,0.00000,0.66625,0.34625,0.00000,none
18.05833,50.01387,38.57899,2.92834,-0.20012,-0.00170,-0.84303,-21.92929,25.00000,25.00000,166.42101,0.50800,0.13610,0.08430,0.00000,0.66500,0.34500,0.00000,none
18.06250,50.01427,38.57746,2.92854,-0.20046,-0.00171,-0.93429,-21.87408,25.00000,25.00000,166.42254,0.50810,0.13605,0.09343,0.00000,0.66375,0.34375,0.00000,none
18.06667,50.01468,38.57594,2.92875,-0.20080,-0.00172,-1.02531,-21.81322,25.00000,25.00000,166.42406,0.50821,0.13600,0.10253,0.00000,0.66250,0.34250,0.00000,none
18.07083,50.01510,38.57442,2.92895,-0.20113,-0.00173,-1.11606,-21.74679,25.00000,25.00000,166.42558,0.50831,0.13594,0.11161,0.00000,0.66125,0.34125,0.00000,none
18.07500,50.01551,38.57290,2.92916,-0.20145,-0.00174,-1.20652,-21.67489,25.00000,25.00000,166.42710,0.50840,0.13589,0.12065,0.00000,0.66000,0.34000,0.00000,none
18.07917,50.01593,38.57140,2.92937,-0.20178,-0.00175,-1.29667,-21.59760,25.00000,25.00000,166.42860,0.50850,0.13583,0.12967,0.00000,0.65875,0.33875,0.00000,none
18.08333,50.01634,38.56990,2.92959,-0.20210,-0.00176,-1.38649,-21.51502,25.00000,25.00000,166.43010,0.50859,0.13578,0.13865,0.00000,0.65750,0.33750,0.00000,none
18.08750,50.01677,38.56841,2.92980,-0.20242,-0.00177,-1.47596,-21.42722,25.00000,25.00000,166.43159,0.50868,0.13572,0.14760,0.00000,0.65625,0.33625,0.00000,none
18.09167,50.01719,38.56692,2.93002,-0.20274,-0.00177,-1.56505,-21.33429,25.00000,25.00000,166.43308,0.50877,0.13566,0.15650,0.00000,0.65500,0.33500,0.00000,none
18.09583,50.01761,38.56545,2.93024,-0.20305,-0.00178,-1.65374,-21.23634,25.00000,25.00000,166.43455,0.50885,0.13560,0.16537,0.00000,0.65375,0.33375,0.00000,none
18.10000,50.01804,38.56398,2.93046,-0.20336,-0.00179,-1.74201,-21.13344,25.00000,25.00000,166.43602,0.50893,0.13554,0.17420,0.00000,0.65250,0.33250,0.00000,none
18.10417,50.01847,38.56253,2.93068,-0.20366,-0.00180,-1.82984,-21.02568,25.00000,25.00000,166.43747,0.50901,0.13549,0.18298,0.00000,0.65125,0.33125,0.00000,none
18.10833,50.01890,38.56109,2.93091,-0.20396,-0.00180,-1.91722,-20.91317,25.00000,25.00000,166.43891,0.50909,0.13543,0.19172,0.00000,0.65000,0.33000,0.00000,none
18.11250,50.01933,38.55965,2.93113,-0.20426,-0.00181,-2.00411,-20.79597,25.00000,25.00000,166.44035,0.50917,0.13537,0.20041,0.00000,0.64875,0.32875,0.00000,none
18.11667,50.01976,38.55823,2.93136,-0.20455,-0.00182,-2.09051,-20.67419,25.00000,25.00000,166.44177,0.50924,0.13531,0.20905,0.00000,0.64750,0.32750,0.00000,none
18.12083,50.02019,38.55682,2.93159,-0.20484,-0.00182,-2.17639,-20.54792,25.00000,25.00000,166.44318,0.50931,0.13525,0.21764,0.00000,0.64625,0.32625,0.00000,none
18.12500,50.02063,38.55542,2.93182,-0.20513,-0.00183,-2.26173,-20.41724,25.00000,25.00000,166.44458,0.50938,0.13518,0.22617,0.00000,0.64500,0.32500,0.00000,none
18.12917,50.02107,38.55404,2.93205,-0.20541,-0.00184,-2.34653,-20.28224,25.00000,25.00000,166.44596,0.50944,0.13512,0.23465,0.00000,0.64375,0.32375,0.00000,none
18.13333,50.02151,38.55267,2.93228,-0.20568,-0.00184,-2.43075,-20.14301,25.00000,25.00000,166.44733,0.50950,0.13506,0.24307,0.00000,0.64250,0.32250,0.00000,none
18.13750,50.02195,38.55131,2.93252,-0.20596,-0.00185,-2.51438,-19.99965,25.00000,25.00000,166.44869,0.50956,0.13500,0.25144,0.00000,0.64125,0.32125,0.00000,none
18.14167,50.02239,38.54997,2.93275,-0.20623,-0.00185,-2.59740,-19.85224,25.00000,25.00000,166.45003,0.50962,0.13493,0.25974,0.00000,0.64000,0.32000,0.00000,none
18.14583,50.02283,38.54864,2.93299,-0.20649,-0.00186,-2.67981,-19.70086,25.00000,25.00000,166.45136,0.50967,0.13487,0.26798,0.00000,0.63875,0.31875,0.00000,none
18.15000,50.02328,38.54733,2.93322,-0.20675,-0.00187,-2.76157,-19.54561,25.00000,25.00000,166.45267,0.50973,0.13480,0.27616,0.00000,0.63750,0.31750,0.00000,none
18.15417,50.02372,38.54603,2.93346,-0.20700,-0.00187,-2.84268,-19.38657,25.00000,25.00000,166.45397,0.50978,0.13474,0.28427,0.00000,0.63625,0.31625,0.00000,none
18.15833,50.02417,38.54475,2.93370,-0.20725,-0.00188,-2.92312,-19.22383,25.00000,25.00000,166.45525,0.50982,0.13467,0.29231,0.00000,0.63500,0.31500,0.00000,none
18.16250,50.02462,38.54349,2.93393,-0.20750,-0.00188,-3.00288,-19.05748,25.00000,25.00000,166.45651,0.50987,0.13461,0.30029,0.00000,0.63375,0.31375,0.00000,none
18.16667,50.02507,38.54224,2.93417,-0.20774,-0.00189,-3.08193,-18.88760,25.00000,25.00000,166.45776,0.50991,0.13454,0.30819,0.00000,0.63250,0.31250,0.00000,none
18.17083,50.02552,38.54101,2.93441,-0.20798,-0.00189,-3.16027,-18.71428,25.00000,25.00000,166.45899,0.50995,0.13447,0.31603,0.00000,0.63125,0.31125,0.00000,none
18.17500,50.02597,38.53980,2.93465,-0.20821,-0.00190,-3.23788,-18.53759,25.00000,25.00000,166.46020,0.50999,0.13440,0.32379,0.00000,0.63000,0.31000,0.00000,none
18.17917,50.02643,38.53861,2.93489,-0.20843,-0.00190,-3.31474,-18.35763,25.00000,25.00000,166.46139,0.51002,0.13434,0.33147,0.00000,0.62875,0.30875,0.00000,none
18.18333,50.02688,38.53744,2.93513,-0.20866,-0.00190,-3.39085,-18.17448,25.00000,25.00000,166.46256,0.51005,0.13427,0.33909,0.00000,0.62750,0.30750,0.00000,none
18.18750,50.02733,38.53628,2.93537,-0.20887,-0.00191,-3.46619,-17.98823,25.00000,25.00000,166.46372,0.51008,0.13420,0.34662,0.00000,0.62625,0.30625,0.00000,none
18.19167,50.02779,38.53515,2.93561,-0.20908,-0.00191,-3.54075,-17.79894,25.00000,25.00000,166.46485,0.51011,0.13413,0.35407,0.00000,0.62500,0.30500,0.00000,none
18.19583,50.02825,38.53404,2.93585,-0.20929,-0.00192,-3.61451,-17.60670,25.00000,25.00000,166.46596,0.51014,0.13406,0.36145,0.00000,0.62375,0.30375,0.00000,none
18.20000,50.02870,38.53294,2.93609,-0.20949,-0.00192,-3.68747,-17.41160,25.00000,25.00000,166.46706,0.51016,0.13398,0.36875,0.00000,0.62250,0.30250,0.00000,none
18.20417,50.02916,38.53187,2.93633,-0.20969,-0.00192,-3.75960,-17.21371,25.00000,25.00000,166.46813,0.51018,0.13391,0.37596,0.00000,0.62125,0.30125,0.00000,none
18.20833,50.02962,38.53082,2.93657,-0.20988,-0.00192,-3.83091,-17.01311,25.00000,25.00000,166.46918,0.51019,0.13384,0.38309,0.00000,0.62000,0.30000,0.00000,none
18.21250,50.03008,38.52979,2.93681,-0.21006,-0.00193,-3.90138,-16.80988,25.00000,25.00000,166.47021,0.51021,0.13377,0.39014,0.00000,0.61875,0.29875,0.00000,none
18.21667,50.03054,38.52878,2.93705,-0.21024,-0.00193,-3.97099,-16.60409,25.00000,25.00000,166.47122,0.51022,0.13369,0.39710,0.00000,0.61750,0.29750,0.00000,none
18.22083,50.03100,38.52780,2.93729,-0.21041,-0.00193,-4.03974,-16.39582,25.00000,25.00000,166.47220,0.51023,0.13362,0.40397,0.00000,0.61625,0.29625,0.00000,none
18.22500,50.03147,38.52683,2.93752,-0.21058,-0.00193,-4.10762,-16.18515,25.00000,25.00000,166.47317,0.51023,0.13355,0.41076,0.00000,0.61500,0.29500,0.00000,none
18.22917,50.03193,38.52589,2.93776,-0.21075,-0.00194,-4.17461,-15.97214,25.00000,25.00000,166.47411,0.51024,0.13347,0.41746,0.00000,0.61375,0.29375,0.00000,none
18.23333,50.03239,38.52498,2.93800,-0.21090,-0.00194,-4.24071,-15.75688,25.00000,25.00000,166.47502,0.51024,0.13339,0.42407,0.00000,0.61250,0.29250,0.00000,none
18.23750,50.03285,38.52408,2.93823,-0.21106,-0.00194,-4.30592,-15.53943,25.00000,25.00000,166.47592,0.51024,0.13332,0.43059,0.00000,0.61125,0.29125,0.00000,none
18.24167,50.03332,38.52322,2.93847,-0.21120,-0.00194,-4.37021,-15.31987,25.00000,25.00000,166.47678,0.51023,0.13324,0.43702,0.00000,0.61000,0.29000,0.00000,none
18.24583,50.03378,38.52237,2.93870,-0.21134,-0.00194,-4.43358,-15.09826,25.00000,25.00000,166.47763,0.51023,0.13316,0.44336,0.00000,0.60875,0.28875,0.00000,none
18.25000,50.03424,38.52155,2.93893,-0.21148,-0.00194,-4.49602,-14.87467,25.00000,25.00000,166.47845,0.51022,0.13309,0.44960,0.00000,0.60750,0.28750,0.00000,none
18.25417,50.03470,38.52076,2.93917,-0.21161,-0.00194,-4.55753,-14.64917,25.00000,25.00000,166.47924,0.51020,0.13301,0.45575,0.00000,0.60625,0.28625,0.00000,none
18.25833,50.03517,38.51999,2.93940,-0.21173,-0.00194,-4.61810,-14.42184,25.00000,25.00000,166.48001,0.51019,0.13293,0.46181,0.00000,0.60500,0.28500,0.00000,none
18.26250,50.03563,38.51925,2.93962,-0.21185,-0.00194,-4.67771,-14.19272,25.00000,25.00000,166.48075,0.51017,0.13285,0.46777,0.00000,0.60375,0.28375,0.00000,none
18.26667,50.03609,38.51853,2.93985,-0.21196,-0.00194,-4.73637,-13.96190,25.00000,25.00000,166.48147,0.51015,0.13277,0.47364,0.00000,0.60250,0.28250,0.00000,none
18.27083,50.03656,38.51784,2.94008,-0.21207,-0.00194,-4.79406,-13.72943,25.00000,25.00000,166.48216,0.51013,0.13269,0.47941,0.00000,0.60125,0.28125,0.00000,none
18.27500,50.03702,38.51717,2.94030,-0.21217,-0.00194,-4.85078,-13.49538,25.00000,25.00000,166.48283,0.51010,0.13261,0.48508,0.00000,0.60000,0.28000,0.00000,none
18.27917,50.03748,38.51653,2.94052,-0.21226,-0.00194,-4.90652,-13.25981,25.00000,25.00000,166.48347,0.51007,0.13253,0.49065,0.00000,0.59875,0.27875,0.00000,none
18.28333,50.03794,38.51592,2.94075,-0.21235,-0.00193,-4.96127,-13.02276,25.00000,25.00000,166.48408,0.51005,0.13244,0.49613,0.00000,0.59750,0.27750,0.00000,none
18.28750,50.03841,38.51533,2.94097,-0.21243,-0.00193,-5.01504,-12.78430,25.00000,25.00000,166.48467,0.51002,0.13236,0.50150,0.00000,0.59625,0.27625,0.00000,none
18.29167,50.03887,38.51476,2.94118,-0.21251,-0.00193,-5.06781,-12.54447,25.00000,25.00000,166.48524,0.50999,0.13236,0.50678,0.00000,0.59625,0.27500,0.00000,none
18.29583,50.03933,38.51421,2.94140,-0.21259,-0.00193,-5.11957,-12.30332,25.00000,25.00000,166.48579,0.50997,0.13235,0.51196,0.00000,0.59625,0.27375,0.00000,none
18.30000,50.03979,38.51369,2.94161,-0.21266,-0.00193,-5.17033,-12.06092,25.00000,25.00000,166.48631,0.50995,0.13235,0.51703,0.00000,0.59625,0.27250,0.00000,none
18.30417,50.04025,38.51319,2.94182,-0.21272,-0.00192,-5.22008,-11.81730,25.00000,25.00000,166.48681,0.50993,0.13234,0.52201,0.00000,0.59625,0.27125,0.00000,none
18.30833,50.04070,38.51270,2.94203,-0.21279,-0.00192,-5.26881,-11.57252,25.00000,25.00000,166.48730,0.50991,0.13234,0.52688,0.00000,0.59625,0.27000,0.00000,none
18.31250,50.04116,38.51224,2.94224,-0.21284,-0.00192,-5.31651,-11.32662,25.00000,25.00000,166.48776,0.50989,0.13233,0.53165,0.00000,0.59625,0.26875,0.00000,none
18.31667,50.04162,38.51180,2.94245,-0.21290,-0.00192,-5.36319,-11.07966,25.00000,25.00000,166.48820,0.50987,0.13233,0.53632,0.00000,0.59625,0.26750,0.00000,none
18.32083,50.04208,38.51137,2.94265,-0.21295,-0.00191,-5.40884,-10.83168,25.00000,25.00000,166.48863,0.50985,0.13232,0.54088,0.00000,0.59625,0.26625,0.00000,none
18.32500,50.04253,38.51096,2.94285,-0.21300,-0.00191,-5.45346,-10.58272,25.00000,25.00000,166.48904,0.50983,0.13232,0.54535,0.00000,0.59625,0.26500,0.00000,none
18.32917,50.04299,38.51057,2.94305,-0.21304,-0.00191,-5.49703,-10.33284,25.00000,25.00000,166.48943,0.50982,0.13231,0.54970,0.00000,0.59625,0.26375,0.00000,none
18.33333,50.04345,38.51020,2.94325,-0.21309,-0.00191,-5.53956,-10.08207,25.00000,25.00000,166.48980,0.50980,0.13231,0.55396,0.00000,0.59625,0.26250,0.00000,none
18.33750,50.04390,38.50984,2.94345,-0.21312,-0.00190,-5.58105,-9.83046,25.00000,25.00000,166.49016,0.50979,0.13231,0.55810,0.00000,0.59625,0.26125,0.00000,none
18.34167,50.04435,38.50949,2.94364,-0.21316,-0.00190,-5.62148,-9.57806,25.00000,25.00000,166.49051,0.50977,0.13230,0.56215,0.00000,0.59625,0.26000,0.00000,none
18.34583,50.04481,38.50916,2.94384,-0.21319,-0.00190,-5.66086,-9.32489,25.00000,25.00000,166.49084,0.50976,0.13230,0.56609,0.00000,0.59625,0.25875,0.00000,none
18.35000,50.04526,38.50885,2.94403,-0.21322,-0.00189,-5.69919,-9.07101,25.00000,25.00000,166.49115,0.50974,0.13230,0.56992,0.00000,0.59625,0.25750,0.00000,none
18.35417,50.04571,38.50854,2.94422,-0.21325,-0.00189,-5.73645,-8.81645,25.00000,25.00000,166.49146,0.50973,0.13229,0.57365,0.00000,0.59625,0.25625,0.00000,none
18.35833,50.04616,38.50825,2.94441,-0.21328,-0.00189,-5.77266,-8.56125,25.00000,25.00000,166.49175,0.50972,0.13229,0.57727,0.00000,0.59625,0.25500,0.00000,none
18.36250,50.04661,38.50797,2.94459,-0.21330,-0.00188,-5.80779,-8.30545,25.00000,25.00000,166.49203,0.50971,0.13229,0.58078,0.00000,0.59625,0.25375,0.00000,none
18.36667,50.04706,38.50771,2.94478,-0.21333,-0.00188,-5.84187,-8.04909,25.00000,25.00000,166.49229,0.50970,0.13229,0.58419,0.00000,0.59625,0.25250,0.00000,none
18.37083,50.04751,38.50745,2.94496,-0.21334,-0.00187,-5.87487,-7.79221,25.00000,25.00000,166.49255,0.50969,0.13228,0.58749,0.00000,0.59625,0.25125,0.00000,none
18.37500,50.04795,38.50720,2.94514,-0.21336,-0.00187,-5.90680,-7.53483,25.00000,25.00000,166.49280,0.50968,0.13228,0.59068,0.00000,0.59625,0.25000,0.00000,none
18.37917,50.04840,38.50697,2.94533,-0.21338,-0.00186,-5.93766,-7.27701,25.00000,25.00000,166.49303,0.50967,0.13228,0.59377,0.00000,0.59625,0.24875,0.00000,none
18.38333,50.04884,38.50674,2.94551,-0.21339,-0.00186,-5.96744,-7.01876,25.00000,25.00000,166.49326,0.50966,0.13228,0.59674,0.00000,0.59625,0.24750,0.00000,none
18.38750,50.04929,38.50653,2.94568,-0.21341,-0.00185,-5.99615,-6.76013,25.00000,25.00000,166.49347,0.50965,0.13227,0.59961,0.00000,0.59625,0.24625,0.00000,none
18.39167,50.04973,38.50632,2.94586,-0.21342,-0.00185,-6.02377,-6.50114,25.00000,25.00000,166.49368,0.50964,0.13227,0.60238,0.00000,0.59625,0.24500,0.00000,none
18.39583,50.05017,38.50612,2.94604,-0.21343,-0.00184,-6.05032,-6.24184,25.00000,25.00000,166.49388,0.50963,0.13227,0.60503,0.00000,0.59625,0.24375,0.00000,none
18.40000,50.05061,38.50592,2.94621,-0.21343,-0.00184,-6.07579,-5.98225,25.00000,25.00000,166.49408,0.50962,0.13227,0.60758,0.00000,0.59625,0.24250,0.00000,none
18.40417,50.05104,38.50574,2.94639,-0.21344,-0.00183,-6.10017,-5.72241,25.00000,25.00000,166.49426,0.50961,0.13227,0.61002,0.00000,0.59625,0.24125,0.00000,none
18.40833,50.05148,38.50556,2.94656,-0.21345,-0.00182,-6.12348,-5.46234,25.00000,25.00000,166.49444,0.50961,0.13226,0.61235,0.00000,0.59625,0.24000,0.00000,none
18.41250,50.05191,38.50539,2.94673,-0.21345,-0.00182,-6.14569,-5.20207,25.00000,25.00000,166.49461,0.50960,0.13226,0.61457,0.00000,0.59625,0.23875,0.00000,none
18.41667,50.05235,38.50522,2.94690,-0.21346,-0.00181,-6.16683,-4.94164,25.00000,25.00000,166.49478,0.50959,0.13226,0.61668,0.00000,0.59625,0.23750,0.00000,none
18.42083,50.05278,38.50506,2.94707,-0.21346,-0.00180,-6.18687,-4.68108,25.00000,25.00000,166.49494,0.50959,0.13226,0.61869,0.00000,0.59625,0.23625,0.00000,none
18.42500,50.05321,38.50490,2.94724,-0.21346,-0.00180,-6.20583,-4.42041,25.00000,25.00000,166.49510,0.50958,0.13226,0.62058,0.00000,0.59625,0.23500,0.00000,none
18.42917,50.05364,38.50475,2.94741,-0.21346,-0.00179,-6.22371,-4.15967,25.00000,25.00000,166.49525,0.50957,0.13226,0.62237,0.00000,0.59625,0.23375,0.00000,none
18.43333,50.05406,38.50461,2.94757,-0.21346,-0.00178,-6.24050,-3.89887,25.00000,25.00000,166.49539,0.50957,0.13225,0.62405,0.00000,0.59625,0.23250,0.00000,none
18.43750,50.05449,38.50446,2.94774,-0.21346,-0.00178,-6.25620,-3.63805,25.00000,25.00000,166.49554,0.50956,0.13225,0.62562,0.00000,0.59625,0.23125,0.00000,none
18.44167,50.05491,38.50432,2.94790,-0.21346,-0.00177,-6.27081,-3.37724,25.00000,25.00000,166.49568,0.50955,0.13225,0.62708,0.00000,0.59625,0.23000,0.00000,none
18.44583,50.05533,38.50419,2.94807,-0.21345,-0.00176,-6.28434,-3.11646,25.00000,25.00000,166.49581,0.50955,0.13225,0.62843,0.00000,0.59625,0.22875,0.00000,none
18.45000,50.05575,38.50406,2.94823,-0.21345,-0.00175,-6.29678,-2.85574,25.00000,25.00000,166.49594,0.50954,0.13225,0.62968,0.00000,0.59625,0.22750,0.00000,none
18.45417,50.05617,38.50393,2.94839,-0.21345,-0.00175,-6.30814,-2.59510,25.00000,25.00000,166.49607,0.50954,0.13225,0.63081,0.00000,0.59625,0.22625,0.00000,none
18.45833,50.05659,38.50380,2.94856,-0.21344,-0.00174,-6.31841,-2.33457,25.00000,25.00000,166.49620,0.50953,0.13225,0.63184,0.00000,0.59625,0.22500,0.00000,none
18.46250,50.05700,38.50368,2.94872,-0.21344,-0.00173,-6.32760,-2.07417,25.00000,25.00000,166.49632,0.50953,0.13224,0.63276,0.00000,0.59625,0.22375,0.00000,none
18.46667,50.05741,38.50356,2.94888,-0.21343,-0.00172,-6.33570,-1.81394,25.00000,25.00000,166.49644,0.50952,0.13224,0.63357,0.00000,0.59625,0.22250,0.00000,none
18.47083,50.05782,38.50343,2.94904,-0.21343,-0.00171,-6.34271,-1.55389,25.00000,25.00000,166.49657,0.50952,0.13224,0.63427,0.00000,0.59625,0.22125,0.00000,none
18.47500,50.05823,38.50332,2.94920,-0.21342,-0.00170,-6.34864,-1.29404,25.00000,25.00000,166.49668,0.50951,0.13224,0.63486,0.00000,0.59625,0.22000,0.00000,none
18.47917,50.05863,38.50320,2.94936,-0.21342,-0.00169,-6.35350,-1.03444,25.00000,25.00000,166.49680,0.50951,0.13224,0.63535,0.00000,0.59625,0.21875,0.00000,none
18.48333,50.05904,38.50308,2.94951,-0.21341,-0.00169,-6.35726,-0.77508,25.00000,25.00000,166.49692,0.50950,0.13224,0.63573,0.00000,0.59625,0.21750,0.00000,none
18.48750,50.05944,38.50296,2.94967,-0.21340,-0.00168,-6.35995,-0.51602,25.00000,25.00000,166.49704,0.50950,0.13224,0.63600,0.00000,0.59625,0.21625,0.00000,none
18.49167,50.05984,38.50285,2.94983,-0.21340,-0.00167,-6.36156,-0.25725,25.00000,25.00000,166.49715,0.50949,0.13224,0.63616,0.00000,0.59625,0.21500,0.00000,none
18.49583,50.06024,38.50273,2.94999,-0.21339,-0.00166,-6.36210,0.00118,25.00000,25.00000,166.49727,0.50949,0.13223,0.63621,0.00000,0.59625,0.21375,0.00000,none
18.50000,50.06063,38.50261,2.95014,-0.21338,-0.00165,-6.36156,0.25927,25.00000,25.00000,166.49739,0.50948,0.13223,0.63616,0.00000,0.59625,0.21250,0.00000,none
18.50417,50.06102,38.50250,2.95030,-0.21337,-0.00164,-6.35994,0.51698,25.00000,25.00000,166.49750,0.50948,0.13223,0.63599,0.00000,0.59625,0.21125,0.00000,none
18.50833,50.06141,38.50238,2.95046,-0.21337,-0.00163,-6.35725,0.77428,25.00000,25.00000,166.49762,0.50947,0.13223,0.63572,0.00000,0.59625,0.21000,0.00000,none
18.51250,50.06180,38.50226,2.95061,-0.21336,-0.00162,-6.35349,1.03117,25.00000,25.00000,166.49774,0.50947,0.13223,0.63535,0.00000,0.59625,0.20875,0.00000,none
18.51667,50.06219,38.50214,2.95077,-0.21335,-0.00161,-6.34865,1.28761,25.00000,25.00000,166.49786,0.50946,0.13223,0.63487,0.00000,0.59625,0.20750,0.00000,none
18.52083,50.06257,38.50202,2.95092,-0.21334,-0.00160,-6.34276,1.54359,25.00000,25.00000,166.49798,0.50946,0.13223,0.63428,0.00000,0.59625,0.20625,0.00000,none
18.52500,50.06295,38.50190,2.95108,-0.21334,-0.00159,-6.33579,1.79907,25.00000,25.00000,166.49810,0.50945,0.13223,0.63358,0.00000,0.59625,0.20500,0.00000,none
18.52917,50.06333,38.50178,2.95123,-0.21333,-0.00158,-6.32776,2.05404,25.00000,25.00000,166.49822,0.50945,0.13223,0.63278,0.00000,0.59625,0.20375,0.00000,none
18.53333,50.06370,38.50165,2.95138,-0.21332,-0.00157,-6.31868,2.30847,25.00000,25.00000,166.49835,0.50944,0.13222,0.63187,0.00000,0.59625,0.20250,0.00000,none
18.53750,50.06408,38.50152,2.95154,-0.21332,-0.00156,-6.30853,2.56234,25.00000,25.00000,166.49848,0.50944,0.13222,0.63085,0.00000,0.59625,0.20125,0.00000,none
18.54167,50.06445,38.50139,2.95169,-0.21331,-0.00155,-6.29732,2.81562,25.00000,25.00000,166.49861,0.50943,0.13222,0.62973,0.00000,0.59625,0.20000,0.00000,none
18.54583,50.06482,38.50126,2.95185,-0.21330,-0.00154,-6.28506,3.06830,25.00000,25.00000,166.49874,0.50943,0.13222,0.62851,0.00000,0.59625,0.19875,0.00000,none
18.55000,50.06518,38.50113,2.95200,-0.21330,-0.00153,-6.27175,3.32034,25.00000,25.00000,166.49887,0.50942,0.13222,0.62718,0.00000,0.59625,0.19750,0.00000,none
18.55417,50.06554,38.50099,2.95215,-0.21329,-0.00151,-6.25740,3.57174,25.00000,25.00000,166.49901,0.50941,0.13222,0.62574,0.00000,0.59625,0.19625,0.00000,none
18.55833,50.06590,38.50085,2.95231,-0.21328,-0.00150,-6.24199,3.82245,25.00000,25.00000,166.49915,0.50941,0.13222,0.62420,0.00000,0.59625,0.19500,0.00000,none
18.56250,50.06626,38.50071,2.95246,-0.21328,-0.00149,-6.22554,4.07246,25.00000,25.00000,166.49929,0.50940,0.13221,0.62255,0.00000,0.59625,0.19375,0.00000,none
18.56667,50.06662,38.50056,2.95262,-0.21327,-0.00148,-6.20805,4.32175,25.00000,25.00000,166.49944,0.50940,0.13221,0.62081,0.00000,0.59625,0.19250,0.00000,none
18.57083,50.06697,38.50041,2.95277,-0.21327,-0.00147,-6.18953,4.57028,25.00000,25.00000,166.49959,0.50939,0.13221,0.61895,0.00000,0.59625,0.19125,0.00000,none
18.57500,50.06732,38.50026,2.95292,-0.21326,-0.00146,-6.16997,4.81805,25.00000,25.00000,166.49974,0.50938,0.13221,0.61700,0.00000,0.59625,0.19000,0.00000,none
18.57917,50.06767,38.50010,2.95308,-0.21326,-0.00145,-6.14938,5.06501,25.00000,25.00000,166.49990,0.50938,0.13221,0.61494,0.00000,0.59625,0.18875,0.00000,none
18.58333,50.06801,38.49994,2.95323,-0.21325,-0.00143,-6.12776,5.31115,25.00000,25.00000,166.50006,0.50937,0.13221,0.61278,0.00000,0.59625,0.18750,0.00000,none
18.58750,50.06835,38.49977,2.95339,-0.21325,-0.00142,-6.10512,5.55643,25.00000,25.00000,166.50023,0.50936,0.13220,0.61051,0.00000,0.59625,0.18625,0.00000,none
18.59167,50.06869,38.49961,2.95354,-0.21324,-0.00141,-6.08146,5.80085,25.00000,25.00000,166.50039,0.50936,0.13220,0.60815,0.00000,0.59625,0.18500,0.00000,none
18.59583,50.06902,38.49943,2.95370,-0.21324,-0.00140,-6.05678,6.04436,25.00000,25.00000,166.50057,0.50935,0.13220,0.60568,0.00000,0.59625,0.18375,0.00000,none
18.60000,50.06936,38.49925,2.95385,-0.21324,-0.00139,-6.03109,6.28695,25.00000,25.00000,166.50075,0.50934,0.13220,0.60311,0.00000,0.59625,0.18250,0.00000,none
18.60417,50.06969,38.49907,2.95401,-0.21323,-0.00137,-6.00439,6.52859,25.00000,25.00000,166.50093,0.50933,0.13220,0.60044,0.00000,0.59625,0.18125,0.00000,none
18.60833,50.07001,38.49889,2.95416,-0.21323,-0.00136,-5.97669,6.76924,25.00000,25.00000,166.50111,0.50933,0.13220,0.59767,0.00000,0.59625,0.18000,0.00000,none
18.61250,50.07034,38.49869,2.95432,-0.21323,-0.00135,-5.94798,7.00890,25.00000,25.00000,166.50131,0.50932,0.13219,0.59480,0.00000,0.59625,0.17875,0.00000,none
18.61667,50.07066,38.49850,2.95448,-0.21323,-0.00134,-5.91828,7.24752,25.00000,25.00000,166.50150,0.50931,0.13219,0.59183,0.00000,0.59625,0.17750,0.00000,none
18.62083,50.07097,38.49830,2.95463,-0.21322,-0.00132,-5.88759,7.48507,25.00000,25.00000,166.50170,0.50930,0.13219,0.58876,0.00000,0.59625,0.17625,0.00000,none
18.62500,50.07129,38.49809,2.95479,-0.21322,-0.00131,-5.85591,7.72155,25.00000,25.00000,166.50191,0.50929,0.13219,0.58559,0.00000,0.59625,0.17500,0.00000,none
18.62917,50.07160,38.49788,2.95495,-0.21322,-0.00130,-5.82324,7.95690,25.00000,25.00000,166.50212,0.50928,0.13219,0.58232,0.00000,0.59625,0.17375,0.00000,none
18.63333,50.07191,38.49766,2.95510,-0.21322,-0.00129,-5.78960,8.19111,25.00000,25.00000,166.50234,0.50928,0.13218,0.57896,0.00000,0.59625,0.17250,0.00000,none
18.63750,50.07222,38.49744,2.95526,-0.21322,-0.00127,-5.75498,8.42414,25.00000,25.00000,166.50256,0.50927,0.13218,0.57550,0.00000,0.59625,0.17125,0.00000,none
18.64167,50.07252,38.49722,2.95542,-0.21322,-0.00126,-5.71940,8.65597,25.00000,25.00000,166.50278,0.50926,0.13218,0.57194,0.00000,0.59625,0.17000,0.00000,none
18.64583,50.07282,38.49698,2.95558,-0.21322,-0.00125,-5.68285,8.88657,25.00000,25.00000,166.50302,0.50925,0.13218,0.56829,0.00000,0.59625,0.16875,0.00000,none
18.65000,50.07311,38.49674,2.95574,-0.21322,-0.00123,-5.64535,9.11591,25.00000,25.00000,166.50326,0.50924,0.13217,0.56453,0.00000,0.59625,0.16750,0.00000,none
18.65417,50.07341,38.49650,2.95590,-0.21323,-0.00122,-5.60689,9.34395,25.00000,25.00000,166.50350,0.50923,0.13217,0.56069,0.00000,0.59625,0.16625,0.00000,none
18.65833,50.07370,38.49625,2.95606,-0.21323,-0.00121,-5.56748,9.57066,25.00000,25.00000,166.50375,0.50922,0.13217,0.55675,0.00000,0.59625,0.16500,0.00000,none
18.66250,50.07398,38.49599,2.95622,-0.21323,-0.00119,-5.52713,9.79602,25.00000,25.00000,166.50401,0.50921,0.13217,0.55271,0.00000,0.59625,0.16375,0.00000,none
18.66667,50.07427,38.49573,2.95639,-0.21323,-0.00118,-5.48585,10.01998,25.00000,25.00000,166.50427,0.50919,0.13216,0.54858,0.00000,0.59625,0.16250,0.00000,none
18.67083,50.07455,38.49546,2.95655,-0.21324,-0.00117,-5.44364,10.24253,25.00000,25.00000,166.50454,0.50918,0.13216,0.54436,0.00000,0.59625,0.16125,0.00000,none
18.67500,50.07483,38.49519,2.95671,-0.21324,-0.00115,-5.40050,10.46362,25.00000,25.00000,166.50481,0.50917,0.13216,0.54005,0.00000,0.59625,0.16000,0.00000,none
18.67917,50.07510,38.49491,2.95688,-0.21324,-0.00114,-5.35644,10.68322,25.00000,25.00000,166.50509,0.50916,0.13216,0.53564,0.00000,0.59625,0.15875,0.00000,none
18.68333,50.07537,38.49462,2.95704,-0.21325,-0.00113,-5.31147,10.90130,25.00000,25.00000,166.50538,0.50915,0.13215,0.53115,0.00000,0.59625,0.15750,0.00000,none
18.68750,50.07564,38.49433,2.95721,-0.21325,-0.00111,-5.26560,11.11783,25.00000,25.00000,166.50567,0.50914,0.13215,0.52656,0.00000,0.59625,0.15625,0.00000,none
18.69167,50.07590,38.49403,2.95737,-0.21326,-0.00110,-5.21883,11.33276,25.00000,25.00000,166.50597,0.50912,0.13215,0.52188,0.00000,0.59625,0.15500,0.00000,none
18.69583,50.07616,38.49373,2.95754,-0.21327,-0.00109,-5.17116,11.54607,25.00000,25.00000,166.50627,0.50911,0.13214,0.51712,0.00000,0.59625,0.15375,0.00000,none
18.70000,50.07642,38.49342,2.95771,-0.21327,-0.00107,-5.12261,11.75771,25.00000,25.00000,166.50658,0.50910,0.13214,0.51226,0.00000,0.59625,0.15250,0.00000,none
18.70417,50.07667,38.49310,2.95788,-0.21328,-0.00106,-5.07318,11.96766,25.00000,25.00000,166.50690,0.50908,0.13214,0.50732,0.00000,0.59625,0.15125,0.00000,none
18.70833,50.07692,38.49277,2.95804,-0.21329,-0.00104,-5.02288,12.17587,25.00000,25.00000,166.50723,0.50907,0.13213,0.50229,0.00000,0.59625,0.15000,0.00000,none
18.71250,50.07717,38.49244,2.95821,-0.21329,-0.00103,-4.97172,12.38230,25.00000,25.00000,166.50756,0.50906,0.13213,0.49717,0.00000,0.59625,0.14875,0.00000,none
18.71667,50.07742,38.49210,2.95839,-0.21330,-0.00101,-4.91970,12.58693,25.00000,25.00000,166.50790,0.50904,0.13205,0.49197,0.00000,0.59500,0.14750,0.00000,none
18.72083,50.07766,38.49175,2.95856,-0.21331,-0.00100,-4.86683,12.78971,25.00000,25.00000,166.50825,0.50901,0.13197,0.48668,0.00000,0.59375,0.14625,0.00000,none
18.72500,50.07789,38.49139,2.95873,-0.21332,-0.00098,-4.81312,12.99061,25.00000,25.00000,166.50861,0.50899,0.13189,0.48131,0.00000,0.59250,0.14500,0.00000,none
18.72917,50.07813,38.49102,2.95891,-0.21333,-0.00097,-4.75858,13.18959,25.00000,25.00000,166.50898,0.50896,0.13181,0.47586,0.00000,0.59125,0.14375,0.00000,none
18.73333,50.07836,38.49064,2.95909,-0.21334,-0.00095,-4.70321,13.38660,25.00000,25.00000,166.50936,0.50893,0.13173,0.47032,0.00000,0.59000,0.14250,0.00000,none
18.73750,50.07858,38.49024,2.95927,-0.21335,-0.00094,-4.64702,13.58163,25.00000,25.00000,166.50976,0.50890,0.13165,0.46470,0.00000,0.58875,0.14125,0.00000,none
18.74167,50.07880,38.48984,2.95945,-0.21336,-0.00092,-4.59003,13.77461,25.00000,25.00000,166.51016,0.50887,0.13156,0.45900,0.00000,0.58750,0.14000,0.00000,none
18.74583,50.07902,38.48942,2.95964,-0.21337,-0.00090,-4.53224,13.96552,25.00000,25.00000,166.51058,0.50883,0.13148,0.45322,0.00000,0.58625,0.13875,0.00000,none
18.75000,50.07923,38.48898,2.95983,-0.21338,-0.00089,-4.47365,14.15432,25.00000,25.00000,166.51102,0.50880,0.13140,0.44737,0.00000,0.58500,0.13750,0.00000,none
18.75417,50.07944,38.48853,2.96002,-0.21340,-0.00087,-4.41429,14.34096,25.00000,25.00000,166.51147,0.50876,0.13131,0.44143,0.00000,0.58375,0.13625,0.00000,none
18.75833,50.07965,38.48807,2.96021,-0.21342,-0.00085,-4.35415,14.52541,25.00000,25.00000,166.51193,0.50872,0.13123,0.43541,0.00000,0.58250,0.13500,0.00000,none
18.76250,50.07985,38.48760,2.96040,-0.21343,-0.00084,-4.29325,14.70761,25.00000,25.00000,166.51240,0.50867,0.13114,0.42932,0.00000,0.58125,0.13375,0.00000,none
18.76667,50.08005,38.48710,2.96060,-0.21345,-0.00082,-4.23159,14.88755,25.00000,25.00000,166.51290,0.50863,0.13106,0.42316,0.00000,0.58000,0.13250,0.00000,none
18.77083,50.08024,38.48660,2.96080,-0.21347,-0.00080,-4.16919,15.06516,25.00000,25.00000,166.51340,0.50858,0.13097,0.41692,0.00000,0.57875,0.13125,0.00000,none
18.77500,50.08043,38.48607,2.96100,-0.21349,-0.00079,-4.10605,15.24041,25.00000,25.00000,166.51393,0.50853,0.13088,0.41060,0.00000,0.57750,0.13000,0.00000,none
18.77917,50.08062,38.48553,2.96120,-0.21352,-0.00077,-4.04219,15.41325,25.00000,25.00000,166.51447,0.50847,0.13080,0.40422,0.00000,0.57625,0.12875,0.00000,none
18.78333,50.08080,38.48497,2.96141,-0.21354,-0.00075,-3.97761,15.58365,25.00000,25.00000,166.51503,0.50842,0.13071,0.39776,0.00000,0.57500,0.12750,0.00000,none
18.78750,50.08098,38.48440,2.96162,-0.21357,-0.00073,-3.91232,15.75155,25.00000,25.00000,166.51560,0.50836,0.13062,0.39123,0.00000,0.57375,0.12625,0.00000,none
18.79167,50.08115,38.48381,2.96183,-0.21359,-0.00072,-3.84635,15.91692,25.00000,25.00000,166.51619,0.50830,0.13053,0.38463,0.00000,0.57250,0.12500,0.00000,none
18.79583,50.08132,38.48320,2.96205,-0.21362,-0.00070,-3.77969,16.07971,25.00000,25.00000,166.51680,0.50824,0.13044,0.37797,0.00000,0.57125,0.12375,0.00000,none
18.80000,50.08149,38.48257,2.96226,-0.21365,-0.00068,-3.71235,16.23988,25.00000,25.00000,166.51743,0.50817,0.13035,0.37124,0.00000,0.57000,0.12250,0.00000,none
18.80417,50.08165,38.48192,2.96248,-0.21369,-0.00067,-3.64436,16.39738,25.00000,25.00000,166.51808,0.50810,0.13026,0.36444,0.00000,0.56875,0.12125,0.00000,none
18.80833,50.08180,38.48126,2.96271,-0.21372,-0.00065,-3.57571,16.55216,25.00000,25.00000,166.51874,0.50804,0.13017,0.35757,0.00000,0.56750,0.12000,0.00000,none
18.81250,50.08196,38.48058,2.96293,-0.21376,-0.00063,-3.50643,16.70419,25.00000,25.00000,166.51942,0.50796,0.13008,0.35064,0.00000,0.56625,0.11875,0.00000,none
18.81667,50.08210,38.47987,2.96316,-0.21380,-0.00061,-3.43651,16.85341,25.00000,25.00000,166.52013,0.50789,0.12999,0.34365,0.00000,0.56500,0.11750,0.00000,none
18.82083,50.08225,38.47915,2.96339,-0.21384,-0.00060,-3.36599,16.99979,25.00000,25.00000,166.52085,0.50781,0.12990,0.33660,0.00000,0.56375,0.11625,0.00000,none
18.82500,50.08239,38.47841,2.96362,-0.21388,-0.00058,-3.29485,17.14327,25.00000,25.00000,166.52159,0.50774,0.12980,0.32949,0.00000,0.56250,0.11500,0.00000,none
18.82917,50.08252,38.47765,2.96386,-0.21392,-0.00056,-3.22313,17.28380,25.00000,25.00000,166.52235,0.50765,0.12971,0.32231,0.00000,0.56125,0.11375,0.00000,none
18.83333,50.08266,38.47687,2.96410,-0.21397,-0.00054,-3.15083,17.42135,25.00000,25.00000,166.52313,0.50757,0.12962,0.31508,0.00000,0.56000,0.11250,0.00000,none
18.83750,50.08278,38.47607,2.96435,-0.21402,-0.00052,-3.07795,17.55587,25.00000,25.00000,166.52393,0.50749,0.12952,0.30780,0.00000,0.55875,0.11125,0.00000,none
18.84167,50.08291,38.47525,2.96459,-0.21407,-0.00051,-3.00453,17.68731,25.00000,25.00000,166.52475,0.50740,0.12943,0.30045,0.00000,0.55750,0.11000,0.00000,none
18.84583,50.08303,38.47441,2.96484,-0.21412,-0.00049,-2.93056,17.81562,25.00000,25.00000,166.52559,0.50731,0.12933,0.29306,0.00000,0.55625,0.10875,0.00000,none
18.85000,50.08314,38.47355,2.96510,-0.21417,-0.00047,-2.85607,17.94075,25.00000,25.00000,166.52645,0.50722,0.12924,0.28561,0.00000,0.55500,0.10750,0.00000,none
18.85417,50.08325,38.47267,2.96535,-0.21423,-0.00045,-2.78106,18.06267,25.00000,25.00000,166.52733,0.50712,0.12914,0.27811,0.00000,0.55375,0.10625,0.00000,none
18.85833,50.08336,38.47177,2.96561,-0.21429,-0.00044,-2.70555,18.18132,25.00000,25.00000,166.52823,0.50702,0.12904,0.27056,0.00000,0.55250,0.10500,0.00000,none
18.86250,50.08346,38.47085,2.96587,-0.21435,-0.00042,-2.62956,18.29665,25.00000,25.00000,166.52915,0.50692,0.12895,0.26296,0.00000,0.55125,0.10375,0.00000,none
18.86667,50.08356,38.46990,2.96614,-0.21441,-0.00040,-2.55308,18.40863,25.00000,25.00000,166.53010,0.50682,0.12885,0.25531,0.00000,0.55000,0.10250,0.00000,none
18.87083,50.08365,38.46894,2.96641,-0.21447,-0.00038,-2.47615,18.51720,25.00000,25.00000,166.53106,0.50672,0.12875,0.24762,0.00000,0.54875,0.10125,0.00000,none
18.87500,50.08374,38.46795,2.96668,-0.21454,-0.00037,-2.39878,18.62233,25.00000,25.00000,166.53205,0.50661,0.12865,0.23988,0.00000,0.54750,0.10000,0.00000,none
18.87917,50.08383,38.46695,2.96696,-0.21461,-0.00035,-2.32097,18.72395,25.00000,25.00000,166.53305,0.50650,0.12855,0.23210,0.00000,0.54625,0.09875,0.00000,none
18.88333,50.08391,38.46592,2.96724,-0.21468,-0.00033,-2.24275,18.82203,25.00000,25.00000,166.53408,0.50639,0.12845,0.22428,0.00000,0.54500,0.09750,0.00000,none
18.88750,50.08399,38.46487,2.96752,-0.21475,-0.00031,-2.16413,18.91652,25.00000,25.00000,166.53513,0.50628,0.12835,0.21641,0.00000,0.54375,0.09625,0.00000,none
18.89167,50.08406,38.46380,2.96781,-0.21482,-0.00030,-2.08512,19.00737,25.00000,25.00000,166.53620,0.50616,0.12825,0.20851,0.00000,0.54250,0.09500,0.00000,none
18.89583,50.08413,38.46270,2.96810,-0.21490,-0.00028,-2.00574,19.09455,25.00000,25.00000,166.53730,0.50605,0.12815,0.20057,0.00000,0.54125,0.09375,0.00000,none
18.90000,50.08419,38.46159,2.96839,-0.21498,-0.00026,-1.92600,19.17800,25.00000,25.00000,166.53841,0.50593,0.12804,0.19260,0.00000,0.54000,0.09250,0.00000,none
18.90417,50.08425,38.46045,2.96869,-0.21506,-0.00024,-1.84593,19.25769,25.00000,25.00000,166.53955,0.50580,0.12794,0.18459,0.00000,0.53875,0.09125,0.00000,none
18.90833,50.08431,38.45930,2.96899,-0.21514,-0.00023,-1.76553,19.33356,25.00000,25.00000,166.54070,0.50568,0.12784,0.17655,0.00000,0.53750,0.09000,0.00000,none
18.91250,50.08436,38.45812,2.96929,-0.21523,-0.00021,-1.68482,19.40557,25.00000,25.00000,166.54188,0.50555,0.12774,0.16848,0.00000,0.53625,0.08875,0.00000,none
18.91667,50.08441,38.45692,2.96960,-0.21531,-0.00019,-1.60382,19.47369,25.00000,25.00000,166.54308,0.50542,0.12763,0.16038,0.00000,0.53500,0.08750,0.00000,none
18.92083,50.08445,38.45569,2.96991,-0.21540,-0.00017,-1.52254,19.53786,25.00000,25.00000,166.54431,0.50529,0.12753,0.15225,0.00000,0.53375,0.08625,0.00000,none
18.92500,50.08449,38.45445,2.97023,-0.21549,-0.00016,-1.44101,19.59806,25.00000,25.00000,166.54555,0.50516,0.12742,0.14410,0.00000,0.53250,0.08500,0.00000,none
18.92917,50.08453,38.45318,2.97055,-0.21559,-0.00014,-1.35923,19.65422,25.00000,25.00000,166.54682,0.50502,0.12732,0.13592,0.00000,0.53125,0.08375,0.00000,none
18.93333,50.08456,38.45189,2.97087,-0.21568,-0.00012,-1.27723,19.70632,25.00000,25.00000,166.54811,0.50489,0.12721,0.12772,0.00000,0.53000,0.08250,0.00000,none
18.93750,50.08458,38.45058,2.97120,-0.21578,-0.00010,-1.19502,19.75432,25.00000,25.00000,166.54942,0.50475,0.12710,0.11950,0.00000,0.52875,0.08125,0.00000,none
18.94167,50.08461,38.44925,2.97153,-0.21588,-0.00009,-1.11261,19.79817,25.00000,25.00000,166.55075,0.50460,0.12700,0.11126,0.00000,0.52750,0.08000,0.00000,none
18.94583,50.08463,38.44789,2.97186,-0.21598,-0.00007,-1.03004,19.83784,25.00000,25.00000,166.55211,0.50446,0.12689,0.10300,0.00000,0.52625,0.07875,0.00000,none
18.95000,50.08464,38.44652,2.97220,-0.21608,-0.00005,-0.94730,19.87329,25.00000,25.00000,166.55348,0.50431,0.12678,0.09473,0.00000,0.52500,0.07750,0.00000,none
18.95417,50.08465,38.44512,2.97254,-0.21618,-0.00004,-0.86443,19.90448,25.00000,25.00000,166.55488,0.50416,0.12667,0.08644,0.00000,0.52375,0.07625,0.00000,none
18.95833,50.08466,38.44370,2.97289,-0.21629,-0.00002,-0.78144,19.93138,25.00000,25.00000,166.55630,0.50401,0.12656,0.07814,0.00000,0.52250,0.07500,0.00000,none
18.96250,50.08466,38.44226,2.97324,-0.21640,-0.00000,-0.69834,19.95394,25.00000,25.00000,166.55774,0.50386,0.12645,0.06983,0.00000,0.52125,0.07375,0.00000,none
18.96667,50.08466,38.44079,2.97359,-0.21651,0.00002,-0.61516,19.97215,25.00000,25.00000,166.55921,0.50370,0.12634,0.06152,0.00000,0.52000,0.07250,0.00000,none
18.97083,50.08465,38.43931,2.97395,-0.21662,0.00003,-0.53191,19.98596,25.00000,25.00000,166.56069,0.50355,0.12623,0.05319,0.00000,0.51875,0.07125,0.00000,none
18.97500,50.08464,38.43780,2.97431,-0.21674,0.00005,-0.44862,19.99534,25.00000,25.00000,166.56220,0.50339,0.12612,0.04486,0.00000,0.51750,0.07000,0.00000,none
18.97917,50.08463,38.43627,2.97467,-0.21685,0.00007,-0.36529,20.00026,25.00000,25.00000,166.56373,0.50323,0.12601,0.03653,0.00000,0.51625,0.06875,0.00000,none
18.98333,50.08461,38.43472,2.97504,-0.21697,0.00008,-0.28195,20.00070,25.00000,25.00000,166.56528,0.50306,0.12590,0.02820,0.00000,0.51500,0.06750,0.00000,none
18.98750,50.08459,38.43314,2.97541,-0.21709,0.00010,-0.19863,19.99661,25.00000,25.00000,166.56686,0.50290,0.12579,0.01986,0.00000,0.51375,0.06625,0.00000,none
18.99167,50.08456,38.43155,2.97579,-0.21721,0.00012,-0.11532,19.98799,25.00000,25.00000,166.56845,0.50273,0.12567,0.01153,0.00000,0.51250,0.06500,0.00000,none
18.99583,50.08453,38.42993,2.97617,-0.21734,0.00013,-0.03206,19.97479,25.00000,25.00000,166.57007,0.50256,0.12556,0.00321,0.00000,0.51125,0.06375,0.00000,none
19.00000,50.08450,38.42829,2.97655,-0.21746,0.00015,0.05113,19.95769,25.00000,25.00000,166.57171,0.50239,0.12545,0.00426,0.00000,0.51000,0.06250,0.00000,none
19.00417,50.08446,38.42664,2.97694,-0.21759,0.00017,0.13422,19.92599,25.00000,25.00000,166.57336,0.50221,0.12533,0.01119,0.00000,0.50875,0.10000,0.00000,none
19.00833,50.08442,38.42496,2.97733,-0.21772,0.00019,0.21718,19.89316,25.00000,25.00000,166.57504,0.50204,0.12522,0.01810,0.00000,0.50750,0.10000,0.00000,none
19.01250,50.08437,38.42327,2.97772,-0.21785,0.00021,0.30000,19.85922,25.00000,25.00000,166.57673,0.50186,0.12510,0.02500,0.00000,0.50625,0.10000,0.00000,none
19.01667,50.08432,38.42156,2.97811,-0.21798,0.00023,0.38267,19.82417,25.00000,25.00000,166.57844,0.50168,0.12499,0.03189,0.00000,0.50500,0.10000,0.00000,none
19.02083,50.08426,38.41982,2.97851,-0.21812,0.00026,0.46520,19.78803,25.00000,25.00000,166.58018,0.50150,0.12487,0.03877,0.00000,0.50375,0.10000,0.00000,none
19.02500,50.08419,38.41807,2.97891,-0.21826,0.00028,0.54757,19.75082,25.00000,25.00000,166.58193,0.50131,0.12476,0.04563,0.00000,0.50250,0.10000,0.00000,none
19.02917,50.08412,38.41630,2.97931,-0.21840,0.00031,0.62978,19.71256,25.00000,25.00000,166.58370,0.50113,0.12464,0.05248,0.00000,0.50125,0.10000,0.00000,none
19.03333,50.08405,38.41450,2.97971,-0.21854,0.00033,0.71184,19.67326,25.00000,25.00000,166.58550,0.50094,0.12452,0.05932,0.00000,0.50000,0.10000,0.00000,none
19.03750,50.08396,38.41268,2.98012,-0.21869,0.00036,0.79373,19.63293,25.00000,25.00000,166.58732,0.50075,0.12440,0.06614,0.00000,0.49875,0.10000,0.00000,none
19.04167,50.08387,38.41084,2.98053,-0.21883,0.00039,0.87544,19.59160,25.00000,25.00000,166.58916,0.50056,0.12429,0.07295,0.00000,0.49750,0.10000,0.00000,none
19.04583,50.08378,38.40898,2.98094,-0.21898,0.00041,0.95699,19.54928,25.00000,25.00000,166.59102,0.50036,0.12417,0.07975,0.00000,0.49625,0.10000,0.00000,none
19.05000,50.08368,38.40710,2.98136,-0.21913,0.00044,1.03835,19.50598,25.00000,25.00000,166.59290,0.50017,0.12405,0.08653,0.00000,0.49500,0.10000,0.00000,none
19.05417,50.08357,38.40520,2.98177,-0.21929,0.00047,1.11954,19.46172,25.00000,25.00000,166.59480,0.49997,0.12393,0.09329,0.00000,0.49375,0.10000,0.00000,none
19.05833,50.08345,38.40327,2.98219,-0.21944,0.00049,1.20053,19.41652,25.00000,25.00000,166.59673,0.49977,0.12381,0.10004,0.00000,0.49250,0.10000,0.00000,none
19.06250,50.08333,38.40133,2.98262,-0.21960,0.00052,1.28134,19.37039,25.00000,25.00000,166.59867,0.49957,0.12369,0.10678,0.00000,0.49125,0.10000,0.00000,none
19.06667,50.08321,38.39936,2.98304,-0.21976,0.00055,1.36195,19.32335,25.00000,25.00000,166.60064,0.49936,0.12357,0.11350,0.00000,0.49000,0.10000,0.00000,none
19.07083,50.08307,38.39737,2.98347,-0.21992,0.00058,1.44237,19.27540,25.00000,25.00000,166.60263,0.49916,0.12345,0.12020,0.00000,0.48875,0.10000,0.00000,none
19.07500,50.08293,38.39536,2.98390,-0.22009,0.00060,1.52258,19.22658,25.00000,25.00000,166.60464,0.49895,0.12333,0.12688,0.00000,0.48750,0.10000,0.00000,none
19.07917,50.08278,38.39333,2.98434,-0.22026,0.00063,1.60259,19.17689,25.00000,25.00000,166.60667,0.49874,0.12321,0.13355,0.00000,0.48625,0.10000,0.00000,none
19.08333,50.08263,38.39128,2.98477,-0.22042,0.00066,1.68239,19.12634,25.00000,25.00000,166.60872,0.49853,0.12308,0.14020,0.00000,0.48500,0.10000,0.00000,none
19.08750,50.08247,38.38921,2.98521,-0.22060,0.00069,1.76197,19.07496,25.00000,25.00000,166.61079,0.49832,0.12296,0.14683,0.00000,0.48375,0.10000,0.00000,none
19.09167,50.08230,38.38711,2.98565,-0.22077,0.00071,1.84134,19.02276,25.00000,25.00000,166.61289,0.49810,0.12284,0.15345,0.00000,0.48250,0.10000,0.00000,none
19.09583,50.08213,38.38500,2.98610,-0.22094,0.00074,1.92049,18.96975,25.00000,25.00000,166.61500,0.49789,0.12272,0.16004,0.00000,0.48125,0.10000,0.00000,none
19.10000,50.08195,38.38287,2.98654,-0.22112,0.00077,1.99942,18.91595,25.00000,25.00000,166.61713,0.49767,0.12259,0.16662,0.00000,0.48000,0.10000,0.00000,none
19.10417,50.08176,38.38071,2.98699,-0.22130,0.00079,2.07813,18.86137,25.00000,25.00000,166.61929,0.49745,0.12247,0.17318,0.00000,0.47875,0.10000,0.00000,none
19.10833,50.08157,38.37853,2.98745,-0.22148,0.00082,2.15660,18.80603,25.00000,25.00000,166.62147,0.49723,0.12234,0.17972,0.00000,0.47750,0.10000,0.00000,none
19.11250,50.08137,38.37634,2.98790,-0.22166,0.00085,2.23484,18.74995,25.00000,25.00000,166.62366,0.49700,0.12222,0.18624,0.00000,0.47625,0.10000,0.00000,none
19.11667,50.08117,38.37412,2.98836,-0.22185,0.00087,2.31285,18.69313,25.00000,25.00000,166.62588,0.49678,0.12209,0.19274,0.00000,0.47500,0.10000,0.00000,none
19.12083,50.08096,38.37189,2.98882,-0.22203,0.00090,2.39062,18.63559,25.00000,25.00000,166.62811,0.49655,0.12197,0.19922,0.00000,0.47375,0.10000,0.00000,none
19.12500,50.08074,38.36964,2.98928,-0.22222,0.00092,2.46814,18.57735,25.00000,25.00000,166.63036,0.49632,0.12184,0.20568,0.00000,0.47250,0.10000,0.00000,none
19.12917,50.08052,38.36736,2.98975,-0.22241,0.00095,2.54543,18.51841,25.00000,25.00000,166.63264,0.49609,0.12172,0.21212,0.00000,0.47125,0.10000,0.00000,none
19.13333,50.08029,38.36507,2.99022,-0.22260,0.00098,2.62246,18.45881,25.00000,25.00000,166.63493,0.49585,0.12159,0.21854,0.00000,0.47000,0.10000,0.00000,none
19.13750,50.08005,38.36276,2.99069,-0.22280,0.00100,2.69925,18.39854,25.00000,25.00000,166.63724,0.49562,0.12146,0.22494,0.00000,0.46875,0.10000,0.00000,none
19.14167,50.07981,38.36042,2.99116,-0.22299,0.00103,2.77578,18.33763,25.00000,25.00000,166.63958,0.49538,0.12133,0.23132,0.00000,0.46750,0.10000,0.00000,none
19.14583,50.07956,38.35807,2.99164,-0.22319,0.00105,2.85206,18.27608,25.00000,25.00000,166.64193,0.49515,0.12121,0.23767,0.00000,0.46625,0.10000,0.00000,none
19.15000,50.07931,38.35571,2.99212,-0.22339,0.00108,2.92808,18.21391,25.00000,25.00000,166.64429,0.49491,0.12108,0.24401,0.00000,0.46500,0.10000,0.00000,none
19.15417,50.07905,38.35332,2.99260,-0.22358,0.00110,3.00385,18.15114,25.00000,25.00000,166.64668,0.49467,0.12095,0.25032,0.00000,0.46375,0.10000,0.00000,none
19.15833,50.07878,38.35091,2.99308,-0.22379,0.00113,3.07934,18.08778,25.00000,25.00000,166.64909,0.49442,0.12082,0.25661,0.00000,0.46250,0.10000,0.00000,none
19.16250,50.07851,38.34849,2.99357,-0.22399,0.00115,3.15458,18.02383,25.00000,25.00000,166.65151,0.49418,0.12069,0.26288,0.00000,0.46125,0.10000,0.00000,none
19.16667,50.07823,38.34605,2.99406,-0.22419,0.00117,3.22954,17.95933,25.00000,25.00000,166.65395,0.49393,0.12056,0.26913,0.00000,0.46000,0.10000,0.00000,none
19.17083,50.07795,38.34359,2.99456,-0.22440,0.00120,3.30424,17.89427,25.00000,25.00000,166.65641,0.49369,0.12043,0.27535,0.00000,0.45875,0.10000,0.00000,none
19.17500,50.07766,38.34111,2.99505,-0.22460,0.00122,3.37866,17.82868,25.00000,25.00000,166.65889,0.49344,0.12030,0.28155,0.00000,0.45750,0.10000,0.00000,none
19.17917,50.07737,38.33861,2.99555,-0.22481,0.00125,3.45281,17.76256,25.00000,25.00000,166.66139,0.49319,0.12017,0.28773,0.00000,0.45625,0.10000,0.00000,none
19.18333,50.07707,38.33610,2.99605,-0.22502,0.00127,3.52668,17.69593,25.00000,25.00000,166.66390,0.49293,0.12004,0.29389,0.00000,0.45500,0.10000,0.00000,none
19.18750,50.07676,38.33357,2.99656,-0.22523,0.00129,3.60027,17.62880,25.00000,25.00000,166.66643,0.49268,0.11991,0.30002,0.00000,0.45375,0.10000,0.00000,none
19.19167,50.07645,38.33102,2.99706,-0.22544,0.00132,3.67359,17.56118,25.00000,25.00000,166.66898,0.49242,0.11978,0.30613,0.00000,0.45250,0.10000,0.00000,none
19.19583,50.07613,38.32846,2.99757,-0.22566,0.00134,3.74662,17.49309,25.00000,25.00000,166.67154,0.49217,0.11965,0.31222,0.00000,0.45125,0.10000,0.00000,none
19.20000,50.07581,38.32588,2.99808,-0.22587,0.00136,3.81936,17.42455,25.00000,25.00000,166.67412,0.49191,0.11952,0.31828,0.00000,0.45000,0.10000,0.00000,none
19.20417,50.07548,38.32328,2.99860,-0.22608,0.00138,3.89182,17.35555,25.00000,25.00000,166.67672,0.49165,0.11938,0.32432,0.00000,0.44875,0.10000,0.00000,none
19.20833,50.07515,38.32067,2.99912,-0.22630,0.00141,3.96399,17.28612,25.00000,25.00000,166.67933,0.49139,0.11925,0.33033,0.00000,0.44750,0.10000,0.00000,none
19.21250,50.07481,38.31803,2.99964,-0.22652,0.00143,4.03587,17.21626,25.00000,25.00000,166.68197,0.49113,0.11912,0.33632,0.00000,0.44625,0.10000,0.00000,none
19.21667,50.07447,38.31539,3.00016,-0.22674,0.00145,4.10746,17.14600,25.00000,25.00000,166.68461,0.49086,0.11899,0.34229,0.00000,0.44500,0.10000,0.00000,none
19.22083,50.07412,38.31272,3.00069,-0.22696,0.00147,4.17875,17.07534,25.00000,25.00000,166.68728,0.49060,0.11885,0.34823,0.00000,0.44375,0.10000,0.00000,none
19.22500,50.07377,38.31004,3.00122,-0.22718,0.00149,4.24975,17.00429,25.00000,25.00000,166.68996,0.49033,0.11872,0.35415,0.00000,0.44250,0.10000,0.00000,none
19.22917,50.07341,38.30735,3.00175,-0.22740,0.00151,4.32046,16.93286,25.00000,25.00000,166.69265,0.49006,0.11858,0.36004,0.00000,0.44125,0.10000,0.00000,none
19.23333,50.07304,38.30464,3.00228,-0.22762,0.00153,4.39086,16.86107,25.00000,25.00000,166.69536,0.48979,0.11845,0.36590,0.00000,0.44000,0.10000,0.00000,none
19.23750,50.07267,38.30191,3.00282,-0.22785,0.00156,4.46096,16.78894,25.00000,25.00000,166.69809,0.48952,0.11832,0.37175,0.00000,0.43875,0.10000,0.00000,none
19.24167,50.07230,38.29917,3.00336,-0.22807,0.00158,4.53077,16.71646,25.00000,25.00000,166.70083,0.48925,0.11818,0.37756,0.00000,0.43750,0.10000,0.00000,none
19.24583,50.07192,38.29641,3.00390,-0.22830,0.00160,4.60027,16.64365,25.00000,25.00000,166.70359,0.48898,0.11805,0.38336,0.00000,0.43625,0.10000,0.00000,none
19.25000,50.07154,38.29363,3.00445,-0.22852,0.00162,4.66946,16.57053,25.00000,25.00000,166.70637,0.48870,0.11791,0.38912,0.00000,0.43500,0.10000,0.00000,none
19.25417,50.07115,38.29085,3.00499,-0.22875,0.00164,4.73836,16.49710,25.00000,25.00000,166.70915,0.48842,0.11778,0.39486,0.00000,0.43375,0.10000,0.00000,none
19.25833,50.07076,38.28804,3.00554,-0.22898,0.00166,4.80694,16.42338,25.00000,25.00000,166.71196,0.48815,0.11764,0.40058,0.00000,0.43250,0.10000,0.00000,none
19.26250,50.07036,38.28522,3.00610,-0.22921,0.00168,4.87522,16.34937,25.00000,25.00000,166.71478,0.48787,0.11750,0.40627,0.00000,0.43125,0.10000,0.00000,none
19.26667,50.06996,38.28239,3.00665,-0.22944,0.00170,4.94318,16.27509,25.00000,25.00000,166.71761,0.48759,0.11737,0.41193,0.00000,0.43000,0.10000,0.00000,none
19.27083,50.06955,38.27954,3.00721,-0.22967,0.00172,5.01084,16.20055,25.00000,25.00000,166.72046,0.48731,0.11723,0.41757,0.00000,0.42875,0.10000,0.00000,none
19.27500,50.06914,38.27668,3.00778,-0.22990,0.00173,5.07819,16.12576,25.00000,25.00000,166.72332,0.48702,0.11709,0.42318,0.00000,0.42750,0.10000,0.00000,none
19.27917,50.06872,38.27380,3.00834,-0.23013,0.00175,5.14522,16.05072,25.00000,25.00000,166.72620,0.48674,0.11696,0.42877,0.00000,0.42625,0.10000,0.00000,none
19.28333,50.06830,38.27091,3.00891,-0.23036,0.00177,5.21194,15.97546,25.00000,25.00000,166.72909,0.48645,0.11682,0.43433,0.00000,0.42500,0.10000,0.00000,none
19.28750,50.06788,38.26801,3.00948,-0.23060,0.00179,5.27835,15.89998,25.00000,25.00000,166.73199,0.48617,0.11668,0.43986,0.00000,0.42375,0.10000,0.00000,none
19.29167,50.06745,38.26509,3.01005,-0.23083,0.00181,5.34444,15.82428,25.00000,25.00000,166.73491,0.48588,0.11655,0.44537,0.00000,0.42250,0.10000,0.00000,none
19.29583,50.06701,38.26215,3.01062,-0.23107,0.00183,5.41022,15.74839,25.00000,25.00000,166.73785,0.48559,0.11641,0.45085,0.00000,0.42125,0.10000,0.00000,none
19.30000,50.06657,38.25921,3.01120,-0.23130,0.00185,5.47568,15.67231,25.00000,25.00000,166.74079,0.48530,0.11627,0.45631,0.00000,0.42000,0.10000,0.00000,none
19.30417,50.06613,38.25625,3.01178,-0.23154,0.00186,5.54082,15.59605,25.00000,25.00000,166.74375,0.48501,0.11613,0.46174,0.00000,0.41875,0.10000,0.00000,none
19.30833,50.06568,38.25327,3.01237,-0.23177,0.00188,5.60565,15.51961,25.00000,25.00000,166.74673,0.48472,0.11599,0.46714,0.00000,0.41750,0.10000,0.00000,none
19.31250,50.06523,38.25029,3.01295,-0.23201,0.00190,5.67015,15.44302,25.00000,25.00000,166.74971,0.48443,0.11585,0.47251,0.00000,0.41625,0.10000,0.00000,none
19.31667,50.06478,38.24728,3.01354,-0.23225,0.00192,5.73434,15.36627,25.00000,25.00000,166.75272,0.48413,0.11572,0.47786,0.00000,0.41500,0.10000,0.00000,none
19.32083,50.06432,38.24427,3.01413,-0.23249,0.00193,5.79821,15.28939,25.00000,25.00000,166.75573,0.48384,0.11558,0.48318,0.00000,0.41375,0.10000,0.00000,none
19.32500,50.06385,38.24124,3.01473,-0.23273,0.00195,5.86175,15.21237,25.00000,25.00000,166.75876,0.48354,0.11544,0.48848,0.00000,0.41250,0.10000,0.00000,none
19.32917,50.06339,38.23820,3.01532,-0.23297,0.00197,5.92497,15.13523,25.00000,25.00000,166.76180,0.48324,0.11530,0.49375,0.00000,0.41125,0.10000,0.00000,none
19.33333,50.06291,38.23515,3.01592,-0.23320,0.00198,5.98788,15.05797,25.00000,25.00000,166.76485,0.48295,0.11516,0.49899,0.00000,0.41000,0.10000,0.00000,none
19.33750,50.06244,38.23209,3.01653,-0.23345,0.00200,6.05046,14.98061,25.00000,25.00000,166.76791,0.48265,0.11502,0.50420,0.00000,0.40875,0.10000,0.00000,none
19.34167,50.06196,38.22906,3.01713,-0.23368,0.00202,6.11272,14.90297,25.00000,25.00000,166.77094,0.48252,0.11499,0.50939,0.00000,0.40875,0.10000,0.00000,none
19.34583,50.06148,38.22607,3.01772,-0.23390,0.00203,6.17465,14.82505,25.00000,25.00000,166.77393,0.48240,0.11496,0.51455,0.00000,0.40875,0.10000,0.00000,none
19.35000,50.06099,38.22312,3.01832,-0.23411,0.00204,6.23626,14.74686,25.00000,25.00000,166.77688,0.48228,0.11494,0.51969,0.00000,0.40875,0.10000,0.00000,none
19.35417,50.06050,38.22021,3.01891,-0.23432,0.00205,6.29754,14.66841,25.00000,25.00000,166.77979,0.48216,0.11491,0.52479,0.00000,0.40875,0.10000,0.00000,none
19.35833,50.06001,38.21733,3.01949,-0.23452,0.00206,6.35849,14.58972,25.00000,25.00000,166.78267,0.48205,0.11488,0.52987,0.00000,0.40875,0.10000,0.00000,none
19.36250,50.05952,38.21449,3.02008,-0.23471,0.00207,6.41912,14.51078,25.00000,25.00000,166.78551,0.48193,0.11485,0.53493,0.00000,0.40875,0.10000,0.00000,none
19.36667,50.05902,38.21168,3.02066,-0.23489,0.00208,6.47942,14.43161,25.00000,25.00000,166.78832,0.48182,0.11483,0.53995,0.00000,0.40875,0.10000,0.00000,none
19.37083,50.05852,38.20891,3.02124,-0.23506,0.00209,6.53938,14.35222,25.00000,25.00000,166.79109,0.48170,0.11480,0.54495,0.00000,0.40875,0.10000,0.00000,none
19.37500,50.05802,38.20617,3.02182,-0.23523,0.00210,6.59902,14.27261,25.00000,25.00000,166.79383,0.48159,0.11478,0.54992,0.00000,0.40875,0.10000,0.00000,none
19.37917,50.05752,38.20346,3.02240,-0.23539,0.00211,6.65832,14.19279,25.00000,25.00000,166.79654,0.48148,0.11475,0.55486,0.00000,0.40875,0.10000,0.00000,none
19.38333,50.05702,38.20078,3.02297,-0.23555,0.00211,6.71729,14.11277,25.00000,25.00000,166.79922,0.48137,0.11473,0.55977,0.00000,0.40875,0.10000,0.00000,none
19.38750,50.05651,38.19814,3.02354,-0.23570,0.00212,6.77593,14.03256,25.00000,25.00000,166.80186,0.48127,0.11470,0.56466,0.00000,0.40875,0.10000,0.00000,none
19.39167,50.05600,38.19552,3.02411,-0.23584,0.00213,6.83423,13.95217,25.00000,25.00000,166.80448,0.48116,0.11468,0.56952,0.00000,0.40875,0.10000,0.00000,none
19.39583,50.05550,38.19293,3.02467,-0.23597,0.00213,6.89219,13.87160,25.00000,25.00000,166.80707,0.48105,0.11465,0.57435,0.00000,0.40875,0.10000,0.00000,none
19.40000,50.05499,38.19037,3.02523,-0.23611,0.00214,6.94983,13.79086,25.00000,25.00000,166.80963,0.48095,0.11463,0.57915,0.00000,0.40875,0.10000,0.00000,none
19.40417,50.05447,38.18783,3.02579,-0.23623,0.00214,7.00712,13.70996,25.00000,25.00000,166.81217,0.48085,0.11461,0.58393,0.00000,0.40875,0.10000,0.00000,none
19.40833,50.05396,38.18533,3.02635,-0.23635,0.00215,7.06407,13.62891,25.00000,25.00000,166.81467,0.48075,0.11458,0.58867,0.00000,0.40875,0.10000,0.00000,none
19.41250,50.05345,38.18284,3.02690,-0.23646,0.00216,7.12069,13.54771,25.00000,25.00000,166.81716,0.48064,0.11456,0.59339,0.00000,0.40875,0.10000,0.00000,none
19.41667,50.05293,38.18039,3.02746,-0.23657,0.00216,7.17697,13.46637,25.00000,25.00000,166.81961,0.48054,0.11454,0.59808,0.00000,0.40875,0.10000,0.00000,none
19.42083,50.05242,38.17795,3.02801,-0.23668,0.00217,7.23291,13.38490,25.00000,25.00000,166.82205,0.48045,0.11452,0.60274,0.00000,0.40875,0.10000,0.00000,none
19.42500,50.05190,38.17554,3.02855,-0.23678,0.00217,7.28851,13.30286,25.00000,25.00000,166.82446,0.48035,0.11449,0.60738,0.00000,0.40875,0.10125,0.00000,none
19.42917,50.05138,38.17316,3.02910,-0.23687,0.00218,7.34377,13.22028,25.00000,25.00000,166.82684,0.48025,0.11447,0.61198,0.00000,0.40875,0.10250,0.00000,none
19.43333,50.05086,38.17079,3.02964,-0.23697,0.00218,7.39868,13.13715,25.00000,25.00000,166.82921,0.48015,0.11445,0.61656,0.00000,0.40875,0.10375,0.00000,none
19.43750,50.05034,38.16845,3.03018,-0.23705,0.00218,7.45324,13.05349,25.00000,25.00000,166.83155,0.48006,0.11443,0.62110,0.00000,0.40875,0.10500,0.00000,none
19.44167,50.04982,38.16612,3.03072,-0.23714,0.00219,7.50746,12.96930,25.00000,25.00000,166.83388,0.47997,0.11441,0.62562,0.00000,0.40875,0.10625,0.00000,none
19.44583,50.04929,38.16382,3.03126,-0.23722,0.00219,7.56132,12.88458,25.00000,25.00000,166.83618,0.47987,0.11439,0.63011,0.00000,0.40875,0.10750,0.00000,none
19.45000,50.04877,38.16154,3.03179,-0.23729,0.00220,7.61483,12.79936,25.00000,25.00000,166.83846,0.47978,0.11436,0.63457,0.00000,0.40875,0.10875,0.00000,none
19.45417,50.04825,38.15928,3.03232,-0.23737,0.00220,7.66798,12.71363,25.00000,25.00000,166.84072,0.47969,0.11434,0.63900,0.00000,0.40875,0.11000,0.00000,none
19.45833,50.04772,38.15703,3.03285,-0.23743,0.00220,7.72077,12.62741,25.00000,25.00000,166.84297,0.47960,0.11432,0.64340,0.00000,0.40875,0.11125,0.00000,none
19.46250,50.04719,38.15480,3.03338,-0.23750,0.00221,7.77321,12.54070,25.00000,25.00000,166.84520,0.47951,0.11430,0.64777,0.00000,0.40875,0.11250,0.00000,none
19.46667,50.04667,38.15260,3.03390,-0.23756,0.00221,7.82528,12.45350,25.00000,25.00000,166.84740,0.47942,0.11428,0.65211,0.00000,0.40875,0.11375,0.00000,none
19.47083,50.04614,38.15040,3.03442,-0.23762,0.00222,7.87699,12.36584,25.00000,25.00000,166.84960,0.47933,0.11426,0.65642,0.00000,0.40875,0.11500,0.00000,none
19.47500,50.04561,38.14823,3.03495,-0.23768,0.00222,7.92833,12.27770,25.00000,25.00000,166.85177,0.47924,0.11424,0.66069,0.00000,0.40875,0.11625,0.00000,none
19.47917,50.04508,38.14607,3.03546,-0.23773,0.00222,7.97930,12.18911,25.00000,25.00000,166.85393,0.47915,0.11422,0.66494,0.00000,0.40875,0.11750,0.00000,none
19.48333,50.04455,38.14393,3.03598,-0.23778,0.00223,8.02990,12.10006,25.00000,25.00000,166.85607,0.47906,0.11420,0.66916,0.00000,0.40875,0.11875,0.00000,none
19.48750,50.04402,38.14180,3.03649,-0.23783,0.00223,8.08013,12.01057,25.00000,25.00000,166.85820,0.47898,0.11418,0.67334,0.00000,0.40875,0.12000,0.00000,none
19.49167,50.04348,38.13969,3.03700,-0.23788,0.00223,8.12999,11.92065,25.00000,25.00000,166.86031,0.47889,0.11416,0.67750,0.00000,0.40875,0.12125,0.00000,none
19.49583,50.04295,38.13760,3.03751,-0.23792,0.00223,8.17947,11.83029,25.00000,25.00000,166.86240,0.47881,0.11414,0.68162,0.00000,0.40875,0.12250,0.00000,none
19.50000,50.04242,38.13552,3.03802,-0.23796,0.00224,8.22857,11.73950,25.00000,25.00000,166.86448,0.47872,0.11412,0.68571,0.00000,0.40875,0.12375,0.00000,none
19.50417,50.04188,38.13345,3.03853,-0.23800,0.00224,8.27730,11.64830,25.00000,25.00000,166.86655,0.47864,0.11411,0.68977,0.00000,0.40875,0.12500,0.00000,none
19.50833,50.04135,38.13139,3.03903,-0.23804,0.00224,8.32564,11.55669,25.00000,25.00000,166.86861,0.47855,0.11409,0.69380,0.00000,0.40875,0.12625,0.00000,none
19.51250,50.04081,38.12935,3.03953,-0.23807,0.00224,8.37360,11.46467,25.00000,25.00000,166.87065,0.47847,0.11407,0.69780,0.00000,0.40875,0.12750,0.00000,none
19.51667,50.04028,38.12733,3.04003,-0.23811,0.00225,8.42118,11.37226,25.00000,25.00000,166.87267,0.47839,0.11405,0.70177,0.00000,0.40875,0.12875,0.00000,none
19.52083,50.03974,38.12531,3.04053,-0.23814,0.00225,8.46837,11.27945,25.00000,25.00000,166.87469,0.47831,0.11403,0.70570,0.00000,0.40875,0.13000,0.00000,none
19.52500,50.03920,38.12331,3.04102,-0.23817,0.00225,8.51517,11.18626,25.00000,25.00000,166.87669,0.47823,0.11401,0.70960,0.00000,0.40875,0.13125,0.00000,none
19.52917,50.03867,38.12132,3.04152,-0.23819,0.00225,8.56159,11.09269,25.00000,25.00000,166.87868,0.47815,0.11399,0.71347,0.00000,0.40875,0.13250,0.00000,none
19.53333,50.03813,38.11935,3.04201,-0.23822,0.00225,8.60761,10.99874,25.00000,25.00000,166.88065,0.47806,0.11398,0.71730,0.00000,0.40875,0.13375,0.00000,none
19.53750,50.03759,38.11738,3.04250,-0.23824,0.00225,8.65324,10.90443,25.00000,25.00000,166.88262,0.47798,0.11396,0.72110,0.00000,0.40875,0.13500,0.00000,none
19.54167,50.03705,38.11543,3.04298,-0.23827,0.00226,8.69848,10.80975,25.00000,25.00000,166.88457,0.47791,0.11394,0.72487,0.00000,0.40875,0.13625,0.00000,none
19.54583,50.03651,38.11349,3.04347,-0.23829,0.00226,8.74333,10.71472,25.00000,25.00000,166.88651,0.47783,0.11392,0.72861,0.00000,0.40875,0.13750,0.00000,none
19.55000,50.03597,38.11156,3.04395,-0.23831,0.00226,8.78777,10.61935,25.00000,25.00000,166.88844,0.47775,0.11390,0.73231,0.00000,0.40875,0.13875,0.00000,none
19.55417,50.03543,38.10964,3.04443,-0.23832,0.00226,8.83182,10.52362,25.00000,25.00000,166.89036,0.47767,0.11389,0.73598,0.00000,0.40875,0.14000,0.00000,none
19.55833,50.03490,38.10773,3.04491,-0.23834,0.00226,8.87547,10.42756,25.00000,25.00000,166.89227,0.47759,0.11387,0.73962,0.00000,0.40875,0.14125,0.00000,none
19.56250,50.03436,38.10583,3.04539,-0.23836,0.00226,8.91871,10.33116,25.00000,25.00000,166.89417,0.47752,0.11385,0.74323,0.00000,0.40875,0.14250,0.00000,none
19.56667,50.03382,38.10395,3.04586,-0.23837,0.00226,8.96156,10.23444,25.00000,25.00000,166.89605,0.47744,0.11383,0.74680,0.00000,0.40875,0.14375,0.00000,none
19.57083,50.03328,38.10207,3.04633,-0.23838,0.00226,9.00400,10.13740,25.00000,25.00000,166.89793,0.47736,0.11382,0.75033,0.00000,0.40875,0.14500,0.00000,none
19.57500,50.03274,38.10030,3.04680,-0.23838,0.00226,9.04604,10.03966,25.00000,25.00000,166.89970,0.47764,0.11402,0.75384,0.00000,0.41125,0.14625,0.00000,none
19.57917,50.03220,38.09865,3.04724,-0.23835,0.00225,9.08766,9.94126,25.00000,25.00000,166.90135,0.47791,0.11423,0.75731,0.00000,0.41375,0.14750,0.00000,none
19.58333,50.03166,38.09710,3.04768,-0.23831,0.00225,9.12888,9.84218,25.00000,25.00000,166.90290,0.47819,0.11443,0.76074,0.00000,0.41625,0.14875,0.00000,none
19.58750,50.03113,38.09565,3.04810,-0.23824,0.00224,9.16968,9.74245,25.00000,25.00000,166.90435,0.47847,0.11464,0.76414,0.00000,0.41875,0.15000,0.00000,none
19.59167,50.03059,38.09431,3.04851,-0.23817,0.00222,9.21006,9.64207,25.00000,25.00000,166.90569,0.47875,0.11485,0.76751,0.00000,0.42125,0.15125,0.00000,none
19.59583,50.03006,38.09307,3.04891,-0.23807,0.00221,9.25003,9.54106,25.00000,25.00000,166.90693,0.47903,0.11505,0.77084,0.00000,0.42375,0.15250,0.00000,none
19.60000,50.02954,38.09192,3.04930,-0.23796,0.00220,9.28957,9.43942,25.00000,25.00000,166.90808,0.47931,0.11526,0.77413,0.00000,0.42625,0.15375,0.00000,none
19.60417,50.02902,38.09086,3.04967,-0.23783,0.00218,9.32869,9.33717,25.00000,25.00000,166.90914,0.47960,0.11547,0.77739,0.00000,0.42875,0.15500,0.00000,none
19.60833,50.02850,38.08990,3.05004,-0.23769,0.00216,9.36738,9.23430,25.00000,25.00000,166.91010,0.47988,0.11568,0.78061,0.00000,0.43125,0.15625,0.00000,none
19.61250,50.02798,38.08903,3.05039,-0.23754,0.00215,9.40564,9.13084,25.00000,25.00000,166.91097,0.48017,0.11588,0.78380,0.00000,0.43375,0.15750,0.00000,none
19.61667,50.02747,38.08824,3.05073,-0.23737,0.00213,9.44347,9.02680,25.00000,25.00000,166.91176,0.48045,0.11609,0.78696,0.00000,0.43625,0.15875,0.00000,none
19.62083,50.02697,38.08753,3.05106,-0.23719,0.00211,9.48086,8.92217,25.00000,25.00000,166.91247,0.48074,0.11630,0.79007,0.00000,0.43875,0.16000,0.00000,none
19.62500,50.02646,38.08691,3.05138,-0.23700,0.00209,9.51782,8.81698,25.00000,25.00000,166.91309,0.48102,0.11651,0.79315,0.00000,0.44125,0.16125,0.00000,none
19.62917,50.02597,38.08636,3.05169,-0.23679,0.00208,9.55434,8.71122,25.00000,25.00000,166.91364,0.48131,0.11672,0.79619,0.00000,0.44375,0.16250,0.00000,none
19.63333,50.02547,38.08588,3.05199,-0.23658,0.00206,9.59041,8.60492,25.00000,25.00000,166.91412,0.48160,0.11693,0.79920,0.00000,0.44625,0.16375,0.00000,none
19.63750,50.02499,38.08548,3.05228,-0.23636,0.00204,9.62604,8.49808,25.00000,25.00000,166.91452,0.48188,0.11714,0.80217,0.00000,0.44875,0.16500,0.00000,none
19.64167,50.02450,38.08515,3.05255,-0.23612,0.00202,9.66123,8.39070,25.00000,25.00000,166.91485,0.48217,0.11734,0.80510,0.00000,0.45125,0.16625,0.00000,none
19.64583,50.02402,38.08488,3.05282,-0.23588,0.00200,9.69596,8.28280,25.00000,25.00000,166.91512,0.48245,0.11755,0.80800,0.00000,0.45375,0.16750,0.00000,none
19.65000,50.02354,38.08468,3.05308,-0.23563,0.00198,9.73025,8.17439,25.00000,25.00000,166.91532,0.48274,0.11776,0.81085,0.00000,0.45625,0.16875,0.00000,none
19.65417,50.02307,38.08455,3.05333,-0.23537,0.00197,9.76408,8.06547,25.00000,25.00000,166.91545,0.48302,0.11797,0.81367,0.00000,0.45875,0.17000,0.00000,none
19.65833,50.02261,38.08447,3.05356,-0.23510,0.00195,9.79746,7.95606,25.00000,25.00000,166.91553,0.48330,0.11818,0.81646,0.00000,0.46125,0.17125,0.00000,none
19.66250,50.02214,38.08445,3.05379,-0.23483,0.00193,9.83038,7.84617,25.00000,25.00000,166.91555,0.48358,0.11839,0.81920,0.00000,0.46375,0.17250,0.00000,none
19.66667,50.02169,38.08448,3.05401,-0.23455,0.00191,9.86284,7.73579,25.00000,25.00000,166.91552,0.48386,0.11860,0.82190,0.00000,0.46625,0.17375,0.00000,none
19.67083,50.02123,38.08457,3.05422,-0.23426,0.00189,9.89485,7.62495,25.00000,25.00000,166.91543,0.48414,0.11880,0.82457,0.00000,0.46875,0.17500,0.00000,none
19.67500,50.02078,38.08471,3.05442,-0.23397,0.00188,9.92638,7.51365,25.00000,25.00000,166.91529,0.48442,0.11901,0.82720,0.00000,0.47125,0.17625,0.00000,none
19.67917,50.02034,38.08490,3.05461,-0.23367,0.00186,9.95746,7.40189,25.00000,25.00000,166.91510,0.48469,0.11922,0.82979,0.00000,0.47375,0.17750,0.00000,none
19.68333,50.01989,38.08514,3.05480,-0.23337,0.00184,9.98807,7.28970,25.00000,25.00000,166.91486,0.48496,0.11943,0.83234,0.00000,0.47625,0.17875,0.00000,none
19.68750,50.01946,38.08542,3.05497,-0.23306,0.00182,10.01820,7.17707,25.00000,25.00000,166.91458,0.48523,0.11963,0.83485,0.00000,0.47875,0.18000,0.00000,none
19.69167,50.01902,38.08574,3.05514,-0.23275,0.00181,10.04787,7.06401,25.00000,25.00000,166.91426,0.48550,0.11984,0.83732,0.00000,0.48125,0.18125,0.00000,none
19.69583,50.01859,38.08610,3.05529,-0.23244,0.00179,10.07707,6.95054,25.00000,25.00000,166.91390,0.48577,0.12004,0.83976,0.00000,0.48375,0.18250,0.00000,none
19.70000,50.01817,38.08651,3.05544,-0.23212,0.00177,10.10579,6.83666,25.00000,25.00000,166.91349,0.48603,0.12025,0.84215,0.00000,0.48625,0.18375,0.00000,none
19.70417,50.01775,38.08695,3.05558,-0.23180,0.00176,10.13404,6.72238,25.00000,25.00000,166.91305,0.48629,0.12045,0.84450,0.00000,0.48875,0.18500,0.00000,none
19.70833,50.01733,38.08743,3.05572,-0.23148,0.00174,10.16181,6.60771,25.00000,25.00000,166.91257,0.48655,0.12066,0.84682,0.00000,0.49125,0.18625,0.00000,none
19.71250,50.01692,38.08794,3.05584,-0.23115,0.00173,10.18910,6.49266,25.00000,25.00000,166.91206,0.48681,0.12086,0.84909,0.00000,0.49375,0.18750,0.00000,none
19.71667,50.01651,38.08848,3.05596,-0.23083,0.00171,10.21592,6.37723,25.00000,25.00000,166.91152,0.48706,0.12107,0.85133,0.00000,0.49625,0.18875,0.00000,none
19.72083,50.01610,38.08905,3.05607,-0.23050,0.00169,10.24225,6.26144,25.00000,25.00000,166.91095,0.48731,0.12127,0.85352,0.00000,0.49875,0.19000,0.00000,none
19.72500,50.01570,38.08965,3.05618,-0.23017,0.00168,10.26809,6.14529,25.00000,25.00000,166.91035,0.48756,0.12147,0.85567,0.00000,0.50125,0.19125,0.00000,none
19.72917,50.01530,38.09028,3.05627,-0.22984,0.00166,10.29346,6.02879,25.00000,25.00000,166.90972,0.48780,0.12167,0.85779,0.00000,0.50375,0.19250,0.00000,none
19.73333,50.01490,38.09093,3.05636,-0.22951,0.00165,10.31833,5.91194,25.00000,25.00000,166.90907,0.48804,0.12187,0.85986,0.00000,0.50625,0.19375,0.00000,none
19.73750,50.01451,38.09161,3.05645,-0.22918,0.00163,10.34272,5.79476,25.00000,25.00000,166.90839,0.48828,0.12207,0.86189,0.00000,0.50875,0.19500,0.00000,none
19.74167,50.01412,38.09230,3.05652,-0.22885,0.00162,10.36662,5.67726,25.00000,25.00000,166.90770,0.48851,0.12227,0.86389,0.00000,0.51125,0.19625,0.00000,none
19.74583,50.01374,38.09302,3.05659,-0.22852,0.00161,10.39003,5.55944,25.00000,25.00000,166.90698,0.48874,0.12247,0.86584,0.00000,0.51375,0.19750,0.00000,none
19.75000,50.01336,38.09376,3.05665,-0.22819,0.00159,10.41295,5.44131,25.00000,25.00000,166.90624,0.48896,0.12267,0.86775,0.00000,0.51625,0.19875,0.00000,none
19.75417,50.01298,38.09451,3.05671,-0.22786,0.00158,10.43538,5.32288,25.00000,25.00000,166.90549,0.48918,0.12287,0.86961,0.00000,0.51875,0.20000,0.00000,none
19.75833,50.01260,38.09529,3.05676,-0.22753,0.00156,10.45731,5.20416,25.00000,25.00000,166.90471,0.48940,0.12306,0.87144,0.00000,0.52125,0.20125,0.00000,none
19.76250,50.01223,38.09607,3.05681,-0.22721,0.00155,10.47874,5.08515,25.00000,25.00000,166.90393,0.48961,0.12326,0.87323,0.00000,0.52375,0.20250,0.00000,none
19.76667,50.01186,38.09687,3.05685,-0.22688,0.00154,10.49968,4.96586,25.00000,25.00000,166.90313,0.48982,0.12345,0.87497,0.00000,0.52625,0.20375,0.00000,none
19.77083,50.01150,38.09768,3.05688,-0.22656,0.00152,10.52012,4.84630,25.00000,25.00000,166.90232,0.49002,0.12365,0.87668,0.00000,0.52875,0.20500,0.00000,none
19.77500,50.01114,38.09850,3.05691,-0.22624,0.00151,10.54007,4.72649,25.00000,25.00000,166.90150,0.49022,0.12384,0.87834,0.00000,0.53125,0.20625,0.00000,none
19.77917,50.01078,38.09933,3.05693,-0.22592,0.00149,10.55951,4.60641,25.00000,25.00000,166.90067,0.49041,0.12403,0.87996,0.00000,0.53375,0.20750,0.00000,none
19.78333,50.01042,38.10017,3.05695,-0.22561,0.00148,10.57845,4.48609,25.00000,25.00000,166.89983,0.49060,0.12422,0.88154,0.00000,0.53625,0.20875,0.00000,none
19.78750,50.01007,38.10101,3.05696,-0.22530,0.00147,10.59689,4.36554,25.00000,25.00000,166.89899,0.49079,0.12441,0.88307,0.00000,0.53875,0.21000,0.00000,none
19.79167,50.00972,38.10186,3.05697,-0.22499,0.00146,10.61483,4.24475,25.00000,25.00000,166.89814,0.49097,0.12460,0.88457,0.00000,0.54125,0.21125,0.00000,none
19.79583,50.00938,38.10271,3.05697,-0.22468,0.00144,10.63227,4.12374,25.00000,25.00000,166.89729,0.49114,0.12479,0.88602,0.00000,0.54375,0.21250,0.00000,none
19.80000,50.00903,38.10356,3.05697,-0.22438,0.00143,10.64920,4.00251,25.00000,25.00000,166.89644,0.49131,0.12497,0.88743,0.00000,0.54625,0.21375,0.00000,none
19.80417,50.00869,38.10441,3.05697,-0.22408,0.00142,10.66562,3.88108,25.00000,25.00000,166.89559,0.49147,0.12516,0.88880,0.00000,0.54875,0.21500,0.00000,none
19.80833,50.00836,38.10527,3.05696,-0.22379,0.00141,10.68154,3.75945,25.00000,25.00000,166.89473,0.49163,0.12534,0.89013,0.00000,0.55125,0.21625,0.00000,none
19.81250,50.00802,38.10612,3.05694,-0.22350,0.00139,10.69695,3.63763,25.00000,25.00000,166.89388,0.49178,0.12553,0.89141,0.00000,0.55375,0.21750,0.00000,none
19.81667,50.00769,38.10697,3.05693,-0.22322,0.00138,10.71185,3.51562,25.00000,25.00000,166.89303,0.49193,0.12571,0.89265,0.00000,0.55625,0.21875,0.00000,none
19.82083,50.00736,38.10782,3.05690,-0.22293,0.00137,10.72624,3.39343,25.00000,25.00000,166.89218,0.49207,0.12589,0.89385,0.00000,0.55875,0.22000,0.00000,none
19.82500,50.00704,38.10866,3.05688,-0.22266,0.00136,10.74013,3.27108,25.00000,25.00000,166.89134,0.49220,0.12607,0.89501,0.00000,0.56125,0.22125,0.00000,none
19.82917,50.00671,38.10949,3.05685,-0.22239,0.00135,10.75350,3.14857,25.00000,25.00000,166.89051,0.49233,0.12624,0.89613,0.00000,0.56375,0.22250,0.00000,none
19.83333,50.00639,38.11031,3.05682,-0.22212,0.00133,10.76637,3.02590,25.00000,25.00000,166.88969,0.49246,0.12642,0.89720,0.00000,0.56625,0.22375,0.00000,none
19.83750,50.00608,38.11113,3.05679,-0.22186,0.00132,10.77872,2.90309,25.00000,25.00000,166.88887,0.49257,0.12660,0.89823,0.00000,0.56875,0.22500,0.00000,none
19.84167,50.00576,38.11194,3.05675,-0.22161,0.00131,10.79056,2.78014,25.00000,25.00000,166.88806,0.49268,0.12677,0.89921,0.00000,0.57125,0.22625,0.00000,none
19.84583,50.00545,38.11273,3.05671,-0.22136,0.00130,10.80189,2.65705,25.00000,25.00000,166.88727,0.49278,0.12694,0.90016,0.00000,0.57375,0.22750,0.00000,none
19.85000,50.00514,38.11352,3.05667,-0.22112,0.00129,10.81270,2.53385,25.00000,25.00000,166.88648,0.49288,0.12711,0.90106,0.00000,0.57625,0.22875,0.00000,none
19.85417,50.00484,38.11428,3.05662,-0.22088,0.00128,10.82300,2.41053,25.00000,25.00000,166.88572,0.49297,0.12728,0.90192,0.00000,0.57875,0.23000,0.00000,none
19.85833,50.00453,38.11504,3.05658,-0.22065,0.00127,10.83279,2.28710,25.00000,25.00000,166.88496,0.49305,0.12745,0.90273,0.00000,0.58125,0.23125,0.00000,none
19.86250,50.00423,38.11578,3.05653,-0.22042,0.00126,10.84206,2.16358,25.00000,25.00000,166.88422,0.49313,0.12762,0.90350,0.00000,0.58375,0.23250,0.00000,none
19.86667,50.00393,38.11650,3.05648,-0.22021,0.00124,10.85082,2.03996,25.00000,25.00000,166.88350,0.49320,0.12778,0.90423,0.00000,0.58625,0.23375,0.00000,none
19.87083,50.00364,38.11720,3.05642,-0.21999,0.00123,10.85906,1.91626,25.00000,25.00000,166.88280,0.49326,0.12795,0.90492,0.00000,0.58875,0.23500,0.00000,none
19.87500,50.00334,38.11788,3.05637,-0.21979,0.00122,10.86678,1.79248,25.00000,25.00000,166.88212,0.49332,0.12811,0.90557,0.00000,0.59125,0.23625,0.00000,none
19.87917,50.00305,38.11855,3.05631,-0.21959,0.00121,10.87399,1.66863,25.00000,25.00000,166.88145,0.49336,0.12827,0.90617,0.00000,0.59375,0.23750,0.00000,none
19.88333,50.00276,38.11919,3.05626,-0.21940,0.00120,10.88069,1.54472,25.00000,25.00000,166.88081,0.49340,0.12843,0.90672,0.00000,0.59625,0.23875,0.00000,none
19.88750,50.00248,38.11981,3.05620,-0.21922,0.00119,10.88687,1.42076,25.00000,25.00000,166.88019,0.49344,0.12859,0.90724,0.00000,0.59875,0.24000,0.00000,none
19.89167,50.00219,38.12041,3.05614,-0.21905,0.00118,10.89253,1.29675,25.00000,25.00000,166.87959,0.49346,0.12874,0.90771,0.00000,0.60125,0.24125,0.00000,none
19.89583,50.00191,38.12098,3.05608,-0.21888,0.00117,10.89767,1.17267,25.00000,25.00000,166.87902,0.49347,0.12890,0.90814,0.00000,0.60375,0.24250,0.00000,none
19.90000,50.00164,38.12155,3.05602,-0.21872,0.00116,10.90230,1.04850,25.00000,25.00000,166.87845,0.49346,0.12904,0.90853,0.00000,0.60625,0.24375,0.00000,none
19.90417,50.00136,38.12211,3.05595,-0.21856,0.00115,10.90641,0.92423,25.00000,25.00000,166.87789,0.49344,0.12919,0.90887,0.00000,0.60875,0.24500,0.00000,none
19.90833,50.00109,38.12268,3.05589,-0.21840,0.00114,10.91000,0.79982,25.00000,25.00000,166.87732,0.49341,0.12933,0.90917,0.00000,0.61125,0.24625,0.00000,none
19.91250,50.00082,38.12324,3.05581,-0.21824,0.00113,10.91307,0.67526,25.00000,25.00000,166.87676,0.49336,0.12947,0.90942,0.00000,0.61375,0.24750,0.00000,none
19.91667,50.00055,38.12382,3.05574,-0.21809,0.00111,10.91563,0.55053,25.00000,25.00000,166.87618,0.49330,0.12961,0.90964,0.00000,0.61625,0.24875,0.00000,none
19.92083,50.00028,38.12442,3.05566,-0.21793,0.00110,10.91766,0.42561,25.00000,25.00000,166.87558,0.49322,0.12975,0.90981,0.00000,0.61875,0.25000,0.00000,none
19.92500,50.00002,38.12503,3.05558,-0.21778,0.00109,10.91917,0.30048,25.00000,25.00000,166.87497,0.49313,0.12988,0.90993,0.00000,0.62125,0.25125,0.00000,none
19.92917,49.99977,38.12567,3.05549,-0.21762,0.00107,10.92017,0.17513,25.00000,25.00000,166.87433,0.49303,0.13001,0.91001,0.00000,0.62375,0.25250,0.00000,none
19.93333,49.99951,38.12634,3.05540,-0.21746,0.00106,10.92063,0.04953,25.00000,25.00000,166.87366,0.49292,0.13013,0.91005,0.00000,0.62625,0.25375,0.00000,none
19.93750,49.99926,38.12705,3.05530,-0.21729,0.00105,10.92058,-0.07634,25.00000,25.00000,166.87295,0.49280,0.13026,0.91005,0.00000,0.62875,0.25500,0.00000,none
19.94167,49.99901,38.12779,3.05520,-0.21712,0.00103,10.92000,-0.20248,25.00000,25.00000,166.87221,0.49266,0.13038,0.91000,0.00000,0.63125,0.25625,0.00000,none
19.94583,49.99877,38.12857,3.05509,-0.21694,0.00101,10.91889,-0.32893,25.00000,25.00000,166.87143,0.49251,0.13050,0.90991,0.00000,0.63375,0.25750,0.00000,none
19.95000,49.99853,38.12940,3.05497,-0.21676,0.00100,10.91725,-0.45568,25.00000,25.00000,166.87060,0.49236,0.13062,0.90977,0.00000,0.63625,0.25875,0.00000,none
19.95417,49.99829,38.13028,3.05485,-0.21657,0.00098,10.91509,-0.58277,25.00000,25.00000,166.86972,0.49219,0.13073,0.90959,0.00000,0.63875,0.26000,0.00000,none
19.95833,49.99806,38.13122,3.05472,-0.21637,0.00096,10.91240,-0.71020,25.00000,25.00000,166.86878,0.49201,0.13085,0.90937,0.00000,0.64125,0.26125,0.00000,none
19.96250,49.99783,38.13220,3.05458,-0.21617,0.00094,10.90917,-0.83799,25.00000,25.00000,166.86780,0.49183,0.13096,0.90910,0.00000,0.64375,0.26250,0.00000,none
19.96667,49.99761,38.13325,3.05443,-0.21596,0.00092,10.90541,-0.96616,25.00000,25.00000,166.86675,0.49163,0.13107,0.90878,0.00000,0.64625,0.26375,0.00000,none
19.97083,49.99739,38.13436,3.05428,-0.21573,0.00090,10.90112,-1.09471,25.00000,25.00000,166.86564,0.49143,0.13117,0.90843,0.00000,0.64875,0.26500,0.00000,none
19.97500,49.99718,38.13553,3.05412,-0.21550,0.00089,10.89629,-1.22366,25.00000,25.00000,166.86447,0.49121,0.13128,0.90802,0.00000,0.65125,0.26625,0.00000,none
19.97917,49.99697,38.13677,3.05394,-0.21526,0.00086,10.89092,-1.35303,25.00000,25.00000,166.86323,0.49099,0.13138,0.90758,0.00000,0.65375,0.26750,0.00000,none
19.98333,49.99677,38.13807,3.05376,-0.21501,0.00084,10.88501,-1.48282,25.00000,25.00000,166.86193,0.49076,0.13149,0.90708,0.00000,0.65625,0.26875,0.00000,none
19.98750,49.99657,38.13945,3.05357,-0.21474,0.00082,10.87856,-1.61305,25.00000,25.00000,166.86055,0.49052,0.13159,0.90655,0.00000,0.65875,0.27000,0.00000,none
19.99167,49.99637,38.14090,3.05338,-0.21447,0.00080,10.87157,-1.74373,25.00000,25.00000,166.85910,0.49027,0.13169,0.90596,0.00000,0.66125,0.27125,0.00000,none
19.99583,49.99618,38.14243,3.05317,-0.21418,0.00078,10.86403,-1.87487,25.00000,25.00000,166.85757,0.49002,0.13178,0.90534,0.00000,0.66375,0.27250,0.00000,none
20.00000,49.99600,38.14404,3.05295,-0.21389,0.00076,10.85594,-2.00648,25.00000,25.00000,166.85596,0.48976,0.13188,0.90466,0.00000,0.66625,0.27375,0.00000,none
20.00417,49.99582,38.14572,3.05272,-0.21358,0.00074,10.84731,-2.13857,25.00000,25.00000,166.85428,0.48949,0.13198,0.90394,0.00000,0.66875,0.27500,0.00000,none
20.00833,49.99565,38.14748,3.05248,-0.21326,0.00071,10.83812,-2.27115,25.00000,25.00000,166.85252,0.48922,0.13207,0.90318,0.00000,0.67125,0.27625,0.00000,none
20.01250,49.99548,38.14933,3.05223,-0.21292,0.00069,10.82838,-2.40422,25.00000,25.00000,166.85067,0.48894,0.13216,0.90237,0.00000,0.67375,0.27750,0.00000,none
20.01667,49.99532,38.15126,3.05197,-0.21258,0.00067,10.81808,-2.53780,25.00000,25.00000,166.84874,0.48865,0.13225,0.90151,0.00000,0.67625,0.27875,0.00000,none
20.02083,49.99516,38.15327,3.05170,-0.21222,0.00064,10.80723,-2.67190,25.00000,25.00000,166.84673,0.48836,0.13234,0.90060,0.00000,0.67875,0.28000,0.00000,none
20.02500,49.99501,38.15537,3.05141,-0.21184,0.00062,10.79582,-2.80651,25.00000,25.00000,166.84463,0.48806,0.13243,0.89965,0.00000,0.68125,0.28125,0.00000,none
20.02917,49.99487,38.15756,3.05112,-0.21146,0.00060,10.78384,-2.94166,25.00000,25.00000,166.84244,0.48776,0.13252,0.89865,0.00000,0.68375,0.28250,0.00000,none
20.03333,49.99473,38.15983,3.05082,-0.21106,0.00057,10.77130,-3.07733,25.00000,25.00000,166.84017,0.48745,0.13261,0.89761,0.00000,0.68625,0.28375,0.00000,none
20.03750,49.99459,38.16219,3.05050,-0.21065,0.00055,10.75820,-3.21355,25.00000,25.00000,166.83781,0.48714,0.13269,0.89652,0.00000,0.68875,0.28500,0.00000,none
20.04167,49.99446,38.16464,3.05017,-0.21022,0.00053,10.74452,-3.35031,25.00000,25.00000,166.83536,0.48682,0.13278,0.89538,0.00000,0.69125,0.28625,0.00000,none
20.04583,49.99434,38.16718,3.04983,-0.20978,0.00050,10.73028,-3.48762,25.00000,25.00000,166.83282,0.48649,0.13286,0.89419,0.00000,0.69375,0.28750,0.00000,none
20.05000,49.99422,38.16981,3.04948,-0.20933,0.00048,10.71546,-3.62548,25.00000,25.00000,166.83019,0.48617,0.13295,0.89295,0.00000,0.69625,0.28875,0.00000,none
20.05417,49.99411,38.17253,3.04911,-0.20887,0.00045,10.70006,-3.76390,25.00000,25.00000,166.82747,0.48583,0.13303,0.89167,0.00000,0.69875,0.29000,0.00000,none
20.05833,49.99401,38.17535,3.04873,-0.20839,0.00043,10.68409,-3.90288,25.00000,25.00000,166.82465,0.48550,0.13311,0.89034,0.00000,0.70125,0.29125,0.00000,none
20.06250,49.99391,38.17825,3.04834,-0.20789,0.00041,10.66754,-4.04243,25.00000,25.00000,166.82175,0.48516,0.13319,0.88896,0.00000,0.70375,0.29250,0.00000,none
20.06667,49.99381,38.18125,3.04794,-0.20739,0.00038,10.65040,-4.18254,25.00000,25.00000,166.81875,0.48481,0.13328,0.88753,0.00000,0.70625,0.29375,0.00000,none
20.07083,49.99373,38.18434,3.04753,-0.20687,0.00036,10.63268,-4.32322,25.00000,25.00000,166.81566,0.48447,0.13336,0.88606,0.00000,0.70875,0.29500,0.00000,none
20.07500,49.99364,38.18752,3.04710,-0.20634,0.00033,10.61437,-4.46446,25.00000,25.00000,166.81248,0.48412,0.13344,0.88453,0.00000,0.71125,0.29625,0.00000,none
20.07917,49.99357,38.19079,3.04666,-0.20579,0.00031,10.59547,-4.60628,25.00000,25.00000,166.80921,0.48376,0.13351,0.88296,0.00000,0.71375,0.29750,0.00000,none
20.08333,49.99350,38.19416,3.04620,-0.20523,0.00029,10.57598,-4.74867,25.00000,25.00000,166.80584,0.48340,0.13359,0.88133,0.00000,0.71625,0.29875,0.00000,none
20.08750,49.99343,38.19761,3.04574,-0.20466,0.00026,10.55590,-4.89162,25.00000,25.00000,166.80239,0.48305,0.13367,0.87966,0.00000,0.71875,0.30000,0.00000,none
20.09167,49.99337,38.20116,3.04526,-0.20407,0.00024,10.53522,-5.03515,25.00000,25.00000,166.79884,0.48268,0.13375,0.87793,0.00000,0.72125,0.30125,0.00000,none
20.09583,49.99332,38.20480,3.04476,-0.20347,0.00021,10.51394,-5.17925,25.00000,25.00000,166.79520,0.48232,0.13383,0.87616,0.00000,0.72375,0.30250,0.00000,none
20.10000,49.99327,38.20854,3.04426,-0.20286,0.00019,10.49206,-5.32391,25.00000,25.00000,166.79146,0.48195,0.13390,0.87434,0.00000,0.72625,0.30375,0.00000,none
20.10417,49.99323,38.21236,3.04374,-0.20224,0.00017,10.46957,-5.46914,25.00000,25.00000,166.78764,0.48158,0.13398,0.87246,0.00000,0.72875,0.30500,0.00000,none
20.10833,49.99319,38.21628,3.04321,-0.20160,0.00015,10.44648,-5.61494,25.00000,25.00000,166.78372,0.48121,0.13406,0.87054,0.00000,0.73125,0.30625,0.00000,none
20.11250,49.99316,38.22029,3.04266,-0.20095,0.00012,10.42278,-5.76129,25.00000,25.00000,166.77971,0.48084,0.13413,0.86856,0.00000,0.73375,0.30750,0.00000,none
20.11667,49.99313,38.22438,3.04210,-0.20029,0.00010,10.39847,-5.90821,25.00000,25.00000,166.77562,0.48046,0.13421,0.86654,0.00000,0.73625,0.30875,0.00000,none
20.12083,49.99311,38.22857,3.04153,-0.19961,0.00008,10.37354,-6.05568,25.00000,25.00000,166.77143,0.48008,0.13429,0.86446,0.00000,0.73875,0.31000,0.00000,none
20.12500,49.99309,38.23284,3.04094,-0.19892,0.00005,10.34800,-6.20370,25.00000,25.00000,166.76716,0.47971,0.13436,0.86233,0.00000,0.74125,0.31125,0.00000,none
20.12917,49.99308,38.23721,3.04034,-0.19823,0.00003,10.32184,-6.35227,25.00000,25.00000,166.76279,0.47933,0.13444,0.86015,0.00000,0.74375,0.31250,0.00000,none
20.13333,49.99308,38.24166,3.03973,-0.19752,0.00001,10.29507,-6.50138,25.00000,25.00000,166.75834,0.47895,0.13451,0.85792,0.00000,0.74625,0.31375,0.00000,none
20.13750,49.99308,38.24620,3.03910,-0.19679,-0.00001,10.26766,-6.65103,25.00000,25.00000,166.75380,0.47857,0.13459,0.85564,0.00000,0.74875,0.31500,0.00000,none
20.14167,49.99308,38.25083,3.03846,-0.19606,-0.00003,10.23964,-6.80122,25.00000,25.00000,166.74917,0.47818,0.13466,0.85330,0.00000,0.75125,0.31625,0.00000,none
20.14583,49.99309,38.25554,3.03781,-0.19531,-0.00005,10.21099,-6.95193,25.00000,25.00000,166.74446,0.47780,0.13474,0.85092,0.00000,0.75375,0.31750,0.00000,none
20.15000,49.99311,38.26034,3.03714,-0.19456,-0.00007,10.18170,-7.10316,25.00000,25.00000,166.73966,0.47742,0.13481,0.84848,0.00000,0.75625,0.31875,0.00000,none
20.15417,49.99313,38.26522,3.03646,-0.19379,-0.00010,10.15179,-7.25490,25.00000,25.00000,166.73478,0.47703,0.13489,0.84598,0.00000,0.75875,0.32000,0.00000,none
20.15833,49.99316,38.27019,3.03576,-0.19301,-0.00012,10.12125,-7.40715,25.00000,25.00000,166.72981,0.47665,0.13496,0.84344,0.00000,0.76125,0.32125,0.00000,none
20.16250,49.99319,38.27524,3.03506,-0.19223,-0.00014,10.09006,-7.55991,25.00000,25.00000,166.72476,0.47626,0.13504,0.84084,0.00000,0.76375,0.32250,0.00000,none
20.16667,49.99322,38.28037,3.03433,-0.19143,-0.00016,10.05824,-7.71316,25.00000,25.00000,166.71963,0.47588,0.13512,0.83819,0.00000,0.76625,0.32375,0.00000,none
20.17083,49.99326,38.28558,3.03360,-0.19062,-0.00018,10.02579,-7.86689,25.00000,25.00000,166.71442,0.47550,0.13519,0.83548,0.00000,0.76875,0.32500,0.00000,none
20.17500,49.99330,38.29087,3.03285,-0.18980,-0.00019,9.99269,-8.02110,25.00000,25.00000,166.70913,0.47511,0.13527,0.83272,0.00000,0.77125,0.32625,0.00000,none
20.17917,49.99335,38.29624,3.03209,-0.18897,-0.00021,9.95894,-8.17578,25.00000,25.00000,166.70376,0.47473,0.13534,0.82991,0.00000,0.77375,0.32750,0.00000,none
20.18333,49.99341,38.30169,3.03132,-0.18814,-0.00023,9.92455,-8.33093,25.00000,25.00000,166.69831,0.47435,0.13542,0.82705,0.00000,0.77625,0.32875,0.00000,none
20.18750,49.99346,38.30722,3.03053,-0.18729,-0.00025,9.88952,-8.48652,25.00000,25.00000,166.69278,0.47396,0.13550,0.82413,0.00000,0.77875,0.33000,0.00000,none
20.19167,49.99353,38.31282,3.02973,-0.18643,-0.00027,9.85383,-8.64256,25.00000,25.00000,166.68718,0.47358,0.13558,0.82115,0.00000,0.78125,0.33125,0.00000,none
20.19583,49.99359,38.31850,3.02891,-0.18557,-0.00029,9.81749,-8.79903,25.00000,25.00000,166.68150,0.47320,0.13565,0.81812,0.00000,0.78375,0.33250,0.00000,none
20.20000,49.99366,38.32425,3.02808,-0.18470,-0.00030,9.78050,-8.95592,25.00000,25.00000,166.67575,0.47282,0.13573,0.81504,0.00000,0.78625,0.33375,0.00000,none
20.20417,49.99374,38.33008,3.02724,-0.18381,-0.00032,9.74286,-9.11323,25.00000,25.00000,166.66992,0.47245,0.13581,0.81190,0.00000,0.78875,0.33500,0.00000,none
20.20833,49.99382,38.33597,3.02639,-0.18293,-0.00034,9.70456,-9.27094,25.00000,25.00000,166.66403,0.47207,0.13589,0.80871,0.00000,0.79125,0.33625,0.00000,none
20.21250,49.99390,38.34194,3.02552,-0.18203,-0.00035,9.66560,-9.42904,25.00000,25.00000,166.65806,0.47169,0.13597,0.80547,0.00000,0.79375,0.33750,0.00000,none
20.21667,49.99399,38.34798,3.02464,-0.18112,-0.00037,9.62598,-9.58753,25.00000,25.00000,166.65202,0.47132,0.13605,0.80217,0.00000,0.79625,0.33875,0.00000,none
20.22083,49.99408,38.35408,3.02375,-0.18021,-0.00039,9.58570,-9.74639,25.00000,25.00000,166.64592,0.47095,0.13613,0.79881,0.00000,0.79875,0.34000,0.00000,none
20.22500,49.99417,38.36025,3.02285,-0.17929,-0.00040,9.54476,-9.90560,25.00000,25.00000,166.63975,0.47058,0.13621,0.79540,0.00000,0.80125,0.34125,0.00000,none
20.22917,49.99427,38.36649,3.02193,-0.17837,-0.00042,9.50316,-10.06516,25.00000,25.00000,166.63351,0.47021,0.13629,0.79193,0.00000,0.80375,0.34250,0.00000,none
20.23333,49.99437,38.37279,3.02100,-0.17743,-0.00043,9.46088,-10.22506,25.00000,25.00000,166.62721,0.46985,0.13637,0.78841,0.00000,0.80625,0.34375,0.00000,none
20.23750,49.99447,38.37915,3.02006,-0.17650,-0.00045,9.41795,-10.38529,25.00000,25.00000,166.62085,0.46948,0.13645,0.78483,0.00000,0.80875,0.34500,0.00000,none
20.24167,49.99458,38.38558,3.01910,-0.17555,-0.00046,9.37434,-10.54582,25.00000,25.00000,166.61442,0.46912,0.13654,0.78119,0.00000,0.81125,0.34625,0.00000,none
20.24583,49.99469,38.39206,3.01813,-0.17460,-0.00047,9.33006,-10.70666,25.00000,25.00000,166.60794,0.46876,0.13662,0.77751,0.00000,0.81375,0.34750,0.00000,none
20.25000,49.99481,38.39861,3.01716,-0.17364,-0.00049,9.28512,-10.86778,25.00000,25.00000,166.60139,0.46841,0.13670,0.77376,0.00000,0.81625,0.34875,0.00000,none
20.25417,49.99492,38.40521,3.01616,-0.17268,-0.00050,9.23950,-11.02917,25.00000,25.00000,166.59479,0.46806,0.13679,0.76996,0.00000,0.81875,0.35000,0.00000,none
20.25833,49.99505,38.41187,3.01516,-0.17172,-0.00051,9.19321,-11.19083,25.00000,25.00000,166.58813,0.46771,0.13687,0.76610,0.00000,0.82125,0.35125,0.00000,none
20.26250,49.99517,38.41859,3.01415,-0.17075,-0.00052,9.14624,-11.35273,25.00000,25.00000,166.58141,0.46736,0.13696,0.76219,0.00000,0.82375,0.35250,0.00000,none
20.26667,49.99530,38.42536,3.01312,-0.16977,-0.00054,9.09860,-11.51487,25.00000,25.00000,166.57464,0.46702,0.13705,0.75822,0.00000,0.82625,0.35375,0.00000,none
20.27083,49.99542,38.43218,3.01208,-0.16879,-0.00055,9.05028,-11.67723,25.00000,25.00000,166.56782,0.46668,0.13714,0.75419,0.00000,0.82875,0.35500,0.00000,none
20.27500,49.99556,38.43905,3.01103,-0.16781,-0.00056,9.00129,-11.83980,25.00000,25.00000,166.56095,0.46634,0.13722,0.75011,0.00000,0.83125,0.35625,0.00000,none
20.27917,49.99569,38.44597,3.00997,-0.16682,-0.00057,8.95161,-12.00256,25.00000,25.00000,166.55403,0.46601,0.13731,0.74597,0.00000,0.83375,0.35750,0.00000,none
20.28333,49.99583,38.45276,3.00892,-0.16586,-0.00058,8.90127,-12.16505,25.00000,25.00000,166.54724,0.46627,0.13737,0.74177,0.00000,0.83375,0.35875,0.00000,none
20.28750,49.99596,38.45941,3.00787,-0.16494,-0.00058,8.85024,-12.32728,25.00000,25.00000,166.54059,0.46652,0.13743,0.73752,0.00000,0.83375,0.36000,0.00000,none
20.29167,49.99610,38.46594,3.00682,-0.16405,-0.00058,8.79854,-12.48924,25.00000,25.00000,166.53406,0.46678,0.13749,0.73321,0.00000,0.83375,0.36125,0.00000,none
20.29583,49.99624,38.47234,3.00578,-0.16318,-0.00058,8.74616,-12.65092,25.00000,25.00000,166.52766,0.46702,0.13754,0.72885,0.00000,0.83375,0.36250,0.00000,none
20.30000,49.99638,38.47862,3.00475,-0.16235,-0.00058,8.69311,-12.81232,25.00000,25.00000,166.52138,0.46726,0.13760,0.72443,0.00000,0.83375,0.36375,0.00000,none
20.30417,49.99652,38.48478,3.00372,-0.16155,-0.00058,8.63939,-12.97342,25.00000,25.00000,166.51522,0.46750,0.13765,0.71995,0.00000,0.83375,0.36500,0.00000,none
20.30833,49.99665,38.49082,3.00269,-0.16077,-0.00057,8.58500,-13.13424,25.00000,25.00000,166.50918,0.46773,0.13770,0.71542,0.00000,0.83375,0.36625,0.00000,none
20.31250,49.99679,38.49675,3.00167,-0.16002,-0.00057,8.52994,-13.29475,25.00000,25.00000,166.50325,0.46796,0.13775,0.71083,0.00000,0.83375,0.36750,0.00000,none
20.31667,49.99692,38.50257,3.00065,-0.15929,-0.00056,8.47421,-13.45496,25.00000,25.00000,166.49743,0.46819,0.13780,0.70618,0.00000,0.83375,0.36875,0.00000,none
20.32083,49.99706,38.50829,2.99964,-0.15859,-0.00055,8.41782,-13.61486,25.00000,25.00000,166.49171,0.46841,0.13785,0.70148,0.00000,0.83375,0.37000,0.00000,none
20.32500,49.99719,38.51390,2.99863,-0.15791,-0.00055,8.36076,-13.77443,25.00000,25.00000,166.48610,0.46862,0.13790,0.69673,0.00000,0.83375,0.37125,0.00000,none
20.32917,49.99732,38.51941,2.99763,-0.15726,-0.00054,8.30303,-13.93369,25.00000,25.00000,166.48059,0.46884,0.13795,0.69192,0.00000,0.83375,0.37250,0.00000,none
20.33333,49.99745,38.52482,2.99663,-0.15663,-0.00053,8.24464,-14.09261,25.00000,25.00000,166.47518,0.46904,0.13800,0.68705,0.00000,0.83375,0.37375,0.00000,none
20.33750,49.99757,38.53013,2.99564,-0.15602,-0.00053,8.18559,-14.25119,25.00000,25.00000,166.46987,0.46925,0.13804,0.68213,0.00000,0.83375,0.37500,0.00000,none
20.34167,49.99770,38.53536,2.99464,-0.15543,-0.00052,8.12588,-14.40943,25.00000,25.00000,166.46464,0.46945,0.13809,0.67716,0.00000,0.83375,0.37625,0.00000,none
20.34583,49.99782,38.54049,2.99366,-0.15486,-0.00051,8.06551,-14.56732,25.00000,25.00000,166.45951,0.46965,0.13813,0.67213,0.00000,0.83375,0.37750,0.00000,none
20.35000,49.99794,38.54554,2.99268,-0.15432,-0.00051,8.00449,-14.72485,25.00000,25.00000,166.45446,0.46984,0.13818,0.66704,0.00000,0.83375,0.37875,0.00000,none
20.35417,49.99806,38.55051,2.99170,-0.15379,-0.00050,7.94281,-14.88201,25.00000,25.00000,166.44949,0.47003,0.13822,0.66190,0.00000,0.83375,0.38000,0.00000,none
20.35833,49.99818,38.55539,2.99072,-0.15328,-0.00049,7.88047,-15.03880,25.00000,25.00000,166.44461,0.47022,0.13826,0.65671,0.00000,0.83375,0.38125,0.00000,none
20.36250,49.99830,38.56020,2.98975,-0.15278,-0.00049,7.81748,-15.19522,25.00000,25.00000,166.43980,0.47041,0.13830,0.65146,0.00000,0.83375,0.38250,0.00000,none
20.36667,49.99841,38.56493,2.98878,-0.15231,-0.00048,7.75384,-15.35124,25.00000,25.00000,166.43507,0.47059,0.13835,0.64615,0.00000,0.83375,0.38375,0.00000,none
20.37083,49.99853,38.56959,2.98782,-0.15185,-0.00048,7.68956,-15.50687,25.00000,25.00000,166.43041,0.47077,0.13839,0.64080,0.00000,0.83375,0.38500,0.00000,none
20.37500,49.99864,38.57417,2.98686,-0.15141,-0.00047,7.62462,-15.66209,25.00000,25.00000,166.42583,0.47095,0.13843,0.63539,0.00000,0.83375,0.38625,0.00000,none
20.37917,49.99875,38.57869,2.98590,-0.15098,-0.00047,7.55904,-15.81691,25.00000,25.00000,166.42131,0.47112,0.13847,0.62992,0.00000,0.83375,0.38750,0.00000,none
20.38333,49.99886,38.58314,2.98495,-0.15057,-0.00046,7.49281,-15.97130,25.00000,25.00000,166.41686,0.47129,0.13850,0.62440,0.00000,0.83375,0.38875,0.00000,none
20.38750,49.99897,38.58752,2.98400,-0.15017,-0.00046,7.42595,-16.12527,25.00000,25.00000,166.41248,0.47146,0.13854,0.61883,0.00000,0.83375,0.39000,0.00000,none
20.39167,49.99908,38.59184,2.98306,-0.14979,-0.00046,7.35844,-16.27880,25.00000,25.00000,166.40816,0.47163,0.13858,0.61320,0.00000,0.83375,0.39125,0.00000,none
20.39583,49.99919,38.59610,2.98211,-0.14942,-0.00045,7.29029,-16.43188,25.00000,25.00000,166.40390,0.47179,0.13862,0.60752,0.00000,0.83375,0.39250,0.00000,none
20.40000,49.99930,38.60030,2.98117,-0.14906,-0.00045,7.22151,-16.58451,25.00000,25.00000,166.39970,0.47195,0.13865,0.60179,0.00000,0.83375,0.39375,0.00000,none
20.40417,49.99941,38.60445,2.98024,-0.14872,-0.00045,7.15209,-16.73668,25.00000,25.00000,166.39555,0.47211,0.13869,0.59601,0.00000,0.83375,0.39500,0.00000,none
20.40833,49.99951,38.60853,2.97931,-0.14839,-0.00045,7.08203,-16.88780,25.00000,25.00000,166.39147,0.47227,0.13873,0.59017,0.00000,0.83375,0.39458,0.00000,none
20.41250,49.99962,38.61257,2.97838,-0.14807,-0.00045,7.01136,-17.03785,25.00000,25.00000,166.38743,0.47243,0.13876,0.58428,0.00000,0.83375,0.39417,0.00000,none
20.41667,49.99972,38.61655,2.97745,-0.14776,-0.00044,6.94005,-17.18684,25.00000,25.00000,166.38345,0.47258,0.13880,0.57834,0.00000,0.83375,0.39375,0.00000,none
20.42083,49.99983,38.62049,2.97653,-0.14746,-0.00044,6.86813,-17.33476,25.00000,25.00000,166.37951,0.47273,0.13883,0.57234,0.00000,0.83375,0.39333,0.00000,none
20.42500,49.99994,38.62437,2.97561,-0.14717,-0.00044,6.79560,-17.48159,25.00000,25.00000,166.37563,0.47288,0.13887,0.56630,0.00000,0.83375,0.39292,0.00000,none
20.42917,50.00004,38.62821,2.97470,-0.14690,-0.00044,6.72246,-17.62734,25.00000,25.00000,166.37179,0.47303,0.13890,0.56020,0.00000,0.83375,0.39250,0.00000,none
20.43333,50.00015,38.63200,2.97378,-0.14663,-0.00044,6.64871,-17.77198,25.00000,25.00000,166.36800,0.47317,0.13893,0.55406,0.00000,0.83375,0.39208,0.00000,none
20.43750,50.00025,38.63574,2.97287,-0.14637,-0.00044,6.57436,-17.91551,25.00000,25.00000,166.36426,0.47332,0.13897,0.54786,0.00000,0.83375,0.39167,0.00000,none
20.44167,50.00036,38.63945,2.97197,-0.14613,-0.00045,6.49941,-18.05793,25.00000,25.00000,166.36055,0.47346,0.13900,0.54162,0.00000,0.83375,0.39125,0.00000,none
20.44583,50.00047,38.64311,2.97106,-0.14589,-0.00045,6.42388,-18.19923,25.00000,25.00000,166.35689,0.47360,0.13903,0.53532,0.00000,0.83375,0.39083,0.00000,none
20.45000,50.00057,38.64673,2.97016,-0.14566,-0.00045,6.34775,-18.33939,25.00000,25.00000,166.35327,0.47374,0.13906,0.52898,0.00000,0.83375,0.39042,0.00000,none
20.45417,50.00068,38.65032,2.96926,-0.14544,-0.00045,6.27105,-18.47841,25.00000,25.00000,166.34968,0.47388,0.13909,0.52259,0.00000,0.83375,0.39000,0.00000,none
20.45833,50.00079,38.65386,2.96837,-0.14522,-0.00045,6.19377,-18.61628,25.00000,25.00000,166.34614,0.47402,0.13913,0.51615,0.00000,0.83375,0.38958,0.00000,none
20.46250,50.00090,38.65737,2.96748,-0.14501,-0.00046,6.11592,-18.75298,25.00000,25.00000,166.34263,0.47415,0.13916,0.50966,0.00000,0.83375,0.38917,0.00000,none
20.46667,50.00101,38.66085,2.96659,-0.14482,-0.00046,6.03750,-18.88852,25.00000,25.00000,166.33915,0.47429,0.13919,0.50312,0.00000,0.83375,0.38875,0.00000,none
20.47083,50.00112,38.66428,2.96570,-0.14462,-0.00046,5.95851,-19.02288,25.00000,25.00000,166.33572,0.47442,0.13922,0.49654,0.00000,0.83375,0.38833,0.00000,none
20.47500,50.00123,38.66760,2.96482,-0.14446,-0.00046,5.87897,-19.15582,25.00000,25.00000,166.33240,0.47485,0.13923,0.48991,0.00000,0.83250,0.38792,0.00000,none
20.47917,50.00134,38.67078,2.96396,-0.14432,-0.00046,5.79888,-19.28734,25.00000,25.00000,166.32922,0.47528,0.13925,0.48324,0.00000,0.83125,0.38750,0.00000,none
20.48333,50.00145,38.67385,2.96311,-0.14420,-0.00047,5.71825,-19.41741,25.00000,25.00000,166.32615,0.47571,0.13926,0.47652,0.00000,0.83000,0.38708,0.00000,none
20.48750,50.00156,38.67680,2.96227,-0.14411,-0.00047,5.63707,-19.54604,25.00000,25.00000,166.32320,0.47613,0.13928,0.46976,0.00000,0.82875,0.38667,0.00000,none
20.49167,50.00167,38.67962,2.96143,-0.14403,-0.00047,5.55537,-19.67320,25.00000,25.00000,166.32038,0.47654,0.13929,0.46295,0.00000,0.82750,0.38625,0.00000,none
20.49583,50.00178,38.68234,2.96061,-0.14399,-0.00047,5.47313,-19.79889,25.00000,25.00000,166.31766,0.47696,0.13930,0.45609,0.00000,0.82625,0.38583,0.00000,none
20.50000,50.00189,38.68494,2.95981,-0.14396,-0.00047,5.39038,-19.92310,25.00000,25.00000,166.31506,0.47737,0.13931,0.44920,0.00000,0.82500,0.38542,0.00000,none
20.50417,50.00201,38.68743,2.95901,-0.14395,-0.00047,5.30711,-20.04582,25.00000,25.00000,166.31257,0.47777,0.13933,0.44226,0.00000,0.82375,0.38500,0.00000,none
20.50833,50.00212,38.68982,2.95822,-0.14397,-0.00047,5.22333,-20.16702,25.00000,25.00000,166.31018,0.47818,0.13934,0.43528,0.00000,0.82250,0.38458,0.00000,none
20.51250,50.00223,38.69210,2.95744,-0.14400,-0.00047,5.13905,-20.28671,25.00000,25.00000,166.30790,0.47857,0.13934,0.42825,0.00000,0.82125,0.38417,0.00000,none
20.51667,50.00234,38.69427,2.95668,-0.14405,-0.00047,5.05428,-20.40487,25.00000,25.00000,166.30573,0.47897,0.13935,0.42119,0.00000,0.82000,0.38375,0.00000,none
20.52083,50.00245,38.69635,2.95592,-0.14412,-0.00047,4.96901,-20.52149,25.00000,25.00000,166.30365,0.47936,0.13936,0.41408,0.00000,0.81875,0.38333,0.00000,none
20.52500,50.00257,38.69833,2.95518,-0.14421,-0.00047,4.88327,-20.63655,25.00000,25.00000,166.30167,0.47975,0.13937,0.40694,0.00000,0.81750,0.38292,0.00000,none
20.52917,50.00268,38.70021,2.95445,-0.14432,-0.00048,4.79705,-20.75005,25.00000,25.00000,166.29979,0.48014,0.13937,0.39975,0.00000,0.81625,0.38250,0.00000,none
20.53333,50.00279,38.70200,2.95372,-0.14444,-0.00048,4.71035,-20.86196,25.00000,25.00000,166.29800,0.48052,0.13938,0.39253,0.00000,0.81500,0.38208,0.00000,none
20.53750,50.00291,38.70370,2.95301,-0.14458,-0.00048,4.62320,-20.97229,25.00000,25.00000,166.29630,0.48090,0.13939,0.38527,0.00000,0.81375,0.38167,0.00000,none
20.54167,50.00302,38.70530,2.95231,-0.14474,-0.00049,4.53559,-21.08102,25.00000,25.00000,166.29470,0.48127,0.13939,0.37797,0.00000,0.81250,0.38125,0.00000,none
20.54583,50.00314,38.70682,2.95162,-0.14491,-0.00049,4.44753,-21.18814,25.00000,25.00000,166.29318,0.48165,0.13939,0.37063,0.00000,0.81125,0.38083,0.00000,none
20.55000,50.00326,38.70826,2.95094,-0.14509,-0.00049,4.35902,-21.29363,25.00000,25.00000,166.29174,0.48202,0.13940,0.36325,0.00000,0.81000,0.38042,0.00000,none
20.55417,50.00338,38.70961,2.95027,-0.14529,-0.00050,4.27008,-21.39748,25.00000,25.00000,166.29039,0.48238,0.13940,0.35584,0.00000,0.80875,0.38000,0.00000,none
20.55833,50.00350,38.71088,2.94960,-0.14551,-0.00050,4.18071,-21.49968,25.00000,25.00000,166.28912,0.48275,0.13940,0.34839,0.00000,0.80750,0.37958,0.00000,none
20.56250,50.00362,38.71207,2.94895,-0.14574,-0.00051,4.09092,-21.60021,25.00000,25.00000,166.28793,0.48311,0.13940,0.34091,0.00000,0.80625,0.37917,0.00000,none
20.56667,50.00374,38.71318,2.94831,-0.14598,-0.00052,4.00071,-21.69908,25.00000,25.00000,166.28682,0.48347,0.13940,0.33339,0.00000,0.80500,0.37875,0.00000,none
20.57083,50.00386,38.71422,2.94768,-0.14623,-0.00052,3.91010,-21.79625,25.00000,25.00000,166.28578,0.48382,0.13940,0.32584,0.00000,0.80375,0.37833,0.00000,none
20.57500,50.00399,38.71518,2.94706,-0.14650,-0.00053,3.81908,-21.89173,25.00000,25.00000,166.28482,0.48417,0.13940,0.31826,0.00000,0.80250,0.37792,0.00000,none
20.57917,50.00412,38.71607,2.94645,-0.14677,-0.00054,3.72767,-21.98549,25.00000,25.00000,166.28393,0.48452,0.13940,0.31064,0.00000,0.80125,0.37750,0.00000,none
20.58333,50.00424,38.71689,2.94585,-0.14706,-0.00055,3.63587,-22.07753,25.00000,25.00000,166.28311,0.48487,0.13940,0.30299,0.00000,0.80000,0.37708,0.00000,none
20.58750,50.00438,38.71764,2.94526,-0.14736,-0.00055,3.54369,-22.16784,25.00000,25.00000,166.28236,0.48522,0.13940,0.29531,0.00000,0.79875,0.37667,0.00000,none
20.59167,50.00451,38.71832,2.94468,-0.14767,-0.00056,3.45114,-22.25639,25.00000,25.00000,166.28168,0.48556,0.13939,0.28760,0.00000,0.79750,0.37625,0.00000,none
20.59583,50.00464,38.71894,2.94411,-0.14799,-0.00057,3.35823,-22.34319,25.00000,25.00000,166.28106,0.48590,0.13939,0.27985,0.00000,0.79625,0.37583,0.00000,none
20.60000,50.00478,38.71949,2.94355,-0.14833,-0.00058,3.26495,-22.42821,25.00000,25.00000,166.28051,0.48623,0.13938,0.27208,0.00000,0.79500,0.37542,0.00000,none
20.60417,50.00492,38.71998,2.94300,-0.14867,-0.00059,3.17133,-22.51144,25.00000,25.00000,166.28002,0.48657,0.13938,0.26428,0.00000,0.79375,0.37500,0.00000,none
20.60833,50.00507,38.72041,2.94246,-0.14901,-0.00060,3.07736,-22.59288,25.00000,25.00000,166.27959,0.48690,0.13937,0.25645,0.00000,0.79250,0.37458,0.00000,none
20.61250,50.00521,38.72078,2.94193,-0.14937,-0.00062,2.98306,-22.67250,25.00000,25.00000,166.27922,0.48723,0.13937,0.24859,0.00000,0.79125,0.37417,0.00000,none
20.61667,50.00536,38.72109,2.94141,-0.14974,-0.00063,2.88842,-22.75031,25.00000,25.00000,166.27891,0.48756,0.13936,0.24070,0.00000,0.79000,0.37375,0.00000,none
20.62083,50.00551,38.72135,2.94090,-0.15011,-0.00064,2.79347,-22.82627,25.00000,25.00000,166.27865,0.48788,0.13936,0.23279,0.00000,0.78875,0.37333,0.00000,none
20.62500,50.00566,38.72155,2.94040,-0.15050,-0.00065,2.69821,-22.90039,25.00000,25.00000,166.27845,0.48820,0.13935,0.22485,0.00000,0.78750,0.37292,0.00000,none
20.62917,50.00582,38.72169,2.93991,-0.15089,-0.00067,2.60264,-22.97265,25.00000,25.00000,166.27831,0.48852,0.13934,0.21689,0.00000,0.78625,0.37250,0.00000,none
20.63333,50.00598,38.72178,2.93942,-0.15129,-0.00068,2.50677,-23.04304,25.00000,25.00000,166.27822,0.48884,0.13933,0.20890,0.00000,0.78500,0.37208,0.00000,none
20.63750,50.00615,38.72182,2.93895,-0.15169,-0.00069,2.41062,-23.11155,25.00000,25.00000,166.27818,0.48915,0.13932,0.20088,0.00000,0.78375,0.37167,0.00000,none
20.64167,50.00631,38.72181,2.93849,-0.15210,-0.00071,2.31418,-23.17816,25.00000,25.00000,166.27819,0.48947,0.13931,0.19285,0.00000,0.78250,0.37125,0.00000,none
20.64583,50.00648,38.72175,2.93803,-0.15252,-0.00072,2.21747,-23.24286,25.00000,25.00000,166.27825,0.48978,0.13931,0.18479,0.00000,0.78125,0.37083,0.00000,none
20.65000,50.00666,38.72165,2.93759,-0.15294,-0.00074,2.12049,-23.30564,25.00000,25.00000,166.27835,0.49008,0.13930,0.17671,0.00000,0.78000,0.37042,0.00000,none
20.65417,50.00683,38.72149,2.93715,-0.15337,-0.00075,2.02326,-23.36649,25.00000,25.00000,166.27851,0.49039,0.13928,0.16860,0.00000,0.77875,0.37000,0.00000,none
20.65833,50.00702,38.72129,2.93672,-0.15381,-0.00077,1.92577,-23.42540,25.00000,25.00000,166.27871,0.49069,0.13927,0.16048,0.00000,0.77750,0.36958,0.00000,none
20.66250,50.00720,38.72105,2.93631,-0.15425,-0.00078,1.82805,-23.48235,25.00000,25.00000,166.27895,0.49099,0.13926,0.15234,0.00000,0.77625,0.36917,0.00000,none
20.66667,50.00739,38.72076,2.93590,-0.15470,-0.00080,1.73009,-23.53733,25.00000,25.00000,166.27924,0.49129,0.13925,0.14417,0.00000,0.77500,0.36875,0.00000,none
20.67083,50.00758,38.72043,2.93550,-0.15515,-0.00082,1.63191,-23.59034,25.00000,25.00000,166.27957,0.49159,0.13924,0.13599,0.00000,0.77375,0.36833,0.00000,none
20.67500,50.00778,38.72006,2.93511,-0.15560,-0.00084,1.53351,-23.64135,25.00000,25.00000,166.27994,0.49188,0.13922,0.12779,0.00000,0.77250,0.36792,0.00000,none
20.67917,50.00798,38.71965,2.93473,-0.15606,-0.00085,1.43490,-23.69037,25.00000,25.00000,166.28035,0.49218,0.13921,0.11957,0.00000,0.77125,0.36750,0.00000,none
20.68333,50.00819,38.71920,2.93435,-0.15653,-0.00087,1.33609,-23.73737,25.00000,25.00000,166.28080,0.49247,0.13920,0.11134,0.00000,0.77000,0.36708,0.00000,none
20.68750,50.00840,38.71872,2.93399,-0.15699,-0.00089,1.23709,-23.78235,25.00000,25.00000,166.28128,0.49276,0.13918,0.10309,0.00000,0.76875,0.36667,0.00000,none
20.69167,50.00861,38.71819,2.93364,-0.15747,-0.00091,1.13791,-23.82529,25.00000,25.00000,166.28181,0.49304,0.13917,0.09483,0.00000,0.76750,0.36625,0.00000,none
20.69583,50.00883,38.71763,2.93329,-0.15794,-0.00093,1.03855,-23.86619,25.00000,25.00000,166.28237,0.49333,0.13915,0.08655,0.00000,0.76625,0.36583,0.00000,none
20.70000,50.00905,38.71704,2.93295,-0.15842,-0.00095,0.93903,-23.90503,25.00000,25.00000,166.28296,0.49361,0.13914,0.07825,0.00000,0.76500,0.36542,0.00000,none
20.70417,50.00928,38.71641,2.93263,-0.15890,-0.00096,0.83934,-23.94181,25.00000,25.00000,166.28359,0.49389,0.13912,0.06995,0.00000,0.76375,0.36500,0.00000,none
20.70833,50.00951,38.71575,2.93231,-0.15939,-0.00098,0.73951,-23.97651,25.00000,25.00000,166.28425,0.49417,0.13910,0.06163,0.00000,0.76250,0.36458,0.00000,none
20.71250,50.00975,38.71505,2.93200,-0.15987,-0.00100,0.63954,-24.00912,25.00000,25.00000,166.28495,0.49444,0.13909,0.05330,0.00000,0.76125,0.36417,0.00000,none
20.71667,50.00999,38.71433,2.93169,-0.16036,-0.00102,0.53944,-24.03963,25.00000,25.00000,166.28567,0.49472,0.13907,0.04495,0.00000,0.76000,0.36375,0.00000,none
20.72083,50.01024,38.71357,2.93140,-0.16086,-0.00105,0.43922,-24.06803,25.00000,25.00000,166.28643,0.49499,0.13905,0.03660,0.00000,0.75875,0.36333,0.00000,none
20.72500,50.01049,38.71279,2.93111,-0.16135,-0.00107,0.33888,-24.09432,25.00000,25.00000,166.28721,0.49526,0.13903,0.02824,0.00000,0.75750,0.36292,0.00000,none
20.72917,50.01075,38.71197,2.93084,-0.16185,-0.00109,0.23843,-24.11847,25.00000,25.00000,166.28803,0.49553,0.13901,0.01987,0.00000,0.75625,0.36250,0.00000,none
20.73333,50.01101,38.71113,2.93057,-0.16235,-0.00111,0.13789,-24.14049,25.00000,25.00000,166.28887,0.49579,0.13899,0.01149,0.00000,0.75500,0.36208,0.00000,none
20.73750,50.01128,38.71026,2.93031,-0.16285,-0.00113,0.03727,-24.16036,25.00000,25.00000,166.28974,0.49605,0.13897,0.00311,0.00000,0.75375,0.36167,0.00000,none
20.74167,50.01155,38.70937,2.93006,-0.16335,-0.00115,-0.06344,-24.17719,25.00000,25.00000,166.29063,0.49632,0.13895,0.00634,0.00000,0.75250,0.36125,0.00000,none
20.74583,50.01183,38.70845,2.92981,-0.16385,-0.00117,-0.16420,-24.18726,25.00000,25.00000,166.29155,0.49658,0.13893,0.01642,0.00000,0.75125,0.36000,0.00000,none
20.75000,50.01211,38.70752,2.92957,-0.16435,-0.00119,-0.26499,-24.19035,25.00000,25.00000,166.29248,0.49683,0.13891,0.02650,0.00000,0.75000,0.35875,0.00000,none
20.75417,50.01240,38.70656,2.92934,-0.16486,-0.00120,-0.36578,-24.18655,25.00000,25.00000,166.29344,0.49709,0.13889,0.03658,0.00000,0.74875,0.35750,0.00000,none
20.75833,50.01268,38.70558,2.92911,-0.16537,-0.00122,-0.46653,-24.17595,25.00000,25.00000,166.29442,0.49734,0.13887,0.04665,0.00000,0.74750,0.35625,0.00000,none
20.76250,50.01298,38.70458,2.92890,-0.16587,-0.00123,-0.56723,-24.15864,25.00000,25.00000,166.29542,0.49760,0.13885,0.05672,0.00000,0.74625,0.35500,0.00000,none
20.76667,50.01327,38.70356,2.92868,-0.16638,-0.00125,-0.66785,-24.13469,25.00000,25.00000,166.29644,0.49785,0.13883,0.06678,0.00000,0.74500,0.35375,0.00000,none
20.77083,50.01357,38.70252,2.92848,-0.16689,-0.00126,-0.76835,-24.10420,25.00000,25.00000,166.29748,0.49810,0.13880,0.07683,0.00000,0.74375,0.35250,0.00000,none
20.77500,50.01388,38.70146,2.92828,-0.16740,-0.00127,-0.86870,-24.06726,25.00000,25.00000,166.29854,0.49834,0.13878,0.08687,0.00000,0.74250,0.35125,0.00000,none
20.77917,50.01418,38.70038,2.92808,-0.16792,-0.00128,-0.96890,-24.02396,25.00000,25.00000,166.29962,0.49859,0.13876,0.09689,0.00000,0.74125,0.35000,0.00000,none
20.78333,50.01449,38.69929,2.92789,-0.16843,-0.00129,-1.06890,-23.97440,25.00000,25.00000,166.30071,0.49883,0.13873,0.10689,0.00000,0.74000,0.34875,0.00000,none
20.78750,50.01480,38.69817,2.92771,-0.16894,-0.00131,-1.16867,-23.91865,25.00000,25.00000,166.30183,0.49907,0.13871,0.11687,0.00000,0.73875,0.34750,0.00000,none
20.79167,50.01511,38.69703,2.92754,-0.16946,-0.00132,-1.26821,-23.85683,25.00000,25.00000,166.30297,0.49931,0.13868,0.12682,0.00000,0.73750,0.34625,0.00000,none
20.79583,50.01543,38.69588,2.92737,-0.16997,-0.00133,-1.36747,-23.78902,25.00000,25.00000,166.30412,0.49954,0.13866,0.13675,0.00000,0.73625,0.34500,0.00000,none
20.80000,50.01574,38.69471,2.92720,-0.17048,-0.00134,-1.46644,-23.71532,25.00000,25.00000,166.30529,0.49978,0.13863,0.14664,0.00000,0.73500,0.34375,0.00000,none
20.80417,50.01606,38.69352,2.92705,-0.17100,-0.00135,-1.56509,-23.63581,25.00000,25.00000,166.30648,0.50001,0.13861,0.15651,0.00000,0.73375,0.34250,0.00000,none
20.80833,50.01639,38.69232,2.92689,-0.17151,-0.00136,-1.66340,-23.55061,25.00000,25.00000,166.30768,0.50024,0.13858,0.16634,0.00000,0.73250,0.34125,0.00000,none
20.81250,50.01671,38.69110,2.92675,-0.17203,-0.00137,-1.76134,-23.45981,25.00000,25.00000,166.30890,0.50047,0.13855,0.17613,0.00000,0.73125,0.34000,0.00000,none
20.81667,50.01704,38.68986,2.92661,-0.17254,-0.00137,-1.85889,-23.36349,25.00000,25.00000,166.31014,0.50070,0.13853,0.18589,0.00000,0.73000,0.33875,0.00000,none
20.82083,50.01737,38.68861,2.92647,-0.17306,-0.00138,-1.95603,-23.26177,25.00000,25.00000,166.31139,0.50092,0.13850,0.19560,0.00000,0.72875,0.33750,0.00000,none
20.82500,50.01770,38.68735,2.92634,-0.17357,-0.00139,-2.05273,-23.15473,25.00000,25.00000,166.31265,0.50114,0.13847,0.20527,0.00000,0.72750,0.33625,0.00000,none
20.82917,50.01803,38.68608,2.92622,-0.17408,-0.00140,-2.14897,-23.04247,25.00000,25.00000,166.31392,0.50136,0.13844,0.21490,0.00000,0.72625,0.33500,0.00000,none
20.83333,50.01837,38.68479,2.92610,-0.17460,-0.00141,-2.24474,-22.92509,25.00000,25.00000,166.31521,0.50158,0.13841,0.22447,0.00000,0.72500,0.33375,0.00000,none
20.83750,50.01871,38.68349,2.92599,-0.17511,-0.00142,-2.34001,-22.80269,25.00000,25.00000,166.31651,0.50180,0.13838,0.23400,0.00000,0.72375,0.33250,0.00000,none
20.84167,50.01905,38.68218,2.92589,-0.17562,-0.00143,-2.43476,-22.67537,25.00000,25.00000,166.31782,0.50201,0.13835,0.24348,0.00000,0.72250,0.33125,0.00000,none
20.84583,50.01939,38.68085,2.92579,-0.17613,-0.00144,-2.52896,-22.54321,25.00000,25.00000,166.31915,0.50223,0.13832,0.25290,0.00000,0.72125,0.33000,0.00000,none
20.85000,50.01974,38.67952,2.92569,-0.17664,-0.00145,-2.62261,-22.40632,25.00000,25.00000,166.32048,0.50244,0.13829,0.26226,0.00000,0.72000,0.32875,0.00000,none
20.85417,50.02008,38.67818,2.92560,-0.17715,-0.00146,-2.71568,-22.26480,25.00000,25.00000,166.32182,0.50264,0.13826,0.27157,0.00000,0.71875,0.32750,0.00000,none
20.85833,50.02043,38.67682,2.92552,-0.17765,-0.00147,-2.80814,-22.11874,25.00000,25.00000,166.32318,0.50285,0.13823,0.28081,0.00000,0.71750,0.32625,0.00000,none
20.86250,50.02079,38.67546,2.92544,-0.17816,-0.00148,-2.89999,-21.96823,25.00000,25.00000,166.32454,0.50305,0.13820,0.29000,0.00000,0.71625,0.32500,0.00000,none
20.86667,50.02114,38.67409,2.92536,-0.17866,-0.00149,-2.99120,-21.81337,25.00000,25.00000,166.32591,0.50326,0.13816,0.29912,0.00000,0.71500,0.32375,0.00000,none
20.87083,50.02150,38.67272,2.92530,-0.17916,-0.00150,-3.08176,-21.65425,25.00000,25.00000,166.32728,0.50346,0.13813,0.30818,0.00000,0.71375,0.32250,0.00000,none
20.87500,50.02186,38.67133,2.92523,-0.17966,-0.00151,-3.17165,-21.49098,25.00000,25.00000,166.32867,0.50365,0.13810,0.31717,0.00000,0.71250,0.32125,0.00000,none
20.87917,50.02222,38.66994,2.92517,-0.18016,-0.00152,-3.26085,-21.32363,25.00000,25.00000,166.33006,0.50385,0.13806,0.32608,0.00000,0.71125,0.32000,0.00000,none
20.88333,50.02258,38.66855,2.92512,-0.18066,-0.00153,-3.34934,-21.15231,25.00000,25.00000,166.33145,0.50404,0.13803,0.33493,0.00000,0.71000,0.31875,0.00000,none
20.88750,50.02295,38.66714,2.92507,-0.18115,-0.00154,-3.43711,-20.97711,25.00000,25.00000,166.33286,0.50424,0.13799,0.34371,0.00000,0.70875,0.31750,0.00000,none
20.89167,50.02332,38.66573,2.92503,-0.18164,-0.00155,-3.52415,-20.79811,25.00000,25.00000,166.33427,0.50443,0.13796,0.35241,0.00000,0.70750,0.31625,0.00000,none
20.89583,50.02369,38.66432,2.92499,-0.18213,-0.00156,-3.61042,-20.61542,25.00000,25.00000,166.33568,0.50461,0.13792,0.36104,0.00000,0.70625,0.31500,0.00000,none
20.90000,50.02407,38.66290,2.92496,-0.18262,-0.00157,-3.69593,-20.42911,25.00000,25.00000,166.33710,0.50480,0.13789,0.36959,0.00000,0.70500,0.31375,0.00000,none
20.90417,50.02444,38.66148,2.92493,-0.18311,-0.00158,-3.78066,-20.23927,25.00000,25.00000,166.33852,0.50498,0.13785,0.37807,0.00000,0.70375,0.31250,0.00000,none
20.90833,50.02482,38.66006,2.92491,-0.18359,-0.00159,-3.86459,-20.04600,25.00000,25.00000,166.33994,0.50517,0.13781,0.38646,0.00000,0.70250,0.31125,0.00000,none
20.91250,50.02520,38.65863,2.92489,-0.18407,-0.00160,-3.94771,-19.84938,25.00000,25.00000,166.34137,0.50534,0.13778,0.39477,0.00000,0.70125,0.31000,0.00000,none
20.91667,50.02559,38.65720,2.92487,-0.18455,-0.00161,-4.03000,-19.64950,25.00000,25.00000,166.34280,0.50552,0.13774,0.40300,0.00000,0.70000,0.30875,0.00000,none
20.92083,50.02597,38.65577,2.92486,-0.18503,-0.00162,-4.11145,-19.44644,25.00000,25.00000,166.34423,0.50570,0.13770,0.41114,0.00000,0.69875,0.30750,0.00000,none
20.92500,50.02636,38.65433,2.92486,-0.18550,-0.00163,-4.19205,-19.24029,25.00000,25.00000,166.34567,0.50587,0.13766,0.41920,0.00000,0.69750,0.30625,0.00000,none
20.92917,50.02675,38.65290,2.92486,-0.18597,-0.00164,-4.27178,-19.03113,25.00000,25.00000,166.34710,0.50604,0.13762,0.42718,0.00000,0.69625,0.30500,0.00000,none
20.93333,50.02714,38.65146,2.92486,-0.18644,-0.00165,-4.35063,-18.81904,25.00000,25.00000,166.34854,0.50621,0.13758,0.43506,0.00000,0.69500,0.30375,0.00000,none
20.93750,50.02754,38.65002,2.92487,-0.18690,-0.00166,-4.42860,-18.60410,25.00000,25.00000,166.34998,0.50638,0.13754,0.44286,0.00000,0.69375,0.30250,0.00000,none
20.94167,50.02794,38.64858,2.92488,-0.18736,-0.00167,-4.50566,-18.38639,25.00000,25.00000,166.35142,0.50654,0.13750,0.45057,0.00000,0.69250,0.30125,0.00000,none
20.94583,50.02834,38.64715,2.92490,-0.18782,-0.00168,-4.58181,-18.16599,25.00000,25.00000,166.35285,0.50670,0.13746,0.45818,0.00000,0.69125,0.30000,0.00000,none
20.95000,50.02874,38.64571,2.92492,-0.18827,-0.00169,-4.65704,-17.94299,25.00000,25.00000,166.35429,0.50686,0.13742,0.46570,0.00000,0.69000,0.29875,0.00000,none
20.95417,50.02914,38.64427,2.92495,-0.18873,-0.00170,-4.73134,-17.71745,25.00000,25.00000,166.35573,0.50702,0.13738,0.47313,0.00000,0.68875,0.29750,0.00000,none
20.95833,50.02955,38.64284,2.92498,-0.18917,-0.00171,-4.80468,-17.48945,25.00000,25.00000,166.35716,0.50718,0.13734,0.48047,0.00000,0.68750,0.29625,0.00000,none
20.96250,50.02996,38.64140,2.92502,-0.18962,-0.00172,-4.87708,-17.25907,25.00000,25.00000,166.35860,0.50733,0.13729,0.48771,0.00000,0.68625,0.29500,0.00000,none
20.96667,50.03037,38.63997,2.92505,-0.19006,-0.00173,-4.94851,-17.02637,25.00000,25.00000,166.36003,0.50748,0.13725,0.49485,0.00000,0.68500,0.29375,0.00000,none
20.97083,50.03078,38.63854,2.92510,-0.19050,-0.00174,-5.01896,-16.79144,25.00000,25.00000,166.36146,0.50763,0.13721,0.50190,0.00000,0.68375,0.29250,0.00000,none
20.97500,50.03120,38.63718,2.92514,-0.19092,-0.00174,-5.08843,-16.55461,25.00000,25.00000,166.36282,0.50758,0.13719,0.50884,0.00000,0.68375,0.29125,0.00000,none
20.97917,50.03161,38.63590,2.92517,-0.19133,-0.00175,-5.15691,-16.31596,25.00000,25.00000,166.36410,0.50752,0.13718,0.51569,0.00000,0.68375,0.29000,0.00000,none
20.98333,50.03203,38.63468,2.92521,-0.19172,-0.00176,-5.22439,-16.07555,25.00000,25.00000,166.36532,0.50747,0.13717,0.52244,0.00000,0.68375,0.28875,0.00000,none
20.98750,50.03246,38.63353,2.92524,-0.19209,-0.00177,-5.29087,-15.83344,25.00000,25.00000,166.36647,0.50743,0.13716,0.52909,0.00000,0.68375,0.28750,0.00000,none
20.99167,50.03288,38.63245,2.92527,-0.19245,-0.00178,-5.35634,-15.58970,25.00000,25.00000,166.36755,0.50738,0.13714,0.53563,0.00000,0.68375,0.28625,0.00000,none
20.99583,50.03330,38.63142,2.92530,-0.19280,-0.00178,-5.42078,-15.34438,25.00000,25.00000,166.36858,0.50734,0.13713,0.54208,0.00000,0.68375,0.28500,0.00000,none
21.00000,50.03373,38.63046,2.92532,-0.19313,-0.00179,-5.48421,-15.09756,25.00000,25.00000,166.36954,0.50730,0.13713,0.54842,0.00000,0.68375,0.28375,0.00000,none
21.00417,50.03416,38.62955,2.92534,-0.19345,-0.00179,-5.54659,-14.84927,25.00000,25.00000,166.37045,0.50726,0.13712,0.55466,0.00000,0.68375,0.28250,0.00000,none
21.00833,50.03459,38.62870,2.92536,-0.19376,-0.00180,-5.60795,-14.59959,25.00000,25.00000,166.37130,0.50723,0.13711,0.56079,0.00000,0.68375,0.28125,0.00000,none
21.01250,50.03502,38.62790,2.92538,-0.19405,-0.00181,-5.66826,-14.34857,25.00000,25.00000,166.37210,0.50719,0.13710,0.56683,0.00000,0.68375,0.28000,0.00000,none
21.01667,50.03545,38.62715,2.92539,-0.19433,-0.00181,-5.72752,-14.09626,25.00000,25.00000,166.37285,0.50716,0.13709,0.57275,0.00000,0.68375,0.27875,0.00000,none
21.02083,50.03588,38.62646,2.92540,-0.19460,-0.00182,-5.78572,-13.84273,25.00000,25.00000,166.37354,0.50713,0.13709,0.57857,0.00000,0.68375,0.27750,0.00000,none
21.02500,50.03631,38.62581,2.92542,-0.19486,-0.00182,-5.84287,-13.58801,25.00000,25.00000,166.37419,0.50711,0.13708,0.58429,0.00000,0.68375,0.27625,0.00000,none
21.02917,50.03675,38.62521,2.92542,-0.19511,-0.00182,-5.89895,-13.33216,25.00000,25.00000,166.37479,0.50708,0.13707,0.58990,0.00000,0.68375,0.27500,0.00000,none
21.03333,50.03719,38.62465,2.92543,-0.19535,-0.00183,-5.95397,-13.07524,25.00000,25.00000,166.37535,0.50706,0.13707,0.59540,0.00000,0.68375,0.27375,0.00000,none
21.03750,50.03762,38.62413,2.92543,-0.19558,-0.00183,-6.00791,-12.81729,25.00000,25.00000,166.37587,0.50704,0.13706,0.60079,0.00000,0.68375,0.27250,0.00000,none
21.04167,50.03806,38.62366,2.92544,-0.19580,-0.00183,-6.06078,-12.55836,25.00000,25.00000,166.37634,0.50702,0.13706,0.60608,0.00000,0.68375,0.27125,0.00000,none
21.04583,50.03850,38.62323,2.92544,-0.19601,-0.00183,-6.11256,-12.29850,25.00000,25.00000,166.37677,0.50700,0.13705,0.61126,0.00000,0.68375,0.27000,0.00000,none
21.05000,50.03893,38.62283,2.92544,-0.19622,-0.00184,-6.16326,-12.03775,25.00000,25.00000,166.37717,0.50698,0.13705,0.61633,0.00000,0.68375,0.26875,0.00000,none
21.05417,50.03937,38.62247,2.92543,-0.19641,-0.00184,-6.21288,-11.77616,25.00000,25.00000,166.37753,0.50697,0.13705,0.62129,0.00000,0.68375,0.26750,0.00000,none
21.05833,50.03981,38.62215,2.92543,-0.19660,-0.00184,-6.26140,-11.51377,25.00000,25.00000,166.37785,0.50696,0.13704,0.62614,0.00000,0.68375,0.26625,0.00000,none
21.06250,50.04025,38.62186,2.92542,-0.19677,-0.00184,-6.30882,-11.25063,25.00000,25.00000,166.37814,0.50694,0.13704,0.63088,0.00000,0.68375,0.26500,0.00000,none
21.06667,50.04069,38.62160,2.92542,-0.19694,-0.00184,-6.35515,-10.98677,25.00000,25.00000,166.37840,0.50693,0.13704,0.63552,0.00000,0.68375,0.26375,0.00000,none
21.07083,50.04113,38.62138,2.92541,-0.19711,-0.00184,-6.40038,-10.72224,25.00000,25.00000,166.37862,0.50692,0.13703,0.64004,0.00000,0.68375,0.26250,0.00000,none
21.07500,50.04157,38.62118,2.92540,-0.19727,-0.00184,-6.44450,-10.45708,25.00000,25.00000,166.37882,0.50692,0.13703,0.64445,0.00000,0.68375,0.26125,0.00000,none
21.07917,50.04201,38.62101,2.92539,-0.19742,-0.00184,-6.48752,-10.19132,25.00000,25.00000,166.37899,0.50691,0.13703,0.64875,0.00000,0.68375,0.26000,0.00000,none
21.08333,50.04245,38.62087,2.92537,-0.19756,-0.00184,-6.52943,-9.92500,25.00000,25.00000,166.37913,0.50690,0.13703,0.65294,0.00000,0.68375,0.25875,0.00000,none
21.08750,50.04289,38.62076,2.92536,-0.19770,-0.00184,-6.57023,-9.65817,25.00000,25.00000,166.37924,0.50690,0.13703,0.65702,0.00000,0.68375,0.25750,0.00000,none
21.09167,50.04333,38.62067,2.92534,-0.19783,-0.00184,-6.60991,-9.39085,25.00000,25.00000,166.37933,0.50690,0.13703,0.66099,0.00000,0.68375,0.25625,0.00000,none
21.09583,50.04377,38.62061,2.92532,-0.19796,-0.00184,-6.64848,-9.12308,25.00000,25.00000,166.37939,0.50689,0.13703,0.66485,0.00000,0.68375,0.25500,0.00000,none
21.10000,50.04420,38.62057,2.92531,-0.19808,-0.00183,-6.68594,-8.85490,25.00000,25.00000,166.37943,0.50689,0.13703,0.66859,0.00000,0.68375,0.25375,0.00000,none
21.10417,50.04464,38.62056,2.92529,-0.19819,-0.00183,-6.72227,-8.58634,25.00000,25.00000,166.37944,0.50689,0.13703,0.67223,0.00000,0.68375,0.25250,0.00000,none
21.10833,50.04508,38.62056,2.92527,-0.19830,-0.00183,-6.75749,-8.31742,25.00000,25.00000,166.37944,0.50689,0.13703,0.67575,0.00000,0.68375,0.25125,0.00000,none
21.11250,50.04552,38.62059,2.92525,-0.19841,-0.00183,-6.79159,-8.04819,25.00000,25.00000,166.37941,0.50689,0.13703,0.67916,0.00000,0.68375,0.25000,0.00000,none
21.11667,50.04595,38.62063,2.92522,-0.19851,-0.00182,-6.82456,-7.77868,25.00000,25.00000,166.37937,0.50689,0.13703,0.68246,0.00000,0.68375,0.24875,0.00000,none
21.12083,50.04639,38.62069,2.92520,-0.19861,-0.00182,-6.85641,-7.50890,25.00000,25.00000,166.37931,0.50690,0.13703,0.68564,0.00000,0.68375,0.24750,0.00000,none
21.12500,50.04682,38.62077,2.92518,-0.19870,-0.00182,-6.88713,-7.23890,25.00000,25.00000,166.37923,0.50690,0.13703,0.68871,0.00000,0.68375,0.24625,0.00000,none
21.12917,50.04725,38.62087,2.92515,-0.19879,-0.00181,-6.91673,-6.96870,25.00000,25.00000,166.37913,0.50690,0.13703,0.69167,0.00000,0.68375,0.24500,0.00000,none
21.13333,50.04769,38.62099,2.92513,-0.19887,-0.00181,-6.94520,-6.69833,25.00000,25.00000,166.37901,0.50691,0.13703,0.69452,0.00000,0.68375,0.24375,0.00000,none
21.13750,50.04812,38.62112,2.92510,-0.19895,-0.00181,-6.97255,-6.42782,25.00000,25.00000,166.37888,0.50691,0.13703,0.69725,0.00000,0.68375,0.24250,0.00000,none
21.14167,50.04855,38.62126,2.92507,-0.19903,-0.00180,-6.99877,-6.15719,25.00000,25.00000,166.37874,0.50692,0.13703,0.69988,0.00000,0.68375,0.24125,0.00000,none
21.14583,50.04898,38.62142,2.92504,-0.19911,-0.00180,-7.02386,-5.88646,25.00000,25.00000,166.37858,0.50693,0.13704,0.70239,0.00000,0.68375,0.24000,0.00000,none
21.15000,50.04941,38.62159,2.92501,-0.19918,-0.00179,-7.04782,-5.61568,25.00000,25.00000,166.37841,0.50693,0.13704,0.70478,0.00000,0.68375,0.23875,0.00000,none
21.15417,50.04984,38.62178,2.92499,-0.19924,-0.00179,-7.07066,-5.34485,25.00000,25.00000,166.37822,0.50694,0.13704,0.70707,0.00000,0.68375,0.23750,0.00000,none
21.15833,50.05026,38.62197,2.92496,-0.19931,-0.00178,-7.09236,-5.07400,25.00000,25.00000,166.37803,0.50695,0.13704,0.70924,0.00000,0.68375,0.23625,0.00000,none
21.16250,50.05069,38.62218,2.92493,-0.19937,-0.00178,-7.11294,-4.80316,25.00000,25.00000,166.37782,0.50696,0.13704,0.71129,0.00000,0.68375,0.23500,0.00000,none
21.16667,50.05111,38.62240,2.92489,-0.19943,-0.00177,-7.13239,-4.53235,25.00000,25.00000,166.37760,0.50697,0.13704,0.71324,0.00000,0.68375,0.23375,0.00000,none
21.17083,50.05153,38.62262,2.92486,-0.19949,-0.00177,-7.15071,-4.26159,25.00000,25.00000,166.37738,0.50698,0.13705,0.71507,0.00000,0.68375,0.23250,0.00000,none
21.17500,50.05195,38.62286,2.92483,-0.19954,-0.00176,-7.16790,-3.99090,25.00000,25.00000,166.37714,0.50699,0.13705,0.71679,0.00000,0.68375,0.23125,0.00000,none
21.17917,50.05237,38.62311,2.92480,-0.19959,-0.00176,-7.18397,-3.72031,25.00000,25.00000,166.37689,0.50700,0.13705,0.71840,0.00000,0.68375,0.23000,0.00000,none
21.18333,50.05279,38.62336,2.92477,-0.19964,-0.00175,-7.19890,-3.44984,25.00000,25.00000,166.37664,0.50701,0.13705,0.71989,0.00000,0.68375,0.22875,0.00000,none
21.18750,50.05321,38.62362,2.92473,-0.19969,-0.00174,-7.21271,-3.17950,25.00000,25.00000,166.37638,0.50702,0.13706,0.72127,0.00000,0.68375,0.22750,0.00000,none
21.19167,50.05363,38.62389,2.92470,-0.19974,-0.00174,-7.22540,-2.90933,25.00000,25.00000,166.37611,0.50703,0.13706,0.72254,0.00000,0.68375,0.22625,0.00000,none
21.19583,50.05404,38.62417,2.92467,-0.19978,-0.00173,-7.23696,-2.63933,25.00000,25.00000,166.37583,0.50704,0.13706,0.72370,0.00000,0.68375,0.22500,0.00000,none
21.20000,50.05445,38.62445,2.92463,-0.19982,-0.00172,-7.24739,-2.36953,25.00000,25.00000,166.37555,0.50705,0.13707,0.72474,0.00000,0.68375,0.22375,0.00000,none
21.20417,50.05486,38.62474,2.92460,-0.19986,-0.00172,-7.25670,-2.09995,25.00000,25.00000,166.37526,0.50706,0.13707,0.72567,0.00000,0.68375,0.22250,0.00000,none
21.20833,50.05527,38.62503,2.92457,-0.19990,-0.00171,-7.26489,-1.83060,25.00000,25.00000,166.37497,0.50708,0.13707,0.72649,0.00000,0.68375,0.22125,0.00000,none
21.21250,50.05568,38.62533,2.92453,-0.19993,-0.00170,-7.27196,-1.56151,25.00000,25.00000,166.37467,0.50709,0.13707,0.72720,0.00000,0.68375,0.22000,0.00000,none
21.21667,50.05608,38.62563,2.92450,-0.19997,-0.00169,-7.27791,-1.29270,25.00000,25.00000,166.37437,0.50710,0.13708,0.72779,0.00000,0.68375,0.21875,0.00000,none
21.22083,50.05649,38.62594,2.92447,-0.20000,-0.00169,-7.28273,-1.02418,25.00000,25.00000,166.37406,0.50711,0.13708,0.72827,0.00000,0.68375,0.21750,0.00000,none
21.22500,50.05689,38.62625,2.92443,-0.20004,-0.00168,-7.28644,-0.75597,25.00000,25.00000,166.37375,0.50713,0.13708,0.72864,0.00000,0.68375,0.21625,0.00000,none
21.22917,50.05729,38.62656,2.92440,-0.20007,-0.00167,-7.28903,-0.48808,25.00000,25.00000,166.37344,0.50714,0.13709,0.72890,0.00000,0.68375,0.21500,0.00000,none
21.23333,50.05769,38.62688,2.92436,-0.20010,-0.00166,-7.29051,-0.22055,25.00000,25.00000,166.37312,0.50715,0.13709,0.72905,0.00000,0.68375,0.21375,0.00000,none
21.23750,50.05808,38.62720,2.92433,-0.20013,-0.00166,-7.29087,0.04662,25.00000,25.00000,166.37280,0.50716,0.13709,0.72909,0.00000,0.68375,0.21250,0.00000,none
21.24167,50.05848,38.62752,2.92430,-0.20015,-0.00165,-7.29012,0.31341,25.00000,25.00000,166.37248,0.50718,0.13710,0.72901,0.00000,0.68375,0.21125,0.00000,none
21.24583,50.05887,38.62784,2.92426,-0.20018,-0.00164,-7.28826,0.57979,25.00000,25.00000,166.37216,0.50719,0.13710,0.72883,0.00000,0.68375,0.21000,0.00000,none
21.25000,50.05926,38.62816,2.92423,-0.20021,-0.00163,-7.28529,0.84576,25.00000,25.00000,166.37184,0.50720,0.13710,0.72853,0.00000,0.68375,0.20875,0.00000,none
21.25417,50.05965,38.62849,2.92420,-0.20023,-0.00162,-7.28121,1.11129,25.00000,25.00000,166.37151,0.50722,0.13711,0.72812,0.00000,0.68375,0.20750,0.00000,none
21.25833,50.06003,38.62881,2.92416,-0.20025,-0.00161,-7.27603,1.37637,25.00000,25.00000,166.37119,0.50723,0.13711,0.72760,0.00000,0.68375,0.20625,0.00000,none
21.26250,50.06042,38.62914,2.92413,-0.20028,-0.00160,-7.26974,1.64098,25.00000,25.00000,166.37086,0.50725,0.13711,0.72697,0.00000,0.68375,0.20500,0.00000,none
21.26667,50.06080,38.62946,2.92410,-0.20030,-0.00159,-7.26235,1.90510,25.00000,25.00000,166.37054,0.50726,0.13712,0.72624,0.00000,0.68375,0.20375,0.00000,none
21.27083,50.06118,38.62979,2.92407,-0.20032,-0.00159,-7.25387,2.16872,25.00000,25.00000,166.37021,0.50727,0.13712,0.72539,0.00000,0.68375,0.20250,0.00000,none
21.27500,50.06156,38.63011,2.92404,-0.20034,-0.00158,-7.24428,2.43181,25.00000,25.00000,166.36989,0.50729,0.13712,0.72443,0.00000,0.68375,0.20125,0.00000,none
21.27917,50.06193,38.63044,2.92400,-0.20036,-0.00157,-7.23360,2.69436,25.00000,25.00000,166.36956,0.50730,0.13712,0.72336,0.00000,0.68375,0.20000,0.00000,none
21.28333,50.06230,38.63076,2.92397,-0.20038,-0.00156,-7.22183,2.95634,25.00000,25.00000,166.36924,0.50731,0.13713,0.72218,0.00000,0.68375,0.19875,0.00000,none
21.28750,50.06267,38.63108,2.92394,-0.20040,-0.00155,-7.20897,3.21776,25.00000,25.00000,166.36892,0.50733,0.13713,0.72090,0.00000,0.68375,0.19750,0.00000,none
21.29167,50.06304,38.63140,2.92391,-0.20042,-0.00154,-7.19501,3.47857,25.00000,25.00000,166.36860,0.50734,0.13713,0.71950,0.00000,0.68375,0.19625,0.00000,none
21.29583,50.06341,38.63172,2.92388,-0.20044,-0.00153,-7.17998,3.73878,25.00000,25.00000,166.36828,0.50735,0.13714,0.71800,0.00000,0.68375,0.19500,0.00000,none
21.30000,50.06377,38.63203,2.92386,-0.20046,-0.00152,-7.16386,3.99835,25.00000,25.00000,166.36797,0.50736,0.13714,0.71639,0.00000,0.68375,0.19375,0.00000,none
21.30417,50.06413,38.63235,2.92383,-0.20048,-0.00151,-7.14666,4.25726,25.00000,25.00000,166.36765,0.50738,0.13714,0.71467,0.00000,0.68375,0.19250,0.00000,none
21.30833,50.06449,38.63266,2.92380,-0.20049,-0.00150,-7.12838,4.51551,25.00000,25.00000,166.36734,0.50739,0.13715,0.71284,0.00000,0.68375,0.19125,0.00000,none
21.31250,50.06485,38.63297,2.92377,-0.20051,-0.00149,-7.10903,4.77307,25.00000,25.00000,166.36703,0.50740,0.13715,0.71090,0.00000,0.68375,0.19000,0.00000,none
21.31667,50.06520,38.63327,2.92375,-0.20053,-0.00148,-7.08861,5.02992,25.00000,25.00000,166.36673,0.50742,0.13715,0.70886,0.00000,0.68375,0.18875,0.00000,none
21.32083,50.06556,38.63357,2.92372,-0.20054,-0.00147,-7.06712,5.28604,25.00000,25.00000,166.36643,0.50743,0.13716,0.70671,0.00000,0.68375,0.18750,0.00000,none
21.32500,50.06591,38.63387,2.92370,-0.20056,-0.00146,-7.04456,5.54141,25.00000,25.00000,166.36613,0.50744,0.13716,0.70446,0.00000,0.68375,0.18625,0.00000,none
21.32917,50.06625,38.63417,2.92367,-0.20058,-0.00145,-7.02094,5.79602,25.00000,25.00000,166.36583,0.50745,0.13716,0.70209,0.00000,0.68375,0.18500,0.00000,none
21.33333,50.06660,38.63446,2.92365,-0.20059,-0.00144,-6.99626,6.04983,25.00000,25.00000,166.36554,0.50746,0.13716,0.69963,0.00000,0.68375,0.18375,0.00000,none
21.33750,50.06694,38.63474,2.92363,-0.20061,-0.00143,-6.97052,6.30283,25.00000,25.00000,166.36526,0.50748,0.13717,0.69705,0.00000,0.68375,0.18250,0.00000,none
21.34167,50.06728,38.63503,2.92360,-0.20063,-0.00142,-6.94374,6.55500,25.00000,25.00000,166.36497,0.50749,0.13717,0.69437,0.00000,0.68375,0.18125,0.00000,none
21.34583,50.06761,38.63531,2.92358,-0.20064,-0.00140,-6.91590,6.80631,25.00000,25.00000,166.36469,0.50750,0.13717,0.69159,0.00000,0.68375,0.18000,0.00000,none
21.35000,50.06795,38.63558,2.92356,-0.20066,-0.00139,-6.88702,7.05675,25.00000,25.00000,166.36442,0.50751,0.13718,0.68870,0.00000,0.68375,0.17875,0.00000,none
21.35417,50.06828,38.63585,2.92354,-0.20067,-0.00138,-6.85709,7.30628,25.00000,25.00000,166.36415,0.50752,0.13718,0.68571,0.00000,0.68375,0.17750,0.00000,none
21.35833,50.06861,38.63611,2.92353,-0.20069,-0.00137,-6.82613,7.55490,25.00000,25.00000,166.36389,0.50753,0.13718,0.68261,0.00000,0.68375,0.17625,0.00000,none
21.36250,50.06894,38.63637,2.92351,-0.20071,-0.00136,-6.79414,7.80257,25.00000,25.00000,166.36363,0.50754,0.13718,0.67941,0.00000,0.68375,0.17500,0.00000,none
21.36667,50.06926,38.63663,2.92349,-0.20072,-0.00135,-6.76111,8.04926,25.00000,25.00000,166.36337,0.50755,0.13719,0.67611,0.00000,0.68375,0.17375,0.00000,none
21.37083,50.06958,38.63688,2.92348,-0.20074,-0.00134,-6.72706,8.29497,25.00000,25.00000,166.36312,0.50756,0.13719,0.67271,0.00000,0.68375,0.17250,0.00000,none
21.37500,50.06990,38.63712,2.92346,-0.20076,-0.00133,-6.69199,8.53965,25.00000,25.00000,166.36288,0.50757,0.13719,0.66920,0.00000,0.68375,0.17125,0.00000,none
21.37917,50.07021,38.63736,2.92345,-0.20077,-0.00132,-6.65590,8.78329,25.00000,25.00000,166.36264,0.50758,0.13719,0.66559,0.00000,0.68375,0.17000,0.00000,none
21.38333,50.07053,38.63759,2.92344,-0.20079,-0.00130,-6.61880,9.02586,25.00000,25.00000,166.36241,0.50759,0.13720,0.66188,0.00000,0.68375,0.16875,0.00000,none
21.38750,50.07084,38.63782,2.92342,-0.20081,-0.00129,-6.58068,9.26733,25.00000,25.00000,166.36218,0.50760,0.13720,0.65807,0.00000,0.68375,0.16750,0.00000,none
21.39167,50.07114,38.63804,2.92341,-0.20082,-0.00128,-6.54157,9.50767,25.00000,25.00000,166.36196,0.50761,0.13720,0.65416,0.00000,0.68375,0.16625,0.00000,none
21.39583,50.07145,38.63825,2.92340,-0.20084,-0.00127,-6.50146,9.74687,25.00000,25.00000,166.36175,0.50762,0.13720,0.65015,0.00000,0.68375,0.16500,0.00000,none
21.40000,50.07175,38.63846,2.92340,-0.20086,-0.00126,-6.46035,9.98488,25.00000,25.00000,166.36154,0.50763,0.13720,0.64603,0.00000,0.68375,0.16375,0.00000,none
21.40417,50.07205,38.63866,2.92339,-0.20087,-0.00124,-6.41825,10.22169,25.00000,25.00000,166.36134,0.50764,0.13721,0.64182,0.00000,0.68375,0.16250,0.00000,none
21.40833,50.07234,38.63885,2.92338,-0.20089,-0.00123,-6.37517,10.45725,25.00000,25.00000,166.36115,0.50765,0.13721,0.63752,0.00000,0.68375,0.16125,0.00000,none
21.41250,50.07264,38.63904,2.92338,-0.20091,-0.00122,-6.33111,10.69155,25.00000,25.00000,166.36096,0.50765,0.13721,0.63311,0.00000,0.68375,0.16000,0.00000,none
21.41667,50.07293,38.63923,2.92337,-0.20093,-0.00121,-6.28607,10.92455,25.00000,25.00000,166.36077,0.50766,0.13721,0.62861,0.00000,0.68375,0.15875,0.00000,none
21.42083,50.07321,38.63940,2.92337,-0.20094,-0.00120,-6.24007,11.15622,25.00000,25.00000,166.36060,0.50767,0.13721,0.62401,0.00000,0.68375,0.15750,0.00000,none
21.42500,50.07350,38.63957,2.92337,-0.20096,-0.00118,-6.19311,11.38654,25.00000,25.00000,166.36043,0.50768,0.13722,0.61931,0.00000,0.68375,0.15625,0.00000,none
21.42917,50.07378,38.63973,2.92337,-0.20098,-0.00117,-6.14518,11.61545,25.00000,25.00000,166.36027,0.50768,0.13722,0.61452,0.00000,0.68375,0.15500,0.00000,none
21.43333,50.07406,38.63988,2.92337,-0.20100,-0.00116,-6.09631,11.84295,25.00000,25.00000,166.36012,0.50769,0.13722,0.60963,0.00000,0.68375,0.15375,0.00000,none
21.43750,50.07433,38.64003,2.92337,-0.20102,-0.00115,-6.04649,12.06898,25.00000,25.00000,166.35997,0.50770,0.13722,0.60465,0.00000,0.68375,0.15250,0.00000,none
21.44167,50.07460,38.64017,2.92338,-0.20104,-0.00113,-5.99574,12.29352,25.00000,25.00000,166.35983,0.50770,0.13722,0.59957,0.00000,0.68375,0.15125,0.00000,none
21.44583,50.07487,38.64031,2.92338,-0.20106,-0.00112,-5.94405,12.51653,25.00000,25.00000,166.35969,0.50771,0.13722,0.59441,0.00000,0.68375,0.15000,0.00000,none
21.45000,50.07514,38.64043,2.92339,-0.20108,-0.00111,-5.89144,12.73798,25.00000,25.00000,166.35957,0.50771,0.13722,0.58914,0.00000,0.68375,0.14875,0.00000,none
21.45417,50.07540,38.64055,2.92340,-0.20110,-0.00110,-5.83790,12.95783,25.00000,25.00000,166.35945,0.50772,0.13723,0.58379,0.00000,0.68375,0.14750,0.00000,none
21.45833,50.07566,38.64066,2.92341,-0.20112,-0.00108,-5.78346,13.17605,25.00000,25.00000,166.35934,0.50772,0.13723,0.57835,0.00000,0.68375,0.14625,0.00000,none
21.46250,50.07592,38.64076,2.92342,-0.20114,-0.00107,-5.72810,13.39259,25.00000,25.00000,166.35924,0.50773,0.13723,0.57281,0.00000,0.68375,0.14500,0.00000,none
21.46667,50.07617,38.64086,2.92343,-0.20116,-0.00106,-5.67185,13.60742,25.00000,25.00000,166.35914,0.50773,0.13723,0.56719,0.00000,0.68375,0.14375,0.00000,none
21.47083,50.07643,38.64095,2.92344,-0.20118,-0.00105,-5.61471,13.82050,25.00000,25.00000,166.35905,0.50773,0.13723,0.56147,0.00000,0.68375,0.14250,0.00000,none
21.47500,50.07667,38.64103,2.92346,-0.20120,-0.00103,-5.55668,14.03180,25.00000,25.00000,166.35897,0.50774,0.13723,0.55567,0.00000,0.68375,0.14125,0.00000,none
21.47917,50.07692,38.64110,2.92347,-0.20122,-0.00102,-5.49778,14.24127,25.00000,25.00000,166.35890,0.50774,0.13723,0.54978,0.00000,0.68375,0.14000,0.00000,none
21.48333,50.07716,38.64116,2.92349,-0.20124,-0.00101,-5.43801,14.44886,25.00000,25.00000,166.35884,0.50774,0.13723,0.54380,0.00000,0.68375,0.13875,0.00000,none
21.48750,50.07740,38.64122,2.92351,-0.20126,-0.00099,-5.37738,14.65455,25.00000,25.00000,166.35878,0.50774,0.13723,0.53774,0.00000,0.68375,0.13750,0.00000,none
21.49167,50.07763,38.64127,2.92353,-0.20128,-0.00098,-5.31589,14.85829,25.00000,25.00000,166.35873,0.50775,0.13723,0.53159,0.00000,0.68375,0.13625,0.00000,none
21.49583,50.07787,38.64131,2.92355,-0.20131,-0.00097,-5.25356,15.06004,25.00000,25.00000,166.35869,0.50775,0.13723,0.52536,0.00000,0.68375,0.13500,0.00000,none
21.50000,50.07810,38.64134,2.92358,-0.20133,-0.00095,-5.19039,15.25975,25.00000,25.00000,166.35866,0.50775,0.13723,0.51904,0.00000,0.68375,0.13375,0.00000,none
21.50417,50.07832,38.64137,2.92360,-0.20135,-0.00094,-5.12640,15.45738,25.00000,25.00000,166.35863,0.50775,0.13723,0.51264,0.00000,0.68375,0.13250,0.00000,none
21.50833,50.07854,38.64138,2.92363,-0.20138,-0.00093,-5.06158,15.65289,25.00000,25.00000,166.35862,0.50775,0.13723,0.50616,0.00000,0.68375,0.13125,0.00000,none
21.51250,50.07876,38.64139,2.92366,-0.20140,-0.00091,-4.99596,15.84623,25.00000,25.00000,166.35861,0.50775,0.13723,0.49960,0.00000,0.68375,0.13000,0.00000,none
21.51667,50.07898,38.64132,2.92369,-0.20144,-0.00090,-4.92953,16.03764,25.00000,25.00000,166.35868,0.50795,0.13720,0.49295,0.00000,0.68250,0.12875,0.00000,none
21.52083,50.07919,38.64117,2.92374,-0.20149,-0.00089,-4.86232,16.22706,25.00000,25.00000,166.35883,0.50815,0.13717,0.48623,0.00000,0.68125,0.12750,0.00000,none
21.52500,50.07940,38.64095,2.92379,-0.20155,-0.00087,-4.79431,16.41444,25.00000,25.00000,166.35905,0.50834,0.13714,0.47943,0.00000,0.68000,0.12625,0.00000,none
21.52917,50.07961,38.64066,2.92385,-0.20162,-0.00086,-4.72553,16.59974,25.00000,25.00000,166.35934,0.50853,0.13710,0.47255,0.00000,0.67875,0.12500,0.00000,none
21.53333,50.07981,38.64030,2.92392,-0.20171,-0.00085,-4.65598,16.78290,25.00000,25.00000,166.35970,0.50871,0.13707,0.46560,0.00000,0.67750,0.12375,0.00000,none
21.53750,50.08002,38.63987,2.92400,-0.20180,-0.00083,-4.58568,16.96388,25.00000,25.00000,166.36013,0.50889,0.13703,0.45857,0.00000,0.67625,0.12250,0.00000,none
21.54167,50.08021,38.63938,2.92409,-0.20191,-0.00082,-4.51462,17.14261,25.00000,25.00000,166.36062,0.50906,0.13699,0.45146,0.00000,0.67500,0.12125,0.00000,none
21.54583,50.08041,38.63883,2.92418,-0.20203,-0.00081,-4.44282,17.31906,25.00000,25.00000,166.36117,0.50923,0.13695,0.44428,0.00000,0.67375,0.12000,0.00000,none
21.55000,50.08060,38.63822,2.92428,-0.20215,-0.00080,-4.37030,17.49315,25.00000,25.00000,166.36178,0.50939,0.13691,0.43703,0.00000,0.67250,0.11875,0.00000,none
21.55417,50.08079,38.63755,2.92439,-0.20228,-0.00078,-4.29705,17.66485,25.00000,25.00000,166.36245,0.50955,0.13687,0.42971,0.00000,0.67125,0.11750,0.00000,none
21.55833,50.08097,38.63682,2.92451,-0.20243,-0.00077,-4.22309,17.83409,25.00000,25.00000,166.36318,0.50970,0.13683,0.42231,0.00000,0.67000,0.11625,0.00000,none
21.56250,50.08116,38.63605,2.92463,-0.20257,-0.00076,-4.14844,18.00082,25.00000,25.00000,166.36395,0.50985,0.13679,0.41484,0.00000,0.66875,0.11500,0.00000,none
21.56667,50.08133,38.63522,2.92476,-0.20273,-0.00074,-4.07309,18.16499,25.00000,25.00000,166.36478,0.50999,0.13674,0.40731,0.00000,0.66750,0.11375,0.00000,none
21.57083,50.08151,38.63434,2.92490,-0.20289,-0.00073,-3.99706,18.32653,25.00000,25.00000,166.36566,0.51013,0.13670,0.39971,0.00000,0.66625,0.11250,0.00000,none
21.57500,50.08168,38.63341,2.92504,-0.20306,-0.00072,-3.92037,18.48540,25.00000,25.00000,166.36659,0.51026,0.13665,0.39204,0.00000,0.66500,0.11125,0.00000,none
21.57917,50.08185,38.63244,2.92519,-0.20324,-0.00071,-3.84302,18.64153,25.00000,25.00000,166.36756,0.51039,0.13660,0.38430,0.00000,0.66375,0.11000,0.00000,none
21.58333,50.08202,38.63143,2.92535,-0.20342,-0.00069,-3.76503,18.79487,25.00000,25.00000,166.36857,0.51051,0.13655,0.37650,0.00000,0.66250,0.10875,0.00000,none
21.58750,50.08218,38.63037,2.92552,-0.20361,-0.00068,-3.68640,18.94537,25.00000,25.00000,166.36963,0.51063,0.13650,0.36864,0.00000,0.66125,0.10750,0.00000,none
21.59167,50.08234,38.62927,2.92569,-0.20380,-0.00067,-3.60715,19.09295,25.00000,25.00000,166.37073,0.51075,0.13645,0.36072,0.00000,0.66000,0.10625,0.00000,none
21.59583,50.08250,38.62814,2.92587,-0.20399,-0.00065,-3.52730,19.23758,25.00000,25.00000,166.37186,0.51086,0.13640,0.35273,0.00000,0.65875,0.10500,0.00000,none
21.60000,50.08266,38.62696,2.92605,-0.20419,-0.00064,-3.44684,19.37917,25.00000,25.00000,166.37304,0.51097,0.13635,0.34468,0.00000,0.65750,0.10375,0.00000,none
21.60417,50.08281,38.62576,2.92624,-0.20439,-0.00063,-3.36581,19.51769,25.00000,25.00000,166.37424,0.51107,0.13630,0.33658,0.00000,0.65625,0.10250,0.00000,none
21.60833,50.08295,38.62451,2.92644,-0.20460,-0.00061,-3.28420,19.65307,25.00000,25.00000,166.37549,0.51117,0.13624,0.32842,0.00000,0.65500,0.10125,0.00000,none
21.61250,50.08310,38.62324,2.92664,-0.20481,-0.00060,-3.20204,19.78524,25.00000,25.00000,166.37676,0.51126,0.13619,0.32020,0.00000,0.65375,0.10000,0.00000,none
21.61667,50.08324,38.62193,2.92685,-0.20502,-0.00058,-3.11933,19.91416,25.00000,25.00000,166.37807,0.51135,0.13613,0.31193,0.00000,0.65250,0.09875,0.00000,none
21.62083,50.08338,38.62060,2.92707,-0.20524,-0.00057,-3.03609,20.03975,25.00000,25.00000,166.37940,0.51143,0.13607,0.30361,0.00000,0.65125,0.09750,0.00000,none
21.62500,50.08351,38.61924,2.92729,-0.20546,-0.00056,-2.95233,20.16197,25.00000,25.00000,166.38076,0.51152,0.13601,0.29523,0.00000,0.65000,0.09625,0.00000,none
21.62917,50.08364,38.61784,2.92752,-0.20567,-0.00054,-2.86808,20.28075,25.00000,25.00000,166.38216,0.51159,0.13595,0.28681,0.00000,0.64875,0.09500,0.00000,none
21.63333,50.08377,38.61643,2.92775,-0.20590,-0.00053,-2.78333,20.39603,25.00000,25.00000,166.38357,0.51167,0.13589,0.27833,0.00000,0.64750,0.09375,0.00000,none
21.63750,50.08390,38.61499,2.92799,-0.20612,-0.00051,-2.69812,20.50775,25.00000,25.00000,166.38501,0.51174,0.13583,0.26981,0.00000,0.64625,0.09250,0.00000,none
21.64167,50.08402,38.61353,2.92823,-0.20634,-0.00050,-2.61244,20.61586,25.00000,25.00000,166.38647,0.51180,0.13577,0.26124,0.00000,0.64500,0.09125,0.00000,none
21.64583,50.08413,38.61204,2.92848,-0.20656,-0.00049,-2.52632,20.72029,25.00000,25.00000,166.38796,0.51186,0.13571,0.25263,0.00000,0.64375,0.09000,0.00000,none
21.65000,50.08425,38.61054,2.92873,-0.20679,-0.00047,-2.43978,20.82098,25.00000,25.00000,166.38946,0.51192,0.13564,0.24398,0.00000,0.64250,0.08875,0.00000,none
21.65417,50.08436,38.60901,2.92899,-0.20701,-0.00046,-2.35282,20.91788,25.00000,25.00000,166.39099,0.51197,0.13558,0.23528,0.00000,0.64125,0.08750,0.00000,none
21.65833,50.08447,38.60747,2.92925,-0.20724,-0.00044,-2.26546,21.01092,25.00000,25.00000,166.39253,0.51202,0.13551,0.22655,0.00000,0.64000,0.08625,0.00000,none
21.66250,50.08457,38.60591,2.92952,-0.20746,-0.00043,-2.17773,21.10005,25.00000,25.00000,166.39409,0.51207,0.13545,0.21777,0.00000,0.63875,0.08500,0.00000,none
21.66667,50.08467,38.60434,2.92980,-0.20769,-0.00041,-2.08964,21.18520,25.00000,25.00000,166.39566,0.51211,0.13538,0.20896,0.00000,0.63750,0.08375,0.00000,none
21.67083,50.08477,38.60275,2.93007,-0.20791,-0.00040,-2.00119,21.26632,25.00000,25.00000,166.39725,0.51215,0.13531,0.20012,0.00000,0.63625,0.08250,0.00000,none
21.67500,50.08486,38.60115,2.93035,-0.20813,-0.00038,-1.91242,21.34336,25.00000,25.00000,166.39885,0.51218,0.13524,0.19124,0.00000,0.63500,0.08125,0.00000,none
21.67917,50.08495,38.59954,2.93064,-0.20836,-0.00037,-1.82334,21.41625,25.00000,25.00000,166.40046,0.51221,0.13517,0.18233,0.00000,0.63375,0.08000,0.00000,none
21.68333,50.08503,38.59791,2.93093,-0.20858,-0.00035,-1.73396,21.48494,25.00000,25.00000,166.40209,0.51224,0.13510,0.17340,0.00000,0.63250,0.07875,0.00000,none
21.68750,50.08512,38.59627,2.93123,-0.20880,-0.00033,-1.64430,21.54936,25.00000,25.00000,166.40373,0.51226,0.13503,0.16443,0.00000,0.63125,0.07750,0.00000,none
21.69167,50.08519,38.59463,2.93153,-0.20901,-0.00032,-1.55439,21.60948,25.00000,25.00000,166.40537,0.51228,0.13496,0.15544,0.00000,0.63000,0.07625,0.00000,none
21.69583,50.08527,38.59298,2.93183,-0.20923,-0.00030,-1.46423,21.66522,25.00000,25.00000,166.40702,0.51230,0.13489,0.14642,0.00000,0.62875,0.07500,0.00000,none
21.70000,50.08534,38.59132,2.93214,-0.20944,-0.00029,-1.37385,21.71653,25.00000,25.00000,166.40868,0.51231,0.13481,0.13738,0.00000,0.62750,0.07375,0.00000,none
21.70417,50.08541,38.58965,2.93245,-0.20966,-0.00027,-1.28326,21.76337,25.00000,25.00000,166.41035,0.51232,0.13474,0.12833,0.00000,0.62625,0.07250,0.00000,none
21.70833,50.08547,38.58798,2.93276,-0.20987,-0.00026,-1.19249,21.80568,25.00000,25.00000,166.41202,0.51232,0.13466,0.11925,0.00000,0.62500,0.07125,0.00000,none
21.71250,50.08553,38.58630,2.93308,-0.21007,-0.00024,-1.10156,21.84340,25.00000,25.00000,166.41370,0.51232,0.13459,0.11016,0.00000,0.62375,0.07000,0.00000,none
21.71667,50.08558,38.58462,2.93340,-0.21028,-0.00022,-1.01047,21.87649,25.00000,25.00000,166.41538,0.51232,0.13451,0.10105,0.00000,0.62250,0.06875,0.00000,none
21.72083,50.08563,38.58294,2.93372,-0.21048,-0.00021,-0.91926,21.90488,25.00000,25.00000,166.41706,0.51232,0.13443,0.09193,0.00000,0.62125,0.06750,0.00000,none
21.72500,50.08568,38.58126,2.93405,-0.21068,-0.00019,-0.82794,21.92855,25.00000,25.00000,166.41874,0.51231,0.13435,0.08279,0.00000,0.62000,0.06625,0.00000,none
21.72917,50.08573,38.57958,2.93438,-0.21087,-0.00018,-0.73653,21.94743,25.00000,25.00000,166.42042,0.51229,0.13427,0.07365,0.00000,0.61875,0.06500,0.00000,none
21.73333,50.08577,38.57789,2.93471,-0.21107,-0.00016,-0.64505,21.96148,25.00000,25.00000,166.42211,0.51228,0.13419,0.06450,0.00000,0.61750,0.06375,0.00000,none
21.73750,50.08580,38.57621,2.93505,-0.21126,-0.00014,-0.55352,21.97065,25.00000,25.00000,166.42379,0.51226,0.13411,0.05535,0.00000,0.61625,0.06250,0.00000,none
21.74167,50.08583,38.57453,2.93539,-0.21144,-0.00013,-0.46196,21.97490,25.00000,25.00000,166.42547,0.51223,0.13403,0.04620,0.00000,0.61500,0.06125,0.00000,none
21.74583,50.08586,38.57286,2.93573,-0.21162,-0.00011,-0.37040,21.97418,25.00000,25.00000,166.42714,0.51221,0.13395,0.03704,0.00000,0.61375,0.06000,0.00000,none
21.75000,50.08589,38.57118,2.93607,-0.21180,-0.00009,-0.27885,21.96845,25.00000,25.00000,166.42882,0.51218,0.13386,0.02789,0.00000,0.61250,0.05875,0.00000,none
21.75417,50.08591,38.56952,2.93642,-0.21198,-0.00008,-0.18734,21.95767,25.00000,25.00000,166.43048,0.51214,0.13378,0.01873,0.00000,0.61125,0.05750,0.00000,none
21.75833,50.08592,38.56785,2.93676,-0.21215,-0.00006,-0.09588,21.94181,25.00000,25.00000,166.43215,0.51210,0.13369,0.00959,0.00000,0.61000,0.05625,0.00000,none
21.76250,50.08594,38.56620,2.93711,-0.21231,-0.00004,-0.00450,21.92081,25.00000,25.00000,166.43380,0.51206,0.13361,0.00045,0.00000,0.60875,0.05500,0.00000,none
21.76667,50.08594,38.56455,2.93746,-0.21247,-0.00003,0.08679,21.89660,25.00000,25.00000,166.43545,0.51202,0.13352,0.00723,0.00000,0.60750,0.05375,0.00000,none
21.77083,50.08595,38.56292,2.93782,-0.21263,-0.00001,0.17794,21.85475,25.00000,25.00000,166.43708,0.51197,0.13344,0.01483,0.00000,0.60625,0.10000,0.00000,none
21.77500,50.08595,38.56129,2.93817,-0.21278,0.00001,0.26891,21.81158,25.00000,25.00000,166.43871,0.51192,0.13335,0.02241,0.00000,0.60500,0.10000,0.00000,none
21.77917,50.08594,38.55968,2.93852,-0.21293,0.00004,0.35970,21.76712,25.00000,25.00000,166.44032,0.51187,0.13326,0.02998,0.00000,0.60375,0.10000,0.00000,none
21.78333,50.08593,38.55808,2.93887,-0.21308,0.00006,0.45030,21.72136,25.00000,25.00000,166.44192,0.51181,0.13317,0.03753,0.00000,0.60250,0.10000,0.00000,none
21.78750,50.08591,38.55649,2.93922,-0.21322,0.00008,0.54071,21.67432,25.00000,25.00000,166.44351,0.51175,0.13308,0.04506,0.00000,0.60125,0.10000,0.00000,none
21.79167,50.08589,38.55492,2.93957,-0.21335,0.00011,0.63092,21.62602,25.00000,25.00000,166.44508,0.51168,0.13299,0.05258,0.00000,0.60000,0.10000,0.00000,none
21.79583,50.08586,38.55336,2.93992,-0.21348,0.00013,0.72093,21.57647,25.00000,25.00000,166.44664,0.51162,0.13290,0.06008,0.00000,0.59875,0.10000,0.00000,none
21.80000,50.08583,38.55181,2.94027,-0.21361,0.00016,0.81072,21.52569,25.00000,25.00000,166.44819,0.51155,0.13281,0.06756,0.00000,0.59750,0.10000,0.00000,none
21.80417,50.08579,38.55026,2.94063,-0.21373,0.00019,0.90030,21.47370,25.00000,25.00000,166.44974,0.51148,0.13272,0.07503,0.00000,0.59625,0.10000,0.00000,none
21.80833,50.08574,38.54873,2.94098,-0.21385,0.00022,0.98967,21.42052,25.00000,25.00000,166.45127,0.51141,0.13262,0.08247,0.00000,0.59500,0.10000,0.00000,none
21.81250,50.08568,38.54720,2.94133,-0.21397,0.00024,1.07881,21.36617,25.00000,25.00000,166.45280,0.51134,0.13253,0.08990,0.00000,0.59375,0.10000,0.00000,none
21.81667,50.08562,38.54568,2.94168,-0.21409,0.00027,1.16772,21.31067,25.00000,25.00000,166.45432,0.51127,0.13244,0.09731,0.00000,0.59250,0.10000,0.00000,none
21.82083,50.08555,38.54417,2.94203,-0.21420,0.00030,1.25639,21.25403,25.00000,25.00000,166.45583,0.51119,0.13235,0.10470,0.00000,0.59125,0.10000,0.00000,none
21.82500,50.08548,38.54265,2.94238,-0.21430,0.00033,1.34483,21.19628,25.00000,25.00000,166.45735,0.51111,0.13225,0.11207,0.00000,0.59000,0.10000,0.00000,none
21.82917,50.08540,38.54114,2.94273,-0.21441,0.00036,1.43303,21.13744,25.00000,25.00000,166.45886,0.51104,0.13216,0.11942,0.00000,0.58875,0.10000,0.00000,none
21.83333,50.08531,38.53963,2.94308,-0.21452,0.00039,1.52098,21.07752,25.00000,25.00000,166.46037,0.51096,0.13207,0.12675,0.00000,0.58750,0.10000,0.00000,none
21.83750,50.08521,38.53813,2.94343,-0.21462,0.00041,1.60867,21.01655,25.00000,25.00000,166.46187,0.51088,0.13197,0.13406,0.00000,0.58625,0.10000,0.00000,none
21.84167,50.08511,38.53662,2.94378,-0.21472,0.00044,1.69611,20.95454,25.00000,25.00000,166.46338,0.51079,0.13188,0.14134,0.00000,0.58500,0.10000,0.00000,none
21.84583,50.08500,38.53511,2.94413,-0.21482,0.00047,1.78329,20.89151,25.00000,25.00000,166.46489,0.51071,0.13178,0.14861,0.00000,0.58375,0.10000,0.00000,none
21.85000,50.08488,38.53361,2.94448,-0.21491,0.00050,1.87021,20.82748,25.00000,25.00000,166.46639,0.51062,0.13169,0.15585,0.00000,0.58250,0.10000,0.00000,none
21.85417,50.08476,38.53210,2.94483,-0.21501,0.00053,1.95685,20.76248,25.00000,25.00000,166.46790,0.51054,0.13159,0.16307,0.00000,0.58125,0.10000,0.00000,none
21.85833,50.08463,38.53059,2.94518,-0.21511,0.00056,2.04323,20.69651,25.00000,25.00000,166.46941,0.51045,0.13150,0.17027,0.00000,0.58000,0.10000,0.00000,none
21.86250,50.08450,38.52907,2.94554,-0.21520,0.00059,2.12932,20.62959,25.00000,25.00000,166.47093,0.51036,0.13140,0.17744,0.00000,0.57875,0.10000,0.00000,none
21.86667,50.08435,38.52755,2.94589,-0.21529,0.00062,2.21514,20.56175,25.00000,25.00000,166.47245,0.51026,0.13130,0.18459,0.00000,0.57750,0.10000,0.00000,none
21.87083,50.08420,38.52603,2.94624,-0.21538,0.00064,2.30067,20.49300,25.00000,25.00000,166.47397,0.51017,0.13121,0.19172,0.00000,0.57625,0.10000,0.00000,none
21.87500,50.08404,38.52450,2.94660,-0.21548,0.00067,2.38591,20.42337,25.00000,25.00000,166.47550,0.51007,0.13111,0.19883,0.00000,0.57500,0.10000,0.00000,none
21.87917,50.08388,38.52297,2.94695,-0.21557,0.00070,2.47086,20.35286,25.00000,25.00000,166.47703,0.50998,0.13101,0.20591,0.00000,0.57375,0.10000,0.00000,none
21.88333,50.08371,38.52144,2.94730,-0.21566,0.00073,2.55552,20.28149,25.00000,25.00000,166.47856,0.50988,0.13091,0.21296,0.00000,0.57250,0.10000,0.00000,none
21.88750,50.08353,38.51989,2.94766,-0.21575,0.00076,2.63987,20.20930,25.00000,25.00000,166.48011,0.50977,0.13081,0.21999,0.00000,0.57125,0.10000,0.00000,none
21.89167,50.08335,38.51834,2.94802,-0.21584,0.00078,2.72393,20.13628,25.00000,25.00000,166.48166,0.50967,0.13071,0.22699,0.00000,0.57000,0.10000,0.00000,none
21.89583,50.08316,38.51679,2.94837,-0.21593,0.00081,2.80768,20.06246,25.00000,25.00000,166.48321,0.50957,0.13061,0.23397,0.00000,0.56875,0.10000,0.00000,none
21.90000,50.08296,38.51522,2.94873,-0.21602,0.00084,2.89111,19.98786,25.00000,25.00000,166.48478,0.50946,0.13051,0.24093,0.00000,0.56750,0.10000,0.00000,none
21.90417,50.08276,38.51365,2.94909,-0.21611,0.00086,2.97424,19.91249,25.00000,25.00000,166.48635,0.50935,0.13041,0.24785,0.00000,0.56625,0.10000,0.00000,none
21.90833,50.08255,38.51207,2.94945,-0.21620,0.00089,3.05705,19.83637,25.00000,25.00000,166.48793,0.50924,0.13031,0.25475,0.00000,0.56500,0.10000,0.00000,none
21.91250,50.08233,38.51049,2.94981,-0.21629,0.00092,3.13954,19.75952,25.00000,25.00000,166.48951,0.50913,0.13021,0.26163,0.00000,0.56375,0.10000,0.00000,none
21.91667,50.08211,38.50889,2.95017,-0.21638,0.00094,3.22171,19.68196,25.00000,25.00000,166.49111,0.50901,0.13011,0.26848,0.00000,0.56250,0.10000,0.00000,none
21.92083,50.08188,38.50729,2.95053,-0.21647,0.00097,3.30356,19.60369,25.00000,25.00000,166.49271,0.50890,0.13001,0.27530,0.00000,0.56125,0.10000,0.00000,none
21.92500,50.08165,38.50567,2.95089,-0.21656,0.00100,3.38508,19.52474,25.00000,25.00000,166.49433,0.50878,0.12991,0.28209,0.00000,0.56000,0.10000,0.00000,none
21.92917,50.08141,38.50405,2.95125,-0.21665,0.00102,3.46626,19.44513,25.00000,25.00000,166.49595,0.50866,0.12980,0.28886,0.00000,0.55875,0.10000,0.00000,none
21.93333,50.08116,38.50242,2.95162,-0.21675,0.00105,3.54712,19.36486,25.00000,25.00000,166.49758,0.50854,0.12970,0.29559,0.00000,0.55750,0.10000,0.00000,none
21.93750,50.08091,38.50078,2.95198,-0.21684,0.00107,3.62764,19.28397,25.00000,25.00000,166.49922,0.50841,0.12960,0.30230,0.00000,0.55625,0.10000,0.00000,none
21.94167,50.08065,38.49912,2.95235,-0.21693,0.00110,3.70782,19.20245,25.00000,25.00000,166.50088,0.50829,0.12949,0.30898,0.00000,0.55500,0.10000,0.00000,none
21.94583,50.08038,38.49746,2.95272,-0.21703,0.00112,3.78766,19.12033,25.00000,25.00000,166.50254,0.50816,0.12939,0.31564,0.00000,0.55375,0.10000,0.00000,none
21.95000,50.08011,38.49579,2.95309,-0.21712,0.00115,3.86715,19.03763,25.00000,25.00000,166.50421,0.50803,0.12928,0.32226,0.00000,0.55250,0.10000,0.00000,none
21.95417,50.07984,38.49410,2.95345,-0.21722,0.00117,3.94630,18.95435,25.00000,25.00000,166.50590,0.50790,0.12918,0.32886,0.00000,0.55125,0.10000,0.00000,none
21.95833,50.07955,38.49241,2.95383,-0.21731,0.00120,4.02510,18.87053,25.00000,25.00000,166.50759,0.50776,0.12907,0.33543,0.00000,0.55000,0.10000,0.00000,none
21.96250,50.07926,38.49070,2.95420,-0.21741,0.00122,4.10356,18.78616,25.00000,25.00000,166.50930,0.50763,0.12897,0.34196,0.00000,0.54875,0.10000,0.00000,none
21.96667,50.07897,38.48898,2.95457,-0.21751,0.00124,4.18165,18.70126,25.00000,25.00000,166.51102,0.50749,0.12886,0.34847,0.00000,0.54750,0.10000,0.00000,none
21.97083,50.07867,38.48725,2.95494,-0.21761,0.00127,4.25940,18.61586,25.00000,25.00000,166.51275,0.50735,0.12875,0.35495,0.00000,0.54625,0.10000,0.00000,none
21.97500,50.07837,38.48551,2.95532,-0.21771,0.00129,4.33679,18.52996,25.00000,25.00000,166.51449,0.50721,0.12865,0.36140,0.00000,0.54500,0.10000,0.00000,none
21.97917,50.07805,38.48376,2.95570,-0.21781,0.00131,4.41381,18.44358,25.00000,25.00000,166.51624,0.50707,0.12854,0.36782,0.00000,0.54375,0.10000,0.00000,none
21.98333,50.07774,38.48199,2.95607,-0.21791,0.00134,4.49048,18.35673,25.00000,25.00000,166.51801,0.50693,0.12843,0.37421,0.00000,0.54250,0.10000,0.00000,none
21.98750,50.07742,38.48022,2.95645,-0.21801,0.00136,4.56679,18.26944,25.00000,25.00000,166.51978,0.50678,0.12832,0.38057,0.00000,0.54125,0.10000,0.00000,none
21.99167,50.07709,38.47843,2.95683,-0.21812,0.00138,4.64273,18.18170,25.00000,25.00000,166.52157,0.50663,0.12821,0.38689,0.00000,0.54000,0.10000,0.00000,none
21.99583,50.07676,38.47663,2.95721,-0.21822,0.00140,4.71830,18.09355,25.00000,25.00000,166.52337,0.50648,0.12810,0.39319,0.00000,0.53875,0.10000,0.00000,none
22.00000,50.07642,38.47481,2.95760,-0.21833,0.00143,4.79351,18.00498,25.00000,25.00000,166.52519,0.50633,0.12799,0.39946,0.00000,0.53750,0.10000,0.00000,none
22.00417,50.07608,38.47299,2.95798,-0.21843,0.00145,4.86834,17.91602,25.00000,25.00000,166.52701,0.50617,0.12788,0.40570,0.00000,0.53625,0.10000,0.00000,none
22.00833,50.07573,38.47115,2.95837,-0.21854,0.00147,4.94281,17.82668,25.00000,25.00000,166.52885,0.50602,0.12777,0.41190,0.00000,0.53500,0.10000,0.00000,none
22.01250,50.07538,38.46929,2.95876,-0.21865,0.00149,5.01690,17.73698,25.00000,25.00000,166.53071,0.50586,0.12766,0.41807,0.00000,0.53375,0.10000,0.00000,none
22.01667,50.07502,38.46743,2.95914,-0.21876,0.00151,5.09061,17.64691,25.00000,25.00000,166.53257,0.50570,0.12755,0.42422,0.00000,0.53250,0.10000,0.00000,none
22.02083,50.07465,38.46555,2.95953,-0.21887,0.00153,5.16395,17.55651,25.00000,25.00000,166.53445,0.50554,0.12744,0.43033,0.00000,0.53125,0.10000,0.00000,none
22.02500,50.07429,38.46366,2.95993,-0.21899,0.00155,5.23692,17.46578,25.00000,25.00000,166.53634,0.50538,0.12733,0.43641,0.00000,0.53000,0.10000,0.00000,none
22.02917,50.07391,38.46175,2.96032,-0.21910,0.00157,5.30950,17.37473,25.00000,25.00000,166.53825,0.50521,0.12721,0.44246,0.00000,0.52875,0.10000,0.00000,none
22.03333,50.07354,38.45984,2.96071,-0.21922,0.00159,5.38171,17.28338,25.00000,25.00000,166.54016,0.50505,0.12710,0.44848,0.00000,0.52750,0.10000,0.00000,none
22.03750,50.07315,38.45791,2.96111,-0.21934,0.00161,5.45353,17.19174,25.00000,25.00000,166.54209,0.50488,0.12699,0.45446,0.00000,0.52625,0.10000,0.00000,none
22.04167,50.07276,38.45596,2.96151,-0.21945,0.00163,5.52497,17.09983,25.00000,25.00000,166.54404,0.50471,0.12687,0.46041,0.00000,0.52500,0.10000,0.00000,none
22.04583,50.07237,38.45400,2.96191,-0.21957,0.00165,5.59603,17.00765,25.00000,25.00000,166.54600,0.50453,0.12676,0.46634,0.00000,0.52375,0.10000,0.00000,none
22.05000,50.07198,38.45203,2.96231,-0.21969,0.00167,5.66670,16.91522,25.00000,25.00000,166.54797,0.50436,0.12665,0.47223,0.00000,0.52250,0.10000,0.00000,none
22.05417,50.07157,38.45005,2.96271,-0.21982,0.00169,5.73699,16.82255,25.00000,25.00000,166.54995,0.50418,0.12653,0.47808,0.00000,0.52125,0.10000,0.00000,none
22.05833,50.07117,38.44805,2.96312,-0.21994,0.00171,5.80689,16.72965,25.00000,25.00000,166.55195,0.50401,0.12642,0.48391,0.00000,0.52000,0.10000,0.00000,none
22.06250,50.07076,38.44604,2.96352,-0.22006,0.00173,5.87640,16.63653,25.00000,25.00000,166.55396,0.50383,0.12630,0.48970,0.00000,0.51875,0.10000,0.00000,none
22.06667,50.07034,38.44401,2.96393,-0.22019,0.00175,5.94553,16.54321,25.00000,25.00000,166.55599,0.50365,0.12618,0.49546,0.00000,0.51750,0.10000,0.00000,none
22.07083,50.06992,38.44197,2.96434,-0.22032,0.00177,6.01426,16.44970,25.00000,25.00000,166.55803,0.50346,0.12607,0.50119,0.00000,0.51625,0.10000,0.00000,none
22.07500,50.06950,38.43995,2.96475,-0.22044,0.00178,6.08261,16.35590,25.00000,25.00000,166.56005,0.50338,0.12605,0.50688,0.00000,0.51625,0.10000,0.00000,none
22.07917,50.06907,38.43795,2.96516,-0.22056,0.00180,6.15056,16.26184,25.00000,25.00000,166.56205,0.50330,0.12603,0.51255,0.00000,0.51625,0.10000,0.00000,none
22.08333,50.06864,38.43596,2.96556,-0.22068,0.00181,6.21812,16.16751,25.00000,25.00000,166.56404,0.50321,0.12601,0.51818,0.00000,0.51625,0.10000,0.00000,none
22.08750,50.06821,38.43399,2.96596,-0.22079,0.00183,6.28529,16.07294,25.00000,25.00000,166.56601,0.50313,0.12599,0.52377,0.00000,0.51625,0.10000,0.00000,none
22.09167,50.06777,38.43203,2.96636,-0.22090,0.00184,6.35206,15.97812,25.00000,25.00000,166.56797,0.50305,0.12597,0.52934,0.00000,0.51625,0.10000,0.00000,none
22.09583,50.06733,38.43010,2.96676,-0.22100,0.00185,6.41844,15.88308,25.00000,25.00000,166.56990,0.50297,0.12595,0.53487,0.00000,0.51625,0.10000,0.00000,none
22.10000,50.06689,38.42818,2.96716,-0.22110,0.00187,6.48442,15.78781,25.00000,25.00000,166.57182,0.50289,0.12593,0.54037,0.00000,0.51625,0.10000,0.00000,none
22.10417,50.06644,38.42627,2.96756,-0.22120,0.00188,6.55000,15.69234,25.00000,25.00000,166.57373,0.50281,0.12591,0.54583,0.00000,0.51625,0.10000,0.00000,none
22.10833,50.06599,38.42438,2.96795,-0.22129,0.00189,6.61519,15.59666,25.00000,25.00000,166.57562,0.50273,0.12589,0.55127,0.00000,0.51625,0.10000,0.00000,none
22.11250,50.06554,38.42251,2.96834,-0.22138,0.00190,6.67998,15.50079,25.00000,25.00000,166.57749,0.50265,0.12587,0.55666,0.00000,0.51625,0.10000,0.00000,none
22.11667,50.06508,38.42065,2.96874,-0.22147,0.00191,6.74436,15.40474,25.00000,25.00000,166.57935,0.50258,0.12586,0.56203,0.00000,0.51625,0.10000,0.00000,none
22.12083,50.06462,38.41880,2.96912,-0.22155,0.00192,6.80835,15.30852,25.00000,25.00000,166.58120,0.50250,0.12584,0.56736,0.00000,0.51625,0.10000,0.00000,none
22.12500,50.06416,38.41697,2.96951,-0.22163,0.00193,6.87193,15.21213,25.00000,25.00000,166.58303,0.50242,0.12582,0.57266,0.00000,0.51625,0.10000,0.00000,none
22.12917,50.06370,38.41516,2.96990,-0.22171,0.00194,6.93512,15.11558,25.00000,25.00000,166.58484,0.50235,0.12580,0.57793,0.00000,0.51625,0.10000,0.00000,none
22.13333,50.06324,38.41335,2.97028,-0.22179,0.00195,6.99790,15.01889,25.00000,25.00000,166.58665,0.50227,0.12578,0.58316,0.00000,0.51625,0.10000,0.00000,none
22.13750,50.06277,38.41157,2.97067,-0.22186,0.00196,7.06027,14.92206,25.00000,25.00000,166.58843,0.50220,0.12577,0.58836,0.00000,0.51625,0.10000,0.00000,none
22.14167,50.06230,38.40979,2.97105,-0.22193,0.00197,7.12225,14.82510,25.00000,25.00000,166.59021,0.50212,0.12575,0.59352,0.00000,0.51625,0.10000,0.00000,none
22.14583,50.06183,38.40803,2.97143,-0.22199,0.00198,7.18382,14.72802,25.00000,25.00000,166.59197,0.50205,0.12573,0.59865,0.00000,0.51625,0.10000,0.00000,none
22.15000,50.06136,38.40628,2.97180,-0.22206,0.00198,7.24498,14.63083,25.00000,25.00000,166.59372,0.50198,0.12571,0.60375,0.00000,0.51625,0.10000,0.00000,none
22.15417,50.06088,38.40454,2.97218,-0.22212,0.00199,7.30574,14.53310,25.00000,25.00000,166.59546,0.50190,0.12570,0.60881,0.00000,0.51625,0.10125,0.00000,none
22.15833,50.06041,38.40281,2.97256,-0.22218,0.00200,7.36609,14.43483,25.00000,25.00000,166.59719,0.50183,0.12568,0.61384,0.00000,0.51625,0.10250,0.00000,none
22.16250,50.05993,38.40110,2.97293,-0.22224,0.00201,7.42603,14.33605,25.00000,25.00000,166.59890,0.50176,0.12566,0.61884,0.00000,0.51625,0.10375,0.00000,none
22.16667,50.05945,38.39940,2.97330,-0.22229,0.00201,7.48555,14.23675,25.00000,25.00000,166.60060,0.50169,0.12565,0.62380,0.00000,0.51625,0.10500,0.00000,none
22.17083,50.05897,38.39771,2.97367,-0.22235,0.00202,7.54467,14.13695,25.00000,25.00000,166.60229,0.50162,0.12563,0.62872,0.00000,0.51625,0.10625,0.00000,none
22.17500,50.05849,38.39603,2.97404,-0.22240,0.00203,7.60336,14.03665,25.00000,25.00000,166.60397,0.50155,0.12561,0.63361,0.00000,0.51625,0.10750,0.00000,none
22.17917,50.05800,38.39436,2.97441,-0.22245,0.00203,7.66164,13.93587,25.00000,25.00000,166.60564,0.50148,0.12560,0.63847,0.00000,0.51625,0.10875,0.00000,none
22.18333,50.05751,38.39270,2.97477,-0.22249,0.00204,7.71949,13.83461,25.00000,25.00000,166.60730,0.50141,0.12558,0.64329,0.00000,0.51625,0.11000,0.00000,none
22.18750,50.05703,38.39105,2.97514,-0.22254,0.00205,7.77692,13.73289,25.00000,25.00000,166.60895,0.50134,0.12556,0.64808,0.00000,0.51625,0.11125,0.00000,none
22.19167,50.05654,38.38941,2.97550,-0.22258,0.00205,7.83393,13.63070,25.00000,25.00000,166.61059,0.50127,0.12555,0.65283,0.00000,0.51625,0.11250,0.00000,none
22.19583,50.05605,38.38779,2.97586,-0.22262,0.00206,7.89051,13.52807,25.00000,25.00000,166.61221,0.50121,0.12553,0.65754,0.00000,0.51625,0.11375,0.00000,none
22.20000,50.05555,38.38617,2.97622,-0.22266,0.00206,7.94667,13.42499,25.00000,25.00000,166.61383,0.50114,0.12552,0.66222,0.00000,0.51625,0.11500,0.00000,none
22.20417,50.05506,38.38456,2.97658,-0.22270,0.00207,8.00239,13.32148,25.00000,25.00000,166.61544,0.50107,0.12550,0.66687,0.00000,0.51625,0.11625,0.00000,none
22.20833,50.05457,38.38296,2.97693,-0.22274,0.00208,8.05768,13.21754,25.00000,25.00000,166.61704,0.50101,0.12548,0.67147,0.00000,0.51625,0.11750,0.00000,none
22.21250,50.05407,38.38137,2.97729,-0.22277,0.00208,8.11253,13.11318,25.00000,25.00000,166.61863,0.50094,0.12547,0.67604,0.00000,0.51625,0.11875,0.00000,none
22.21667,50.05357,38.37979,2.97764,-0.22280,0.00209,8.16695,13.00841,25.00000,25.00000,166.62021,0.50087,0.12545,0.68058,0.00000,0.51625,0.12000,0.00000,none
22.22083,50.05307,38.37822,2.97800,-0.22284,0.00209,8.22093,12.90323,25.00000,25.00000,166.62178,0.50081,0.12544,0.68508,0.00000,0.51625,0.12125,0.00000,none
22.22500,50.05257,38.37665,2.97835,-0.22287,0.00210,8.27448,12.79767,25.00000,25.00000,166.62335,0.50074,0.12542,0.68954,0.00000,0.51625,0.12250,0.00000,none
22.22917,50.05207,38.37510,2.97870,-0.22290,0.00210,8.32758,12.69171,25.00000,25.00000,166.62490,0.50068,0.12541,0.69397,0.00000,0.51625,0.12375,0.00000,none
22.23333,50.05157,38.37355,2.97904,-0.22292,0.00210,8.38024,12.58537,25.00000,25.00000,166.62645,0.50061,0.12539,0.69835,0.00000,0.51625,0.12500,0.00000,none
22.23750,50.05107,38.37201,2.97939,-0.22295,0.00211,8.43246,12.47866,25.00000,25.00000,166.62799,0.50055,0.12538,0.70270,0.00000,0.51625,0.12625,0.00000,none
22.24167,50.05057,38.37048,2.97974,-0.22298,0.00211,8.48423,12.37159,25.00000,25.00000,166.62952,0.50049,0.12536,0.70702,0.00000,0.51625,0.12750,0.00000,none
22.24583,50.05006,38.36896,2.98008,-0.22300,0.00212,8.53555,12.26415,25.00000,25.00000,166.63104,0.50042,0.12535,0.71130,0.00000,0.51625,0.12875,0.00000,none
22.25000,50.04955,38.36744,2.98042,-0.22302,0.00212,8.58643,12.15636,25.00000,25.00000,166.63256,0.50036,0.12533,0.71554,0.00000,0.51625,0.13000,0.00000,none
22.25417,50.04905,38.36594,2.98076,-0.22305,0.00212,8.63686,12.04823,25.00000,25.00000,166.63406,0.50030,0.12532,0.71974,0.00000,0.51625,0.13125,0.00000,none
22.25833,50.04854,38.36444,2.98110,-0.22307,0.00213,8.68683,11.93976,25.00000,25.00000,166.63556,0.50023,0.12530,0.72390,0.00000,0.51625,0.13250,0.00000,none
22.26250,50.04803,38.36295,2.98144,-0.22309,0.00213,8.73635,11.83095,25.00000,25.00000,166.63705,0.50017,0.12529,0.72803,0.00000,0.51625,0.13375,0.00000,none
22.26667,50.04752,38.36146,2.98178,-0.22311,0.00213,8.78542,11.72182,25.00000,25.00000,166.63854,0.50011,0.12527,0.73212,0.00000,0.51625,0.13500,0.00000,none
22.27083,50.04701,38.35998,2.98211,-0.22312,0.00214,8.83403,11.61237,25.00000,25.00000,166.64002,0.50005,0.12526,0.73617,0.00000,0.51625,0.13625,0.00000,none
22.27500,50.04650,38.35851,2.98245,-0.22314,0.00214,8.88219,11.50261,25.00000,25.00000,166.64149,0.49999,0.12524,0.74018,0.00000,0.51625,0.13750,0.00000,none
22.27917,50.04599,38.35705,2.98278,-0.22316,0.00214,8.92989,11.39254,25.00000,25.00000,166.64295,0.49993,0.12523,0.74416,0.00000,0.51625,0.13875,0.00000,none
22.28333,50.04548,38.35559,2.98311,-0.22317,0.00214,8.97713,11.28217,25.00000,25.00000,166.64441,0.49987,0.12521,0.74809,0.00000,0.51625,0.14000,0.00000,none
22.28750,50.04497,38.35414,2.98344,-0.22319,0.00215,9.02391,11.17150,25.00000,25.00000,166.64586,0.49981,0.12520,0.75199,0.00000,0.51625,0.14125,0.00000,none
22.29167,50.04446,38.35276,2.98376,-0.22319,0.00215,9.07022,11.06036,25.00000,25.00000,166.64724,0.49994,0.12538,0.75585,0.00000,0.51875,0.14250,0.00000,none
22.29583,50.04395,38.35144,2.98408,-0.22318,0.00214,9.11608,10.94875,25.00000,25.00000,166.64856,0.50008,0.12556,0.75967,0.00000,0.52125,0.14375,0.00000,none
22.30000,50.04344,38.35019,2.98438,-0.22316,0.00214,9.16146,10.83668,25.00000,25.00000,166.64981,0.50021,0.12573,0.76346,0.00000,0.52375,0.14500,0.00000,none
22.30417,50.04293,38.34899,2.98468,-0.22313,0.00213,9.20638,10.72416,25.00000,25.00000,166.65101,0.50033,0.12591,0.76720,0.00000,0.52625,0.14625,0.00000,none
22.30833,50.04242,38.34786,2.98497,-0.22310,0.00213,9.25083,10.61122,25.00000,25.00000,166.65214,0.50046,0.12609,0.77090,0.00000,0.52875,0.14750,0.00000,none
22.31250,50.04191,38.34677,2.98525,-0.22305,0.00212,9.29481,10.49785,25.00000,25.00000,166.65323,0.50058,0.12626,0.77457,0.00000,0.53125,0.14875,0.00000,none
22.31667,50.04140,38.34574,2.98553,-0.22300,0.00211,9.33831,10.38408,25.00000,25.00000,166.65426,0.50070,0.12644,0.77819,0.00000,0.53375,0.15000,0.00000,none
22.32083,50.04090,38.34476,2.98580,-0.22294,0.00210,9.38134,10.26990,25.00000,25.00000,166.65524,0.50082,0.12661,0.78178,0.00000,0.53625,0.15125,0.00000,none
22.32500,50.04040,38.34383,2.98606,-0.22287,0.00209,9.42389,10.15534,25.00000,25.00000,166.65617,0.50093,0.12678,0.78532,0.00000,0.53875,0.15250,0.00000,none
22.32917,50.03990,38.34294,2.98632,-0.22279,0.00208,9.46597,10.04041,25.00000,25.00000,166.65706,0.50104,0.12696,0.78883,0.00000,0.54125,0.15375,0.00000,none
22.33333,50.03941,38.34210,2.98657,-0.22271,0.00207,9.50756,9.92511,25.00000,25.00000,166.65790,0.50115,0.12713,0.79230,0.00000,0.54375,0.15500,0.00000,none
22.33750,50.03891,38.34129,2.98682,-0.22263,0.00206,9.54867,9.80946,25.00000,25.00000,166.65871,0.50125,0.12730,0.79572,0.00000,0.54625,0.15625,0.00000,none
22.34167,50.03842,38.34052,2.98705,-0.22254,0.00205,9.58930,9.69347,25.00000,25.00000,166.65948,0.50135,0.12747,0.79911,0.00000,0.54875,0.15750,0.00000,none
22.34583,50.03794,38.33979,2.98729,-0.22244,0.00204,9.62945,9.57715,25.00000,25.00000,166.66021,0.50144,0.12764,0.80245,0.00000,0.55125,0.15875,0.00000,none
22.35000,50.03745,38.33909,2.98751,-0.22234,0.00203,9.66911,9.46051,25.00000,25.00000,166.66091,0.50153,0.12781,0.80576,0.00000,0.55375,0.16000,0.00000,none
22.35417,50.03697,38.33842,2.98774,-0.22224,0.00201,9.70829,9.34357,25.00000,25.00000,166.66158,0.50162,0.12798,0.80902,0.00000,0.55625,0.16125,0.00000,none
22.35833,50.03649,38.33778,2.98795,-0.22214,0.00200,9.74698,9.22632,25.00000,25.00000,166.66222,0.50170,0.12814,0.81225,0.00000,0.55875,0.16250,0.00000,none
22.36250,50.03601,38.33716,2.98817,-0.22203,0.00199,9.78517,9.10879,25.00000,25.00000,166.66284,0.50177,0.12831,0.81543,0.00000,0.56125,0.16375,0.00000,none
22.36667,50.03554,38.33657,2.98837,-0.22192,0.00198,9.82288,8.99099,25.00000,25.00000,166.66343,0.50184,0.12847,0.81857,0.00000,0.56375,0.16500,0.00000,none
22.37083,50.03507,38.33599,2.98858,-0.22181,0.00197,9.86010,8.87292,25.00000,25.00000,166.66401,0.50191,0.12864,0.82167,0.00000,0.56625,0.16625,0.00000,none
22.37500,50.03460,38.33544,2.98878,-0.22170,0.00196,9.89682,8.75459,25.00000,25.00000,166.66456,0.50197,0.12880,0.82474,0.00000,0.56875,0.16750,0.00000,none
22.37917,50.03413,38.33490,2.98897,-0.22159,0.00195,9.93305,8.63602,25.00000,25.00000,166.66510,0.50202,0.12896,0.82775,0.00000,0.57125,0.16875,0.00000,none
22.38333,50.03367,38.33438,2.98916,-0.22147,0.00193,9.96879,8.51722,25.00000,25.00000,166.66562,0.50207,0.12912,0.83073,0.00000,0.57375,0.17000,0.00000,none
22.38750,50.03321,38.33387,2.98935,-0.22136,0.00192,10.00403,8.39819,25.00000,25.00000,166.66613,0.50212,0.12928,0.83367,0.00000,0.57625,0.17125,0.00000,none
22.39167,50.03275,38.33337,2.98953,-0.22125,0.00191,10.03877,8.27896,25.00000,25.00000,166.66663,0.50215,0.12944,0.83656,0.00000,0.57875,0.17250,0.00000,none
22.39583,50.03230,38.33288,2.98971,-0.22114,0.00190,10.07302,8.15952,25.00000,25.00000,166.66712,0.50219,0.12959,0.83942,0.00000,0.58125,0.17375,0.00000,none
22.40000,50.03184,38.33239,2.98989,-0.22103,0.00189,10.10677,8.03988,25.00000,25.00000,166.66761,0.50221,0.12975,0.84223,0.00000,0.58375,0.17500,0.00000,none
22.40417,50.03139,38.33191,2.99006,-0.22093,0.00188,10.14002,7.92007,25.00000,25.00000,166.66809,0.50223,0.12990,0.84500,0.00000,0.58625,0.17625,0.00000,none
22.40833,50.03095,38.33144,2.99023,-0.22082,0.00187,10.17277,7.80008,25.00000,25.00000,166.66856,0.50224,0.13006,0.84773,0.00000,0.58875,0.17750,0.00000,none
22.41250,50.03050,38.33096,2.99040,-0.22072,0.00186,10.20502,7.67994,25.00000,25.00000,166.66904,0.50225,0.13021,0.85042,0.00000,0.59125,0.17875,0.00000,none
22.41667,50.03006,38.33048,2.99056,-0.22062,0.00185,10.23677,7.55964,25.00000,25.00000,166.66952,0.50225,0.13036,0.85306,0.00000,0.59375,0.18000,0.00000,none
22.42083,50.02962,38.33000,2.99073,-0.22052,0.00184,10.26801,7.43920,25.00000,25.00000,166.67000,0.50224,0.13050,0.85567,0.00000,0.59625,0.18125,0.00000,none
22.42500,50.02918,38.32952,2.99089,-0.22043,0.00183,10.29876,7.31862,25.00000,25.00000,166.67048,0.50223,0.13065,0.85823,0.00000,0.59875,0.18250,0.00000,none
22.42917,50.02874,38.32903,2.99105,-0.22034,0.00182,10.32900,7.19792,25.00000,25.00000,166.67097,0.50221,0.13080,0.86075,0.00000,0.60125,0.18375,0.00000,none
22.43333,50.02831,38.32853,2.99120,-0.22025,0.00181,10.35874,7.07708,25.00000,25.00000,166.67147,0.50217,0.13094,0.86323,0.00000,0.60375,0.18500,0.00000,none
22.43750,50.02788,38.32805,2.99136,-0.22017,0.00180,10.38798,6.95608,25.00000,25.00000,166.67195,0.50212,0.13108,0.86566,0.00000,0.60625,0.18625,0.00000,none
22.44167,50.02745,38.32757,2.99151,-0.22008,0.00179,10.41671,6.83490,25.00000,25.00000,166.67243,0.50206,0.13121,0.86806,0.00000,0.60875,0.18750,0.00000,none
22.44583,50.02702,38.32711,2.99165,-0.22000,0.00178,10.44493,6.71352,25.00000,25.00000,166.67289,0.50198,0.13134,0.87041,0.00000,0.61125,0.18875,0.00000,none
22.45000,50.02660,38.32667,2.99179,-0.21991,0.00177,10.47265,6.59191,25.00000,25.00000,166.67333,0.50189,0.13147,0.87272,0.00000,0.61375,0.19000,0.00000,none
22.45417,50.02618,38.32625,2.99193,-0.21982,0.00176,10.49987,6.47008,25.00000,25.00000,166.67375,0.50178,0.13160,0.87499,0.00000,0.61625,0.19125,0.00000,none
22.45833,50.02576,38.32587,2.99206,-0.21973,0.00175,10.52657,6.34798,25.00000,25.00000,166.67413,0.50166,0.13172,0.87721,0.00000,0.61875,0.19250,0.00000,none
22.46250,50.02535,38.32552,2.99219,-0.21963,0.00173,10.55277,6.22562,25.00000,25.00000,166.67448,0.50153,0.13185,0.87940,0.00000,0.62125,0.19375,0.00000,none
22.46667,50.02493,38.32521,2.99231,-0.21953,0.00172,10.57845,6.10296,25.00000,25.00000,166.67479,0.50139,0.13197,0.88154,0.00000,0.62375,0.19500,0.00000,none
22.47083,50.02452,38.32494,2.99243,-0.21942,0.00171,10.60362,5.98000,25.00000,25.00000,166.67506,0.50124,0.13208,0.88364,0.00000,0.62625,0.19625,0.00000,none
22.47500,50.02412,38.32471,2.99254,-0.21931,0.00169,10.62828,5.85671,25.00000,25.00000,166.67529,0.50107,0.13220,0.88569,0.00000,0.62875,0.19750,0.00000,none
22.47917,50.02372,38.32454,2.99264,-0.21918,0.00168,10.65243,5.73309,25.00000,25.00000,166.67546,0.50089,0.13231,0.88770,0.00000,0.63125,0.19875,0.00000,none
22.48333,50.02332,38.32442,2.99273,-0.21905,0.00166,10.67606,5.60911,25.00000,25.00000,166.67558,0.50071,0.13242,0.88967,0.00000,0.63375,0.20000,0.00000,none
22.48750,50.02292,38.32436,2.99282,-0.21892,0.00165,10.69917,5.48477,25.00000,25.00000,166.67564,0.50051,0.13252,0.89160,0.00000,0.63625,0.20125,0.00000,none
22.49167,50.02253,38.32436,2.99290,-0.21877,0.00163,10.72176,5.36003,25.00000,25.00000,166.67564,0.50030,0.13263,0.89348,0.00000,0.63875,0.20250,0.00000,none
22.49583,50.02214,38.32442,2.99297,-0.21861,0.00162,10.74384,5.23491,25.00000,25.00000,166.67558,0.50008,0.13273,0.89532,0.00000,0.64125,0.20375,0.00000,none
22.50000,50.02176,38.32454,2.99303,-0.21844,0.00160,10.76539,5.10937,25.00000,25.00000,166.67546,0.49986,0.13283,0.89712,0.00000,0.64375,0.20500,0.00000,none
22.50417,50.02138,38.32474,2.99309,-0.21827,0.00158,10.78641,4.98340,25.00000,25.00000,166.67526,0.49962,0.13293,0.89887,0.00000,0.64625,0.20625,0.00000,none
22.50833,50.02100,38.32501,2.99313,-0.21808,0.00156,10.80691,4.85700,25.00000,25.00000,166.67499,0.49938,0.13303,0.90058,0.00000,0.64875,0.20750,0.00000,none
22.51250,50.02063,38.32535,2.99317,-0.21788,0.00155,10.82689,4.73014,25.00000,25.00000,166.67465,0.49913,0.13313,0.90224,0.00000,0.65125,0.20875,0.00000,none
22.51667,50.02026,38.32577,2.99319,-0.21767,0.00153,10.84633,4.60283,25.00000,25.00000,166.67423,0.49886,0.13322,0.90386,0.00000,0.65375,0.21000,0.00000,none
22.52083,50.01990,38.32626,2.99321,-0.21744,0.00151,10.86524,4.47504,25.00000,25.00000,166.67374,0.49860,0.13332,0.90544,0.00000,0.65625,0.21125,0.00000,none
22.52500,50.01954,38.32684,2.99321,-0.21721,0.00149,10.88362,4.34677,25.00000,25.00000,166.67316,0.49832,0.13341,0.90697,0.00000,0.65875,0.21250,0.00000,none
22.52917,50.01919,38.32750,2.99321,-0.21696,0.00147,10.90146,4.21800,25.00000,25.00000,166.67250,0.49804,0.13350,0.90846,0.00000,0.66125,0.21375,0.00000,none
22.53333,50.01884,38.32824,2.99319,-0.21670,0.00145,10.91877,4.08872,25.00000,25.00000,166.67176,0.49774,0.13358,0.90990,0.00000,0.66375,0.21500,0.00000,none
22.53750,50.01850,38.32907,2.99316,-0.21642,0.00142,10.93553,3.95893,25.00000,25.00000,166.67093,0.49745,0.13367,0.91129,0.00000,0.66625,0.21625,0.00000,none
22.54167,50.01816,38.32998,2.99313,-0.21614,0.00140,10.95176,3.82862,25.00000,25.00000,166.67002,0.49714,0.13376,0.91265,0.00000,0.66875,0.21750,0.00000,none
22.54583,50.01783,38.33099,2.99308,-0.21583,0.00138,10.96744,3.69778,25.00000,25.00000,166.66901,0.49683,0.13384,0.91395,0.00000,0.67125,0.21875,0.00000,none
22.55000,50.01751,38.33208,2.99302,-0.21552,0.00136,10.98257,3.56639,25.00000,25.00000,166.66792,0.49651,0.13393,0.91521,0.00000,0.67375,0.22000,0.00000,none
22.55417,50.01718,38.33326,2.99294,-0.21519,0.00134,10.99716,3.43445,25.00000,25.00000,166.66674,0.49619,0.13401,0.91643,0.00000,0.67625,0.22125,0.00000,none
22.55833,50.01687,38.33454,2.99286,-0.21485,0.00131,11.01119,3.30196,25.00000,25.00000,166.66546,0.49586,0.13409,0.91760,0.00000,0.67875,0.22250,0.00000,none
22.56250,50.01656,38.33591,2.99276,-0.21449,0.00129,11.02467,3.16891,25.00000,25.00000,166.66409,0.49553,0.13417,0.91872,0.00000,0.68125,0.22375,0.00000,none
22.56667,50.01625,38.33737,2.99265,-0.21412,0.00127,11.03760,3.03528,25.00000,25.00000,166.66263,0.49519,0.13425,0.91980,0.00000,0.68375,0.22500,0.00000,none
22.57083,50.01595,38.33892,2.99253,-0.21373,0.00125,11.04996,2.90108,25.00000,25.00000,166.66108,0.49484,0.13433,0.92083,0.00000,0.68625,0.22625,0.00000,none
22.57500,50.01566,38.34058,2.99240,-0.21333,0.00122,11.06177,2.76630,25.00000,25.00000,166.65942,0.49449,0.13440,0.92181,0.00000,0.68875,0.22750,0.00000,none
22.57917,50.01537,38.34232,2.99225,-0.21292,0.00120,11.07302,2.63093,25.00000,25.00000,166.65768,0.49414,0.13448,0.92275,0.00000,0.69125,0.22875,0.00000,none
22.58333,50.01508,38.34417,2.99210,-0.21249,0.00118,11.08369,2.49497,25.00000,25.00000,166.65583,0.49378,0.13455,0.92364,0.00000,0.69375,0.23000,0.00000,none
22.58750,50.01480,38.34611,2.99192,-0.21204,0.00115,11.09381,2.35842,25.00000,25.00000,166.65389,0.49342,0.13463,0.92448,0.00000,0.69625,0.23125,0.00000,none
22.59167,50.01453,38.34815,2.99174,-0.21159,0.00113,11.10335,2.22127,25.00000,25.00000,166.65185,0.49305,0.13470,0.92528,0.00000,0.69875,0.23250,0.00000,none
22.59583,50.01427,38.35028,2.99154,-0.21111,0.00110,11.11231,2.08351,25.00000,25.00000,166.64972,0.49268,0.13478,0.92603,0.00000,0.70125,0.23375,0.00000,none
22.60000,50.01401,38.35252,2.99133,-0.21063,0.00108,11.12071,1.94515,25.00000,25.00000,166.64748,0.49231,0.13485,0.92673,0.00000,0.70375,0.23500,0.00000,none
22.60417,50.01375,38.35485,2.99110,-0.21013,0.00106,11.12852,1.80618,25.00000,25.00000,166.64515,0.49193,0.13492,0.92738,0.00000,0.70625,0.23625,0.00000,none
22.60833,50.01350,38.35728,2.99087,-0.20961,0.00103,11.13576,1.66660,25.00000,25.00000,166.64272,0.49155,0.13499,0.92798,0.00000,0.70875,0.23750,0.00000,none
22.61250,50.01326,38.35980,2.99061,-0.20908,0.00101,11.14241,1.52641,25.00000,25.00000,166.64020,0.49116,0.13506,0.92853,0.00000,0.71125,0.23875,0.00000,none
22.61667,50.01302,38.36243,2.99035,-0.20854,0.00098,11.14848,1.38560,25.00000,25.00000,166.63757,0.49078,0.13513,0.92904,0.00000,0.71375,0.24000,0.00000,none
22.62083,50.01279,38.36515,2.99007,-0.20798,0.00096,11.15395,1.24418,25.00000,25.00000,166.63485,0.49039,0.13520,0.92950,0.00000,0.71625,0.24125,0.00000,none
22.62500,50.01256,38.36797,2.98978,-0.20741,0.00093,11.15884,1.10215,25.00000,25.00000,166.63203,0.48999,0.13527,0.92990,0.00000,0.71875,0.24250,0.00000,none
22.62917,50.01234,38.37089,2.98947,-0.20683,0.00091,11.16314,0.95950,25.00000,25.00000,166.62911,0.48960,0.13534,0.93026,0.00000,0.72125,0.24375,0.00000,none
22.63333,50.01213,38.37390,2.98915,-0.20623,0.00089,11.16684,0.81623,25.00000,25.00000,166.62610,0.48920,0.13541,0.93057,0.00000,0.72375,0.24500,0.00000,none
22.63750,50.01192,38.37702,2.98881,-0.20562,0.00086,11.16994,0.67235,25.00000,25.00000,166.62298,0.48880,0.13548,0.93083,0.00000,0.72625,0.24625,0.00000,none
22.64167,50.01172,38.38022,2.98846,-0.20499,0.00084,11.17244,0.52786,25.00000,25.00000,166.61978,0.48840,0.13555,0.93104,0.00000,0.72875,0.24750,0.00000,none
22.64583,50.01152,38.38353,2.98810,-0.20435,0.00081,11.17433,0.38275,25.00000,25.00000,166.61647,0.48799,0.13562,0.93119,0.00000,0.73125,0.24875,0.00000,none
22.65000,50.01133,38.38693,2.98772,-0.20370,0.00079,11.17563,0.23703,25.00000,25.00000,166.61307,0.48759,0.13569,0.93130,0.00000,0.73375,0.25000,0.00000,none
22.65417,50.01114,38.39042,2.98733,-0.20304,0.00077,11.17631,0.09071,25.00000,25.00000,166.60958,0.48718,0.13575,0.93136,0.00000,0.73625,0.25125,0.00000,none
22.65833,50.01096,38.39401,2.98692,-0.20236,0.00074,11.17638,-0.05623,25.00000,25.00000,166.60599,0.48677,0.13582,0.93137,0.00000,0.73875,0.25250,0.00000,none
22.66250,50.01079,38.39769,2.98650,-0.20167,0.00072,11.17584,-0.20376,25.00000,25.00000,166.60231,0.48636,0.13589,0.93132,0.00000,0.74125,0.25375,0.00000,none
22.66667,50.01062,38.40147,2.98607,-0.20097,0.00070,11.17468,-0.35190,25.00000,25.00000,166.59853,0.48595,0.13596,0.93122,0.00000,0.74375,0.25500,0.00000,none
22.67083,50.01046,38.40534,2.98562,-0.20025,0.00067,11.17290,-0.50064,25.00000,25.00000,166.59466,0.48554,0.13602,0.93108,0.00000,0.74625,0.25625,0.00000,none
22.67500,50.01030,38.40930,2.98516,-0.19953,0.00065,11.17051,-0.64997,25.00000,25.00000,166.59070,0.48513,0.13609,0.93088,0.00000,0.74875,0.25750,0.00000,none
22.67917,50.01015,38.41335,2.98468,-0.19879,0.00063,11.16749,-0.79989,25.00000,25.00000,166.58665,0.48471,0.13616,0.93062,0.00000,0.75125,0.25875,0.00000,none
22.68333,50.01000,38.41749,2.98419,-0.19804,0.00060,11.16384,-0.95039,25.00000,25.00000,166.58251,0.48430,0.13623,0.93032,0.00000,0.75375,0.26000,0.00000,none
22.68750,50.00986,38.42172,2.98368,-0.19727,0.00058,11.15956,-1.10148,25.00000,25.00000,166.57828,0.48389,0.13629,0.92996,0.00000,0.75625,0.26125,0.00000,none
22.69167,50.00972,38.42604,2.98316,-0.19650,0.00056,11.15466,-1.25314,25.00000,25.00000,166.57396,0.48347,0.13636,0.92955,0.00000,0.75875,0.26250,0.00000,none
22.69583,50.00959,38.43045,2.98263,-0.19572,0.00054,11.14912,-1.40538,25.00000,25.00000,166.56955,0.48306,0.13643,0.92909,0.00000,0.76125,0.26375,0.00000,none
22.70000,50.00947,38.43494,2.98208,-0.19492,0.00051,11.14295,-1.55818,25.00000,25.00000,166.56506,0.48264,0.13650,0.92858,0.00000,0.76375,0.26500,0.00000,none
22.70417,50.00935,38.43953,2.98152,-0.19412,0.00049,11.13613,-1.71154,25.00000,25.00000,166.56047,0.48223,0.13657,0.92801,0.00000,0.76625,0.26625,0.00000,none
22.70833,50.00923,38.44419,2.98094,-0.19330,0.00047,11.12868,-1.86546,25.00000,25.00000,166.55581,0.48182,0.13663,0.92739,0.00000,0.76875,0.26750,0.00000,none
22.71250,50.00912,38.44894,2.98035,-0.19248,0.00045,11.12059,-2.01992,25.00000,25.00000,166.55106,0.48140,0.13670,0.92672,0.00000,0.77125,0.26875,0.00000,none
22.71667,50.00902,38.45377,2.97974,-0.19164,0.00043,11.11185,-2.17493,25.00000,25.00000,166.54623,0.48099,0.13677,0.92599,0.00000,0.77375,0.27000,0.00000,none
22.72083,50.00892,38.45869,2.97913,-0.19079,0.00041,11.10246,-2.33048,25.00000,25.00000,166.54131,0.48058,0.13684,0.92521,0.00000,0.77625,0.27125,0.00000,none
22.72500,50.00882,38.46368,2.97849,-0.18994,0.00039,11.09243,-2.48655,25.00000,25.00000,166.53632,0.48017,0.13691,0.92437,0.00000,0.77875,0.27250,0.00000,none
22.72917,50.00873,38.46876,2.97785,-0.18907,0.00037,11.08174,-2.64314,25.00000,25.00000,166.53124,0.47976,0.13698,0.92348,0.00000,0.78125,0.27375,0.00000,none
22.73333,50.00865,38.47391,2.97718,-0.18820,0.00034,11.07040,-2.80025,25.00000,25.00000,166.52609,0.47935,0.13705,0.92253,0.00000,0.78375,0.27500,0.00000,none
22.73750,50.00857,38.47914,2.97651,-0.18732,0.00032,11.05840,-2.95787,25.00000,25.00000,166.52086,0.47894,0.13712,0.92153,0.00000,0.78625,0.27625,0.00000,none
22.74167,50.00849,38.48445,2.97582,-0.18643,0.00030,11.04575,-3.11599,25.00000,25.00000,166.51555,0.47853,0.13719,0.92048,0.00000,0.78875,0.27750,0.00000,none
22.74583,50.00842,38.48983,2.97512,-0.18553,0.00029,11.03243,-3.27459,25.00000,25.00000,166.51017,0.47813,0.13726,0.91937,0.00000,0.79125,0.27875,0.00000,none
22.75000,50.00836,38.49529,2.97441,-0.18462,0.00027,11.01846,-3.43368,25.00000,25.00000,166.50471,0.47773,0.13734,0.91820,0.00000,0.79375,0.28000,0.00000,none
22.75417,50.00830,38.50081,2.97368,-0.18371,0.00025,11.00382,-3.59325,25.00000,25.00000,166.49919,0.47733,0.13741,0.91698,0.00000,0.79625,0.28125,0.00000,none
22.75833,50.00824,38.50641,2.97293,-0.18278,0.00023,10.98851,-3.75328,25.00000,25.00000,166.49359,0.47693,0.13748,0.91571,0.00000,0.79875,0.28250,0.00000,none
22.76250,50.00819,38.51208,2.97218,-0.18186,0.00021,10.97254,-3.91377,25.00000,25.00000,166.48792,0.47653,0.13756,0.91438,0.00000,0.80125,0.28375,0.00000,none
22.76667,50.00814,38.51782,2.97141,-0.18092,0.00019,10.95590,-4.07471,25.00000,25.00000,166.48218,0.47613,0.13763,0.91299,0.00000,0.80375,0.28500,0.00000,none
22.77083,50.00810,38.52363,2.97063,-0.17998,0.00017,10.93858,-4.23609,25.00000,25.00000,166.47637,0.47574,0.13771,0.91155,0.00000,0.80625,0.28625,0.00000,none
22.77500,50.00806,38.52950,2.96983,-0.17903,0.00016,10.92059,-4.39790,25.00000,25.00000,166.47050,0.47535,0.13778,0.91005,0.00000,0.80875,0.28750,0.00000,none
22.77917,50.00802,38.53544,2.96903,-0.17807,0.00014,10.90193,-4.56014,25.00000,25.00000,166.46456,0.47496,0.13786,0.90849,0.00000,0.81125,0.28875,0.00000,none
22.78333,50.00799,38.54144,2.96821,-0.17711,0.00012,10.88259,-4.72278,25.00000,25.00000,166.45856,0.47458,0.13793,0.90688,0.00000,0.81375,0.29000,0.00000,none
22.78750,50.00796,38.54751,2.96737,-0.17614,0.00011,10.86257,-4.88583,25.00000,25.00000,166.45249,0.47420,0.13801,0.90521,0.00000,0.81625,0.29125,0.00000,none
22.79167,50.00794,38.55363,2.96653,-0.17517,0.00009,10.84188,-5.04927,25.00000,25.00000,166.44637,0.47382,0.13809,0.90349,0.00000,0.81875,0.29250,0.00000,none
22.79583,50.00792,38.55981,2.96567,-0.17419,0.00007,10.82050,-5.21310,25.00000,25.00000,166.44019,0.47344,0.13817,0.90171,0.00000,0.82125,0.29375,0.00000,none
22.80000,50.00791,38.56606,2.96480,-0.17321,0.00006,10.79843,-5.37730,25.00000,25.00000,166.43394,0.47307,0.13825,0.89987,0.00000,0.82375,0.29500,0.00000,none
22.80417,50.00789,38.57236,2.96392,-0.17222,0.00004,10.77568,-5.54186,25.00000,25.00000,166.42764,0.47270,0.13833,0.89797,0.00000,0.82625,0.29625,0.00000,none
22.80833,50.00789,38.57871,2.96302,-0.17123,0.00003,10.75225,-5.70678,25.00000,25.00000,166.42129,0.47234,0.13841,0.89602,0.00000,0.82875,0.29750,0.00000,none
22.81250,50.00788,38.58512,2.96211,-0.17023,0.00001,10.72813,-5.87204,25.00000,25.00000,166.41488,0.47197,0.13850,0.89401,0.00000,0.83125,0.29875,0.00000,none
22.81667,50.00788,38.59158,2.96120,-0.16923,-0.00000,10.70331,-6.03763,25.00000,25.00000,166.40842,0.47162,0.13858,0.89194,0.00000,0.83375,0.30000,0.00000,none
22.82083,50.00788,38.59809,2.96027,-0.16823,-0.00002,10.67781,-6.20355,25.00000,25.00000,166.40191,0.47126,0.13866,0.88982,0.00000,0.83625,0.30125,0.00000,none
22.82500,50.00789,38.60464,2.95932,-0.16722,-0.00003,10.65162,-6.36978,25.00000,25.00000,166.39536,0.47091,0.13875,0.88763,0.00000,0.83875,0.30250,0.00000,none
22.82917,50.00790,38.61125,2.95837,-0.16621,-0.00004,10.62473,-6.53630,25.00000,25.00000,166.38875,0.47057,0.13883,0.88539,0.00000,0.84125,0.30375,0.00000,none
22.83333,50.00791,38.61790,2.95741,-0.16520,-0.00006,10.59715,-6.70312,25.00000,25.00000,166.38210,0.47023,0.13892,0.88310,0.00000,0.84375,0.30500,0.00000,none
22.83750,50.00793,38.62460,2.95643,-0.16419,-0.00007,10.56887,-6.87022,25.00000,25.00000,166.37540,0.46989,0.13901,0.88074,0.00000,0.84625,0.30625,0.00000,none
22.84167,50.00794,38.63134,2.95545,-0.16317,-0.00008,10.53989,-7.03759,25.00000,25.00000,166.36866,0.46956,0.13910,0.87832,0.00000,0.84875,0.30750,0.00000,none
22.84583,50.00796,38.63813,2.95445,-0.16215,-0.00009,10.51022,-7.20522,25.00000,25.00000,166.36187,0.46923,0.13919,0.87585,0.00000,0.85125,0.30875,0.00000,none
22.85000,50.00799,38.64495,2.95344,-0.16113,-0.00011,10.47985,-7.37310,25.00000,25.00000,166.35505,0.46891,0.13928,0.87332,0.00000,0.85375,0.31000,0.00000,none
22.85417,50.00802,38.65181,2.95242,-0.16011,-0.00012,10.44878,-7.54121,25.00000,25.00000,166.34819,0.46859,0.13937,0.87073,0.00000,0.85625,0.31125,0.00000,none
22.85833,50.00805,38.65871,2.95139,-0.15909,-0.00013,10.41701,-7.70954,25.00000,25.00000,166.34129,0.46828,0.13947,0.86808,0.00000,0.85875,0.31250,0.00000,none
22.86250,50.00808,38.66564,2.95036,-0.15806,-0.00014,10.38453,-7.87809,25.00000,25.00000,166.33436,0.46797,0.13956,0.86538,0.00000,0.86125,0.31375,0.00000,none
22.86667,50.00811,38.67260,2.94931,-0.15704,-0.00015,10.35135,-8.04685,25.00000,25.00000,166.32740,0.46767,0.13966,0.86261,0.00000,0.86375,0.31500,0.00000,none
22.87083,50.00815,38.67960,2.94825,-0.15602,-0.00016,10.31747,-8.21579,25.00000,25.00000,166.32040,0.46737,0.13975,0.85979,0.00000,0.86625,0.31625,0.00000,none
22.87500,50.00819,38.68663,2.94718,-0.15499,-0.00017,10.28289,-8.38492,25.00000,25.00000,166.31337,0.46708,0.13985,0.85691,0.00000,0.86875,0.31750,0.00000,none
22.87917,50.00823,38.69369,2.94610,-0.15397,-0.00018,10.24760,-8.55421,25.00000,25.00000,166.30631,0.46680,0.13995,0.85397,0.00000,0.87125,0.31875,0.00000,none
22.88333,50.00827,38.70077,2.94502,-0.15295,-0.00019,10.21160,-8.72367,25.00000,25.00000,166.29923,0.46652,0.14005,0.85097,0.00000,0.87375,0.32000,0.00000,none
22.88750,50.00832,38.70788,2.94392,-0.15193,-0.00020,10.17490,-8.89327,25.00000,25.00000,166.29212,0.46624,0.14016,0.84791,0.00000,0.87625,0.32125,0.00000,none
22.89167,50.00837,38.71501,2.94282,-0.15091,-0.00021,10.13749,-9.06300,25.00000,25.00000,166.28499,0.46598,0.14026,0.84479,0.00000,0.87875,0.32250,0.00000,none
22.89583,50.00842,38.72216,2.94171,-0.14989,-0.00021,10.09937,-9.23286,25.00000,25.00000,166.27784,0.46572,0.14036,0.84161,0.00000,0.88125,0.32375,0.00000,none
22.90000,50.00847,38.72934,2.94058,-0.14887,-0.00022,10.06055,-9.40283,25.00000,25.00000,166.27066,0.46547,0.14047,0.83838,0.00000,0.88375,0.32500,0.00000,none
22.90417,50.00852,38.73653,2.93945,-0.14786,-0.00023,10.02102,-9.57291,25.00000,25.00000,166.26347,0.46522,0.14058,0.83508,0.00000,0.88625,0.32625,0.00000,none
22.90833,50.00858,38.74374,2.93832,-0.14685,-0.00024,9.98077,-9.74307,25.00000,25.00000,166.25626,0.46498,0.14069,0.83173,0.00000,0.88875,0.32750,0.00000,none
22.91250,50.00864,38.75096,2.93717,-0.14584,-0.00024,9.93982,-9.91331,25.00000,25.00000,166.24904,0.46475,0.14080,0.82832,0.00000,0.89125,0.32875,0.00000,none
22.91667,50.00870,38.75819,2.93602,-0.14483,-0.00025,9.89816,-10.08361,25.00000,25.00000,166.24181,0.46452,0.14091,0.82485,0.00000,0.89375,0.33000,0.00000,none
22.92083,50.00876,38.76544,2.93486,-0.14383,-0.00025,9.85579,-10.25397,25.00000,25.00000,166.23456,0.46430,0.14102,0.82132,0.00000,0.89625,0.33125,0.00000,none
22.92500,50.00882,38.77270,2.93369,-0.14283,-0.00026,9.81271,-10.42438,25.00000,25.00000,166.22730,0.46409,0.14114,0.81773,0.00000,0.89875,0.33250,0.00000,none
22.92917,50.00888,38.77996,2.93251,-0.14184,-0.00027,9.76892,-10.59481,25.00000,25.00000,166.22004,0.46389,0.14125,0.81408,0.00000,0.90125,0.33375,0.00000,none
22.93333,50.00894,38.78723,2.93133,-0.14085,-0.00027,9.72442,-10.76526,25.00000,25.00000,166.21277,0.46369,0.14137,0.81037,0.00000,0.90375,0.33500,0.00000,none
22.93750,50.00901,38.79451,2.93014,-0.13986,-0.00028,9.67921,-10.93573,25.00000,25.00000,166.20549,0.46350,0.14149,0.80660,0.00000,0.90625,0.33625,0.00000,none
22.94167,50.00908,38.80178,2.92895,-0.13888,-0.00028,9.63329,-11.10619,25.00000,25.00000,166.19822,0.46332,0.14161,0.80277,0.00000,0.90875,0.33750,0.00000,none
22.94583,50.00914,38.80906,2.92775,-0.13790,-0.00028,9.58666,-11.27663,25.00000,25.00000,166.19094,0.46315,0.14173,0.79889,0.00000,0.91125,0.33875,0.00000,none
22.95000,50.00921,38.81633,2.92654,-0.13693,-0.00029,9.53932,-11.44705,25.00000,25.00000,166.18367,0.46299,0.14186,0.79494,0.00000,0.91375,0.34000,0.00000,none
22.95417,50.00928,38.82360,2.92533,-0.13597,-0.00029,9.49127,-11.61743,25.00000,25.00000,166.17640,0.46283,0.14199,0.79094,0.00000,0.91625,0.34125,0.00000,none
22.95833,50.00935,38.83087,2.92411,-0.13501,-0.00029,9.44251,-11.78776,25.00000,25.00000,166.16913,0.46269,0.14211,0.78688,0.00000,0.91875,0.34250,0.00000,none
22.96250,50.00942,38.83813,2.92288,-0.13406,-0.00030,9.39304,-11.95802,25.00000,25.00000,166.16187,0.46255,0.14224,0.78275,0.00000,0.92125,0.34375,0.00000,none
22.96667,50.00949,38.84538,2.92165,-0.13312,-0.00030,9.34286,-12.12821,25.00000,25.00000,166.15462,0.46242,0.14237,0.77857,0.00000,0.92375,0.34500,0.00000,none
22.97083,50.00956,38.85261,2.92042,-0.13218,-0.00030,9.29197,-12.29832,25.00000,25.00000,166.14739,0.46230,0.14251,0.77433,0.00000,0.92625,0.34625,0.00000,none
22.97500,50.00964,38.85984,2.91918,-0.13125,-0.00030,9.24037,-12.46833,25.00000,25.00000,166.14016,0.46219,0.14264,0.77003,0.00000,0.92875,0.34750,0.00000,none
22.97917,50.00971,38.86705,2.91794,-0.13033,-0.00031,9.18806,-12.63823,25.00000,25.00000,166.13295,0.46209,0.14278,0.76567,0.00000,0.93125,0.34875,0.00000,none
22.98333,50.00978,38.87424,2.91669,-0.12941,-0.00031,9.13505,-12.80800,25.00000,25.00000,166.12576,0.46199,0.14292,0.76125,0.00000,0.93375,0.35000,0.00000,none
22.98750,50.00986,38.88141,2.91544,-0.12851,-0.00031,9.08133,-12.97765,25.00000,25.00000,166.11859,0.46191,0.14306,0.75678,0.00000,0.93625,0.35125,0.00000,none
22.99167,50.00993,38.88857,2.91419,-0.12761,-0.00031,9.02690,-13.14715,25.00000,25.00000,166.11143,0.46184,0.14320,0.75224,0.00000,0.93875,0.35250,0.00000,none
22.99583,50.01000,38.89569,2.91293,-0.12672,-0.00031,8.97177,-13.31649,25.00000,25.00000,166.10431,0.46177,0.14335,0.74765,0.00000,0.94125,0.35375,0.00000,none
23.00000,50.01008,38.90271,2.91168,-0.12586,-0.00031,8.91593,-13.48553,25.00000,25.00000,166.09729,0.46203,0.14340,0.74299,0.00000,0.94125,0.35500,0.00000,none
23.00417,50.01015,38.90961,2.91043,-0.12503,-0.00031,8.85939,-13.65428,25.00000,25.00000,166.09039,0.46229,0.14346,0.73828,0.00000,0.94125,0.35625,0.00000,none
23.00833,50.01022,38.91641,2.90918,-0.12422,-0.00030,8.80215,-13.82271,25.00000,25.00000,166.08359,0.46254,0.14352,0.73351,0.00000,0.94125,0.35750,0.00000,none
23.01250,50.01029,38.92310,2.90795,-0.12344,-0.00030,8.74420,-13.99084,25.00000,25.00000,166.07690,0.46278,0.14357,0.72868,0.00000,0.94125,0.35875,0.00000,none
23.01667,50.01036,38.92969,2.90671,-0.12268,-0.00029,8.68556,-14.15865,25.00000,25.00000,166.07031,0.46302,0.14363,0.72380,0.00000,0.94125,0.36000,0.00000,none
23.02083,50.01043,38.93617,2.90548,-0.12194,-0.00028,8.62621,-14.32613,25.00000,25.00000,166.06383,0.46326,0.14368,0.71885,0.00000,0.94125,0.36125,0.00000,none
23.02500,50.01050,38.94256,2.90426,-0.12122,-0.00028,8.56617,-14.49327,25.00000,25.00000,166.05744,0.46350,0.14374,0.71385,0.00000,0.94125,0.36250,0.00000,none
23.02917,50.01057,38.94885,2.90304,-0.12053,-0.00027,8.50544,-14.66008,25.00000,25.00000,166.05115,0.46373,0.14379,0.70879,0.00000,0.94125,0.36375,0.00000,none
23.03333,50.01063,38.95505,2.90182,-0.11986,-0.00026,8.44401,-14.82655,25.00000,25.00000,166.04495,0.46396,0.14384,0.70367,0.00000,0.94125,0.36500,0.00000,none
23.03750,50.01069,38.96115,2.90061,-0.11921,-0.00026,8.38188,-14.99265,25.00000,25.00000,166.03885,0.46418,0.14389,0.69849,0.00000,0.94125,0.36625,0.00000,none
23.04167,50.01075,38.96717,2.89940,-0.11858,-0.00025,8.31907,-15.15840,25.00000,25.00000,166.03283,0.46440,0.14394,0.69326,0.00000,0.94125,0.36750,0.00000,none
23.04583,50.01081,38.97311,2.89819,-0.11797,-0.00024,8.25556,-15.32378,25.00000,25.00000,166.02689,0.46462,0.14399,0.68796,0.00000,0.94125,0.36875,0.00000,none
23.05000,50.01087,38.97896,2.89699,-0.11738,-0.00023,8.19137,-15.48879,25.00000,25.00000,166.02104,0.46484,0.14404,0.68261,0.00000,0.94125,0.37000,0.00000,none
23.05417,50.01092,38.98472,2.89580,-0.11681,-0.00023,8.12649,-15.65341,25.00000,25.00000,166.01528,0.46505,0.14409,0.67721,0.00000,0.94125,0.37125,0.00000,none
23.05833,50.01098,38.99041,2.89460,-0.11625,-0.00022,8.06092,-15.81764,25.00000,25.00000,166.00959,0.46526,0.14414,0.67174,0.00000,0.94125,0.37250,0.00000,none
23.06250,50.01103,38.99602,2.89342,-0.11571,-0.00021,7.99468,-15.98147,25.00000,25.00000,166.00398,0.46547,0.14418,0.66622,0.00000,0.94125,0.37375,0.00000,none
23.06667,50.01108,39.00156,2.89223,-0.11519,-0.00021,7.92775,-16.14489,25.00000,25.00000,165.99844,0.46567,0.14423,0.66065,0.00000,0.94125,0.37500,0.00000,none
23.07083,50.01113,39.00702,2.89105,-0.11469,-0.00020,7.86014,-16.30790,25.00000,25.00000,165.99298,0.46588,0.14428,0.65501,0.00000,0.94125,0.37625,0.00000,none
23.07500,50.01117,39.01241,2.88988,-0.11420,-0.00019,7.79185,-16.47049,25.00000,25.00000,165.98759,0.46608,0.14432,0.64932,0.00000,0.94125,0.37750,0.00000,none
23.07917,50.01122,39.01774,2.88870,-0.11372,-0.00019,7.72288,-16.63264,25.00000,25.00000,165.98226,0.46627,0.14437,0.64357,0.00000,0.94125,0.37875,0.00000,none
23.08333,50.01126,39.02299,2.88753,-0.11327,-0.00018,7.65324,-16.79435,25.00000,25.00000,165.97701,0.46647,0.14441,0.63777,0.00000,0.94125,0.38000,0.00000,none
23.08750,50.01130,39.02819,2.88637,-0.11282,-0.00018,7.58293,-16.95561,25.00000,25.00000,165.97181,0.46666,0.14446,0.63191,0.00000,0.94125,0.38125,0.00000,none
23.09167,50.01135,39.03331,2.88521,-0.11239,-0.00017,7.51195,-17.11641,25.00000,25.00000,165.96669,0.46685,0.14450,0.62600,0.00000,0.94125,0.38250,0.00000,none
23.09583,50.01139,39.03838,2.88405,-0.11198,-0.00017,7.44029,-17.27674,25.00000,25.00000,165.96162,0.46704,0.14454,0.62002,0.00000,0.94125,0.38375,0.00000,none
23.10000,50.01142,39.04338,2.88289,-0.11157,-0.00016,7.36797,-17.43659,25.00000,25.00000,165.95662,0.46723,0.14459,0.61400,0.00000,0.94125,0.38500,0.00000,none
23.10417,50.01146,39.04833,2.88174,-0.11118,-0.00016,7.29499,-17.59595,25.00000,25.00000,165.95167,0.46741,0.14463,0.60792,0.00000,0.94125,0.38625,0.00000,none
23.10833,50.01150,39.05322,2.88059,-0.11080,-0.00015,7.22134,-17.75482,25.00000,25.00000,165.94678,0.46760,0.14467,0.60178,0.00000,0.94125,0.38750,0.00000,none
23.11250,50.01153,39.05806,2.87945,-0.11044,-0.00015,7.14703,-17.91317,25.00000,25.00000,165.94194,0.46778,0.14471,0.59559,0.00000,0.94125,0.38875,0.00000,none
23.11667,50.01157,39.06284,2.87831,-0.11008,-0.00015,7.07207,-18.07043,25.00000,25.00000,165.93716,0.46795,0.14475,0.58934,0.00000,0.94125,0.38833,0.00000,none
23.12083,50.01160,39.06757,2.87717,-0.10974,-0.00014,6.99645,-18.22659,25.00000,25.00000,165.93243,0.46813,0.14479,0.58304,0.00000,0.94125,0.38792,0.00000,none
23.12500,50.01164,39.07225,2.87604,-0.10941,-0.00014,6.92018,-18.38163,25.00000,25.00000,165.92775,0.46831,0.14483,0.57668,0.00000,0.94125,0.38750,0.00000,none
23.12917,50.01167,39.07688,2.87491,-0.10909,-0.00014,6.84327,-18.53554,25.00000,25.00000,165.92312,0.46848,0.14487,0.57027,0.00000,0.94125,0.38708,0.00000,none
23.13333,50.01170,39.08146,2.87378,-0.10877,-0.00014,6.76572,-18.68832,25.00000,25.00000,165.91854,0.46865,0.14491,0.56381,0.00000,0.94125,0.38667,0.00000,none
23.13750,50.01174,39.08599,2.87266,-0.10847,-0.00013,6.68753,-18.83996,25.00000,25.00000,165.91401,0.46882,0.14495,0.55729,0.00000,0.94125,0.38625,0.00000,none
23.14167,50.01177,39.09048,2.87154,-0.10818,-0.00013,6.60872,-18.99044,25.00000,25.00000,165.90952,0.46898,0.14499,0.55073,0.00000,0.94125,0.38583,0.00000,none
23.14583,50.01180,39.09493,2.87042,-0.10790,-0.00013,6.52928,-19.13976,25.00000,25.00000,165.90507,0.46915,0.14503,0.54411,0.00000,0.94125,0.38542,0.00000,none
23.15000,50.01183,39.09933,2.86930,-0.10762,-0.00013,6.44922,-19.28792,25.00000,25.00000,165.90067,0.46931,0.14506,0.53744,0.00000,0.94125,0.38500,0.00000,none
23.15417,50.01186,39.10369,2.86819,-0.10736,-0.00013,6.36855,-19.43489,25.00000,25.00000,165.89631,0.46948,0.14510,0.53071,0.00000,0.94125,0.38458,0.00000,none
23.15833,50.01189,39.10801,2.86708,-0.10710,-0.00013,6.28727,-19.58067,25.00000,25.00000,165.89199,0.46964,0.14514,0.52394,0.00000,0.94125,0.38417,0.00000,none
23.16250,50.01192,39.11229,2.86598,-0.10686,-0.00013,6.20538,-19.72525,25.00000,25.00000,165.88771,0.46980,0.14517,0.51712,0.00000,0.94125,0.38375,0.00000,none
23.16667,50.01195,39.11654,2.86488,-0.10662,-0.00013,6.12289,-19.86861,25.00000,25.00000,165.88346,0.46996,0.14521,0.51024,0.00000,0.94125,0.38333,0.00000,none
23.17083,50.01198,39.12074,2.86378,-0.10638,-0.00013,6.03981,-20.01076,25.00000,25.00000,165.87926,0.47011,0.14525,0.50332,0.00000,0.94125,0.38292,0.00000,none
23.17500,50.01201,39.12491,2.86268,-0.10616,-0.00013,5.95614,-20.15167,25.00000,25.00000,165.87509,0.47027,0.14528,0.49634,0.00000,0.94125,0.38250,0.00000,none
23.17917,50.01204,39.12899,2.86159,-0.10595,-0.00013,5.87188,-20.29127,25.00000,25.00000,165.87101,0.47058,0.14528,0.48932,0.00000,0.94000,0.38208,0.00000,none
23.18333,50.01207,39.13300,2.86051,-0.10576,-0.00013,5.78705,-20.42956,25.00000,25.00000,165.86700,0.47090,0.14527,0.48225,0.00000,0.93875,0.38167,0.00000,none
23.18750,50.01211,39.13692,2.85944,-0.10558,-0.00013,5.70164,-20.56651,25.00000,25.00000,165.86308,0.47122,0.14526,0.47514,0.00000,0.93750,0.38125,0.00000,none
23.19167,50.01214,39.14077,2.85837,-0.10542,-0.00013,5.61566,-20.70211,25.00000,25.00000,165.85923,0.47153,0.14526,0.46797,0.00000,0.93625,0.38083,0.00000,none
23.19583,50.01217,39.14454,2.85731,-0.10528,-0.00013,5.52912,-20.83636,25.00000,25.00000,165.85546,0.47185,0.14525,0.46076,0.00000,0.93500,0.38042,0.00000,none
23.20000,50.01220,39.14823,2.85626,-0.10515,-0.00013,5.44203,-20.96923,25.00000,25.00000,165.85177,0.47217,0.14524,0.45350,0.00000,0.93375,0.38000,0.00000,none
23.20417,50.01223,39.15184,2.85521,-0.10503,-0.00013,5.35438,-21.10072,25.00000,25.00000,165.84816,0.47248,0.14523,0.44620,0.00000,0.93250,0.37958,0.00000,none
23.20833,50.01226,39.15538,2.85417,-0.10493,-0.00013,5.26619,-21.23081,25.00000,25.00000,165.84462,0.47280,0.14523,0.43885,0.00000,0.93125,0.37917,0.00000,none
23.21250,50.01229,39.15884,2.85314,-0.10484,-0.00013,5.17746,-21.35950,25.00000,25.00000,165.84116,0.47312,0.14522,0.43145,0.00000,0.93000,0.37875,0.00000,none
23.21667,50.01232,39.16223,2.85212,-0.10477,-0.00013,5.08820,-21.48676,25.00000,25.00000,165.83777,0.47343,0.14521,0.42402,0.00000,0.92875,0.37833,0.00000,none
23.22083,50.01235,39.16554,2.85110,-0.10471,-0.00013,4.99841,-21.61258,25.00000,25.00000,165.83446,0.47375,0.14521,0.41653,0.00000,0.92750,0.37792,0.00000,none
23.22500,50.01238,39.16878,2.85009,-0.10467,-0.00013,4.90809,-21.73696,25.00000,25.00000,165.83122,0.47407,0.14520,0.40901,0.00000,0.92625,0.37750,0.00000,none
23.22917,50.01241,39.17195,2.84909,-0.10464,-0.00013,4.81727,-21.85987,25.00000,25.00000,165.82805,0.47438,0.14519,0.40144,0.00000,0.92500,0.37708,0.00000,none
23.23333,50.01244,39.17505,2.84810,-0.10462,-0.00013,4.72593,-21.98130,25.00000,25.00000,165.82495,0.47470,0.14518,0.39383,0.00000,0.92375,0.37667,0.00000,none
23.23750,50.01247,39.17808,2.84711,-0.10461,-0.00013,4.63409,-22.10125,25.00000,25.00000,165.82192,0.47502,0.14518,0.38617,0.00000,0.92250,0.37625,0.00000,none
23.24167,50.01251,39.18104,2.84613,-0.10462,-0.00013,4.54175,-22.21969,25.00000,25.00000,165.81896,0.47533,0.14517,0.37848,0.00000,0.92125,0.37583,0.00000,none
23.24583,50.01254,39.18393,2.84516,-0.10464,-0.00014,4.44893,-22.33661,25.00000,25.00000,165.81607,0.47565,0.14516,0.37074,0.00000,0.92000,0.37542,0.00000,none
23.25000,50.01257,39.18675,2.84420,-0.10467,-0.00014,4.35562,-22.45200,25.00000,25.00000,165.81325,0.47596,0.14516,0.36297,0.00000,0.91875,0.37500,0.00000,none
23.25417,50.01260,39.18951,2.84325,-0.10472,-0.00014,4.26183,-22.56584,25.00000,25.00000,165.81049,0.47628,0.14515,0.35515,0.00000,0.91750,0.37458,0.00000,none
23.25833,50.01264,39.19220,2.84230,-0.10477,-0.00014,4.16757,-22.67813,25.00000,25.00000,165.80780,0.47660,0.14514,0.34730,0.00000,0.91625,0.37417,0.00000,none
23.26250,50.01267,39.19483,2.84136,-0.10484,-0.00015,4.07285,-22.78884,25.00000,25.00000,165.80517,0.47691,0.14513,0.33940,0.00000,0.91500,0.37375,0.00000,none
23.26667,50.01271,39.19739,2.84042,-0.10492,-0.00015,3.97767,-22.89796,25.00000,25.00000,165.80261,0.47723,0.14513,0.33147,0.00000,0.91375,0.37333,0.00000,none
23.27083,50.01274,39.19988,2.83950,-0.10501,-0.00015,3.88204,-23.00547,25.00000,25.00000,165.80012,0.47755,0.14512,0.32350,0.00000,0.91250,0.37292,0.00000,none
23.27500,50.01278,39.20232,2.83858,-0.10511,-0.00016,3.78596,-23.11137,25.00000,25.00000,165.79768,0.47786,0.14511,0.31550,0.00000,0.91125,0.37250,0.00000,none
23.27917,50.01282,39.20469,2.83767,-0.10522,-0.00016,3.68944,-23.21564,25.00000,25.00000,165.79531,0.47818,0.14510,0.30745,0.00000,0.91000,0.37208,0.00000,none
23.28333,50.01286,39.20699,2.83677,-0.10534,-0.00017,3.59250,-23.31826,25.00000,25.00000,165.79301,0.47850,0.14510,0.29937,0.00000,0.90875,0.37167,0.00000,none
23.28750,50.01290,39.20924,2.83588,-0.10548,-0.00017,3.49513,-23.41921,25.00000,25.00000,165.79076,0.47881,0.14509,0.29126,0.00000,0.90750,0.37125,0.00000,none
23.29167,50.01294,39.21143,2.83499,-0.10562,-0.00018,3.39734,-23.51849,25.00000,25.00000,165.78857,0.47913,0.14508,0.28311,0.00000,0.90625,0.37083,0.00000,none
23.29583,50.01298,39.21355,2.83411,-0.10577,-0.00018,3.29914,-23.61608,25.00000,25.00000,165.78645,0.47945,0.14507,0.27493,0.00000,0.90500,0.37042,0.00000,none
23.30000,50.01302,39.21562,2.83324,-0.10594,-0.00019,3.20054,-23.71196,25.00000,25.00000,165.78438,0.47976,0.14507,0.26671,0.00000,0.90375,0.37000,0.00000,none
23.30417,50.01307,39.21763,2.83238,-0.10611,-0.00019,3.10154,-23.80613,25.00000,25.00000,165.78237,0.48008,0.14506,0.25846,0.00000,0.90250,0.36958,0.00000,none
23.30833,50.01312,39.21958,2.83153,-0.10629,-0.00020,3.00216,-23.89855,25.00000,25.00000,165.78042,0.48040,0.14505,0.25018,0.00000,0.90125,0.36917,0.00000,none
23.31250,50.01317,39.22147,2.83068,-0.10649,-0.00021,2.90239,-23.98922,25.00000,25.00000,165.77853,0.48071,0.14504,0.24187,0.00000,0.90000,0.36875,0.00000,none
23.31667,50.01322,39.22331,2.82984,-0.10669,-0.00022,2.80225,-24.07813,25.00000,25.00000,165.77669,0.48103,0.14504,0.23352,0.00000,0.89875,0.36833,0.00000,none
23.32083,50.01327,39.22509,2.82901,-0.10690,-0.00022,2.70174,-24.16526,25.00000,25.00000,165.77491,0.48134,0.14503,0.22515,0.00000,0.89750,0.36792,0.00000,none
23.32500,50.01332,39.22681,2.82819,-0.10712,-0.00023,2.60088,-24.25059,25.00000,25.00000,165.77319,0.48166,0.14502,0.21674,0.00000,0.89625,0.36750,0.00000,none
23.32917,50.01338,39.22848,2.82737,-0.10735,-0.00024,2.49966,-24.33411,25.00000,25.00000,165.77152,0.48198,0.14501,0.20830,0.00000,0.89500,0.36708,0.00000,none
23.33333,50.01344,39.23009,2.82657,-0.10758,-0.00025,2.39810,-24.41580,25.00000,25.00000,165.76991,0.48229,0.14501,0.19984,0.00000,0.89375,0.36667,0.00000,none
23.33750,50.01350,39.23165,2.82577,-0.10783,-0.00026,2.29620,-24.49565,25.00000,25.00000,165.76835,0.48261,0.14500,0.19135,0.00000,0.89250,0.36625,0.00000,none
23.34167,50.01356,39.23316,2.82498,-0.10808,-0.00027,2.19397,-24.57365,25.00000,25.00000,165.76684,0.48293,0.14499,0.18283,0.00000,0.89125,0.36583,0.00000,none
23.34583,50.01362,39.23461,2.82419,-0.10834,-0.00028,2.09142,-24.64977,25.00000,25.00000,165.76539,0.48324,0.14498,0.17428,0.00000,0.89000,0.36542,0.00000,none
23.35000,50.01369,39.23601,2.82342,-0.10861,-0.00029,1.98856,-24.72400,25.00000,25.00000,165.76399,0.48356,0.14497,0.16571,0.00000,0.88875,0.36500,0.00000,none
23.35417,50.01376,39.23736,2.82265,-0.10889,-0.00030,1.88539,-24.79634,25.00000,25.00000,165.76264,0.48387,0.14497,0.15712,0.00000,0.88750,0.36458,0.00000,none
23.35833,50.01383,39.23866,2.82189,-0.10918,-0.00031,1.78192,-24.86675,25.00000,25.00000,165.76134,0.48419,0.14496,0.14849,0.00000,0.88625,0.36417,0.00000,none
23.36250,50.01391,39.23991,2.82114,-0.10947,-0.00032,1.67817,-24.93524,25.00000,25.00000,165.76009,0.48451,0.14495,0.13985,0.00000,0.88500,0.36375,0.00000,none
23.36667,50.01398,39.24111,2.82040,-0.10977,-0.00033,1.57413,-25.00177,25.00000,25.00000,165.75889,0.48482,0.14494,0.13118,0.00000,0.88375,0.36333,0.00000,none
23.37083,50.01406,39.24225,2.81967,-0.11008,-0.00034,1.46982,-25.06635,25.00000,25.00000,165.75775,0.48514,0.14494,0.12249,0.00000,0.88250,0.36292,0.00000,none
23.37500,50.01415,39.24335,2.81894,-0.11040,-0.00035,1.36525,-25.12895,25.00000,25.00000,165.75665,0.48545,0.14493,0.11377,0.00000,0.88125,0.36250,0.00000,none
23.37917,50.01423,39.24440,2.81823,-0.11072,-0.00037,1.26042,-25.18955,25.00000,25.00000,165.75560,0.48577,0.14492,0.10503,0.00000,0.88000,0.36208,0.00000,none
23.38333,50.01432,39.24540,2.81752,-0.11105,-0.00038,1.15534,-25.24815,25.00000,25.00000,165.75460,0.48608,0.14491,0.09628,0.00000,0.87875,0.36167,0.00000,none
23.38750,50.01441,39.24635,2.81682,-0.11139,-0.00039,1.05002,-25.30473,25.00000,25.00000,165.75365,0.48640,0.14490,0.08750,0.00000,0.87750,0.36125,0.00000,none
23.39167,50.01451,39.24726,2.81612,-0.11173,-0.00040,0.94447,-25.35927,25.00000,25.00000,165.75274,0.48671,0.14489,0.07871,0.00000,0.87625,0.36083,0.00000,none
23.39583,50.01461,39.24812,2.81544,-0.11208,-0.00042,0.83870,-25.41175,25.00000,25.00000,165.75188,0.48703,0.14489,0.06989,0.00000,0.87500,0.36042,0.00000,none
23.40000,50.01471,39.24893,2.81476,-0.11244,-0.00043,0.73271,-25.46218,25.00000,25.00000,165.75107,0.48734,0.14488,0.06106,0.00000,0.87375,0.36000,0.00000,none
23.40417,50.01481,39.24970,2.81410,-0.11280,-0.00045,0.62651,-25.51052,25.00000,25.00000,165.75030,0.48765,0.14487,0.05221,0.00000,0.87250,0.35958,0.00000,none
23.40833,50.01492,39.25042,2.81344,-0.11317,-0.00046,0.52012,-25.55676,25.00000,25.00000,165.74958,0.48797,0.14486,0.04334,0.00000,0.87125,0.35917,0.00000,none
23.41250,50.01503,39.25110,2.81278,-0.11354,-0.00048,0.41354,-25.60090,25.00000,25.00000,165.74890,0.48828,0.14485,0.03446,0.00000,0.87000,0.35875,0.00000,none
23.41667,50.01515,39.25173,2.81214,-0.11392,-0.00049,0.30679,-25.64292,25.00000,25.00000,165.74827,0.48859,0.14484,0.02557,0.00000,0.86875,0.35833,0.00000,none
23.42083,50.01527,39.25232,2.81151,-0.11431,-0.00051,0.19986,-25.68279,25.00000,25.00000,165.74768,0.48891,0.14484,0.01665,0.00000,0.86750,0.35792,0.00000,none
23.42500,50.01539,39.25286,2.81088,-0.11470,-0.00052,0.09277,-25.72052,25.00000,25.00000,165.74714,0.48922,0.14483,0.00773,0.00000,0.86625,0.35750,0.00000,none
23.42917,50.01552,39.25336,2.81026,-0.11510,-0.00054,-0.01448,-25.75597,25.00000,25.00000,165.74664,0.48953,0.14482,0.00145,0.00000,0.86500,0.35708,0.00000,none
23.43333,50.01565,39.25383,2.80965,-0.11550,-0.00055,-0.12186,-25.78593,25.00000,25.00000,165.74617,0.48985,0.14481,0.01219,0.00000,0.86375,0.35583,0.00000,none
23.43750,50.01578,39.25425,2.80905,-0.11591,-0.00057,-0.22935,-25.80856,25.00000,25.00000,165.74575,0.49016,0.14480,0.02294,0.00000,0.86250,0.35458,0.00000,none
23.44167,50.01592,39.25464,2.80845,-0.11633,-0.00058,-0.33692,-25.82395,25.00000,25.00000,165.74536,0.49047,0.14479,0.03369,0.00000,0.86125,0.35333,0.00000,none
23.44583,50.01605,39.25498,2.80786,-0.11675,-0.00059,-0.44454,-25.83219,25.00000,25.00000,165.74502,0.49078,0.14478,0.04445,0.00000,0.86000,0.35208,0.00000,none
23.45000,50.01620,39.25529,2.80728,-0.11717,-0.00060,-0.55218,-25.83335,25.00000,25.00000,165.74471,0.49109,0.14477,0.05522,0.00000,0.85875,0.35083,0.00000,none
23.45417,50.01634,39.25556,2.80670,-0.11760,-0.00061,-0.65981,-25.82754,25.00000,25.00000,165.74444,0.49141,0.14477,0.06598,0.00000,0.85750,0.34958,0.00000,none
23.45833,50.01648,39.25579,2.80613,-0.11804,-0.00061,-0.76740,-25.81485,25.00000,25.00000,165.74421,0.49172,0.14476,0.07674,0.00000,0.85625,0.34833,0.00000,none
23.46250,50.01663,39.25598,2.80557,-0.11848,-0.00062,-0.87492,-25.79537,25.00000,25.00000,165.74402,0.49203,0.14475,0.08749,0.00000,0.85500,0.34708,0.00000,none
23.46667,50.01678,39.25613,2.80501,-0.11893,-0.00063,-0.98235,-25.76919,25.00000,25.00000,165.74387,0.49234,0.14474,0.09823,0.00000,0.85375,0.34583,0.00000,none
23.47083,50.01693,39.25624,2.80446,-0.11938,-0.00063,-1.08965,-25.73641,25.00000,25.00000,165.74376,0.49265,0.14473,0.10897,0.00000,0.85250,0.34458,0.00000,none
23.47500,50.01708,39.25632,2.80392,-0.11984,-0.00064,-1.19681,-25.69714,25.00000,25.00000,165.74368,0.49296,0.14472,0.11968,0.00000,0.85125,0.34333,0.00000,none
23.47917,50.01724,39.25635,2.80338,-0.12030,-0.00065,-1.30379,-25.65146,25.00000,25.00000,165.74365,0.49327,0.14471,0.13038,0.00000,0.85000,0.34208,0.00000,none
23.48333,50.01739,39.25635,2.80285,-0.12077,-0.00065,-1.41056,-25.59947,25.00000,25.00000,165.74365,0.49358,0.14470,0.14106,0.00000,0.84875,0.34083,0.00000,none
23.48750,50.01755,39.25631,2.80233,-0.12124,-0.00066,-1.51711,-25.54129,25.00000,25.00000,165.74369,0.49388,0.14469,0.15171,0.00000,0.84750,0.33958,0.00000,none
23.49167,50.01771,39.25623,2.80182,-0.12172,-0.00066,-1.62340,-25.47699,25.00000,25.00000,165.74377,0.49419,0.14468,0.16234,0.00000,0.84625,0.33833,0.00000,none
23.49583,50.01787,39.25611,2.80131,-0.12220,-0.00067,-1.72941,-25.40670,25.00000,25.00000,165.74389,0.49450,0.14467,0.17294,0.00000,0.84500,0.33708,0.00000,none
23.50000,50.01803,39.25596,2.80081,-0.12268,-0.00067,-1.83511,-25.33050,25.00000,25.00000,165.74404,0.49481,0.14466,0.18351,0.00000,0.84375,0.33583,0.00000,none
23.50417,50.01819,39.25577,2.80031,-0.12317,-0.00068,-1.94049,-25.24850,25.00000,25.00000,165.74423,0.49511,0.14465,0.19405,0.00000,0.84250,0.33458,0.00000,none
23.50833,50.01835,39.25555,2.79983,-0.12367,-0.00069,-2.04551,-25.16080,25.00000,25.00000,165.74445,0.49542,0.14464,0.20455,0.00000,0.84125,0.33333,0.00000,none
23.51250,50.01852,39.25528,2.79935,-0.12417,-0.00069,-2.15015,-25.06750,25.00000,25.00000,165.74472,0.49572,0.14463,0.21502,0.00000,0.84000,0.33208,0.00000,none
23.51667,50.01868,39.25498,2.79887,-0.12467,-0.00070,-2.25440,-24.96872,25.00000,25.00000,165.74502,0.49603,0.14462,0.22544,0.00000,0.83875,0.33083,0.00000,none
23.52083,50.01885,39.25465,2.79840,-0.12518,-0.00070,-2.35822,-24.86453,25.00000,25.00000,165.74535,0.49633,0.14461,0.23582,0.00000,0.83750,0.32958,0.00000,none
23.52500,50.01902,39.25428,2.79794,-0.12569,-0.00071,-2.46159,-24.75506,25.00000,25.00000,165.74572,0.49663,0.14460,0.24616,0.00000,0.83625,0.32833,0.00000,none
23.52917,50.01919,39.25388,2.79749,-0.12621,-0.00072,-2.56450,-24.64040,25.00000,25.00000,165.74612,0.49694,0.14459,0.25645,0.00000,0.83500,0.32708,0.00000,none
23.53333,50.01936,39.25344,2.79705,-0.12673,-0.00072,-2.66692,-24.52066,25.00000,25.00000,165.74656,0.49724,0.14458,0.26669,0.00000,0.83375,0.32583,0.00000,none
23.53750,50.01953,39.25297,2.79661,-0.12725,-0.00073,-2.76883,-24.39593,25.00000,25.00000,165.74703,0.49754,0.14457,0.27688,0.00000,0.83250,0.32458,0.00000,none
23.54167,50.01971,39.25247,2.79618,-0.12778,-0.00074,-2.87021,-24.26631,25.00000,25.00000,165.74753,0.49784,0.14456,0.28702,0.00000,0.83125,0.32333,0.00000,none
23.54583,50.01988,39.25193,2.79575,-0.12831,-0.00075,-2.97104,-24.13192,25.00000,25.00000,165.74807,0.49814,0.14454,0.29710,0.00000,0.83000,0.32208,0.00000,none
23.55000,50.02006,39.25137,2.79533,-0.12884,-0.00075,-3.07131,-23.99285,25.00000,25.00000,165.74863,0.49844,0.14453,0.30713,0.00000,0.82875,0.32083,0.00000,none
23.55417,50.02024,39.25076,2.79492,-0.12938,-0.00076,-3.17098,-23.84919,25.00000,25.00000,165.74924,0.49874,0.14452,0.31710,0.00000,0.82750,0.31958,0.00000,none
23.55833,50.02043,39.25013,2.79452,-0.12992,-0.00077,-3.27004,-23.70105,25.00000,25.00000,165.74987,0.49904,0.14451,0.32700,0.00000,0.82625,0.31833,0.00000,none
23.56250,50.02061,39.24947,2.79412,-0.13046,-0.00078,-3.36848,-23.54853,25.00000,25.00000,165.75053,0.49933,0.14450,0.33685,0.00000,0.82500,0.31708,0.00000,none
23.56667,50.02080,39.24877,2.79373,-0.13101,-0.00079,-3.46627,-23.39173,25.00000,25.00000,165.75123,0.49963,0.14449,0.34663,0.00000,0.82375,0.31583,0.00000,none
23.57083,50.02099,39.24805,2.79335,-0.13156,-0.00079,-3.56340,-23.23073,25.00000,25.00000,165.75195,0.49993,0.14447,0.35634,0.00000,0.82250,0.31458,0.00000,none
23.57500,50.02118,39.24729,2.79297,-0.13211,-0.00080,-3.65986,-23.06565,25.00000,25.00000,165.75271,0.50022,0.14446,0.36599,0.00000,0.82125,0.31333,0.00000,none
23.57917,50.02137,39.24651,2.79260,-0.13267,-0.00081,-3.75561,-22.89658,25.00000,25.00000,165.75349,0.50052,0.14445,0.37556,0.00000,0.82000,0.31208,0.00000,none
23.58333,50.02157,39.24569,2.79224,-0.13322,-0.00082,-3.85066,-22.72360,25.00000,25.00000,165.75431,0.50081,0.14444,0.38507,0.00000,0.81875,0.31083,0.00000,none
23.58750,50.02176,39.24485,2.79189,-0.13378,-0.00083,-3.94497,-22.54682,25.00000,25.00000,165.75515,0.50110,0.14442,0.39450,0.00000,0.81750,0.30958,0.00000,none
23.59167,50.02196,39.24398,2.79154,-0.13434,-0.00084,-4.03854,-22.36633,25.00000,25.00000,165.75602,0.50139,0.14441,0.40385,0.00000,0.81625,0.30833,0.00000,none
23.59583,50.02217,39.24308,2.79120,-0.13491,-0.00085,-4.13135,-22.18222,25.00000,25.00000,165.75692,0.50169,0.14440,0.41314,0.00000,0.81500,0.30708,0.00000,none
23.60000,50.02237,39.24215,2.79087,-0.13548,-0.00086,-4.22339,-21.99458,25.00000,25.00000,165.75785,0.50198,0.14438,0.42234,0.00000,0.81375,0.30583,0.00000,none
23.60417,50.02258,39.24120,2.79054,-0.13604,-0.00088,-4.31463,-21.80350,25.00000,25.00000,165.75880,0.50227,0.14437,0.43146,0.00000,0.81250,0.30458,0.00000,none
23.60833,50.02279,39.24021,2.79022,-0.13661,-0.00089,-4.40508,-21.60908,25.00000,25.00000,165.75979,0.50255,0.14436,0.44051,0.00000,0.81125,0.30333,0.00000,none
23.61250,50.02300,39.23920,2.78991,-0.13719,-0.00090,-4.49470,-21.41139,25.00000,25.00000,165.76080,0.50284,0.14434,0.44947,0.00000,0.81000,0.30208,0.00000,none
23.61667,50.02322,39.23817,2.78960,-0.13776,-0.00091,-4.58350,-21.21053,25.00000,25.00000,165.76183,0.50313,0.14433,0.45835,0.00000,0.80875,0.30083,0.00000,none
23.62083,50.02344,39.23711,2.78930,-0.13834,-0.00092,-4.67145,-21.00658,25.00000,25.00000,165.76289,0.50341,0.14431,0.46715,0.00000,0.80750,0.29958,0.00000,none
23.62500,50.02366,39.23602,2.78901,-0.13892,-0.00093,-4.75855,-20.79962,25.00000,25.00000,165.76398,0.50370,0.14430,0.47586,0.00000,0.80625,0.29833,0.00000,none
23.62917,50.02388,39.23491,2.78873,-0.13950,-0.00094,-4.84478,-20.58975,25.00000,25.00000,165.76509,0.50398,0.14429,0.48448,0.00000,0.80500,0.29708,0.00000,none
23.63333,50.02411,39.23377,2.78845,-0.14008,-0.00096,-4.93013,-20.37703,25.00000,25.00000,165.76623,0.50427,0.14427,0.49301,0.00000,0.80375,0.29583,0.00000,none
23.63750,50.02434,39.23260,2.78818,-0.14066,-0.00097,-5.01458,-20.16156,25.00000,25.00000,165.76740,0.50455,0.14426,0.50146,0.00000,0.80250,0.29458,0.00000,none
23.64167,50.02457,39.23152,2.78791,-0.14122,-0.00098,-5.09814,-19.94369,25.00000,25.00000,165.76848,0.50451,0.14424,0.50981,0.00000,0.80250,0.29333,0.00000,none
23.64583,50.02481,39.23051,2.78764,-0.14177,-0.00099,-5.18078,-19.72350,25.00000,25.00000,165.76949,0.50447,0.14424,0.51808,0.00000,0.80250,0.29208,0.00000,none
23.65000,50.02505,39.22958,2.78736,-0.14230,-0.00100,-5.26250,-19.50107,25.00000,25.00000,165.77042,0.50443,0.14423,0.52625,0.00000,0.80250,0.29083,0.00000,none
23.65417,50.02529,39.22871,2.78708,-0.14281,-0.00102,-5.34328,-19.27648,25.00000,25.00000,165.77129,0.50439,0.14422,0.53433,0.00000,0.80250,0.28958,0.00000,none
23.65833,50.02553,39.22792,2.78680,-0.14331,-0.00103,-5.42313,-19.04980,25.00000,25.00000,165.77208,0.50436,0.14421,0.54231,0.00000,0.80250,0.28833,0.00000,none
23.66250,50.02578,39.22719,2.78652,-0.14379,-0.00104,-5.50203,-18.82109,25.00000,25.00000,165.77281,0.50433,0.14420,0.55020,0.00000,0.80250,0.28708,0.00000,none
23.66667,50.02602,39.22653,2.78624,-0.14425,-0.00105,-5.57997,-18.59045,25.00000,25.00000,165.77347,0.50431,0.14420,0.55800,0.00000,0.80250,0.28583,0.00000,none
23.67083,50.02628,39.22593,2.78595,-0.14470,-0.00105,-5.65695,-18.35793,25.00000,25.00000,165.77407,0.50428,0.14419,0.56569,0.00000,0.80250,0.28458,0.00000,none
23.67500,50.02653,39.22539,2.78566,-0.14514,-0.00106,-5.73295,-18.12360,25.00000,25.00000,165.77461,0.50426,0.14419,0.57329,0.00000,0.80250,0.28333,0.00000,none
23.67917,50.02678,39.22491,2.78537,-0.14556,-0.00107,-5.80797,-17.88753,25.00000,25.00000,165.77509,0.50424,0.14418,0.58080,0.00000,0.80250,0.28208,0.00000,none
23.68333,50.02704,39.22449,2.78508,-0.14597,-0.00108,-5.88201,-17.64980,25.00000,25.00000,165.77551,0.50423,0.14418,0.58820,0.00000,0.80250,0.28083,0.00000,none
23.68750,50.02730,39.22413,2.78478,-0.14636,-0.00109,-5.95505,-17.41045,25.00000,25.00000,165.77587,0.50421,0.14417,0.59551,0.00000,0.80250,0.27958,0.00000,none
23.69167,50.02756,39.22382,2.78449,-0.14674,-0.00109,-6.02709,-17.16957,25.00000,25.00000,165.77618,0.50420,0.14417,0.60271,0.00000,0.80250,0.27833,0.00000,none
23.69583,50.02782,39.22356,2.78419,-0.14711,-0.00110,-6.09813,-16.92720,25.00000,25.00000,165.77644,0.50419,0.14417,0.60981,0.00000,0.80250,0.27708,0.00000,none
23.70000,50.02808,39.22335,2.78389,-0.14747,-0.00111,-6.16815,-16.68341,25.00000,25.00000,165.77665,0.50418,0.14417,0.61682,0.00000,0.80250,0.27583,0.00000,none
23.70417,50.02835,39.22319,2.78359,-0.14782,-0.00111,-6.23716,-16.43826,25.00000,25.00000,165.77681,0.50418,0.14416,0.62372,0.00000,0.80250,0.27458,0.00000,none
23.70833,50.02862,39.22308,2.78329,-0.14815,-0.00112,-6.30514,-16.19181,25.00000,25.00000,165.77692,0.50417,0.14416,0.63051,0.00000,0.80250,0.27333,0.00000,none
23.71250,50.02888,39.22302,2.78299,-0.14847,-0.00113,-6.37209,-15.94411,25.00000,25.00000,165.77698,0.50417,0.14416,0.63721,0.00000,0.80250,0.27208,0.00000,none
23.71667,50.02915,39.22300,2.78269,-0.14879,-0.00113,-6.43800,-15.69523,25.00000,25.00000,165.77700,0.50417,0.14416,0.64380,0.00000,0.80250,0.27083,0.00000,none
23.72083,50.02942,39.22302,2.78238,-0.14909,-0.00114,-6.50288,-15.44520,25.00000,25.00000,165.77698,0.50417,0.14416,0.65029,0.00000,0.80250,0.26958,0.00000,none
23.72500,50.02970,39.22308,2.78208,-0.14938,-0.00114,-6.56671,-15.19410,25.00000,25.00000,165.77692,0.50417,0.14416,0.65667,0.00000,0.80250,0.26833,0.00000,none
23.72917,50.02997,39.22319,2.78177,-0.14967,-0.00114,-6.62949,-14.94196,25.00000,25.00000,165.77681,0.50418,0.14416,0.66295,0.00000,0.80250,0.26708,0.00000,none
23.73333,50.03024,39.22333,2.78146,-0.14994,-0.00115,-6.69122,-14.68883,25.00000,25.00000,165.77667,0.50418,0.14417,0.66912,0.00000,0.80250,0.26583,0.00000,none
23.73750,50.03052,39.22351,2.78115,-0.15021,-0.00115,-6.75190,-14.43478,25.00000,25.00000,165.77649,0.50419,0.14417,0.67519,0.00000,0.80250,0.26458,0.00000,none
23.74167,50.03079,39.22373,2.78084,-0.15046,-0.00116,-6.81151,-14.17984,25.00000,25.00000,165.77627,0.50420,0.14417,0.68115,0.00000,0.80250,0.26333,0.00000,none
23.74583,50.03107,39.22398,2.78053,-0.15071,-0.00116,-6.87006,-13.92406,25.00000,25.00000,165.77602,0.50421,0.14417,0.68701,0.00000,0.80250,0.26208,0.00000,none
23.75000,50.03135,39.22427,2.78021,-0.15095,-0.00116,-6.92754,-13.66748,25.00000,25.00000,165.77573,0.50422,0.14417,0.69275,0.00000,0.80250,0.26083,0.00000,none
23.75417,50.03162,39.22459,2.77990,-0.15118,-0.00117,-6.98396,-13.41016,25.00000,25.00000,165.77541,0.50423,0.14418,0.69840,0.00000,0.80250,0.25958,0.00000,none
23.75833,50.03190,39.22494,2.77958,-0.15141,-0.00117,-7.03929,-13.15212,25.00000,25.00000,165.77506,0.50424,0.14418,0.70393,0.00000,0.80250,0.25833,0.00000,none
23.76250,50.03218,39.22532,2.77927,-0.15163,-0.00117,-7.09356,-12.89342,25.00000,25.00000,165.77468,0.50426,0.14419,0.70936,0.00000,0.80250,0.25708,0.00000,none
23.76667,50.03246,39.22573,2.77895,-0.15184,-0.00117,-7.14674,-12.63409,25.00000,25.00000,165.77427,0.50428,0.14419,0.71467,0.00000,0.80250,0.25583,0.00000,none
23.77083,50.03274,39.22617,2.77864,-0.15204,-0.00117,-7.19884,-12.37418,25.00000,25.00000,165.77383,0.50429,0.14419,0.71988,0.00000,0.80250,0.25458,0.00000,none
23.77500,50.03302,39.22664,2.77832,-0.15223,-0.00118,-7.24986,-12.11372,25.00000,25.00000,165.77336,0.50431,0.14420,0.72499,0.00000,0.80250,0.25333,0.00000,none
23.77917,50.03330,39.22713,2.77800,-0.15242,-0.00118,-7.29979,-11.85274,25.00000,25.00000,165.77287,0.50433,0.14420,0.72998,0.00000,0.80250,0.25208,0.00000,none
23.78333,50.03358,39.22765,2.77768,-0.15261,-0.00118,-7.34863,-11.59129,25.00000,25.00000,165.77235,0.50435,0.14421,0.73486,0.00000,0.80250,0.25083,0.00000,none
23.78750,50.03386,39.22820,2.77736,-0.15279,-0.00118,-7.39638,-11.32939,25.00000,25.00000,165.77180,0.50437,0.14421,0.73964,0.00000,0.80250,0.24958,0.00000,none
23.79167,50.03415,39.22876,2.77704,-0.15296,-0.00118,-7.44304,-11.06709,25.00000,25.00000,165.77124,0.50440,0.14422,0.74430,0.00000,0.80250,0.24833,0.00000,none
23.79583,50.03443,39.22935,2.77672,-0.15312,-0.00118,-7.48860,-10.80441,25.00000,25.00000,165.77065,0.50442,0.14422,0.74886,0.00000,0.80250,0.24708,0.00000,none
23.80000,50.03471,39.22997,2.77640,-0.15329,-0.00118,-7.53307,-10.54138,25.00000,25.00000,165.77003,0.50444,0.14423,0.75331,0.00000,0.80250,0.24583,0.00000,none
23.80417,50.03499,39.23080,2.77606,-0.15340,-0.00118,-7.57645,-10.27860,25.00000,25.00000,165.76920,0.50382,0.14425,0.75764,0.00000,0.80500,0.24458,0.00000,none
23.80833,50.03527,39.23186,2.77570,-0.15347,-0.00117,-7.61873,-10.01608,25.00000,25.00000,165.76814,0.50321,0.14426,0.76187,0.00000,0.80750,0.24333,0.00000,none
23.81250,50.03555,39.23312,2.77532,-0.15351,-0.00117,-7.65992,-9.75383,25.00000,25.00000,165.76688,0.50260,0.14428,0.76599,0.00000,0.81000,0.24208,0.00000,none
23.81667,50.03583,39.23459,2.77492,-0.15350,-0.00116,-7.70001,-9.49188,25.00000,25.00000,165.76541,0.50200,0.14431,0.77000,0.00000,0.81250,0.24083,0.00000,none
23.82083,50.03611,39.23625,2.77451,-0.15345,-0.00115,-7.73902,-9.23024,25.00000,25.00000,165.76375,0.50142,0.14433,0.77390,0.00000,0.81500,0.23958,0.00000,none
23.82500,50.03638,39.23811,2.77408,-0.15337,-0.00114,-7.77693,-8.96894,25.00000,25.00000,165.76189,0.50084,0.14436,0.77769,0.00000,0.81750,0.23833,0.00000,none
23.82917,50.03665,39.24015,2.77363,-0.15325,-0.00113,-7.81376,-8.70798,25.00000,25.00000,165.75985,0.50027,0.14439,0.78138,0.00000,0.82000,0.23708,0.00000,none
23.83333,50.03692,39.24237,2.77316,-0.15310,-0.00111,-7.84950,-8.44737,25.00000,25.00000,165.75763,0.49970,0.14442,0.78495,0.00000,0.82250,0.23583,0.00000,none
23.83750,50.03718,39.24476,2.77267,-0.15292,-0.00110,-7.88415,-8.18715,25.00000,25.00000,165.75524,0.49915,0.14445,0.78842,0.00000,0.82500,0.23458,0.00000,none
23.84167,50.03744,39.24731,2.77217,-0.15270,-0.00108,-7.91773,-7.92730,25.00000,25.00000,165.75269,0.49860,0.14449,0.79177,0.00000,0.82750,0.23333,0.00000,none
23.84583,50.03770,39.25003,2.77165,-0.15245,-0.00106,-7.95022,-7.66786,25.00000,25.00000,165.74997,0.49807,0.14453,0.79502,0.00000,0.83000,0.23208,0.00000,none
23.85000,50.03795,39.25290,2.77112,-0.15218,-0.00105,-7.98162,-7.40882,25.00000,25.00000,165.74710,0.49754,0.14457,0.79816,0.00000,0.83250,0.23083,0.00000,none
23.85417,50.03820,39.25592,2.77057,-0.15187,-0.00103,-8.01196,-7.15021,25.00000,25.00000,165.74408,0.49702,0.14461,0.80120,0.00000,0.83500,0.22958,0.00000,none
23.85833,50.03844,39.25909,2.77000,-0.15154,-0.00100,-8.04121,-6.89202,25.00000,25.00000,165.74091,0.49650,0.14465,0.80412,0.00000,0.83750,0.22833,0.00000,none
23.86250,50.03868,39.26239,2.76942,-0.15119,-0.00098,-8.06939,-6.63427,25.00000,25.00000,165.73761,0.49600,0.14470,0.80694,0.00000,0.84000,0.22708,0.00000,none
23.86667,50.03891,39.26583,2.76882,-0.15081,-0.00096,-8.09650,-6.37696,25.00000,25.00000,165.73417,0.49550,0.14475,0.80965,0.00000,0.84250,0.22583,0.00000,none
23.87083,50.03913,39.26940,2.76820,-0.15040,-0.00094,-8.12253,-6.12012,25.00000,25.00000,165.73060,0.49501,0.14480,0.81225,0.00000,0.84500,0.22458,0.00000,none
23.87500,50.03936,39.27310,2.76758,-0.14998,-0.00091,-8.14750,-5.86373,25.00000,25.00000,165.72690,0.49453,0.14485,0.81475,0.00000,0.84750,0.22333,0.00000,none
23.87917,50.03957,39.27691,2.76693,-0.14953,-0.00089,-8.17140,-5.60781,25.00000,25.00000,165.72309,0.49406,0.14490,0.81714,0.00000,0.85000,0.22208,0.00000,none
23.88333,50.03978,39.28084,2.76627,-0.14906,-0.00086,-8.19423,-5.35236,25.00000,25.00000,165.71916,0.49360,0.14496,0.81942,0.00000,0.85250,0.22083,0.00000,none
23.88750,50.03998,39.28488,2.76560,-0.14858,-0.00084,-8.21600,-5.09739,25.00000,25.00000,165.71512,0.49314,0.14501,0.82160,0.00000,0.85500,0.21958,0.00000,none
23.89167,50.04018,39.28903,2.76492,-0.14807,-0.00081,-8.23671,-4.84291,25.00000,25.00000,165.71097,0.49270,0.14507,0.82367,0.00000,0.85750,0.21833,0.00000,none
23.89583,50.04037,39.29328,2.76422,-0.14755,-0.00079,-8.25636,-4.58892,25.00000,25.00000,165.70672,0.49226,0.14514,0.82564,0.00000,0.86000,0.21708,0.00000,none
23.90000,50.04056,39.29763,2.76350,-0.14701,-0.00076,-8.27495,-4.33542,25.00000,25.00000,165.70237,0.49183,0.14520,0.82750,0.00000,0.86250,0.21583,0.00000,none
23.90417,50.04073,39.30207,2.76278,-0.14645,-0.00073,-8.29249,-4.08241,25.00000,25.00000,165.69793,0.49140,0.14527,0.82925,0.00000,0.86500,0.21458,0.00000,none
23.90833,50.04091,39.30661,2.76204,-0.14588,-0.00071,-8.30897,-3.82991,25.00000,25.00000,165.69339,0.49099,0.14533,0.83090,0.00000,0.86750,0.21333,0.00000,none
23.91250,50.04107,39.31123,2.76129,-0.14530,-0.00068,-8.32440,-3.57792,25.00000,25.00000,165.68877,0.49058,0.14540,0.83244,0.00000,0.87000,0.21208,0.00000,none
23.91667,50.04123,39.31593,2.76052,-0.14470,-0.00065,-8.33879,-3.32643,25.00000,25.00000,165.68407,0.49019,0.14547,0.83388,0.00000,0.87250,0.21083,0.00000,none
23.92083,50.04138,39.32071,2.75975,-0.14409,-0.00062,-8.35213,-3.07545,25.00000,25.00000,165.67929,0.48980,0.14555,0.83521,0.00000,0.87500,0.20958,0.00000,none
23.92500,50.04153,39.32556,2.75896,-0.14347,-0.00059,-8.36442,-2.82498,25.00000,25.00000,165.67444,0.48942,0.14562,0.83644,0.00000,0.87750,0.20833,0.00000,none
23.92917,50.04167,39.33049,2.75816,-0.14283,-0.00057,-8.37567,-2.57503,25.00000,25.00000,165.66951,0.48905,0.14570,0.83757,0.00000,0.88000,0.20708,0.00000,none
23.93333,50.04180,39.33548,2.75735,-0.14219,-0.00054,-8.38588,-2.32559,25.00000,25.00000,165.66452,0.48869,0.14578,0.83859,0.00000,0.88250,0.20583,0.00000,none
23.93750,50.04192,39.34054,2.75653,-0.14154,-0.00051,-8.39505,-2.07667,25.00000,25.00000,165.65946,0.48833,0.14586,0.83950,0.00000,0.88500,0.20458,0.00000,none
23.94167,50.04204,39.34566,2.75569,-0.14087,-0.00048,-8.40318,-1.82828,25.00000,25.00000,165.65434,0.48799,0.14594,0.84032,0.00000,0.88750,0.20333,0.00000,none
23.94583,50.04215,39.35084,2.75485,-0.14020,-0.00045,-8.41028,-1.58040,25.00000,25.00000,165.64916,0.48765,0.14603,0.84103,0.00000,0.89000,0.20208,0.00000,none
23.95000,50.04226,39.35607,2.75400,-0.13952,-0.00042,-8.41635,-1.33304,25.00000,25.00000,165.64393,0.48733,0.14612,0.84164,0.00000,0.89250,0.20083,0.00000,none
23.95417,50.04235,39.36135,2.75313,-0.13884,-0.00040,-8.42139,-1.08621,25.00000,25.00000,165.63865,0.48701,0.14621,0.84214,0.00000,0.89500,0.19958,0.00000,none
23.95833,50.04244,39.36667,2.75226,-0.13815,-0.00037,-8.42541,-0.83991,25.00000,25.00000,165.63333,0.48670,0.14630,0.84254,0.00000,0.89750,0.19833,0.00000,none
23.96250,50.04253,39.37205,2.75138,-0.13745,-0.00034,-8.42839,-0.59413,25.00000,25.00000,165.62795,0.48640,0.14639,0.84284,0.00000,0.90000,0.19708,0.00000,none
23.96667,50.04261,39.37746,2.75049,-0.13675,-0.00031,-8.43036,-0.34888,25.00000,25.00000,165.62254,0.48611,0.14649,0.84304,0.00000,0.90250,0.19583,0.00000,none
23.97083,50.04268,39.38291,2.74959,-0.13605,-0.00028,-8.43130,-0.10416,25.00000,25.00000,165.61709,0.48583,0.14658,0.84313,0.00000,0.90500,0.19458,0.00000,none
23.97500,50.04274,39.38840,2.74868,-0.13534,-0.00026,-8.43123,0.14003,25.00000,25.00000,165.61160,0.48556,0.14668,0.84312,0.00000,0.90750,0.19333,0.00000,none
23.97917,50.04280,39.39392,2.74776,-0.13462,-0.00023,-8.43014,0.38370,25.00000,25.00000,165.60608,0.48530,0.14678,0.84301,0.00000,0.91000,0.19208,0.00000,none
23.98333,50.04285,39.39946,2.74684,-0.13391,-0.00020,-8.42803,0.62682,25.00000,25.00000,165.60054,0.48505,0.14689,0.84280,0.00000,0.91250,0.19083,0.00000,none
23.98750,50.04290,39.40503,2.74590,-0.13319,-0.00018,-8.42491,0.86942,25.00000,25.00000,165.59497,0.48481,0.14699,0.84249,0.00000,0.91500,0.18958,0.00000,none
23.99167,50.04294,39.41063,2.74496,-0.13247,-0.00015,-8.42078,1.11147,25.00000,25.00000,165.58937,0.48458,0.14710,0.84208,0.00000,0.91750,0.18833,0.00000,none
23.99583,50.04297,39.41624,2.74402,-0.13175,-0.00012,-8.41565,1.35299,25.00000,25.00000,165.58376,0.48436,0.14721,0.84157,0.00000,0.92000,0.18708,0.00000,none
24.00000,50.04300,39.42188,2.74306,-0.13103,-0.00010,-8.40951,1.59397,25.00000,25.00000,165.57812,0.48415,0.14733,0.84095,0.00000,0.92250,0.18583,0.00000,none
24.00417,50.04302,39.42752,2.74210,-0.13031,-0.00007,-8.40237,1.83441,25.00000,25.00000,165.57248,0.48395,0.14744,0.84024,0.00000,0.92500,0.18458,0.00000,none
24.00833,50.04303,39.43318,2.74113,-0.12960,-0.00005,-8.39422,2.07431,25.00000,25.00000,165.56682,0.48376,0.14756,0.83942,0.00000,0.92750,0.18333,0.00000,none
24.01250,50.04304,39.43885,2.74016,-0.12888,-0.00002,-8.38508,2.31366,25.00000,25.00000,165.56115,0.48358,0.14768,0.83851,0.00000,0.93000,0.18208,0.00000,none
24.01667,50.04304,39.44452,2.73918,-0.12816,-0.00000,-8.37494,2.55246,25.00000,25.00000,165.55548,0.48342,0.14780,0.83749,0.00000,0.93250,0.18083,0.00000,none
24.02083,50.04304,39.45020,2.73820,-0.12745,0.00002,-8.36381,2.79071,25.00000,25.00000,165.54980,0.48326,0.14792,0.83638,0.00000,0.93500,0.17958,0.00000,none
24.02500,50.04303,39.45587,2.73721,-0.12674,0.00004,-8.35169,3.02840,25.00000,25.00000,165.54413,0.48311,0.14805,0.83517,0.00000,0.93750,0.17833,0.00000,none
24.02917,50.04302,39.46155,2.73622,-0.12603,0.00007,-8.33858,3.26554,25.00000,25.00000,165.53845,0.48298,0.14818,0.83386,0.00000,0.94000,0.17708,0.00000,none
24.03333,50.04300,39.46722,2.73522,-0.12533,0.00009,-8.32448,3.50212,25.00000,25.00000,165.53278,0.48285,0.14831,0.83245,0.00000,0.94250,0.17583,0.00000,none
24.03750,50.04298,39.47288,2.73421,-0.12463,0.00011,-8.30939,3.73813,25.00000,25.00000,165.52712,0.48274,0.14844,0.83094,0.00000,0.94500,0.17458,0.00000,none
24.04167,50.04295,39.47853,2.73321,-0.12394,0.00013,-8.29333,3.97357,25.00000,25.00000,165.52147,0.48264,0.14857,0.82933,0.00000,0.94750,0.17333,0.00000,none
24.04583,50.04291,39.48417,2.73220,-0.12325,0.00015,-8.27628,4.20844,25.00000,25.00000,165.51583,0.48255,0.14871,0.82763,0.00000,0.95000,0.17208,0.00000,none
24.05000,50.04288,39.48979,2.73119,-0.12257,0.00017,-8.25826,4.44273,25.00000,25.00000,165.51021,0.48247,0.14885,0.82583,0.00000,0.95250,0.17083,0.00000,none
24.05417,50.04283,39.49539,2.73017,-0.12189,0.00019,-8.23926,4.67644,25.00000,25.00000,165.50461,0.48241,0.14899,0.82393,0.00000,0.95500,0.16958,0.00000,none
24.05833,50.04279,39.50097,2.72915,-0.12123,0.00021,-8.21929,4.90955,25.00000,25.00000,165.49903,0.48235,0.14914,0.82193,0.00000,0.95750,0.16833,0.00000,none
24.06250,50.04273,39.50653,2.72813,-0.12056,0.00022,-8.19835,5.14207,25.00000,25.00000,165.49347,0.48231,0.14929,0.81983,0.00000,0.96000,0.16708,0.00000,none
24.06667,50.04268,39.51207,2.72711,-0.11991,0.00024,-8.17644,5.37399,25.00000,25.00000,165.48793,0.48228,0.14944,0.81764,0.00000,0.96250,0.16583,0.00000,none
24.07083,50.04262,39.51757,2.72609,-0.11926,0.00026,-8.15356,5.60530,25.00000,25.00000,165.48243,0.48226,0.14959,0.81536,0.00000,0.96500,0.16458,0.00000,none
24.07500,50.04256,39.52304,2.72506,-0.11863,0.00027,-8.12973,5.83600,25.00000,25.00000,165.47696,0.48226,0.14975,0.81297,0.00000,0.96750,0.16333,0.00000,none
24.07917,50.04249,39.52848,2.72404,-0.11800,0.00029,-8.10493,6.06607,25.00000,25.00000,165.47152,0.48227,0.14990,0.81049,0.00000,0.97000,0.16208,0.00000,none
24.08333,50.04242,39.53388,2.72301,-0.11738,0.00030,-8.07918,6.29551,25.00000,25.00000,165.46612,0.48229,0.15006,0.80792,0.00000,0.97250,0.16083,0.00000,none
24.08750,50.04234,39.53925,2.72198,-0.11677,0.00032,-8.05247,6.52432,25.00000,25.00000,165.46075,0.48232,0.15023,0.80525,0.00000,0.97500,0.15958,0.00000,none
24.09167,50.04227,39.54457,2.72096,-0.11618,0.00033,-8.02481,6.75247,25.00000,25.00000,165.45543,0.48237,0.15039,0.80248,0.00000,0.97750,0.15833,0.00000,none
24.09583,50.04219,39.54984,2.71993,-0.11559,0.00034,-7.99620,6.97997,25.00000,25.00000,165.45016,0.48243,0.15056,0.79962,0.00000,0.98000,0.15708,0.00000,none
24.10000,50.04211,39.55507,2.71891,-0.11501,0.00035,-7.96664,7.20680,25.00000,25.00000,165.44493,0.48250,0.15073,0.79666,0.00000,0.98250,0.15583,0.00000,none
24.10417,50.04202,39.56025,2.71788,-0.11445,0.00036,-7.93614,7.43296,25.00000,25.00000,165.43975,0.48259,0.15091,0.79361,0.00000,0.98500,0.15458,0.00000,none
24.10833,50.04193,39.56538,2.71686,-0.11390,0.00037,-7.90470,7.65843,25.00000,25.00000,165.43462,0.48269,0.15108,0.79047,0.00000,0.98750,0.15333,0.00000,none
24.11250,50.04184,39.57045,2.71584,-0.11336,0.00038,-7.87232,7.88320,25.00000,25.00000,165.42955,0.48280,0.15126,0.78723,0.00000,0.99000,0.15208,0.00000,none
24.11667,50.04175,39.57546,2.71482,-0.11284,0.00039,-7.83901,8.10726,25.00000,25.00000,165.42454,0.48293,0.15144,0.78390,0.00000,0.99250,0.15083,0.00000,none
24.12083,50.04166,39.58042,2.71380,-0.11233,0.00040,-7.80476,8.33060,25.00000,25.00000,165.41958,0.48307,0.15163,0.78048,0.00000,0.99500,0.14958,0.00000,none
24.12500,50.04156,39.58531,2.71279,-0.11183,0.00040,-7.76959,8.55321,25.00000,25.00000,165.41469,0.48323,0.15182,0.77696,0.00000,0.99750,0.14833,0.00000,none
24.12917,50.04147,39.59013,2.71178,-0.11135,0.00041,-7.73349,8.77507,25.00000,25.00000,165.40987,0.48340,0.15201,0.77335,0.00000,1.00000,0.14708,0.00000,none
24.13333,50.04137,39.59489,2.71078,-0.11088,0.00041,-7.69646,8.99617,25.00000,25.00000,165.40511,0.48357,0.15205,0.76965,0.00000,1.00000,0.14583,0.00000,none
24.13750,50.04127,39.59958,2.70977,-0.11043,0.00042,-7.65852,9.21649,25.00000,25.00000,165.40042,0.48374,0.15209,0.76585,0.00000,1.00000,0.14458,0.00000,none
24.14167,50.04117,39.60421,2.70878,-0.10999,0.00042,-7.61966,9.43600,25.00000,25.00000,165.39579,0.48392,0.15213,0.76197,0.00000,1.00000,0.14333,0.00000,none
24.14583,50.04107,39.60878,2.70778,-0.10956,0.00042,-7.57989,9.65469,25.00000,25.00000,165.39122,0.48408,0.15217,0.75799,0.00000,1.00000,0.14208,0.00000,none
24.15000,50.04097,39.61329,2.70679,-0.10915,0.00043,-7.53921,9.87254,25.00000,25.00000,165.38671,0.48425,0.15221,0.75392,0.00000,1.00000,0.14083,0.00000,none
24.15417,50.04086,39.61775,2.70581,-0.10875,0.00043,-7.49762,10.08953,25.00000,25.00000,165.38225,0.48442,0.15225,0.74976,0.00000,1.00000,0.13958,0.00000,none
24.15833,50.04076,39.62214,2.70482,-0.10835,0.00043,-7.45513,10.30562,25.00000,25.00000,165.37786,0.48458,0.15229,0.74551,0.00000,1.00000,0.13833,0.00000,none
24.16250,50.04066,39.62648,2.70385,-0.10798,0.00043,-7.41174,10.52081,25.00000,25.00000,165.37352,0.48474,0.15233,0.74117,0.00000,1.00000,0.13708,0.00000,none
24.16667,50.04055,39.63077,2.70287,-0.10761,0.00043,-7.36745,10.73507,25.00000,25.00000,165.36923,0.48490,0.15237,0.73675,0.00000,1.00000,0.13583,0.00000,none
24.17083,50.04045,39.63501,2.70190,-0.10725,0.00044,-7.32228,10.94836,25.00000,25.00000,165.36499,0.48505,0.15240,0.73223,0.00000,1.00000,0.13458,0.00000,none
24.17500,50.04035,39.63919,2.70094,-0.10691,0.00044,-7.27622,11.16068,25.00000,25.00000,165.36081,0.48521,0.15244,0.72762,0.00000,1.00000,0.13333,0.00000,none
24.17917,50.04024,39.64332,2.69997,-0.10657,0.00044,-7.22928,11.37199,25.00000,25.00000,165.35668,0.48536,0.15248,0.72293,0.00000,1.00000,0.13208,0.00000,none
24.18333,50.04014,39.64741,2.69901,-0.10624,0.00044,-7.18145,11.58226,25.00000,25.00000,165.35259,0.48551,0.15251,0.71815,0.00000,1.00000,0.13083,0.00000,none
24.18750,50.04003,39.65145,2.69806,-0.10593,0.00044,-7.13276,11.79148,25.00000,25.00000,165.34855,0.48566,0.15255,0.71328,0.00000,1.00000,0.12958,0.00000,none
24.19167,50.03993,39.65544,2.69711,-0.10562,0.00044,-7.08319,11.99961,25.00000,25.00000,165.34456,0.48581,0.15259,0.70832,0.00000,1.00000,0.12833,0.00000,none
24.19583,50.03983,39.65939,2.69616,-0.10532,0.00043,-7.03276,12.20663,25.00000,25.00000,165.34061,0.48595,0.15262,0.70328,0.00000,1.00000,0.12708,0.00000,none
24.20000,50.03972,39.66329,2.69522,-0.10504,0.00043,-6.98147,12.41251,25.00000,25.00000,165.33671,0.48610,0.15265,0.69815,0.00000,1.00000,0.12583,0.00000,none
24.20417,50.03962,39.66715,2.69428,-0.10476,0.00043,-6.92933,12.61722,25.00000,25.00000,165.33285,0.48624,0.15269,0.69293,0.00000,1.00000,0.12458,0.00000,none
24.20833,50.03952,39.67096,2.69334,-0.10448,0.00043,-6.87633,12.82072,25.00000,25.00000,165.32904,0.48638,0.15272,0.68763,0.00000,1.00000,0.12333,0.00000,none
24.21250,50.03941,39.67474,2.69241,-0.10422,0.00043,-6.82249,13.02300,25.00000,25.00000,165.32526,0.48652,0.15276,0.68225,0.00000,1.00000,0.12208,0.00000,none
24.21667,50.03931,39.67848,2.69148,-0.10396,0.00043,-6.76781,13.22402,25.00000,25.00000,165.32152,0.48666,0.15279,0.67678,0.00000,1.00000,0.12083,0.00000,none
24.22083,50.03921,39.68217,2.69055,-0.10372,0.00042,-6.71229,13.42374,25.00000,25.00000,165.31783,0.48679,0.15282,0.67123,0.00000,1.00000,0.11958,0.00000,none
24.22500,50.03911,39.68583,2.68963,-0.10348,0.00042,-6.65594,13.62214,25.00000,25.00000,165.31417,0.48693,0.15286,0.66559,0.00000,1.00000,0.11833,0.00000,none
24.22917,50.03901,39.68945,2.68872,-0.10324,0.00042,-6.59877,13.81918,25.00000,25.00000,165.31055,0.48706,0.15289,0.65988,0.00000,1.00000,0.11708,0.00000,none
24.23333,50.03891,39.69304,2.68780,-0.10302,0.00041,-6.54078,14.01483,25.00000,25.00000,165.30696,0.48720,0.15292,0.65408,0.00000,1.00000,0.11583,0.00000,none
24.23750,50.03881,39.69659,2.68689,-0.10280,0.00041,-6.48198,14.20906,25.00000,25.00000,165.30341,0.48733,0.15295,0.64820,0.00000,1.00000,0.11458,0.00000,none
24.24167,50.03872,39.70010,2.68599,-0.10258,0.00041,-6.42238,14.40182,25.00000,25.00000,165.29990,0.48746,0.15298,0.64224,0.00000,1.00000,0.11333,0.00000,none
24.24583,50.03862,39.70358,2.68508,-0.10238,0.00040,-6.36197,14.59309,25.00000,25.00000,165.29642,0.48759,0.15301,0.63620,0.00000,1.00000,0.11208,0.00000,none
24.25000,50.03852,39.70702,2.68418,-0.10218,0.00040,-6.30077,14.78283,25.00000,25.00000,165.29298,0.48771,0.15304,0.63008,0.00000,1.00000,0.11083,0.00000,none
24.25417,50.03843,39.71044,2.68329,-0.10198,0.00040,-6.23878,14.97101,25.00000,25.00000,165.28956,0.48784,0.15307,0.62388,0.00000,1.00000,0.10958,0.00000,none
24.25833,50.03833,39.71382,2.68240,-0.10179,0.00039,-6.17601,15.15757,25.00000,25.00000,165.28618,0.48796,0.15310,0.61760,0.00000,1.00000,0.10833,0.00000,none
24.26250,50.03824,39.71716,2.68151,-0.10161,0.00039,-6.11247,15.34250,25.00000,25.00000,165.28284,0.48809,0.15313,0.61125,0.00000,1.00000,0.10708,0.00000,none
24.26667,50.03815,39.72048,2.68063,-0.10144,0.00038,-6.04816,15.52574,25.00000,25.00000,165.27952,0.48821,0.15316,0.60482,0.00000,1.00000,0.10583,0.00000,none
24.27083,50.03806,39.72377,2.67975,-0.10126,0.00038,-5.98309,15.70726,25.00000,25.00000,165.27623,0.48833,0.15319,0.59831,0.00000,1.00000,0.10458,0.00000,none
24.27500,50.03797,39.72703,2.67887,-0.10110,0.00037,-5.91727,15.88702,25.00000,25.00000,165.27297,0.48845,0.15322,0.59173,0.00000,1.00000,0.10333,0.00000,none
24.27917,50.03788,39.73026,2.67800,-0.10094,0.00037,-5.85070,16.06498,25.00000,25.00000,165.26974,0.48857,0.15325,0.58507,0.00000,1.00000,0.10208,0.00000,none
24.28333,50.03779,39.73346,2.67713,-0.10078,0.00036,-5.78340,16.24110,25.00000,25.00000,165.26654,0.48869,0.15328,0.57834,0.00000,1.00000,0.10083,0.00000,none
24.28750,50.03771,39.73663,2.67626,-0.10063,0.00036,-5.71536,16.41533,25.00000,25.00000,165.26337,0.48881,0.15331,0.57154,0.00000,1.00000,0.09958,0.00000,none
24.29167,50.03762,39.73978,2.67540,-0.10048,0.00035,-5.64661,16.58763,25.00000,25.00000,165.26022,0.48892,0.15334,0.56466,0.00000,1.00000,0.09833,0.00000,none
24.29583,50.03754,39.74289,2.67454,-0.10034,0.00035,-5.57713,16.75797,25.00000,25.00000,165.25711,0.48904,0.15336,0.55771,0.00000,1.00000,0.09708,0.00000,none
24.30000,50.03745,39.74599,2.67368,-0.10020,0.00034,-5.50696,16.92630,25.00000,25.00000,165.25401,0.48915,0.15339,0.55070,0.00000,1.00000,0.09583,0.00000,none
24.30417,50.03737,39.74905,2.67283,-0.10007,0.00034,-5.43608,17.09257,25.00000,25.00000,165.25095,0.48927,0.15342,0.54361,0.00000,1.00000,0.09458,0.00000,none
24.30833,50.03729,39.75209,2.67198,-0.09994,0.00033,-5.36452,17.25673,25.00000,25.00000,165.24791,0.48938,0.15345,0.53645,0.00000,1.00000,0.09333,0.00000,none
24.31250,50.03721,39.75511,2.67114,-0.09981,0.00033,-5.29228,17.41876,25.00000,25.00000,165.24489,0.48949,0.15347,0.52923,0.00000,1.00000,0.09208,0.00000,none
24.31667,50.03714,39.75810,2.67030,-0.09969,0.00032,-5.21937,17.57859,25.00000,25.00000,165.24190,0.48960,0.15350,0.52194,0.00000,1.00000,0.09083,0.00000,none
24.32083,50.03706,39.76107,2.66946,-0.09957,0.00032,-5.14580,17.73618,25.00000,25.00000,165.23893,0.48971,0.15353,0.51458,0.00000,1.00000,0.08958,0.00000,none
24.32500,50.03699,39.76402,2.66863,-0.09946,0.00031,-5.07157,17.89149,25.00000,25.00000,165.23598,0.48982,0.15355,0.50716,0.00000,1.00000,0.08833,0.00000,none
24.32917,50.03691,39.76694,2.66780,-0.09935,0.00030,-4.99670,18.04447,25.00000,25.00000,165.23306,0.48993,0.15358,0.49967,0.00000,1.00000,0.08708,0.00000,none
24.33333,50.03684,39.76984,2.66697,-0.09924,0.00030,-4.92120,18.19507,25.00000,25.00000,165.23016,0.49003,0.15353,0.49212,0.00000,0.99875,0.08583,0.00000,none
24.33750,50.03677,39.77271,2.66615,-0.09914,0.00029,-4.84508,18.34324,25.00000,25.00000,165.22729,0.49015,0.15348,0.48451,0.00000,0.99750,0.08458,0.00000,none
24.34167,50.03670,39.77556,2.66533,-0.09904,0.00029,-4.76835,18.48894,25.00000,25.00000,165.22444,0.49026,0.15344,0.47683,0.00000,0.99625,0.08333,0.00000,none
24.34583,50.03663,39.77839,2.66452,-0.09894,0.00028,-4.69101,18.63213,25.00000,25.00000,165.22161,0.49038,0.15339,0.46910,0.00000,0.99500,0.08208,0.00000,none
24.35000,50.03657,39.78118,2.66371,-0.09885,0.00027,-4.61308,18.77275,25.00000,25.00000,165.21882,0.49050,0.15334,0.46131,0.00000,0.99375,0.08083,0.00000,none
24.35417,50.03650,39.78395,2.66290,-0.09876,0.00027,-4.53457,18.91075,25.00000,25.00000,165.21605,0.49063,0.15330,0.45346,0.00000,0.99250,0.07958,0.00000,none
24.35833,50.03644,39.78670,2.66210,-0.09868,0.00026,-4.45550,19.04609,25.00000,25.00000,165.21330,0.49076,0.15325,0.44555,0.00000,0.99125,0.07833,0.00000,none
24.36250,50.03638,39.78941,2.66130,-0.09860,0.00026,-4.37586,19.17872,25.00000,25.00000,165.21059,0.49089,0.15321,0.43759,0.00000,0.99000,0.07708,0.00000,none
24.36667,50.03632,39.79210,2.66051,-0.09853,0.00025,-4.29568,19.30859,25.00000,25.00000,165.20790,0.49103,0.15317,0.42957,0.00000,0.98875,0.07583,0.00000,none
24.37083,50.03626,39.79476,2.65973,-0.09845,0.00024,-4.21496,19.43565,25.00000,25.00000,165.20524,0.49116,0.15312,0.42150,0.00000,0.98750,0.07458,0.00000,none
24.37500,50.03620,39.79738,2.65894,-0.09839,0.00024,-4.13372,19.55985,25.00000,25.00000,165.20262,0.49130,0.15308,0.41337,0.00000,0.98625,0.07333,0.00000,none
24.37917,50.03614,39.79998,2.65817,-0.09833,0.00023,-4.05196,19.68113,25.00000,25.00000,165.20002,0.49145,0.15304,0.40520,0.00000,0.98500,0.07208,0.00000,none
24.38333,50.03609,39.80254,2.65739,-0.09827,0.00023,-3.96971,19.79946,25.00000,25.00000,165.19746,0.49159,0.15300,0.39697,0.00000,0.98375,0.07083,0.00000,none
24.38750,50.03604,39.80507,2.65662,-0.09822,0.00022,-3.88697,19.91479,25.00000,25.00000,165.19493,0.49174,0.15296,0.38870,0.00000,0.98250,0.06958,0.00000,none
24.39167,50.03598,39.80757,2.65586,-0.09817,0.00021,-3.80376,20.02705,25.00000,25.00000,165.19243,0.49189,0.15292,0.38038,0.00000,0.98125,0.06833,0.00000,none
24.39583,50.03593,39.81004,2.65510,-0.09813,0.00021,-3.72008,20.13620,25.00000,25.00000,165.18996,0.49205,0.15288,0.37201,0.00000,0.98000,0.06708,0.00000,none
24.40000,50.03589,39.81247,2.65435,-0.09809,0.00020,-3.63596,20.24219,25.00000,25.00000,165.18753,0.49221,0.15284,0.36360,0.00000,0.97875,0.06583,0.00000,none
24.40417,50.03584,39.81487,2.65360,-0.09806,0.00019,-3.55140,20.34497,25.00000,25.00000,165.18513,0.49236,0.15280,0.35514,0.00000,0.97750,0.06458,0.00000,none
24.40833,50.03579,39.81724,2.65286,-0.09803,0.00019,-3.46642,20.44449,25.00000,25.00000,165.18276,0.49253,0.15276,0.34664,0.00000,0.97625,0.06333,0.00000,none
24.41250,50.03575,39.81957,2.65213,-0.09801,0.00018,-3.38104,20.54070,25.00000,25.00000,165.18043,0.49269,0.15273,0.33810,0.00000,0.97500,0.06208,0.00000,none
24.41667,50.03571,39.82186,2.65140,-0.09800,0.00017,-3.29525,20.63355,25.00000,25.00000,165.17814,0.49286,0.15269,0.32953,0.00000,0.97375,0.06083,0.00000,none
24.42083,50.03567,39.82412,2.65067,-0.09798,0.00017,-3.20909,20.72298,25.00000,25.00000,165.17588,0.49303,0.15265,0.32091,0.00000,0.97250,0.05958,0.00000,none
24.42500,50.03563,39.82634,2.64995,-0.09798,0.00016,-3.12257,20.80895,25.00000,25.00000,165.17366,0.49320,0.15262,0.31226,0.00000,0.97125,0.05833,0.00000,none
24.42917,50.03559,39.82853,2.64924,-0.09798,0.00015,-3.03569,20.89141,25.00000,25.00000,165.17147,0.49338,0.15258,0.30357,0.00000,0.97000,0.05708,0.00000,none
24.43333,50.03555,39.83068,2.64853,-0.09798,0.00015,-2.94848,20.97031,25.00000,25.00000,165.16932,0.49355,0.15255,0.29485,0.00000,0.96875,0.05583,0.00000,none
24.43750,50.03552,39.83279,2.64783,-0.09799,0.00014,-2.86094,21.04560,25.00000,25.00000,165.16721,0.49373,0.15251,0.28609,0.00000,0.96750,0.05458,0.00000,none
24.44167,50.03549,39.83487,2.64713,-0.09801,0.00013,-2.77310,21.11723,25.00000,25.00000,165.16513,0.49391,0.15248,0.27731,0.00000,0.96625,0.05333,0.00000,none
24.44583,50.03546,39.83690,2.64644,-0.09803,0.00013,-2.68497,21.18515,25.00000,25.00000,165.16310,0.49410,0.15245,0.26850,0.00000,0.96500,0.05208,0.00000,none
24.45000,50.03543,39.83890,2.64576,-0.09806,0.00012,-2.59656,21.24931,25.00000,25.00000,165.16110,0.49428,0.15241,0.25966,0.00000,0.96375,0.05083,0.00000,none
24.45417,50.03540,39.84086,2.64508,-0.09809,0.00011,-2.50790,21.30967,25.00000,25.00000,165.15914,0.49447,0.15238,0.25079,0.00000,0.96250,0.04958,0.00000,none
24.45833,50.03537,39.84278,2.64441,-0.09813,0.00010,-2.41899,21.36617,25.00000,25.00000,165.15722,0.49466,0.15235,0.24190,0.00000,0.96125,0.04833,0.00000,none
24.46250,50.03535,39.84466,2.64374,-0.09818,0.00010,-2.32985,21.41878,25.00000,25.00000,165.15534,0.49485,0.15232,0.23299,0.00000,0.96000,0.04708,0.00000,none
24.46667,50.03533,39.84650,2.64308,-0.09823,0.00009,-2.24050,21.46743,25.00000,25.00000,165.15350,0.49505,0.15228,0.22405,0.00000,0.95875,0.04583,0.00000,none
24.47083,50.03531,39.84830,2.64243,-0.09829,0.00008,-2.15096,21.51210,25.00000,25.00000,165.15170,0.49524,0.15225,0.21510,0.00000,0.95750,0.04458,0.00000,none
24.47500,50.03529,39.85006,2.64178,-0.09835,0.00007,-2.06124,21.55272,25.00000,25.00000,165.14994,0.49544,0.15222,0.20612,0.00000,0.95625,0.04333,0.00000,none
24.47917,50.03527,39.85178,2.64114,-0.09842,0.00007,-1.97136,21.58927,25.00000,25.00000,165.14822,0.49564,0.15219,0.19714,0.00000,0.95500,0.04208,0.00000,none
24.48333,50.03526,39.85346,2.64051,-0.09849,0.00006,-1.88134,21.62169,25.00000,25.00000,165.14654,0.49584,0.15216,0.18813,0.00000,0.95375,0.04083,0.00000,none
24.48750,50.03524,39.85510,2.63988,-0.09857,0.00005,-1.79119,21.64993,25.00000,25.00000,165.14490,0.49604,0.15213,0.17912,0.00000,0.95250,0.03958,0.00000,none
24.49167,50.03523,39.85669,2.63926,-0.09866,0.00005,-1.70093,21.67397,25.00000,25.00000,165.14331,0.49625,0.15210,0.17009,0.00000,0.95125,0.03833,0.00000,none
24.49583,50.03522,39.85825,2.63865,-0.09875,0.00004,-1.61057,21.69375,25.00000,25.00000,165.14175,0.49645,0.15207,0.16106,0.00000,0.95000,0.03708,0.00000,none
24.50000,50.03521,39.85976,2.63804,-0.09885,0.00003,-1.52015,21.70924,25.00000,25.00000,165.14024,0.49666,0.15205,0.15202,0.00000,0.94875,0.03583,0.00000,none
24.50417,50.03521,39.86123,2.63745,-0.09895,0.00002,-1.42967,21.72039,25.00000,25.00000,165.13877,0.49687,0.15202,0.14297,0.00000,0.94750,0.03458,0.00000,none
24.50833,50.03520,39.86266,2.63685,-0.09907,0.00002,-1.33915,21.72718,25.00000,25.00000,165.13734,0.49709,0.15199,0.13392,0.00000,0.94625,0.03333,0.00000,none
24.51250,50.03520,39.86405,2.63627,-0.09918,0.00001,-1.24862,21.72955,25.00000,25.00000,165.13595,0.49730,0.15196,0.12486,0.00000,0.94500,0.03208,0.00000,none
24.51667,50.03520,39.86539,2.63569,-0.09930,0.00000,-1.15808,21.72747,25.00000,25.00000,165.13461,0.49751,0.15193,0.11581,0.00000,0.94375,0.03083,0.00000,none
24.52083,50.03520,39.86669,2.63512,-0.09943,-0.00000,-1.06756,21.72091,25.00000,25.00000,165.13331,0.49773,0.15191,0.10676,0.00000,0.94250,0.02958,0.00000,none
24.52500,50.03520,39.86794,2.63455,-0.09957,-0.00001,-0.97708,21.70984,25.00000,25.00000,165.13206,0.49795,0.15188,0.09771,0.00000,0.94125,0.02833,0.00000,none
24.52917,50.03520,39.86916,2.63399,-0.09971,-0.00002,-0.88665,21.69421,25.00000,25.00000,165.13084,0.49817,0.15185,0.08867,0.00000,0.94000,0.02708,0.00000,none
24.53333,50.03521,39.87033,2.63344,-0.09986,-0.00002,-0.79630,21.67400,25.00000,25.00000,165.12967,0.49839,0.15183,0.07963,0.00000,0.93875,0.02583,0.00000,none
24.53750,50.03521,39.87145,2.63290,-0.10001,-0.00003,-0.70604,21.64919,25.00000,25.00000,165.12855,0.49861,0.15180,0.07060,0.00000,0.93750,0.02458,0.00000,none
24.54167,50.03522,39.87253,2.63237,-0.10017,-0.00004,-0.61589,21.61973,25.00000,25.00000,165.12747,0.49883,0.15178,0.06159,0.00000,0.93625,0.02333,0.00000,none
24.54583,50.03523,39.87357,2.63184,-0.10033,-0.00004,-0.52588,21.58560,25.00000,25.00000,165.12643,0.49906,0.15175,0.05259,0.00000,0.93500,0.02208,0.00000,none
24.55000,50.03524,39.87456,2.63132,-0.10050,-0.00005,-0.43602,21.54677,25.00000,25.00000,165.12544,0.49929,0.15172,0.04360,0.00000,0.93375,0.02083,0.00000,none
24.55417,50.03525,39.87551,2.63080,-0.10068,-0.00006,-0.34633,21.50323,25.00000,25.00000,165.12449,0.49951,0.15170,0.03463,0.00000,0.93250,0.01958,0.00000,none
24.55833,50.03527,39.87642,2.63030,-0.10087,-0.00006,-0.25683,21.45494,25.00000,25.00000,165.12358,0.49974,0.15167,0.02568,0.00000,0.93125,0.01833,0.00000,none
24.56250,50.03528,39.87728,2.62980,-0.10106,-0.00007,-0.16755,21.40189,25.00000,25.00000,165.12272,0.49997,0.15165,0.01675,0.00000,0.93000,0.01708,0.00000,none
24.56667,50.03530,39.87809,2.62931,-0.10125,-0.00008,-0.07849,21.34405,25.00000,25.00000,165.12191,0.50020,0.15163,0.00785,0.00000,0.92875,0.01583,0.00000,none
24.57083,50.03532,39.87886,2.62882,-0.10145,-0.00008,0.01031,21.28149,25.00000,25.00000,165.12114,0.50044,0.15160,0.00086,0.00000,0.92750,0.01458,0.00000,none
24.57500,50.03534,39.87959,2.62834,-0.10166,-0.00009,0.09879,21.18616,25.00000,25.00000,165.12041,0.50067,0.15158,0.00823,0.00000,0.92625,0.10000,0.00000,none
24.57917,50.03536,39.88027,2.62787,-0.10187,-0.00009,0.18686,21.08979,25.00000,25.00000,165.11973,0.50090,0.15155,0.01557,0.00000,0.92500,0.10000,0.00000,none
24.58333,50.03538,39.88092,2.62741,-0.10209,-0.00009,0.27454,20.99240,25.00000,25.00000,165.11908,0.50114,0.15153,0.02288,0.00000,0.92375,0.10000,0.00000,none
24.58750,50.03541,39.88152,2.62695,-0.10232,-0.00009,0.36180,20.89401,25.00000,25.00000,165.11848,0.50138,0.15151,0.03015,0.00000,0.92250,0.10000,0.00000,none
24.59167,50.03543,39.88207,2.62650,-0.10255,-0.00009,0.44865,20.79464,25.00000,25.00000,165.11793,0.50161,0.15148,0.03739,0.00000,0.92125,0.10000,0.00000,none
24.59583,50.03545,39.88258,2.62606,-0.10279,-0.00009,0.53509,20.69431,25.00000,25.00000,165.11742,0.50185,0.15146,0.04459,0.00000,0.92000,0.10000,0.00000,none
24.60000,50.03547,39.88305,2.62562,-0.10304,-0.00009,0.62110,20.59305,25.00000,25.00000,165.11695,0.50209,0.15144,0.05176,0.00000,0.91875,0.10000,0.00000,none
24.60417,50.03549,39.88347,2.62519,-0.10329,-0.00009,0.70669,20.49087,25.00000,25.00000,165.11653,0.50233,0.15142,0.05889,0.00000,0.91750,0.10000,0.00000,none
24.60833,50.03551,39.88384,2.62477,-0.10355,-0.00008,0.79186,20.38780,25.00000,25.00000,165.11616,0.50257,0.15139,0.06599,0.00000,0.91625,0.10000,0.00000,none
24.61250,50.03553,39.88417,2.62435,-0.10381,-0.00008,0.87659,20.28386,25.00000,25.00000,165.11583,0.50281,0.15137,0.07305,0.00000,0.91500,0.10000,0.00000,none
24.61667,50.03555,39.88445,2.62394,-0.10408,-0.00007,0.96089,20.17907,25.00000,25.00000,165.11555,0.50306,0.15135,0.08007,0.00000,0.91375,0.10000,0.00000,none
24.62083,50.03557,39.88469,2.62354,-0.10436,-0.00007,1.04475,20.07344,25.00000,25.00000,165.11531,0.50330,0.15133,0.08706,0.00000,0.91250,0.10000,0.00000,none
24.62500,50.03558,39.88487,2.62314,-0.10465,-0.00006,1.12817,19.96701,25.00000,25.00000,165.11513,0.50355,0.15131,0.09401,0.00000,0.91125,0.10000,0.00000,none
24.62917,50.03560,39.88502,2.62275,-0.10494,-0.00006,1.21114,19.85978,25.00000,25.00000,165.11498,0.50379,0.15128,0.10093,0.00000,0.91000,0.10000,0.00000,none
24.63333,50.03561,39.88511,2.62237,-0.10523,-0.00005,1.29366,19.75179,25.00000,25.00000,165.11489,0.50404,0.15126,0.10781,0.00000,0.90875,0.10000,0.00000,none
24.63750,50.03562,39.88516,2.62199,-0.10554,-0.00004,1.37574,19.64304,25.00000,25.00000,165.11484,0.50428,0.15124,0.11464,0.00000,0.90750,0.10000,0.00000,none
24.64167,50.03563,39.88516,2.62162,-0.10585,-0.00004,1.45736,19.53357,25.00000,25.00000,165.11484,0.50453,0.15122,0.12145,0.00000,0.90625,0.10000,0.00000,none
24.64583,50.03564,39.88512,2.62126,-0.10616,-0.00003,1.53852,19.42338,25.00000,25.00000,165.11488,0.50478,0.15120,0.12821,0.00000,0.90500,0.10000,0.00000,none
24.65000,50.03565,39.88502,2.62091,-0.10649,-0.00002,1.61922,19.31251,25.00000,25.00000,165.11498,0.50502,0.15118,0.13493,0.00000,0.90375,0.10000,0.00000,none
24.65417,50.03565,39.88488,2.62056,-0.10681,-0.00001,1.69945,19.20096,25.00000,25.00000,165.11512,0.50527,0.15115,0.14162,0.00000,0.90250,0.10000,0.00000,none
24.65833,50.03565,39.88470,2.62022,-0.10715,-0.00001,1.77922,19.08876,25.00000,25.00000,165.11530,0.50552,0.15113,0.14827,0.00000,0.90125,0.10000,0.00000,none
24.66250,50.03565,39.88446,2.61989,-0.10749,0.00000,1.85853,18.97593,25.00000,25.00000,165.11554,0.50577,0.15111,0.15488,0.00000,0.90000,0.10000,0.00000,none
24.66667,50.03565,39.88418,2.61956,-0.10784,0.00001,1.93736,18.86248,25.00000,25.00000,165.11582,0.50602,0.15109,0.16145,0.00000,0.89875,0.10000,0.00000,none
24.67083,50.03565,39.88385,2.61924,-0.10819,0.00002,2.01571,18.74844,25.00000,25.00000,165.11615,0.50627,0.15107,0.16798,0.00000,0.89750,0.10000,0.00000,none
24.67500,50.03564,39.88348,2.61893,-0.10855,0.00003,2.09359,18.63381,25.00000,25.00000,165.11652,0.50652,0.15105,0.17447,0.00000,0.89625,0.10000,0.00000,none
24.67917,50.03563,39.88306,2.61863,-0.10892,0.00004,2.17099,18.51863,25.00000,25.00000,165.11694,0.50677,0.15103,0.18092,0.00000,0.89500,0.10000,0.00000,none
24.68333,50.03562,39.88259,2.61833,-0.10929,0.00005,2.24791,18.40291,25.00000,25.00000,165.11741,0.50702,0.15101,0.18733,0.00000,0.89375,0.10000,0.00000,none
24.68750,50.03561,39.88207,2.61804,-0.10966,0.00005,2.32435,18.28667,25.00000,25.00000,165.11793,0.50727,0.15099,0.19370,0.00000,0.89250,0.10000,0.00000,none
24.69167,50.03560,39.88151,2.61776,-0.11005,0.00006,2.40030,18.16992,25.00000,25.00000,165.11849,0.50752,0.15097,0.20003,0.00000,0.89125,0.10000,0.00000,none
24.69583,50.03558,39.88090,2.61749,-0.11044,0.00007,2.47577,18.05269,25.00000,25.00000,165.11910,0.50777,0.15094,0.20631,0.00000,0.89000,0.10000,0.00000,none
24.70000,50.03556,39.88024,2.61722,-0.11083,0.00008,2.55074,17.93498,25.00000,25.00000,165.11976,0.50802,0.15092,0.21256,0.00000,0.88875,0.10000,0.00000,none
24.70417,50.03554,39.87954,2.61696,-0.11123,0.00009,2.62522,17.81683,25.00000,25.00000,165.12046,0.50827,0.15090,0.21877,0.00000,0.88750,0.10000,0.00000,none
24.70833,50.03552,39.87879,2.61671,-0.11164,0.00010,2.69921,17.69824,25.00000,25.00000,165.12121,0.50852,0.15088,0.22493,0.00000,0.88625,0.10000,0.00000,none
24.71250,50.03550,39.87799,2.61646,-0.11205,0.00011,2.77271,17.57923,25.00000,25.00000,165.12201,0.50878,0.15086,0.23106,0.00000,0.88500,0.10000,0.00000,none
24.71667,50.03547,39.87715,2.61623,-0.11247,0.00012,2.84571,17.45982,25.00000,25.00000,165.12285,0.50903,0.15084,0.23714,0.00000,0.88375,0.10000,0.00000,none
24.72083,50.03544,39.87626,2.61600,-0.11289,0.00013,2.91821,17.34002,25.00000,25.00000,165.12374,0.50928,0.15082,0.24318,0.00000,0.88250,0.10000,0.00000,none
24.72500,50.03541,39.87532,2.61578,-0.11332,0.00013,2.99021,17.21986,25.00000,25.00000,165.12468,0.50953,0.15080,0.24918,0.00000,0.88125,0.10000,0.00000,none
24.72917,50.03538,39.87434,2.61556,-0.11375,0.00014,3.06170,17.09934,25.00000,25.00000,165.12566,0.50978,0.15078,0.25514,0.00000,0.88000,0.10000,0.00000,none
24.73333,50.03534,39.87332,2.61536,-0.11419,0.00015,3.13270,16.97849,25.00000,25.00000,165.12668,0.51003,0.15076,0.26106,0.00000,0.87875,0.10000,0.00000,none
24.73750,50.03530,39.87224,2.61516,-0.11464,0.00016,3.20319,16.85732,25.00000,25.00000,165.12776,0.51028,0.15073,0.26693,0.00000,0.87750,0.10000,0.00000,none
24.74167,50.03527,39.87113,2.61497,-0.11509,0.00017,3.27318,16.73584,25.00000,25.00000,165.12887,0.51053,0.15071,0.27276,0.00000,0.87625,0.10000,0.00000,none
24.74583,50.03522,39.86996,2.61478,-0.11554,0.00018,3.34266,16.61408,25.00000,25.00000,165.13004,0.51079,0.15069,0.27855,0.00000,0.87500,0.10000,0.00000,none
24.75000,50.03518,39.86876,2.61461,-0.11600,0.00019,3.41163,16.49205,25.00000,25.00000,165.13124,0.51104,0.15067,0.28430,0.00000,0.87375,0.10000,0.00000,none
24.75417,50.03513,39.86750,2.61444,-0.11647,0.00020,3.48009,16.36975,25.00000,25.00000,165.13250,0.51129,0.15065,0.29001,0.00000,0.87250,0.10000,0.00000,none
24.75833,50.03508,39.86621,2.61428,-0.11694,0.00021,3.54804,16.24722,25.00000,25.00000,165.13379,0.51154,0.15063,0.29567,0.00000,0.87125,0.10000,0.00000,none
24.76250,50.03503,39.86486,2.61412,-0.11742,0.00022,3.61548,16.12445,25.00000,25.00000,165.13514,0.51179,0.15061,0.30129,0.00000,0.87000,0.10000,0.00000,none
24.76667,50.03498,39.86348,2.61398,-0.11790,0.00023,3.68241,16.00148,25.00000,25.00000,165.13652,0.51204,0.15058,0.30687,0.00000,0.86875,0.10000,0.00000,none
24.77083,50.03493,39.86204,2.61384,-0.11838,0.00024,3.74883,15.87830,25.00000,25.00000,165.13796,0.51229,0.15056,0.31240,0.00000,0.86750,0.10000,0.00000,none
24.77500,50.03487,39.86057,2.61371,-0.11887,0.00024,3.81473,15.75494,25.00000,25.00000,165.13943,0.51254,0.15054,0.31789,0.00000,0.86625,0.10000,0.00000,none
24.77917,50.03481,39.85905,2.61359,-0.11937,0.00025,3.88012,15.63141,25.00000,25.00000,165.14095,0.51279,0.15052,0.32334,0.00000,0.86500,0.10000,0.00000,none
24.78333,50.03475,39.85749,2.61348,-0.11987,0.00026,3.94499,15.50773,25.00000,25.00000,165.14251,0.51303,0.15050,0.32875,0.00000,0.86375,0.10000,0.00000,none
24.78750,50.03468,39.85588,2.61337,-0.12037,0.00027,4.00935,15.38390,25.00000,25.00000,165.14412,0.51328,0.15047,0.33411,0.00000,0.86250,0.10000,0.00000,none
24.79167,50.03462,39.85423,2.61327,-0.12088,0.00028,4.07319,15.25995,25.00000,25.00000,165.14577,0.51353,0.15045,0.33943,0.00000,0.86125,0.10000,0.00000,none
24.79583,50.03455,39.85254,2.61318,-0.12140,0.00029,4.13652,15.13588,25.00000,25.00000,165.14746,0.51378,0.15043,0.34471,0.00000,0.86000,0.10000,0.00000,none
24.80000,50.03448,39.85080,2.61310,-0.12191,0.00030,4.19932,15.01171,25.00000,25.00000,165.14920,0.51403,0.15041,0.34994,0.00000,0.85875,0.10000,0.00000,none
24.80417,50.03441,39.84902,2.61302,-0.12244,0.00031,4.26161,14.88745,25.00000,25.00000,165.15098,0.51427,0.15038,0.35513,0.00000,0.85750,0.10000,0.00000,none
24.80833,50.03433,39.84720,2.61296,-0.12296,0.00032,4.32339,14.76312,25.00000,25.00000,165.15280,0.51452,0.15036,0.36028,0.00000,0.85625,0.10000,0.00000,none
24.81250,50.03425,39.84533,2.61290,-0.12349,0.00033,4.38464,14.63873,25.00000,25.00000,165.15467,0.51476,0.15034,0.36539,0.00000,0.85500,0.10000,0.00000,none
24.81667,50.03417,39.84343,2.61285,-0.12403,0.00034,4.44538,14.51428,25.00000,25.00000,165.15657,0.51501,0.15032,0.37045,0.00000,0.85375,0.10000,0.00000,none
24.82083,50.03409,39.84148,2.61280,-0.12457,0.00035,4.50559,14.38980,25.00000,25.00000,165.15852,0.51525,0.15029,0.37547,0.00000,0.85250,0.10000,0.00000,none
24.82500,50.03401,39.83949,2.61277,-0.12511,0.00035,4.56529,14.26530,25.00000,25.00000,165.16051,0.51550,0.15027,0.38044,0.00000,0.85125,0.10000,0.00000,none
24.82917,50.03392,39.83746,2.61274,-0.12566,0.00036,4.62447,14.14078,25.00000,25.00000,165.16254,0.51574,0.15025,0.38537,0.00000,0.85000,0.10000,0.00000,none
24.83333,50.03384,39.83539,2.61272,-0.12621,0.00037,4.68313,14.01626,25.00000,25.00000,165.16461,0.51598,0.15022,0.39026,0.00000,0.84875,0.10000,0.00000,none
24.83750,50.03375,39.83327,2.61271,-0.12676,0.00038,4.74127,13.89176,25.00000,25.00000,165.16673,0.51622,0.15020,0.39511,0.00000,0.84750,0.10000,0.00000,none
24.84167,50.03365,39.83112,2.61270,-0.12732,0.00039,4.79890,13.76727,25.00000,25.00000,165.16888,0.51647,0.15017,0.39991,0.00000,0.84625,0.10000,0.00000,none
24.84583,50.03356,39.82892,2.61271,-0.12789,0.00040,4.85600,13.64283,25.00000,25.00000,165.17108,0.51671,0.15015,0.40467,0.00000,0.84500,0.10000,0.00000,none
24.85000,50.03346,39.82669,2.61272,-0.12845,0.00041,4.91259,13.51842,25.00000,25.00000,165.17331,0.51695,0.15013,0.40938,0.00000,0.84375,0.10000,0.00000,none
24.85417,50.03337,39.82441,2.61274,-0.12902,0.00042,4.96865,13.39408,25.00000,25.00000,165.17559,0.51719,0.15010,0.41405,0.00000,0.84250,0.10000,0.00000,none
24.85833,50.03326,39.82209,2.61277,-0.12960,0.00043,5.02420,13.26980,25.00000,25.00000,165.17791,0.51742,0.15008,0.41868,0.00000,0.84125,0.10000,0.00000,none
24.86250,50.03316,39.81974,2.61280,-0.13017,0.00043,5.07924,13.14561,25.00000,25.00000,165.18026,0.51766,0.15005,0.42327,0.00000,0.84000,0.10000,0.00000,none
24.86667,50.03306,39.81734,2.61285,-0.13075,0.00044,5.13375,13.02150,25.00000,25.00000,165.18266,0.51790,0.15003,0.42781,0.00000,0.83875,0.10000,0.00000,none
24.87083,50.03295,39.81491,2.61290,-0.13134,0.00045,5.18775,12.89749,25.00000,25.00000,165.18509,0.51814,0.15000,0.43231,0.00000,0.83750,0.10000,0.00000,none
24.87500,50.03284,39.81244,2.61296,-0.13192,0.00046,5.24123,12.77360,25.00000,25.00000,165.18756,0.51837,0.14998,0.43677,0.00000,0.83625,0.10000,0.00000,none
24.87917,50.03273,39.80992,2.61303,-0.13251,0.00047,5.29420,12.64982,25.00000,25.00000,165.19008,0.51861,0.14995,0.44118,0.00000,0.83500,0.10000,0.00000,none
24.88333,50.03262,39.80738,2.61310,-0.13311,0.00048,5.34665,12.52618,25.00000,25.00000,165.19262,0.51884,0.14992,0.44555,0.00000,0.83375,0.10000,0.00000,none
24.88750,50.03250,39.80479,2.61319,-0.13370,0.00049,5.39858,12.40268,25.00000,25.00000,165.19521,0.51907,0.14990,0.44988,0.00000,0.83250,0.10000,0.00000,none
24.89167,50.03238,39.80216,2.61328,-0.13430,0.00050,5.45000,12.27933,25.00000,25.00000,165.19784,0.51930,0.14987,0.45417,0.00000,0.83125,0.10000,0.00000,none
24.89583,50.03227,39.79950,2.61338,-0.13490,0.00050,5.50091,12.15614,25.00000,25.00000,165.20050,0.51953,0.14984,0.45841,0.00000,0.83000,0.10000,0.00000,none
24.90000,50.03214,39.79680,2.61348,-0.13551,0.00051,5.55130,12.03312,25.00000,25.00000,165.20320,0.51976,0.14982,0.46261,0.00000,0.82875,0.10000,0.00000,none
24.90417,50.03202,39.79406,2.61360,-0.13612,0.00052,5.60119,11.91028,25.00000,25.00000,165.20594,0.51999,0.14979,0.46677,0.00000,0.82750,0.10000,0.00000,none
24.90833,50.03189,39.79129,2.61372,-0.13673,0.00053,5.65056,11.78763,25.00000,25.00000,165.20871,0.52022,0.14976,0.47088,0.00000,0.82625,0.10000,0.00000,none
24.91250,50.03177,39.78847,2.61385,-0.13734,0.00054,5.69942,11.66518,25.00000,25.00000,165.21153,0.52045,0.14974,0.47495,0.00000,0.82500,0.10000,0.00000,none
24.91667,50.03164,39.78563,2.61399,-0.13796,0.00055,5.74777,11.54293,25.00000,25.00000,165.21437,0.52067,0.14971,0.47898,0.00000,0.82375,0.10000,0.00000,none
24.92083,50.03151,39.78274,2.61414,-0.13858,0.00056,5.79561,11.42090,25.00000,25.00000,165.21726,0.52090,0.14968,0.48297,0.00000,0.82250,0.10000,0.00000,none
24.92500,50.03137,39.77983,2.61429,-0.13920,0.00056,5.84294,11.29909,25.00000,25.00000,165.22017,0.52112,0.14965,0.48691,0.00000,0.82125,0.10000,0.00000,none
24.92917,50.03124,39.77687,2.61446,-0.13982,0.00057,5.88977,11.17751,25.00000,25.00000,165.22313,0.52135,0.14962,0.49081,0.00000,0.82000,0.10000,0.00000,none
24.93333,50.03110,39.77388,2.61463,-0.14045,0.00058,5.93609,11.05618,25.00000,25.00000,165.22612,0.52157,0.14959,0.49467,0.00000,0.81875,0.10000,0.00000,none
24.93750,50.03096,39.77086,2.61480,-0.14107,0.00059,5.98190,10.93509,25.00000,25.00000,165.22914,0.52179,0.14957,0.49849,0.00000,0.81750,0.10000,0.00000,none
24.94167,50.03082,39.76780,2.61499,-0.14170,0.00060,6.02721,10.81426,25.00000,25.00000,165.23220,0.52201,0.14954,0.50227,0.00000,0.81625,0.10000,0.00000,none
24.94583,50.03068,39.76481,2.61518,-0.14232,0.00060,6.07202,10.69344,25.00000,25.00000,165.23519,0.52189,0.14951,0.50600,0.00000,0.81625,0.10000,0.00000,none
24.95000,50.03053,39.76189,2.61536,-0.14291,0.00061,6.11633,10.57262,25.00000,25.00000,165.23811,0.52177,0.14948,0.50969,0.00000,0.81625,0.10000,0.00000,none
24.95417,50.03039,39.75904,2.61554,-0.14349,0.00061,6.16013,10.45181,25.00000,25.00000,165.24096,0.52166,0.14945,0.51334,0.00000,0.81625,0.10000,0.00000,none
24.95833,50.03024,39.75625,2.61572,-0.14405,0.00062,6.20342,10.33102,25.00000,25.00000,165.24375,0.52155,0.14942,0.51695,0.00000,0.81625,0.10000,0.00000,none
24.96250,50.03009,39.75353,2.61590,-0.14460,0.00062,6.24622,10.21027,25.00000,25.00000,165.24647,0.52145,0.14939,0.52052,0.00000,0.81625,0.10000,0.00000,none
24.96667,50.02994,39.75087,2.61607,-0.14513,0.00062,6.28851,10.08954,25.00000,25.00000,165.24913,0.52134,0.14937,0.52404,0.00000,0.81625,0.10000,0.00000,none
24.97083,50.02980,39.74827,2.61625,-0.14564,0.00062,6.33030,9.96886,25.00000,25.00000,165.25173,0.52124,0.14934,0.52752,0.00000,0.81625,0.10000,0.00000,none
24.97500,50.02965,39.74574,2.61642,-0.14614,0.00062,6.37158,9.84822,25.00000,25.00000,165.25426,0.52114,0.14931,0.53097,0.00000,0.81625,0.10000,0.00000,none
24.97917,50.02950,39.74326,2.61659,-0.14663,0.00062,6.41237,9.72764,25.00000,25.00000,165.25674,0.52104,0.14929,0.53436,0.00000,0.81625,0.10000,0.00000,none
24.98333,50.02935,39.74083,2.61676,-0.14710,0.00062,6.45265,9.60711,25.00000,25.00000,165.25917,0.52095,0.14927,0.53772,0.00000,0.81625,0.10000,0.00000,none
24.98750,50.02920,39.73847,2.61693,-0.14756,0.00062,6.49243,9.48665,25.00000,25.00000,165.26153,0.52085,0.14924,0.54104,0.00000,0.81625,0.10000,0.00000,none
24.99167,50.02905,39.73615,2.61710,-0.14800,0.00062,6.53170,9.36626,25.00000,25.00000,165.26385,0.52076,0.14922,0.54431,0.00000,0.81625,0.10000,0.00000,none
24.99583,50.02890,39.73389,2.61727,-0.14843,0.00062,6.57048,9.24594,25.00000,25.00000,165.26611,0.52067,0.14920,0.54754,0.00000,0.81625,0.10000,0.00000,none
25.00000,50.02876,39.73169,2.61743,-0.14885,0.00062,6.60875,9.12571,25.00000,25.00000,165.26831,0.52059,0.14917,0.55073,0.00000,0.81625,0.10000,0.00000,none